{
  "n_samples": 10000000,
  "n_bins": 50,
  "mode": "stream",
  "epochs_trained": 84,
  "best_epoch": 54,
  "best_val_loss": 9.404886327502027e-07,
  "best_val_mae": 0.0003519595193210989,
  "learning_rate": 0.001,
  "batch_size": 256,
  "norm_mean": [
    0.030236704275012016,
    0.03354626148939133,
    0.03362094238400459,
    0.0329175665974617,
    0.031568851321935654,
    0.030073098838329315,
    0.028510553762316704,
    0.026947246864438057,
    0.02541486732661724,
    0.023920636624097824,
    0.022553011775016785,
    0.021229447796940804,
    0.02001507207751274,
    0.018870512023568153,
    0.017762931063771248,
    0.01673790067434311,
    0.015794016420841217,
    0.014892753213644028,
    0.01404331810772419,
    0.013237222097814083,
    0.0125284343957901,
    0.011791039258241653,
    0.01113102026283741,
    0.010540091432631016,
    0.00996722187846899,
    0.009445984847843647,
    0.008925177156925201,
    0.008434188552200794,
    0.007962459698319435,
    0.007535437121987343,
    0.0071446713991463184,
    0.00673575047403574,
    0.006384373642504215,
    0.006067041773349047,
    0.00572886923328042,
    0.005442196503281593,
    0.005168543662875891,
    0.004878847859799862,
    0.004612518474459648,
    0.004412479232996702,
    0.004184338264167309,
    0.003960331901907921,
    0.0037685539573431015,
    0.0035750980023294687,
    0.0033841629046946764,
    0.0032179809641093016,
    0.0030346079729497433,
    0.0027179450262337923,
    0.008808132261037827,
    0.010376828722655773,
    0.010975115932524204,
    0.01125334668904543,
    0.011241103522479534,
    0.011076477356255054,
    0.010752439498901367,
    0.010364827699959278,
    0.009926225990056992,
    0.009413739666342735,
    0.008949070237576962,
    0.008500467985868454,
    0.008059322834014893,
    0.007621018216013908,
    0.0072110723704099655,
    0.00682250689715147,
    0.006455748807638884,
    0.006099303252995014,
    0.005771435797214508,
    0.005472070071846247,
    0.005176089238375425,
    0.0048806872218847275,
    0.004636696074157953,
    0.0043716225773096085,
    0.004143551457673311,
    0.003927760757505894,
    0.0037060705944895744,
    0.0035195471718907356,
    0.003327667945995927,
    0.003146938979625702,
    0.0029775332659482956,
    0.002817348809912801,
    0.0026720664463937283,
    0.002538148546591401,
    0.002397380769252777,
    0.002270393306389451,
    0.0021455849055200815,
    0.0020442232489585876,
    0.0019341394072398543,
    0.001839933916926384,
    0.0017481447430327535,
    0.0016531547298654914,
    0.0015692278975620866,
    0.0014899172820150852,
    0.0014138119295239449,
    0.001333456370048225,
    0.0012635267339646816,
    0.001096643041819334,
    0.0005210963427089155,
    0.0009426589822396636,
    0.0013706204481422901,
    0.0017579164123162627,
    0.0020540007390081882,
    0.002274872502312064,
    0.002396985189989209,
    0.0024673165753483772,
    0.0024567076470702887,
    0.002425213810056448,
    0.0023646033369004726,
    0.0022955439053475857,
    0.002206880133599043,
    0.002124904189258814,
    0.0020318494644016027,
    0.0019495481392368674,
    0.0018594737630337477,
    0.0017764457734301686,
    0.001691281097009778,
    0.0016157453646883368,
    0.0015361710684373975,
    0.0014587652403861284,
    0.0013978342758491635,
    0.0013244065921753645,
    0.001257808180525899,
    0.0011977283284068108,
    0.0011384814279153943,
    0.0010796082206070423,
    0.0010253475047647953,
    0.0009821548592299223,
    0.000930378504563123,
    0.0008801534422673285,
    0.0008403503452427685,
    0.0007894173031672835,
    0.0007612308254465461,
    0.0007184877758845687,
    0.00068211171310395,
    0.0006477788556367159,
    0.0006134322029538453,
    0.000584950263146311,
    0.0005539920530281961,
    0.0005282029742375016,
    0.0005027154693379998,
    0.00047569809248670936,
    0.00044759083539247513,
    0.0004261350550223142,
    0.00039426455623470247,
    0.0003335786168463528,
    0.00021673522132914513,
    0.000353115116013214,
    0.0005020349053665996,
    0.0006514848791994154,
    0.000796163163613528,
    0.0009009551140479743,
    0.0009958388982340693,
    0.0010481115896254778,
    0.0010780624579638243,
    0.001082178670912981,
    0.0010833846172317863,
    0.0010584286646917462,
    0.0010316602420061827,
    0.0010058602783828974,
    0.0009734948398545384,
    0.0009410364436917007,
    0.0009113036212511361,
    0.0008705059299245477,
    0.000840444175992161,
    0.0007991839665919542,
    0.0007665289449505508,
    0.0007390243699774146,
    0.0007067596889100969,
    0.0006713352049700916,
    0.0006468042847700417,
    0.0006178799085319042,
    0.0005873139598406851,
    0.0005611922824755311,
    0.0005327967810444534,
    0.0005114084924571216,
    0.0004871186683885753,
    0.0004677398537751287,
    0.00044125362182967365,
    0.00041696845437400043,
    0.00040135416202247143,
    0.000383239530492574,
    0.0003653788298834115,
    0.0003502295003272593,
    0.0003284903650637716,
    0.00031230325112119317,
    0.0003014610265381634,
    0.00028474608552642167,
    0.00026877468917518854,
    0.0002575286489445716,
    0.00024098431458696723,
    0.00022959003399591893,
    0.00021152720728423446,
    0.00017879523511510342,
    0.00027320481603965163,
    0.0005379139329306781,
    0.0005283726495690644,
    0.00043493343400768936,
    0.0003443316090852022,
    0.00026655523106455803,
    0.00020298559684306383,
    0.00014698808081448078
  ],