{
  "n_samples": 1000000,
  "n_bins": 50,
  "mode": "memory",
  "epochs_trained": 48,
  "best_epoch": 18,
  "best_val_loss": 2.3308300569624407e-06,
  "best_val_mae": 0.0004576861974783242,
  "learning_rate": 0.001,
  "batch_size": 256,
  "norm_mean": [
    0.030102483928203583,
    0.03343197703361511,
    0.03354258835315704,
    0.0328684002161026,
    0.03154017776250839,
    0.030057013034820557,
    0.028502050787210464,
    0.02694268524646759,
    0.02541266940534115,
    0.02391975186765194,
    0.02255280315876007,
    0.021229587495326996,
    0.020015481859445572,
    0.01887095905840397,
    0.017763420939445496,
    0.016738390550017357,
    0.01579420454800129,
    0.014892881736159325,
    0.01404327992349863,
    0.013237104751169682,
    0.012527949176728725,
    0.011790641583502293,
    0.011130399070680141,
    0.010539109818637371,
    0.009966080076992512,
    0.009444419294595718,
    0.008923523128032684,
    0.00843233522027731,
    0.007960544899106026,
    0.0075333029963076115,
    0.00714231189340353,
    0.006733454763889313,
    0.0063819484785199165,
    0.006064483430236578,
    0.005726201925426722,
    0.005439473781734705,
    0.00516563281416893,
    0.004875986836850643,
    0.004609647672623396,
    0.004409367218613625,
    0.004181273747235537,
    0.003957320470362902,
    0.003765417030081153,
    0.0035719273146241903,
    0.003381051355972886,
    0.0032148661557585,
    0.003031538100913167,
    0.002715317066758871,
    0.00876949168741703,
    0.010342574678361416,
    0.010953429155051708,
    0.011244450695812702,
    0.011242353357374668,
    0.011084208264946938,
    0.010763850063085556,
    0.010377767495810986,
    0.009939535520970821,
    0.009427005425095558,
    0.008962007239460945,
    0.008512642234563828,
    0.00807090662419796,
    0.007632121909409761,
    0.007221586536616087,
    0.006832449231296778,
    0.006465206854045391,
    0.006108243018388748,
    0.005779708735644817,
    0.005479828920215368,
    0.005183336790651083,
    0.004887550137937069,
    0.004643017891794443,
    0.004377635195851326,
    0.004149125888943672,
    0.003932932857424021,
    0.0037109889090061188,
    0.0035240231081843376,
    0.0033317855559289455,
    0.0031508002430200577,
    0.002981133759021759,
    0.002820637309923768,
    0.0026751086115837097,
    0.002540906658396125,
    0.0023999414406716824,
    0.0022727688774466515,
    0.0021477960981428623,
    0.002046172274276614,
    0.001935951062478125,
    0.0018415271770209074,
    0.0017495971405878663,
    0.0016544692916795611,
    0.0015704253455623984,
    0.0014909696765244007,
    0.0014146810863167048,
    0.0013342777965590358,
    0.0012642010115087032,
    0.001097288215532899,
    0.0005193910328671336,
    0.0009406764875166118,
    0.0013704148586839437,
    0.0017610815120860934,
    0.00206075725145638,
    0.0022843258921056986,
    0.002408066764473915,
    0.0024788936134427786,
    0.002468319609761238,
    0.002436442533507943,
    0.0023752921260893345,
    0.0023057879880070686,
    0.002216638531535864,
    0.0021341252140700817,
    0.0020406062249094248,
    0.001957834232598543,
    0.0018673635786399245,
    0.0017839071806520224,
    0.0016983827808871865,
    0.0016224948922172189,
    0.0015425952151417732,
    0.0014648408396169543,
    0.0014035783242434263,
    0.0013298633275553584,
    0.001262999139726162,
    0.0012026255717501044,
    0.00114312709774822,
    0.001084013027139008,
    0.001029508770443499,
    0.0009860338177531958,
    0.0009340446558780968,
    0.000883646949660033,
    0.0008436390780843794,
    0.0007925623212940991,
    0.0007641604752279818,
    0.0007212590426206589,
    0.0006847321637906134,
    0.0006502585601992905,
    0.0006157590541988611,
    0.0005871488829143345,
    0.0005560804274864495,
    0.000530129880644381,
    0.0005045531434006989,
    0.0004774182743858546,
    0.00044923333916813135,
    0.00042764891986735165,
    0.00039567556814290583,
    0.0003347401216160506,
    0.00021616053709294647,
    0.00035257285344414413,
    0.0005020183161832392,
    0.0006525093922391534,
    0.0007984638796187937,
    0.0009045056067407131,
    0.0010001698974519968,
    0.00105286855250597,
    0.001082898466847837,
    0.0010869157267734408,
    0.0010878820903599262,
    0.0010627525625750422,
    0.0010357963619753718,
    0.0010098047787323594,
    0.000977235147729516,
    0.0009445930481888354,
    0.000914667674805969,
    0.000873791694175452,
    0.0008435358759015799,
    0.0008021739777177572,
    0.0007693961961194873,
    0.0007417400483973324,
    0.0007093408494256437,
    0.0006738136289641261,
    0.0006491343374364078,
    0.0006201255600899458,
    0.0005894360365346074,
    0.0005632284446619451,
    0.0005347286351025105,
    0.0005132288206368685,
    0.0004888541880063713,
    0.00046938357991166413,
    0.0004428441170603037,
    0.00041847553802654147,
    0.00040278711821883917,
    0.00038457949995063245,
    0.000366660620784387,
    0.000351433438481763,
    0.000329634640365839,
    0.00031339647830463946,
    0.00030249066185206175,
    0.00028570753056555986,
    0.0002697010640986264,
    0.0002584010944701731,
    0.000241823960095644,
    0.00023037979553919286,
    0.00021225729142315686,
    0.00017937611846718937,
    0.00027338590007275343,
    0.000539529777597636,
    0.0005297205061651766,
    0.00043603195808827877,
    0.0003451906086411327,
    0.0002672167611308396,
    0.0002034915378317237,
    0.0001473503652960062
  ],