n_bins,mev_per_bin,shots,mean_confidence,median_confidence,std_confidence,pct_above_99,pct_above_90,min_confidence
10,5.0,21,0.995562,1.0,0.014995,90.48,100.0,0.931694
20,2.5,21,0.949842,0.99982,0.143315,80.95,90.48,0.410893
50,1.0,21,0.983193,0.999999,0.04913,85.71,90.48,0.811169
100,0.5,21,0.986451,1.0,0.060594,95.24,95.24,0.715464
200,0.25,21,0.999844,1.0,0.00028,100.0,100.0,0.999322
