r,a2,a4,a5,a6,sigma
0.15223109810899166,1.2885680685692091,38.98768307256061,2.2998463253397854,1169.4302798865178,0.0018805855091816683
0.10219410621426751,1.1551501399311788,39.707756210431675,1.2328249299473784,254.48660755663977,0.001847799009538315
0.11207948689869957,1.4949800207644317,44.48916200398317,1.1648554423198594,1265.85491277056,0.0018352944074108346
0.14093276441923144,1.029184315764234,42.826646525271165,0.3158028974716545,578.3064910824438,0.001863463988973916
0.12065843545658973,1.586627484600193,49.78487891958058,2.3804944451686314,528.5037716087263,0.0016811124046687063
0.15634813485712473,1.0535278420919023,45.81001734183462,0.09608237857675808,211.6946718052301,0.001866236698538761
0.11812577155410385,1.4554436856825383,50.60710777937441,0.1498357150629528,73.02952151666882,0.002030455860060084
0.26997862953697266,1.531959002911924,47.728516856193195,2.245981140695212,134.68411548081104,0.0015510280549218653
0.261161752179149,1.5173529059526782,46.71755017349362,1.1080961612289646,104.16450112924211,0.001696743197402999
0.1546891831603189,1.8650004820125416,47.35098582075408,0.8055482099012341,675.5571348844225,0.0016569669138186275
0.22835649763783275,1.8152221855394874,59.500032502595396,2.068972319456999,410.6824454805295,0.0018620408373700118
0.2610391578890832,1.9277774139634516,61.000903932944794,1.4488728181749988,793.1970674227113,0.0017562734180014883
0.209910251076214,1.3058875981302098,52.894394756091195,0.7344862398982274,95.7208600508801,0.0017085697735206794
0.19315978242510362,1.0851332060015975,48.417346730642144,1.8552503611693645,209.3559660146207,0.001781441684244034
0.20196830754517253,1.135495678551015,48.55363522913582,2.258753907926857,176.261356285649,0.0017988373944015845
0.14326146762069872,1.4922131677599204,47.159408382132796,1.2905045472357703,401.3171566413816,0.001723239910065052
0.3018901159662275,1.0885959131962117,54.28842333057211,0.9847493183642937,7.416974825937634,0.0019324498943590928
0.10721611131671041,1.071579341473458,47.1570397960852,1.1002781365247358,0.03015668448005348,0.0015820117159665824
0.3904105373112745,1.5829278773124407,47.26842271634221,1.2464396761191938,0.021765390847944936,0.0018481248576610579
0.07256983658022434,1.2849357066630673,48.05888827770039,2.5135041781559786,1.7197433483206161,0.001803167981806753
0.40846234901563894,1.6808368605619157,47.766550407108795,0.28327669175388726,6.681724884440849,0.0018894695269762586
0.15359654256523667,1.2946887641648916,52.8887815994987,1.8033314692372933,84.14373723765735,0.0016268315853636532
0.19808074864066783,1.2136341311242296,45.66633987607227,0.4627905077385553,1225.5867583323898,0.001961368914545579
0.20279233532121127,1.0484904398539594,48.52070166787291,0.8293098352660451,542.3838881639463,0.0019840637647900654
0.2446119440329128,0.45323166792396047,44.39354812034001,0.7155038879594625,586.3853768457432,0.0019839634009088183
0.1581633204235078,1.6711582865785606,48.34491700128447,0.1898726896501349,442.4058025542699,0.0018934416489943327
0.2323785787182577,0.7411208742617438,48.44192457251871,2.1376597896865364,57.8364954465905,0.0016308879199582688
0.12051909709004739,1.3149020094454984,46.57670247842758,1.8347286345254112,165.16741978658501,0.0016731709727786145
0.1288489696705369,0.9859947262721708,54.94047901439665,1.7387290824652686,686.8346126982389,0.001725980220933724
0.2354755961760933,1.0746814452791218,42.42828797831379,1.0806334422819708,228.04950281999274,0.0018816665755703246
0.29574330613982275,0.717699556228382,41.78367381448726,1.1213402295098462,444.2251293257069,0.0018787213759676865
0.12945052239489688,1.641218213322826,37.23073085712809,2.350345763916579,382.12006222407786,0.001877157407813926
0.18148827608514612,1.5729969709911418,46.27545873694592,0.7320076984557787,884.9167625888084,0.0018637286364807375
0.22975681236239334,0.7487923989885532,47.83320197760994,1.6330135092691187,202.65890080829305,0.0016608909353231214
0.15387592582031895,0.7251198215577053,47.88273002635395,1.7424274160016386,150.2898260495191,0.0016815765431270715
0.12305434590851899,0.8218563751901008,44.845598314224205,1.3595489485284342,130.5823571556422,0.001709798551791916
0.1833383884320084,1.8054963162039197,49.1676397260247,1.4028711123583675,535.2374006287225,0.0018355269599887028
0.2826569209058354,1.7207168843786478,54.92980352279968,1.6271475755685556,318.46584269833374,0.001970957077854168
0.33839901061356625,1.3985322025115492,51.82871083480079,2.351295742701066,664.6107737065353,0.001990994889745527
0.0751742995221022,1.7177088502093592,49.83621481062354,0.18568472899497884,59.16424658266082,0.0015894837696277648
0.3384266076367498,0.911247798897707,45.84333428450429,0.03327857567379867,282.70527576582475,0.0018365217785263678
0.26853195369672245,1.1403235808853196,46.551566676742794,0.057401131818871444,730.1834840538621,0.0018864168060901186
0.2880162976175286,1.7157283847386893,50.28327061319504,0.4583800181995562,343.94183350636746,0.0018187875964686187
0.17283998097634262,1.048653549758784,44.77621625620729,2.1613730429952365,871.0228538756758,0.0016710855880282228
0.18815392306853818,1.010250317335652,38.844374398981536,0.27079497133192915,668.3012499688463,0.0016455644650193906
0.2793992827582645,0.7956821223498322,41.08139223992775,1.705256317125965,811.244746280616,0.0016329000336929517
0.2312727206985962,1.4753316356909565,52.408559912441326,0.4044211103013165,66.14351733443131,0.0016541391493659996
0.20234677761303277,1.1970899861500663,45.62281377498236,1.2153197624577532,3.0124145681763146,0.001661381010025747
0.05673800954773835,1.3292124900793798,47.62114248952563,0.7741707934287914,5.863389244792651,0.0017293888172854827
0.09059995326021512,1.694876779379743,50.696224459716674,1.7663220612891295,4.702202252336745,0.0017170579887690134
0.10818751669831136,1.6008414324275229,50.15013965625636,1.7036445679215881,4.048514370280326,0.0017054637469322569
0.16086240883791955,1.681339215058107,50.06925716579705,1.1731210091910644,6.103436407425577,0.0016746531274378171
0.26111373251031506,1.3639322658992523,54.29506452925606,1.6134862403565307,548.7500834329948,0.0017862750820346921
0.15328738318830712,1.164927842419307,47.436820898316256,0.5349997542091057,441.97331409148734,0.0017485525441258924
0.2045862973209831,1.286749845750678,51.05860197890953,0.47781892512989926,284.90057052737814,0.001741865126792422
0.06215455521326587,1.5071552632289822,49.03608359040888,2.2663049618720215,774.1660982593273,0.0019835974579818587
0.03891257964719815,1.6769171582428193,47.30546333774041,0.34984380020837497,393.081388627826,0.0017280071815237489
0.3287733583595756,1.6460308890603115,53.525604501082725,0.33575700613086273,639.7947519211854,0.0017991886838277726
0.3333728886674334,1.7563005190518928,51.68493569302857,0.239939822584292,609.7013885556976,0.0017571155100642906
0.35474358109162407,1.7470148622584345,53.80457906820718,0.25709086403036036,173.26334572261777,0.0017590983334350835
0.08177177282962107,0.9845872055109689,46.85604516657508,1.6536846912842058,718.9512499116717,0.0018485153909446237
0.16718656550684727,1.2675650414893165,48.91761218665084,0.40392669605179027,343.1991301995238,0.001808598189185486
0.20970969807865114,1.51416855564647,47.13102764760434,1.3505379253110148,498.99596195861335,0.0016837166648348677
0.13879355347522854,0.6656436833799764,45.86643805341446,1.2420676470193708,551.2878972055241,0.0019702367187464254
0.13210515385548752,1.9397609398018312,53.38858363933308,1.5381519797457694,80.30124561647678,0.0015457820130048044
0.19722552240685934,1.9748657612296714,53.0194933032757,0.3827233091074608,330.3903528827823,0.0017699806667277837
0.050772163163864174,1.878815942499999,43.86881553996917,1.906097754707075,458.71822445415046,0.0016879330718629587
0.08010334784137535,1.7409714490050276,37.32055702110099,1.3949594109835046,140.6186229704322,0.001743570187107211
0.35508185719382557,1.2292633665057306,56.775565645287934,0.8734660351059867,1092.3892894932237,0.0018847309566371948
0.36839045798880704,0.9544675549489763,56.67708590604316,0.8531698985403088,1039.1446039235966,0.001861418976187676
0.19263999601244974,1.4005417242360467,54.91998686808302,1.6919169111913321,429.41704631817885,0.001926015286034504
0.22548448216526465,1.2357969263980686,52.13279520282458,1.0932154999644796,835.3007883006303,0.0019149014610312467
0.13439025922437475,0.8673679945045107,42.85806324744788,0.1874392486196843,308.6296569234705,0.0016940229690230934
0.24503965384383825,1.660848332736002,58.57779492783489,1.3322988690142223,108.20738409368761,0.0018742698850947848
0.20415315968371922,1.5495105968622342,53.737605685213616,2.594449336872529,123.68904647334244,0.0019892535628766184
0.16464242420007968,1.3436697484261093,54.48993775108749,0.7716823048941588,262.38229628956805,0.0020349168455991383
0.18126791308955886,1.3223679792219956,54.79124242506115,0.9318042384128352,341.88322844818214,0.002027632012096283
0.22735849525747273,1.9396514861192087,53.1341540417046,1.8871696554230422,448.9291879981835,0.001863692347459981
0.11323592301259332,1.9299520161323527,52.5375451437667,0.3113051196627313,565.1095015522317,0.0017244636172121482
0.10314913213442373,1.8352793382870425,54.50038072369683,1.3180280367448562,1032.9222130829476,0.0016111557140267455
0.34085882618032,0.8455424962537321,56.049001077260684,1.8693660124448628,69.05849053594088,0.0015548741283768876
0.11985949140511036,1.623628979545142,44.8443461767903,0.48957705939713175,957.4069080521725,0.0019285228246745793
0.20759050244267682,1.4033159556217463,53.034592925296835,0.15987046451379075,650.7229523437502,0.0019693110183386583
0.0842108584963172,1.4129113571778658,46.08681305665956,0.9658149162972668,483.25600411081416,0.0016487827026627159
0.3416453255099383,1.1800339003849103,51.65149540465229,1.1207875698720795,520.54061906535,0.0018659095843788
0.057074005716390375,1.884499287970641,47.565750168622166,0.6233712720231757,265.22470116118745,0.0016720669507041329
0.128828841537219,0.8482934266308764,51.121871211636346,1.1214725226097535,496.02485236090314,0.0019131233352018483
0.19266797836229388,1.9102890667668841,44.82953452799418,0.3289312694029903,541.0925641012693,0.0015662595615994058
0.2210029735319978,1.6187855050069642,45.65315406303237,1.9044945555692778,192.1593128808337,0.001725192579478644
0.35913776533223407,1.5046242190240902,43.697455942892354,1.140843717389323,477.2972955582348,0.0018385469724490435
0.3450319411648652,1.5254123830165622,44.79104447273237,1.8939976108828152,1050.716739765669,0.0018289754552235473
0.22132153399009535,1.133295547680092,43.55023331750835,0.7693108692838191,108.01159492985121,0.0016788153081173365
0.17620928591823323,1.2343777199312544,47.606732210757265,2.8435981860484523,199.22922122457717,0.0016281162821853812
0.2319614694123897,1.7795914769472265,48.78836685784531,0.03534500205799719,289.37165060675363,0.001729442105559797
0.17927533322140235,1.8671181249127793,43.70208077996523,0.5856496196765655,512.3508599196639,0.0018808217588706455
0.33173413789165007,1.1821834887072242,46.089828924822484,1.1613590235729945,628.7236621057503,0.0018730438397735144
0.12920211884627153,1.2193805109787723,52.445434186411234,0.724821322949693,369.62334228718026,0.0016322557449967412
0.1659200237028352,1.061786365148331,50.27250021915037,1.6650440280463406,390.86271037319085,0.0017788409485579872
0.14172834940368664,0.8627986191696998,46.42746452832324,2.662033253989465,366.5367204111709,0.0019008086271616953
0.14565556057917395,1.4211953588486923,53.185637224886435,0.5036064297007561,210.00838886984192,0.0018960499801184332
0.16457273875556622,1.2538224404817855,51.43375894007406,0.5993533112873911,180.4750736011342,0.0019320523388359249
0.21495205346173582,1.0545183513527772,49.79690794490075,0.34482670569172374,374.56947745386105,0.0019522889990617994
0.24652106989603426,1.2449881575266013,46.13283537182668,0.68337906225007,618.206433900519,0.0018025996351983236
0.18996712378364417,1.2371274744563183,46.29990769949776,0.652474906409036,458.08170244186675,0.001960226191743158
0.12571006851950292,1.1916336472299867,47.71703043700406,0.06364339436424182,182.7527018693033,0.001627193493788458
0.10812425498508366,0.846809651442821,47.41831350287918,0.6813383208570364,273.9622760605645,0.0017156194253211926
0.34256897651562823,1.592715958169409,50.02554927463834,1.4965285201515541,552.9046396241035,0.0017486663839612776
0.09595339380701158,1.0752870591737202,45.35277036987189,0.9680022294141952,617.7706813078894,0.001840634353729268
0.07406430845957629,1.1648345838081589,51.41792258443698,1.066385141270197,530.9354001061581,0.0018553176911355526
0.11763050800313819,1.9227490891323553,50.906419027148104,0.5283130704542855,598.2158377105045,0.0016371685776254987
0.1463788515137825,1.7216364308562377,52.20878091366021,1.377051525337665,317.70353807086104,0.0018639558608935342
0.1017502578470175,0.8965382180552102,49.77180513502773,0.9304886750291869,839.3709053325143,0.0016498908466362806
0.21784127334722758,1.7651884301701173,53.7991610094443,0.6121382540850171,339.60243532655517,0.0018339795637494453
0.19516978925995496,1.3654928407661855,51.1483252536206,1.4801384749294229,336.018329452162,0.0017585050816177293
0.1910213119983957,1.2688902253069165,55.214988344515824,1.3002672154870167,1360.9426578879597,0.0018476456908127121
0.21441243156819983,1.4459920017043115,48.83411412248452,1.1137763213967682,119.47397480589993,0.0017545494576316314
0.16681925760647187,0.7972883379918398,41.865123057044045,0.8669333359447281,96.21991962775398,0.0018486401118390791
0.17842810804244136,1.0131324315656494,43.88350378848341,0.9573328373831691,113.41359378130075,0.001837442519231305
0.16472524805191166,1.1143357592063348,44.52257560665369,1.420772953088097,81.40708085003864,0.0019153500551000063
0.38851849515289505,1.271582785739564,41.590676983414674,0.9145774625326796,60.2025839730714,0.0018314392908336337
0.03342044125133747,1.3697655384255718,47.52017117433703,0.20174160833116125,483.7108272671212,0.0017586024620819547
0.25905953298054013,1.8115587201678214,51.56310817267314,2.092257945364939,405.7438162895943,0.0019309365081616767
0.21908493250473238,1.6511396407236483,56.334894314105725,0.7865318342774753,757.9576959878344,0.0017746991322242212
0.2683396738481422,0.8915533427330045,52.551673257808424,1.8245546217680848,236.11710383915394,0.0018134461093105817
0.37089463877715423,1.0833920786705677,48.507494623276465,0.933947776595763,91.38259282827275,0.0019797353074995443
0.052455517526067745,1.5522944359757835,47.92960579730511,0.34178605379588695,871.3626784708505,0.0015667654832136595
0.09640214762248003,0.89326195400394,45.16038922242069,0.5169791020185442,549.6339483925453,0.0015894258276912424
0.09768382468215196,1.1250371657540943,48.369582325385615,0.7013379710642516,1380.8870844950038,0.00164324961091918
0.12951785924438106,1.278655676516051,45.74154381155701,0.5932904017587476,118.19469869557697,0.0015648348430758322
0.13785626797976616,1.3187254991018755,46.93547636668741,1.4820234563412022,594.1611423039433,0.0018527253491456223
0.29954057775728304,1.6248926373767214,59.4093334503304,1.4946063918507781,564.6844352730687,0.0017915495816874867
0.235766284749747,0.8406397957591636,53.803178596369875,2.375709922652245,579.4745398164729,0.001759844295565589
0.19240588255520635,1.257656413013535,53.965893494600486,1.2919890262427047,378.8136318257807,0.001829041479977514
0.207347687620394,1.2397852271891348,51.79001170964053,0.5177803124823283,27.67994202706041,0.0017227235041814607
0.15175474320857912,0.8524523102930045,48.03747013718965,1.2143493833821652,24.12106756761467,0.0016795827303601116
0.26639657669491906,1.5780271026538388,46.360883971943515,0.740674639894217,907.1630062223905,0.001836816725901868
0.3740106801884908,1.5757645651018797,46.58666004929337,0.4491928503966632,443.98462877292405,0.001932882934868053
0.24904401253078018,1.9790503476784214,48.766974305182316,0.9336801078621442,246.68219229841424,0.0017189911043316763
0.2707726622343893,1.982187995534693,50.46150288956393,0.5933410349659888,400.7003719527105,0.0017387366939120396
0.2019373987037378,1.987301212266318,52.96445558537801,0.7391658845343366,1188.2849460137163,0.0015411254798669135
0.15896086500582254,1.0150069612882953,43.3074237130394,1.6039109808201664,368.8932818025119,0.0016147560527895234
0.1647328678102874,1.6478526475022415,42.62044757254274,1.0474564222397638,748.1987241612444,0.0015727501742687198
0.3387018791477568,1.318903227482089,49.76114349943067,1.4133925611198117,406.69668070632275,0.001797484939523412
0.3023922492209422,1.117576349988698,49.476251606778085,1.2820733023211146,349.89750862176896,0.001502990678980608
0.41759330371939346,0.7366319182876607,49.87819031949911,1.1120897934667213,208.4002415009811,0.001496715371389128
0.21403530664131457,1.630375933190208,49.54317691380814,1.614871289494348,657.8888847979173,0.0014887901674815593
0.09827965292433806,0.8188134411786855,46.53410420107106,0.7044086857183786,214.15871693747528,0.0017398008191339895
0.09762731215541208,1.2175228851610425,49.60632649232592,0.8031449733457425,175.77225884786702,0.0016779347165910051
0.22659855127336545,1.4436982849120972,57.37515033481757,1.8601367557078112,741.5762467275969,0.0017056442733644882
0.24789917473225906,1.1909573130866642,46.694857498252084,0.5105605477056037,384.1728071726239,0.0016814556497582772
0.18230618944120927,1.2848861055591512,52.03511596609956,0.4348154212040344,24.334620981976947,0.0017995239124223871
0.16054344408048854,1.1921581186082768,47.17729205255642,0.8266504508147087,268.3128677058396,0.0020166952876670536
0.12188980671288001,1.1974711214080023,44.48993669421411,1.148112640991781,417.2505285866372,0.002134446672246704
0.11491435185448805,1.1573454166833743,43.09030396829408,0.9907981195221306,653.402044143596,0.0020291985071021045
0.1399284845123977,1.0589944388915458,41.91869654600455,1.8694027995584703,284.08229429331664,0.0017777919072706116
0.2527787798527107,1.2506955689324517,51.19917486671522,0.36154975197776634,337.7860885483537,0.0018460022571830895
0.2627029929911925,0.7581502288944972,48.734998453417155,0.30065107718792017,755.6980904693075,0.0017605822980796449
0.12581332175110216,1.6306777148834615,49.60399339971366,1.4049545872905758,129.94122083090232,0.0017327157628641403
0.2371291826995015,1.5892422693206363,54.38325706526827,1.15576455085551,466.22126840586446,0.001728860267975346
0.4581774600199126,1.7548127668776319,54.48156443023026,0.3649724663524442,186.60734648191638,0.0018037543653001513
0.15485661947248472,1.2608246121560487,49.362266170111916,2.0115540391640536,818.0452619566762,0.0019539077279558947
0.2804812343304639,1.3212197081354329,49.19319974944729,0.4579816102996143,208.77441557438937,0.0015272141930714339
0.2970349336253907,1.2229151473783682,49.28034081725335,0.4713307920767503,212.83826489135527,0.001526708954955742
0.16709285636452165,0.9654242961790914,49.547969730467145,2.3440322797484137,9.596864009822838,0.0019322715626617175
0.11252776534588052,1.4962481995444556,42.21519843367581,1.012995892356934,9.517184692590476,0.0020297029403726495
0.1206916816001724,1.0017405207798127,47.290339718424306,1.1032652815379393,28.405491839978026,0.001904183912198322
0.19556360173642817,1.866183552681223,50.16882436410782,1.2838144601479993,52.89443674779867,0.0016613614244638183
0.29407817302917294,1.861462131413598,56.77411120700481,0.8729531137854353,886.0452111083331,0.0017151438833377431
0.12044754855257332,1.7825874377399433,52.245023423921545,0.9147351511956976,327.1174715391672,0.0019513785390872973
0.1714529930090034,1.8540896730305423,51.002549419034814,0.6390450232218036,271.92034859456845,0.0018605854220341603
0.12803538806715767,1.9367401438978924,50.44146598787175,0.2798330512798702,269.96811631047206,0.0018568232814336826
0.2385351393471924,1.6103692829301606,54.13443907986086,0.5540694315491083,229.41859891996694,0.001685411851119271
0.28270766658272073,0.774307615141525,40.45898557565209,0.6837086976518331,39.708533565557346,0.001913572358189751
0.17423969673674497,1.45848961198644,47.10955961581441,2.361927147890443,19.47306892467317,0.0017867935998665697
0.06836584216752144,1.9555243592575868,46.03841370725898,0.3090742476181852,89.00271502102555,0.0017186457651763955
0.1550418403166947,1.5491625481516527,53.01571053896488,1.2928623181958092,285.62188816984843,0.0016430976408132738
0.06468721503293103,1.436366442200759,41.85266622198156,1.8575940168740468,404.1081028425647,0.0017474855307594017
0.16726755011790995,1.5990360440011744,54.936537356323036,0.5282801155032062,680.0139001411289,0.0018301355312290452
0.2724661023647919,0.8438710518412167,48.26895304827628,2.103093103769019,360.87764896148406,0.0016467645968044232
0.26873452979109536,0.632715063637645,50.627630904185544,1.5684666920595898,897.3616791743899,0.0017645665897312256
0.45488410218237224,1.0692087990687553,48.840934368292444,0.9709841032043016,1017.0604305208873,0.0017675570815772399
0.1058481668015075,1.7704463007672915,43.45470543474136,0.5748611217608526,327.34732630360304,0.0017418646595129402
0.3652368395666415,0.730996043350396,46.09500575755985,1.5841342776491127,343.6765283549707,0.0016073387991608166
0.11655207074821862,1.478088948987843,50.47304859970851,0.5876915394782539,150.12306256111867,0.0018063467920415804
0.1088797334125378,1.4311677850817692,50.149785103085414,0.47636419251480056,204.5956680104419,0.001784171286130739
0.0810601703567606,1.3194375221497967,49.406879690385466,2.2663031110421694,437.67030925698106,0.0016656006233358896
0.0870299554451608,1.3426207826557424,45.9627641154805,0.8624374980292991,104.04149597244529,0.0016494721940205816
0.12677144978841517,1.0697025996756588,48.388968269090434,1.0758448447738083,245.59870663707846,0.001685800207370622
0.16479060815846172,1.0924557609333787,46.584957604453095,0.37002909295224556,762.1337836833494,0.001600011900802775
0.2416789832319841,1.2476168005467076,47.36270511421408,1.2640877868681957,209.87247516080512,0.0018705864803726785
0.34344323299245355,0.9094320635238837,52.35775475436518,0.7381504775544616,164.0672693832443,0.0018066912307519428
0.16814070384609972,1.709059044598058,48.57524113675123,0.5578975132839067,244.48755180270408,0.0018868420831924713
0.33909255549968875,1.437780771598695,41.124714626007815,0.5728360386178719,84.68315715941496,0.0018969794804127981
0.17330363238278776,1.796358601498935,45.550359056511596,0.3949587414775756,1080.9029418708308,0.0015778051845342417
0.17497747819652834,1.7859342384906123,45.62631372123088,0.6383778993129223,668.725823235824,0.0016034069564432312
0.13578605947979897,1.7499761397381401,47.67062211422943,0.6402872090859759,569.4936366067341,0.0016515632927938451
0.291388587581173,1.6304998103772,51.64201768978599,0.8311471708614617,297.1295625117081,0.0019208344750122391
0.3048131716810577,1.0830160233843427,58.322443769170185,1.9245252957888979,827.4241499242771,0.001804450320949383
0.05654141073798234,1.4498990697872363,43.15901350740497,0.20509493018292768,117.33442936543052,0.0018752392529529378
0.11894100301366092,1.237626219901746,49.184269201951814,0.8119139772671988,509.66247995340296,0.0018038218916780746
0.2036338024036931,1.2152918501764072,38.91766013306273,0.6665665275621594,682.1343672091298,0.0017718812828725384
0.22489041823896555,1.1776685113922345,55.34321940674048,0.9452937642852517,331.4515673376363,0.0014341445347528653
0.20697644473564186,1.1313051494911142,44.49635185956786,1.3625191029364863,161.39149874011335,0.0018490554427107032
0.19664396038134496,1.7174705116736888,55.634627824829096,1.2497529849834343,746.036381018998,0.001726287679909962
0.22520232655184458,0.8049790225515991,48.69165973609093,1.5102780017766586,366.429715684999,0.0018840815099717533
0.23084829173762475,1.340142468316584,51.26348820774612,1.4443944293828777,462.62057141728064,0.0019143851295925448
0.0731212931241596,1.7794126986307393,42.3264582178871,0.17493256604227117,405.515093096643,0.001576811192696119
0.13161246672748045,1.9285872996735858,47.79752405869382,0.5525241456875833,126.38040915610361,0.0016059951833018813
0.1573706248799466,1.899177809471566,53.51180518861842,0.9699229946700103,494.4216025757314,0.0017329305911103076
0.20396848438286352,1.9503741940353134,58.7915846609519,1.6457766548209882,758.9205774031165,0.0018277832398851744
0.22569084372712636,1.9312418732688497,53.272236295479345,0.6376565038918437,140.92660964738366,0.0018203885909730858
0.1340692469832461,1.0545623829264161,47.25293846125667,0.9893458492416894,400.70118067745875,0.0017377321966327204
0.1525382915739969,1.5547938072855019,51.0294790222564,0.3606413406647558,160.36111855087256,0.0018028312803759796
0.10633246338814388,1.2911483583218288,48.631507708975924,0.36468215076598137,210.0156352612695,0.0017699185949594963
0.06568706637152653,1.2811423181252046,47.685201371913735,0.5288616874123293,215.57478585064825,0.0016958718960828419
0.045733384546698015,1.5035463741970574,46.21097179924176,2.647812723761034,141.32945008755016,0.001815400145216885
0.06172918728735248,1.7194515909659722,42.88607505491148,0.8702697883903312,89.32396032518051,0.0018150701141281399
0.07994545653369582,1.4408566307874666,50.33848830363751,0.6230972412542957,255.44339340569428,0.0015741735958564919
0.18974115040437534,1.8574218832949179,51.52885769342102,1.8898277196063933,358.64537413571003,0.001902485241260242
0.16565950741702523,1.8913607308098155,50.76575024778719,1.2356217720861993,652.8449607124577,0.0019822451230807176
0.12879719926183827,0.6358501530327175,45.6803022840393,0.8502258635560966,339.6878580405325,0.0018258300826122908
0.10954055939958598,1.292802997618971,47.32966263709395,1.3071665153020393,434.09641021599543,0.0017130742357704214
0.21728821077495344,1.1068164160031826,50.14149901963118,0.6409955820462687,454.1108046509517,0.0018498183572625445
0.1610045076609706,1.5894731978113092,52.239490425595505,1.3364234566015543,319.1791492127849,0.0017569561290516047
0.20439355132575135,0.5453529017079682,44.853466208339086,1.114471752191908,803.7215147422784,0.0018681729102982463
0.09455798548221014,1.9022907975287322,52.714019529259694,1.059259203458654,328.3658193141737,0.0016124151229269384
0.19866056060821907,0.6215839871412537,46.22838776596615,0.9447104975841791,696.1160257705278,0.0019456129066917594
0.16412674572998423,1.4827536857075443,48.678066366279026,2.3657307518275923,500.5684821574604,0.0019270979125740907
0.15948359579846005,1.3991143279123708,46.75033614058748,0.7485424263204699,707.9553978945589,0.0018521820966526097
0.30699549680091043,0.7452983420512551,52.10545373906767,1.4166075994395004,288.4934460795066,0.001766406025614372
0.1260197860058643,1.6218245445764157,53.685432620668486,1.6808774408226617,136.84540688061398,0.0017112556790803762
0.08599646924697833,1.2144893634549236,47.277913324459924,0.8831050855177499,242.65110405570104,0.0017793342893305906
0.14050195939530147,1.8217385895879465,46.04943932797863,0.3528316394589184,829.3329732510157,0.001622524466558511
0.2187437700516192,1.2735883625248736,52.10127052218261,0.6793969301406432,285.0722288408879,0.0019162918894971399
0.2160711939918579,1.5348136775111803,53.17584402388162,1.3438562955839681,459.71207855337815,0.001950741225517049
0.1579790491894426,1.5272545110335143,51.86809453181792,0.8110849531378415,1103.4792846095368,0.0019816254017547556
0.15540195020219108,0.9470853965325376,45.25468035906907,0.9429402120403286,152.54486848866145,0.001563874917646378
0.03318875148061365,1.8224917330496082,46.86313235277344,0.8586722126849943,364.3089188052541,0.0016795945719664802
0.07534478708859445,1.8504757304304027,50.17947377669216,1.3969679956394738,13.020382566982903,0.0016634076061601245
0.05128924885902196,1.8987584687868808,47.21553403658826,0.4396942999953293,6.819062300483903,0.0016340271915354925
0.09874196991376763,1.414818652143206,48.4021504035911,0.22560913377090375,84.28784397157835,0.001848620459599472
0.326854648056095,1.1192913909954778,44.80323085737432,0.25565081781042376,60.879584279437665,0.001820793079545585
0.16587528377087113,1.484659139327276,43.496237877206035,1.7301799772508684,418.65987000132117,0.0017378575453522735
0.17651155175964203,1.580712667841234,40.71456349154534,1.4743925934292403,412.9141089419096,0.0017061448171174574
0.20872416442214564,1.5411404463126683,42.92363867058984,1.1094994654590575,534.6838592266297,0.0017030696062192892
0.10695065050610994,1.7347861188603797,33.201349824576624,1.1612907755421231,142.39250838346,0.0018208777269436841
0.3312352103253986,1.9629648216257722,64.75219732298233,2.583870314115718,950.4043599793864,0.0017849425017031706
0.23291688415289244,1.9420088571384833,64.60051129960276,2.9178504611638245,154.85989552423683,0.001977505076028339
0.2714287833640855,0.6515567173856005,48.84154581694441,1.8365656780371997,29.07822667145454,0.0016462817470434673
0.15422583617197916,0.9091827951889123,47.394472218616464,1.0983774762929865,14.351742068051436,0.0019214149149342841
0.26663069033020126,1.7424608930010832,59.44235034607782,1.4840070589197052,1163.3926017631134,0.001693077986431537
0.14643483710306757,1.9476398942941637,54.732408997400675,1.4593739285546734,145.00593278101456,0.0017266299286597866
0.2008936077829651,0.7110052422507804,51.178546838963975,1.1475825994881232,826.8921028611986,0.001807659890888899
0.19011476955576825,0.8811985532570941,47.919623498104,1.4790207536584232,363.3856953664833,0.0018080170888092571
0.21948745371555786,1.171272995286018,48.882470407639936,0.3868584993968706,804.8717021208199,0.0017910139542815927
0.15597148927897045,1.509828143767246,47.60970728835418,0.11765339560848885,708.6207456978229,0.0018322177300127767
0.26736313030654246,1.7550172099911225,53.515683070790054,0.47930506983143717,85.82996098353843,0.0017071179458147871
0.27202989157269936,1.4361438856198727,54.10650097374225,0.5085016334296488,142.57707934906492,0.001830603460578782
0.24080180827088346,0.9438742387730291,44.223579873112485,0.32426954595077456,158.57689322251267,0.001765319748960209
0.23606358883908013,1.4844623454423387,48.637109891882986,1.2752189641387162,371.8069555275941,0.0018426960048133897
0.23425668376140324,0.6558851810235965,46.65213698912244,0.8150021748583789,503.5550044970679,0.0018048068999428134
0.17407068532544723,1.6231351993290286,51.11947007911123,1.78168730673871,415.0777664517737,0.0019088774632037005
0.10308416932891812,1.1258042677314217,48.48906398954627,0.53067129613569,87.48163253627287,0.0016028717901276927
0.33459484213562685,1.5025387611798315,52.14828332050545,0.2527298947585839,499.27377919922463,0.0019102368636252551
0.0906601732186536,1.1280607485048528,47.80079252455444,1.8652668313024878,291.9600220171443,0.0015937816951186105
0.22187754302313895,1.6187211118707825,52.00378399124419,0.2373471608935961,288.72004590459215,0.001972639157733723
0.17096135147486427,0.5985535311643074,47.63450956706343,2.2186874803891605,927.5229084285555,0.00196557669267317
0.2529496070627882,1.4763240565709377,54.26665067492802,0.5032645447848973,394.204881171386,0.0017248950182766724
0.1824640890960083,1.3663212836250591,41.01622485943315,2.1588891858086425,77.50429667597243,0.0019314786829728843
0.2035461456559038,1.195310602252778,53.11693859984775,0.061415261388849264,1545.4336608390868,0.001562088742505541
0.148554113994036,1.4418633236949299,43.786181063647405,0.018053110656859602,71.19080448333956,0.0016785348679749517
0.11091581150243801,1.3407504752967405,44.97231681501794,0.18509924081781973,132.7670106147567,0.001637830652094818
0.14559346830504513,1.739838568473346,48.38192453764855,0.223446644763832,108.21714489679846,0.001626729870090608
0.19569448106239937,0.6373783752325831,48.632185788234366,0.7204724934003475,560.6522838046168,0.0017674551890389648
0.3443265913153513,1.9199321166438568,49.09295906073416,1.4240036685236088,441.01758332443615,0.0018010242938869155
0.0991825628454367,1.2122735989558862,43.16883273412723,0.4160488008248163,640.9925792501031,0.001883685344544389
0.10262881683615649,1.1748469497175045,45.17640120816353,0.7479883247358152,563.899527002188,0.0019001676343463685
0.09590789757734015,0.7799151416493996,46.2020899580223,0.6183553691932491,1061.4095916154824,0.001960873289218925
0.1577808824352263,1.287934316070529,53.12886165758315,2.5672290433973015,497.9864730471309,0.0020011762893833818
0.35315602852489025,0.9478733553433143,39.52860292038143,0.1567112296559618,231.49318207785404,0.0015247243753162497
0.16559735289995092,1.274822673169351,53.0641500575189,1.040964188813456,835.9534088006214,0.00169471048360468
0.18760501574419192,1.9253267890004393,54.008093670507584,1.406700389918503,329.8966134033092,0.0018688152270118006
0.1556140121379252,1.7977657366625557,55.91769135557881,0.8913584813672444,445.13772661073614,0.0017571699073302333
0.12848980068712632,0.8833112099231559,51.30795834503469,1.0440665435897671,201.86123938516346,0.001826969363072637
0.35339979149597545,1.5650049461510074,46.89180090364611,0.80507089175577,824.5707728306097,0.0016321586834353754
0.33845574895725733,1.752612788070363,45.876369522373125,0.6502506155558385,550.1530061519135,0.0016630231221899578
0.17497789495004348,0.890947066346791,52.609809183317935,1.7422676987209182,437.2097144157435,0.001642638490167501
0.21386399604388534,1.348551328950436,49.3356543785556,0.5601579890649653,201.7608972206823,0.0018837750255026402
0.1644818987232847,1.4763641138901251,50.51172825747612,0.48290085649104864,201.52593257359283,0.0017569963497624532
0.18006862084582942,0.9061960832437002,50.28785179656962,1.3195356856170608,267.71324161255126,0.0016835613061860853
0.48547593367907055,0.7378322245710214,39.08644665451729,0.5989712163343469,304.30263886413815,0.0016493240026859725
0.06997413739802678,1.8259299837058207,44.28359113995742,0.028179864416502443,1148.4519528089825,0.0018339223268568664
0.115835586157885,1.6472764210892576,50.594947188594794,0.0227073905692369,357.61541685410697,0.00182088807533498
0.10573980145959906,1.6731918873808374,45.61003529394251,0.26092230779249187,350.21451988848986,0.001810804172455188
0.2931081977984078,1.382304516817492,51.86616525913009,0.1830008591651505,946.575775654866,0.0017488132227909542
0.08874128523560615,1.5697243711761482,55.696151520727234,2.059905792045292,98.89056483758355,0.0017512080781482994
0.20568181089092374,1.1124891484055968,49.301597238231984,1.4034124764163665,288.52177667893585,0.0018315053882169475
0.1750871033775725,0.7924353733908284,53.63030139229831,1.5768301432132765,866.8516599331431,0.0017530772763017283
0.33024877561130583,1.8523378386074034,61.033221079994966,1.7640186728377336,295.6323191089375,0.0017578967162530743
0.1371472125389204,1.1213080606368755,53.77155084849167,1.4501421745797805,475.95137689309706,0.0016613116927347439
0.19549836818647484,1.089707855747024,43.869346106666754,1.4742534325645777,153.9731491164645,0.0019065327970619996
0.3335596210506162,1.3429451759528381,52.70978260362788,1.5165150363875814,120.86854891952868,0.001692362980369108
0.4135267274072614,1.515480168775921,45.62342279266133,0.7646400240710554,254.5468595075637,0.0016500645673287668
0.1547258349578183,0.9760743917090181,45.72439545095969,1.7598910883647008,29.38247668568931,0.0019840866461759655
0.11393597141479893,0.9585691661287953,47.35784345146421,0.6155706418634252,14.84852129459043,0.0017553274465873774
0.12030915556420173,0.8002303164301761,49.227375126518936,2.926791773144312,17.638573478088617,0.0017803419714872025
0.14071256831387163,1.3389189333538785,46.425068854906456,0.3362607151632429,121.03398862724809,0.0018163079809187855
0.12616741152234576,1.3149495636594812,45.17304515980146,0.4128833524653225,90.34629537208838,0.001770641889712128
0.3466957718205635,0.9102056556759691,53.704882268945035,1.2932088751868627,686.2402174170453,0.0018138460011837057
0.07517414086263022,1.3040286870736468,48.849211866342166,1.2863159608699577,533.3338815993637,0.0016756653432107868
0.0969402808040071,0.6434319866794252,49.81939411890201,0.6515121966776333,606.5491449651824,0.0016079910696475393
0.08092170674648702,1.1774150429694474,46.26136512847177,0.4530898153720525,382.70978317252377,0.0016412523104850883
0.057154537458299744,1.7630106142605655,53.44442823815423,2.411892208043211,303.9367350751828,0.001559018555740132
0.12880882220783146,1.1298505130446892,46.88377606848263,0.3159055983666444,418.52168092242914,0.0018292651757549593
0.25945801167394383,1.2869953838878307,52.38474408762918,1.2157074300759174,508.75636192884775,0.0017299093704908842
0.2485070589926405,1.228822476250336,55.164090825163896,1.5395594629939557,596.6670973757443,0.0018055195603680619
0.12259781616925462,1.5664286967150196,47.28951144122685,1.1642812039780401,657.0463395604476,0.0016898837600263145
0.18399959902133245,0.9519608310459362,45.828885988816566,1.0413929900390204,162.0095334974782,0.0018846995257023446
0.2211139219794682,1.5483927670852438,53.78422800088841,1.8793370892839016,253.79759006679888,0.0017151092969292135
0.16933457561290907,1.429154838127428,49.663499093496846,0.3257208120383277,658.6302815036719,0.0017368272692913176
0.2161248190447449,1.345915442655651,50.279766711983626,1.8290651105112894,201.09097341538794,0.0018769080605675313
0.2366686953117084,0.9840850809185051,53.50530613692893,1.224397937477407,219.34146782630236,0.0018362268655248016
0.10388461480904049,1.1499745841430578,53.48360106697786,2.09290996436729,206.54631237242282,0.0018160144247137818
0.1498643120764675,1.163805970202795,44.6302323572302,0.572147182720165,645.4994268535304,0.0018222027404206102
0.14160972894425264,1.6244792473056546,53.71807687075391,1.341740772932806,217.42029352922933,0.0017045067155766996
0.10552677627449374,1.174515651838019,52.696068863835904,1.7380087435681375,232.47939799070264,0.0017265510865261799
0.2729602969730795,1.688924962249237,47.62853671317401,1.0930593976204852,952.4376915796457,0.0017938654012554264
0.13062631259862964,0.9758859494248568,49.48204998490098,0.8139750876274698,123.70411818909203,0.0016618316501116732
0.13142977765967426,1.7923236048794273,43.90124132529018,1.1375420501522702,1117.4566858962264,0.0018794464626278103
0.06654097424922778,1.7591504990103866,52.99765282512826,1.3564940025617658,300.81443054788366,0.0019256052637590395
0.23703264919108216,1.8787403609324862,52.49131127742325,0.7626396440220863,18.89377896338564,0.0017934996006566313
0.1595532832028276,1.865769532044723,46.34763178503016,0.8768507688081643,15.875268278463848,0.0017672078487577514
0.3714501914009295,0.9459213800997669,55.77615807761124,2.135290582114674,434.0657712632159,0.0018508530926473143
0.2890764740570119,1.188540060897876,57.81449156373739,2.907804372208494,448.40124423063077,0.0019119628230505822
0.27053384431023286,1.5305778256477023,56.13846740129005,0.8082849683167064,411.5650244842446,0.0017658230795938566
0.22594657151710965,1.5551417951321733,55.62312769621638,1.4858881576240857,877.0159780434609,0.0017996867201043065
0.218737153322533,1.3844451217864109,57.26985630036682,1.613036612811163,554.7512177475332,0.0017864650872604338
0.14172371315432464,0.9960323617692719,44.286352966267,0.8257770151629101,200.80223327457273,0.001606713752796651
0.10510642262983864,1.4564350497294296,49.93342029887756,1.3805155824257895,1433.4405090013886,0.0018492998723296753
0.09732544262955606,1.451660961647018,52.902834175263095,1.7664967741474267,448.95592230748196,0.0017907766678804554
0.049340865904899625,1.1170775218946611,44.859959128063565,0.9785776099076705,216.72823755029893,0.0017489814024736696
0.21423302982520473,1.5964992493848023,58.219419708491486,1.9692845697970185,579.2676265780689,0.0015868705660827109
0.24356203650419342,1.668967270806348,50.46852125847876,0.03533992810008873,16.40528577036712,0.002051448774590547
0.24356203650419342,1.668967270806348,50.46852125847876,0.03533992810008873,16.40528577036712,0.002051448774590547
0.20437802108893457,1.0993843026929329,49.10053173836581,1.0968125012629548,469.9829327951958,0.0017479315077866535
0.15676173663491508,0.46083420014650495,43.07188812523688,0.8879568836143032,1112.0555328909597,0.0017024192156559787
0.2827967666998189,1.3594846447879145,50.07113622588805,1.5232661991652845,489.18606689879374,0.0019019721036208966
0.14613567875909197,1.7580169005694684,47.71191136232441,0.48251577402485335,211.01281100137317,0.0018618667697531189
0.1674708063032432,1.383572580384881,52.55925521537238,0.598536048291903,941.9275876231346,0.0016577764013293258
0.21430703321364192,1.0088460882909587,47.19938784186861,1.1764683837972354,113.98797973551243,0.0018162519467268038
0.21792988235137892,1.2039602282723594,50.714239527280625,0.7575521235926493,1031.66128889808,0.0017824284055559807
0.245519290255128,0.7799204027607487,50.47115449728553,0.8615459097331493,318.43575348192655,0.0019032729269284206
0.15863769690630744,1.7618479182208142,47.00717472760911,1.5247634505333387,828.3865321321181,0.0016679712566317975
0.29661218681529644,1.2385097164419552,42.15739010071575,0.8371793170504925,439.67542223018785,0.0015983870680282056
0.2238627062464405,1.6092024618852616,52.79596844497841,0.8073273946649204,686.7496763609145,0.0017785614525282088
0.25276695089214724,1.2987877600356046,52.70804122214058,0.6745218853786165,515.9332825817464,0.001872111869578473
0.2402238229101519,1.3689926543860598,54.98951714218012,1.3152486939091255,458.5701985227418,0.0017609943624513015
0.20799031163659815,1.792650881437166,56.069369242959496,1.3282981486713206,81.32304653292485,0.0018139169850919356
0.10586145051585814,1.673210585172255,51.100989782226264,0.9270747330725935,49.55474188610491,0.001694833117946932
0.14061091760467403,1.379736057593931,51.99194788899526,1.3851002303599256,108.52572622495798,0.0018066284396847142
0.13196490129767263,1.030610967143314,48.61398572871646,0.6877636205193794,277.5506319665518,0.0018073394833610608
0.14930941472637146,0.8090857805312056,48.413455032363316,0.8213480145595294,518.0069734765008,0.001761916412039459
0.1809118999259545,1.4431734635342406,52.299099632683,1.4327519238310535,231.7241518541835,0.0018357368978368712
0.11513295670590425,0.7997175109793132,44.10708507651197,0.9632609881943616,411.20784492763386,0.002107384577637171
0.2351535643282703,1.6958154088286257,54.84618208445525,0.4115677673078403,517.2169795182383,0.001590396614547699
0.2610209445056282,0.7694164046363173,47.65769431420274,1.2461793725614114,472.14150446267286,0.001699431819622637
0.15958690049704688,1.8029108617285576,42.68898076586869,1.2620805297807427,118.28210902080605,0.0019121984326964487
0.17594336872573335,1.7793819375579423,43.44590219532818,1.2104025574722455,323.93320395312514,0.0018456105845560892
0.1875118858218601,0.7127805837838898,38.64452305804412,2.0938525486290636,849.6914783519987,0.0017173020703710965
0.3002660865231235,1.7488708332055931,43.229676271298565,1.1284419872260572,1087.921572422949,0.001860416127371805
0.20391408478253023,1.6991601007874972,42.8649068190953,0.9785240010188215,202.3355747223619,0.001551399927173273
0.06030156128002484,1.1003731609170235,45.14530319653993,1.0412835340367306,377.15724112488556,0.0018827818507811311
0.12674486572313434,1.8213818987220254,47.954488002766965,0.4678833582767721,763.7108481071461,0.0018071435150943855
0.4020936512456963,1.1985226502662434,45.00902159944947,0.18629449482550212,194.13281006015018,0.0018771299844748059
0.4158341871195594,1.339212081325935,49.95248761023458,0.29419104528532836,459.62423802423723,0.001708950165673881
0.26681406971887656,1.2395430191367736,54.02525618542835,1.282748714069824,435.7092551984492,0.0017177056724800963
0.0967123562094721,1.7337354304333326,45.86044731934403,0.288033666673865,190.14249404655254,0.0016624954225845853
0.1688917980078982,1.7304796763932013,41.65252037766064,2.495930713541342,124.63379798651646,0.001927566225724304
0.1177534041423009,0.805868695989373,48.68610713788043,0.42994895916782905,279.02955522399225,0.0017546897530025447
0.23730076107907214,1.348696433074166,43.76365130684028,0.3643807780653374,356.1725001885277,0.0018823097414120968
0.17347496197062628,0.9402442688784811,47.869158681514186,1.6991182676927086,690.8715228337124,0.0017973654386473172
0.17970804258930756,0.9732278992599519,42.74997836236595,0.5929666299959695,505.867034332074,0.0020986919971341784
0.16076369095798868,1.0435244024618107,43.54228892325754,1.3172771764875146,329.9962069524754,0.00191498502945848
0.20316329004593056,1.141045380375944,46.7535991188269,1.5668902161383835,318.28717401704193,0.0018514924113792464
0.22728051293727447,1.0557106328779358,46.44928428650341,1.8850663771425675,295.7259317566352,0.0018778051376836973
0.1935202945125358,1.1179117097874158,53.994550734998256,1.0145133155163102,940.9450505884292,0.0016553794038358348
0.09716428119103632,1.8146553507149992,47.51026089279375,0.6828574126717429,139.41330164642113,0.0017364244285932133
0.0859065767576267,1.9023013999018756,55.40849529232797,1.348581683377072,137.25566636584205,0.0017320231384897744
0.0681176173821791,1.5585950823174446,53.37791145208142,1.903279977031329,76.57129676354259,0.0015242136574426088
0.07405642891212094,1.2708474402372587,47.84494391036733,1.1166367926796725,86.66993628396352,0.0015486808887048512
0.11451180316572865,0.9354471946762999,46.501074134962536,1.268264144738259,359.41017382212533,0.0015372160187757842
0.31831444959367616,1.4929034165217239,52.69627285206319,0.8138376679271592,543.3080088223331,0.0017239432050458734
0.2052013411682514,1.4278495194272705,60.29545826496548,2.253019015884247,520.7073439708028,0.0017575701354848685
0.25311695012814933,1.44966400865544,53.762536303494336,1.0071898843395692,441.0994703275504,0.0018408915350631079
0.25557474165263566,1.5761781734212068,55.710972559569235,0.8026380004138854,254.3995904156278,0.0018382712454916208
0.09466160199407213,1.1132758122479418,46.4721795539194,0.14862407831937058,439.8154525921168,0.0016578661851977079
0.16002705986224974,1.6148416901517129,53.32150630893342,1.5931087538307196,397.7239329279832,0.0019825646785015254
0.24030178185179582,1.7100233320792202,59.69625695297217,1.4257267552829584,107.39086790725521,0.001732479752433288
0.20963778590390109,1.9321407024933512,51.034882861171766,0.28171781964746345,1028.5547420766363,0.0017532401460231635
0.22364272978759347,1.888154076867901,50.71901660722919,0.17784362030184062,86.92449341927826,0.0019053468299308205
0.2610426759345415,1.8929569740569474,50.51212108218432,0.17660711197155335,73.64411213639332,0.0018873011110460576
0.1997168979279089,1.7489425226556727,56.952715770928,1.7849471070389253,1136.6678262106884,0.001802307761660416
0.20077853504582305,1.7061382716214242,56.13296342843363,1.723729739658215,872.8124038577926,0.0018249295509467115
0.27348390389976274,1.3413868846393873,56.680179308293596,0.6119583199801706,735.2086591363637,0.002050184951125924
0.20627013696908833,1.4456888033033717,48.57642898653878,1.6649541015154536,415.54291812080544,0.0018409625996625165
0.21519807846472858,1.356218012408432,51.46302603953738,1.0190327947162243,483.7165333298211,0.0017059855485924023
0.2212579356496275,1.1108107573737802,52.04833758779529,0.749305661911488,540.4934525617381,0.0017926483517911713
0.07876937252903181,1.4932951574678435,53.44246749769798,1.5516709233453116,451.5876319375027,0.0016632434165923245
0.3803065510143702,1.0027042587927433,46.56852141014078,0.7254797874721468,563.7277800586369,0.0018941824469686933
0.1737948578392987,1.2620870533380557,53.92531706525122,1.3600072512393466,458.4281113750408,0.0019514535965974688
0.2121397570492233,1.324283629878002,52.45928841009985,1.3833367893578514,585.2886486813852,0.001863641401823306
0.21699829413748262,1.3547691764786727,48.75490718528764,1.1595367381162232,779.3051715440953,0.0016954866901995546
0.20991466641586345,1.3362638128347766,50.329080984515514,0.881118863571232,474.88669792398804,0.001654268433336552
0.39674779943089966,0.827869477892026,47.10498430337203,0.9705916163853756,622.8369419726572,0.0017464764590784192
0.09710963717254753,1.577877786801091,42.85488378186299,1.1011975353543662,497.36399892521274,0.0018243152033733667
0.1204970212729827,0.9716963796514249,50.13532091025779,1.7329880680596441,340.037185159919,0.0018305482208078668
0.26765892793886964,1.425248572915285,46.45047502300701,0.4876330156595396,809.5868074788814,0.0018515315050702018
0.2235857498933016,0.8248793446430792,43.627128981819,0.22302424993628361,432.00664193135657,0.001887051954672145
0.19561496599636058,1.2713648125115984,47.322845299725095,1.3244864811575219,46.8288988097162,0.0016932542897020214
0.3074751558189031,0.7879227263825336,51.14432656842089,1.0372770402290332,138.66796055341422,0.0016100328731077067
0.1052511386353049,1.5110371141909897,48.34892613840586,1.084277102279751,192.10524272622632,0.0018942451570963883
0.09585977010451029,1.694900582493546,55.453287549976295,1.8943959480276655,67.56550081414409,0.0016782800887266546
0.09013374143225598,1.8705090131233522,53.92703684858654,1.3285035962126892,804.3639185985124,0.0015302386224550569
0.07879792079422608,1.7882408039602773,53.088239087391074,0.8082902131821491,442.9413225825076,0.0015270551619373858
0.1850422996103809,1.3646326061955423,45.334135743846566,1.8884521267385692,757.1891532777829,0.001971029552684242
0.14875593002712376,1.5141589716710273,43.94616455844768,0.4780199825408209,242.18088427947814,0.0016819074150363558
0.09339280068403358,1.6267369879979923,47.20731980829049,2.1748039560294496,332.54993623235316,0.0017856175306117327
0.160652980139488,0.9963813649929312,49.70153437139271,0.3901814131811535,582.7444672541167,0.0017507465574972858
0.30090031572141607,1.6035781913836205,53.009180780997006,0.2500473948534452,895.9906231337303,0.0017347317090085981
0.12613733109969547,1.1498329278867996,54.728467485370736,2.7937947238608225,217.08793720887707,0.0018055661402629245
0.18996495171567748,0.8750304090868647,55.0736542979937,1.7147476547030258,184.63271372171977,0.0017963766120584683
0.2259434053393313,1.3665039117960487,38.39179773258957,0.5844480632548653,918.1044331536134,0.0017781759128366085
0.3167621063705563,0.7875404863930806,40.23337603866948,0.512016805306751,717.4055981814055,0.0017348030988893893
0.31200326646327664,0.6852355265782276,39.0501889475522,0.45318409060020987,812.6314820472511,0.0017641431168077596
0.19906006537351356,1.2195898688670694,49.906145685938824,2.2901887178284266,333.3794306697091,0.0018213626792562341
0.10422655622465385,1.6958272554787617,52.28273537217571,0.524186785734742,881.0533577943713,0.0019087927406500717
0.058290081559431633,1.7504285311392769,41.66193206626667,0.12784711395362097,188.03870413767123,0.0019906615673438944
0.4037060541592329,0.9638308949731542,51.11130838660815,0.6690706245212983,499.3148030689733,0.0016041206437581697
0.0850660483641545,1.3300477136295654,47.868840278004555,1.112994750665696,885.0640701993804,0.0018876056589871915
0.1023505721657892,1.5265643703433343,47.044935767035575,0.6853868002601576,420.97171011440264,0.0018440861384756977
0.14415364547657813,1.8982821777981247,52.24520830751461,1.2686600746483805,334.05173301955597,0.0017422970221967129
0.14305807529250286,1.9237668677787032,42.09046998223283,0.1859056063867942,547.4094886030659,0.0019573002154070307
0.10419626788767598,1.661418082322398,52.7724361276949,0.23751406158140495,485.6993099101565,0.0015828852370280426
0.2499823364151927,0.9886445010702772,46.794603094481126,2.6644664020131774,527.711770997474,0.0015822928873164542
0.13102180485609344,1.2300843717851668,52.556060616967464,1.0860133832480068,389.71853596088226,0.001529096950034426
0.2634459250284619,1.6710528251511516,45.76521929806743,1.118085135889897,882.8454380798438,0.0016257739269100087
0.16893638839068179,1.2773595325763636,50.777579393907125,0.8048538733702599,209.99305197072013,0.0016487183155030416
0.36736717051191375,1.4665660872544501,55.23579312321232,1.6808488009540539,434.3540952070277,0.0016874154964503845
0.07743694153070815,1.7953187850965324,43.67745200079803,0.8121888961481966,394.666976782571,0.0018588412234504998
0.12697650035386848,0.9826901414454116,42.79127410621396,1.1633616180650288,920.7949717143066,0.0018950002255894236
0.15230626182269263,0.916920216248861,42.47900683312938,0.8852465632434064,628.6724815811901,0.0019990443309146192
0.18865961564220637,1.5579124564863587,56.79227973685318,1.3143374674462094,462.12317778372403,0.0015203227626239102
0.1472081069735651,1.8886759925669874,55.222200950913404,1.4172244857149048,712.771444049486,0.001717818856779294
0.18069402357601927,1.5075725419555928,54.23024563624217,1.0990180094184,171.56552789846782,0.0017905384606978004
0.20424033750066165,0.7701873613736625,44.728293307548135,0.1637925866550712,958.9758664429104,0.0020360881468147875
0.34326458383446534,1.5583807161946972,50.02871416402228,0.09211537428655187,214.91234219323331,0.0016437697519377324
0.2621635110930217,1.3380454979479477,49.479252417147954,0.09640990732206374,264.48901463827644,0.001649399675975522
0.1257399684728925,1.0443524213153224,47.4919214891797,1.5075275909355361,356.2773754387229,0.0018414256690717703
0.2673566882038337,1.1741051142339451,48.05184493200679,0.14349688494245544,165.80515909387228,0.0017976848596219172
0.28025794202018034,0.7489468973120341,42.61166487038923,0.960810795882437,1289.6134925424406,0.0019637648434817404
0.2572327346215632,0.7007373135746523,41.48618740460569,1.0041076466940695,829.6012330964016,0.00192966809698009
0.17024471222992055,1.9789594810051667,51.88031133019611,0.4053159170312807,109.99954498918217,0.001640531767286278
0.23911000756325393,1.9262918628023737,50.50773131414072,0.02251016571038644,1118.4922333961654,0.0018767098782376532
0.16921565786952822,1.522796486601569,47.94994168993665,0.034920549677360836,142.65000408619412,0.0017697172614570917
0.2125509352021791,0.9716241666362102,50.02206917518159,2.9710045837741967,8.182228920616344,0.0017975405592329154
0.25733916417929564,0.8895547483969527,49.425719547574445,0.23572986207588423,28.176410932646846,0.0016856857984762076
0.11919807214264887,1.6831574116147492,52.618605465383276,2.182441663588007,97.69784892279316,0.0018312488476181774
0.12779412667322165,1.6702263151467531,52.54812104266546,1.516685188029075,144.35535200963244,0.0018213618236666627
0.11731848724036811,1.6767751830918822,54.19737109044886,1.579119201664724,207.06498708430792,0.0018381467884443833
0.2456407056782498,1.4327983784809823,58.59533901059354,1.4149323355383754,712.4446130500341,0.0017755954163810631
0.237971333694652,1.3062920209986646,56.57627736743036,1.4548256925703098,471.19134967885134,0.0016142828030490043
0.21243582069116174,1.5931300643647948,48.313380452387435,0.6320175608377527,708.8162634740321,0.0017224799925896219
0.16292684650489514,1.560992603297719,47.74021120610069,0.8106167516383793,655.6569892724177,0.0015899866700314932
0.2844140603500066,0.6639403098080578,48.084313246572385,1.005855983003449,275.4573613721248,0.0019228126892350153
0.17671483411130195,1.0791447028095402,48.07266362669913,1.9042910536482418,740.7975559691919,0.001776580733805065
0.09345591950778435,1.1184977555911415,49.265107699372884,0.7555613225007152,343.6420999842692,0.001889378993509883
0.2521695765708164,1.622699165822613,61.00768214760855,3.1632994198357904,583.3952509058958,0.0019408167586654585
0.29159059297245765,0.6941775764977002,42.20674349416461,2.051031450584719,816.6848892327133,0.0018331058151195502
0.23674249838480982,0.9786723142637271,43.60064166593364,0.8720530865325591,241.51062056347433,0.0018123169359838699
0.30198935542835104,1.0606160599738748,56.966038525024736,1.2199387509218667,1065.3927822864716,0.0017084024323802778
0.4187403410325129,1.221053174813848,55.807331676022685,1.3162437406465282,774.1087840081476,0.0017240189058199504
0.06756891126444756,1.5729608805615334,42.57518221410619,1.7654972428617584,560.6430764811877,0.001903180191923015
0.08087735722899174,1.1178988648132668,44.78154781974429,0.8607578635535956,666.3735277974534,0.0017995774996230017
0.08480665587409361,1.139458283826396,45.41239797950185,0.9188008396994525,621.9269984059453,0.0017981171724993038
0.194631887962339,1.2655989143615578,50.35993376780405,0.8856712842294742,372.28639100540795,0.0019229133416540844
0.36375352151811907,1.0870967753512568,54.33156486053838,0.7848725852799598,408.0221267843161,0.0018833303220114216
0.05742760981870672,1.5859840356727635,48.577486341666585,1.1492180116305917,532.4004595818225,0.0015779725719102617
0.08101037611692533,1.7134649152432564,49.90485583454949,0.36838564980178257,144.22529524769536,0.0015998283084041403
0.1443363934139508,1.2190825264109406,44.93768427060031,0.8962849701935737,221.17314575180478,0.0019451805544740926
0.13656730945316514,1.4243819319940814,53.89125803369097,0.44149265520325376,888.5757240864501,0.0016416207640229297
0.14737940306631397,1.3255928225211262,52.06187825997388,0.43496351255779575,535.1259401455609,0.0016351007907172005
0.28444248950535306,1.4532621330685167,52.677551397193064,2.0529387551470175,397.3186033511382,0.001657942071364721
0.24423229917991013,1.172689599260309,48.24198425236861,0.5003681089111909,636.4652724956827,0.0016413600319148192
0.28383752625465425,1.150027635603107,52.6577487012657,0.6624409118893719,700.4680728377627,0.0017263677181075536
0.14896600613406338,1.688058059158891,41.65118997515492,1.3006518308925248,49.199718573300764,0.0017383534904543397
0.06794377749441333,1.6830784135678785,40.97875607861056,1.0171432180453475,338.9403745244634,0.0018455530680101346
0.05017964873285573,1.3019666466407973,52.72226162556443,1.4395226171313096,844.8189897129741,0.0018552850441862397
0.37264585476123896,0.7973079335279236,46.74760027658639,1.0779478628355204,140.85874721432438,0.0017134046437039235
0.0576703913208551,1.835723499927668,51.73697528250526,1.0047285968507969,317.8910955623695,0.0018744165329707867
0.1747872378198212,1.2520618081487138,50.6725254347053,1.1086313937317913,441.120420719087,0.0018775795138300728
0.23862887387527087,0.7700496221825143,49.268363395702714,1.5793168021674178,582.7994860315703,0.0019237463643564266
0.15176120825478526,1.5905715838937475,49.151036095706445,1.739901560733174,691.5213467850148,0.0016364525341857558
0.1515128842657341,1.7275020171401014,49.349105141276105,1.4398884613107727,621.3642102676163,0.0015829758399995293
0.04758052775893124,1.299598864323776,49.03254043333164,0.3344909211110873,603.9019490732954,0.0018751626504411988
0.4272450260311199,1.122928501062489,44.68297956177086,0.6352000919856603,449.90558399171226,0.0016653385360347402
0.23072280293626798,1.4161628490770883,42.92115054792317,0.1928023050667554,99.8494882163032,0.001718969496631206
0.16687099401613706,1.189738202320252,47.85026531075067,0.2865800671789143,1254.8040559788756,0.0019049267531593504
0.22876086330925421,1.5215278585399945,47.5060806015942,2.098209097291606,95.38319562496791,0.0016438797589099522
0.21055847164586042,0.885409226673392,39.340401364540696,0.19432396623444922,168.43375141350512,0.0018330594445340805
0.19064388950704111,1.0258535934344788,43.94992938023448,3.0274888174131633,339.4999707562788,0.0018352953851655022
0.17154253241159384,0.948834084947294,44.54552768036802,0.36925151355064756,438.1409093548221,0.001709459254329371
0.1520752459004035,0.98680917638505,44.233209995381564,0.23186914006144863,535.8648692947387,0.0017820522907164627
0.16929796545293596,1.0144929827258171,45.451692632753335,0.3293726989971997,510.41316448573286,0.0017780369018840054
0.17282690183928984,0.9645954246464462,46.395893971593864,0.3012759746632827,538.5339810403692,0.0017515576904870785
0.15647217159661092,1.0852238490084254,52.03301859660435,0.4469273647421378,753.4323605940567,0.0017066931831796021
0.21952519509783713,1.4806861807407226,41.60957417306991,0.9916213259649853,210.45972960444703,0.0018087691385480272
0.07886822768568821,1.799708242668538,52.078143159795005,1.7237155135121716,195.7561378773973,0.0016677701803908059
0.2715492137778813,0.9138644602712848,48.646834185145316,0.3488887053948336,344.49795848706566,0.0017822379902134244
0.2557451096547922,1.7298487576044093,48.53680122435682,0.13414675163877252,846.0537709782828,0.0018078221528112469
0.16672807878805582,1.5573496822028923,46.27975465415127,0.12091931823137538,468.3712730994708,0.0016634241454775876
0.2782078664824169,1.7096801039507634,45.49104123593014,0.15190247647499952,1050.3566820703911,0.0017332402297541012
0.17821732541257176,0.8000679128048404,49.36530510776246,2.5377945803010586,157.91407519222886,0.0018312879045123106
0.21347321257043075,1.8672367048563565,53.61898233229329,0.07717496741496921,928.0613444811286,0.0018623140752361742
0.16086216537478307,1.8161565184490942,48.003181501836366,0.01721227957587525,784.0529416674023,0.0017934240599483692
0.26169337524095315,0.9430254993307273,48.43422131468185,0.04166911848404961,501.7420875051683,0.0017740338916657503
0.2348577937179151,1.2313481041228345,47.46462536012725,0.0437803685474105,445.1619446167139,0.0017670133429774635
0.18656852232873639,1.3756121923303914,51.91901794162633,2.168918223781805,640.7599242333885,0.0017864419942882571
0.19738231051090577,0.9848500616201935,53.219510505519494,1.6079020919721887,466.0642626688572,0.0018086803240878965
0.23410746643058922,1.3629257511223505,49.50429502636666,0.3361360318530329,188.8420191280353,0.0018734450705020012
0.23624131143106214,0.752711719615682,46.794868254515436,2.446140122008858,373.3384613094954,0.002020077480917705
0.09679499313150598,1.655977524446303,48.2502510189386,0.7488366515998628,294.98173336344666,0.0017856936119204842
0.3116082195658388,1.0039286934455798,52.269421006888386,1.6477751595065064,853.7854420844702,0.0017553921041921067
0.20453039845917248,1.623141155427813,54.178468698286316,1.458197703200875,1545.2247643600465,0.0017198742896657483
0.24647029870585715,1.7369919067519866,48.53370862762148,0.5172751378112158,52.503516196229874,0.001965541221804113
0.2926428784820701,1.6441111807717448,46.62227363409926,0.4796253649135025,50.211779607847724,0.002044751415681084
0.2675143223724596,1.656334080989815,47.13659234218552,0.38739706044443456,65.2464537371469,0.001996645436021875
0.29805132102661785,1.823416200812584,47.423949048711094,0.16227902317282633,139.1556840461883,0.0018773157120186004
0.11942317114702422,0.9441168651942121,49.88825503201307,2.5508244761542676,57.71095452009588,0.0016977153428220418
0.20729457187488953,1.102019779364903,41.873276885808096,0.3985226179980364,283.50555874840074,0.0019146149148019423
0.21376337438936785,0.6518356521053537,41.640474764726406,1.113585450168204,986.428605334247,0.002013596277685838
0.21843755839078297,0.7105130940734752,40.93415250973238,2.099938427510983,1091.356923621904,0.0019621609026771567
0.1787604247113246,1.4067147063366916,49.97379818639554,0.7271584534794223,525.4727940992191,0.0019491534073639157
0.2102425692653913,0.9931857972815054,46.730371694769545,1.37572693023994,295.40939388421697,0.0016732994513935775
0.18175956956040684,0.7012964967289701,50.012822236096696,1.1391753430850764,73.41186286823411,0.0016508598897624182
0.20424457944418295,1.9519479361969612,56.88184024103904,1.1132772678960936,65.22506472384904,0.0019115205164047916
0.19888896120821184,1.9850096773970716,52.81472895425637,0.9312954652425787,50.469873816477495,0.001960589387918135
0.17610406900235456,1.946064267353129,49.78007087354942,1.9876388191121654,73.18328199767511,0.0020509688461303496
0.313680372570619,1.982833693550133,47.62513598075441,0.4883171115991203,214.45812168591354,0.0019753107778916496
0.3586204275894177,1.9659473761410984,40.87056928025065,0.06504039643181293,34.32143828946656,0.001760006747596348
0.0996447842516372,1.9755348917989972,49.05561979427723,1.9113733738258665,33.732164463970534,0.0017665563687883049
0.2985899118393435,1.7075627405948424,51.283750318747906,1.5622774250020435,830.4302410763135,0.0016650963616499557
0.3509132062244611,1.041287405323863,37.285192995479605,0.24888737949905332,220.5473231948405,0.001762621997044836
0.24661709198118348,1.2073581564829923,47.0577095440412,3.243499216670385,324.2244401922189,0.00186102246876798
0.15454107022710645,1.8752294844268256,44.825760914762355,0.34750338865716274,519.2049883716819,0.0017355291822449377
0.1296753540187953,1.9040093324220568,52.414588622102784,0.19599076364111678,330.566255829637,0.0016915313578267672
0.21087166174694552,1.924491330942564,46.63671752178153,0.15514713814212383,100.02149991985132,0.0016702906631430158
0.24358259686305583,1.9440815573086854,46.42132326357028,0.28037259964819256,407.16389670078536,0.0018443949529095638
0.26533844148324653,1.9646510663060341,50.799311472351405,1.3137224378039425,568.9303232620458,0.0017939952566152673
0.1806437575502699,1.9429218493980145,48.0771796566873,3.0244142509472636,532.1151171475175,0.0017908584290374677
0.17437930058145693,1.9294388879003521,47.195632066104984,2.2156674062798407,735.6141201225297,0.0017943663904574714
0.20663027063471898,1.946393904707559,54.09388337755576,1.7031747964648936,947.429757532802,0.0016016846874141923
0.1670319793576502,1.755187652515579,46.410415702500785,0.6702877572582245,532.5478500114829,0.001443055101045135
0.3064550903157079,1.3258055902885002,60.08998726044085,1.9944263557053834,425.7797230442253,0.001965977526086801
0.17304767660792386,1.8471412294332081,54.76938015262623,2.5047024699777563,658.7439968689399,0.0016163649157148576
0.2936909452408272,1.5820612580432243,53.277981624875814,1.0242691975722031,378.02649377391447,0.0016762595722491615
0.16344807496487887,1.1491114986175854,49.839790011633,1.2925989184178381,103.79213149675222,0.0016334219717796157
0.16780591649569676,1.1516821147483909,46.99162125546186,0.8370752497323671,260.41998346716025,0.0019444196581711868
0.16873606846387143,1.3243571653474273,44.27567999983051,0.664394948648937,238.47626054536954,0.002014093798394222
0.2169935283944005,0.8419438654244266,43.51410786451167,0.24376747929795892,264.0079978241218,0.0018654737427744746
0.20173317824110829,1.3555178835419572,46.68053444785031,0.2704146528103151,1230.7233305127957,0.0016102908244829519
0.19229961686527094,1.645242597071529,49.73600086604953,0.4391756260173551,664.1825124453821,0.0016021272474574689
0.19316636342608118,1.9499350095012724,47.826555782256065,0.13680140042439679,352.5353581119121,0.0017241435286908685
0.09611912922531386,1.855296385438178,50.107943089186406,0.49454080916222043,419.1181354583237,0.0016954484036926752
0.15966009807303902,1.4542659449333288,50.675003458655404,0.8915353143846361,1254.2072030958523,0.001836532706378871
0.21878674411079635,1.1530455874846028,51.943071113250646,1.2034860759629995,115.28753787070126,0.0016769230252320863
0.23927165261439487,1.1635019496228922,52.84844346603621,0.690465091885598,77.64517024862035,0.0017387183715375162
0.1520804105187015,1.3446910827616096,51.51348783056653,0.6139096449523611,119.26621371900923,0.0016765241123028627
0.3740548573079583,0.7218759839399281,41.44524230666484,0.6727113461249158,1102.5159659871274,0.0017245195695237228
0.1062302881683851,1.4548567107220378,50.21741346337939,1.3409830029817273,148.98411023636146,0.0016354352659887269
0.3342442458499014,0.9599261241454784,53.555856648460605,1.3940291220636651,134.44092394600423,0.0015467115473453536
0.2720084714766886,1.676523418760268,52.76932269800521,0.9691969622709858,368.5600009245048,0.001539210619000536
0.23629000965302013,1.7097664903373913,54.5846435927171,1.410908627440847,883.2804626470777,0.0015257001923823315
0.19590067239140083,1.6230017127427834,48.473302258162626,0.0762538614866299,102.55289325180225,0.0016357147041130163
0.08947464507119482,1.611479017526177,47.47294944928915,0.4258659769969002,900.5136677096808,0.0019138943121765394
0.23841449556304015,1.3571873800114678,58.44595249970929,2.1505231175451,179.31791938436243,0.001761911503194071
0.2149881580596611,1.4402823734646195,50.59406884702735,0.9317224663277737,658.4409835567669,0.001735295098483737
0.24008233468254153,0.838054945158341,51.46733864853829,1.2312526435495244,38.763418989289896,0.0017458993389061158
0.31421415605863995,1.5543012081334617,56.95397203704336,1.2382944154023487,27.00558063015886,0.0016866522241988288
0.25483534439289035,1.857625897007449,56.01823676486133,1.950477513089089,33.30456204821681,0.001658713176632893
0.15165336981971525,1.368462866375298,38.85145903668462,0.7878290973926757,21.477553666163587,0.0017925263226860014
0.14607446305038843,1.1969618608699915,38.37022929764922,0.625347142530088,17.069374006315186,0.0017408593658027774
0.21415741503560487,1.6158712641805286,61.907729714983574,2.0057189854365416,406.4656156714446,0.0018134878387582702
0.14857983105554112,1.5138601608174995,46.257416440157016,0.2913433328304409,510.03673403134576,0.0017998021086909751
0.24410819754818702,1.4791987023759594,54.8537756452798,0.7413181522405443,422.6081546828122,0.0018211472861494366
0.35641735831358495,0.7946620887888447,56.39049250524974,2.0856723098203345,833.122224326763,0.0017392677620512507
0.2141136673596576,1.3835832397676608,49.710048335855504,0.6995689074388499,426.8580470885498,0.0019560477637750157
0.3341003571168069,0.7146757984591502,55.01467011540731,1.979985769087817,1012.6135286371481,0.0018719988914241315
0.4122338673247749,0.5004647954269634,51.72113713449279,1.1573586290879057,880.3577112429195,0.0019755352410560025
0.32650720729512367,0.3940695856151326,50.1311093541979,1.8355680966429546,1287.9842898312133,0.0019444036562145904
0.3379330638967255,0.5464172811447551,48.57242512718267,1.507042520783684,821.2963310760271,0.0019354796203289266
0.13319107576141503,1.9352433366296091,53.66677329350698,0.5416445621194087,270.5072855476752,0.0016977661470425202
0.12479224974392054,1.6446910122088418,47.11754314037965,0.4558841586229511,538.0728894757165,0.001648517977817671
0.16990469399117816,1.2128228412258004,50.47089421051792,1.610477041875181,392.26851938918213,0.0017484523286182398
0.12383879930013403,1.223595322611916,53.344817688557725,0.8022047611338877,722.7928920522675,0.0018346922424470474
0.2755888651497374,1.3808820760693912,47.518158082994155,0.6126996572180329,361.2187825999508,0.0017325700261111388
0.19877759015424892,0.8783437958431892,43.00504860228648,1.607436372469708,110.0646370756961,0.0017866919647611058
0.24978914540211358,1.485363843071232,50.23647772250396,0.3761165652076707,403.2653077562702,0.001925760459718831
0.3072624591499493,1.7617658499288775,51.99673076621306,1.467614646618315,628.666437069519,0.0017738175411118788
0.33146602626159455,1.8469584118478855,51.20386744246804,0.9191274857081174,611.4836278679625,0.0018269493862353547
0.039935071358708905,1.4622772457769442,44.59006705875354,1.8727994830725883,368.2212715606067,0.0017653109663234442
0.032118779121378026,1.942850134014401,42.38532902046292,0.3707360756121247,1145.1037948616195,0.001683397109672861
0.03363190139084941,1.94156842207184,42.856277913580925,0.4169781713034565,933.5309785902406,0.0016808039184779693
0.08602166961369435,1.8791484537012393,51.1562327045214,1.2125851732662094,322.33111254556155,0.0017567128126452977
0.3037674905542986,1.175947221692742,47.25884844179799,0.6800848401168997,458.5453052890346,0.0018115890240790486
0.19939803765339423,1.3696957042212714,53.61080180315415,1.0363872841395085,815.1206583750262,0.0018235612350462622
0.15620967543404488,0.9654884266681444,43.55664717765602,0.982279182979332,135.44644294108275,0.0017350315854662852
0.14231854893677742,1.637506921336636,48.19776359049495,0.3547453356274585,164.58336003490643,0.0018705021301935
0.13741628654514632,1.654066841425516,49.77938506997319,0.5840427265875704,276.6463881704447,0.0018360037376885245
0.21237114980285038,1.401217815230876,52.673185278657535,0.7900680539272703,298.98141509632995,0.0016637123611216297
0.18946880425932683,1.150414360519736,49.59101012423926,1.6734274435129675,260.49920059265077,0.0018778772361610712
0.2113015781157849,1.3084525186543186,38.27959415582043,0.9450539831386529,702.416930083952,0.0019440536698835118
0.1958449540790023,1.2166021508864213,42.76415527701845,0.3304466272557241,553.0741185369004,0.0017753822262934868
0.15990499403745922,1.1418174881487508,45.160568984071546,0.5475910991184972,698.1864503947133,0.001802311709308346
0.12773442128061963,1.4203778601195265,53.8749078741479,1.4082749002726493,295.23937102885645,0.0017453003726799904
0.15192657723348466,0.9182373948092494,43.93534464129285,1.3106304911552922,488.43853511944786,0.0019393292072676263
0.247379610347702,1.927578683647748,45.949090587302294,1.2776056971360958,354.35983160933546,0.0016448380454859802
0.2269596504098075,1.9068119684359963,46.788315758205265,2.1380968000307656,273.32621836687366,0.0016852247773003499
0.19670739323344535,1.3300863561599836,47.62988126721571,0.058994314394513865,458.56158313023883,0.001816878170053027
0.18345799991900139,1.0259676042191137,47.42419248497268,1.424121225010152,589.0095660060357,0.0015720630835795548
0.21009825433548354,1.2049956966132733,46.10783671542365,0.8242984954650158,439.1248158190717,0.0018860009802035707
0.20768081767339056,1.142431593733527,45.58245844606636,0.980609244446415,514.4252068563761,0.0019302617500515221
0.1740956140897871,1.5179667009142843,48.73032471591747,0.23193185009711176,541.6744861443472,0.0017652886824560798
0.258679857476161,1.6837193369885202,46.91471008399391,0.10263947762359889,927.7503737294282,0.0018587771718374924
0.30210225816161684,0.9412483362585329,42.90856041873632,0.9784164710531986,287.14399282409266,0.0017589055019723763
0.16594079931686045,1.7726893624822921,43.51072141706456,1.325799533873815,313.1932141626036,0.0017543430786589919
0.1059600979030068,1.8789681291989935,50.50166554862445,0.5486694763417487,603.4634236277404,0.0019199195541541683
0.09551152766380962,1.8959365169481512,50.61636562031713,0.7292166242615018,968.1959088558015,0.0019154586148801096
0.22283686127623564,1.6663172317685246,54.31236677515311,1.1022194643040035,280.2230742329714,0.0016481795109999585
0.19375110103110144,1.3496518854904371,43.54230780112424,0.3918991225207033,46.5287083785605,0.0017735645694261825
0.18635890951881723,1.3067472136311993,55.148700776727416,1.7856738558940293,225.9545886349449,0.0018376407773048476
0.20199508527078042,1.0681397532643824,49.42495804175154,0.7988176909573904,345.2472070382884,0.0017726331136065517
0.21796149365212789,1.0506059539593822,50.16857956820675,0.7947167754608709,463.1388986993354,0.001784134318517055
0.1207762145036579,1.3655644545213756,49.31063688666383,0.2368191189903023,169.0413847437239,0.0018623232018408014
0.12546718181064953,1.0982582108956074,47.574398276548486,0.25151782412959284,152.6410380811501,0.0018847673370679988
0.1644558850590025,1.6482053102045973,53.6805304102394,0.47401247289265785,453.16396818483577,0.0017862022709800424
0.23061683672189792,1.7496750941868466,53.23626016229679,1.4730866626138628,658.8479141794644,0.0016852203760998204
0.22838305812239956,0.5801336518036585,49.62293751571572,1.6517639132312696,370.0811206848748,0.0018089198173965601
0.22373853643204625,0.5690508358839402,50.556260889315446,1.8508194688935102,528.5002965893747,0.0018223413703327403
0.05678787522344285,1.951100721707219,45.11016986295497,0.5286239048168652,114.6382426141913,0.001755887428042737
0.36007411307626597,1.6513953572379574,54.529185696329385,0.9235492451664069,766.2662012347243,0.0017063062108493027
0.28003365734938807,1.328000985950092,48.43794327125115,0.5203095672868645,563.4323254393856,0.0016477507882088206
0.1370494837417305,1.4275607315687489,49.839369486586065,0.9952780149990522,151.5118522674928,0.0018828736277556797
0.25417797652602636,1.1705524123253632,48.69741151072281,0.03621093992063005,492.5655582584343,0.001766378058726961
0.25259481059948613,1.18305760588402,40.30448595579421,0.08557411992903186,872.4399164925721,0.0017409525205481684
0.3204952394507115,1.299701894675287,41.74531882716668,0.23241263533645934,290.0546035059406,0.0018435220862265127
0.3762638250437865,1.0769181676093535,39.81701424654635,0.2217915965226248,417.894181342031,0.0018226680759492171
0.12615607432235365,1.1798339413552692,48.4932874360254,0.3026622382998114,871.2525487018095,0.0016320859311061062
0.21187130274588764,1.5140892503786831,55.16411225490455,1.966058892326041,169.90697636810384,0.001881379545985573
0.21445334345341802,1.531152006278831,51.53749429465936,0.3162899534659791,928.9494012436171,0.0016587949858587682
0.11120525042816173,1.7278740741977374,51.359952024952165,1.3708181089335034,67.63434119622214,0.0017691015912764103
0.10192359881557184,1.9257769914800784,45.838528575740256,0.1265335385851966,519.5824847604989,0.0016573538327208691
0.13419595181634503,0.839962862124794,44.89843545956943,0.1592620197304903,709.5668083019249,0.0017708280159390685
0.28989312980270804,1.6630934929126273,50.59300159948991,0.11786713263991612,326.55469133277353,0.0018271926223548717
0.2248701283334425,0.5406379936748751,47.706825565528966,0.8865388404276517,924.5921173024763,0.0018066967416007567
0.18175390556147586,1.825306720048598,54.941814712914045,1.665086875085144,225.30646935812817,0.001926998519485356
0.14285474612749102,1.7675017932334125,53.29885974353123,1.1167693255828104,216.1002129724161,0.0018859746820992487
0.2635824158059637,1.0465300212007334,53.781901095575165,1.1597338062015858,753.1964249521438,0.0016954421891053292
0.19712903783157623,1.607244863908848,53.0832101411946,0.8686439134084946,174.19453942495448,0.0017485016369643304
0.18195750231203742,1.7614986147130396,55.48835396660568,0.7939507220783785,264.06272565418845,0.0017961563475417854
0.2523377670374927,1.2754555039058053,54.95350443801152,1.3538919358402057,541.8579854991998,0.0017366666263449201
0.17790188093143042,1.317433627598722,50.74019585890666,1.0334719133968397,420.4480128260194,0.0017381282391313755
0.1788681058107229,1.1676736561555905,52.40215687919917,1.3494092366509278,1159.04120371261,0.0017849321811281575
0.06710590294120289,1.8557461700739182,48.5270996956916,1.122880273841018,168.3757784011232,0.001774901938442517
0.1354425185055727,1.7598935756092773,49.117697785494485,0.9738057498656457,1026.2716580876468,0.0016564532662052401
0.2368520362394818,1.5944967949993294,48.57745708175124,0.5299308130206634,449.9434861288793,0.0018268903386388995
0.15174495230639456,1.4459418680124088,53.524790075851286,0.5149656694962822,657.2313727427475,0.0015706417123852795
0.2255091493833203,1.10640144569868,52.31077160294116,1.4224792822499688,398.8048230945343,0.001728999753423273
0.28170369819266816,1.080803232722491,52.63604205983479,0.9948209270724206,231.11484495537695,0.0017894463529258915
0.39606274065064473,1.4779525894918915,53.29714360217848,0.5600699303941286,202.6034798286858,0.0016102237458315543
0.15073042549817486,1.6377427369214377,57.30148030734773,3.73507675914539,252.46754455821832,0.0017172859482165593
0.15611571418471287,1.6848267270375086,57.765407961466586,2.144184283809854,267.44977311095823,0.0016919796444756364
0.26868553666902356,0.6527710711554293,43.65229991884745,0.45224308300080196,243.61082956720028,0.001898324547474514
0.3160060072544193,1.1605256022818535,45.8703602886334,0.27199755691902006,266.2916342917699,0.0018869445920876617
0.2747736863358947,0.9009802157281276,41.31405255919359,2.328869557400707,116.24239740761168,0.0020154924758877223
0.4106221623871253,1.0498659340458985,38.468684570570275,0.7471889255818761,64.31806149415557,0.0018909513051925645
0.1974392786871383,1.2313812136814148,50.76348915487432,0.44504181577251795,1574.7406115339045,0.0017494332700364137
0.15011693563683126,0.6740076037124548,45.60499586823406,1.566186694496705,16.787749893093707,0.0015544452786017014
0.20753155570156678,1.92589867919734,55.199921380017216,0.9629662477960631,25.108701323083334,0.0019354934732263756
0.28547287101142377,1.0944515687208456,56.454931944120304,1.375041358651916,37.657889162664546,0.0016485724305510354
0.1100087758740588,1.380415520871387,40.235699896748045,0.9090809319846134,221.73810657089493,0.0016996503484044772
0.13455701962080716,1.4978448183742457,41.047920539801005,1.0754035802610642,38.50810706085985,0.0017364883281873664
0.16702657791560188,1.7391627880281597,50.83761118064477,1.1815865347599837,33.20534211850171,0.0015807158159609363
0.23197399738767463,1.4253748400345514,52.175054877499484,0.8141868694858649,336.39450116019447,0.0015565510342705185
0.06323808399240644,1.5798142561309445,45.827468457739684,1.2694939976393183,637.1723856891962,0.0016409335582030654
0.029051172404605145,1.7511292193667203,45.78740256777636,1.5222215221401878,287.51327003130064,0.0016022097886125286
0.20337363233830183,1.740896035074993,49.63163353909065,0.42645586883065656,781.3768347467892,0.0016623726661685835
0.2962337099280367,1.8884300437813488,60.19569851623519,1.6810058307047362,579.9650841250865,0.0018749851737161773
0.19366362611588503,1.8259757278386624,55.11310546018068,1.0839722897191082,420.8518260149022,0.0017543162255579088
0.1744154174070074,1.018744204343048,45.62154055483826,1.3824387863529632,734.6196613120034,0.0018269232800246708
0.2337672210910346,1.301885569117461,47.12769279958236,0.5868991221357688,250.75131472871792,0.0015646317448738626
0.12244067818494714,1.756376724607709,44.04926114568612,0.6818912958573249,730.1953703987806,0.001628970018865729
0.29782857365381676,0.9120484689310765,46.1649976166567,1.656080906943212,297.76508459731434,0.0019268099634872163
0.2212616559068821,0.973157234711659,46.70307867007544,0.7228174162813183,775.596213731597,0.0018009057045474855
0.07875344269111573,1.5194432871666048,50.705908907387204,0.9713292398089938,154.15222067953496,0.0016484809651603162
0.08662385223992694,1.5044365188871562,49.804807022640965,0.831331039544459,134.3162443818841,0.001615360794272399
0.11426354382542675,1.5284827063409587,47.67787039307678,1.4103571957624215,155.01621434419886,0.0017144790332402405
0.20868138817244708,1.0468988327896676,46.055002660614214,1.5868181351501807,170.16716515032712,0.0017262808798893727
0.10461024749387127,1.5438011727601253,51.492596210293875,0.04302853263357175,770.2768799013963,0.0018663102810187154
0.0995067144558821,1.6254154817781283,43.62015555125228,0.013943600684961067,432.4086412892035,0.0016282456612934663
0.17036961818470758,1.0475257884177274,48.520505155041526,0.1529981325678851,777.280874972133,0.0017323806414224249
0.20996388174521857,1.5277546755198672,49.84858552075234,0.24176424569114346,246.22104898930587,0.001589794533140434
0.22674315423342173,1.5522615365560337,51.44665198861967,0.03464034102941547,604.8027669208894,0.0017430892581856408
0.34698110865786735,1.672257584288117,51.891241657239256,0.08417669866240758,517.3959886283193,0.0016960534863895544
0.10091199685634375,1.238063103291308,49.54828586027983,1.1740798357426319,507.1778829729537,0.001798761693784355
0.2826818612650971,1.6454549074093183,51.69206681398567,0.6283938841837015,358.5467043753727,0.0017031425318073815
0.32358320945133207,1.8055231232284699,57.20654204153851,0.8125962834930144,666.8594073943402,0.0017996810342942966
0.34091113569698245,1.8795918651281387,57.09486901847931,1.08490755108871,684.5341433545591,0.0018065265670326358
0.3330977777383099,1.8411628871257388,55.513480187930696,1.5330898431449913,206.7401856034632,0.0019204917720097507
0.24977542671194197,1.7525955112852667,53.956126031875705,0.22500573083948686,1219.541207282127,0.0019112117084910483
0.1211252890558021,1.3883470773116964,47.021314380888235,0.09096285391634465,105.30666936274565,0.001658511472662277
0.12481228017424038,1.5337497573267693,48.5524673670821,0.014354441688502998,861.3848163345276,0.0017337901310754656
0.36194437073007,1.3571956966995729,51.40184947602228,0.2553918943487592,361.25482483566066,0.0016886531088347962
0.08352597654127031,1.079751569813402,47.50304767607784,0.46684205614807023,525.9541676198708,0.0018690692479555646
0.06968222323298147,1.6925359976482541,47.907101150041555,0.48412888877513277,841.6829012814152,0.001890830914891843
0.06229852729529601,1.3438734241938148,50.881641370867015,0.24520768091590323,1136.4700383781462,0.001803822626443166
0.06768758450456597,1.3875988025216974,49.72441693369146,0.2988597497450932,1694.3266076275443,0.0017839332658978295
0.05375693955754987,1.6620742595153888,45.670750858989194,0.5944615251576119,63.71918073246339,0.0020143408581065224
0.03758251984850909,1.6601390196505232,45.51377909177446,0.38823036402811933,203.56097933509108,0.002000269464262768
0.16591671495414745,1.1450236004816992,44.76851139509998,1.9883681671571332,90.35552629828277,0.001587017703967259
0.3072792095439001,0.9394837451091488,44.01763013801848,0.7015937244517774,40.925130579908675,0.002061720537849751
0.32665947989291877,0.6812652737965156,43.23677663687558,0.2391727962064168,43.76455430769716,0.0020885273226088205
0.2978265224354514,0.8988456897702343,45.2510041709696,0.3822439536988888,42.8117541577393,0.0020170468282301574
0.19215634601563383,1.4242373486162891,40.67484934073802,0.8433760276554124,152.65636523605306,0.0015598647120524337
0.22103397600915148,1.0599739700895818,55.469177794906926,1.4899947443706807,65.03746798578644,0.0019639549053016153
0.20505868511901426,1.3059912442354136,54.86028220035812,1.1836642495167828,101.3805512707329,0.0019630260178304503
0.12297942927399787,1.7377312961823763,52.49180534293528,0.3337930595382034,960.2122014347817,0.0016653465752306295
0.32037326270160776,1.9968744499924465,39.47739114923637,0.21074979134679128,369.36348609414927,0.0018931057380528649
0.17009774940349187,1.9740693405833127,45.513571064148294,0.8637255257963194,953.8099163072245,0.0018932782251744702
0.19505631768180076,1.9968198194598143,45.68833164371224,1.1806078511064875,368.8615704474902,0.0018228187798073794
0.2171096990387046,1.9985956660920141,48.240202148632775,1.3082255737180515,66.97343331231771,0.0018470285528689445
0.34175380643550624,1.9965035798146336,42.58012076824632,0.18955813355855194,92.87253534989941,0.0018293439701870863
0.1782115040699344,1.9986501420526672,53.30560072769062,0.2928729676804579,1154.0703090193215,0.0016343712035736247
0.04541428056253051,1.8577679581287394,48.47224215121555,2.678646418254297,79.02155487890221,0.0018917681428664746
0.06704034380767429,1.6190581303484608,52.49587182235178,0.7428457965696766,132.1704471668814,0.0016940396983268202
0.12887861010565904,0.9428437091247713,46.36568513876378,0.7727233950912464,761.2424292088044,0.0017377520062913784
0.22341955689999443,1.401735285597163,51.33565021102617,1.3171864479881588,574.360280780984,0.001859356605956493
0.22860532879203954,1.37205416217673,52.70080881310546,1.379084892345016,236.50863192679813,0.0017571294664034832
0.08125090845749847,1.4945877796976557,40.67220202226678,1.0394522920884521,273.53756778023165,0.0018092507328891741
0.1604209483047262,1.15381420482693,43.01104392236454,2.0850213389959538,1286.36621399967,0.001832569523707717
0.270806762457354,0.9632904949337495,42.66773273224288,0.7998306712104498,388.1778502332234,0.0018638461231184165
0.14536508620286304,1.2894226852615378,50.10393468541523,0.8967494349167382,577.9268072909199,0.0015722555807122565
0.22759441968100377,0.9569307044185477,50.79948847382549,1.0468897189772435,138.73432567671188,0.0015305457580705047
0.25073666267074496,1.2532845395583472,49.92463538931007,1.2554558353396612,252.03456582655454,0.0018504407679191752
0.23689748944998046,1.7438356305863814,49.07726959878952,1.552400020379062,91.65997108365742,0.001965501350244465
0.1463484094290708,1.0162052479668267,50.41091761482257,0.46507344322007627,94.02101823530656,0.0015442418448988894
0.19423164554547342,1.3333738852361434,52.60555746813637,0.8528714421012212,114.18228052092115,0.001544206637822061
0.153389624857468,0.8145255273109316,51.22318961382218,1.7719440557868185,116.62665206292046,0.0016325253621801046
0.27418768800290233,1.6984563312144192,50.680126463795375,0.4034512554332521,323.495094636996,0.0015830935277107872
0.11083709743722193,0.8732281949998891,47.37057491819979,0.23914416431204044,450.9630223805245,0.0019123529484998175
0.2879665198158084,1.3695463545924287,50.77484605146139,1.4433263476385165,544.6806620240957,0.0018802800478590093
0.057213055228508634,1.586747521292098,47.93166665637747,0.7424106980826548,128.19694374468838,0.0016906252877063434
0.07726876788886004,1.3208644316926186,51.17300190423827,1.0674194032581412,103.48949749180478,0.0017127580026541104
0.07185868316997054,1.6220940955620469,51.530045610671856,1.540651031118574,1258.5493186476203,0.0018490352614431028
0.06537313551156296,1.6118394224171555,52.82255774298298,0.989516422000597,296.01094488581595,0.0017760849497517699
0.18993835881170057,1.658106447596826,42.03069863879462,1.1777614209259721,78.81185401717897,0.0018035065997501472
0.16934491584971662,1.6096415245182556,44.05628275095984,1.6694745435022917,102.09896776685721,0.0018453930469277337
0.19442084827569225,1.1201925998506845,51.358830104211,0.479545795241219,277.4936028803346,0.0016786090177876253
0.19390309172719924,1.3560858761097645,53.266480280321275,0.586996549310877,204.5715239194598,0.001726211326648671
0.2104077362080743,1.3742477392566093,52.24802145009079,1.8107793182304646,816.8798849303997,0.0018437383918308038
0.21055668116092446,0.9869438234790848,44.57782039884391,0.6860667989361233,576.5691653214417,0.0017586679637178165
0.14017035481865042,1.3286023536515843,41.744317364344475,1.2568210545350538,429.4215451326381,0.0016966297918894538
0.20234329158149636,1.3553906995204505,50.599918348942296,2.0037971171141478,550.8269932736928,0.0017510704670250432
0.2586383727504619,1.2409339280449996,48.63317663065028,0.7346087494906426,794.5234083048214,0.001759464878119307
0.22692567011687098,1.2243858836149237,49.44389321948178,0.7508117611411795,1236.3037599387533,0.0017223138652583611
0.11601654424407293,1.2243476628542818,53.96402398885025,1.2427028991259865,42.61120676078312,0.0019900052946499698
0.18178561718798228,1.7344660551817097,48.39065144515335,0.362540696955324,27.265271525676752,0.001632718054828965
0.3932142407380237,1.782768976724022,58.46675155811323,1.3589316690860491,26.066060982381295,0.001622577323838372
0.17664290755373702,1.5101329331507336,48.90165046012117,0.628617615591814,67.20936995519698,0.0017288508292524617
0.10863978913188732,1.3263740239335808,51.09832431307803,0.20717731380113744,192.3891452101278,0.0017924975448012025
0.04793461315539954,1.7627673528882597,47.243159904534686,0.6265088505223874,437.0780712621307,0.0016777247944010226
0.3802645516022413,0.5735002932382937,46.612280272151615,1.7165932735630567,268.9285166846093,0.0018541269545782923
0.238451189590412,1.0653154579253152,43.12527283942415,0.855341029080672,808.5685951354141,0.001716974367217934
0.1688321351713704,1.6510711004525942,49.28225826268047,1.6135891266986788,1087.6777471548537,0.0017137145734436997
0.17534458525925115,1.6467908549406014,49.44881880433206,1.4070671522915597,820.2264096841772,0.0017042780457719368
0.1845310650127022,1.5861975804729462,49.79116763941145,1.5930810844628132,941.328529742745,0.0017096531836112714
0.17955919589707345,0.6885889787819476,41.71928407564051,0.6942385296111131,208.14121479082246,0.0016460043841118313
0.25249166529671513,1.2936523579549197,54.87110917063733,1.9301854496932631,1235.2436792831434,0.0016276937330328117
0.21347239208893168,1.164471526074304,48.631936894995,1.3585207969482613,76.04631190670425,0.0018510691079002923
0.15573302226037852,1.0976604333346331,45.05306109070984,1.0309503024555386,9.747838969714438,0.001704988612838961
0.15574185183311054,1.203364117377776,50.84472948533328,0.42522169092582923,81.61859722350009,0.0015842574610632606
0.13707719474266228,1.1886600573042732,52.01157244054757,1.2015045441311345,405.90220816485555,0.0015826594378559981
0.21802176049063615,1.2301464994197053,48.637610005184044,0.7022575335142892,197.88167293511447,0.0019994646348280255
0.24430180427237683,1.65392694878191,51.909047607221154,0.5254662368101147,199.03021399614698,0.0021221913841867803
0.3689299776991338,1.4739218758319217,51.27060268362833,0.3692459946069084,399.64614657452444,0.0018804092606243452
0.1538284099906398,0.6784953887825735,48.642109809694794,2.0821912994129375,618.5631502335913,0.0019734436162529142
0.22545432513109326,1.2970679398895615,49.57383791053782,0.40917413242141076,639.6629090955299,0.0018108153854851671
0.14797730056994968,1.3027669645015014,48.56903919291238,1.4269118499858027,334.94299892271135,0.0017602045599256354
0.1580265076952463,0.8458287091152068,42.2400489700701,0.9298950211635794,734.7265469040872,0.0018492723462406675
0.1768338180249341,1.224918233305909,43.4983704058794,1.728406855301666,606.6171608034,0.0019055101933018494
0.21438314049826981,1.9793915721503044,55.99607242004539,1.0450459820495497,572.1043738483706,0.0016775281022671927
0.19780815393314774,0.5558579886345877,50.183401839044585,2.071181026718362,370.0405503531315,0.0016911797800960057
0.12654782512772964,1.8251466396324387,41.86254772513723,0.5467332665014111,360.7256956359652,0.0018680866086355455
0.1330032379343764,1.9974282859715933,54.89119116591173,1.083130246206683,249.4462491738111,0.0017866121713107084
0.1567069924375119,1.9798869313226577,57.43591621599349,1.5180149272303554,408.09062821837483,0.0015412174243674755
0.17727503494949812,1.9551723373770638,53.64960723156329,1.4399492590140894,256.4917990541935,0.0015991307546863748
0.14410367115221226,1.7383661605705638,45.05148651748641,0.343555992037712,64.55210494914195,0.0017789638467949817
0.24877006778514116,0.8251641059036718,48.491577830386746,0.19848102193936573,726.8672268995894,0.0017760459829826818
0.20590425200344303,1.1938289491540626,48.60095522060401,0.11547157091044692,371.5601228673926,0.0016701079083200946
0.19864576743103216,1.2620145641023837,51.035437113589175,0.12140749504545087,295.16493227799907,0.0016163607321341919
0.2500637636087765,1.5781941339366756,52.24799805388216,0.7220610614375864,1212.1087111977365,0.0016488483567962486
0.17079341123173397,1.2934370201691743,47.27576323205323,0.20136285870790652,197.50738325147236,0.0018554861218615523
0.10476610697243956,1.665892410635096,50.72131105244703,1.6187747789039926,161.3584011758075,0.0016934526655797
0.15115872806948782,1.6407524977276153,54.009181930499636,1.2274897206872954,721.4826155161404,0.0016678179863841283
0.2124278611116313,1.7062978194700797,50.82259507806826,0.5854062360742043,227.50533326157964,0.0017084138040390174
0.23465320497105405,1.0747799644690879,59.982112565441994,2.548150814627256,650.0842914879416,0.0019623702881510817
0.2596887892498427,1.5962180824473193,55.859650133310694,1.0524234238738335,405.1622390793692,0.0017570664710448171
0.20285227670760134,1.5915374331088736,49.67439916916603,1.3663032999828946,480.1605696359042,0.0016963829378594908
0.1211603011044385,0.9686566176576046,49.069109263178945,0.4465750269095103,483.43365975348905,0.001773531102976702
0.23034226701286306,1.8635605242707323,45.295606237481216,0.5506471244695379,72.25562348330732,0.0018420937467710362
0.25905941427233303,1.917652542876122,48.92819458182209,1.4246392763970712,431.1424761706761,0.001959543170395401
0.14442407218115877,0.8054914912198016,46.064758098562756,1.2328739351018776,487.93681936602144,0.001666056736460563
0.050976974949506204,1.9760746252561674,52.709134636041576,1.2327457185997746,241.36770688710058,0.0016904026231943682
0.05325349179353232,1.9876451736662073,49.480505229776924,1.4582209133223185,98.44797708711472,0.0016244352627467235
0.06326721789479481,1.7560585972483889,40.103577723769654,0.6830835599228854,68.36636547352923,0.0014882617496686076
0.33921493858243884,0.7457761298987132,56.3615600248652,1.6812634955886112,930.0797101785919,0.0021336716655069115
0.21822476626674034,1.4145665775055758,55.17144159113878,1.376672214334728,840.7542956034737,0.0020731880003989366
0.2146451574390938,0.742286797917075,53.55174107035355,1.4056308868962264,378.56747039923613,0.0020424021911814756
0.2195889453743442,1.127716693143272,54.50206816767526,1.7004733756088055,236.49906444074094,0.001945182007383493
0.09940868049736275,1.0448836201069995,45.486733239341966,0.910916900382521,526.8746868175326,0.001767645334504377
0.12200563860899492,0.9933032249469208,47.541548304123765,0.8589826248826559,295.12279754565327,0.001681211689745465
0.04294891381204202,1.5656935280959072,47.63899738305481,1.5469945665169793,142.85729318757052,0.001756795382286898
0.419280609691938,1.0307886475286898,53.5216694455001,1.244914687431682,49.68985036666111,0.0017260079407375433
0.11150707246439076,1.500172613952291,53.07704450086379,0.8845266959145834,122.90593875765238,0.0018805336717143068
0.3292870756863534,0.8959973104765061,46.18920061744338,1.008929216976169,63.37036367855893,0.0017426019882293242
0.1488826638015757,1.4788166679061674,44.51487258900708,0.8957008865708053,15.24747364594852,0.0017715573994520576
0.15076984175191468,0.9756744853137699,46.87151039355177,1.4551608050014917,4.8755259266645545,0.001890764109707768
0.13524370618186587,1.2882791469977308,47.38421862783991,0.3799410574240548,7.7950498086594875,0.00182560586414938
0.13062737338960284,1.4039151658438602,51.305711192730584,1.5464166929099639,9.530812062488373,0.0017144790066172541
0.13696775454576812,1.4611445541264678,52.49404578794606,1.4800057499009078,9.650147056584588,0.0017068520280054162
0.26752306243139085,1.0575417485881347,50.17056354233421,0.8522059627716274,47.233263305898454,0.001770616370428392
0.1514561199054475,1.5727797537017216,54.71828638546018,1.3893388037446501,1073.8410159353061,0.001752849191678677
0.3013778659513484,0.8794942999261505,50.09519084327861,0.44041321569595493,199.32186783788535,0.0019507410921898746
0.3676449772243656,0.5817189853240192,48.64964573781204,0.3535149933482602,186.76012338508835,0.0019818326993724694
0.043930122034981096,1.8318470605138915,50.1373023054548,1.2075337240350503,212.07438685858816,0.0016349545564547509
0.05198056754338629,1.5033512263477558,48.85607761777839,0.7722038212296277,122.96044702253617,0.0016285242491522753
0.10695477337928022,1.271022782673526,44.850822519244566,1.9492579083985988,242.05852381389568,0.0016564604795180151
0.2628788525836744,1.5292452321928942,55.08068390371449,0.596219976648153,43.839529517468286,0.0017049437514868129
0.13689774721600328,1.0119522158634602,44.25020913941474,1.3369979802594705,287.1440293944492,0.0018132028659902796
0.4206582059107581,1.0952630117213888,47.58764070761675,0.9741046558409813,618.3835968656979,0.0018556803844650077
0.11536637228818665,0.8985042996285711,40.00907438624695,1.5677701745863932,430.8511433447431,0.0018182913918429273
0.23114004437669042,1.1900066959245361,43.89898493851618,2.067699635883101,535.3779820255297,0.0018453808828779595
0.1782509204196077,1.3121741870901857,52.54119714750883,0.26641597317719284,484.818795024127,0.00172787469267486
0.18738226002754582,1.448338569131789,50.461421956472094,1.1279506112658633,764.8672544906616,0.0017930875748650651
0.26940781361393235,1.4887156774386838,47.88773067827727,0.9402987541211426,258.4405637883317,0.0016686915725528991
0.24793167180781225,1.3950806676287262,48.43462287220444,1.3054921089221754,302.9378342402551,0.0017306718545904967
0.10015589878033472,1.7481046425151296,47.82339851600726,1.3805497076056665,473.4690782424917,0.0018470046403550884
0.12281987141966087,1.5700320939482073,48.403087667347584,1.1952506045739348,151.31736244588603,0.0018654210451415083
0.2303404145668519,0.922083416183844,47.71312554305637,0.40460925807046394,66.2948928743245,0.0017003766287729265
0.16614210283216485,1.2158360095606,41.891766423026766,0.9723469922646519,21.055855708929798,0.0016941003229339047
0.15802804975714113,1.7609806632103153,57.97024334293463,2.729074860831204,1293.2376183354106,0.0017683049905706913
0.22000882066312846,1.6194962038737664,45.42227513097089,0.08425704838564908,66.237020185311,0.0016920424987440347
0.15835124211123214,1.4462192998442078,46.173685243811484,0.06644263782356766,234.8295082654872,0.002011780931418368
0.2193638894111386,0.8790053259556332,49.924949462862614,2.8870149258150324,622.2225821362206,0.0017988920037229268
0.27366149728159606,1.0128406432842074,50.502244447384044,1.966249559335565,435.50817876690047,0.0017948309154522315
0.06564226479084488,1.2736781951814726,46.890075132126675,0.5089320184297766,209.6964154908544,0.0019296007770783386
0.1705087936769584,1.7798219004170572,49.065687705065656,1.4380139098869367,182.23491958832395,0.0016881936501188988
0.19403375326113406,1.678529255500785,49.40239026733886,1.0744067536425246,133.81702982914868,0.001704223589216398
0.13737912398707447,1.5200672231800556,59.27986258423372,1.9014522413768145,183.66786194698105,0.0016925176380138342
0.2671073729466772,1.85474960784426,56.43964826407878,0.5368093404289442,903.5176362804451,0.0019276658514483331
0.18049287896066715,1.8809288895968403,56.13018844431342,1.1070173143099813,685.565016041668,0.001813960911347053
0.1800926619180511,1.496997560748311,47.01229330091766,2.1714859308855408,759.7378929298503,0.002009845503039817
0.14934115333733214,1.8675901266014032,45.49498594692111,0.3893197089140267,541.1690585233165,0.0018774222472966947
0.2155324675807173,1.772026398280447,43.780199025366784,0.8052300700810526,471.1080320740149,0.0017950354086534487
0.23607717836367048,1.7569062195516052,45.03712599805833,0.6001435929414592,482.1041374113647,0.001793573930190083
0.2284149935504337,0.9319418060961638,40.5255120106933,2.5702261385710194,569.6376120558004,0.0019113683403696338
0.2873797357411542,1.7168661836673667,43.53086953648242,0.5268090555068707,587.5832702847011,0.002066654484424164
0.3476973986442927,1.7229060307730952,41.86077402209686,0.4800167742222205,374.2183784162877,0.0022694394445888916
0.3592424158312589,1.64915036146158,44.23216749988311,1.1214159406501008,344.539051920324,0.0022019244099851917
0.29591367238216276,1.667062712284296,49.832906881590596,0.09218055777148908,877.3569107797966,0.001981214665995359
0.12726854708240448,1.1477493620366424,42.183448277710646,0.2647989299983158,203.02817530125495,0.001626922189408154
0.2682937599740121,1.603790989271183,55.28411537802315,0.5535947753752298,624.6642941280043,0.0018658399156626303
0.15357563864145563,0.8575328663720125,45.63902507851113,0.4163949459720513,441.3038291903416,0.0017627570709464442
0.23421455155247262,1.4024763826766806,48.93752017081684,0.3696938196239706,631.5641798486108,0.0018128861811032857
0.17879025544539845,1.5231080927306242,47.279778150303265,0.33391040583579656,334.6055962119435,0.0017806590520735288
0.12711912495283054,1.2877476292370293,45.94826690154893,0.27211048635663176,241.03925674485475,0.0019226831835316442
0.3511900397880095,1.3443283878584384,53.371342760800935,1.280923360102978,34.1411844357542,0.0018967926664311635
0.19724987211889147,1.5442051251818238,42.2876635935241,0.5757321895106071,35.8777897341164,0.001733966288977942
0.21638111893343304,1.2584019124802486,59.22342545907056,1.974144062793703,38.01674654618122,0.0017552590012435763
0.2305983716093157,1.3510073178928252,37.256259910004815,1.2005864125731882,5.979017965480098,0.0018569091010964972
0.27748155104467737,1.2759595728184476,42.962190597552315,1.4379809168485176,48.896678097571424,0.00175661165795941
0.2339470004296553,1.3037029775783984,42.32589553508531,1.4031264599909403,62.126066874848036,0.0018636830369744139
0.19775847483943698,0.9848783542768167,52.177307187324445,0.8471641100549357,158.44729671088575,0.0015102097130791337
0.17899194887409475,1.3828926379477833,45.81766865749048,1.4313474523115317,44.85569305822678,0.0018951811805103446
0.12078330494755127,1.5903753649158847,46.323785419505114,1.867329135067693,43.52060404625871,0.0018107109384272004
0.31210032140130933,1.6840464924120802,53.70820665436318,0.7453493979138557,1131.7049046126274,0.0017300253566693525
0.3331550092541108,1.7540300744203319,52.576453200877445,0.34834693344238654,668.4855385241016,0.001739136906018628
0.21594275295274357,1.1819326712496254,48.57704544182823,0.6602180472946652,180.6939168653049,0.0016572258622236137
0.14538606857244557,1.1956780470986181,50.01953736190051,1.3927428893598626,112.96097691807067,0.0017002003977929035
0.15105095157302725,1.2165219507805098,45.66801835089311,0.5999634530556557,842.9769484395836,0.0018095833378224406
0.21365304395114287,1.8905937880158101,55.89322393150211,1.7903342312080317,305.7918363121548,0.0016784268142465868
0.10384719114369786,1.6658426849222874,42.354985468241345,0.6481299192431246,1204.3091731789887,0.0018132740001561103
0.2742214044567554,1.3302790202313568,48.46469165055528,0.5653787749944932,171.48173472401092,0.001659468319918565
0.15407078603255225,1.5918405903953339,52.80869916073971,0.727764233469644,0.39362065277897795,0.0018766492310288956
0.08018101684942641,1.7830270485644741,51.65512332931428,0.6078611286131461,1.1752928489173335,0.0018536994776460233
0.26958596781110206,1.3466986399952223,52.64652408482478,0.9017236630568003,14.833703479256373,0.0018039887288499566
0.2323547159930102,1.4471559961743765,57.40811586922821,3.33895538520742,18.128040585818702,0.0017586692546528895
0.12871794360949787,1.058180504315993,44.82422306091858,0.06628161703295818,410.00529867879413,0.002150024172379858
0.14173872157531825,1.3338382547789815,45.531494091723395,0.09477392379905722,468.2438177754696,0.002069980827039758
0.17168228119940995,1.162019996395045,46.81262354171521,0.14321035553671158,500.0335062593537,0.002021335595655822
0.2658432005422659,0.9538589765646902,54.75175418590271,1.2715214033562,850.2910978245791,0.0016834563235089204
0.24326097300629074,0.8055453879635318,48.78807579693709,1.5367138056911493,722.9073197872754,0.0019234730438735298
0.12986393595776055,1.4174916543602736,43.991078139280425,0.9716033375192832,54.89712619459345,0.0016490727167223392
0.33199299062204113,0.9836012691053272,48.00398746823426,1.4635575287385574,901.369809961978,0.0016722262022707299
0.10196066295546516,1.6069228496470949,48.570644041278186,1.126713045929087,489.08124802498895,0.0017865207779635425
0.06837814576434073,1.2065985580534828,52.528434575184576,1.787508080811265,27.344441358374134,0.001799579600244253
0.3325043093236995,1.2317783189360036,40.37022600774997,0.6982959673411241,6.775101460287656,0.001883450455222701
0.21311471766813317,1.1053684925770066,44.593642050768125,1.70565492934195,19.607989015660618,0.0018376951718199978
0.1705538359064751,1.091493257869981,46.93207497591237,1.5569625110613075,57.35339999063224,0.0017681951159500438
0.1705402487166846,1.1556114417039365,43.78998103637839,1.6905260762241114,54.13444070917922,0.0017898682651922044
0.11286929950643974,1.5141119640247578,46.30164228503661,0.6821031146300948,94.85437494735201,0.0016972197336285414
0.24232324919547252,1.026233672380959,52.04637491058353,0.5655652092297352,272.62527932081844,0.001872653709387751
0.12170215642280781,1.3606704298549401,47.415053493892394,0.9204761548921683,897.4015788757891,0.0018169871147536703
0.2734067157325005,1.1991264665796586,55.154306090587504,1.860779547663831,338.37474879392136,0.0017023565693444318
0.2729489808110247,0.8580822749422653,45.76047019789718,0.3630637443338696,271.85661978273214,0.0017585647289520855
0.11635106703673062,1.0803968351631268,44.767801339975264,1.5135602217078867,1159.9299452239331,0.0017986757362875678
0.14448269727143892,0.7053083245267013,43.95447047035514,0.7008980177775888,657.2997666471281,0.0018117409903399939
0.23742239100544074,0.8953351594476897,43.76544034122499,0.8139325743858961,193.810838288695,0.0020263312131813156
0.268115694846981,0.8253233667682862,48.64437347043563,1.8122176829651628,128.8843570888795,0.002065229115721503
0.17311834249421798,1.3687017858837007,52.78450560175486,0.38473629636976525,1265.4400272156458,0.0016516964529253307
0.21097637977783593,1.4496819472562703,50.00240336035465,0.9690858250779064,658.7956744425952,0.0016897403095546457
0.13462442576302144,0.9063080494759129,47.674985372318204,2.074537161286388,659.9174342325243,0.0018192061516873372
0.09332329023390713,1.420841823119075,52.15887414118535,0.832923592343823,854.6577937215684,0.0017785247382048673
0.1488235625437984,1.1048640365075149,47.55833235479768,1.2906382193899208,254.3953028835593,0.0018520326033200551
0.19790989624555952,1.3241512727770677,51.2469221855324,4.080671635213535,540.4333645368945,0.001799994148251771
0.15087896451983812,1.117551951774184,48.36127423483323,1.680525202890755,279.4346380732315,0.0018476569726073111
0.24668219056801008,1.097408394948407,54.02576329741402,1.127912720947676,655.0487200556286,0.0016574012664108658
0.18440780025925782,1.277220680544079,48.88619741185236,0.5685366817119948,423.8114759967614,0.0017886738036462834
0.2636200582543043,0.6476433645015222,48.56487092759489,0.7175438983092219,665.2112513797659,0.0017691066062337458
0.14191147866931822,1.6373947269368128,45.156422847520396,0.4265935476847859,237.67406460230026,0.0017934787859636005
0.0937174760441826,1.6891081149875264,50.86254493542466,0.4634172825807261,966.8309250125011,0.0017241382400504238
0.08935195271668622,1.2517825382904113,54.423683663359554,1.890117975327638,721.3458549043875,0.0018449024577696887
0.22535009692137542,1.6526867309091884,43.617282935194275,0.5832411932593901,325.59181996187675,0.001920185056633218
0.31254434985598567,0.6047541152190019,45.58380684006105,1.1032019800310864,413.83352183886916,0.0016131905181687347
0.0825603657987088,1.7662631768827637,47.741686540228415,0.8470012318573197,620.5365961140237,0.0017848085367236633
0.17432590877687398,1.6941758337397665,55.833412929014926,1.1117534150454962,442.15527697393077,0.0016494647241406105
0.20333732911814945,1.803795280017399,54.17213656052728,0.65805318315949,362.79783280409123,0.0016006606907358707
0.18463365531687417,1.3140570914901213,52.57304097554971,0.9447976781675298,964.5545412831123,0.0014839105053705516
0.21520951487022677,1.3313770941844238,44.263707641623505,0.25886007203795264,166.9714420909403,0.001891367542074056
0.2934596557293833,1.923777785953866,52.74430665221404,1.2224942685083118,672.9951396683219,0.0018525831016534798
0.2252922988334978,1.5432884671436347,39.79129117880286,0.8230077234733929,582.2818955848829,0.0018624120457530202
0.1963967893100833,1.901886494829503,57.320220052707114,1.2364863915290896,309.1605661090311,0.0017303588002672752
0.30426450826186546,1.645925111036548,64.5577185906528,2.5797591313525294,795.5755533525918,0.0018377340379014308
0.33289025432109964,1.585162180185698,64.908808595387,3.6399021274666357,1054.9267839289603,0.001841319954881434
0.30644986759578413,1.3160884106021318,65.27655284302934,2.4493077662636638,390.0760790209131,0.0018770725488160996
0.301977263247079,1.313997603908984,65.20306239164553,2.5268438677835396,439.54276062718276,0.0018774779912714727
0.3152949308948859,1.3773231101212828,65.6435188573594,2.735410912188391,655.2259037403923,0.0017823675252213876
0.3300263045936652,1.740515696400027,64.74019885776923,2.431203433250742,1179.4487745005536,0.0017388879960836135
0.1441039558568156,1.104917318389296,46.19904126002601,0.4195853321210375,86.34341542474675,0.0015951831653596357
0.24286881751402967,1.7801627051152777,53.60067511162473,1.9154527715932983,62.989921475992915,0.0018715325109985683
0.1976010668061375,1.7785393924787014,56.07209995497026,0.7750762929318922,92.06259408444815,0.001806916778783781
0.2525504256737034,0.8970416066806467,50.32467415389496,1.4717968840402433,13.585827858153321,0.0019762884866833153
0.21679254485446864,1.0064205375507247,57.67842499940509,1.9062415909181656,24.42749598972243,0.0019000980102957244
0.14973709000611243,1.6648758100247345,52.85993247049559,1.1413754151518694,88.33728662963789,0.0015771149897711345
0.29040346030811864,0.7844115710521397,53.60820033422145,1.454727479804455,1259.560678109611,0.0016010973463009342
0.23653891687263215,1.4908510122198657,45.8669882844496,0.6400354014247199,98.65384889832171,0.0017110980041260546
0.10502510034624599,1.734591356699297,47.50979711132404,0.3387255410661895,508.66691478710516,0.0017368354489423392
0.10447877625684451,1.5922922945987035,49.4270715069796,0.7304046244730643,380.89555485754437,0.0019527233893162992
0.1510317275878392,1.2631438383439144,46.73612112634297,0.6420165971295202,839.1155735309817,0.0016827329002836425
0.1288895250966761,1.2295368557684105,52.98114440782182,1.5377226525220098,381.45571934757436,0.0018714393736667448
0.26597015414692393,0.9615243351435367,49.62934259915384,0.7882720717625616,274.94487705600204,0.0017955033795436287
0.14756964132122813,1.5743561953109004,51.15111994560425,1.6177336022765336,191.08602337213415,0.0017019088634376493
0.25325979985720054,1.7972979122440829,57.022119325928955,0.7423473017692941,696.342422912951,0.0017217798091094451
0.20745491583233824,1.7622095121471746,53.32242306610861,0.5008861662722116,866.6555162307129,0.0017877833919534895
0.13840348446575715,1.9045491968599915,54.519053341984076,1.5612449947128526,287.7824850663455,0.0015547839672621544
0.13776413383241906,1.9414795177905182,54.622854077754404,1.2583993547011876,137.66005059486426,0.0015756327648308874
0.25387491880364327,1.9626265529175053,52.42854506081961,0.6565064177354419,83.15719073928743,0.0018764818188453524
0.21039511843985856,1.9650135038435954,51.01740176005762,0.2568961360534114,70.02646045256732,0.001822450321738914
0.2206612757208812,1.9708017978251982,50.84441664861108,0.2879463663406022,59.85486109285295,0.0018435882484574627
0.18899645730710585,1.6166594015884568,53.27091072870315,0.5393397370788181,707.0642978963873,0.0018915571155150752
0.17706792368447102,1.1075030377505164,47.694084758190165,0.9192272037471598,325.68988248416275,0.0018973789762903193
0.1351494317878558,1.0771900006812543,43.2924947255199,0.7260877680807947,79.70083369697065,0.001980078584296113
0.38471074845209496,1.2303546048314882,55.97209872696218,1.7319497561368238,64.21760590654173,0.0017075698382487889
0.2887082101729296,1.7464249479488398,58.324905830743155,1.4437481106548473,51.40181953465976,0.0015674622453882138
0.2996123405189825,1.438333147125221,56.28145154059553,1.2196629367000111,111.43266975676244,0.001922822814263804
0.15559667700027963,1.478088637224367,57.05534930246132,1.5364925361788502,343.2784118199993,0.0018239376570976349
0.15886385722168336,1.1571720969184671,44.51902500671639,0.6081102748309108,671.5654152776616,0.0016101024312768467
0.1895219160265826,1.5467141675320286,41.98695244813502,0.12887268086166495,547.0198168653246,0.0017992241708050397
0.26881229765837544,1.7682088737373842,46.85218792330393,0.15254761655524549,764.5279493025828,0.0018142929497156962
0.14596501860785588,1.7981185222581673,44.77815906460888,0.2662529943103833,631.8957807679354,0.0018603254450909716
0.17050934802752896,0.6986333292794225,48.4171065446229,0.6681731675968554,585.3628714134746,0.0018155010908645066
0.15236485020002213,0.5320480503955941,47.47049620835943,1.0243564543185393,542.5724359044018,0.00186395587193564
0.11087480619574272,1.9213693014771906,49.9271578190257,0.639508034356899,612.0437952186612,0.00198680970836748
0.07760782946280853,1.7453845587007921,59.410968182599056,2.829211186216053,297.46293040286577,0.0018195492728740432
0.11648746125254462,1.6136632474506087,59.299004471981924,2.093509040154621,358.03476989829716,0.0017925340699533805
0.17720523638280983,1.5543176400297334,57.24133470625658,1.847738579797801,408.4637006303755,0.0018031774237792122
0.23906642316278617,0.859869480898101,54.59149042009223,1.4005712991395531,1121.8700097704582,0.0016710091865238062
0.14538874134184182,1.6166422837421346,48.43400912970815,1.0386637761299604,169.72563065149572,0.001747480279548932
0.25163216895962415,1.2251123968735096,46.73934756210252,1.1153049257876313,1226.3653584680562,0.002002409725432881
0.2444912997700964,1.2137464238500315,54.55484226817835,0.9815153844933278,118.04764448127268,0.001536006116746599
0.26125783829532395,0.8855216312185497,51.14019100644066,2.002082603914616,408.1425509208214,0.0015886863200800802
0.3235670533246038,1.2621565734046571,50.65913553155722,1.5195056247322383,658.319999039104,0.0017166666448433455
0.21229444781430595,1.799809370862108,53.34615961122713,0.2127448859066865,333.51545591397326,0.0018424473729388902
0.3050066367213606,1.4105599825122086,36.50886664773172,0.3081210112989043,853.9466073724632,0.0018445495568438402
0.23665279304638365,1.9705344794692297,45.26213560161362,0.10586173929817312,236.32027276293755,0.001749915762889639
0.2446983752217148,1.983704390722583,45.729107003492985,0.24788220918721812,241.43053889588055,0.0018487349507282762
0.25076464074622834,1.9904932462684892,47.53670372697847,0.6621910077018888,215.56696431187513,0.0019438877097901106
0.31825453146422084,1.9928746418853358,52.73631247864401,1.6700272692944913,945.7249602511309,0.0020487029593419075
0.2613568206779561,1.99226297039014,51.64248578544741,0.8911492809617706,98.66026726534704,0.0017567384178797836
0.11127326753597061,1.9800655659499347,45.21587231968981,0.6804535783268414,243.48834587713768,0.001689363380970465
0.2166094001855149,1.9608011749184389,58.40299996910448,1.2909667173316444,785.3330617305683,0.0018366205683246592
0.0875305489555232,1.432619654952247,50.85753678621537,0.9962955445384444,270.79610673127075,0.0017093890259665939
0.12342114760551186,1.2942326693460877,49.43787445895735,1.2718184863187707,197.1771894016314,0.001729821609598808
0.0866950405002955,1.5912025673457164,48.78273980681588,0.33896491460607514,287.59238782610834,0.001686540899952775
0.307423577236016,1.152413796862824,57.85313758448479,0.9992381421697798,1019.8358060377234,0.0017684042940883796
0.06348523430116501,1.7429816148738715,49.441966326098026,0.7960751377324139,264.77277143276166,0.001961564900958389
0.08122337352452709,1.5777455007131738,52.22453722399701,1.0000524276425384,206.95829456800365,0.0021081648307204937
0.24815532813369348,1.6844693006933391,50.58390965094496,1.2571883659445295,735.4339290795837,0.0019069190958379764
0.23716266728830543,1.730007663436654,51.63036089191017,1.469337491797186,793.2168512667974,0.0019101887668305996
0.13747318166578124,1.4390157554063203,49.267595338065014,0.7719302786311686,343.7796297886846,0.001955998372137001
0.2519735383178859,1.6524732185534867,56.28244810910906,0.7238516256330663,470.37866733723405,0.0016091234377478055
0.26693379520057003,1.2213640930418925,50.536080097168266,0.9273790702701681,490.6132326832202,0.0018925456237072428
0.16399308477372776,1.3613461292787152,49.94386019185782,0.6971249404631376,65.6538363705803,0.0018386958057285657
0.21867204379028565,0.9912772754536291,50.75368457240758,0.7995371098434326,217.07984338487054,0.0018433736414975965
0.13680599469091895,1.484539575278685,54.72193450664427,1.6687794440286279,49.021289266534595,0.0019901630452813708
0.1359397227856973,1.9274920819241452,54.80901355532364,0.8755567067409694,187.06661928264006,0.0019303254286869604
0.2838625025069929,0.5945996240219072,45.62594169430181,0.513153123482354,290.9894602869492,0.0018767292553560605
0.26039401968262693,1.4257893935573405,48.828433283229,0.9830996914906197,577.0672750840092,0.0018737535180697537
0.15692472859879417,0.9384425682726056,51.17617046672861,0.8568682793290391,285.9961962832916,0.0016726341862390464
0.18079331343786487,1.1811333943190934,52.31786870622589,1.415679246494352,1211.6886284028203,0.0016275208346797163
0.059575116030286646,1.5462355607888558,51.640584033248935,1.2122662794034058,31.16040478541735,0.0018042744956267872
0.11066377759551711,1.106187519716062,42.76577258750026,0.5507617485898634,230.97459865750935,0.0017724132398015846
0.1414146410854214,0.8954592811799009,45.102828212280194,0.5935295257628068,283.8135315820306,0.0018237159820183363
0.08787494236886723,1.5821568632943552,50.96971301874287,1.6962219143291442,262.2048401515343,0.001713619027902992
0.1544846854966109,1.6773934483060464,49.909442703996035,2.138661643098752,197.58671664158084,0.001783724206198971
0.19160215297383598,1.2289294322411437,43.876363591818446,0.3245160427922076,802.1470606776894,0.001996636537365354
0.2701504428500557,1.0345164188410825,40.66894484034524,2.5125472828127324,146.256523990704,0.0018722322693196759
0.2578853235379166,1.2104212782466428,40.52477243743236,2.1898268572021053,169.4551870576502,0.0018878818185257189
0.18901236652839482,1.3955739778605034,39.846049285032386,1.2759369949039343,248.05030535032466,0.0018743357601413632
0.14806620384780012,1.7619170363602528,56.4576561405124,1.6246846021792347,268.89054675211895,0.001797715627124458
0.26381801983243075,0.7895076669076415,45.54840518153148,0.7920346223221709,175.0217291154533,0.0016586896284017146
0.1934467896145279,1.3584393091713098,45.89307415203298,1.5139706611467836,759.0273608174658,0.0017786451026286414
0.16365455090026013,1.5364118827177191,47.57138702240254,3.2622575373129417,289.4523126847497,0.0017774416898695211
0.21086595564835187,1.0157510640390004,46.4108157538737,0.6798018139959965,394.6624955572307,0.0016603741501714762
0.1256609313805262,1.2376801240479622,50.80546634105419,1.2252443204136467,640.850753455722,0.0019076698156379704
0.11272846796547863,1.4437744712308567,51.38536008862104,0.7488325771076664,368.9203110441666,0.001720075864673054
0.09640459379736548,1.6172119544661607,54.84549377404786,1.1868461102321604,791.7907416543934,0.0017096855470169043
0.11353772132908874,1.2027274339728358,49.00047741960581,1.4052481987815892,325.5509760139143,0.0018463522880196905
0.13142299407708555,1.510217472563321,56.80828796962344,1.1346749683021033,458.9184986688946,0.0018353503515073596
0.30983377562258624,1.016389078594729,54.66111785178044,1.5469069041187897,546.6732045206151,0.00196739596162389
0.2291448130375026,1.1152563914015747,51.303634279484456,0.8110571442468212,465.1511103009345,0.0019643649454788264
0.2245424426091073,0.7244297236560087,48.663730298520875,1.208036366393933,426.6332575870981,0.0017763566213143767
0.19070868308703087,1.8376015480327723,53.15003816326261,0.7605526283479694,299.92620189898173,0.0016946134757627367
0.16272412941425285,1.3177991174078973,50.139193645548424,1.0038634604938168,159.81938376792715,0.0017719210474902564
0.2532835532322,1.6359538297114629,47.12382456953168,1.8948090428562505,613.2337944503971,0.0018601370237572477
0.1468682460273957,1.3752091895016993,46.96759162988207,0.2689330862281382,1215.2208646406618,0.0015675079408245004
0.19727013747860192,1.2349253406208585,45.4061892218073,0.23109403004676932,107.11296082887294,0.0014839650718904331
0.15528452938686066,1.6503154246295002,45.7296352845673,0.4302077767917666,107.06063968264387,0.0015662296795824647
0.1952199667543159,1.4824375895092574,49.66190627187753,0.7230204695371424,203.83992431605992,0.0016248206641470682
0.2289974998694407,1.4272900799343544,47.881736819109896,0.9344344182140458,858.4680951240405,0.0017874568071788999
0.29599171803693086,1.0746387594995563,44.574632928826,0.8198792526258264,415.2109029554787,0.0018639193048256403
0.09950471872877657,1.6451009420313356,40.88959505361018,1.7524205224833584,530.5653413169981,0.0019173096848149255
0.21914676093905852,0.859463918743335,49.6969675537143,0.32478139242017234,415.14656557644145,0.0017461962705305053
0.17820848919048812,1.3377620255512865,48.885409250921946,0.19826599161342517,792.0467979240385,0.0017526645469845507
0.21227523731700854,0.9239762518038079,47.847862416816646,0.28498762377606607,990.2455820908926,0.001853085198686902
0.1479219909035396,1.4465336223818666,48.423780124154064,1.8663154365183745,166.32910279294873,0.001729861406263375
0.1500369133667357,1.3682878761525568,48.139653582920104,1.842575969740274,164.69634983786037,0.0017067903547694674
0.2024433604159974,1.037735590608537,53.526371734925256,0.6787311409453729,1198.4728827040337,0.001804651255136251
0.17608392223607913,1.1568234151229941,53.205108358679944,1.0410748766233466,1271.3889817528827,0.0018079363745560878
0.21757805993046384,1.092256466510168,47.64324031693138,1.5133242051316378,180.2590561102958,0.0018507604778859447
0.23150625150845905,1.228759575507,51.42740078322071,0.2066605914613531,647.2116977748582,0.0016626902710982193
0.05979276718794517,1.5304986405181589,43.74326415368652,0.7331203209959852,100.94403517157193,0.0016655029866180456
0.40691180475582145,1.2066913192210942,52.92314595712283,1.4146044848350283,141.09199003676704,0.0019386362065985723
0.07462162757980549,1.6179616145474809,43.736363915097314,0.4519218484581422,504.7737179327287,0.001736103132603974
0.32611389177698513,1.0323941197680517,53.3894804453783,0.6691081800120353,503.5648322093314,0.0016319795914012392
0.17643941446137337,1.25396187667344,38.89799992189675,0.9488975979640698,532.628099751369,0.00167795993495635
0.12142721361933373,1.6495038150010624,57.163369218761844,1.976899855095991,261.04593800056006,0.001824164499518991
0.14852124846597575,1.5755727239572128,53.88395018002999,0.8455803719102848,984.8246116417456,0.0017386199742917834
0.2110684699712405,1.0335946230857724,41.48345643767486,0.21345761601482305,8.154148947511784,0.001613504357086292
0.21900695013026708,1.6991513666064018,60.219100540680735,2.1139466653865093,29.463754016406163,0.001871709592045354
0.21345878914002758,1.2608027035775442,48.035641295680804,1.366152533481588,176.27409319911078,0.0016787602152455873
0.15437307919046678,0.8633138148076827,50.1870213020896,0.6561894000233762,465.4514929293672,0.0017794269502224536
0.14784735605404403,0.7731372181824882,48.29802365843007,0.37675765201297895,608.0025114271082,0.0018065134069038579
0.18312925141480574,1.5100869386768458,39.56228958716215,0.06692530389716368,304.3775615905261,0.0018564487439076665
0.17706384443432527,1.3396137270700812,50.194504157234036,0.5925979327561919,477.8240919937699,0.0017998377501411652
0.2388652081212237,1.3363737204167943,49.454968277212,2.05293342495595,337.8625918673035,0.0017251051708309926
0.2630771457739323,1.3608841901367563,46.933186706083006,1.5308919578064346,833.644146746917,0.0018409841677268998
0.12731466657750598,1.146620300464214,48.29879029328212,0.43343387564990576,118.44445781169033,0.0018919810957692665
0.1455066024089724,1.3657160621001236,48.31740632447891,0.3439582566876903,438.004352084335,0.0018123778727121016
0.2593981295302232,1.2654183014500053,54.86323593435802,1.7178562572851268,690.3850587005971,0.001867415253710796
0.19599380259215338,1.5539133087807637,46.457094922997555,0.5568314001219329,468.5996307236195,0.001647799425469577
0.13925236829774232,1.0735832882790577,45.54137545319693,0.6833452790183463,469.9488879121591,0.0015867562181674183
0.28636482654847106,1.0292707499488203,47.87858438140669,1.4577020651116048,322.41739220353344,0.0015421651958967377
0.1949810273280238,1.402852526101309,45.58513968675981,0.9127184717133936,409.020337179542,0.0017908729000855588
0.2723186326227637,1.6075598681676437,49.89225696195788,0.5746324524764992,61.80097154159261,0.001800826496715279
0.2836901263161626,1.8513571946333394,49.09836674461917,1.1881827889063117,20.711423870265847,0.0017727435606283738
0.20379877887782263,1.8991697339141869,44.66905625657406,1.786803819123724,22.958202624451282,0.0017382991038897128
0.24096148034485407,1.9249332043572063,41.60414481350625,2.122577719729502,95.01263117631386,0.001812182019460879
0.23992574396987987,1.909976809610133,48.572641555521955,0.454335640184143,964.0977558071756,0.001848306163589956
0.33196111163092235,1.9556856129616536,48.476144473545475,0.26817392292082887,218.42834816781158,0.0018453629829033127
0.12215692987467361,1.107067782070352,54.2726685154713,1.1896828936089725,925.6201170567737,0.001739440377033777
0.23621704869068424,1.1979488731445198,44.557546285861825,1.1844316345738564,176.12943773981587,0.0017676936454924443
0.20566928104870263,1.98978494146501,51.029052573436275,1.0704280290825414,13.886741250209134,0.0016402252355192585
0.08383771626411492,1.9884047922064298,49.32935216823611,0.1452546698420062,3.4793905837124974,0.0014098138456902771
0.08900790082331489,1.9857185563089954,50.71346450653154,0.1738610325905433,4.831215308751809,0.0014415725135098522
0.22381080937961229,1.7015000184410356,40.52771272756509,1.088235674913106,1813.6661888027843,0.0021148222733030565
0.2637787052451278,0.6369139804665285,39.34732458518693,1.0450731622105576,5.96413663711105,0.001846059962454176
0.24155262727135374,1.2904411839833523,44.895392446585596,2.0983828312289394,8.789433503638419,0.0017409211722245036
0.2769947764855415,0.3695369211076651,48.33025056517757,0.7114722655285017,10.351307090049648,0.001790953958384404
0.2596757814380015,1.6265088666298222,38.39987184003568,2.4906300508566646,37.94937780826227,0.0016799202352086743
0.12513767816617782,1.7284539087852127,37.74866285535889,1.245203395983711,57.941557351511726,0.0016952345084890893
0.0944975458708951,1.50916044020671,46.01953615903049,0.389096942053873,395.47129551371114,0.0016989272921915538
0.2806882863997415,1.6294536122063372,55.122582646935115,0.2717540298986653,778.8655584705433,0.001585238952945909
0.1609345678773533,1.6025189520671959,46.079901372399405,0.25672081270546915,276.3550019299878,0.0017001902111981589
0.11501426734563977,1.5535359452249446,38.98261366519384,0.14856645800091262,295.3897720043264,0.001759837933760195
0.11709629899271903,1.5987901618658258,39.1029375433682,0.12930790315147725,279.40861837449916,0.0017652016205489283
0.13703955020259453,1.6691942611002024,48.727543000160125,0.07114540294608726,660.9776176811106,0.001745319130251708
0.21245626722544847,1.3536725832471939,50.6998036942201,0.18140407499218927,374.5016211935493,0.001716008599852208
0.2271494237106368,1.3364719855573188,51.60246088856777,0.2316547620303979,484.592306955045,0.0017104539161589397
0.2521718842583762,1.8576077253233338,53.16267328325869,0.27635183230569943,326.1321304339987,0.0016753029940448955
0.24920544231355374,1.458042137350647,52.37818632888019,0.5978525369320599,359.4208708007113,0.0017949295201523238
0.14528825535430753,1.627209169733547,54.11789901482096,1.0635505661008358,672.5515424173902,0.0016765478823909008
0.12397014204234275,1.4514086676346343,52.94539083508107,1.220743088431693,311.43541910647485,0.0015136256543764033
0.04964026025198853,1.494543594830381,53.71708254304444,2.121529118452874,227.62399668768157,0.0015776106713295175
0.4525553570043359,1.9524502202302512,50.1166060923867,0.7429107379181528,255.29452496207892,0.002037789019585667
0.16801065724022493,1.9279505640425525,46.53448762234117,0.33743118023413904,609.2307622100066,0.0019368053595600664
0.21048869208968413,1.9788961672741463,50.97510359788282,0.14619889189600804,798.42143074916,0.0018444138595596134
0.17685962595969013,1.9001741372887135,46.11016816884652,0.1604458237700839,127.27202298830791,0.0017699452251190872
0.18691483587926963,1.8861534648900133,50.38932441052778,1.0656250108454544,1062.3258971234552,0.0016195266584202441
0.08703921775465476,0.8543562050774663,47.763876719356,1.0741349009073693,121.42640987710719,0.0017101028751111953
0.09115746197744691,0.8148244378484643,47.25366170913752,0.9097356930570555,108.33730188071847,0.001724141913703059
0.2974190493214827,1.8690639553132635,50.92545913792051,1.2915538619599536,195.0481797184486,0.001955690747719386
0.18138522259922654,1.351460437377906,42.86534686865894,0.7076745448629993,832.9618850239824,0.002066825044182879
0.2760471852770246,1.638257799784094,42.253453374928824,1.5336436671745433,142.234640007677,0.0019095668348249114
0.2371408848414658,1.3093505955829514,41.02010845379194,1.1512017449487197,1058.7732632542127,0.0018029541155352446
0.09880742819809618,0.6853322296610226,41.95651557322865,0.8153667511819181,366.86465797919533,0.0019650244286409796
0.0911996603106519,1.3922552227762983,46.55143965240453,0.5989432672148711,496.3692542168651,0.0019254904825922632
0.0640623986971823,1.3155845575692726,49.837944195533076,1.2785615081185946,100.43965921461091,0.0016029997987403036
0.13146532640022163,1.183289215773967,44.79996397622999,1.139811254554173,177.6149139776817,0.0017060513707498925
0.04489197687545075,1.4886663699860616,47.95493007408172,0.24375837460350888,143.9891130253489,0.0017364268170318182
0.026130860222069754,1.8035713471863095,48.15779745451848,0.3077421156006203,172.46930983212042,0.0018009845966894678
0.23945108130261097,1.3006617422785425,48.37285314638933,1.5151872358072676,482.6754808991674,0.0017290511944734095
0.22457540858499211,1.4039222977483996,46.9660985385454,1.764767963465981,592.1042984687234,0.0017435113906448833
0.27399576622991684,1.1122879406803452,51.24208082516744,0.799338359937929,824.6111971073783,0.0018271953022414686
0.17001543008205494,1.9387800787350917,54.337203453736535,1.462048435368347,154.2794670715454,0.001779576599649121
0.09815726778559479,1.5922455599116268,50.31299573079527,1.2321919182438408,526.2612514280788,0.0018688230761343635
0.10632180822836229,0.8723755404335672,49.597121493536626,0.7335694383547474,502.777053061442,0.001805447573309978
0.3740564121386758,1.2742207077931649,46.61317948855011,1.1294795426074027,724.4240931288549,0.0017447410068624622
0.11750525601272203,0.9794240906194136,42.40145004752527,0.8488717911018294,290.45827900214215,0.0017989820823675906
0.06843557809387375,1.4722073212035052,44.92447385524075,0.5663205975794098,148.32067582648125,0.0017291677754875951
0.2275749504988257,1.3597353422238085,51.616102703121385,0.514928347076623,263.53091948276347,0.0017914028548253996
0.09078948098495529,1.4460390123506803,41.93319776898187,0.5214959444911367,740.1571690885611,0.0016559759211816516
0.20956410238199996,1.2732334569468098,52.15217006507722,2.520887179219063,359.7913185835706,0.0016658639650556745
0.2921704855928862,1.5352355181807678,56.032839919998025,0.7562321832023533,1084.4850589794546,0.0017378726081366187
0.11019357567077948,1.1010297040918795,46.88473853055393,1.453147924144097,212.3300720902145,0.0019782103535366012
0.19629850580345334,1.7941457120209343,44.93329926175043,0.4346955349034595,349.1314657533094,0.0016019988169998862
0.20172030007485722,1.3647130581589018,46.91124057693656,0.2683597355154824,210.3472289211559,0.0017031416965229
0.14056483651100765,1.179853115880616,47.04490248536327,0.4725493162853683,270.1359281941024,0.0017073781239453586
0.23754504422284672,1.4117454532357943,53.41011811299382,0.6082353560375625,917.0165435745708,0.001813483309614509
0.11760085881478326,0.9372075628577343,50.734581035370645,2.058501146371399,245.05660679775738,0.001891351932034928
0.1545369357839009,1.0906968685763068,50.934626904062256,1.1196657163331698,228.19511345749987,0.0018852870439400806
0.12005085917583919,1.7717791572135002,48.486707470709554,0.8834222998566782,340.4730655937466,0.0020421493162462415
0.2206237418537621,0.533338280226664,43.56095021375955,1.3768644739646845,591.7428159406702,0.00166108179644627
0.13609769594329893,1.904304592852548,54.26047086349553,1.4369690416167977,646.9914380586986,0.0019232355717892621
0.11314175863041863,1.9162086744686393,52.89527801001133,1.4501264663934537,494.3862720180599,0.001907609727392807
0.2999014715608925,0.6755873285122332,49.31823957664748,1.3176807926203669,137.22054270794038,0.0016487412219967636
0.05119480946976221,1.7785534699632037,53.454607202595845,1.3569066596885608,600.5007923518093,0.0016314052717412834
0.39148420422054964,1.8253386159779497,40.64916776206046,1.4609446336525154,666.9016337798195,0.0018601888813220215
0.37174314757686483,1.8765769220548698,37.9759098773048,0.8880091325382055,656.74774783545,0.0018639508389364414
0.22073246143345424,1.7780237526630145,41.58404018376993,2.313464757028298,448.21310220696455,0.0018425060215123232
0.16209261597467975,1.6742190541259414,57.33962571147031,1.5872655121065808,699.9804358780835,0.001748516915620878
0.3157918846205745,1.166320294638746,52.57565544696315,0.5269830443637884,407.0038299193964,0.001634725792920481
0.2005494509267587,1.475456899150063,52.95709048068385,0.4175867572284282,182.3580885595281,0.0016350516511210796
0.16709642465180044,0.8652824512564267,40.02403471101838,0.13225470679442197,167.73703773482828,0.0015936328468329577
0.18345153275434017,1.6193872578332598,50.345747098638725,1.097220185107641,1036.6001050175566,0.0016008350953106922
0.13633117177951115,1.4826162700970074,43.84300982483623,0.6702230501576044,158.62310332076464,0.0018409833353003645
0.19642659087584283,1.764034369155469,54.496571050840124,1.0357309264972197,597.4926829890976,0.001643565161756815
0.22393470809760138,1.4271414887985416,55.76242365227815,0.9169426845608989,613.9300756290453,0.0017359769631970345
0.16441217327641083,1.1852489393479213,43.717554090307196,0.2758500407355521,348.2927403578525,0.001830769517971435
0.29949581127459024,0.8403279129585186,48.52829140855458,1.0338725454256776,698.9376031260424,0.002038505094320756
0.18073775957129448,1.5349492731388559,54.16455057547433,0.7764511574175508,319.2771205259419,0.001759143145177614
0.20191525919227893,1.0817359678678944,43.33020991041879,1.0479663259800371,674.8542176926093,0.0020845889906933182
0.17973987953980686,1.115481245488589,47.68776189998519,0.8515852654250576,232.27574861294585,0.001688467483826425
0.24301944027214714,1.264765172153751,45.45442871696946,1.4734732666645902,885.2668162984892,0.001820233488408599
0.1907407282298339,1.1618807712557262,43.15517778384486,0.39977460420492716,339.751895504004,0.001809327480806071
0.12031366046818819,0.8877989430995213,49.172682544392266,1.8171499858330982,144.37863313952542,0.0019220319216791074
0.14589664351052023,1.1789524128589903,52.44107445720979,0.6979652641882053,139.2003944340575,0.0018894982704091277
0.11224126080710724,1.733206933912352,53.29108669049226,1.7258138675685977,1059.3405273398948,0.0019760284731282877
0.4337019177182367,1.133575138042132,51.43653763508457,0.45840887467177843,144.22246074735665,0.0019072639665255093
0.2709186267986859,1.7154484587549532,57.07337088590463,0.604369809895809,1211.606671063531,0.00211517274282694
0.12255126722703652,1.3441588874495443,50.11547811922211,1.0952741311690444,33.38434639014998,0.0016190294433712543
0.16605684866885723,1.3749061104691467,55.3379718522761,1.310855252919326,1437.9390932275244,0.0016438546036001407
0.1048597380647425,1.1725457995043016,42.88563938586843,0.4889667141275632,17.42425525496315,0.0017901993312666132
0.32694284468702645,0.8996451918659987,45.4800901522798,1.8963897743509581,54.82734404739986,0.0017286984259644042
0.1415426774833151,0.9682523916105065,47.09229200119301,0.6263923382909794,1611.9838972536704,0.0016561487825807874
0.1465820546242897,1.00337126897526,46.02174077138613,0.5018160753247901,786.4823739649067,0.0017091335459398869
0.2660469741459871,0.9870216962372586,52.33385225736004,1.806219934281827,375.43703000437415,0.0016929505054422784
0.11224973959228776,1.3020852618470429,42.83717472710192,0.5478780792200694,469.5256818291643,0.0017641913555921554
0.35167115736571103,1.0616478929547746,44.34751339429106,0.12848428445134683,662.3011738603797,0.0016349036400167074
0.21685725348803553,1.5587528792221497,39.73076584559209,3.0275919432739133,331.3560191670596,0.0019472671001341093
0.2826433546094586,1.0523418357599876,35.856313629621084,1.2697519549819851,995.8998175226225,0.001841111760050132
0.24652844795085851,1.0989834389915456,48.91325992600394,0.7125360438836543,67.39587777039534,0.0020243567787272924
0.10208265805538387,1.4323090669805754,40.26497142768181,1.1192727619918428,6.708103316655991,0.001729396017310075
0.2785013557701623,1.8926346870922708,57.857953755166776,1.0511460882538388,13.916103786601056,0.001639317158516756
0.22868609634165127,1.7418018584327808,57.798608727635276,2.069860285567579,183.3074958451411,0.0018836114381979565
0.11711542120921019,0.7755679959286025,41.73040240075809,0.9465307302375764,27.020089736909366,0.0017917188440429524
0.06029326522369176,1.1166186073348465,45.669802712867565,1.68453843567219,91.45212301599462,0.0017986677528695311
0.1733586178461045,1.3384233756176551,52.52439762131688,0.8794561689845858,247.6754579216813,0.0017319602084132006
0.2550443575243833,1.122304200019214,51.85869515315651,1.894900483916213,195.27674804480074,0.0017967146712110486
0.08279343994383676,1.2850563699490851,49.69912917335107,0.6788766343112352,326.21945485461504,0.0016691229347366653
0.2045516666132268,1.1813422369508086,47.859897249941454,0.5898578677385728,394.7948979521215,0.0018737509856838913
0.17752017960523545,1.363874203902644,50.3581969739773,0.24245015646747467,107.27955154923428,0.0016989518795460803
0.29664586510212193,1.4465929576460446,51.725287036798164,1.029973080939904,1144.2714594125769,0.0018476414618377442
0.18631343390493738,1.504497639436486,48.76383881448618,1.2522802739006618,284.1046973307191,0.0015916081381455453
0.23614007255497704,0.9194473802730099,51.683133914122564,1.0689183981080657,329.70560725759225,0.0017137498146224187
0.2349730296890308,0.888112005063269,48.82165692596219,0.9613940651640946,340.18082418223554,0.0017232107404539982
0.2328000405988198,1.3060486272093816,54.75738089942006,1.6286729689684825,106.06687473583855,0.0016437338001639246
0.1599578646490188,0.8495758374317707,44.08389299142681,1.403388136306375,100.09487450429783,0.0019200216259589085
0.26048719013472144,0.9828029101772822,46.04794905541188,1.7886270221958909,269.82322168772976,0.0019219850717715156
0.19315063527147108,0.8014740528314648,42.48994188911864,1.337521785225024,296.47703686092336,0.001987380282738717
0.1761209318788754,1.833524507592954,46.92138966309085,0.5297021974415068,36.724837765968495,0.0017274903757039729
0.31569646087094666,1.4329712636718996,53.88746412918124,1.16023697413645,5.284019157254246,0.0017516657843681268
0.22663910993939487,1.2418699517371157,47.65779002298675,0.7201604982388582,5.434439793905823,0.0016790457199227931
0.2517837292824439,0.5742322205751107,47.74633934727854,0.5216914629431413,9.632684284148306,0.0015768043231855903
0.15802705580484067,1.8247262137371243,46.30217892166577,0.5793864972742615,134.15497788346548,0.001916927243623641
0.3625332623482552,1.8893744288669136,51.89323504812947,0.39437824544476363,113.1424655709112,0.001943283572626827
0.21761898730759704,1.962762062898192,50.431888242611315,0.35358706438308457,673.6505370836153,0.0017537250692836754
0.2547762185843057,1.0207069454263993,58.1556040459744,2.4518153761192996,456.9906407872306,0.0018082442039721784
0.2417243558427824,1.335984446169732,59.771405165915134,1.1154159856406656,1714.7264929061894,0.0017686188111139943
0.37972216080698346,1.6265632380895605,46.722188060096734,1.335952855021104,103.80511879828885,0.0017880723640662723
0.19277511576669085,1.883748038992794,50.86818764072407,1.940377927027191,403.140306440188,0.001767024067415094
0.14348175623503295,0.8790546988540372,53.888289044088154,0.8696974495693865,1037.7227891532286,0.0018584368003105726
0.20734792315217057,0.7558510242341506,51.4826355961219,1.1309043829485579,577.9350217736115,0.0017596817567363747
0.2556613880578998,0.783233549324399,54.17226222415179,1.7858862279520011,426.0484802322408,0.0018181071617650404
0.0932673672082288,1.5329689956215238,51.535557227149845,1.0757478623242376,372.09016040022243,0.001996578140531617
0.23369846738998049,1.55554985849841,49.44310537043157,1.0627539297607371,596.2449223538173,0.0017581166830279809
0.2871660182975734,1.50169650436422,49.00468526381354,1.610233416184928,532.2042120121596,0.0020055675772355282
0.13335844347316783,1.4012923385171123,44.269523497550196,1.02242605331018,509.9703168363273,0.001474063603728535
0.13896630393177564,1.2428225062316256,44.37664986600671,2.8125366816650303,623.580048143946,0.0015268573132610772
0.2251980360991577,1.0658726254270285,46.51677643280762,1.2757273137741707,877.8376236986056,0.0015783366421483205
0.18051790067697193,1.116451388552768,45.489481872194496,0.8345427764336957,42.52347082070375,0.00196929924190992
0.10261785796070112,0.9554929122654775,41.55971261185874,2.4918294688700433,85.10202150655475,0.0018059413868359298
0.19699591170071365,1.515494068028053,52.4618294389042,0.08699545926363632,668.6785420182565,0.0017945387483159537
0.19777810918720734,1.1883313015036232,47.15479801196378,2.9955313389267126,721.5689556391034,0.0017336649113372617
0.2749825098197736,0.5909160406087114,43.67672136916791,0.568851782464703,429.04358585918203,0.0018236301409240855
0.0947504639719297,1.9226139695471527,51.79032021531129,1.1201682566963436,600.9329039579989,0.0017764246309781937
0.21589645204143643,1.5565475864216292,54.64922528188067,0.7633812049486026,43.393041617222714,0.001729975310489938
0.26289621477909153,1.2598994316352816,48.539195797921344,0.3327477761786569,37.224356932359925,0.001583194434711669
0.242741007097647,0.8004004514696396,46.94053604295351,1.3220566650587613,143.7087113293198,0.0015816631015572635
0.08574325251700268,1.4898065521007933,49.60009749128179,1.3905577393464559,857.0814137465339,0.0016037160481704455
0.05398302867808473,1.544172617863225,46.16882725542501,0.9649067903871148,83.7075555423359,0.0016501142143918125
0.07435853151188566,1.5358140903104391,49.297140994964685,0.4775690258213009,447.41771520492125,0.0016025936213261503
0.05643745175762987,1.510605022373424,51.04201614490273,1.931898980025,931.305567701442,0.001720724956478035
0.36922971975852975,1.3231281280490927,46.42384082948844,0.957122235036004,273.0360703477246,0.0016992700372513926
0.13884821414694584,1.0007062596760101,45.39158131457568,0.20152105466780082,789.366646377416,0.0015766279687358365
0.22143041452391707,1.516693677925923,45.56773729068238,0.18650337082962837,361.77803221244494,0.0015191783282840448
0.11097684426989611,1.4321980693742797,47.68517213834798,0.11054635481245087,632.4572771241612,0.0016111608435280173
0.29234146659270727,1.9468857453971602,46.97932966000193,2.6698111628927363,99.1464641415333,0.0018646395612154604
0.06939778192063377,1.2963600717119386,47.2883044254466,0.40432772515509247,159.67568187946486,0.0018804380061781924
0.15971523505998605,1.2590162313908817,52.509854853094716,1.081077242960476,1299.2720325830687,0.0017068293279272771
0.04075937342324423,1.8428540790054684,52.31280197544924,1.4337714777711938,133.03207337919585,0.0015987533911593667
0.05614331422126829,1.7343940070783386,50.32098761932982,1.051876536185782,58.70577958162959,0.001570520041541517
0.23265579502753794,1.7999461198454858,51.09368000724534,1.063746348532206,1202.3097952748785,0.0016936927528326214
0.2852876946695821,1.9606823094624124,56.741557909018155,1.6243401213712416,139.00234304804223,0.0016075477766192019
0.10688043684149724,0.7255921213026648,48.21245681848012,0.3180758125445296,1217.3923110695096,0.0017572051627515119
0.09323952308930411,1.1924701667187354,49.51071122445088,0.4431619009420797,677.227833992793,0.00176855692318237
0.07918380360469005,1.6385429104915925,47.96500973232366,1.861298205351221,337.8732267931632,0.001946715818760711
0.04644808840793446,0.9622188055184003,45.75945351230928,0.4956101440377645,135.7324211598244,0.0016893824779219348
0.03956041070967548,1.9030180328005455,48.611295540136254,0.4002207468938092,358.840451019755,0.0017843798994197056
0.24157581453929725,1.1145835578722054,47.005980836920045,0.1500395114573391,667.1461582551001,0.0019426372561690136
0.2753078161743528,0.7968617326947373,49.853658314893714,0.09827211783776721,499.39658400815716,0.0018263526443433927
0.20823317844863048,1.2484343917911986,48.09775290249632,0.2446794539250145,607.9081228057044,0.001739138226577724
0.227297359806273,0.9663602831848656,49.15274009294109,1.628104336426122,333.46469951477394,0.0016907502764070843
0.2294021182731154,1.026835318362655,42.910085873148,0.5421233206421453,723.9068056841386,0.0017050565745535956
0.21525066539373966,1.2238142382391852,45.57548127132651,1.4969421250163948,239.6440617268186,0.001722411563099236
0.20053840853233149,1.543709331123072,47.64737725268323,1.178933606748381,80.2019376855112,0.0017703115826411878
0.09600608066847395,1.473072519902074,45.56567913467714,0.4511003947543458,120.28108094835194,0.0016722286254114347
0.1265792409698044,1.7070840228864692,43.8349187473297,0.48136706809550217,82.16091418028122,0.001622712961901484
0.3484317904764249,1.3664871445917963,48.764637886910016,2.064060041501584,965.6722244083107,0.0019606689707664542
0.23866497101274498,1.1984120187729792,49.94062781777073,0.48542490366682023,279.22827768880245,0.0016820185591251502
0.21218878793593438,1.4570699735071317,58.24196267866585,2.0180141271325254,325.04354006213845,0.001738100923272916
0.2481560356017549,1.6693767108446589,60.722334552565265,2.4521060138580033,130.47272639671718,0.001695785185759769
0.15946479581546266,1.506703862499247,44.936356074654014,0.18388160309510615,66.12517051084508,0.0018104781870342387
0.20763604309476047,1.378996472211824,46.95468850237022,0.28844572767568205,55.04745057879007,0.001744643802859026
0.26464693238294135,1.5477811862350388,53.135136044386066,0.6409676067075106,427.22195714631096,0.0018508466600736214
0.36176395069401607,1.1330697215743954,53.53722385663801,0.9163810435278256,209.64540288132767,0.0017656272056986993
0.2177062059077618,1.4067321659026333,53.49803290047196,1.0166710534705676,281.8199930139028,0.0018161611243858646
0.19573876181860952,1.6735626911660082,53.34590565830672,0.5346222636598689,424.7079378337634,0.0018599074866781976
0.17893825505052116,1.5822275518185056,50.349795432087674,0.5290522593631838,147.10951429500506,0.0018589353387255328
0.12226497906950809,1.7558791504318145,49.25041407480943,0.6400576638654041,626.9153008654459,0.001731449391308815
0.2994144622328537,0.708868587326058,47.96295379732598,0.8219917253663467,68.8599342610421,0.001693500395617876
0.21261392043765467,1.560847285612919,54.25372781709419,1.3005248844686288,59.78092670500613,0.0015903397564257541
0.12354388416019758,1.0865513837802567,44.52435752046055,0.4024381367150926,1228.5760627863237,0.0016474127054372548
0.27999021739014124,1.1139875882612198,52.33654696259068,2.4221347398075506,23.603756283147224,0.00151449198868043
0.19602321230260641,1.2194144835642715,51.722748979606024,0.578221503233162,34.63222973939301,0.0017945486293223178
0.24725034104782814,1.3895302473442102,53.78954443502027,0.5847396064095446,76.81724840665753,0.0018105255356188489
0.18940453927719617,1.4883642610216932,55.285235277935264,1.4091530959794007,9.330825373383892,0.0017341259267628726
0.21207332322721562,1.745242360385861,50.7211244535815,0.6837568672166061,5.6398085487509375,0.0016851383097238677
0.22507374603029748,1.5856255593885316,53.034053951073204,1.2285010210749707,2.670935150707184,0.0017796473638643227
0.28998714741158327,1.519886940580336,52.43353193463145,1.623892399375975,3.246516672478291,0.0019176805113122277
0.07332253271391785,1.2838564100824548,46.56628483771296,0.39190598567981844,9.347107328658772,0.001767939504178993
0.07774505988570067,1.0893145859577136,46.07801967792361,0.290351003847653,8.755485700830803,0.0017582576845400744
0.07380028991173399,1.4632545088694935,48.610561484256294,2.254614441586956,154.46357403431946,0.0017357700227819948
0.13971008084300224,1.1106530979466755,50.30179382935979,0.24693763749666228,766.1820021508217,0.0019247367102331043
0.38149995645618895,0.9637878412683479,43.58998837513783,0.09112602455779224,424.1923557611551,0.0017735683158919327
0.4642259724366367,1.535859596145194,46.212457712160344,0.1471458268410681,227.7258134273814,0.0017167917104943058
0.06506943327638201,0.9651701372992961,41.57087369316163,3.96038276724905,353.38176452538676,0.0016103815945320407
0.07422981298403131,0.8435026920221116,42.48800857659434,2.4372457167974564,484.4380627491454,0.001656804520015397
0.1113757536302232,1.450698089347353,46.21530759705082,1.0859358124404441,327.25458422871804,0.0016431477144134509
0.1058263090406572,1.7642438825197821,45.047512592168125,1.0474211070144814,402.6330145058552,0.0017222001834216276
0.10176138760644204,1.9899844852071324,49.400662834865706,0.7657413283672625,154.7116159425022,0.0016879610939588025
0.23782716029403247,1.9985268364250504,40.335212356184336,1.2774833950140605,95.80383353224721,0.0016532997389391412
0.2540463195224215,1.9952869198017642,50.85152415181217,0.8690671819065896,120.4468759191329,0.0017798379464008158
0.108618825270565,1.9213241042630649,50.988781599519584,1.110335277644963,149.9790791524047,0.0018914816461541694
0.09042241677379285,1.971601004325782,49.27280318187433,1.198813070716879,1386.7897012569722,0.0018723741063342398
0.12283688962341513,0.6760309480124488,47.658142894648996,1.4543675112311605,87.62919703010598,0.0017801068364292397
0.09919370458691272,1.8596348543353527,44.69166225276898,0.3624703110449103,13.994658599805668,0.001870129238546152
0.13139687717424425,1.8301622498857244,51.34142879011031,0.22598094726477522,18.653423965806063,0.0016125785083487972
0.18613394837816757,1.8061069064824553,47.956178110938204,0.30770992749013615,88.8270292122266,0.001771373356307506
0.23204549418569384,1.039786344752255,49.78746446266467,0.023154156882958122,372.36141172002567,0.0018289143143564298
0.11150763873176198,1.5488489868701212,48.4561321481458,0.009018124679152273,206.70492897375328,0.0018732202630747424
0.1754136220247606,0.691268637320054,45.29050441232078,0.021729439505962136,1264.8414597356914,0.0017224951876427025
0.12332678168964094,1.4688769932978456,47.07131214102224,0.10836425695551238,194.05182349084942,0.0019280078575442108
0.16167112733985112,1.037133400348457,48.45206761590373,3.2174731303738078,422.0567046785849,0.0016461114128986773
0.14564366212557475,1.2560215731649222,48.22348921677109,0.21850907394467706,650.8568095309573,0.0016266675206210335
0.2170079223407361,1.6817700605595167,54.83781707511587,0.6733263968621019,415.1392149059771,0.0017763900608390919
0.26398928561214097,1.3424805788607497,54.10233692232892,0.7834013925877971,419.05880450936706,0.0018596533856132834
0.23968939700544006,1.3542827898013614,50.72812839638137,0.8865595606094252,384.7684321445122,0.0018602591245063243
0.09826051610043385,0.9734353363218293,45.49291717356872,1.6823511862841771,623.7676523234085,0.0019303871193387607
0.08645363242832979,1.3259445850582066,49.014796490541826,0.7666848840011835,416.8625873305131,0.0019750312804926277
0.3338403931107647,1.4685148408199518,58.659751809258296,1.4475829872803858,489.77124441788254,0.0016558664962606814
0.24356972013085565,1.4662331527709136,50.09906119589194,0.367365207473199,594.3893141098088,0.0016401472568653259
0.13656889355891813,1.1759523520983686,54.36638036835482,0.6338150785178672,1531.9500016563618,0.0014532384058897447
0.02799258405383441,1.8481897479358744,40.87666721889817,1.0740852268078713,67.49970491937677,0.0016742324416032096
0.428058104403132,1.8591314262191827,55.22277604578303,0.5028515902194135,1494.0204095239994,0.0018622895150475689
0.372906804859531,1.8078619007774055,55.562087319073896,0.5094226826432212,723.2656577232598,0.001848682827639914
0.3707015571758982,1.7797170621775311,58.17287599449393,0.6395632704778746,853.9289579385528,0.001921355603802373
0.14142760495065443,0.8396522417855494,48.18367488669238,1.775416812516918,335.53817016881726,0.0016907134733205012
0.23413401900256106,1.3848777741795673,50.380689108031696,0.8097059478123023,763.2449480430721,0.0018492143033162745
0.2633920029853375,1.0218570030276324,49.79226752557556,0.810358330003542,731.8453717633965,0.0017384582274842665
0.11739481557139496,1.3014663647135751,48.547119675218,0.9828016337684304,622.0177212886923,0.0016757739318321151
0.16316096309366226,1.7183791329001772,52.00941384788592,1.1105172748616006,66.36237749251553,0.0018607255373128805
0.1342174616871383,1.9500622949763142,55.23936265472037,1.3938806179449763,1109.134360275444,0.0015954279005270682
0.25766771749838907,0.8425367689573863,46.524649070587486,1.4671717630686898,69.7783705376742,0.0019084356994687878
0.38980840691952473,0.6231179342730875,46.161024023308315,1.410399560613859,30.027252030596863,0.0018283205906819118
0.25573720040493225,1.0333810331485238,45.82150343219933,1.4745322413363748,1084.0937326107608,0.002030844255535844
0.1708241821663765,1.4717646622016736,57.34494213549702,1.1805757282173712,143.07669897178386,0.0017491521535612882
0.2903524796003595,1.8727844099623412,53.65172215053783,1.1304697644521138,237.80421089030082,0.0018667665129174851
0.3147784802050268,1.3610265250424125,41.691200124657286,0.7958150598369639,173.91700562828314,0.0017891131498729569
0.485239700721129,0.8848080381211828,41.569751358546384,1.1221762779200555,518.1199916042774,0.0017530342649119779
0.22102087428624045,1.8783720726881445,43.25205661451089,1.2950814303310743,609.4183628821438,0.0016124729411703233
0.2208120050949083,0.8131129556826778,50.88456503714172,1.375429619267417,252.22333825367312,0.001905348422044871
0.20889235308991816,1.8911855646800533,49.103917183095426,1.063558753956876,344.08947012394856,0.0018006856615858336
0.0927951196046767,1.9055685827724063,53.150344076233736,0.7645111219178229,1042.874141109313,0.0017576087869598787
0.28947559231171266,0.793535504240379,55.571435140977044,2.1022170461018708,121.28979592828213,0.0015298548573703626
0.18310242346389874,1.811170172033606,54.42135346422784,0.5506515163596892,583.9314757648611,0.0018687459485056178
0.09536638740168854,1.2950106668043042,57.51774278839289,2.8123760315849187,601.042603268338,0.0019146921483507921
0.13103659245383287,0.9492331390139076,55.80363411164853,1.7137355144556092,685.916312416695,0.0018989360646459784
0.4202848303973546,1.8165304148671495,60.262038361330376,1.269445472062813,495.4884223871002,0.002247756079774242
0.1704143337675994,1.525522916981332,56.97750450830413,1.4961099717385185,613.8076168258848,0.0018889263066416302
0.31256326444966676,1.679275070703496,58.370160161510725,1.3738123830583895,501.855247738286,0.0019075221867239714
0.13069641950390273,1.132958027810969,46.99031280311208,1.0616517079330083,32.94910884330593,0.0019039095357096909
0.16150145540031915,1.1614038814138101,47.18412638851877,0.64805935182708,77.08502681213977,0.001882769890333586
0.16596875239589393,0.9063618292315118,46.86933167029306,0.5271414516274466,200.32089394019283,0.0018348689250578098
0.12197142808785541,1.834166620559171,53.390552237890425,0.5074591317388415,902.707752837737,0.001580517015441802
0.04212375334711246,1.884170495963488,48.88011791734323,1.7250168728173245,232.73003610539658,0.001570902165843547
0.41865668401042777,0.5121487054695676,50.584566917646875,0.6487241418590544,30.870597237075383,0.001748250944680247
0.12172308631421876,1.5800499947363087,46.21010763804011,0.9053724428689872,437.6404014479682,0.0017461274717023051
0.27450224115328004,0.6992910113194448,44.989614543305066,1.5918623779574632,535.3462441484895,0.0016689701481099103
0.1781380867719489,0.9232611491882705,40.35617986398671,1.9542125050297925,430.9674209194429,0.001725856460249391
0.3600189145560876,0.8983642182293576,46.89506625688013,1.1284154617151965,819.2259880379232,0.0019438136426274764
0.4009427594764888,1.225021141572927,47.46938873783691,2.39893280472334,233.0996194620179,0.0019267238302150848
0.06032703515506823,1.8411282695460645,47.67296362131093,0.25307873533092695,51.24489748522622,0.0016193959166454581
0.18510010992303644,0.7656067820155581,51.87497192352499,1.7023158513715126,1262.8535995093796,0.0017677176315995626
0.18166304290137203,1.3696905008237856,46.499004926714036,0.6304276729242536,87.34861402447412,0.0016605682087991742
0.1968257021819444,1.4610827220913543,45.545096594720135,0.5074315268001526,84.28084250277352,0.0016451905710107887
0.2509710971326337,0.8484084352330735,51.58387481803495,0.47659507563999315,1264.6781894296769,0.0017817029487718517
0.2502876193058014,1.177840344508148,52.12583886384308,0.4609863143040654,785.4700125550414,0.0017594138289590772
0.18207449581540786,1.622740850365218,51.79664680990713,0.9948183478693137,450.86049497173974,0.0017992483308975
0.106720699142334,1.1343971188870767,52.17428359252419,0.5457161928245164,788.9403342181232,0.002193009405162727
0.09796196560403252,1.2092193503050865,49.1731796401232,0.7521313984378197,628.365500883701,0.002012886674939677
0.1664513256200152,1.7924622447496272,52.66524973949955,0.505552523832993,523.3104781338046,0.0017368300802281448
0.2917359492461411,1.4751021279618275,45.20914445143886,0.6836186438354661,540.3913732113282,0.0018385125840976266
0.2010359073197384,1.3302584710946934,44.59884876175223,0.35141158894782254,562.9017994417095,0.0017264096635963427
0.24369637275645561,1.4837253008997788,48.0674808878418,0.5994378893437866,234.57787869914011,0.0017307485135381487
0.2079593326171545,1.2222207330882968,54.76864011205759,0.7309221505184454,1210.05264588196,0.001962299151171115
0.2556364711172512,1.3494219535129768,54.192282857300874,0.6625735521385919,509.6749037152966,0.0018639478064934039
0.2005428851809369,1.3010228838895406,52.815860616186356,1.6176343235538682,553.3316776910145,0.001986856614960776
0.05050554853630135,1.277827723867873,47.57475985633578,0.305748127875617,247.5305727494408,0.0020422236935812347
0.43608573640793263,1.4782769016786361,51.361320510350936,0.2437048572941086,522.1521813739678,0.001666417345394659
0.09998008980525203,1.1622824946721622,54.80749969317768,2.6398999510876973,425.04697081760014,0.0017310100403086347
0.3125289136908668,1.6036471903504073,55.44864575377097,0.5786583316096797,601.7175298741274,0.0016980850719921228
0.13789397369413597,0.8716417716279804,46.91459452682524,1.6277523917742283,445.7599758502827,0.0018197443251448816
0.16185702963305,1.061705006319153,47.274534431477974,1.600251098208461,647.0866597333688,0.0017189379526444445
0.09776304655652171,1.3105816504324748,50.196716672390586,0.6841769043894927,332.5381905354091,0.0016325075761141111
0.3052139419293803,1.2544683228021403,56.69075448870004,1.8395863873601186,676.1759320344182,0.001590955415839253
0.3148728616386198,1.278369513189134,57.99140443205,1.5876297189166173,685.5690308455522,0.001601573630968161
0.13258784686880135,1.3529795702870024,47.43634867886955,0.6885368914459725,510.73579221409,0.0017451017735117165
0.17501872539763771,1.3992179165705296,50.52579903827682,0.07354205472501514,673.8016776119459,0.0017631934800906475
0.15166117403085227,0.8543594437146875,45.695634843123074,0.07642000126823431,539.8004724378255,0.0017042323847456086
0.14626929440443043,0.8396820323686691,44.80787377177812,0.06774872824572027,546.3531816675385,0.001688789108581203
0.069346995546116,1.9225298631818495,50.297080938137135,3.3116309403007786,640.4524946608307,0.0016832117164434276
0.08160331080235865,1.1259534850968864,43.94031614983385,0.5031403025874867,513.3315968170739,0.0016993894752188464
0.15720942243868666,1.3989091626313725,51.08490894751796,2.268266903741538,443.5175697124294,0.0017386696636115667
0.12401878991402084,1.3026497204532432,50.76971363040528,0.9294281383751045,762.7084794697505,0.0017878190436193212
0.06502436270741803,1.4911694747817312,48.09137506231099,1.4240986113481557,396.4104126968141,0.0016393876991127462
0.47768241706250375,0.6916683642602468,40.580270552245864,1.3788108001893953,307.9253609353347,0.001641665397727928
0.16366066244759786,1.4957742680185442,40.64935215560712,1.4787016425191224,733.6942051083872,0.0017706558691490076
0.15387997135882397,1.541498421254991,42.05337684530183,1.1697343144299563,1164.842191189214,0.0018525954709414415
0.2867909297395314,0.6460239343329935,48.56869042747422,0.9459592148374348,163.59288093259792,0.0018141065266582665
0.09478044933505131,1.6823556167744138,51.54999184271138,0.2775760161187289,1085.5166400093722,0.0016297986949060962
0.04101041734345392,1.8631843288952923,49.20584562245741,0.1411323118646951,545.6201079351897,0.0015222287083424648
0.03681043569601926,1.8761572894791156,49.21317972349809,0.16071961362295958,629.7836940122174,0.0015226434801127917
0.08237435356251227,1.3983063695272036,47.31404866124431,0.21832122012474472,218.63770485241676,0.0015602965123781758
0.42104537776328566,1.1194612844898744,48.88369550573634,1.2740701781831962,832.6932627840976,0.0019573008146330094
0.29614631246384965,1.7529506472603438,52.901173531960914,0.639864306173024,416.91598599406274,0.001866467500115329
0.11728468483061219,1.9066040989669648,51.46247510796854,0.9871778990362289,513.2295670686084,0.0018948399129217056
0.10463577918201472,1.9033387241761255,49.757423479741185,1.0366561324471568,604.833111602146,0.001855940007488134
0.24216875780744979,1.9331674265741765,49.79400646522493,1.102870747466785,243.37768087752005,0.0017043327683676569
0.16371697975021174,0.903231698658545,55.14847892242259,1.1075291059635106,501.07679618980904,0.0020056486633447065
0.2207220182838781,1.609864086006475,43.35202293612364,1.414191168959184,483.1204168313438,0.0017424442383509825
0.19529725483950244,0.6879074527657213,47.54549560679731,0.5641381993397271,124.81047369460542,0.001937489959576831
0.1666963265986198,1.409016741303811,41.99209843777271,0.3362238019691782,85.04287082037986,0.0019260471312160731
0.12628864584355565,0.9492919558830194,43.37952805460644,2.187068675875466,117.15269796132428,0.0019795249378660143
0.20844836589808668,1.6030667877840132,53.97973602064552,0.12126230998304824,892.0575283436971,0.0020555804938941
0.2735040381365094,1.6875769653673047,52.528250059331256,0.16907332085229518,856.4810165817115,0.0019312049172206006
0.10276096360338145,1.126013882004589,43.3643692627449,0.026092999497944774,472.41846179483343,0.001577279620936797
0.289098981935763,1.6313438169115166,50.69127961730285,0.10785460168342072,534.2802437614109,0.002109574996996704
0.21575237746800222,1.5598286376676724,50.488781710372415,0.6969396748695589,229.20226283931936,0.0019180157200560809
0.146893803517239,1.9226119847809955,53.3780808195101,0.5513323499903032,957.0636607376031,0.0014903400987792972
0.2153668108145455,1.733762630300677,50.668595609384624,2.4305735860905586,209.38310004427098,0.0016307072547253774
0.16693104942976147,1.2368029334666044,46.459627302795816,0.045197431003524455,363.20445845330914,0.0017588040473367538
0.15588757250982474,1.8062296263168873,49.30241016208463,0.5830234022256603,180.21285345441356,0.0019013341408347685
0.25542639215347557,1.2099067359499298,62.69872584046975,2.6006847032064417,769.5145171178349,0.0017622398982208584
0.16699621031032974,1.7898276348603768,45.83689833613091,0.27049817014679806,416.4543210285968,0.001846288279409238
0.16982020523494426,1.652629019024058,43.785350539867856,0.398514369221779,631.7672734540403,0.0018632473867979899
0.13379612849861724,1.6562995712236999,44.19485798741098,0.38018627127247706,516.2979637106885,0.0018603632807430188
0.1551602573507716,1.4468740068400137,42.904400931930844,0.7155412019686513,604.0564240264116,0.0018026291049302
0.1340476246046298,1.1125748714010646,39.301594508963696,0.42007477710474295,96.77102869644985,0.001809436696197716
0.3507885481029086,1.4430981199990907,45.003196940406156,2.682381535837357,15.839082999003185,0.0018655989170750092
0.12813545890548264,1.7393195275596796,42.287439060823665,0.4589112194917421,38.48832755377582,0.001738127134336801
0.276208024623305,1.7696858049146797,46.66933389520339,0.786777132159157,631.6861142063516,0.0017295684494687972
0.2002771552110623,1.840432513136496,44.153796701174144,0.456521239109113,606.4939411879134,0.001769146817229469
0.2323953780852131,1.3820315414048443,41.88693443377686,0.7711663968596408,97.35731707437596,0.0017481868740128383
0.34087741905462915,0.7728054725560316,39.902979538144784,1.3098804807907345,448.27731783577275,0.0016915467939641704
0.12987300432219342,1.3764509984113464,51.39370650815423,1.1335105216367087,332.1345699740264,0.0019152207835978628
0.24446350920975196,1.0266898612069693,48.83401091960138,0.9514251903382693,625.49431635375,0.0015073326100565915
0.07970588907806062,0.8562527591877659,48.043232450360094,0.5896726150405741,115.58134968191011,0.0019970830608221496
0.3679216943555376,1.7487222281676609,46.18530768257167,1.4967108197686445,216.1906676015519,0.0016715887358964123
0.30973119288199086,0.8211797591826059,52.00518413335874,0.7149351812389855,248.7406346989206,0.0016736874701219816
0.14284142186905563,1.9481987215345717,53.752381601045855,0.552318129422219,811.346017013622,0.001712384696733435
0.15794434077908032,1.9747099412457232,52.12978143866992,0.5929407571902664,836.4232671563784,0.00177013932446453
0.18624260497416806,1.9722906172526251,53.78395083596922,0.5984523474553565,373.23030180203034,0.0017751776642680173
0.17865402223145022,1.7905003648437527,45.38611568293677,1.2380731469361759,611.1033762004564,0.001996872482299113
0.14093262550240995,1.8873518506316203,53.76830370165973,0.805866936696968,420.40784014980926,0.0015764410472659258
0.0860246383104011,0.8878949356052501,46.57933807272012,1.6375536060654226,224.7232206533229,0.0017567223188568269
0.06465225411200717,1.3784992383269528,45.934365817253884,0.9288945466072386,327.1718445210007,0.0018688184228102449
0.19143095497458235,1.227595151619141,51.94084879943351,1.1367346707669777,321.2042557179484,0.0015803982405029231
0.24546262194734134,1.4406453158857102,47.77284236161298,0.775837572418882,883.5451681862122,0.001623781450642994
0.3568150586734748,1.6099428701281182,51.21951255981825,1.6668116483589663,208.2514530617552,0.0016000935880087983
0.21613171257072897,1.75446642902296,48.292155057091186,1.6512127042605569,460.50142381200413,0.0015743330425981288
0.25293785954845965,1.860051794902283,46.78374695998198,0.8185402022866484,156.4919146250237,0.0019210772110761104
0.2083774726022759,1.7049928252803421,44.450460138632124,0.30005091362901537,861.1386861608852,0.0017421755363719303
0.17828615393613215,1.2303071978672793,42.33792071489449,1.218834979477052,507.70488850342673,0.001783335280672511
0.2518851903382025,1.550302210188954,47.40293456941467,0.27652871512008137,448.40922499695733,0.0019676945420445263
0.1955509707467243,1.2704443691763059,41.08243825860813,2.4154633438263686,395.3335227689142,0.001834188859567192
0.24363580851710145,0.9695091030680909,38.467058963790805,1.2176505449872086,603.9561172227878,0.0018797775726294263
0.2770343270419467,0.5590525927678976,45.41174646806367,0.8738103282239394,561.3203338633534,0.0019720986256001496
0.16156029901218763,1.689110667748712,48.82639552686126,0.31053143346540085,181.31565998600723,0.0017954184959216386
0.24244625269509174,1.725390620705342,50.79495548200417,0.11810158055451288,202.40057442066933,0.0016558610966132187
0.2788821082555852,1.5823323018929543,56.03794837562388,0.7340473443906796,389.33836815050444,0.0020679058191067105
0.344013683343474,1.476186343602768,51.89674931275825,1.2220953591655892,919.0191291559488,0.00209890047337823
0.2908120706215176,1.2809658494986749,51.26450189014803,0.8148183798333227,123.66748826497535,0.0022178342821440656
0.4059186008169154,1.8916533861333185,56.48033618646735,1.3359790363647606,617.8977187582003,0.002018464015977058
0.1670527921492676,1.6532737752586637,55.79191322802957,0.8719131946528454,806.4517578929344,0.0019209134986889172
0.1647910412351599,1.4878296695831412,53.35870469842249,1.2676539602429406,275.7506558566244,0.0018834038901554653
0.13137485567630708,0.8096511799525078,47.02702200395115,0.5668144664435666,1085.6169096970652,0.0018282076513454837
0.25991375887972706,1.88656856620378,56.41877597645215,2.093829532664891,175.21289085222355,0.0016595274393402934
0.30578212659268694,1.7783888260875504,52.39351511746854,1.1386550533375353,543.2148083268968,0.0016455087836555467
0.12597785568948905,0.6119758660429354,46.76514124005761,0.7201580236741134,472.3169896235892,0.001880529499194762
0.25665874560341045,1.8489481457667953,53.420956936065885,1.3047912678056492,417.6610952461402,0.0016928294505574035
0.3525616328021049,1.6749938166232994,50.02291608813292,0.9853674858131561,453.3253152958422,0.0019726178670519145
0.39959063885014134,1.754773225174106,51.67902312807634,1.4927182635759493,1311.275773252038,0.0020962527597320753
0.3452990833427668,1.7226131108849865,51.7151405256636,1.269237778542757,1113.0308566450728,0.002103690949618098
0.08906236686121519,1.1303004392718121,43.3810396404095,0.19117198326581708,105.38128135497296,0.001800265735670467
0.3339086148679128,1.2709841638178676,52.803886101677,1.3772421552431777,272.97442561381143,0.002029946004499815
0.10648938114077379,1.0154367360284746,43.946937514524144,0.23134345712332896,436.96228093847486,0.0018684821309959293
0.1037743746248209,1.8025909785513914,55.571132130679,1.7072379981240995,574.0150094667866,0.001772283809368366
0.2011541528063519,1.9284288618880778,53.78897977194135,0.44340875735362506,571.3109170593937,0.0019387876528820058
0.20282584887472943,1.6005889028453353,54.689545414177786,0.6375552873337968,487.96420855194526,0.0015817547331214259
0.20607855841901224,0.8147419928346257,45.98380226646267,0.80714484668125,577.8305436118405,0.0015884180539493889
0.12513665756684852,1.107392407591658,43.96564390640992,0.8292193762320508,175.36195327445486,0.0016461838795244078
0.0738009158085532,1.5371865760645291,42.054823442462435,2.122365053115185,859.9578972037247,0.0017890101324233314
0.05624943306424469,1.6030233869231536,39.701063110080405,2.4052297578707185,903.0080353613729,0.0018291623695687736
0.21703097924043757,1.1121558726548584,39.235801025661196,0.7735720102409007,253.85503543725073,0.0017306696959332297
0.2271648198374941,1.7677548010512216,61.43262236502933,2.2301940055280363,430.2380428682395,0.0017847159960488483
0.24569929264924362,1.504352355251939,57.05778112112633,1.1815277067073175,686.7776062369321,0.0016793229798787667
0.3766760118821398,1.1520536930632244,57.089621844198575,1.1332274080786493,562.8346134358826,0.0017898672675539268
0.14496151294443074,1.5969543082538669,57.81907885416871,1.9730621684678666,585.4526832977893,0.0019209486059034552
0.30785500488415557,1.9131463973786682,58.50161414311823,1.555784648852086,32.050825653392835,0.001651490709443618
0.08299198275058849,1.6354260614257055,47.807626418419794,0.7507103741416429,1334.5249347537722,0.0019066250376155638
0.05768352189472086,1.1461401856264908,41.39556892646377,1.586856521779619,167.48381390142546,0.0018002555628649991
0.2996653286436437,1.0775758359942578,48.87350941050051,0.8398757013650516,247.92611255940375,0.0018795087076891733
0.4051413761269275,0.9027881062119956,50.13344298650523,0.9908611061233198,307.00098587411384,0.0018663012227962687
0.3731670496066903,0.9876429968651222,49.87450972751823,0.9631523054039401,449.2337838862452,0.0018525908736423838
0.08222861704205789,1.6679062814964745,52.28960827731226,1.7626132621708193,263.16996962992823,0.0016548538524109925
0.1178294096357904,1.5014995927773034,55.79074564641447,1.215137914521107,167.14874286643297,0.0016224918090020294
0.10876629969119693,1.4958765040948003,55.97682402545632,1.244491789045367,198.39877874234054,0.0016236482827240452
0.20378027770197962,1.8456826225913832,54.665554073894405,0.5513029163413113,173.00227361908148,0.0018058115497761864
0.2577701714047654,0.7378603754525032,52.17319304505718,1.7573462350385647,420.54302964693835,0.0017583389886558355
0.27049283113576933,1.544168032466449,53.37463078647326,0.9140427385117561,634.9506920041456,0.0016237871362277186
0.21308906494938087,1.1500107143648526,51.25870430050446,0.6762931012975174,280.6638117996065,0.0017023136377314779
0.2704997323834227,0.8600037068459521,53.7775756154924,2.3134230349996474,196.1530717299377,0.0015371816275595153
0.05948190668654422,1.8628262209298567,45.88806951705813,0.13357116448302733,673.6040034599517,0.0020687870344878196
0.07801642866624076,1.8532358989394735,44.28322835700277,0.41699984374482596,232.3741478264034,0.001895382360895481
0.12988702297972113,1.8223635025526048,47.80118206616226,0.6472183852100992,145.1771422338732,0.0018995323789354334
0.23404996372640222,1.8037289026918162,47.19353897427498,0.34030416305400785,348.07098785612476,0.002001651906685319
0.15187500056392908,1.5147926721993292,41.813196281689684,0.2832712299048168,325.55338645865555,0.0018926072646499282
0.15701298902193714,1.6008128754570434,46.44104404257656,0.5067180053223527,243.41980484138364,0.0017895327750104704
0.24011998367877627,1.0474810678006417,45.97934368724346,0.387882909525855,349.7626070572067,0.001700247544646035
0.264343538882083,0.6692185070941591,48.132474635199976,0.5106424491534833,918.17208009442,0.0017440522973088803
0.1308600904738044,1.59093417069347,45.1930076560738,0.8353983047301536,138.4576561264705,0.0019181164848887427
0.25294916455930916,1.5686645056857431,51.24518131096151,2.7703049812878233,141.24134448736586,0.0018617963029104855
0.2978754021508034,1.7035852559597304,44.037704472491605,0.23624833264204756,925.3660032263539,0.0017466507577324755
0.19272392760897172,1.4226912275695665,43.70630492151251,1.4325312269595583,172.78430801262593,0.001931403821612353
0.14055933891789482,0.5030716740798395,44.95608216719681,0.9586742148065087,16.77268617216285,0.002012349445185236
0.12300664184765377,1.8873738705428387,48.397945277601664,1.1785176992282398,19.862220210773916,0.001698630665229082
0.2184306221452954,1.723134926634056,43.71391792396302,1.0507455093519158,12.479704684550189,0.0017512283253139536
0.21971182526459776,1.5277242344796473,41.22954194500845,1.4176359990637004,4.003140138327773,0.0018171190095792832
0.24297014887207377,1.6056556264315178,51.21910446634715,0.6376586314366681,544.2923516848896,0.0017151976494693972
0.2008844528650792,1.2371989435013286,50.4658561858524,0.5477626444033944,507.0755687147815,0.0015919738056868406
0.2774281723618875,1.4700739857242144,54.03405820556546,1.1676571631856831,87.57782152179527,0.00196687963624419
0.14133139624217114,1.064694347038572,44.51374753545959,0.10174469068555468,261.60778950956654,0.0017825148755633085
0.09762497558909516,1.4329334250637384,52.59119263211513,0.09061004099607645,1201.800434662556,0.0018024219475775535
0.09567391713344475,1.6010781858955045,51.10503380783836,0.02627730349880805,1036.3256954778965,0.0017750878449416408
0.26497694041945685,1.608999430146404,48.55945835708731,1.4720324177226043,186.20074212814993,0.001892553542812885
0.23377447877390528,1.5836330948231205,51.09299774240487,1.4502031438700373,798.4923242384116,0.0015563952964092664
0.23403893696921219,1.5849679903742573,55.20761859334987,0.8929137303617326,308.4318967245139,0.001691002015211089
0.14103957865014322,1.0412734949005344,48.46166826258853,0.9624363190310375,826.2763978387632,0.0017851223117832894
0.14434229412771224,1.3870241094980218,48.6151162497561,1.5557181020444482,425.80936604511396,0.0018075419211513192
0.17397453834975152,1.253760104517115,49.46022393269362,2.3169714009052162,526.0675297895256,0.0017012078544557884
0.18779655003556256,0.8183590336211835,47.596961749829944,0.5191392227295752,587.7273031718961,0.0017457773963823577
0.20777441727203147,0.7539515647040556,43.264638615592204,0.34734702187432076,366.3833734688627,0.001899635866884117
0.1696483718490141,1.0169795914547242,45.18084361034297,0.3941703378522407,492.8394406583088,0.0017563897689169999
0.2885766625565785,1.3327531616389758,57.28809089420351,1.6499084064513756,724.0985174381923,0.00176622677875819
0.16931965812369335,1.4691475348958554,54.208456494789424,1.2357503637834584,460.6235143517393,0.0016956015846498799
0.249645777953584,1.7133886913945362,51.23977006261145,1.053048267165461,9.601384465015823,0.0017944329575487132
0.20822900525209956,1.2749865332723067,36.64221818071388,1.0734428657142523,331.06694906940453,0.0019644045482113894
0.24559010067201828,0.718313458481563,45.04712151231537,1.8745662717483702,591.3368642909337,0.001967441897300208
0.18340763508974853,1.526474055430057,47.56907021742761,0.5015271138826036,511.638705280209,0.001562727788174014
0.3324017136067764,0.6450851308074371,44.63884802708579,1.025675940004805,473.4490521847674,0.0015559314970370428
0.31895171395933164,0.7715296254531221,44.97484163125726,0.8811063898118797,516.0591747443734,0.0015536821388148698
0.21519139639611692,1.9388778077135176,44.911011920471715,1.6991709903227288,535.2947005712272,0.0015729723148729927
0.14234159541289146,1.3462384267814793,48.43222498693628,0.3302563521882972,397.87621143204126,0.001872114220435996
0.09100663102406677,1.5223871416447332,44.61403934049594,2.8431026702897038,300.0779792677257,0.0017589673162491583
0.19165544333037746,1.2606939139860287,55.59876104555447,0.5894626758627666,302.24694382187283,0.00183653236512457
0.2571352242849696,1.8814349933490633,46.877749475826334,1.5756486511501002,844.652399824317,0.001975494323999911
0.25795599257804863,1.8891291752050692,49.28622748711477,2.145802803305011,513.0120913255191,0.0019036641174995862
0.2848670779697626,1.6569943333254389,43.782677435338144,0.49665246473998426,732.5727908087039,0.0018421052604321805
0.15357846207492823,1.8700965247872807,55.12636296592097,0.9190942862591227,472.2638560026129,0.0016077275544742545
0.18041768512219322,1.8126929857722636,55.271350028502496,0.7098812789699692,694.3397005138991,0.0015574819351273886
0.12049254878913623,1.8962341621182226,51.30184256259898,1.0757101528126856,81.5062107813494,0.0016076958147081231
0.11595089313767604,1.415270014684634,54.66957381007853,1.1001592670329003,22.9606245079582,0.0017955594249341013
0.0899812431789923,1.3398759233871893,47.75693708228835,1.3792130558464304,20.274067896628676,0.0017803909983162038
0.2851197085428471,1.1647570467718182,46.25349327041793,1.2120375138309933,274.4107328475484,0.0016338860079568533
0.13861783161742777,1.6317023199914784,55.56721197468264,1.4867612176643985,169.57007749730315,0.0017479844923582544
0.11208592250957293,1.4320826651039416,56.9872405575146,2.251457854414334,198.35316537172903,0.001773044591401722
0.3075934730097896,1.1107843175919883,51.462927082375714,0.7739022644730418,98.28383045024103,0.001776372913404236
0.04592805583158059,1.7626250057265427,47.280450110187495,0.7289389781414083,20.720360565424567,0.0017374462176883568
0.1359883951606274,1.8678625817300822,54.53772958889262,1.342581055333317,224.38509512717448,0.0015485503523757515
0.18791084204825464,1.8347225488374308,53.141052878564814,0.43482233806911674,541.6976287120524,0.00225159001289689
0.2501601121073674,1.4577899241638983,50.461339602231746,1.7003990206745778,657.8892909110373,0.00227750934245028
0.0957504058133084,1.8924959194513038,47.12982918855161,0.9412454589235963,425.0218230328022,0.0018451196260665522
0.09662927675705978,1.9293877245765974,43.42746113078194,0.8439208833787265,156.3585953459829,0.0017236105377504349
0.19335577123328632,1.6433321193075001,49.904593231220545,0.8055351752338898,340.12701095229824,0.0017441046709202918
0.19324589757284683,1.8395231139270685,54.567379631853925,2.236840640175149,195.74355264981222,0.0018683281922690148
0.07346549018132431,0.7714714811946947,46.00893725073482,0.3642828411366192,855.689605157357,0.0018523393374183586
0.09688263677375382,1.8302530073860743,49.427768339991246,2.526806057707416,241.4954495031424,0.0017609197030725083
0.29722357655085835,1.6556138077399896,49.3903978097303,0.18279858093442308,229.26586041387776,0.0017004790405265998
0.28541526301077014,1.66260549872934,50.352044505226615,0.5445089061219532,464.7316068377076,0.0018047558847890215
0.20004961575981753,0.582757856667075,41.680208006715056,2.1956771038735474,157.97502604400793,0.001655126038956164
0.14962131807283102,1.4737543377909976,45.767891843956875,0.5021624392985758,101.64288944274955,0.0016891226378709001
0.21234382992870857,0.5581057070769945,45.79841067455112,0.2249105102839721,88.76166429471986,0.0018656378663548647
0.13355544398431937,1.9228428287664225,48.7872429715526,0.3854869264514712,761.5982501325817,0.0016786185656898587
0.13837854867207267,1.8577315917907165,48.297169613999245,0.9651550365108804,211.5200008866977,0.0016652810272918149
0.08541386357655364,1.7286106799447074,51.89032378589448,0.9861806849848346,223.54760986537778,0.0018942583387696126
0.09028672701489494,1.681137951336962,50.08140306484691,0.7314524681036166,206.79365719293162,0.0019333841344536013
0.09708310167267871,0.9395311860929221,47.80185734714849,1.5760474193564247,855.9850951024,0.0019404287365875769
0.13974367059895368,1.8276795650638622,56.487885148027395,0.9493147593658819,94.81692456505355,0.0017595180268331122
0.15358814545509927,1.6348892144689933,54.188406000662226,1.7295475495943347,220.46376162431534,0.0017436881817535234
0.1740066541392061,1.5921388250475927,55.10026278713573,1.859650320766367,244.9061116139013,0.0017600124949538358
0.2506981889416718,1.4204725657566284,56.87222256621006,2.0285497270170714,200.35034507682917,0.0018536163252268513
0.07097722202153986,1.2915574272522525,52.727013264150166,1.9209346892894192,254.54605633789748,0.0018465407061627212
0.07205264016630374,1.3703604571832857,46.115980884722674,0.38646735601046484,934.3967394079211,0.0020008696080117
0.12450165258739145,1.2993644525089378,49.81445275444805,0.6228500268929273,76.62640584377448,0.0020526858201525026
0.2652457789388855,1.079897022225584,51.88932956804017,0.13433015671405718,378.6331107485618,0.0016751236310871746
0.13220420977020866,1.133401891540053,42.53080111222326,0.23061492605619058,1072.4555370533242,0.0018708912388310853
0.17824837605122432,1.4597952681768327,52.31625096606109,0.21412577837466107,109.47564222569775,0.0016647165448513738
0.1113856467580499,1.5220690237679728,49.88682798132112,0.7016820349984279,182.69139865265467,0.0016306626669791021
0.1443853213395183,0.8521007985037103,47.67378905869414,1.0149800121919015,1031.2511240760184,0.0017811774504269287
0.06073864450057124,1.690296706975617,44.18781929398951,1.3608504825717154,148.13914822982875,0.001806513112983035
0.054817133444068425,1.210376231305336,49.046432482675804,1.949996931150107,474.48006638009014,0.001871587470016654
0.032311893447834125,1.7773493529543938,48.3452596920651,0.773670364024718,681.180992681677,0.0018224074519437301
0.15916375234972596,1.7760857951472004,52.55383796802572,0.8102225703542173,340.07475722094273,0.0019519549268915265
0.22325085494791125,1.8650711574173557,53.70843347473031,1.355644215242746,190.45215614305405,0.0017569368650970267
0.21312121723776561,1.6674106159044801,48.97915643964112,0.632403930650533,267.7063079073845,0.001748397721120246
0.062098933703978114,1.4479990863804189,45.33048460380863,1.7698857639981556,713.8574137060733,0.0019659516391033437
0.21819704514895757,1.4331141920564887,43.35309705654634,0.1260249688916445,274.7690758762109,0.001502353326574821
0.13756280037472707,1.3110996890784403,51.12505357135053,0.10259605209985431,1287.2403471770913,0.0018138326472632153
0.24929851468907246,1.190943834872201,50.181927785816896,0.22856010026322668,1041.140639213972,0.0018381108815416934
0.18815841728086374,1.028422812718028,47.60831235433931,0.5441899303354488,404.0989358324717,0.0017364823850528695
0.24034355232229793,1.200691763724365,52.012347270839285,0.6587940599440391,361.49456570010443,0.0017782811383206952
0.17130236566445853,1.2203182893462514,48.59852877756115,1.0447021743917193,681.0103483652077,0.001860645353690713
0.1307637716330814,1.8372986083529401,43.71591299592679,2.0158795727817536,259.30706219532783,0.0017671074537553534
0.19282431393671506,1.6998493420771295,44.9581202155285,0.4146828287704709,481.48187812593176,0.0016846583686722404
0.36357511819578753,1.7384712359956318,47.36703095045748,0.6606923830624131,461.50097103017606,0.001838435813219553
0.36672344830219217,1.5815895851901056,45.77912819824989,0.4857379016428315,1172.8087390596022,0.001842372669678328
0.35957212484157214,1.5852538724292746,45.713830833150794,0.4464069519520252,1525.4829162182343,0.0018265456293022168
0.1759483891019076,0.7852789131964281,39.37526901384366,2.2463911382418416,32.86852213304323,0.0018368456885351158
0.3315447577045698,1.22958157028426,47.74184826202281,0.6653531081435099,19.37298269200138,0.0016590484923482602
0.2884603902029806,1.3954210093763342,43.771758114601354,0.6693287539544596,5.538326197431863,0.0016483249513487043
0.3137178386929882,1.4126378200620786,48.02161028778125,0.7608252538404283,46.860026576866375,0.0017227357555566316
0.12243468550805743,1.2147209371750423,47.6650287580119,0.4349710731979674,1073.8895565234882,0.0016879292407753377
0.07143394241480437,1.4373241977956857,51.37866945573943,1.8825763611130266,105.18176913174605,0.0020289442737000986
0.06018307956636795,1.564262312845099,51.74711466650664,2.704116833875333,291.7655529895381,0.002082493403790045
0.3641302849350234,1.7372716049394517,47.14056141356624,1.2390853187759434,944.8512309717706,0.0016462917490453503
0.1046155918316853,0.7576570202017963,47.58761935652795,0.8114459867236214,184.0068951368423,0.0017519991490615057
0.09374350948782362,1.3136882245070716,48.59155065573673,1.4420156637217298,881.6722221195371,0.0019324096261770529
0.3690758716860121,1.7441679980459794,52.39460746997787,1.5144752868290412,297.5018860696054,0.0018021868549008009
0.32853934524735023,1.4836181522791723,54.14965179431286,1.1371454110630352,288.45954350005576,0.0018089295280721643
0.14411686267913212,1.3434172959028023,58.408795531323285,2.6139345983803715,226.7207724264201,0.0019376262410809196
0.2804307470052512,1.8649514657462625,51.279458554687686,0.2540381784309297,861.4617311503259,0.0017600840750097832
0.1955903351732052,1.9719478322721846,46.90203114371499,0.17286422932205123,94.3749388145963,0.0018331446063650587
0.24650817461522642,1.9558398372357744,44.283658705697256,0.3339522176484775,137.92531416174555,0.0018451524169050028
0.2790991282439452,1.9828161886794349,45.1893203333021,0.08505702391228308,364.3211117422637,0.0017297272728459703
0.19579643629740656,1.6014420882539437,45.03574497683403,0.09104444354981232,94.82915936281192,0.0018124321061837316
0.1624059525748991,1.5578424830369844,45.954182426976296,0.09833759855636141,245.628726556103,0.0018210377298268847
0.12228523761016963,1.3428724464468715,50.82224102097925,0.21302886460505904,534.1642081513197,0.0019217983896904068
0.15175698813197688,1.1368789656314189,45.271213553585596,0.2595965014708151,435.301811248224,0.0017876671953565453
0.16309933564726758,0.9426009163412515,48.772183805720275,1.355237366420993,92.64571917816401,0.0017297131079048564
0.23473402441369104,1.1926953402320783,49.87094858959089,1.0537415876683314,213.85471530961476,0.0017483048827718964
0.19129037822744965,1.2606967027170817,45.60322708047673,1.60637387698456,428.7138969745394,0.001767233392100258
0.14627591109792792,1.2724615659518423,37.41973428178397,0.42844282518912136,478.118192441148,0.00191226742311102
0.2617437240616226,1.0576522087592948,49.96165494170921,2.1215794413024835,22.949185512777373,0.0019297206626517115
0.22715195955001746,1.4672973156271096,52.50267481145535,0.154828191892193,1439.252603332878,0.0018411370635043327
0.19492185150771033,1.1776761500427453,52.07781193893682,0.5362235905835547,220.667601111107,0.0018339492709687282
0.17952450664054334,1.7197962377812674,49.49739727886129,0.6642475929222627,383.3813376609113,0.00185011433330538
0.1699171197150154,1.864587760053996,50.12089883800129,0.23673549929401824,321.1378964872337,0.001930113972617742
0.1705736455546484,1.665905062394069,52.65181895867445,0.25339482143868003,375.61865775897127,0.00192577744277224
0.32978072304480777,1.6962817199158513,41.29149019765014,0.2207374171986577,465.21642109777406,0.0016946949334723477
0.3030376966666358,1.534889624780897,43.38562093270383,0.8753297437714007,86.48715058762487,0.0018321335580447366
0.07968757886302817,1.3006462944600465,52.24814135294331,1.4812155703128516,166.8058582593799,0.0017547537247328136
0.1150364828480929,1.8086073846830792,49.33132964742562,0.8103449942738284,187.8748913831946,0.0019134426029804483
0.13659641748858956,1.7206858912753435,50.77956907192504,0.7613532219942175,254.28519152720423,0.0016955950550652684
0.25051054084131796,0.7825433158150507,54.73609167830351,1.4592206880780771,222.56829120643064,0.0018439663094690906
0.05462096693845155,1.8583893904346278,49.79574804032819,0.6547422402638503,772.4208042429339,0.0016642945029323845
0.026714767277811028,1.5175843722234763,50.41143757340439,1.0613214295851117,629.1946284012936,0.0017369756408155976
0.03803890048439345,1.5521270808825172,51.57191647229285,2.243935561232934,335.29023853609215,0.0017774954761480188
0.12294114168816485,1.5051175527535092,46.71513118390244,0.44649644010185946,537.0181051484328,0.0017793520750461586
0.15129289725392595,1.4972864665387902,52.18326126530801,1.3509822042353443,558.4513569838558,0.0019943927033115295
0.25443446443043966,1.096875633553706,52.360633816825526,1.2327900448154725,173.20933291609447,0.0014794161873718102
0.19034254869717213,0.9674536310804186,50.38724498365164,2.182298726002954,802.2315688199614,0.001417790562520138
0.2274856084381525,1.6042284373731868,51.56458570009311,0.3593340603588591,127.65784742568592,0.001859202228410588
0.24762773730935073,1.471957603616111,53.26820124053051,0.26638443343886126,500.0465141104411,0.0018680423789570457
0.20831354057744594,0.9594697106287577,49.34716970256733,2.5876922378460137,580.1612667850166,0.0014974215280902999
0.22646072429427733,1.7247658244965247,51.73978266149056,0.34454773120857135,306.6583709040235,0.0016561125734205367
0.2966306594182153,1.5709262331128275,54.28011745389419,1.2850860785522302,150.25882098583972,0.0016964585709135262
0.15037653901833406,1.5636984446418096,47.02290160884817,0.7658628884474226,196.91527887313586,0.00181430976624179
0.30461855229695767,0.8889733063949359,51.70556811284469,0.1909490327401962,1021.2133715911502,0.0017361471890635159
0.2842647928094245,0.7277087385828793,51.08411884182707,0.19946979926950592,1130.2673206970253,0.0017708287715280128
0.18320269859063165,1.8134277076154075,50.484003830151195,0.3928674673839192,129.78542040537755,0.0018689493842298033
0.246666597547667,0.9190438915191461,52.94237955044879,0.7746974201812817,309.43266934444046,0.001673490593617329
0.06105935697477462,1.97714187202574,51.219804040346794,1.4834724551691851,19.676989114126613,0.0015987865090759756
0.18159700066148776,1.9054083996395739,53.79559721040683,0.8532636873464204,478.49426121531513,0.002025026673795595
0.1199407297712537,1.4652319017416193,53.06506010776281,2.1842681706219214,927.261561410945,0.001886665706612277
0.08361280526301652,1.0643831107231307,44.07459449855931,0.29781593491340064,89.57475252862888,0.0019684113635676215
0.23739309582775395,1.6543915014639896,51.43540044093501,1.906827398284312,289.1799465336265,0.00181178733379668
0.21214428498001756,1.785082416825212,55.20497111006815,0.37410323994429256,878.0743406650124,0.0019081511643573772
0.057607017688616716,1.4393086431786914,45.74061610336111,1.5226321723488718,60.62453939015152,0.0017283886441626707
0.1210929995425052,1.3451145130614002,44.92200007822556,0.6997438924263538,732.8558931183292,0.001986375814615118
0.24390510210689395,0.9065938521938178,47.54099990346635,1.8098825252604118,296.5942727112801,0.0019975541664367675
0.24078042509857833,0.8125815690965784,46.91702108067384,1.634148201259271,485.6800389155661,0.001999935774776718
0.23355617919763094,1.312832124117654,45.94568278843651,0.6194713585660863,558.5953929052631,0.0016331521363310976
0.2539699777740947,1.3313582476687926,51.82035426126822,0.3191350301571676,490.4890490149078,0.0016552375142596313
0.19249995625622596,1.3573954070454437,50.6783263181396,2.573328790062413,594.6864944072443,0.0018343318640120618
0.21222017176083438,1.3943271269899167,51.29777465842727,0.32346763519725025,703.4522991092568,0.001687301787035579
0.1558779054885968,1.4772399989726435,54.24412414355281,0.7927711615727749,519.389102921685,0.0016376893595986114
0.2652006619447353,1.009132007444496,49.69739131063066,1.1153368359067426,358.45399366061093,0.001634353467178154
0.22754988177734314,1.5308270329412466,54.825028984258715,0.7369537765133348,373.2973815505033,0.0018972770263203397
0.13642539497813158,1.4911677387774611,39.93677937183952,1.5580814434626638,327.69859717453954,0.0016318502466037429
0.12695081731736585,0.9837389199272615,48.952612735435615,0.5099998989037098,76.08126537750351,0.0014818999473711742
0.0964875873792325,1.4579038401684252,48.73599682483339,1.1400284239396814,37.737243421862814,0.001573037313065767
0.11449158327459506,1.1032362832404128,52.536978405607755,1.5888480820037845,114.93879372154443,0.0016574459802901904
0.12560260701777476,1.6809824938366729,51.68933132526131,0.9210637452951953,590.629140845476,0.0017087558013895612
0.14372806138950667,1.504354743883623,52.67170581874068,1.1120920688481242,455.2077574564651,0.0017019966224692369
0.12325869620681199,1.4756086753710325,50.317141566638185,1.0582835367987733,583.6753402382892,0.001742865689485954
0.3810948601520327,1.26483023958107,45.66951581130348,0.551606551144727,417.14570247764095,0.0016938921771297221
0.19866709992873777,1.4727124040881228,43.14052040593872,0.5454068490106492,687.9484340459235,0.0017109599267555917
0.14467409388702754,1.7438634194615368,57.304704298022685,1.7265006418753204,434.2950855136041,0.0018041605434403463
0.2632556024014244,0.8180298229221926,43.70769822327074,0.7589743675335471,236.06972568468976,0.0017092276904956795
0.20294651137226197,1.0156852365371698,43.304791389907756,1.2129433842306958,412.006247266067,0.0016180155432731352
0.07486506339502734,1.4959983810506863,52.79162434529492,1.0715006461582057,151.66667613616826,0.0019509514919829952
0.15793557370027328,1.1642560561691788,46.93445409558814,0.9668605260369892,1014.4744211930387,0.0019017392551849929
0.37093135200687866,1.0192964592790252,52.596394042544475,0.2595752560662897,50.74954933130929,0.001958504899620519
0.1980701344953608,1.9321932298780726,46.621449528090864,2.7410987228546104,79.09018702689124,0.001846908937530276
0.1412925762003202,1.8962561191014538,46.62289953705343,0.741138428262516,199.4392847400848,0.0018925298638204707
0.2230316964119878,1.9616692021016466,56.14817288292091,1.6084498189610459,255.75817140112335,0.0017600789144894373
0.22587709760781385,1.2066039766814987,51.67773522606996,1.0472038957725622,117.07437487774318,0.0017559010007225507
0.10821274070313049,1.2776219473243793,46.78131418037483,1.4436192360958622,200.74438909335603,0.001784202437021222
0.12749806928153182,0.8165021493374601,49.921058626657135,1.407178012387824,1290.7763036802937,0.0018261464162647137
0.07050537150733872,1.2304503683317525,45.73316648391078,2.8315685178813745,211.23502563155304,0.0016977146841327287
0.35674084172252796,1.0269578145582399,40.6666581521414,0.2927500929793285,889.1296502095065,0.0017899680262235599
0.08094141921123067,1.2831247563324488,50.97622415492883,1.0238797568647224,161.16514852668016,0.001866715420269445
0.4061639928791723,1.9794868275371162,53.01202659249904,1.150377892237161,231.11530984474487,0.0017644640288212376
0.08711308576635315,1.9778540725602825,43.32127086763596,1.0596727675115347,834.4419445963531,0.001601330645788662
0.18134292736196658,1.9528554320410576,52.441782880341506,1.6757424787872786,326.11577947640046,0.0017533846186921801
0.26943491066182673,1.7524443611546145,48.771752351896005,0.4211758849554542,413.6563995123656,0.0016907278054210007
0.2474952156480169,1.3679317330563416,49.9844593719084,0.534001638631131,181.46048889430298,0.0018409434039300746
0.11822295411625718,1.5998445987396508,49.22655489068528,1.2508499534069375,217.09872461589563,0.0016335451709455925
0.06735745990351336,1.5105777577179864,51.13114567592341,0.6136476321729792,139.86733190773063,0.001640307971646181
0.22499473426637276,0.8951598520933789,45.97695320022668,0.44886955321156624,223.46412706824736,0.0016575799668465388
0.22825134591737484,1.129189179214207,50.1914333816018,0.37771778264635875,325.58330491735387,0.0016906867510762614
0.275557580881852,1.6571706989782726,47.311333223622746,2.0123997494576322,369.6749496255304,0.0017477444820598177
0.224963056736924,0.9537235281403602,53.89153068760228,1.3264100389959976,323.2971362073903,0.0018449193712692577
0.24858786412194392,1.8266550661140684,57.52182607014017,1.3436519369066198,611.9933454446199,0.001584453483023865
0.24765163213176783,1.5365553034121149,57.36304484126763,1.6813690153467649,700.0311223818824,0.0016620871932632453
0.0899412474153867,1.6263424736870704,40.91308391182447,1.0092928513416342,324.4221782872303,0.0017754597142492922
0.3249878524745553,1.6541989139390025,54.239123106179136,0.4579235030946972,115.83000045298023,0.0016542020481969716
0.21885507921272557,1.4949088791767178,54.39915182616196,1.5932903956407003,282.33376249301307,0.0016338578907731899
0.0617186193036347,1.487110431176495,52.24481068501251,1.6720266660995586,624.5009615932985,0.0015884237290840428
0.09311979376960298,1.3354580220499324,42.09380725545169,0.3470051559134849,371.43540206031804,0.001776678659805981
0.12280802820251707,1.77604535914772,53.501241385755684,0.43501078473351695,136.6324622826413,0.00162408579166569
0.12173260854684119,1.6411993119774735,48.05255939860922,1.715137102804905,1054.3926101579425,0.001793626184704007
0.15437451563027055,1.8529433151385082,51.843870925712125,0.30446771887890994,102.25121691808964,0.0019656788316839585
0.03474428742808251,1.2453644062881564,45.64361860390344,2.3478094382710495,388.4308317325761,0.001999753065728948
0.17646440291735646,1.2580525260150368,47.59799801875621,0.5168081643115785,611.7303154514117,0.001694245595077494
0.3171428552829917,1.3969823017022682,52.15531347137306,0.1636753344727535,366.7485381192859,0.0018658251425670972
0.1461123384158823,1.7082595881848528,39.6420685945643,0.040872762575579556,97.63153713303993,0.0018151834813704942
0.24114200679052303,1.1669774512819493,52.39242782974685,0.009094561826239215,660.1418788977817,0.0018741803492683894
0.2782469029545957,1.5293961074951163,40.31470030390639,0.559214618415066,412.71162007772034,0.001595610322175182
0.3323143000934523,1.3045012423661626,47.57667103379694,0.8679433906507524,812.685330452908,0.00161264546087446
0.12608469230130917,1.2372291642178619,48.07674805454152,0.6284040025507068,285.2269725812736,0.001875751886972565
0.17482192312768113,1.6407733281222894,49.6438469931396,0.2659555763695848,510.5172889945753,0.0018240204424008065
0.07686062129803528,1.4347141124909606,44.70282418488709,0.28269715949545676,183.4203340289375,0.0020986544931561844
0.06853036164112089,1.4041723741489542,43.83789867655901,0.24997406310838097,360.55573527180877,0.0021498852065048096
0.1457836814368202,1.3997413532900689,49.98950808458074,1.7313339027610748,111.64030486120501,0.002314625731321468
0.1617434396293943,1.2460200014615606,49.777278678732145,1.1741970145480198,115.17398036688103,0.0022741194936927046
0.22300851593292695,1.808421116510961,49.34636322970615,1.5919114945641817,226.8248439211954,0.002156115907680818
0.17497394173208758,1.0400386037319287,43.14883077041634,0.49734867593709,682.0237039047786,0.0020154117281011258
0.15161729633744278,1.4081082911320237,55.25845376783034,2.0012224719138016,353.22354745960513,0.0017170917146619854
0.16118242704457064,1.7270623238854144,57.52322084782992,1.6421652228313055,382.62750088541645,0.0017436188182770379
0.17579398002473604,0.7339676620735366,45.71838648554524,1.212879774409436,221.53669821816604,0.001778640615191165
0.25045916911728117,1.7629656601272459,59.13313575827183,1.014747825794259,927.4417136398106,0.001775177516877695
0.19428027377106205,1.813471490141993,51.36722319166415,1.586335688358318,319.1545560959261,0.0016820431758564724
0.16294130438928708,1.5217599965093684,50.97700665075828,0.8147398791624487,573.3114317685934,0.0016841096600723267
0.2705682844511101,0.8767242835705077,46.52316877267935,1.1311051060921478,441.0587704378548,0.0020147276097263857
0.14333049406888126,1.5094892674546216,49.76556175291176,0.9103444298856501,560.5119131620872,0.001780504082541671
0.13624019660093217,1.1060355950162855,50.71617389207534,0.3877443301991199,72.85486689742773,0.0017364192700622292
0.1439381131418127,1.3026128568567799,45.479128590020075,1.3602574645571304,41.900097090085374,0.0016766293285382988
0.2717957938390637,0.8926817709178148,48.819983461636554,2.04294508729535,633.9215456036371,0.0016412560757296311
0.22786484908446017,0.516093343228409,51.6041529257085,2.630198490970702,261.2438787622943,0.001759461362837847
0.21711451200719964,0.7160845911900181,49.58372217494019,1.8137247606965594,241.34625770265936,0.0017848341657692036
0.15361360097698237,1.0945477533761587,51.082666565335174,0.8585729688971275,799.5615220321013,0.0018253319523064081
0.16579371975513826,1.127642816101917,52.23267365880363,0.5605769208896165,478.0968276312838,0.0018400488174692233
0.14922079675204206,1.1093997281504433,48.70126261358315,0.9042902182897607,901.5805149881721,0.001778597808036632
0.24052720697564006,0.9736016806227418,50.232912902064285,0.7910536464520732,197.6884898434289,0.0019914471622280603
0.18087790803268636,1.306616471524042,48.04752307287172,0.1589671451863773,835.2729020871129,0.0016084818154097043
0.2122986803812723,1.437742344528994,48.86153373111621,0.1840658144295921,348.7955012500567,0.0015821184460386025
0.3191928615276288,1.0097536814148211,52.562366883740765,0.3352773778707502,229.05588620158616,0.0016268574007240165
0.22642299627939189,1.7702652320448145,51.0647205761048,0.7661916923671499,923.6537260908287,0.0016938008873881084
0.25434649568054807,1.693483456754511,55.30297042013905,2.92843912802296,476.3080256416808,0.0018846804832964232
0.1481920252627865,1.4209665570205194,52.78094863929447,1.4312916293341247,574.5335576050538,0.0017146859502182286
0.1782681307011411,1.4160142947559278,51.68327372641228,1.613906115628905,647.2317114825676,0.0017422501399846006
0.23371314128442539,1.3237710213258822,55.79758184262869,1.9999084666557956,1050.1983569824015,0.0018456094096255345
0.09232738526036141,1.7157077587696206,54.202180333060674,1.8333078418830027,210.4329072746423,0.0016892844495422325
0.30204325817200195,0.9087345329689919,51.959318451957664,0.7128411582542024,141.2483318133547,0.0019053365428801908
0.17434032761177526,1.3904736359170422,45.192414553336484,1.7145401524628454,956.880619924754,0.0017110044503004553
0.24875543477702014,1.3954206255041548,49.11144720622821,0.7273010128039626,634.7035406283482,0.001655068797340595
0.22636093606992014,1.682241366538494,43.02325175372576,1.6513207919325261,459.31271699235225,0.0016221115806099233
0.2253679055148285,1.2887916274222886,40.56163427297949,1.1038346244903388,433.06207139355365,0.0017399362555436842
0.23358131238956303,0.7365800412406998,43.62692393923412,1.5054736065774614,419.570876355667,0.001958645347441195
0.20144879736592405,1.3880626790595179,43.623413800089025,0.5852345348385779,546.9028006503951,0.0017717791491278234
0.2873333811816567,0.7092746922860278,44.75096476890237,1.5015650002278307,459.153224586065,0.001888365931704451
0.23062269410949449,1.2452157416768974,42.04235834837426,0.6186143703824591,249.67568141936906,0.001648127793390168
0.1550132765129938,1.5599478175625952,42.94946194635643,0.5851399415544132,420.00291713001326,0.001664936636238096
0.2862072606728113,1.7945252584562772,53.51315685650938,1.7720183195358863,687.6539148529287,0.0017247871527655495
0.1657403052202317,1.4798579485534422,52.329510636685676,0.3733361668010374,287.7706974728358,0.0017976859150958477
0.17787065009433634,1.3698164297192184,52.107245574179004,0.41219900807262927,578.6980381144833,0.0017318028123013444
0.3109827678901147,0.6676271799929049,39.504096954447355,0.7368541723415188,360.3270136930215,0.0017709588947349018
0.18252318014795757,1.0383178168080982,45.96010030242244,1.2556113389336854,696.9119318474831,0.0017969934127850563
0.22669333959963475,1.194799960708252,48.90682611001187,0.5856523779225586,439.2516865159743,0.0016711528613400943
0.2310510687787588,0.9463423749513706,49.560035855643434,0.7037592436106164,749.5417536018535,0.0017579369129239945
0.18441101802551635,1.2069427459766515,52.637868620124756,1.8267057835799003,328.38963140353945,0.001734127093717313
0.3634544424214065,0.817486522210814,52.19793033064538,1.1235492544595618,42.44321980648802,0.0015532457083913566
0.11164956636051786,1.5019551441384755,41.07014087396935,1.2103692131009567,1181.8055331077207,0.0018091400677035083
0.14075972940825338,1.1564822465385833,37.93218900051281,1.880288162558325,51.85419234598684,0.0018826853932167643
0.15978122962032815,1.2445426306859284,40.75485798474117,0.16099302630244175,199.24425726543316,0.0020168214825868917
0.1730332207425144,1.1840341300324404,46.4587238272749,0.44271996523831786,77.95819249463163,0.00183152440938316
0.2373970027534891,1.1123699100872881,49.72179495372662,0.07978742624449216,1053.3462070209773,0.0017424400384801462
0.13377719601259236,1.3837947609569463,47.85298516182491,0.10025055036944094,284.27158016235694,0.0016971931143629194
0.16634074957967895,1.115298115982584,50.33414734328278,0.08902952761523912,278.0491279870431,0.001695633870700232
0.14221210234290255,1.355983879377968,48.43884031838551,0.0978134910121715,318.7425022067097,0.00173157831253231
0.1917713601760694,1.0631590723801438,50.41989159575621,0.07511857627068716,822.9637384764809,0.0017819721422769408
0.32665984953452804,1.5353431630242682,53.97062464674285,0.08746461900058483,663.7893143877973,0.0017507692430832125
0.27579723123364475,1.6750366555944618,49.12347299125406,0.07471326165496218,521.6919119965298,0.0015279658036832773
0.23034297798087205,0.9542084248043547,51.3852303986723,0.13837552020812732,1110.472356896623,0.0016347092219037994
0.22665881444289293,1.2847756475172385,49.562499939714435,0.44034485234489895,161.63038032280355,0.0018676030197742493
0.17998164402705613,0.8258251654406104,47.93492097849648,0.29897013675916756,780.5744357620089,0.0016235181190983716
0.19227076294615636,1.4904022582686154,53.27074318904361,2.9244065434508184,184.9820334597508,0.001919405594641023
0.17306719242385593,1.405514360547489,49.48198012836397,1.4892772821992137,327.2868884063936,0.0018855031526013102
0.1678043793477534,1.0323368685077154,49.61882203520807,0.7210434426888493,615.1030554195212,0.0015000960507115548
0.21653224257439535,1.2701072504899853,49.568346766812496,1.5345850738240885,354.80171040931793,0.0018051036187455476
0.07316144541413168,1.0993402346904535,46.17253187931342,0.7309806322568536,326.9682259197785,0.001798567194183196
0.17522007730697836,1.9247026134907617,50.659955738259875,0.47214552530627096,594.6449994546348,0.0017543091258985885
0.1500896225473611,1.9144914463736238,50.23233385872888,0.36151473276703966,775.9436019115062,0.001713345347428365
0.2358142752315726,1.7784257202656921,49.747232929718635,2.5831800562146343,323.3115503724886,0.001735203865852072
0.237742493020215,1.7223693356650525,48.46475031779659,2.5475752889923844,336.54202293193595,0.0017375991918096346
0.27973818971931896,0.6741576689504034,40.04842606183514,0.5241755651653895,615.216610301265,0.0017320920866341714
0.265939906222216,0.8153260417907463,44.531679278863926,0.40273847651675115,817.5992603819539,0.0018050161411916014
0.31143125292719737,1.2468428702708005,45.30841807081925,0.3173923904953872,237.0223242004353,0.001843118402310461
0.12631235979253871,1.2999499904314966,53.46979650268644,0.9559703774113268,77.16268249669122,0.0017818208293575873
0.11477404747604084,1.6469405396030037,51.409098768881435,1.7196267117013426,340.19714361083896,0.0019389077255330992
0.3051740073148359,1.212419771272407,47.840084004399685,1.0610230989081562,318.6840003020656,0.0016950763283818157
0.4391912237739315,0.524046879945589,45.24597379983292,0.830999839977819,659.2549610531651,0.0016605345939462426
0.13058265203073613,1.7566403446381178,39.97319544345527,2.1743401192659766,202.49982060466795,0.001666860328808264
0.1365842117240929,1.7533789452203556,41.46717296024538,1.126951805683271,359.3846739516764,0.0016577591735758871
0.28436280509855005,0.759254912866451,51.91450188694151,0.8869367946035804,308.4628075859983,0.0017749581314313904
0.10934578334383552,1.595579410083492,46.921554950560925,0.07258207600456668,98.93714519346153,0.0016912906649576929
0.12343647700307186,1.497171336525475,51.12903730379874,0.02022096750562828,1022.7284129161206,0.0016944730194961212
0.14560112656588253,1.3375782965691725,49.65333615840804,0.02643739926348468,357.3434240533832,0.0017096053218122469
0.14870521654904117,1.315234352512515,48.212282090657276,0.03228356440939001,567.5794949233315,0.0017501442883895517
0.24348171545558478,1.198982104067796,46.30589281189139,1.5813728392989634,225.6150828948139,0.0018648933803358165
0.19181181049530585,0.3501251280348951,41.46134154719004,0.7198522872950313,384.4261177673072,0.0017911867016512264
0.240112979800021,1.9442060724701842,48.04774811939226,0.7788280979476067,509.1752248116675,0.0020927091232809366
0.13650831622344847,1.9434278708754955,55.42054942526396,1.0274279588380244,569.096719202256,0.001592759595583772
0.2101481636898613,1.9198310451862524,54.90658956624615,0.8217745350404436,774.4926297326386,0.0016591183305335456
0.2505940572041785,0.9315556484160443,53.02671187527069,0.74008096814035,380.281841274132,0.0016957479727693835
0.25958751161797655,1.4533553440946951,50.022623902714344,0.9205556784073161,598.8099593633679,0.0017445962436530827
0.1574983743603242,0.8100280540790101,45.5614414526814,0.8356928034105809,427.1949281428363,0.0018058863922158447
0.20668614264232196,1.4719336850908824,49.85712508607522,1.238132293857699,195.4040892458511,0.0017518868619495215
0.15558773550349891,1.635451413163904,43.611020016237326,1.1152786854819476,215.2727386032849,0.0016731106857977266
0.14150465367685638,1.7534527220666647,42.809894246622775,0.7327843592411214,475.7930311372847,0.0016578761380328928
0.21455503269328424,0.6017579612357922,52.092511924117616,1.5969763816867732,561.9378675722558,0.0016572259122705634
0.21177421042786992,1.3341236252040822,51.72378115091988,1.0746491536541454,53.18975430617502,0.001781153186569527
0.22125480221220056,1.4447755358413557,50.8228099278706,2.2054794565648494,117.37033309304078,0.001815606509147554
0.20130500669405949,1.6826985169872493,45.24620150647185,0.2375515073693851,355.44433545150173,0.0017507515387800267
0.24167002516006109,0.7873796841627051,50.78924739733332,1.594586321129797,132.60470363604986,0.0018734202891542034
0.18175296605747032,0.6916048422532834,48.733391839221476,1.6889434518107829,531.3551950556395,0.0019087945625368245
0.23375789772500363,1.186063742479773,53.29544280885829,1.816570176630941,121.21862058986548,0.0020092716794908516
0.16945227341246075,1.7881254096309536,54.133072138011926,1.1794787898413932,50.62798941893488,0.0016811274254782626
0.1145054834469859,1.251606316116371,44.576336388932276,1.4256067633449727,529.2847898364224,0.001900758538450039
0.1751994578237923,0.763943782717677,43.737206608056105,1.0565962793140238,129.70938400317954,0.0017329604090487638
0.2067598001644605,1.2465845082758584,48.59072866611576,2.3743509034509906,41.01260164174258,0.001944541688655555
0.20662559327010885,1.4208819998079623,52.02763011402213,0.37115618340647455,199.6817432101904,0.0016213874213481128
0.046131285948424326,1.4320507783831502,44.94254094804352,0.2312751936808032,147.67140266598642,0.0018501616842081887
0.37484941252471643,0.9170170700243233,48.60403504934979,2.2091939245702767,517.3994017262479,0.0019475612217491626
0.13583232738909526,0.979736934799988,42.863333153228275,0.39268537449425084,136.34591489992846,0.0017618923390613317
0.2492667066343734,1.6233364965514416,50.00162762390364,2.0173551128940086,43.274100605586916,0.0020363950346810136
0.19359568819829998,1.6149182524903571,44.772097947820484,0.5453984148261731,853.4520388590319,0.0017346646863232802
0.22421960629381837,0.6557885909308007,45.31038885282888,2.455498818519969,327.67768288701535,0.0016879999401767333
0.12075223077314912,1.6019486853211355,50.75452158902453,0.33843865602292084,692.956810031536,0.0017815299368843767
0.19417789190938498,0.7722115238178491,46.52382797508585,0.06905015801277915,423.1432731336739,0.001722573042446586
0.251144477678445,1.7277815317260923,52.41242633836462,0.047401153033413766,513.0250453948756,0.001774863402242669
0.12616228614494052,1.1336229645408866,45.12821988973205,0.08949834164147734,413.07109790827917,0.0018661819413112537
0.27339760376458877,1.9383782413479163,59.82060523908969,4.0152150078143025,362.0141209017242,0.0019369063871755388
0.16896364191949784,1.8221988674341072,39.77092367662018,1.0068398830399332,579.9658858517067,0.0015127837591553499
0.07483945079983545,1.951909933820045,53.46835108344905,0.36209686279979963,330.69388858970825,0.00185803366319401
0.0696038048386481,1.955279280339591,51.91870931558905,0.40817451750672484,273.6307104398005,0.0018904834150055175
0.1429800518101401,1.4199043379420717,49.52429467061696,0.5927784332724094,985.8052720566659,0.0017930556009825357
0.14974655204607767,1.3292528838356938,49.96653272456311,1.532416519670103,334.7655170595959,0.0019296367606587367
0.170175190178665,1.0737863975559763,49.26539438589177,0.22114079673164697,362.089126718697,0.001687172673574741
0.1603657722761402,1.3263719703490948,48.37532845527017,1.8468105911701116,279.96144251041466,0.001850211163617074
0.3464491611377101,0.6531905801097283,45.68627970236907,0.5295676405578943,452.12652569138226,0.0017526576868667789
0.09612797133619583,1.3778837125471253,53.47485627624122,2.248688746345738,286.59310573155886,0.0017372583802604826
0.2262823020430308,1.3067900596454622,51.53120457342575,0.5773623648385168,815.514767519844,0.001646284151856063
0.16160102198374252,1.2677623971135539,44.06986785959745,0.28218698173631496,538.6680164187096,0.0015360806241498882
0.1797921901246773,0.8266865585244214,45.3128615891113,2.5887823873256623,325.01267716128444,0.001546279092751205
0.1781822368647943,1.858557434774512,54.86248429882926,0.33119309010860065,878.2810654932165,0.001573633645555281
0.17991090545978203,1.8855779279537244,53.893748483328714,0.2214688939281612,1063.0031624328924,0.0014829990123366784
0.05539278280131011,1.0076743434459612,43.294769722038495,2.655691308409747,109.7890269773393,0.001810320870842896
0.0718240021246519,0.9961435165110055,44.11569243918495,1.8457007084868904,173.6694268372317,0.0017631599806491975
0.3504938851195117,1.2463542127709073,40.71914370688765,0.5831110923101156,870.775010664643,0.0017177481315988224
0.1735002759963532,0.7097793023063139,41.974403232917055,1.1456779992768833,287.79145227069495,0.0017341559751861315
0.3462337064597721,0.7363336483063847,43.84674479390352,0.8513034753035018,721.9254102833498,0.0019313784000879464
0.29603627492549034,0.5563730350458926,43.925032168245224,0.6579878060944278,531.7374427980668,0.0018620669222069617
0.2027647017750065,1.3717924249636133,47.335298823525626,1.1757745681969685,793.672422646936,0.0017754165304256554
0.14469173024613458,1.5364899123205633,49.22732415532548,0.12312692023808999,345.6423063723751,0.0017819240162201123
0.1266102019247813,1.1251141398537148,48.571080026086356,0.8562941169649942,688.2922632137311,0.001961878360628926
0.1325103613674657,1.5586980414561191,46.406246890714236,0.7149562074327968,157.6098319083312,0.0017580180891065764
0.2270393295661946,1.1281519553356938,51.84499876033005,1.122553621681347,471.364600404963,0.002047770974514315
0.11960100244908822,1.2377136223312346,47.62418003189415,0.7748744707062397,502.85487066959445,0.0016828953219316205
0.264505898456025,1.07640915681487,49.17906004073222,0.24173489913908094,241.7008203793345,0.001856891182837046
0.20827694779627384,1.085165342213977,51.47010028924884,0.2072985623817979,159.44623547237663,0.0017394095854116377
0.23987783763584752,1.380629228250976,51.21950237954014,0.24829528500680717,114.74638809915217,0.0016919997193590181
0.20923837230258968,1.196482802142523,50.017109462732705,1.0413179486106063,141.81475436442025,0.0017590524720578868
0.1316918123215129,1.2940314391347636,48.21438019782767,0.9580438056788384,109.70541906076876,0.00170955066196605
0.20335568260012823,1.6532589180168875,51.91768391705578,0.6854560975052743,832.2166847184133,0.0016679117165543072
0.16997657434941804,1.726242196199005,49.618451847396344,0.3926197167972646,811.3385424420504,0.0016909663340776214
0.2122833002833635,1.7743830733944461,50.423716919809635,0.536646730367235,613.6443987161964,0.0017364175325368535
0.22730588916275007,0.6360883275444056,49.75465486021866,0.7574006830009399,363.5437297133548,0.0017163017271102697
0.20924697809553214,1.0740045799684068,46.032952295203145,0.539092750060898,219.04597281994853,0.0016457778153907631
0.2309151755546155,0.870956088881316,45.697695130541184,0.32104039339189644,56.42662257965784,0.001628615324234301
0.2354315506915068,1.2033646349164713,44.39153915639316,0.23818670747099954,57.605426276500914,0.0017121576815685448
0.2068390857274838,1.0176790516219998,45.121772297661366,0.4174255228967132,109.24008103613195,0.0016881096235505945
0.3017895019016274,0.8327253415726718,44.552851900654936,1.8668684000968183,1228.0545081160064,0.0017991780411371154
0.3137620840838951,1.2596674559928167,43.85906083642783,1.7505725927729092,639.7534615740863,0.001894139528394265
0.16530642340456866,0.9430881005919133,39.182241921778775,0.8485195067515301,299.5553134236683,0.0017550130105855584
0.24709480929293143,1.4827238115497177,48.51288801858155,2.4386165749601507,1060.2352494831912,0.0017049040985009185
0.20226552797617678,1.8618047706344456,54.46534983602942,0.9194559830413895,423.58069424911633,0.001821462225728845
0.2629322842131822,1.4666629481040712,49.074125086642056,0.8382127717998553,780.3042732328059,0.0017998579545731711
0.3527942961773121,1.3413616193981377,48.90561866773788,1.0039935471167645,769.6531152819833,0.0018552016677802648
0.24616375541881388,0.9407870339471147,35.220963358563,0.5068506092761085,312.53677648807826,0.002019692735475546
0.1896352293772885,1.308346913070277,36.461990527590224,0.39830717072207206,140.71897372492654,0.001959102549588257
0.3335200443433904,0.9587466080353256,44.98835616546189,0.9239208810257955,762.2022035962556,0.001893543821167393
0.20768535671268867,1.0163292401842279,42.03535639199193,1.6633133060766163,334.17968254356384,0.0017495523676557664
0.19056470876692402,1.6061268090112157,52.431136128508584,0.5884886115337217,812.3899506106399,0.0017574394324297278
0.17299127746852844,1.5626561630928195,51.22189038984814,0.37759463134961435,646.6139060964559,0.0017390496434544827
0.20292904816913082,1.592278763995488,51.1525059709199,1.7784508855723495,336.6520622137252,0.001924912057389515
0.1252470200099606,1.1643284834671586,52.147785900121704,0.5641425484685442,88.77885900148986,0.001973891376450656
0.24987831053882706,1.0961528129480014,49.660695452317675,1.6727712882221906,488.85245650394796,0.0018603414832992135
0.27328749819371684,0.5563054018646396,50.54914807042034,1.3428730850245447,1258.775507307313,0.0018567038506706436
0.2098605367160423,1.8100261171370216,53.95679491708628,0.40744258588019405,128.23888503589055,0.0017801057285340152
0.3637300127110025,1.0241051793964364,52.090139771938,0.8295334751571577,726.9808181553597,0.0019218900231939757
0.3320078691050938,1.0521736216369717,52.14300669207324,1.545602838966935,455.57083346816825,0.0017798878892871016
0.0977608173149259,1.417194726505104,51.34844034970233,0.7293640730265197,527.2894111462917,0.0018757196283191754
0.1541013581157447,1.3851997766273236,51.65110582862942,0.5135810806408442,547.8634173745762,0.001915312945840231
0.21137607287225338,1.6850046207743532,44.517731989192605,0.38705754015737387,729.9661934035689,0.001798274960357124
0.2580433439573953,0.6297698125929002,45.706626074322585,0.7475093819810078,589.394706710927,0.0016264967832195893
0.18740020913509367,1.1789411955994382,44.99865365191911,2.1345577622443725,387.76535392302407,0.0018497542395336654
0.19006933419977215,1.2534870854794544,52.134238267614606,0.17693588173955263,291.7116130350876,0.0017084857488722327
0.11791798103374689,1.2324251355174318,44.95666968740699,0.11450654438755921,889.131667232052,0.0015692089074455162
0.2895783658160286,1.4162641617658016,47.65113760008509,0.3041248897920132,161.09877579355634,0.0019440188726288297
0.249242502748564,1.3809218242368666,43.33952585317178,0.296487605447863,171.28510806926877,0.001807203424222075
0.28192841018311454,0.927537849336663,44.573751764297114,0.7199288581959868,720.248162485635,0.0017578253689772448
0.39381672067172835,1.2552341126319484,37.536231027892924,2.332083818485805,323.9424726722141,0.0018096334555328204
0.16038309091654326,1.3032895517274412,46.04442738483396,0.6347347030409359,637.4086150526952,0.001767047478748436
0.19974024475491609,1.1043419151299623,55.78620149524833,1.6676264600569888,265.49268973239333,0.0020022405332348284
0.2202982175208092,1.8048413856274563,54.36436609738084,0.6268248509081813,605.8381072626489,0.0017336572593749646
0.21758134774111598,1.1121653963245703,49.25031873645768,1.0321753364031372,39.364335339955055,0.0018919822593331994
0.21149382040957496,1.1275705301706247,44.54039969522408,0.19618506499557678,147.25409077313986,0.0019350166572149057
0.14456819463187826,1.4059019645207402,49.35670333942478,0.2083944597814238,14.067177719147258,0.0018134141738985687
0.10090010973218479,1.2773171103099592,48.11938332591254,0.33040490822930235,8.837569557528578,0.001828572572616388
0.21668850073303736,1.157896926780332,51.39654510525103,0.4030909148979629,92.96561809186662,0.0017882620331341767
0.24618118715630147,1.7274173770455912,50.58573266552462,0.7486848868934375,209.52097361762443,0.0018009069926207709
0.16795665997094847,1.5317551446403197,50.208355901075905,1.131552959447001,689.2894443328819,0.0016785902095265918
0.08665308049540675,1.2766920637823775,50.321731448100245,1.7238868512795005,228.30315553139488,0.0017170591404971473
0.35755629093857993,0.8860383277949966,51.42788438455205,1.066315903662652,231.42670494892718,0.001832698702261826
0.2087552401923638,1.0464090682782172,50.07484878867231,0.46323868427156256,205.96075664732425,0.0016986062250785347
0.20329037196469854,1.077493895574587,48.85791019247059,0.8012563717380693,210.05293084837268,0.0017381118487208795
0.1097732564014569,1.6068435441019189,53.25146992910925,1.0007534333978227,443.95058558080177,0.0019750027752631627
0.3801800743534707,1.226316454986862,55.174150094026736,1.3084186095590202,470.91545594930784,0.0015732968186080538
0.08333501957998263,1.3478178573600044,42.885182501310574,0.8193841115290919,445.9716155994155,0.0019883858867496326
0.3344131245030166,1.2759263062186403,44.21089282588659,0.30751697510864984,319.7627335470304,0.002042262371622172
0.13719307722226876,1.681848322732868,53.94077835227944,0.42068868001822995,366.6378365675983,0.00184281029384433
0.26689658163453495,0.755292082171318,45.528555958724915,1.8585499140511714,128.5602158556871,0.0019298820357086896
0.143692685494934,1.5237426218940093,39.86234445856903,0.8152704293720425,978.5573094355651,0.0017294333119131896
0.2856716890721751,0.8331916098336154,48.69559408449731,0.7230648582119233,112.91654342210019,0.0017163181843560197
0.1899986696466007,1.6776913396203748,46.663098428034466,0.11599304529039531,43.980802013357625,0.0017089549312866172
0.1985104510066183,1.5575606591908495,44.863012322037946,0.07944020269227876,89.66379279992898,0.0017310424955658062
0.18320813385189513,1.6380468988575612,44.108820451824336,0.06796849310569605,75.8259865315408,0.0017373336234863975
0.3660347995923521,1.1266740109218054,50.83134554329871,0.2518600152519582,17.21052885282747,0.0019276092740701193
0.06393207952737912,1.4996515836357767,48.97655710106106,0.15738453076146988,189.31453509638885,0.0017038473848691338
0.19146417770537671,1.858183463730234,49.298211869911825,0.0268690713756434,571.6310750108285,0.0017650248075055468
0.21596918230812637,1.1666753038453097,49.962508963102806,0.12781071346265144,909.0014179148994,0.0016559408893751227
0.1225996321050726,1.4012096520854764,53.982408755057996,1.3290246203980807,478.2703731135803,0.0017180565864268744
0.0721893465094148,1.3929556271908636,45.57888644066328,0.5880800735589546,625.6168700241426,0.0018617957772708823
0.2087753719125619,1.6137973610720404,49.25336087911005,0.10948147178378163,180.423814806715,0.0017997621166201154
0.20354979975296114,0.9179322676676928,51.464962805560745,2.887655922231335,326.9899332733818,0.0017835406426389465
0.28991984467178283,1.458604298740762,49.51054970436824,0.5408753720916515,818.6049604806657,0.0016880837947646646
0.09678795754870334,1.401155616342315,43.28924045861174,0.5604799901765933,255.46839750891294,0.0017931156704902732
0.27975724692542253,1.6245561013917431,60.011589659247136,1.6179018717985139,473.58418151602916,0.001701230264395498
0.1406550139214802,1.0065450042106134,42.77899995507401,0.3716434108130969,330.14508149984283,0.0018553121809673008
0.12384596350338696,1.8160086066420325,47.70189869281239,0.5852025962704027,792.8581083111742,0.0017224749206672708
0.157494702630239,1.2093066998908035,41.50934349046407,1.8909319704364855,84.27280335928056,0.001800366438504205
0.1916121011986647,1.3421052853524194,45.19794364736514,0.854525615167134,309.74445527883415,0.0017234358239088712
0.10263130454932873,1.0016689168198971,42.15342652514742,0.5674333259451477,721.3691845432329,0.0018319201498902806
0.12552212506387905,1.1808488618376896,43.34446763004822,0.5324091284884276,470.72678202546274,0.001833838280320194
0.09189199494397286,1.673516165335143,45.54420220685132,1.0949137788643415,161.27570030647053,0.0017544121461615884
0.44810260421130554,0.5683653126724689,49.38305369099914,0.5003870525001272,590.1712377816973,0.0022089095354819047
0.1027787744240454,1.465334410805704,37.50354851645795,0.9326082202171756,411.29156650357254,0.0020087363788228118
0.17580324656449908,0.7957108337343257,48.61062470727584,1.013209410577937,493.90811569791066,0.002012363467684949
0.15996134447382765,0.7941214901292347,49.79534134205252,1.2564735434964691,271.30300139454295,0.0020285531907144
0.21190920426527401,1.5800969360842092,39.044527916767386,0.5390793643293217,248.27746080812165,0.0017740561910702505
0.19559875199448148,1.5107998902877235,36.94856143248436,0.4354101421512541,203.6067152683157,0.0017356174150977147
0.30093267969536014,1.9435653687839662,64.79549786452077,2.5501754391558555,324.4549940453772,0.0017945870604022464
0.19588920194704243,1.7705363800878933,59.402437179051475,2.2757945062938276,730.7309464987803,0.0017378355446701166
0.35841118249629966,1.7417407676325447,58.820368533092974,1.0810835939039383,687.9213511238013,0.0016542597950221162
0.08899250978389171,1.8838913161559923,54.40257348121734,1.8696529358523486,490.6790763074934,0.001747923107099589
0.3802389618595919,0.4525606843287909,41.09924439382156,0.5348875887407903,190.73512711090567,0.001946450833258352
0.06705606550540988,1.9023339761698228,55.834773224570824,1.3528127204441205,681.6336914370618,0.001850677937605096
0.11639218008416176,1.882980382856668,50.379719444617734,1.6628019709672166,446.6176576649627,0.0018954402992902267
0.13382619672149984,1.9320549957271804,50.49308239891881,1.4068491417891578,296.6456754081275,0.001881571642699192
0.2375902289067087,1.9762476848963653,46.938651974892146,1.0312971946133758,748.7074225371706,0.0018476425872126139
0.17011802220165162,1.992091219901244,42.831265434610835,1.4450717669395499,222.5445330595657,0.0017455140607217485
0.3373623558496558,1.9921501615240143,42.55951589263154,0.7069324289969457,821.9975769948145,0.0017245467776960755
0.06281327480920548,1.994575686465893,52.95427731432868,1.3846653448482378,141.90194564109777,0.0019020204508434987
0.13310670740531938,1.7501945559174026,48.20282680478331,0.3717403556719199,55.18033041614268,0.0017402926319299973
0.26962609094244167,1.141907969243073,44.89288445130481,1.777203115853246,273.74415676883393,0.001909029926464807
0.3392148517838516,0.9317953517195174,44.85851520100879,1.4770509751185075,513.9943942496125,0.001868486455766369
0.24002897724392852,1.0834612126531395,47.14627309507134,0.14254970147485757,556.2893921912836,0.0016007965496036684
0.25853081360335134,1.1004502778061092,45.74451184170939,0.18067581613160505,438.18316163444416,0.001592528282486438
0.05417756131639984,1.5611153153334696,46.72872245070684,0.28964585518401814,797.6095641113642,0.0018199847128584706
0.050942647153156426,1.568146725856455,46.00133884026029,0.2988840736492381,606.1140506103134,0.002063319976669314
0.08654412545825695,1.2866749496766825,50.300137209539685,1.2744983915032562,432.1782207880474,0.00173303567627692
0.057375897991271796,1.697107991901238,51.19907539258035,1.0403375525749607,196.85155058013308,0.0016768713852051932
0.07766586207970409,1.1313582077357305,51.19022924470714,0.908531793958267,482.86389766750796,0.0018277587529918044
0.11092170540769512,1.7276351746616618,45.66751029797045,0.5500433167754096,243.05147501190703,0.0016422864297282113
0.1576919849775186,1.0456302037041456,52.458122963122136,1.6764825298367454,230.02309503693877,0.0018348474617947124
0.19897591545623955,1.51994583158697,54.73626427950628,1.393342765342556,331.1502726695056,0.0019841330796249177
0.22880090007535733,1.508935034630077,39.9490291192512,0.3970184724946614,422.88855338510984,0.0015754824374739891
0.21108789153884422,1.7416337515328097,40.63881790110618,0.8040000995317199,324.81346788726165,0.0015742363101039342
0.30194416291755855,1.5658232808486903,44.89046525991576,0.7469209278378065,263.8096753531102,0.0016152136857187126
0.23645872811200894,0.6395935665063485,45.86573991595287,1.0352840413701008,244.31558780696557,0.0016427157989664966
0.2771320532144845,1.6344469581714345,49.57057481403666,1.010138093617627,559.8620190369963,0.0017092280269798827
0.3615150752053252,1.1293546093249853,57.69393638384013,1.8103203680020445,305.09907517577955,0.0017433768257522349
0.30335850953273585,1.6382862650289927,59.3946355095491,1.342890967032602,169.64903825738497,0.0017433956492396458
0.08368886536968542,1.47319717196883,46.473772533584736,1.4592503525471285,1040.6777957303989,0.0016982184411254422
0.0813617353921057,1.3152957450557894,38.06750074875398,0.6937471016795478,290.6091958728515,0.0019012517130127561
0.08116993830629954,1.2935505655718915,37.820904926363724,0.8246373808048661,356.6970150213074,0.0019206986255194138
0.10969884130970203,1.2122086854179608,50.15016941464748,1.106318028975551,208.09129221523673,0.002210349343335744
0.24996042468440027,1.2364361827057915,52.46096783144995,1.0568137444871513,257.90361926389045,0.0014747712130795518
0.21807723891661476,1.293546798049135,54.59914835099761,0.737669309781596,320.1009744378636,0.00146375710265242
0.19836689738711738,0.6545344340489525,46.002536496858625,1.8917439230413888,181.7011498159971,0.001467616106320097
0.20610182254754147,1.1533396193757273,45.43243973725204,1.1863172261874881,175.58960124556398,0.0014518938938888337
0.3193414323206373,0.8716691454000494,51.602682452981206,1.5442740194733393,313.92541688782205,0.0015888160120383639
0.22458748796302305,1.7603350501207917,57.97911671156754,0.9834688174678033,688.3054383394099,0.0019046388152597926
0.1067894645085278,1.4979456542678329,51.763133414499436,1.3650744425907362,77.42917825588333,0.001688571843608302
0.3424384468107642,1.4675741496438983,45.840685318583446,0.9834570791041646,1086.790558112044,0.001963703097289924
0.11448927589592728,1.9207804061652083,43.863215949967156,0.8007818740327364,92.67541117668847,0.0016643252435539825
0.1920021185627016,0.94793139250166,51.1807280788706,2.497315764903443,7.3322518967761106,0.001935155034333528
0.18310536134873315,1.5285714992687576,49.657662932689135,0.15172191185880174,2.0195262111354264,0.001743355707355241
0.3597336385313108,1.0167732053658234,45.57326134121713,0.2325591879951259,8.760587514446255,0.0017162253095124825
0.1944011011552976,0.9659990744851898,50.24643709087112,2.725723079733779,14.86256487334519,0.001744242172253572
0.24450857533335485,1.8022974912235734,47.32619490162477,0.4132288734819443,218.3274375510241,0.0019082368170926349
0.18837687425573305,1.7496148558701294,47.56938333663886,0.4723789633103935,113.39464153090978,0.001848109350375641
0.043224914977991004,1.8351550341331493,48.218867568294655,0.4829909391930386,252.5764084397368,0.0017265902037916342
0.3946954064023795,1.244528594445282,56.95244534335513,1.154770393035636,89.25411539345393,0.0018969605577150088
0.1317919038364443,1.5035806994349747,53.19349714005264,1.0186713768342774,280.46055943588027,0.0019828851562162437
0.25355147997019944,1.2207545349978115,42.74735384290562,1.570777139467853,377.35664219812196,0.0015843653817174297
0.1580919374522598,1.3140830716376748,51.94358336238301,1.0513845807488489,732.0426604094165,0.0015658143006128098
0.11346498617670553,1.2603887655737267,50.413389108980255,1.5427693109811065,309.5591069400145,0.0019812485998640366
0.09193299606429516,1.785521714262183,46.19483173848536,0.08553061016360994,59.959064863010525,0.0017229607026232768
0.0676784621034031,1.5996636616842115,49.41836415828116,0.14286760630448309,79.0652759240079,0.0016744947378984874
0.07481443946286954,1.5855399193597026,47.78963223791178,0.15888547192138505,94.53946757294158,0.0016783804403874903
0.3632000911999572,1.0550954922159839,48.41466389659729,0.26215324056822553,154.2819192541999,0.002010202231540273
0.09243364275513943,1.7191363946210558,43.430763463607384,2.6346040525647267,680.3964337830894,0.0020896600753444405
0.1138871307554831,1.6612220664614805,49.40317244722052,0.02397724732469227,310.63771757005395,0.0018165549901580475
0.03164895493018455,1.838920961175999,44.8303148516383,0.133156138704132,730.478901206184,0.0020109156805857694
0.05279852818713007,1.3894923496864104,46.48012094769971,1.5536044139297045,321.00704789654236,0.0018993824265017235
0.03460128038982389,1.7969816061541612,46.11158387191094,1.5632544684596166,377.1835228047398,0.0017855166695555807
0.023991109728162294,1.4989730896978022,45.460307681697444,1.3425513419487294,709.1071572901167,0.0018972461250203266
0.062220995305760175,1.8901777894794938,51.821455535422345,1.02482000357467,291.316201707021,0.001824632757821981
0.2214939843658025,1.095732017523539,49.527142220196176,0.3908959671504191,138.40550960228592,0.0018626251262152179
0.1275978575375996,1.6429202661211422,50.2979136579085,0.182050407040364,531.5605242808612,0.0018128894697418795
0.2187364612660075,0.7387420979727939,42.38683474690057,1.2252928918208867,480.84856398109474,0.0018862868525963657
0.3192270248427741,1.52981078625214,46.67965918955406,1.2333628550352829,651.2837174463934,0.0018174878010943948
0.16197588208151925,1.4595567450540794,34.841109179554685,1.6950750158508792,677.3410660565584,0.0018578434584394959
0.21859466804660613,0.5249203168847013,46.33797141111005,1.6489788406930055,424.5420285706335,0.0018715964387674164
0.11901399065867181,1.8844240656122133,55.37018603073154,0.8068817606280637,718.8124074580315,0.0016896944181277631
0.23059439088186393,0.6770025976595928,44.26886856134308,1.322127297340521,12.482626368931262,0.0016805994101861156
0.1854842528709001,0.5571613126735417,42.74515860673699,1.1704064120948257,10.977948141819683,0.0016749729975766587
0.2772711834929149,1.4045012078606767,44.48316714213042,1.3379710401909584,5.818467487021353,0.00191690055536549
0.23884715263741077,1.5601730831066654,49.21514417783448,0.7833912969389362,5.171681908874121,0.001877568618050021
0.09576234953247315,1.818744548591419,51.57841370046099,0.5014067203708175,952.5941914010023,0.0016785715747229017
0.15412443059541195,1.224829894426522,44.206003683773766,0.20406713934346776,187.37016650076328,0.0018548230756652827
0.07420770129790781,1.7938107205978089,44.39883281013597,1.312372527375198,282.68016178047196,0.0015820163217175063
0.21703219242263874,0.6937055604510451,53.018405613244056,2.0811186560750485,465.05347832068844,0.0019621539717482425
0.2316584208080484,1.3569238414146432,54.93506186814527,0.6049944980709077,588.5191133585821,0.002015119023050091
0.15105532886430284,1.1696038273774876,45.864117577131644,1.5060071048374348,279.57531775333086,0.0017380060353934753
0.22535422042602535,1.194582728684612,55.45876548394073,0.7981363056801793,494.9575935848975,0.0017670140066462282
0.23752858248126482,1.2570531188849663,40.09858865526098,0.483617125540998,593.2382571063376,0.0017201062789198595
0.19692239773136,0.9069410402171616,52.31955462704975,1.9776952080927706,331.4701459402261,0.0018502403420452458
0.2278917599577355,1.1616205211921073,49.55664981463083,0.8363663290559968,144.09962514799435,0.0017212099372800101
0.21741208435991233,1.0032658236192897,42.747287752450106,1.0889114972699445,198.53429216280153,0.001842600760920798
0.13496934645278563,1.553631703326131,53.35255139664471,0.5721312077470274,15.5889578448546,0.0016510960065237903
0.12719418006483488,1.60232135666769,52.42969991678908,1.1986907579497157,64.63707888480651,0.0016527073822163963
0.11437712804503716,1.6099468993855672,54.88320723606967,1.2791743006881875,1341.9491093706838,0.0016104966119952213
0.12120205162915254,1.7200624845317305,54.97167830091699,1.2712344773810764,1149.4826921217261,0.0016244942228091563
0.19674145792373696,0.9979799970259747,40.13502055571634,0.8835089161834948,85.23047549616933,0.0019305913508453252
0.2520804991127893,1.3232613133483802,53.098506990377885,0.7685669001446334,100.68113457335096,0.0015889463061990066
0.16265044545698595,1.2267872131719306,47.86314875939651,0.294177260393039,88.38323257224167,0.0016166337750934342
0.23938975755377304,0.7303672817927034,49.81733912330841,1.2114698019288133,194.86155293502355,0.001878764324703516
0.13918479346988713,1.5146263547354772,50.610257077318636,1.270431075066102,965.7272444786696,0.0017984351035998367
0.11407382664921187,1.5657564887278124,51.86633186482912,0.3831105187373271,315.5129449334142,0.0016862198978981207
0.26137575679703906,1.3706726365883257,50.093723603127515,0.8919544453513925,50.727822529224326,0.0018323447714857885
0.16266284763426458,1.28625204189702,38.583164188627954,1.6503835935932594,943.43666755903,0.0018971450525763639
0.15931674401374976,1.1506641266401683,42.77210100896092,1.2520598578337196,742.2499875669304,0.0020818886735952317
0.18693110710315217,1.4456880546487663,51.128810493624464,0.7602776881410077,264.9795019339811,0.0016784732124723847
0.16931953124370058,1.125920680822868,50.111333599774646,0.8375657408315313,160.83193189045963,0.0016564191042845399
0.17817803879030225,1.5945996853914186,50.019624949670735,0.3260938991960918,227.03942619536153,0.001900995240526129
0.16351375021909356,0.7734951690059783,47.42489823527193,0.3555496417075456,311.0979164747973,0.0020614562581000853
0.16398045537546532,1.1473886427453408,51.020017636365104,3.3099428557949477,115.36402829818313,0.001865160158614598
0.08790683441899375,1.9356402846254914,48.8665764973428,0.03526573930207967,1173.804986774648,0.0018002206806899664
0.31480696759317534,0.49345470525752605,48.145913097814095,1.2489785001552212,58.92859363363947,0.0017415883321699323
0.17441287433467076,1.1800100507697018,44.18633740690745,0.8391148713321317,77.34521386364268,0.001846664270782393
0.26057318690229586,1.6465397111963451,58.77962425574022,2.472355626961217,1405.930353479664,0.0017470846292051863
0.3499497597976719,1.868230292472127,56.68703101166973,0.6414156774296152,213.29731510714797,0.0016176443147718216
0.3006377358474418,1.9390394303488188,54.022291170927545,1.9177107833698726,697.7289416827776,0.0016887137601748084
0.19486865021818922,1.233688945746381,52.00811098718746,0.623646204555804,292.79289237806114,0.0016621379613290612
0.0881616653393678,1.716519520485719,48.05763300696688,0.7286617167356129,533.2881728288513,0.001590252152807553
0.05464261696825557,1.1891616484951535,48.81808381078344,1.3143479995460703,471.7448538843533,0.0017321607998751613
0.06065152475282854,1.4352288116811183,52.1786199824501,1.969200597302206,695.2898471254695,0.0016637835666726498
0.14777257833269886,1.4161173221775993,48.160955769068245,0.362768535651274,455.6485409405833,0.001819207765312482
0.25450071279714476,1.22406558684071,49.653850075268444,1.740180621738399,376.68815601303544,0.0017493070302236114
0.4157842419819311,1.5034481950006386,52.27970875829143,1.5472308679487774,881.8009911676954,0.0016798525968500515
0.11938395055283157,1.612013382608924,50.82788332188406,0.8174489057528594,336.86792508702496,0.0018094255454992184
0.28539447880107854,0.7158956060829423,44.69235192127379,1.6579547931741814,333.7609620683031,0.0018254493920767452
0.189886624040492,1.5590362404436013,44.14870767729131,0.4700729683874996,875.9455481512501,0.0016419537377824534
0.3256469472628354,1.5073966243577692,47.238863763575935,2.162055487070706,224.6860685800827,0.0016298871920635144
0.30145980479491763,1.1666179777867318,48.82026843249837,0.6485235568906367,294.5977734305516,0.0016104875059871466
0.12134194920354095,0.7724573229817842,45.53291884026798,0.8165337304196942,158.8426088526715,0.0018964248909030495
0.06196335353226301,1.5188634233325722,37.88678356666805,0.7817116911518978,449.4860477779754,0.0018399336972015207
0.04207447440756246,1.7069970034587836,49.84649292219598,2.4142667827744346,548.4274004214078,0.0017699269099420818
0.13398738982266245,1.902723240234729,54.37369950602713,0.414262330455252,664.0723007312714,0.0017258173603088706
0.13246256717192065,1.9035142584887919,55.00344088806585,0.4111228280192766,695.6160241737264,0.001731013682944623
0.2969648801700214,1.9058241950703982,52.62797458981185,2.293021284328686,469.3829148119103,0.0017455675696471935
0.09308134650056214,1.334649796662778,44.25096054307134,0.19325070958387483,510.83541060133064,0.001883746639519999
0.1541042049054415,1.0322869917700823,43.93043802812107,0.2634459302823464,826.3776859839368,0.0018534249979707922
0.13915829557835777,1.6848223925134347,48.53305744935912,2.076980080239943,260.04647652189766,0.002143992793768103
0.29110999803833637,1.988174115304461,59.29701183421676,1.5955377245773605,53.33848054010566,0.0015209806701603093
0.13073581620905284,1.524518292890309,52.90319763966042,1.8838065744642012,1366.5824195313514,0.0020520780255603812
0.1691654145349865,0.6378876011535711,44.96350507459407,1.0375591093692245,167.5319054670944,0.001959491906316643
0.22336623447134563,1.7516788562297405,45.61479139782123,0.5738466317636938,159.7717166204546,0.0019297581255153457
0.30270673322638303,1.9144150035684282,48.05192113385903,0.20632276221326293,61.01134361650767,0.0017922347074588415
0.11314638848412976,1.7181634596544766,57.279582855409366,1.7653771292480005,796.8997731522625,0.0016602190802806932
0.11514748200716331,1.2250460607020623,54.621279518147524,1.7219792912987422,442.2433154199281,0.0016422700753989216
0.13037026758748188,1.319869775872331,53.49106907209922,1.3104405155243568,643.8731285035426,0.0016014013941905462
0.28470850133438885,1.5479157287968388,54.35151432976955,0.7820086923458471,402.76522092413535,0.001655641920872767
0.24953361787398248,1.2089477717748989,52.43410314647058,1.5143939082628524,540.5671311009415,0.0017623276930643444
0.303011214111235,1.055914906223975,45.77223339595142,0.20962824133457805,479.7751170671178,0.001694773260365877
0.07595851543709024,1.4224658180823697,47.110578858056805,0.5337030632712761,438.7768304246077,0.0018381708754059676
0.34735657869559844,0.6353149783710684,49.238735334889626,1.1066372774503002,369.23857224269585,0.0017186383702884117
0.07911673172539989,1.7657054359841498,50.64487880981106,1.5049700710424434,775.7284327283325,0.0018551647522430676
0.2231055843695222,0.9212387553706322,48.45341489317069,0.2612170129880361,59.22510968784783,0.001694931803771787
0.1556369846082748,1.1905786523490456,48.19257931285987,0.9832611424559288,117.36490090622239,0.0016366348264784077
0.1220479909255537,1.3148077653748884,53.61236737658382,1.0705527558190802,140.86154593472423,0.0017883055823710995
0.16898361768445283,1.4224549789131415,55.42863899541533,1.888896744821958,96.06445465512675,0.001699939290679959
0.2523272049241331,1.154697237437722,57.204618830117944,1.3981157091836804,303.3248956407251,0.0019165846438274025
0.2597778381839697,1.137017023263513,58.454087471194086,2.137559330462196,337.46400798945973,0.001958386343295118
0.18163833903405796,1.7841547580512735,55.96289597599966,0.7902285630524791,925.6950678035217,0.001830556854944774
0.15473381719671755,1.9261693005872673,57.09751644350997,1.2945610824648173,813.6048046016633,0.001841097417031042
0.21514765065064081,1.8818404180145123,57.10106155050377,1.353401582495088,309.2236649612071,0.0016262112302917872
0.15294852848371382,1.6388433602986319,55.269539626694595,1.2427431430174334,1099.3688790509498,0.001787126591822036
0.14953015311132153,1.6475057525449293,56.657751459162846,0.8386241619942572,1055.7280393672572,0.0017931091492144001
0.25762511938214233,1.6307562507746924,54.00240608045165,1.9310676075980722,615.7797812042655,0.001778196611018642
0.16710336903147313,0.9317342667202185,45.24827867431577,1.2065144004143282,264.404673294107,0.0016272588601437162
0.2851789671295342,1.5040142490332038,52.95100604513114,0.22123771269508874,1008.3333214767678,0.001659381231003913
0.31881114350825057,1.4008064077218492,51.02955776138502,0.39375822934006,200.84885211891944,0.0016786421251980483
0.11189703407987994,1.282619498967003,46.096086534053626,0.9513017263807308,212.82821710809932,0.0018282855399439125
0.32601312470792626,1.8937566395185643,55.698051218784435,0.5331963111432464,904.2795408544782,0.0017913851586604267
0.31336366613188527,1.6481956926617563,53.50625344720144,1.5286573266622752,205.42403687643113,0.0018099986960655574
0.3050818608272171,1.4037359543218888,56.770225359160115,0.8566584351643518,173.0911383996104,0.0019024388762551104
0.10980209551166051,1.8203403964831977,37.7620537659903,0.5662283322121594,742.6140300578248,0.0018245792353529817
0.12251135421284251,1.8986714481725548,57.01829241667843,1.9029983027806558,835.9230717245698,0.0017643985562274553
0.21226340690582687,1.9251662672154555,61.373625654813196,1.8024054849873319,525.7659480456837,0.001676500587050228
0.3424277530798747,1.4702978823262791,54.53635832228669,0.5369157741099887,513.1400686294518,0.00176163444643082
0.15120515503779003,1.1555962638697668,42.883767873898215,0.5456331653996989,87.84231322881696,0.0016175349959681026
0.170493677771277,1.5640686275244322,59.13361193105974,2.641085433496518,142.09698321248865,0.0018558206116932791
0.19337576462302947,1.6245782603038792,51.56384155280208,0.44861136124442114,285.6679131527517,0.001792821686704924
0.20444075135510523,0.8011412093386675,46.89139190396171,1.7435395465111225,758.5744317990487,0.0017120369389677817
0.10839237074227646,1.627372318352552,48.37966473509919,0.5842503139131081,379.92916118091165,0.0017518009997621287
0.19657429284446276,0.6016433071448613,47.69404511776139,0.985713538768053,494.2289076845451,0.0018591507224824091
0.15424253035174446,1.2042030479405668,47.791230515164465,2.1045801173618783,839.0986593684488,0.0019475966585803452
0.14767881794671273,1.1119332224644607,48.30610398518613,2.0581368973667025,900.8936183244725,0.0019426341111625602
0.1469923103582356,0.8102340306192626,46.826883948125314,3.257777391450338,970.4774131859402,0.0019416348817180222
0.22134895225787968,0.8537209053645487,50.87239682347482,0.4003232500678476,424.17954953721744,0.0019008182600225927
0.25872562243444247,0.9928004997434052,50.30077529043218,0.22190495990763237,260.92079249559754,0.0019278576229786047
0.15410178282939857,1.8535258698225792,54.562270605568386,1.9838810969518628,26.341813975235034,0.0016890488404218283
0.13102947652320726,1.8837166853947829,54.1260069532901,2.6265197845355757,18.636135716573445,0.001648049476294633
0.1332872644808175,1.02396644275905,48.57263647057358,0.549919209293101,225.65955561977145,0.001699039636751251
0.3371746499331058,1.5095971342702532,48.4044545414231,1.0908663373907677,589.439255216227,0.0017150780587948764
0.07742371185796097,1.998670897453469,49.54385365532028,0.8852733578116708,518.2211257579768,0.0017664391499899502
0.23609872117486425,1.9988650295683,51.14106184818868,1.4004535192781062,334.4899362039156,0.0018634081802571738
0.08826085029872474,1.9896723765840998,40.6392488246371,0.8278589649335111,675.3843173812387,0.001735398847614125
0.13530905622100564,1.9902403944211735,44.38052494752216,1.2662981167005127,484.2443152718193,0.001987765876830277
0.2513744922929813,1.6439223239656828,42.834246413434826,0.6344270481982404,423.5733860545624,0.001849412831687375
0.25428232281044577,1.5561503309312423,49.99927321935439,0.8189101992008203,1034.9853090567844,0.0018337841081240791
0.2265933152279372,1.6860486048148458,49.77398009967144,0.542255382731192,364.18101275119204,0.0018012691478859002
0.10062227977444242,1.3102900145029945,53.37724704355994,1.139515631668099,62.745450385947485,0.0018184255413709832
0.20070191716769978,1.4084663989252892,44.80984788370088,0.8095895191715565,653.6600573734837,0.0019218502812964888
0.25735496520451717,1.9199557903768285,48.502238446354006,1.1795663037875743,371.4752005081183,0.0018328370853502695
0.18858960667838706,1.9420990094143695,53.2478225032395,0.8074173063001174,610.7646796550265,0.0016814025516326768
0.21578811924024635,0.709058204350374,46.78806633739518,0.2657918674425005,396.4078876889668,0.001826202147451044
0.26517165881437765,1.1691371040987817,51.397875684619166,0.1600169434679629,841.3447025872675,0.0018923186376092287
0.388909020693422,1.455855286711319,53.079012243468284,0.21417668271800042,610.1981641441319,0.0020533619090979476
0.06501628241092987,1.8399110881876821,53.70079797186135,2.838425373527458,324.43134207528817,0.0015441507957835363
0.06096127617515048,1.9398919425774235,55.92263796628817,2.0604041702790923,517.6821708355369,0.0015270216356294117
0.12132798143129549,0.6455472295895458,50.1413017971821,0.8298253900108015,239.6412675058182,0.0016735633307435023
0.08739245259963348,1.7506538648672276,55.12673379841712,2.3176767400024594,313.75924485334724,0.0017392166017883065
0.21523671573487035,0.8397495060179173,44.526642118365004,0.2096650293415499,787.3809583734875,0.0015258978503986833
0.24970566560370028,1.3664663615063888,48.34194938363985,0.23661785739567184,519.4130157962175,0.0016856500144727753
0.17199677098602148,1.9028122801455236,48.71786752034579,0.4868428100170876,326.66886932657235,0.0018254837540851653
0.1510876978519956,1.929907186415404,53.92531201801081,0.30278589758310537,436.8170534408717,0.0018212373286259948
0.11255619320648313,1.9992141376293038,46.33546050494573,0.21648238866676806,656.6125146900309,0.0017146857961399592
0.35463310667239706,0.8350314957639626,45.557065756991946,2.3617137327717606,453.17049580589855,0.0018269641241785884
0.33278344456457465,1.3223647640852494,45.02389874460933,0.9978716325658895,359.7719850449324,0.00184228263428672
0.15743774057048493,1.2133212828504374,40.4680487892511,1.4315910811073917,360.55060194738746,0.0018112739016961676
0.2120856255780918,1.1994753381030916,44.530081226360544,1.5405305732584162,872.5436982373193,0.0016481521548989215
0.18334085204211775,0.715805526872869,42.62087677556155,1.2178727556662936,714.2370083033778,0.001552350092209158
0.20056228886062466,1.381789965750751,44.96400672290954,1.7194295260428774,257.5601047448676,0.0019619187987910845
0.11331542906425858,1.4767468623967597,47.230810213571594,1.2465972527522418,309.5180446791457,0.0017285048397418304
0.07913699587778432,1.1306334506288653,51.32327232471191,1.0500537280891664,834.191946584129,0.0017385277690692017
0.15845306752977897,1.6533136079276791,47.4468418118951,0.7420140532334946,173.23906991295237,0.0017940584873948943
0.19541571048365136,1.4187535491312513,55.971116084684944,2.0116622833099918,236.14818720197678,0.0016072239482962532
0.19045082308889305,1.6384536875902762,55.78300029476479,1.707629782384971,458.56328554790105,0.0016071603541140233
0.19819545468333047,1.2963884469102418,59.362266241338524,2.8829586054265093,227.0729991810975,0.0016797659574026246
0.1631409912855817,1.6017958762156765,50.55418704928295,1.0338764733854273,740.482120225397,0.001846750123045779
0.14738643244194027,1.807051082467148,54.98651634816376,2.0985608948448093,1133.4881196296292,0.0018213729305775557
0.09274162152567117,1.8219262020215938,38.826958388878744,0.4343415292053179,204.5797633954023,0.0016598212428624447
0.36503655198562446,0.9982595039644587,51.283171091073854,0.44150001620558676,382.3164445024976,0.0018318093329460264
0.21736801088931837,1.562442078394324,46.42277649278559,1.1312719611596436,676.8567851969315,0.001801898036842637
0.1811747755179963,1.9750946549743027,55.11108046880592,0.9158507119135169,202.25863633794222,0.0016582921559345183
0.17898646927096992,1.9649874895168382,53.75741157721651,0.8151443502420099,216.01184726723264,0.0016934158393108363
0.1681936467843157,1.9418148379333229,50.91198240351981,0.4597129843340296,203.26020686351836,0.0017480267742177966
0.27479100614228524,1.8515502581449048,49.05641402377547,0.2168312081808776,494.02711935175864,0.001726899509980622
0.04298003454108756,1.9815219124593708,46.109502737720156,1.4712702633006935,495.02183703375357,0.0019556801006341776
0.04701910967135391,1.9448646439112178,41.01788350672342,0.5095136379764398,236.51556982925297,0.001959149195911671
0.09389478197267223,1.0560480040058604,50.90360763644572,0.3225070639040381,769.8925637819664,0.0016734928485095256
0.24819005842130276,1.1418912927715674,43.76093045346018,0.48183439959468616,596.9271993894426,0.0016268162753495016
0.32254186475200297,1.441141212831707,47.08158705249187,1.0475220755627088,587.1825683576039,0.0016525773430239655
0.09042408299335615,1.9918260011028488,45.98171604248765,1.0525346061125134,226.71683433403177,0.00172032371695404
0.05173704247099489,1.9980025139854893,42.73911668416308,0.9665997357687464,752.0322080874728,0.0019034948303463814
0.1120539965143759,1.9944325061035786,48.94758839671637,0.8727800718032508,245.50648172923542,0.00210000273216186
0.045864340257517684,1.9374430055464755,46.042105694711694,1.1737664759051032,81.92661264065381,0.0016487299599319584
0.14638234160707944,1.9136058979052781,53.562205087424346,0.5094881036692444,352.39489506850845,0.0015896933543027075
0.05361928793645472,1.780693413301102,47.284238157272,1.4163739490934029,961.8441545974052,0.001562477383403773
0.45832461690221,0.9767001333475127,47.40105167093343,0.4385061233158021,325.24680440649684,0.0019127024023696164
0.054194653643777735,1.1186438603867797,40.235316438891964,0.3943837862254054,573.330961792841,0.0016238856145124809
0.04884667419123078,1.2723416924622386,42.570297854401126,0.37051061747668446,977.6769405280735,0.0016284513463911449
0.21907846381250923,1.6480128083581371,54.9803808948286,2.1598661872038942,239.54472647921386,0.0015709116090699765
0.12256624810642307,1.8358513682471407,47.32654643715776,0.3200217060779432,234.82446639347555,0.001633169546700527
0.15857036800066718,1.5965220428823732,49.789728590454295,0.7806844459390719,254.81046419914,0.0018940415568711624
0.2640816967297743,1.214833492917362,48.02506592640379,0.7726786560910376,51.172572354899714,0.0015658323343446011
0.24409889466253165,1.2025967753135922,47.32090431574659,0.6893923293267632,50.74739977051701,0.0015629529815807002
0.2816229997145766,1.2945050206560482,49.45489999478216,1.572367658276764,16.94178964394512,0.0015989315125965208
0.2177726991240685,1.6100360310668569,39.78419221699238,1.0793173245819687,20.952411726035933,0.0016834566773184082
0.27654903729699054,1.5781917554345513,41.60986507598199,2.3882275155053883,14.981047658992685,0.001711577259220119
0.26810881847535833,1.0685489245246498,33.25506917840702,1.3820285563023413,15.094193271408084,0.0019047051902958043
0.2433775296452602,0.7248223088414711,39.42327025509946,1.3795949613550513,24.73763086806504,0.0018303859834926939
0.22330886644282807,1.9081522803289965,52.38686174503068,0.973533267431497,255.8406945093766,0.001798697030473582
0.1455872852233915,1.209765795213996,42.38490324067572,0.7015720560819205,77.9294962701004,0.001785337475777516
0.1431264595465127,1.2609931355418964,42.78169825514157,0.536385527019588,63.74797578394199,0.0017696720099264745
0.3177478448439542,1.2297423797492628,47.13482640415299,0.20763965260283812,61.9912130514519,0.0018481491775690002
0.24854026562316353,1.6623460800822407,51.24409052604468,0.9005949638179988,85.46305886145724,0.0017958617830082697
0.19510561062607606,1.0514707800747018,50.638255711561364,1.1371628008078132,756.7264964553822,0.0017664553201859467
0.15402485531777238,1.7383378757876062,48.33700318381959,0.08783702054647297,65.19749500298093,0.0017344145296934168
0.27456161894270387,0.6810904880262345,48.34151451358437,0.885686376596019,85.77120259708799,0.0018595089956922669
0.18230190712161803,1.5003599740791724,53.07238461005468,0.512526218189998,236.23505038688393,0.0017522240818189574
0.1363314584440227,1.323136502116693,53.12108006711287,2.309634093954327,122.76781686271092,0.0016999593985248986
0.08601396269149247,1.294822361968502,52.50572028273295,0.6872771635906062,542.4968684214659,0.002155327146215429
0.05334214864513044,1.7078251920786176,46.77846445398288,1.2167838068869359,422.5897521429753,0.0018233533863856862
0.041314042162040876,1.5469127141337604,49.641986355957954,0.6992655718384504,439.87189000966976,0.0018294141316199523
0.2113060294514121,1.2756043255669611,54.52964683789507,1.947350802788456,607.0423205150641,0.001612581342487639
0.24022124937087053,1.3381927688010005,53.25100100368431,0.5983961418673914,553.6302235921863,0.0018029275561874847
0.14079185574889028,1.3629070591432793,56.80924346236843,2.324523903070056,800.2311960063337,0.0016158556251697276
0.11068832788523733,1.5442702490460065,48.29265909363777,0.9483720974581187,690.7773711151299,0.0017044253618979277
0.17788756992128452,1.002025628932358,44.150533771773844,1.2450978842644096,415.4297300562075,0.0017058189494359099
0.2600519041513233,1.3016485919216636,42.5827296737796,1.0556229856118784,723.6086851537303,0.0017568904888930954
0.2943174176570804,1.0306747699655645,51.44430018368495,1.5493137764744582,855.6821524016575,0.001676170970437152
0.10780174377015835,1.3666953432522233,47.98334415254649,0.46432934898612643,69.63919676965989,0.0018212854009780615
0.19019743277268616,1.1892481411923574,46.835266117424204,0.2174764712897858,39.84862550632497,0.0019636821787264716
0.1654297938508454,1.3232969607684115,50.79654181444383,0.07822338428600982,727.9509801558172,0.001821975762163266
0.17633247016519624,1.1597911522237112,52.02497777334595,0.08442209278021941,680.6257146707467,0.001836096041160795
0.16966691454867291,1.4615511512093793,46.305919693485606,0.046282105342284816,474.95222375331645,0.0017921189874665721
0.19463114571648393,1.422620178164603,53.308501458542324,0.5081908406293686,542.6889280211856,0.0018847752890306906
0.20796067144218816,1.5777060606977884,54.33279077156645,0.5243369336251682,1446.405900015923,0.0018390172736655068
0.13604065270619137,0.9726803557513592,52.01206441327379,2.2343835730287602,329.8168377325405,0.0017877236528687438
0.26149035287634587,1.9115258519291782,42.913267329829125,1.2599538854514085,204.47409604203006,0.0017858038797988766
0.24894785598276786,1.9275946327858122,41.25212734809561,0.9884760633395001,226.40273189507465,0.0017690184853188966
0.1690479985977698,1.0480322478456132,54.304116534200475,1.7764776333603707,2.3733951630713728,0.0017643173246476823
0.22829417562698615,0.9373531650464663,41.555529165613834,1.066325591495346,4.973297972267804,0.0019401109559327818
0.2328888177961639,1.6623316537828061,60.36130157014679,2.477978689799734,109.8238489612514,0.0019413894760538937
0.32772506048947597,1.6754027383178718,62.69503151280266,2.621414831908565,197.677288867363,0.0018476129922748753
0.3286552304520139,1.7935143157611244,61.621174739234945,1.7140699044521812,486.8469608110869,0.0017804345443303586
0.16533155751871764,1.278811846569962,39.64326496361603,0.22337901146481426,472.3958427707749,0.0017747655942175452
0.17130956593233837,1.1379081790556405,52.27817613844196,0.5834332451446681,753.4601951810915,0.0017118590829913998
0.22523659845461994,1.4198443684674233,45.75374246657434,1.7000461011758032,490.21627222071936,0.0017413005646115495
0.09908791892766915,1.7246824617186498,52.803089098296574,0.3887191792656811,645.7829792240259,0.0017932979819231887
0.25115509040489964,1.1339294509690592,49.13899250464643,1.1109179588269837,404.5794863365539,0.0018724107033491245
0.1826010228242304,1.5958342027516281,51.75177797503495,1.0321908156801782,894.3380487145542,0.0019282801232822333
0.3323110693427312,0.9932566939152165,51.5201215794183,1.1730638284554187,269.3837405996954,0.0018797782748456917
0.10914978728527264,1.4754783740404285,50.31622467047485,0.5310403779726388,333.12300021571144,0.0016200792123929057
0.27266609186320856,1.1365888857876572,49.58208176017008,0.5624932398319564,203.22769843910822,0.0017176405811149091
0.22572097873579594,0.9448767681441268,43.59824347441606,1.2997245851524284,101.02909632996561,0.0018532318856297643
0.11905212208584638,1.4631671401339679,51.59791415076552,0.8878551843730604,50.99827820367318,0.0018336917420328576
0.14480991079622246,1.4150779316504312,51.82053898832429,1.1106605795467774,819.922181660704,0.001781971050868682
0.1829321598537292,1.1754373571731371,50.47907230701317,0.8254837871859925,161.99471780694324,0.0018163693812917638
0.07270363526557622,1.2032917273768893,48.187754684990814,1.5494485690831628,621.063000493711,0.0017523921385410094
0.11279394439357973,1.1347134307709625,48.409773162413686,0.9774563771576752,326.6450597020084,0.0017193715029860724
0.317969723037971,1.3451097660494875,56.62379307064776,1.03742953177003,926.3214242757524,0.0015984568205844752
0.26687700245097395,0.8365874267879945,48.39373297461938,1.6653890741575545,328.2531917520329,0.0017647914097293842
0.35137387162414196,1.0347943598576161,45.16999310395234,1.1048066055037182,304.41617893085987,0.001629840700104376
0.1727211842953379,1.4664763352645895,45.69265935437775,0.8476837521111985,719.4488412715704,0.0019286844227827194
0.2981592716424121,0.8983654313321912,53.51995976940931,1.1843539967372279,315.84057166211795,0.0016276240840757705
0.2884992101640672,1.4767135054458236,55.73734485731043,0.7766546998134131,356.6766576255409,0.0015899720073102306
0.30199997459777367,0.6047803963125823,43.73905633218235,0.5945086163451626,153.96144862970007,0.0016032468460567616
0.14466744966621348,1.9647588657113837,47.33556749176835,1.350931511839723,368.18235290692104,0.001976958325398624
0.2281768976228217,1.2068579172898246,48.49701372246178,0.9491287644846287,86.00950780201552,0.0015664642415986882
0.31816599199742857,1.1948671627348573,55.64405025572167,1.391504899536668,1038.7989301032728,0.001688556498619662
0.2659471095370167,0.666645954991367,53.84588919080002,1.8376652859380653,403.5345316689619,0.0016144281225517014
0.35554606654878385,1.632209705651617,50.442198072478696,0.4258627454488497,417.23764177168295,0.0015858819719302875
0.322819172769465,1.577987351110401,49.07626395746466,0.38059479079257447,673.5839944804286,0.001569778833626525
0.11319518920527252,1.2808658368465,54.846640957697005,1.8488888324834956,55.92853078302432,0.001935730490305096
0.28989800932202525,1.4554485307642064,51.7228998725247,0.8090550909807982,259.721824159696,0.001584587319360181
0.1966852157830009,1.9418354275297267,54.76669142977961,0.2257024057356956,962.8132693931732,0.0016517877328767994
0.20169140247033132,1.8163505830776647,43.223469980507375,1.9712599819667507,117.25556532916386,0.001886953033792336
0.27316917928714685,1.7718170312625088,51.953123931168236,0.8499234378745258,371.1898245813661,0.001899965078249051
0.182544824301696,1.2353904726079707,57.03626520454549,1.4356169416974174,26.7659377799247,0.0017745628190705934
0.21465828984195653,1.1635968111584156,44.002507808384635,1.3789377606877087,27.99229247254072,0.001667557579459782
0.08179867669501663,1.4585066859471543,50.32304216733933,0.9522586691783228,178.517434697614,0.0018651153217414762
0.16537599027685398,1.0068267374112694,49.156498377657904,1.0254973121689526,647.0315168534265,0.0016458823067842195
0.21802244332544868,1.245790039733235,53.59152523356307,1.1644875171443998,368.12290992107876,0.001898453539550733
0.19818414042060797,1.166324391622188,45.98236642274139,0.9821617994043862,121.61817237995962,0.001772714225582646
0.2359505270870192,1.3670304552053714,50.20812168808495,0.7710770637568475,109.81337949181139,0.001744115351830281
0.09946160054653455,1.1201055890105036,48.22503633243127,0.525076753268884,892.3669136940988,0.0016899470903781835
0.11529334153783585,1.2042194517688907,45.777847944000115,1.6166765131125245,281.66631021938986,0.0016246466801977588
0.37587739620984856,1.6542121560651057,42.25217311897975,0.7126071491427556,262.773104858682,0.0015655585341280002
0.0824170807420531,1.3397726833927204,53.28900630109126,2.2749048740543554,77.70684038291307,0.0017839260676623479
0.2735492357255838,0.5686758683052952,41.388966339043115,1.8678283121065526,403.21712246073383,0.0016505089265056974
0.10580090268974257,1.7855971079077646,56.57832847495874,0.6745921716214324,857.1230637648042,0.001607831291099753
0.11235812860418504,1.3545901603572046,46.59590312266748,1.480408634514682,723.1844247649385,0.0017841260225182067
0.10960521960569673,1.4829126564840271,46.4800111485599,1.2861295599741285,885.071655621832,0.0017690414330620232
0.2000598034479149,0.8911536098122874,43.24003798329103,1.0636115594523396,72.42642916673884,0.0017864678983800382
0.18307567611483533,1.4324047606126473,50.78987240007534,1.360373132980908,303.11213134746214,0.0018055043312699497
0.0946014578058715,1.348550071377905,41.95138279415782,0.5379798169475034,183.5769188955255,0.0018068724391067125
0.3198125704097642,1.7515898720715306,51.1568950634021,0.5561193274307289,193.2637606409576,0.0016203961880139606
0.1777036554740584,0.8171184541239334,38.74602375359644,2.0113953512599387,92.17223368127611,0.001825821838734338
0.2308532201986579,1.2110374451981316,39.34646072279304,1.4431933872038323,202.29177802936243,0.0018751753471897591
0.16215651343214918,1.877182668171075,44.65420719968366,1.6479733550269875,327.7796388650483,0.001781968864112324
0.2826975434377914,1.694943565767298,54.291047987709604,0.47683484749165284,796.9496916803945,0.001517103076426231
0.37573007299095174,1.2128583270720972,50.89235200858645,0.3092044906665314,1114.9490510130659,0.0016245731423052325
0.15361850157721005,0.5772248441211366,44.29903670405633,0.7864782001835415,443.3603667358215,0.001743682199461894
0.334850330308754,1.759971717346811,46.00582307324648,1.989199541411398,200.91342118813216,0.001752097105741301
0.15146324261181637,0.6621617847923155,47.65250662026727,0.2924950684514531,982.8633498699354,0.0017499936602331236
0.16378743564790882,0.9511010526396897,47.575710974757136,0.26518035488438013,611.2501204507173,0.0017902586336657322
0.12300659542566164,1.4851630526513389,44.904914839164974,0.8835192218891167,604.0855717256374,0.0018957059559871674
0.1564742674274615,1.1566435515698277,54.32682572663915,1.1709816270376987,437.8088726201381,0.0016969128727622013
0.32571898552853473,1.6251844548075425,54.408007514797845,1.8886704956846512,246.28169342490912,0.001592934591133373
0.02751741174685275,1.4811715344590537,44.434083571071646,0.5531080384914685,229.27435288976017,0.0020246226251748583
0.042637626443240616,1.7363838647593068,44.15206719271299,1.350796783570078,948.0970129294387,0.001922430136072616
0.05198513523390987,0.9933654604012563,47.012768573787405,2.2912985490912345,85.76567731159423,0.0017861409042016184
0.3543670242546734,1.5447919827630303,51.29554300973777,0.16854631625449845,943.6317020243001,0.0019701678092366105
0.3213624273012885,1.3555738195957965,52.442456402273066,0.19327585059201066,764.4878751191258,0.0019467022393626103
0.22437982450628632,1.6904473592942186,51.54255874721955,0.35412523481179303,479.366688073929,0.0017857480430380622
0.19246595410402345,1.029870306727488,49.131529403463624,0.4072460190887423,589.2166898074374,0.0017766583754570925
0.3629560604299867,1.480345057207102,49.78962434686365,0.5680206079217404,505.45616429367794,0.0016787196343905852
0.19787808384866942,1.9740097856520042,55.56821320733526,1.4987941943856304,613.4673022305623,0.0016890234911413227
0.22930899986191364,0.6130901326616067,51.261487399419565,1.856060447485925,15.849038274176852,0.0017330176610560024
0.28371925928455094,1.585956534883643,56.32579148649198,0.9864720913004037,41.708958104192355,0.001705349565772971
0.32168835250694966,1.6070776555667126,53.96605303128859,1.7899330220416276,542.2954324759322,0.0016077053507112045
0.3056699768896247,0.7158025112084294,46.85830002333279,0.8509267940209692,465.528902873414,0.001685465400578255
0.06013873882878319,1.873608323197708,49.28616454695989,0.6751667142393407,609.0037110625053,0.0019210821198465727
0.05233059380422588,1.6194261607002212,46.03146326518739,0.5231899057528819,602.6662772325162,0.001795477001513436
0.05903440872824081,1.6802391210828342,47.91761722385192,0.8485561230278121,638.3988048824896,0.0018437909259886257
0.04850139435715741,1.9813627820198503,51.566545167386266,1.619624087320119,1005.3073596343207,0.0018125318987122707
0.15490532253047745,1.3827416559760042,51.59597295233529,0.48675961215771035,178.0637953616531,0.0017182484640812798
0.19450867267678346,1.6790535245465184,50.607158315924565,0.3849098926854203,171.60025752011427,0.0016231523418621864
0.1890304793469624,1.6351296924871943,51.46463632168724,0.46150749208201103,206.91166508801666,0.001601540935990976
0.15122887235607613,1.4979818034844359,51.71840546832565,0.4594098641903502,321.60365765596885,0.0015318041554913038
0.34186769614058676,0.9306155305232188,48.16482595053657,2.1136430197898917,716.5648805567668,0.001874445726352302
0.30211431471501965,0.903508734027654,50.58092597246223,0.7917502790341918,608.0792786230014,0.00164758192424548
0.08088785652458921,1.5520412770489684,47.171025247849634,0.7241720073739483,263.28364116138846,0.0018760703746989232
0.10654022584879758,1.4025490032578354,50.53374993228492,0.19500988195472937,1032.2766082560217,0.0018572926650761734
0.2053453292416416,1.247514394529874,43.774165332298196,1.1709952412545308,52.79373232035453,0.001811614567827564
0.20892874880256834,1.6792179626631523,56.34749105278946,2.376809350440051,116.52551683721269,0.0016713775649243056
0.15591712198307683,1.8883758263350265,45.807559398401715,0.9968971457344228,1189.4707277459197,0.0019075069606419037
0.12160111972611097,1.7392339919492,57.201135888386624,1.3003911315784435,152.53730135822147,0.0018797593654897907
0.38389858974259244,0.612788843818791,45.481209924770695,1.0491744023438858,664.0787048020524,0.0016963896126373143
0.324160867744741,0.9849585218010676,47.29172208306088,1.3451372919919367,888.8468071696723,0.0017656832861782422
0.3378849199983658,0.9056751367452934,46.37987729188439,1.2001627458281983,743.6446952511527,0.0017601609957364139
0.3256250634757668,1.2847901821357308,45.88151886596004,0.9171538254429661,509.13931563995754,0.001739410407184469
0.2166458581885121,1.0753588836340533,50.62006420242937,0.5134110491836829,257.51779682538853,0.0016448100986307223
0.2669407130052182,1.0372723381320215,52.41832296540926,0.5873253462345405,259.19105871481656,0.001632004054396447
0.07833120349802908,1.7119362956185284,47.951024819783655,0.777105931508432,845.5946333074013,0.0019185357938433863
0.2891213990509836,1.8734815778811118,44.85270333084114,0.07346463033423967,90.55181384644463,0.0017638269364735138
0.1277389419889274,1.2121083556474082,51.384945139603495,0.29844550702966016,646.273731486253,0.0017576363192863152
0.15465844381433522,0.8611818655253365,46.98707933961231,0.27189376759914063,319.3460049392918,0.0016497453920195232
0.2593507384911689,1.5241031409386443,50.43960343753398,0.2701170511387115,931.6374031803687,0.0016671801922358343
0.2517978923616695,1.5523141454100846,54.981997270934066,0.5240350143308906,550.2647032994636,0.0016311453538685522
0.23724605141141175,1.452994531810828,53.26331706930995,0.5541732781099188,549.063398485813,0.001680695859721109
0.2040146522541329,1.3895347769485944,55.78776921233319,1.7676923849204857,631.6667918767054,0.0018537341087646098
0.11559119661924501,1.0206709289896436,39.63283913126107,0.923456668154034,375.1035111023376,0.001851816038283323
0.2553370629652151,1.4406897640559648,60.24183901805102,2.466586860065007,131.21567880351412,0.0017498731086870844
0.18131734034204414,1.490504575904617,43.907708543552246,0.7180973770801893,61.54936678357539,0.0017766443457372634
0.20394550728295288,1.9509823246694167,48.58709360834596,1.2549522337260037,213.3689380482992,0.0019892933109519257
0.26677258488209377,0.8882927041542406,42.94669034848763,0.19491696374087666,209.25990913272733,0.0017705332679688987
0.2206941522480985,0.8695955787649452,42.271417837291764,0.2424991979863193,205.0507973686906,0.0017879426335966925
0.17667801932565533,1.1018861493832348,46.76991476622335,0.142519141870668,844.6295219423848,0.0022256160559711736
0.26474426386150274,1.4018666609859611,58.05153137239523,1.7408890074472572,166.3152110526052,0.001499951133429412
0.1652402673091937,1.843517463853365,54.269401317904425,0.8421771074036317,111.01254380045555,0.0018551133194748108
0.1177100783025296,1.3371777334393369,52.176990659148316,1.9927913318260868,1027.3507181969376,0.001539393766397132
0.20560488745816013,1.063244110713204,40.80762567076854,0.35344679339638996,155.77100797991403,0.001717248686556172
0.10386033211611151,1.500472790683984,52.1877802595354,1.888776749421177,380.5768062261308,0.0018731617275131603
0.22816940363872712,1.1943122325481101,53.05674791313347,0.5455119362204168,213.87135530678572,0.001707808764094034
0.1812193110475705,1.0917466472150033,40.98417119815609,0.6136657104377208,258.55383497523377,0.0016372116439446196
0.2365367768521736,1.1427323519067467,56.91807559819553,1.4886679840663293,188.08256097299002,0.0018706963743281063
0.24937278063856205,1.0789549678260202,57.28196091674445,1.2141906190945024,179.17044025032922,0.001880412624394336
0.17175539352693686,1.5530494114764273,40.47978581135602,0.5591269278640622,138.824631312379,0.0017802880775634766
0.14546308191823243,1.084028414508907,44.269307418306326,1.1592719838147985,352.04140845786395,0.0018356573322131516
0.21831384651262553,1.343511022272404,53.09034944703109,1.0093038775012113,570.534342791896,0.0018607070001568225
0.16895297650052218,1.4177244337831763,53.730934007900295,0.988321647405155,572.707159838068,0.001709195196057349
0.1440031599991834,1.2795728466141103,54.612276423772606,1.692799398914559,809.8424239464308,0.0017524404320034615
0.21569191222122316,1.995352276289021,53.44512047488707,0.5714205078398429,40.90182607739114,0.0016263904097369728
0.11918279489529639,1.4489786092150314,49.77273325505032,0.8961242423697341,485.07769310756845,0.0018977384025377097
0.15917732236670804,1.097288261194094,51.7531860266556,1.4642343369173305,103.88157149450613,0.0019505402043219688
0.11613521512477025,1.5616827448456412,52.594989877374196,0.6485744229004886,1258.02831420421,0.0017932824129938039
0.12905344255097762,1.8964977038570838,52.95468499443948,0.965240058890986,444.93446987963995,0.0017076782445699964
0.22275426674605864,1.5207039966566018,51.441616393424304,0.2519560781607591,160.70064145338867,0.00183671188456551
0.12962161766174882,1.754280283649971,55.3059155895441,2.3240902685786384,288.23350359859523,0.0017647830409150773
0.10332320913849956,1.7707860401818933,56.06130148657101,1.7128756937786822,239.75053158499418,0.001755238144031981
0.33398085400410676,1.261640754750649,54.513153438846466,1.642913102822727,134.56024614846768,0.0015050257355256327
0.12365262084723616,1.0909019683463501,46.345460073723025,0.5116828742357464,1046.4275716533223,0.0017622915277652695
0.14120902775991018,0.818420638606982,47.37894634019669,0.5211899292345941,685.1917243509904,0.0017901854921666125
0.2942343333222405,1.2967777328352919,45.23745733151598,2.3291081336540977,511.8130971573116,0.001925371362453244
0.09419425616783872,0.7605145188803855,43.188893400625524,0.6912579388011326,794.5265777491169,0.0019044792920894244
0.08883218268141788,0.9290371788092744,46.26946142239952,0.894475347703224,1065.5957853896723,0.0018609654373415694
0.0916633413266542,1.383076992662113,43.745293772872095,0.8319860067566895,286.2557089529603,0.0018061292398057203
0.18694154599296733,0.9130977552726949,45.625011630902705,0.49451793255021187,782.0078861251752,0.001834037638286242
0.1484879010804838,1.8177109483551137,48.48037623480059,2.003580850314438,387.69359310080193,0.0017784306807826459
0.10053430032053835,1.8300935289310183,43.20026745120491,0.3508595939662876,81.2011257289077,0.001597170947260958
0.12527053831636256,1.8662581686502109,45.87675532604172,0.5360475782735185,186.64879170395852,0.0016472647777178292
0.11134106524973925,1.9230847907761766,51.30069679831167,1.7716322926759167,199.53448313047963,0.001976828953292937
0.14243917791474034,1.7483891964746128,48.52143725454942,1.496039038828395,150.80259848293713,0.001861482892802313
0.13055166524267234,1.7164322177087716,46.311383015237915,1.483143738689474,129.53531828316468,0.0018518567692875501
0.14326459591052004,1.6767398107116807,47.114852505010695,0.7264216396385629,149.13931561656716,0.001812899765250694
0.11824885395868692,1.303918594223306,43.42457650658465,0.4876430230311952,202.88640314205873,0.001779534634923125
0.23457947434887413,1.1740147340929428,48.65198600916324,1.9985256363511295,1223.3155511648054,0.002038618707501706
0.32110888088748896,0.8015374071517022,40.8683045203059,0.8040818712038008,216.01352062665882,0.0018209986745950958
0.1991072487407557,1.8528876142339337,47.95519770467891,1.1855418894665473,631.9950694375898,0.0017339490394155136
0.07257314455373765,1.2478197744176658,46.2793793211995,0.6688598757029688,363.35521074751176,0.001831036694456225
0.034685000870833024,1.7405989672512485,46.60390894737936,0.5011504517255734,462.69530476855977,0.0018782871054325175
0.10895134554871555,1.2238165124954776,46.287209637581164,0.1464648874688176,998.2909096969261,0.0019918758341321893
0.19733977622851281,1.4948455278017554,48.51750705121239,0.017392841717858577,219.45197280069505,0.0016742541367100205
0.1769299424426689,0.7072798506997512,46.73686901852475,0.01902545161774802,406.0979298117057,0.0016771210680792928
0.2857030963676292,1.9424606368724666,50.63021829772022,0.05303572822894186,466.0324770788482,0.001836872844140059
0.22451295460517856,1.940681870964571,49.226015478596594,0.16360257179249943,739.7279066269629,0.0018935809244297428
0.2705885515240244,1.6571894928618076,47.40113112367286,0.16796374767541528,327.5070696214326,0.0020136287805100675
0.3405603129781012,1.447753292714242,51.76554589845965,0.042246358127575497,252.12920529777242,0.0019181023503689928
0.12562266013508142,0.873694774607258,43.60264887962597,1.0176661015165531,25.330630045084607,0.0019645363031860876
0.13108060903025223,0.882441533780579,43.85585435058171,0.9335567325222704,25.36868079491958,0.001961019107721288
0.14730584863387278,1.9246915722951978,57.788511039558784,1.3904509444158522,264.53019929020894,0.0015889508917269317
0.25573652461778396,1.562294653936736,44.64148991061951,0.523098802522209,54.09757893865939,0.0020191215151276923
0.14141597705586062,1.6622745523135587,46.143228854313385,0.3568363905023765,100.30221732778342,0.0018945530259010567
0.25723117905630577,1.4417029335239844,52.545197421617885,1.017598542636283,211.7631460689475,0.0016029280076020843
0.1586373987044548,1.0591532468770515,51.65164468618779,1.5201545521561688,436.49496235047957,0.001921162782582673
0.24237864154334463,1.440064455433784,55.14372015409412,1.2193983903708456,421.82205091027726,0.002018978168842892
0.11572135332652282,1.178103960657932,42.26610180077017,0.3466636491355093,435.9693296305487,0.0020128339409756723
0.28839370374108036,0.9964896766884753,55.95209711753838,1.7386034029740105,252.8528290787317,0.0017154676539617884
0.1342248855886414,1.2553668603591848,52.817294479910046,1.290412822625238,695.3773769723786,0.0019963441783771795
0.1574618547636602,0.9870098658941943,50.71127447280866,1.3118996874815725,252.69488301277784,0.001749340326280483
0.18256637686687568,1.5819967643591484,46.55258265945551,0.7161597247010796,688.0203829771868,0.0020466935398359924
0.24642845667811986,1.1315936637917157,53.027124158228304,0.38379724712662544,339.15229351639744,0.0015650474370166956
0.38726022586983566,1.2654704324905868,53.738821716441166,0.547770569089433,300.2026738933158,0.0015429189607659346
0.14176790363987127,1.1425733733162693,44.93040182873757,0.8875386934619549,309.9687933010877,0.0017471727140336087
0.12061509241636842,0.6178034255369746,42.27515047282317,1.9408865644826634,455.3666594396685,0.0018229053574395776
0.08970532546256771,0.8366156795212341,42.3752130873875,3.782227360346803,531.9541939392548,0.0018467486845051217
0.09418947187835258,0.8309610307714632,40.84206526551515,3.2246229184141892,462.94353353120937,0.0018645821414963431
0.1626246713495617,1.3974066296740038,47.75530419051233,0.5120510058933597,217.5754640502805,0.0017845736362871521
0.28578152310780197,1.2434681679142916,51.46162019086603,0.8277406144457243,31.40604078729884,0.0016014078815103916
0.26959087359068606,1.0456157805068107,48.62913157267363,0.4994740825615018,19.020800788130135,0.001647016089322464
0.1448509431040923,1.4111363562101138,50.0112624710797,0.292028503904939,46.885615880144755,0.0019888909229580243
0.23181662900100108,0.8287916349856606,48.52908246671741,0.3512672112534926,733.57841114564,0.00155791324024068
0.26152573601296636,1.609010446869634,53.796803538683214,2.028685744522179,709.2217926655743,0.001501161108659739
0.22919302447231302,1.498677691356254,52.74461525763082,2.207237843708295,781.0167759263306,0.0015778685995152934
0.34398096814227347,1.0840942039847468,46.01653066095605,1.5874988309758047,661.1229541455752,0.0016506932360904442
0.28082405954820916,1.20862157477006,45.46488155556824,0.6740891426934261,432.2853184862389,0.0016752809731100072
0.23638543033079168,1.3677620938034147,45.842916618048335,0.4106356374828392,420.75537562039113,0.0016778634349847643
0.334318320176785,1.372935215249605,44.79601549543655,0.4166258419990775,395.4185728221861,0.0019001168918644758
0.1562093250783309,1.884345228911638,40.02512609337807,0.4519391727861721,895.6288104835692,0.0022210952662951563
0.16716910879357105,1.0491410282216695,50.63267016316258,0.28859900445117814,6.055528011986035,0.0015389650558324931
0.19249604150080776,1.3600956867323863,49.77780556468664,0.3066332076918433,6.687824620923603,0.001567977663273261
0.19319739901720584,1.3462456600225603,49.719019882114374,0.3066556113244008,6.520410332941603,0.0015664959325178713
0.2687388163369608,1.1868019116569475,46.41650499470737,0.3632232745749396,3.2749367655893917,0.0018281929360144293
0.11503001361533331,1.3812451950987454,52.29933775634772,1.9256568413429602,1262.0348466825556,0.0017915584835070926
0.11821279410799443,1.2308644223649459,51.91426535491547,1.6856565743573197,745.8747147505471,0.0017584159650820888
0.3762744352154373,1.248042050117993,51.489067368553116,0.467448627847803,478.06649145307165,0.0019477365057213724
0.17441727760565937,1.333203685499087,51.26765863064745,1.3247751891585857,445.73621256838186,0.001854753672448165
0.0976571594761672,0.9781479708474757,54.25626086280151,1.9477521031957326,365.84877873747064,0.0019819823850605097
0.129190851094995,1.761858564402836,56.2055954463175,1.2495419349681716,470.6316625258297,0.0020148892888807303
0.12237922585337764,1.3567638386487624,54.24118717783597,0.8449046495295347,316.0793767381595,0.0020283434205559036
0.19008887299775112,1.2122943971128919,53.78202067030515,2.0395193678446817,648.063074156081,0.0019706681034013904
0.19075434673608754,1.4554337168951748,54.20469401404839,1.2126108492005465,596.6217625633724,0.001866235745157214
0.18077947683390447,1.2148160699810457,47.04460607091334,0.5027236152447354,670.8984843299643,0.0017819245717464285
0.10126762967225648,1.2273597272398749,51.40439698048183,1.1978937974573654,225.11635279754339,0.0018463246899827364
0.3903012642537649,1.0253945129802664,44.97579511416332,0.5560501639746485,868.5774930307168,0.0017240795317744354
0.2762379800362971,1.1984217588922683,39.22231107326891,0.6910451102773931,208.52019340390393,0.001768571189842338
0.25969603946712977,1.6589894189777152,56.46433471168298,1.5889593951204535,1107.116841760234,0.0016088054494242828
0.2234314326276367,1.7277523389041562,55.393138459670205,0.9075478772897303,172.17617396080664,0.0016229983632769015
0.12197953393729424,1.0745284285038026,47.669592403454985,1.265779288198747,595.1425958574926,0.0017528742017903001
0.04007338633064175,1.7821811330444675,42.688366007397946,1.3686352651101144,41.7860498073048,0.0018770825032783838
0.04960441559921523,1.7989671190019285,43.0036569407402,0.4791219025361184,34.823289948375745,0.0019020952704982845
0.054187562852726315,1.736601704380404,43.823858826627934,0.5607711080608543,43.55297212853642,0.0018722068503492478
0.0491220468451706,1.2280419747671685,47.484344714424125,1.208255151246196,77.78057145286027,0.0019018444903065718
0.27392311526949664,1.3056376455680074,46.0403953483046,0.9458746566294487,64.62571838619466,0.0016489974267482658
0.1576259003944754,1.7080368132853014,45.06016794316907,0.6570912560638736,200.3019673460684,0.00166523212105099
0.1381591988868854,1.806111182957709,43.634531552667426,0.5207333089635543,388.06979542953,0.0015587808691972572
0.3025985900261457,1.6465501605584538,54.10407080768309,1.2838559085418997,567.0033527013857,0.0018435223715391467
0.2607200322730252,1.7857992063411772,54.990826287165554,0.4136445506256411,530.471903515266,0.0018029352874164653
0.15868298872162065,0.6407239169200215,47.875317915892616,2.2354973228775004,529.5575173009454,0.0017963013347994437
0.1327012115746855,1.5150862386995394,45.63709934293876,0.8026907470392953,345.38458285577735,0.0017874667570646262
0.12478537592922655,1.6093039126034936,56.592216421644885,1.2391282799357584,231.2581659359669,0.001683031398901764
0.32885238732175476,1.7619745417928703,51.1921909519045,2.6032511089806505,488.42273579234217,0.0019955091718299894
0.39045522659121185,1.7628225452843385,51.28796325035318,1.2687081887497194,653.9691750481799,0.0020558371564079457
0.11306052900421637,1.4548976758348466,53.36899063507053,1.8407486237675907,72.25897759390375,0.0016980836035757753
0.12525860129455924,1.8150118812342633,50.570605921408514,1.1453031139091918,78.15292587310346,0.0017097929211481156
0.32179478294667957,0.9420347504854298,54.38139858004437,1.9294893547661658,609.8691569553868,0.001683467528266776
0.3048196286744307,1.7602239045170085,55.50972236004768,0.8613987398700799,140.5760467482431,0.0016895288652767177
0.10336309212488008,1.2451931111137018,42.82147230072668,0.8502235758115316,777.3966843750314,0.001794871728119464
0.3401090270056543,1.2554538075497967,51.030202246782174,0.372115039482888,273.92990269976025,0.0018156336957015386
0.08204626094607154,1.3629219431276698,46.77476847667274,1.4255749624124825,690.0631323125995,0.0018386457899587268
0.07800584696281732,1.2195505273312883,46.300012289830626,1.5540561891421751,777.747970147462,0.001834342549405973
0.09527490393976931,1.4446152287823237,49.61291805379783,0.4752499580458051,172.7486255262401,0.0017609481106992764
0.12600244267790225,1.138670684329181,44.015094275264765,1.4097967207610498,753.6468177269303,0.001802319257664632
0.11857938733752682,1.3521390535009905,49.82490555430808,0.36706707702767594,427.92804891589907,0.0016403747837187659
0.24171346503329805,1.2889436169288955,42.539953564948604,0.4316065086188173,213.14802438218516,0.001585988635359751
0.20140201415994458,1.2592816337258805,53.489617018771774,1.072725790059289,41.4803733403374,0.001780258396040535
0.19728311742572333,1.32643343320781,48.738957708104756,1.6180513393593725,31.452875624532318,0.001792329392204545
0.39691573854285656,1.1154414191104005,46.468966238721606,0.8175462064656696,449.7025662145119,0.0018005084032100742
0.18978080140110062,1.1479342837539295,47.89987115294646,1.9692736180609807,561.3621769689861,0.001902668518912404
0.2581512145965695,0.9803096647014103,42.852931705946276,0.2312477918710333,686.079690130663,0.0018931826274094217
0.17991313783934992,1.4397309189805731,51.917012376759814,0.056765271755089594,437.625548688272,0.0018408589670542877
0.2013821597803229,1.204783433355485,44.21116915259214,0.03780890885775882,265.07191787549993,0.0018498186098754516
0.17640912313640356,1.8104235942052578,45.7166617213033,0.02080558529139711,289.1256509352121,0.0017393458435125257
0.23008700889919087,1.4692677416534625,52.28955846049239,0.0791854793102799,933.4011068147166,0.0016968734868683263
0.11860960483212342,1.143487795310203,42.4307609453121,0.24497252193165228,552.3936846057028,0.0017729581414333054
0.12937186736413134,1.0940630493192398,42.18191888899591,0.1881864549425854,846.2771640042839,0.0017820544351746111
0.3254189327699532,1.8463612822357671,52.68778314799458,0.3441712699062684,330.21433435832046,0.0017381805128078114
0.12701159455034924,0.6952401993458712,42.066534919522915,1.5312251862976356,406.4693798814818,0.0017732700878798904
0.1843493394318666,1.7319391146605727,52.53314663503309,0.8697524058194085,206.09229789003336,0.0017591422211100558
0.3804151942091785,1.3015086686852655,54.08565257120765,0.5084744947158829,101.12612757266636,0.0017497775279696572
0.11849201986861786,1.2556226782457183,44.96662753142173,1.2833104045523334,1173.1965789559767,0.0016091386093094943
0.11825991257444639,1.1754542975750402,43.02643346597885,1.224991959002524,873.3045662494269,0.0016362158392572268
0.22403002847940634,1.6254851550485263,54.51103833703611,0.7198165620091717,41.553613959649375,0.001545596402561621
0.1294388967517562,1.6270003308075758,53.170293191203854,0.9705722092050831,70.0790635065133,0.0015899740554876736
0.2847062851186335,0.7242712455692796,48.3321959959183,0.2606337507040356,680.5815823750406,0.0019061676251701954
0.06252256777256308,1.835937521153133,52.3663704877588,2.3527956365366274,319.63426569041746,0.001806189674635161
0.06421775884507425,1.5871181724818368,47.562328424213746,0.10073251663575804,203.64979154297995,0.0016409176382584682
0.4161134355428078,1.0149081564836433,45.940218187047876,0.6618700324643844,264.44311309545714,0.00196484409077132
0.18587987843661483,0.9247780612803421,47.82553911240942,1.553150072104272,1109.6162820602983,0.001867528539991041
0.20794467019970056,1.3662050350655306,51.6875915136303,0.3905484616999458,97.90611588167654,0.0015807514088968509
0.22408794215612815,1.3779523385540133,51.341279495348424,0.49813852739509473,184.52936693423473,0.0015772996827225307
0.17505859394305556,1.5865746602642314,50.02588808826901,0.2557984019080432,1461.2460032685706,0.0015837156848571043
0.11963038403364147,1.2101288676635629,48.49794781722851,0.047755636990478655,48.13847528764614,0.0019406613368754984
0.16767162089786622,1.9883601208807338,49.261483728857904,0.39052721126259704,35.647587544897576,0.0015771995128665952
0.2937304640530901,1.9671146571481617,52.48726576798474,1.044852731122724,82.77369040272895,0.0018653900158471376
0.18255819624822958,0.38532909487381384,45.043700976577334,0.9097907270362913,1227.0788150446374,0.0017937311403310554
0.18032013529060814,0.7365006341578202,45.96757499399314,1.2274960375081025,246.65874338176317,0.0017147409842778556
0.18883061760953646,1.8427341658477396,59.52139176268036,2.3665554303899343,636.202995596271,0.001944061638842666
0.30068719902275237,1.7788538703916021,59.23701728671159,1.1387503579061733,353.46629883387914,0.0020410449333230878
0.09580474999700035,1.8681203782090763,47.79953878301908,1.1581038574365081,883.1107238882412,0.001506441059434761
0.39839428714726616,1.825557442116582,52.6845021888444,0.7860398809597742,106.60994467190314,0.001936714037901148
0.14269547573668445,1.9287420104184632,44.46004108957494,1.3610261644730064,13.340272208872218,0.0019163939801584604
0.3128090486350798,1.881693447318901,47.09233676814628,0.5671811493284594,4.314780850097489,0.0017193215378917795
0.3267835642340917,1.3715321783608323,44.722609562113796,0.852226354152666,16.00873058575019,0.0017179153832118951
0.1334753845842322,1.4035329333418065,44.4866375758516,1.131624092132016,17.639078989829063,0.0019071805930509487
0.14909251709197127,1.9094518887365985,56.070287591788976,1.2108313026032753,93.96395044805227,0.0019328615282361854
0.09570534519401705,1.2373682655777392,46.26647114240776,0.46355600804184116,21.508051277130736,0.0017325912798173007
0.26049056081429334,1.2927102425877182,50.30839851564879,1.801481447307915,1295.1180689398177,0.0017702852850349886
0.10867252850579986,1.9319583462529255,41.29204074359398,1.3034070980096135,13.88719211773487,0.0018973319193671162
0.34953330269621663,0.9104660110634922,54.88890640357997,1.4768621135419997,271.05170952761927,0.0017138471394675242
0.29665387408933913,1.8057238672675675,58.140433388302924,1.288235120917382,408.83641269505506,0.0017089117031899182
0.16364438462831732,1.8447496704172655,53.77479910776078,0.7937447915841368,815.7884878393936,0.0017459805098787222
0.2456655305178293,1.5022889665590322,53.36489797082439,0.4348652348502018,432.652566970475,0.001803000575346615
0.22541321077686435,1.494306725205775,57.906234199036845,1.7303036736203703,876.1677748096537,0.0017412671196385722
0.16646782071634247,1.283475349115591,55.38533475666335,1.1685342231422282,210.84708225527112,0.0017082452408499612
0.38787128010199845,0.9508397342816666,48.120722534631476,1.3642481436957021,265.02219396581876,0.0016914409705622315
0.1293795636216889,1.3886128884283575,50.20366315239724,0.6801382996988526,439.11575519592816,0.0016171474880797684
0.04737122355958188,1.5638998703412845,46.79593750855003,2.7184179745897286,1044.0824109310613,0.0020486831708360956
0.08986741088506847,1.5965332722808585,41.3394777359968,0.2569101017591891,306.18279228941475,0.0018568011922308267
0.14298664746829945,1.7592120996764162,39.63697894165333,0.5239556879938665,281.192937052777,0.0017635466400484417
0.08378702022006741,1.0682336016011504,40.9025902379058,2.1837360200646296,688.2436751940672,0.0016742365963221145
0.35129991188483484,1.2141440328460933,53.42209272202794,0.2997407263945602,279.44548991796233,0.0017766027856843981
0.06635301061124949,1.2277122696340115,45.02059285745608,1.4873538152352352,159.92870863206,0.0017451332430959668
0.13656121142417751,1.6492701959521578,57.723140622090334,1.9499860469877377,175.2039603189599,0.0017996725512719072
0.12626828610584406,1.632091135381929,56.75287918415116,2.0166997498499413,212.53353071389859,0.001802434445711799
0.3386388326258446,1.1563834073965165,50.9976761402838,1.1071691374989,336.0723413620422,0.00176083136646104
0.2037653412304852,1.4156871156103314,54.7365406766213,0.7715746796065638,1458.83105350575,0.0017157152436494377
0.1340004103995565,1.5607031231074053,45.417664933328304,2.6945237257438133,11.442230059067441,0.0018489924902154215
0.11777853768848079,1.694087371551057,44.34768978719919,1.5175781079578066,17.313733598854082,0.0019157876914002614
0.1695868513590469,1.8649089826562406,54.90146897014364,1.4510024079326869,32.91284551251688,0.0019424597884630608
0.12451523774381565,1.9650593004931156,48.017523204913154,0.32881437216366016,67.06940514148444,0.001705641075641132
0.047319509984222644,1.2770079033993975,46.96324976025902,0.18961494335267717,198.4722653075611,0.0016825584860762
0.05626551206870586,1.4950004882191592,48.27014467684634,0.29621639629236757,228.63530082085023,0.0017461913958472053
0.08372041793873788,1.6549893740085782,45.725259545281254,0.2191021013835395,228.85044715318367,0.0017270460749598056
0.14010021686961777,1.2914282430233175,53.41197440246861,2.8525527731430977,988.4889029854285,0.0016653544080226339
0.34202813054324394,0.563248124956012,47.369454344573604,0.4649176062552575,532.2568669191937,0.0016481902551179744
0.26462967434458246,0.6851557833929991,47.52541603270679,0.5049101048816803,837.5865900949522,0.0016368476851217535
0.278131428188203,0.7096601077534551,44.74673780864791,1.0577718150553432,487.2637673403375,0.0015798316851220262
0.3300464984835179,1.4981033881488661,43.552508583274616,0.3727061139012051,1007.7941533631275,0.001569251502382663
0.10580980905788921,1.3801039477404324,49.49396012380242,0.5650538927352108,169.50966406983935,0.00205224681440494
0.12972319070916224,1.373146133992453,51.643304193128536,1.3122143168239773,421.8863151166019,0.0019367674633033228
0.32134645560715225,1.45467552474877,55.83480444227186,1.7294789644839097,582.8847549480955,0.001643968499159004
0.20705156867563448,1.94197589639695,58.266636663570985,2.2182930098270437,660.6887240953689,0.0018065840196123365
0.20702219733480284,1.9427488834207187,51.96297805129224,0.24646904879699877,234.87964179709653,0.0018062695239167595
0.24357969225362786,1.7870126806854447,54.38556049412226,1.6591765476986307,440.3902908708708,0.0017564624667526074
0.24771861814939347,1.2574572308689402,48.30155045314575,1.465120162136173,819.1654885362403,0.0017165116447052707
0.27255677948446405,0.9772486485785046,47.93157083806359,0.8753609363310522,367.87766424512756,0.0017104513979964973
0.13711766267726624,1.5415887014037077,49.75786131652246,1.1763704445637921,215.4867607344942,0.001820599450073755
0.11970363779852733,0.9084228110900451,50.220771480535234,2.521270766030377,103.7685541095969,0.0017907890949878222
0.2841796548883702,1.6723112825666784,46.99467214501092,0.16171348274437924,1084.9230776118336,0.001653920199997199
0.16243785914084632,0.8608023090238741,49.631907905500746,0.06840716911803428,351.1251676259315,0.0015624719210403752
0.177213176718231,1.435654572536385,45.878091792063685,0.023579475173960165,557.9430769377278,0.0015068409326923836
0.24476100933532943,1.0788684435256974,48.47452846275355,0.11296046698059567,348.9393181399995,0.0016313183606765412
0.22355709061434684,0.817089657798101,45.3593115645891,0.34059216912638035,279.4841238933894,0.001995829105013044
0.26944343513533475,1.3959847314622769,53.489212049656544,1.2885106828024258,493.9620770435495,0.0017235559790721353
0.17168644547170148,1.307150242685205,49.99034673333742,0.7106660104437886,569.9293399191481,0.0018860846021076588
0.06416361512940315,1.177070216579648,47.33000283939728,1.1605501835827108,125.98462327014812,0.0017484030052292603
0.041899984009624934,1.8997410060103552,47.88386593109332,1.2703417911374368,1174.5348729085385,0.0016850521027991922
0.21974154161581266,0.9516436188937897,51.32749873914224,0.8439482998501827,75.96830660587932,0.0016152686849994847
0.1977594805779962,1.4358003924447875,48.860980454281055,0.8511586658168708,178.74477091733428,0.0016939940924710632
0.17817291492968662,1.6965436587235048,48.01209151451582,0.9767598612065265,319.96362139283923,0.001687607302943488
0.1782954788718055,1.3417518630319747,46.364606129630374,1.8865769408598234,335.177170305501,0.0017553695960275731
0.15485495704719496,1.689790586361578,50.212954455054415,1.218119306493708,127.7565013478495,0.0016917311348751414
0.16284108517513587,1.8216229964243684,45.46886902933969,0.6975772100553923,197.87240998671953,0.001739947135757685
0.24535124882245035,1.90991097034465,49.368420442339826,1.215012302955266,837.0719180359378,0.001932864918722852
0.21716014724433114,0.6928652473132044,43.40258209945663,2.037795984671026,262.0191539703206,0.0016618172730970748
0.3081551240760336,1.7719902085100996,46.29247225550722,1.1381186787281028,167.87204775481874,0.0017865726966536412
0.1798216585244399,1.8920051568434495,46.21761964503914,1.7898253844412488,508.1483770103602,0.0017957440071418986
0.14071239772062616,1.8604568809869277,44.03421027917592,2.9335276937827213,459.45955304387,0.0017486581147601646
0.14726055064099644,1.6529220245643133,47.50261681966528,0.23883300025744786,613.7709417858875,0.0017464532872268745
0.13880735949884343,1.1823943115181292,48.565293064195565,0.5002820714508289,1074.3870215174647,0.0017133536482991122
0.08631107467976246,1.3930018487570015,54.72940159389418,2.2610216892041515,380.9356540687476,0.0017157919611285332
0.3483763681288017,1.5181638478946504,46.62331257277945,0.07281824368565333,316.7444329661494,0.0018684725928110324
0.2268466380438585,1.7022875752530384,44.017088594524346,0.09666148285730591,558.3285103710737,0.0017973072228785385
0.21976293378524608,1.8939676619041637,43.954944257409345,0.40718109615425624,583.7415680216228,0.0016830526505255748
0.19018481878114107,1.0163569672379702,54.92021249645233,2.27738720143838,392.003900887445,0.001831201566910395
0.09032030757492929,1.2397234832065804,38.11044840161753,0.5624937463804788,574.5869263990736,0.0018711303940244528
0.17582454789962124,1.249642842538099,43.84055807193332,0.5497064190986268,839.9504795848976,0.0018907611596718462
0.2484222679343296,0.8904438366838159,48.84682434729692,0.44043626464202057,329.4664741827399,0.0016570366821637497
0.19858765151998595,1.7574006518106087,57.486359785786995,1.6579872540913558,488.754975383242,0.00179011739916623
0.16201123027415887,1.127234192426434,56.033322755641514,1.9412489841464915,609.791102730867,0.001818974644997965
0.15927403249976305,0.9498522263117279,47.46313373374848,0.9382827806820869,148.92724202388513,0.0016659137348386886
0.18765049561040736,1.402994665384307,37.44281091444735,0.6376285289913619,75.35470502794011,0.0019044342615914928
0.21291521322333098,1.445232579620638,39.14227296432266,0.5170903955397239,65.62939410089577,0.0019166728842458754
0.19152956514166403,1.1051837252511507,58.76248124699467,2.1483356230170956,13.988983061777677,0.001798959940216253
0.2673210655598182,1.810157391363094,58.308748611164816,1.9404143013287054,233.47794696760923,0.0018111472571002752
0.13484637533650137,0.9242325415248704,44.82945716514413,1.0093937448298897,665.9076324001601,0.0018310000962538254
0.27236012509763746,1.3060214846012776,48.8138945038325,0.9902334814405659,54.107204940965175,0.0018201087857918612
0.07268131473869095,1.5693214163635585,44.793885567762956,0.8859089876274113,72.09917386044246,0.0015377472723250073
0.0757692963741858,1.4196411599183338,51.64432004541933,1.3644066506710046,250.39108748534406,0.0016579404509367713
0.2729525743945602,1.3184436093885694,54.98339456027909,1.6709326431538327,294.09202877371155,0.0018388046080336366
0.2126126029140368,0.7082868730388076,55.58575383769643,1.8807980422085395,268.3208257635234,0.0017962902067332875
0.14199747331119547,1.5896732451906432,51.76089130621301,1.0068361994831334,992.016622720562,0.0018541965454653031
0.21103273095547098,1.0205468007209133,51.969881769392494,0.5041903792951531,294.35113365913037,0.0017840980198337393
0.21727825562747474,1.4790472434918942,42.867649667566816,0.8156644861523142,287.5680174877449,0.0018350404252886151
0.15392413983344905,0.7330424521250821,48.709184860061804,1.5401836867657945,251.1500192518347,0.0020180230543745984
0.19428564618202085,1.346327184344445,50.18090378170854,0.14854528479094312,977.5555644496932,0.001964373284028077
0.19158735598632848,1.178986306421991,49.98131663733109,0.10619586323373786,1156.0015745026983,0.0019465308616557014
0.14319096187550404,1.4193293156764875,48.92618510090875,1.626806708638383,270.553939715749,0.0015367300576582673
0.1697228533647406,1.4532646190295693,56.73712265701555,1.1251828373176784,1380.4442629660603,0.0015877981108909092
0.16870958131156907,0.9543805206859506,55.38018004216076,2.0108741080687227,256.06486510503413,0.0015608890095203617
0.20997125072694303,0.8977193325582732,55.01054970867634,1.1732423998811046,203.1137882367545,0.0015702532139637618
0.17383823034017926,1.1981660910756058,52.48833928009073,1.766220379411076,150.89115426706172,0.0016190143156429512
0.13727776268396255,1.67526265087414,46.49402885593204,0.930442207027539,108.06343745117833,0.0016077878943030481
0.2644679900463211,1.5929437290931585,52.97047402565902,0.4525072388195768,549.6738999034014,0.0019020430709504842
0.24359639225389917,0.6058623781846382,39.09177382638954,2.321712022174299,188.94049866298545,0.0016745831754730377
0.2397442826599994,1.3292232402283843,43.61907223494404,1.5164507186908185,146.7083392822338,0.001584792746717324
0.13291358092058642,1.679015267253199,40.930405884273654,1.3826804458458462,615.3393484178188,0.0015081401586313637
0.24370582996105108,1.5139869632515843,41.80284181334994,1.0347934736931519,247.02538730752627,0.0017415414059881022
0.08655311929555103,1.665122355960658,39.62365385560889,0.2221704898075857,200.00353947500463,0.0017623964711112365
0.32886519546032483,1.1346640139042132,62.52205030181495,3.0472003927849998,532.537028337036,0.0018771713631037176
0.2797311045973112,1.580326915673676,60.15812756593934,1.740986630051984,78.3297161717821,0.0018484252684126384
0.19249782039744845,1.5079602127071687,50.71597922382493,1.4533898042883155,95.69539267363895,0.0018152903646733631
0.33079584349568175,0.8156002606272779,51.47649200378477,0.679692867913683,68.29787493884183,0.0017618009291177428
0.25627030243350996,1.054749089392377,44.86361963216408,2.1929954341529445,105.45137024479153,0.0016479254873152905
0.2311241057053903,0.7662364076547384,43.958996084715416,0.8024428765429742,122.1716239569932,0.0018158306050022346
0.2389110421573495,1.5430273657878248,45.202065602498784,0.11821720438653964,335.446690200474,0.0017637058578352663
0.09369206518150741,1.727165526568252,45.50184985019164,0.18159344883191775,619.3316897412226,0.001850725384613737
0.19418262220424468,0.8827087604259174,52.46287483866219,3.181634066727473,512.996626888822,0.0017655228214724845
0.19241689205973217,1.3889296798734987,48.36040336994866,0.0053799334096745095,322.15910199805285,0.0017642309299354753
0.18741230721454338,1.605448671750794,47.52885482658696,0.0026622285581214358,380.7462764154701,0.0018696392501949847
0.18568729499485676,0.8157200080504119,47.387377882385316,0.0018296627050007287,624.941167639077,0.0018840674235888306
0.1530013602574561,1.8545162382425113,49.70683092348984,0.011813372724017753,651.6844507696276,0.0016621359536489835
0.11033374718678587,1.0207141463467686,46.27406125028729,0.004250362194583142,447.4594575564862,0.0018822960962667273
0.2453579237447035,1.6941678534813498,52.41281283009328,0.01720039850323352,637.3439721480938,0.0016539614369963825
0.30002932304012114,0.701623532450629,48.06044638906501,0.02712204331215663,488.56357985833654,0.0016949238911695749
0.26364242566831375,0.8949382490413287,50.14013717065227,0.031801453267123136,422.4641115497931,0.0016620402080341676
0.2612760369985796,1.1581320787180618,47.99077614008248,0.02549840921307712,439.6617373618224,0.0016226972590633621
0.0355498913961866,1.8729571958159577,48.94263117454105,0.03770867890981698,609.7176685415616,0.0016793889126336219
0.46137598181065814,1.5050052148005488,49.967194534897445,0.010186016021998315,580.6800049552811,0.001839221466098546
0.3994771948434189,1.5536514386642877,50.34093149084374,0.0113927937262334,462.3715322880755,0.001846680280499915
0.10033208955534773,1.0462721360680411,45.36896657700426,1.0311469008415275,655.4399050515163,0.00182689908442423
0.09697303271928609,1.5718875080311339,43.73188877532963,0.9328525187944088,350.080420053855,0.001837636116081489
0.3874370107650459,1.6904820225455333,55.63422349584544,0.2991421736170893,689.2952926158077,0.001736153282503654
0.1554833218787476,0.659568697138389,48.33809535639211,2.9876852920384276,409.1374814650311,0.0014805355667705767
0.22923016100606353,1.8748434190590073,47.73056551432664,0.024026687374789437,360.1378426084868,0.00209522858251049
0.15104989541017108,1.2292166045141957,48.392896399029745,0.0016826874197191156,969.4950550568233,0.001583137884834623
0.155740990963944,1.5237841603340032,46.92869024693758,0.009234179708571325,219.3689917271447,0.001737805997376536
0.16017999462654317,1.6327464051741207,48.377880157019376,0.047376114661601014,58.01923030018734,0.0018591133509978982
0.15217120881883664,1.776652538266909,49.97651224048513,0.06983426224642833,48.16237837227491,0.0017762484956519327
0.14013368599435455,1.762130443702811,49.46294336429009,0.0636569724407426,19.633668037581554,0.0017318552941991607
0.1677109159978799,1.6764005451377308,48.5438413291322,0.057512968315467004,9.766407529502635,0.0017498604219106978
0.179648622944417,1.315238773019353,49.22830330549263,0.8586204260864299,47.41952112571855,0.0019236475228973787
0.24038019313905573,1.3028605556977366,49.2377198021426,0.5744403997662576,33.699137827397166,0.0019378254968214711
0.20627665411930585,0.8096927623455643,49.05319032494353,0.34267417931218486,25.643559055697295,0.0017844542950894047
0.15213565622309913,1.8745124983395232,51.57769392618146,0.244261699150267,438.8303983005381,0.0019019726396752484
0.06166040379971953,1.6605686738222187,51.91109336983719,1.960573433118705,210.05252686303103,0.0018356381155051013
0.24382620957783302,1.350607944913092,51.46122203243029,0.9812861265824859,262.74894700498885,0.0019507973776235123
0.20195078757166954,1.3827257616023818,45.17811427075607,1.1578191726454643,886.3285855844982,0.001683193464875553
0.1329424174713472,1.5046260044396003,49.16200429702119,0.41579957167968995,217.79737949133613,0.0017937055240768822
0.06746602524598411,1.5477335589398291,51.16732766057134,1.1500700573578746,118.52007428884649,0.001766697391207415
0.1272174293737831,1.2306602534914621,47.62926971787316,0.6723135734584272,207.12504990885822,0.0017174709051526404
0.18318112524961747,1.6209315800971218,47.10938861775159,1.6213302754178178,917.6228192119511,0.0017971374865585288
0.12621770717296163,1.9394418984314912,42.11844349034099,0.4830908275762424,406.1470462182478,0.0017959385235444898
0.13935368857458982,1.672683826793771,42.663427569901565,0.08232420741995852,703.9828412965095,0.001920956707939845
0.2816069014629214,1.4437226655235327,49.83731060509242,0.062401498919436506,396.2831035972699,0.0016984045681341085
0.29678906841048347,0.8877215031948001,49.471016901622846,0.009821912288554904,573.787695206797,0.0017358831587432442
0.18158041924534316,1.5020427656917754,47.48716901490969,0.017754966152592398,486.9878241081615,0.0018282933920717958
0.202256185899207,1.347896340598558,52.67332109305609,0.3898555103182711,624.5444041361527,0.0018543552426544504
0.25819706778589274,0.910481095932734,41.970204111027755,0.9367886922757591,124.8727012426518,0.0018886812310892718
0.3722264344573917,1.210539579310441,46.53815745767049,2.164531587953842,53.23720497734684,0.001755926463396921
0.24530389511179806,1.5880646319921985,40.41164318107368,0.6431859664009295,106.4219418974114,0.0018886566999440537
0.18375155603882287,0.8647824191831253,49.018433354593114,1.8191113828596355,994.9743382692283,0.0018345370942587605
0.17803499320918584,0.8249650380087229,43.1402527585234,0.7627854605414318,233.89691499889918,0.0017984053012893278
0.09094562006709977,1.7155069126902023,54.76972830955413,0.9875454167965101,773.1418648769267,0.0018692535183069034
0.22017679643143492,0.810997295317793,48.67842682793822,1.2422434214299076,164.70236164718781,0.0017294881783736175
0.14577307814666476,1.5531048565444086,48.42503690744199,0.7061469353446125,141.78072076921885,0.0016950809825293075
0.08384318404995489,0.756687932763698,43.78387324445082,1.2084801757039496,56.37109953477651,0.0018709739318568683
0.2227068658289347,1.9176687565079258,52.05886122315672,0.8495493294385911,1194.1443208373316,0.0017888076405457576
0.2167334486707324,1.9140626219912518,52.87995028625793,0.6605171248926008,376.7105067074644,0.0018344933666673176
0.2149507476104777,1.4908721925226855,42.125853427337475,0.3789500592012121,445.8387488158107,0.0017084646095060789
0.3000563407073963,0.9249212746120868,49.745892227893606,2.3555363524832567,647.5818591223717,0.001873427750051376
0.1632612005131821,1.6885768823877114,47.95681880328002,0.3005386864160302,414.16843211156004,0.0014407991138596435
0.1716459954408035,1.2631396953866594,53.14565254761103,1.7371169918472051,569.4163539455127,0.001758466297853038
0.18566815837586526,1.0336656184992135,51.741977168381865,0.9231929672801884,942.5137416643264,0.0016066063970357899
0.2519202730658591,1.6843599519568144,52.22055282688591,0.6213548264721667,320.7590581398321,0.0017280066121936107
0.22131622689871522,1.265437304948571,41.90117295251901,0.6959974957195908,1066.443876064366,0.0016106682860607495
0.25421326602975913,0.5989029156408615,49.14680847419986,2.382087075488537,399.8584608301055,0.0015773695964283725
0.23442497741686955,1.6857845630411559,47.84575015321034,0.36346264958493146,799.5676596645669,0.0017539849938949046
0.3698020542270922,1.8054349067863051,51.286893629221936,0.6836965860071804,832.7320538254496,0.0017571223263054508
0.30932687716492147,1.2334330179423876,50.460702256297694,0.7878259351546912,541.2740889588109,0.001770151971457661
0.1486391154075182,1.4142890983200624,48.70469846214597,0.15622683320365396,606.5722110761939,0.0018416090425987855
0.21511478049132418,1.1923959497798042,49.483491643239795,1.982380027693086,356.4147552950276,0.001985742472026991
0.2789866351334257,1.3428876549393547,45.84606507959975,0.4430375558409005,414.9627797411516,0.0018126537831200805
0.12566326166063985,1.033958291236122,54.2221524514051,1.7724521956465549,464.30164073329905,0.001853924833955841
0.1963136841220762,1.3149476819526154,49.52974621465336,1.188266040490564,962.023234935416,0.0017237049260842609
0.2634200312574348,1.1546948120436242,52.88532422632856,1.6718400922522882,438.65535056117676,0.0017043026008989647
0.2042553686363475,0.6033391972617481,49.938230830043146,1.6012059115295767,155.02987226744628,0.0016376189882477542
0.20118876291632956,1.4845059331572164,48.76308732865379,0.5884182631198779,561.1292059287385,0.0017940385778358872
0.24705027262215348,1.0233575634175567,50.68411306602168,1.5394302002040263,425.247580792683,0.0016607278937079484
0.13888468179193772,1.1529271601885345,50.547098795703334,0.235413986158332,462.4361348197697,0.001847135959340839
0.17476674481733193,1.2705196828634595,47.99163065145076,1.2607411106903088,783.1006950583283,0.0019673056562735194
0.1882856171138334,1.272295574691476,50.80257657890014,1.189289132235997,109.39533445015815,0.0016086215854899536
0.060622331411293785,1.5604864420501283,53.62498028067519,1.3956981821025711,176.97942128167773,0.0017329476185619658
0.10804354664683556,1.3329852598569636,46.15946048571346,1.3229200478258585,424.2619272633745,0.0016057483844332053
0.18074426698551882,1.28336498844582,53.51299647039114,0.6272576419491098,429.747002919401,0.0020118716856563504
0.20477356054964996,1.486877885075136,41.58620629762243,0.9837006193399744,227.04378427440074,0.0018563704885284902
0.2870621239368049,0.6650379324750003,52.31227254692146,1.4505352574831127,14.263137264540015,0.0019248893779819254
0.20253543274773803,0.8941663716959392,54.53918893888557,2.3356664011839303,25.579949673367928,0.0018823572776050731
0.1369467047446456,1.8293390640670586,46.64465639089237,0.33117744916717345,243.29269809969767,0.001780881639910238
0.14812096291221177,0.9797094524439457,40.136539856252476,2.4684368451697485,303.76935435805314,0.0019273542170047575
0.08408814014696026,1.557340179328034,51.22291376483874,0.24279442730709966,578.7501681977316,0.0018080441499573937
0.0808318535022867,1.2824184510011862,46.706613386980614,0.16850513444797566,1042.009622947146,0.0017700694680369937
0.1043223693381057,1.0272193686728734,46.87859784890843,0.31723905045384015,473.905206856373,0.0018415620044744568
0.07998795734053889,1.2869265984156655,49.10980740079777,0.71448652491925,519.2862377178459,0.0017503278585564914
0.08716148288771912,1.3106016799091016,48.80074793302443,0.6750344638613857,534.2960968901687,0.0017492146556191653
0.3243156177917215,1.2765893857452577,48.285437522856924,0.8479405806223087,490.86766291143806,0.0017689118770872615
0.1057376070819456,1.2609366683863399,50.275266903222004,0.6936426563557129,828.9448694155739,0.0018177377146831673
0.15563667364968717,1.3141879803299321,53.00296087786506,0.8969302262191354,745.4611177608472,0.0018244193835596147
0.30833967999452927,0.8411993005417805,56.318427813161776,2.3428044220189768,609.9672284598062,0.001867671322388261
0.2764005324845451,1.7199621877758275,52.508046741634416,0.27731411917015136,290.7323728396328,0.0018918482158591374
0.28151320037455024,0.9720535020532726,54.960061419386946,2.9539947233754256,191.10756088000153,0.0018330662422679732
0.2240210047396734,1.5857277227804512,49.29713919517269,0.40221340924883,186.97693074252888,0.0017243048898920015
0.3084692831816684,1.5226282959511,46.12052939038823,0.3346178971306509,165.11720211291538,0.001772695702216493
0.08353766581830877,1.5671946015215292,49.328134708899015,0.39713609517130977,297.61222519957664,0.0017293312726771553
0.13203290250194763,1.411231198572158,39.38942269119897,0.1975362503987648,130.72566788824662,0.0017854872316345725
0.17378556710509752,1.4240363518479686,49.717886307076576,1.3794802198750162,103.89483907000061,0.0018137173958186006
0.22375786881805668,1.4648508930459778,59.1600816011942,2.90158811676561,1305.3818032531187,0.0017087045849204737
0.28503709030306296,1.0849894588845221,43.782638554128454,0.2748350512610873,117.25704577507656,0.0016204558207264016
0.12380615058703986,1.465206819557703,44.67004491676144,0.3701165382039827,260.01947404688883,0.0019635331286285496
0.12405503750830235,0.7466241938918063,44.4152375834418,0.1066749596548759,1153.6654641009304,0.0019011889016497133
0.09533897727881256,1.7066336760967096,45.10061102267502,0.21658913913321465,859.5034238353873,0.0018597456924119835
0.24023456793835762,1.6819894933374635,53.44443956036687,0.21534585410777146,531.9827723381926,0.0016779678820245684
0.17549517727614428,1.2347898676165965,44.98162196990324,2.2547394394118596,490.9602499887836,0.001682234416795872
0.07733814349229112,1.5219312907144118,44.95395124737016,1.5764175500671738,943.4077883896082,0.001646993717391355
0.08796220073408975,1.5876062650079554,54.769801222515234,1.6394675554282487,435.30014569189905,0.0019873585818277356
0.2094006276579809,1.1311274667728346,46.105817937304174,0.39907148663820474,491.53031673268754,0.0015488263228996793
0.07579842184923001,1.6266944365919782,46.45604264167779,0.7575217688319684,781.6853684795876,0.0016393512263714195
0.24248229961783596,0.7446937641765673,48.208574504026394,0.7502936405246337,274.41420383364937,0.001828332296311644
0.16755730315986486,1.1720361344233832,46.7968755351847,0.637743008288792,481.2369900761965,0.0016956346925260132
0.12381455262312978,1.196936127291346,46.70109136088319,0.47936490628719863,611.7920060247186,0.0016971281916185414
0.03807921608080467,1.765475403155963,51.40063145159654,2.6779198874164254,650.5195824928254,0.0017463912128816315
0.018928557861643405,1.6933766187805865,41.329358579080754,0.7976845587270969,866.5357836722437,0.0017698736533283506
0.02598675112702168,1.9072851229531878,47.086530484211245,2.2139313913314944,417.2877776663524,0.0015164642343584963
0.023687898045435297,1.9158233120435209,46.315581905305024,1.270520198661836,790.3473367930253,0.0015330164853204899
0.0889155027648658,1.3339654081731243,49.8491764643344,0.6180343392593681,226.39135777582214,0.0017477517741214385
0.28397891366260736,0.8209697433160597,47.62965796497087,1.6140465268765516,56.85091365494381,0.0018327833446151942
0.27533549720484574,0.7860879832824683,48.13415754398388,1.5719083247350627,55.359698774055204,0.0018152619644148658
0.27563852369350844,1.3168024898094157,46.963252383647635,0.9174197687844116,55.610380956789804,0.001761573762435665
0.23296184318608346,1.4412209301893653,42.35434523036344,0.6854951022351554,28.558946367764964,0.0019122380484539563
0.16898750902708398,1.3035403446870208,52.5927717743092,0.752387134826778,175.73440873487124,0.001705660589802698
0.10026597112256905,1.458402222555106,46.77696795242424,1.529299955534265,863.1281281528579,0.0017903993338934088
0.12177954036292381,1.4376592842049423,51.31241059356113,0.8472702337534787,43.19294258897296,0.0017965723672970326
0.2351534068131726,1.234004665953396,53.610112942341914,1.5998810117747821,38.82473725228275,0.0019516195902090892
0.24744818389655257,1.009998926741821,58.808691605300666,2.0697994249048683,30.051055158031435,0.0020113988767160107
0.30968814754101415,1.498442793110719,57.13181599213508,1.831895733306028,99.72594674794,0.0019142363593031985
0.21160248531256518,1.4470647050646095,53.39034605385678,0.6686452861662073,112.72277209436253,0.0016817411879538756
0.07221661308751112,1.4817159945938823,42.22006742526188,0.25278938046393007,1160.7002908389406,0.0016495232156620262
0.12208042804221393,0.8569295770125153,43.741344129438986,0.1620281455583005,630.0978834411018,0.001770998224326879
0.15252374751724854,1.1832216545766552,48.45092334371055,0.25281489231584975,916.7758128398098,0.0018163202911273986
0.1829394609957323,1.1517681934987531,53.348748632226986,0.24127807609980456,774.5412978660795,0.001889260967907787
0.24097869758751875,1.278032567618323,49.52020451088382,0.1446880103782029,849.7200125670478,0.001847956294818435
0.20947123177442586,0.9742881748061998,44.936333473995674,1.5634045981361,147.01583407265383,0.0016531562998984737
0.2757766123571072,1.4380967220667435,41.44848870118203,0.9276109898974508,437.88571614712276,0.0016047435911991717
0.19470353063834375,1.4420412574118195,48.347364395271136,0.9944201458228665,685.4136776258812,0.001671770988611817
0.10738724743066477,1.099185764024256,46.57180098125908,0.9218519078674682,575.3288380498835,0.001591270505561693
0.28921285636279653,1.274157110027092,51.79360701730352,0.8228843055272392,372.60632394596206,0.0020979849330054995
0.13147022902886607,1.5317345686203487,48.28735436521708,0.2709575420295735,358.87541307396606,0.0014771109532142799
0.20596736683610864,1.5657450428779771,49.27659241906426,0.3265672291455908,421.6534948794682,0.0015470295571920086
0.31214521570135334,0.743825938727875,42.18019506787233,2.698185073359832,530.7158939689612,0.0015463329062198302
0.1035428150024908,1.274058237018558,36.1736453968998,1.093478259883358,992.5154600955086,0.0015740323797337461
0.11611875693706701,1.3274193590123147,43.74388539721142,0.32603888597873015,763.0740968356839,0.001684522686768146
0.20926324184733178,0.9649394280545875,52.53994607722124,0.5344682182373878,404.9056069730848,0.001862826500862192
0.16119675454602492,1.2859322698798152,45.26239009587454,1.68925367650484,645.8856290521826,0.001990822827914615
0.08342113113293319,1.8263947779177327,40.853694489913224,1.4317324306588723,245.66457700381844,0.00192916751413084
0.13957541227899198,1.6756755890154678,36.362885038379005,1.695212649898317,192.9640372953971,0.0019403633761190739
0.23290451006779128,1.6166563627440194,40.51179326987186,1.3606840594621399,1179.5517198637906,0.0018668705952014765
0.1563189190686943,1.9034088021326097,56.14716589717346,1.8025461202891457,59.94833446380708,0.001742740550429627
0.2616134859446776,0.8414722160728888,48.570680824923635,1.1045254931912907,343.20239828560494,0.0016721533775775365
0.14849986827694422,1.0037916643140756,43.27060889295832,0.6244907719774275,245.95496245824793,0.001699510532506366
0.1501918763027921,1.2215694136509045,45.177228065629485,0.6958634435073511,436.2654757932847,0.0016162784146849128
0.12582879509269956,1.014703541364174,40.91139625723122,2.7116448670173146,556.1509555583564,0.0016763070080988204
0.11772374639789585,1.017948961531697,41.571424172819654,3.105840789500102,545.0302746471359,0.0016748805626156011
0.1954942313767228,1.3471975397643925,43.25535469278232,0.409075226833734,837.5621483991453,0.001714378945355409
0.1968705491798538,0.9093042248868137,45.38789250544246,0.9858461259145498,500.7197347355377,0.0017470957627738872
0.16471987352185327,1.2769216932389882,44.602483208200105,0.3422330691270265,88.7560224343376,0.0016452512775018266
0.1823691770210794,1.358574909821774,57.5355057162734,2.2333608952638824,1199.7034381142676,0.0016934482735110703
0.2663551230517164,0.9899181370849347,53.77761278832829,1.6100283268350213,247.37658142610425,0.0017257456044854228
0.15990194786823758,1.8013509169188968,54.3156468399357,1.3253936993025408,309.6562809003561,0.0018292646508242018
0.10866244540090948,1.5046014114209556,53.29639032041614,1.3189887781105885,178.46398812471992,0.001764754900236513
0.28121206107585067,1.0562696576968853,46.696782192397364,0.007310777052217731,792.9762165293967,0.0019579730035503423
0.3377186345119746,0.6295849722629121,44.359374282629325,0.014999703042954018,670.5106137545516,0.0019242713863785823
0.07084962768644074,1.8276949312428865,47.37872549211388,2.3628816196219007,134.6229446668895,0.001806511326160544
0.13592668329636057,1.582190347876967,51.94796205876661,1.0153353218001904,96.66290220950037,0.001691958890899541
0.23052340360878976,1.9319080685415404,52.16818381624039,0.47431741153909807,1007.206139316613,0.0019442562699653054
0.2287992438727191,1.9251555414239685,52.14526589022295,0.3670891376860558,1662.2371536020848,0.001976313878126111
0.2581755420096644,0.5221824655060168,52.11590244408706,2.310596034438443,36.92087457873749,0.0016361507560513164
0.2278842903558961,0.6390556366916001,50.94644537481124,1.8406763233147811,38.464179544710674,0.0016514542291640763
0.34024575986378064,1.23257703207209,47.659241177476744,1.1581900247954398,82.06779113594864,0.0017102430396099416
0.12156049961383406,1.2930699708249866,52.29359628599417,0.8870063261493114,288.6835402290177,0.0017075670977214894
0.12586991891280408,1.1481873581258621,55.760280766050094,3.337029077262466,218.81333521702823,0.001753077166576485
0.1883575576535976,1.332330436860494,55.381040506903574,0.9769827096721608,99.06744647737966,0.0017417303711252637
0.2799907478881411,1.1324004100255733,52.27506981376709,0.7376532525574572,132.05050240199176,0.0018103998095588992
0.2357338372199757,0.9353859868498171,52.48561227002915,1.0770805714993636,157.94878757195542,0.0018085774766377766
0.15107807788968633,0.8453577914191999,47.92837270836089,2.5154805766672315,87.2871628766889,0.0017923159830484548
0.2419921604401508,1.4326630543279328,49.3098365806993,0.10206951946279179,280.29274166249917,0.0017366162787728339
0.18835690925089135,1.4758211421778498,48.28974005009127,0.2770958106773823,495.1695033744241,0.001763904645367283
0.32503848080841097,1.598593561824918,52.642810312530685,0.23697214382282833,245.3852251718398,0.0017040377698676382
0.18310683796989743,0.7850692466956174,47.730022483848906,0.07091802251709507,877.5930035170694,0.0017975277558657512
0.22159533276453452,1.5271586297878859,54.89259389884215,0.4421166249975661,730.559121505412,0.0019214338166027292
0.2461217837751243,1.224500502447021,51.217814675978794,0.4712761265779433,452.32925598753127,0.0019421661708230343
0.21805173792446614,1.1898165695722283,51.51561980382503,0.21848651089504614,655.637264900506,0.0018377178514017466
0.22316511846460108,1.0452901919857822,52.5353032691043,0.25107055128383404,661.9729184704752,0.0018322765304861223
0.1300693618297879,1.6338384052255321,45.18916453894559,0.065023122712859,464.09059218559287,0.0016369950012409
0.2625229691444801,1.523820120841499,48.20933925305981,0.09525197531976053,382.5801805384337,0.0015807633813746493
0.3167013006656437,1.8003465570822903,52.75387904465926,0.42392755168798735,382.1485236564259,0.0016084177128459815
0.09982672221025,1.125467973229447,50.97144296694267,1.4801302115404613,608.1225553134072,0.0018316665570751974
0.12067272766720075,1.1195386066971398,47.83617656816153,1.4513619299229745,1030.5322713231244,0.0018170148276911934
0.18139006345745412,0.9836792713034621,52.23210814398531,0.936748484083573,424.4199119760943,0.001738228041647636
0.17915989594227633,1.8125820186330874,47.95704857238817,0.2400757770641395,530.2593761462217,0.0018232768469177646
0.09216304769908966,1.6741750065164798,47.43681855731715,0.02569449707074788,263.51597039533897,0.0016938395504758905
0.228172971905675,0.6729315816498442,49.65862326147623,0.641312579084952,330.70583864509905,0.0017759258602192747
0.10221266886174102,1.2026956021782487,48.6245188667444,0.6501861207842443,307.58398066588194,0.0018294167493374432
0.09140055496791002,1.4875768752577754,44.32050776663102,2.5254459514331002,570.3649075269375,0.001869174891290089
0.13885198165929843,0.8745488807269731,49.898094269140266,1.2145996973762743,749.4837832146817,0.0019924092856698833
0.29771898786884443,1.457540968748894,46.272739782285655,0.7444092506968303,366.2018160738623,0.0014380157209856013
0.1559977568273298,1.413922740523625,50.84729737252154,1.3154746442236644,261.9766687443958,0.002052445234630132
0.2642501722806291,1.3727731772234908,55.74746857414091,1.8541422224429056,168.51173236515783,0.00176179514525168
0.26240030275958603,1.8126691834368478,54.18723875419805,1.2599317966362573,208.6456996271324,0.001695578401451067
0.18433757650214014,1.8207826732561774,57.85615895551233,0.9352984289342341,1219.9682658222496,0.0018634559429001921
0.2576549650294726,0.7582058340185336,49.93368415795556,2.740473224734598,189.7510354743805,0.00175008779514344
0.18161531168834308,1.0151299440945682,47.974545115764144,1.0648529599160481,360.96853558337574,0.001718907270501018
0.11416579484746824,1.0899455659532706,45.83566811653183,1.1558348365421902,1002.7670462062061,0.0017500365845307942
0.24910662204189477,0.9888014206047939,46.684141407930305,1.5264124398493832,12.645401641690512,0.0018193138863425787
0.2841471442568579,1.206955094818698,47.84040125704298,0.9004108103414176,16.820019763567384,0.0017776634291331364
0.16362879438391606,1.5234097008127827,49.49919357616638,1.220647379372714,4.251023747754193,0.0018046225398108857
0.1039709497703127,0.7924961571051898,47.20224399707272,1.4279134495412533,24.945164019161556,0.00199342887347682
0.08625901884437931,1.7511631067379207,43.1678524809563,1.023479377335574,208.0061137433321,0.0018115893660166163
0.1728242640022553,1.7487525194730957,52.01423589689313,0.18268089583440988,769.7415309347183,0.0017229471221885736
0.12371898528850611,1.0697706308013115,49.98978889719631,0.7138939077869766,80.50647783591546,0.0017697112767932853
0.13261802687247487,1.2920657304553038,43.373876018749954,0.5440805892055633,611.3838049898299,0.0017749772627327204
0.19541247047693483,1.2286587322471785,56.19450720274734,1.4103224096951201,267.1360117870215,0.0017003654233087228
0.16370970392741177,1.585007499009719,54.389434231787476,1.221092290213339,1077.0302522708116,0.0016580976736289637
0.15223911255940872,1.3956871581542416,52.54327767998381,0.6314877922500316,92.65558899822,0.0018670649966474877
0.12147174311949026,1.2976816197955436,50.90933722010839,0.8355737091694334,132.14039200464737,0.0018214968307541687
0.09272050240216223,1.5566631361181134,56.311440509624255,2.2260796317460123,267.0200882026724,0.0017322359364109652
0.30216332397683765,1.0095123008936915,42.47604686909718,0.5293176898743548,272.24124121849394,0.001731134725703194
0.31532913429619425,0.6988261356461019,43.027638674177005,0.7806989298761821,274.7437620903875,0.0017815805571889782
0.3202806028228033,0.6315532964814966,42.151499478372536,0.8036751002063427,251.08507448040257,0.001747437170154092
0.2775682527274973,1.247989895152049,47.49989667384153,1.860612125717917,1146.257567816096,0.0016977440637565217
0.2688143360813709,1.208980651604214,42.58754268820016,1.0612832197258548,874.5891270734261,0.0016505900887112844
0.3222688623546474,1.4229863583987017,49.25064589037025,0.3769127089715354,277.165455474622,0.0017275255379306219
0.2144749360422007,1.8089563648392282,46.956815375850645,0.2576790337211432,286.88244480479034,0.0017561974418389072
0.2676570977246249,1.7361144065776861,47.236852887858795,0.31235141773807323,224.30915915671304,0.0017435576937973804
0.15040577065146607,1.9306231597652368,48.31639617066826,2.0373122081455945,480.3382264365792,0.001766749534955783
0.11351870412969144,1.7857026071927724,45.28195136625916,0.7441450428731471,450.4516310783383,0.0018046388840606126
0.14477750168578302,1.5990269204245766,46.166845134324014,0.5271281196837071,266.97601950710515,0.0017312772649542632
0.06839694967940799,1.1564686660017693,47.09560118145086,0.5212273210650522,508.7658927889704,0.0017666199547366425
0.3420976192401871,1.6360015171713946,52.783123007520416,0.8842858472148448,412.6354863947157,0.001585043031617779
0.10893973588571662,1.725125932056013,40.76340965056243,1.4644739314597712,579.111474547517,0.0018413416477661392
0.16523148878021462,1.571926248047555,42.48008725879427,0.24984598009703693,372.34310921069726,0.0017064043786101908
0.18730405433685915,1.6035876251150598,47.06089054762864,0.17963371803102995,888.6028812814626,0.0016518478654122246
0.21998837635657834,1.5007204676571761,47.319659007766504,1.6805622309068924,64.9194571039663,0.001902637323329227
0.11004382612081223,1.045256734451685,41.06380717595539,0.9852206055654964,38.76665580071736,0.0017000549936603113
0.23257068420447222,1.3689766853182905,39.23200880732488,2.212770165207991,229.70276396529033,0.00180605166312509
0.3540537504510796,0.6122367245383813,42.27090975254795,1.2491537916644502,372.1614919254678,0.001965500307827738
0.29713844078319523,1.0212543927154853,47.05114933099507,1.4455087604427261,604.3069851929424,0.0018864488935953934
0.5242648281901028,1.1140202036726614,47.70695430033441,1.4484129490905988,506.6231186692996,0.0018166509302268686
0.07739263146210111,1.4601994957748372,48.70737525640242,0.3953624321098059,723.1442786950317,0.001834091448156021
0.18506573446414173,1.526016116385881,47.821571709023004,1.628024699985281,341.3053397178956,0.0017957235312766888
0.16043961716705762,1.5297413088391283,51.33398825976324,2.2963869225760365,142.24960275807456,0.0017536718734129588
0.2337791134066315,1.3419806099166618,50.9835285008718,0.18891212772836674,251.7913006076591,0.0017128549411418083
0.18378369248519696,1.4685977517971276,40.750190652808,0.4340180493356919,59.20112555392351,0.0018075740770000146
0.2133042256059338,1.2752585329900985,38.37968531770205,0.6045189570421822,106.31852602558293,0.0017917167774155612
0.17724407811051798,1.1766172114497142,56.797694672980505,1.0593828991567547,613.3897043208826,0.0018406775201147752
0.16681769845155195,1.0255657703709027,54.350542069998546,1.5800597604350717,446.57221613109937,0.0018354811262071133
0.3056196730297665,1.8711248655362538,50.86733518224516,0.6081369061025726,656.6807614340786,0.0016993171037393618
0.13954676484944484,1.178147484271721,44.34443429747226,0.2270690747930988,452.89677952429616,0.0020515437440006812
0.1662182429534384,1.1123432344572397,48.97693405106561,1.2127537094988818,513.4259993431464,0.001623033292683907
0.15454717337773333,1.282104378529827,49.35905830934177,1.4223981806811048,251.40048033344863,0.00193757459243921
0.18124173132139126,1.037032261602638,44.13138610434203,0.6490668208185857,40.78591264654441,0.0020384905778123032
0.13780805945152627,1.0016865749749704,44.54520531734671,1.006450211934619,71.68267245603164,0.0019257818595809217
0.08924749203203002,1.2788447873742421,50.020141211123864,1.6040341868552708,954.8758628571807,0.001807493436930317
0.11222094640368495,1.0743923796677888,53.772908174339065,1.0857539852445421,697.4305404520015,0.0018059848722842286
0.2960845486456312,1.8622719995025843,50.58714041365249,0.903291884808821,351.02915160949385,0.0017089979557036814
0.2545209261296392,1.637402607675918,46.706993132291146,1.1208902454021015,707.7538056699624,0.0018581112975690813
0.24122729705037138,1.8151509995975195,48.343540050229436,1.4156025291188639,654.5938864034097,0.0018745338980352684
0.2381941592598792,1.7053899762344462,48.33294880042929,0.5169786782949825,488.9079664332757,0.001866820120349161
0.19112704730162572,1.8023840347738782,45.68601343593647,0.25655734481079623,507.8692855289424,0.0017662613636750387
0.17731250697995596,1.1713069620532934,58.225232446629335,2.3434032497773343,74.28003126057632,0.0018899290134244298
0.2807099722532407,1.7143453150874017,56.570125506844704,1.4900006638135002,31.7021327069376,0.0016825849429070376
0.09947008663828444,1.26400624322992,45.484628018130074,0.8118772947847753,136.1218269875242,0.0019604483963137753
0.0938519391127258,1.8588647446602216,50.21055387907583,2.9186120905912722,127.38687265789876,0.0018259719304981434
0.25409807829499,1.8063576668888308,54.82411547395873,0.10900535956317928,947.3365487052249,0.0016038312961937703
0.16520694770738972,1.0523070194329025,46.50567014020896,2.435745824251846,316.967733007091,0.0017465971792689074
0.28956538214314614,1.311037907658193,51.31116621269824,0.22735780770827652,627.7467232110273,0.0016891788954147677
0.12260507659698631,1.3221242856163813,48.98838212599809,0.131184411594703,372.70267814960187,0.0016661732562299404
0.13058876019554227,1.2303791264398096,48.824538364497435,0.12326297164501095,895.5456838871697,0.0017501822840187906
0.07989036566246516,1.0713766654826338,45.22347529750275,0.30212178913682025,441.6908514045983,0.0018113458666317254
0.2001174321709823,1.6894388691507187,47.91847016592472,0.2710094987663146,638.9521795321465,0.0018686177214214798
0.15570872154325918,1.9500508267687715,38.90011053847598,0.040242035912030585,462.9999730470929,0.0019235019892160012
0.25030785115652426,1.9974334481004392,52.810928269071965,0.9239583973078294,458.15197000880175,0.0017078462804446318
0.06886235252724598,1.9985372153322785,33.19428230167789,1.925977595345411,187.33555530599716,0.0016131376850350217
0.10888969799584858,1.9984748706176698,40.2158542334203,2.05955441099586,344.3559523662967,0.0018151291276452537
0.31808200423871463,1.999091295762484,53.72579009290938,0.21920803005065684,475.69109232526904,0.00178121956168768
0.1514494923385321,1.9956495008113386,52.58980594355051,1.118073536912357,496.9671961310485,0.0016697002843778464
0.20700919935870793,1.974371226445111,47.5755490404003,0.8045642958662278,58.223539959356806,0.0018538652524130294
0.22584644736645937,0.6625569210642591,45.35043998387252,1.850903030694355,63.15044288358591,0.001931954726096201
0.20271284267045364,1.2328886941454913,42.327328633374826,0.44772344649670076,578.1655053216406,0.0017547526775579107
0.09649690362805055,1.0829867794224401,49.36968246271405,1.2648341629395654,67.89199035778952,0.0018372079368349438
0.12987036830496468,1.7352181377306866,53.4032480077914,0.9986254696589759,1647.2745465307132,0.0016796510730529728
0.1055318899109232,1.5795965292010978,46.79505247480616,1.6703665488681705,28.932003410436703,0.001792009668488016
0.11164637644276297,1.1572637969639525,46.14450429112407,1.0396633799222694,34.632192436203525,0.001873648577606811
0.3007778326165138,1.557780048326485,56.53068055759623,1.0656393768286831,129.4727226184242,0.001767377828527757
0.14898378551996871,1.808543114527857,54.63997231857152,1.569981139636208,406.9058997855177,0.0016935944279898912
0.16906228479385504,1.8632891732188308,50.775181099643056,0.44313403595819556,355.85888383266735,0.001991404593777335
0.17428395754932582,1.6875102529781691,48.5661571682181,0.34346502553536834,631.5243072789474,0.002003338340466416
0.17482876502117725,1.584426264993113,49.69910710179101,0.42840439398733093,603.2901615995831,0.0019909447238179996
0.1663488235807507,1.6298398136699797,56.86526004726877,0.48473561414891086,899.1783635414006,0.001976325264924945
0.34973225431797006,0.7076139474756826,38.47056227660719,2.172635700071323,131.88129008958757,0.0018022316156659777
0.15001417191046515,1.8808964303916182,47.74358722757438,0.2605069377430641,849.2377180839626,0.0017460682404551204
0.1710522215178653,1.8633301281307102,54.939629169648306,0.5076796980908801,335.8119488448071,0.0015772618385363304
0.32563004806255313,0.46395727943210635,41.89928803748386,2.0283489041132365,389.08551917845614,0.0018151557694296877
0.3263277336718157,0.5374401549022934,42.05893403474246,2.055774424644926,425.0335493495465,0.001820822808644279
0.08761116054951906,1.7006983164434026,50.90982550608407,0.6128493029923454,890.4839847128235,0.00183936417217318
0.10051119476496641,1.2495945651204112,43.35094898265774,0.1768884750486317,232.39759109889732,0.0017555278625535175
0.12337225854428262,1.8247006878621208,57.58392574787683,2.2779634341696204,105.65883661912265,0.0018377010978411733
0.3707429503269248,1.5447895859432437,46.27451903855097,1.9213208771145338,457.3903657427574,0.0016769664887565751
0.35210444958787035,1.6035776003456668,45.172945833089344,1.3633314453153926,509.3563258219559,0.0016869720611174368
0.13299717670638794,1.0426612130486095,54.129266305714815,1.1443985561303442,539.8068940120755,0.0018488862004314777
0.2780245907588138,1.5648063211283483,51.17170344424812,1.1440517624201072,202.95902602656872,0.001942929912378049
0.08477955341377759,1.9784530936288327,53.33051708608517,1.35712839052358,916.9446379505774,0.0017530553448062039
0.13765603495835815,1.9480503922605459,52.5811151350412,0.8819002939443349,262.83322466611736,0.0017644145389341882
0.13591262834477635,1.9394011534028532,56.232899143599525,1.0662959908871565,448.21519656541165,0.0018800769959338623
0.2180379209687141,1.751103953958159,56.8955486699247,1.3304615322998228,1049.7046044719657,0.0019222493870654355
0.14952030455821722,1.6658376851857881,47.78457594477469,1.4511715534959966,176.38264752818876,0.0016950781665202165
0.2936179393054759,1.5260207218675488,57.05375548644458,1.8419186348087853,218.84566967141842,0.001893484282294631
0.19890193424811525,1.4316943563249676,51.16864063908685,0.6783714622729166,87.15908394819755,0.0017520493929476782
0.12324584363361725,1.7687719042785923,55.02832639558706,2.0944165223473186,32.284241219493396,0.001557345136462968
0.3016403680316469,1.404296560487914,41.46155170058475,0.5346101841999495,25.06057902309027,0.002017071458935669
0.24957146339346478,1.5801552515315604,38.88029959414219,0.46546760565161216,14.251460860643757,0.002042804780026464
0.30303969550074367,1.3376385535370323,39.82054461721633,0.5049161668354094,15.493492146081959,0.001936595971813157
0.22130850853624556,0.8518733703686864,42.855786525510624,1.0802482475583022,38.36085723862908,0.001764684467376499
0.20067986532992824,1.535126453222744,54.064531073628196,1.4630814481402383,428.1871998308499,0.0017237802435952523
0.17825083703050865,1.4115146494052189,47.80680025548497,1.0792732770965712,502.40006731167915,0.0016931423927844704
0.2300293920407383,0.8549591341838528,44.29286138155317,0.9546576481680762,547.0120353161559,0.0018228969823184391
0.13458471382146192,1.5023950907594443,54.42672921715601,1.0445025522605786,478.29386413683227,0.0016566801847654094
0.31451475796918166,1.2220792275251158,50.90995983838396,0.9684285750397803,208.75967942742835,0.0017816368764717121
0.12698566496694838,1.2122849944587502,50.84609473460305,0.8759980411634453,111.9304325415701,0.0018149671300011945
0.11231631987056943,0.6889472126537346,46.24433787239475,0.8904856319946182,197.304518384648,0.0018734832090351473
0.21639505635886788,1.7579177730957485,48.4966507765938,1.2502756312465515,909.3565797685277,0.0018727168243871128
0.27922356391117314,1.886803439040187,49.350920597575076,0.6205974409804522,904.629518350858,0.0018099535617344125
0.17548552686871033,0.7740002304689542,48.97140845596296,0.4894823616641123,500.01982911932896,0.0018042191795102677
0.28919765018051685,1.2929415376245352,46.95585307445278,0.5666798721002357,35.728341037663625,0.0017466672988156477
0.19231607341157536,1.1863527186812417,51.74177853124929,0.40342774068981996,78.55713810067738,0.0017334144018489163
0.10055018978636539,1.777896360387726,47.332478539241485,0.9132298324237071,58.58450599531341,0.0016674035971179734
0.13301594625592383,0.8071977494795165,51.19181835805914,1.2103608362739826,1090.1200935386173,0.001836224986171904
0.14537651590327638,0.7753584558169799,51.77336450220282,1.111027046021741,875.6939004213589,0.0018151049166155687
0.07144226108926136,1.8884662620836628,37.21211214601984,1.4579352565350987,209.61014984324447,0.0016608378542802612
0.07020617955781065,1.5409738384893943,43.2225360855652,1.1433157302043613,239.5377491429312,0.0019216168415862795
0.13334504146761963,1.2752456181279388,43.91369186398626,0.636346487790318,625.7506863356872,0.0018019960131038697
0.24405932923267845,0.8704166159865876,46.413067767146686,0.5520065920652886,182.51986217833817,0.0016561110218464691
0.17697489500022054,1.3599640976155214,48.692607171954144,0.6181992991465989,256.3300298182595,0.0019035907964832558
0.11618861634338919,1.1536708294345575,48.78311593901234,0.7197920100866358,196.45012383003564,0.0017298390133839582
0.168340939845999,1.1613467365134973,47.64632556372162,0.664352007617007,66.83393215960622,0.0018284071009772908
0.2174189162174388,1.1233597635018735,43.357492279308566,0.36149017670012934,8.604383790761263,0.0018388936375661712
0.11994883865863538,1.4265172157737018,55.533482975832264,1.8164280351151,216.62119210786798,0.0018469788688550276
0.2935159346455191,1.090544525762882,48.55139786618081,0.6988708921532689,998.0183549266189,0.002023552191712699
0.3191451809898875,0.9510733429577003,49.10905248693227,0.7458056041413618,586.9034277431501,0.0020569417562075927
0.1493484796836446,1.2766242680681332,43.26420967574963,1.9165761457391728,387.08154231874636,0.0015758684566175983
0.2363740354450954,1.4039467558600567,50.10717861619147,1.1317422424226422,632.0666651939364,0.0018954804671430887
0.22199929681280428,1.3656847433858594,49.13300802863476,1.4478688633808048,485.3064964544458,0.0019138605724214322
0.17548886683478868,1.837842947729189,53.24698940685646,1.520738418300662,386.31302423246956,0.0016164902495482238
0.20772663732281893,1.7731263777168405,54.70121894807931,1.6824549666643795,268.30557693842525,0.0016765837904371172
0.14754535037734293,1.8356879548560694,55.69220331515142,1.33276114420638,260.302446110068,0.0016960083388463528
0.1915160240979417,1.7610560404396358,55.836185438069315,0.9750246665125746,110.48498338409298,0.0017186745173544797
0.20767670491764037,1.7673651582159902,55.383886552977884,1.3213690903915682,117.6488445498433,0.001737070897632839
0.20808873979244502,0.9827250100827006,54.05541464912773,0.9463979449926179,553.0407270818503,0.00176599969474533
0.09739099408828979,1.410770873396441,49.923429336467365,0.7504405789772522,627.010503329976,0.0015026300960190155
0.3632369213402805,1.144517828955151,46.3117120045102,0.657558359409861,87.7951362200078,0.0019469666380749194
0.05949496309766754,1.3397804017406711,44.18628175803144,0.8507576825871941,370.9930659442326,0.0016625603565194468
0.05483838940953556,1.3073891855932978,51.3793956193677,1.96276947453049,213.00311122035532,0.0015512520627712703
0.0948629735717597,1.612244972254646,44.47414056551073,0.39348979707792203,907.1156785322403,0.0020340535352960263
0.10873192386373096,1.7086010767548523,48.06566963571929,0.28419328599889015,123.6209364695885,0.0020152680258650395
0.1085053868264572,1.7451677603748184,46.55374798981117,0.27854730764670577,1608.0029678412948,0.001957449164414266
0.11227181923037334,1.7101560884477793,46.641360533638306,0.29841252363355136,1394.2332429326511,0.001980176060167388
0.09127476180844506,1.8082369661015452,54.39643444110655,2.4268902649523736,103.65171612908802,0.0019130422802539685
0.20425647887847476,0.7747862454169959,46.56408053944671,0.07680010041728069,413.50880154160717,0.0015873970928455055
0.19535519450843478,1.5818782360171326,51.70922330190418,2.256574275726309,734.3387773430233,0.0017284357887183397
0.3672359927387427,0.965783895440083,48.38210647208582,0.3339476718552218,390.70646104554095,0.0019563296552447275
0.21685483175965786,1.191032316254542,45.062558912746496,2.575271545470061,427.5454050016329,0.0018551211271582656
0.3094854684719495,1.0989357160755826,46.33388164259473,0.7751760464722407,485.4867452543663,0.0018963984371436877
0.22687086489204047,1.2300594312572348,51.094080263924816,2.5389120906405753,853.5840588876183,0.002050246906290995
0.2249755325034301,1.7196943218804988,49.58374549422786,0.7738178233092304,455.76848799287234,0.00174907200957982
0.183047897206007,0.923337282374314,51.27196933040637,2.231020722095841,682.1269186738184,0.001684771762012709
0.16286588667819962,1.195455155582345,37.0373072290825,0.14367094559300023,423.8106851059024,0.0016604783853014027
0.13935012063474855,1.9189631127222149,44.85610205216979,3.83393678217705,45.126042089249026,0.0020314848170155217
0.11948593695166443,1.9285134984948484,43.60574383351756,2.717099881019489,63.55084463921012,0.0020174057681080276
0.04370024042940833,1.746908045801248,42.726635211488365,0.29673306031589486,1367.0548824866935,0.0018025502246160228
0.12551731945712974,0.7509625480635669,49.56097957215373,1.5872361332296765,130.30596717867772,0.001908325182500314
0.18189290107705594,1.1739516170660118,47.31846232632341,0.7288264016201242,202.81166605839533,0.001793678380519048
0.15475073477176143,1.656953891652326,59.12552868079052,2.0222806020371706,1031.5748967090533,0.0017686810069559313
0.2484998112838321,1.9094853949290518,44.255689556126185,0.6328558772861758,304.48556663464416,0.0017981013794821734
0.2592316843603256,1.722494868921087,45.196274868756305,1.1072265077491548,770.3149822978215,0.00161234585537189
0.14598729334692312,0.9653429066024757,51.893842761855886,0.7920822463929449,786.9159520964687,0.0019020635930919203
0.22622648384203492,1.5410496398479179,54.726039750961284,1.5011007808119126,297.8050385654734,0.001888604393784284
0.2567758243787745,0.9576031740351812,43.690934701373756,0.43950194456428,684.9456427575685,0.0019292299584868881
0.1863481216379801,1.1201592238546176,42.96334540880809,2.3374709918962466,211.6105690892655,0.0017674851895441638
0.14180333074822782,1.4133132069373564,42.1077879767351,2.236511657380359,947.0143304209686,0.0016673071165834803
0.21246486677369275,0.9990007016289624,41.034640733395335,0.4724341820943815,238.07535113040063,0.0018345913516079773
0.09201498574518159,1.4286430433922797,56.904488309518754,2.0687702868782623,511.61246238949593,0.001896710881928563
0.12551664778683563,1.4820021597503072,51.07339532482939,3.2599397960806655,772.5687325488142,0.0016836787656950966
0.307781920539873,1.1782940162276543,51.13730850890137,0.031963883473937825,447.2866531497839,0.0018668342684687333
0.06072424892771241,1.9070309840640594,44.432021523185554,0.35709312505452345,484.49766142794493,0.0016937972367868463
0.34290894633927005,1.013177412638811,50.49941929377444,0.3155348701866173,404.98623699569777,0.0017933021468060357
0.1560599058561053,1.0643017292866472,47.7567441763754,0.11080026520402446,60.516627386408125,0.0019028168143978056
0.13602912251057603,1.3172859792193687,46.15440982079194,0.035399806908403504,796.1496329343161,0.0019412935039049594
0.18738468254022708,1.8732892339578018,45.762113201639096,0.43825126387329044,699.3458869707978,0.001537489450426406
0.1311855345762535,1.9680226209264076,48.3587515382456,2.4438540953479477,327.10091815702503,0.0016153556433401055
0.20506161646859478,1.9809033024526599,52.763245243718394,0.3489077968225096,613.1255812095607,0.0017821708817024806
0.22574697656345807,1.9538717356615918,54.77084417470861,1.5971090877915257,284.5416671715269,0.0017367873503591402
0.17894701483124817,1.9688799405185657,52.57778253424748,0.1815943065411981,447.91177037525773,0.001645198306019603
0.15210498232926137,1.989001631067233,51.27151593984976,0.08064586257946355,1240.5853574599516,0.0016591836624280335
0.2881269835284576,0.6191681094933901,45.364329589231566,0.30317469896298893,11.326972798013793,0.0019782548903776362
0.14417461140641413,1.8466387974702234,48.46129773904572,0.033691414067425894,117.45594206596562,0.0015612420027116662
0.2788558926126716,1.6051878088790204,50.880880746353384,0.882802223921518,1174.0757509164637,0.0019606198142308774
0.2910693380165855,1.545908466872432,49.562624963881454,0.8831937401612315,422.20252889117796,0.0020160754208783764
0.2528310784545423,1.4213508129042975,52.87696447416327,1.8819107139885527,289.8877099145487,0.0018075396415154015
0.15898074046531763,1.6096370341542747,50.06905293051536,0.2930093785388572,684.8246361459898,0.0018960820822747902
0.2784138349459855,1.4817861075160588,52.057066107739416,0.2875889556646458,217.4351691803416,0.0015101267351760907
0.14884419418740658,1.2882940656262907,49.39691706214284,2.2522824356161637,733.816726815907,0.001917907213169576
0.20138065464884525,0.9830484174003181,46.01181776365463,1.6185513989893399,518.1939093969514,0.0019038143847801747
0.24025521612834994,0.9312163934825181,51.35076133922409,1.2839474398620832,1038.707078160675,0.0018500696237450712
0.24507837316836348,0.6620721164190732,52.2612542716561,2.012330513604253,374.93597456584257,0.001904690418362464
0.2015560679963466,1.966508777065422,53.76973269965543,1.9745864502517365,846.7218094866749,0.0017118131633744914
0.19149114223529753,1.8357978372390777,53.7641926978308,0.37323075730011906,280.34925770101347,0.0015973291208511414
0.0857875430911514,0.6738854661684792,45.87710431299643,1.875576140814271,41.09593626189955,0.0019501584335000562
0.10241444341394347,1.9514918736617861,55.84160256278376,1.130990507929097,493.8894571336792,0.0015633347245245259
0.39195313320508857,1.5754828318495249,44.529033761607835,0.5700649000099126,758.3334030597971,0.002125019363128348
0.06973898741289752,1.9499496596608874,53.68019667485689,1.4538487020758535,121.25223374273747,0.0017799231635876535
0.0397654063977666,1.9188014549727699,47.74396124228523,0.6963622996244686,919.7855738346475,0.0018188394055930176
0.18472572452727226,1.8595680552257228,43.54388670840522,1.4334668603257787,153.45500033441155,0.0017952909111968026
0.3590684294941256,1.9567764588496763,42.26015592383236,0.47357832534581573,232.1628035596638,0.0016626783308316556
0.33080396800826967,1.931073097252392,42.7849971561512,1.8550877694413637,163.42286477623495,0.0016869692185756033
0.17263981285993382,1.956824284372209,43.87672465765159,0.7220493469971709,995.551916598409,0.0017750650784675484
0.2589080054806835,1.5028049722144314,53.32453311401245,0.30617235032402146,113.60558116276037,0.0017781208060852283
0.18839479931566755,0.9343076819970031,44.54163702150345,0.49566819897642755,90.03756274263452,0.0018460917336261206
0.09712919489312827,0.966185710955472,39.791179489770435,1.6979208649494033,21.294910580161186,0.0016757837258615542
0.13644704071690325,1.0675302752035298,43.61578305266227,1.0090492094844428,105.67394046715579,0.0018484914038176935
0.17380180727992217,1.0687017150030396,49.54255722071096,0.8403769746837522,93.0425504604287,0.0019312691241950713
0.16175760744709464,1.1660575941961437,46.028990024108296,0.9611435868840142,209.50634347829367,0.0019852367947848547
0.05112743436713089,1.8538283968878102,53.66934593966337,1.421033074186079,934.989930936672,0.001605000044490903
0.16200988781539138,1.8327436914017479,54.0469739536875,0.8539575501346428,416.87399742315097,0.0016170653672787994
0.09814188954736447,1.36923219095485,52.79539535893954,2.079072924805495,108.13275552235955,0.0017324183546403476
0.1538887679633693,0.7508902478374689,48.838267807773555,1.0238021743083516,297.26653454999035,0.0018069942159690848
0.17906162080452084,1.2090180178507293,53.127212388058936,0.5619252450351164,774.5312174876808,0.0018227078600669792
0.28270427472736237,0.9763459306100466,46.59598396382726,0.6135986888863667,349.7521570561657,0.0018378374727211254
0.2673460866349859,0.5031195014326033,45.70759563093219,0.33291380799328135,793.6290211118192,0.001760441394523724
0.4534993790387648,0.8501283266708454,47.514686873847765,0.2360129996851448,363.49280995030267,0.0017754059481716496
0.0574593647600223,1.480699658510358,40.804851174857234,0.9297635805429403,578.1136523073219,0.0017474000295272377
0.05689948068159487,1.332247882637008,52.271067626892766,1.454134847417828,329.35716242432994,0.0019101965975050449
0.3582783053673985,1.5504305653786816,48.074805957164536,0.29059982440118415,255.42983455081506,0.0018925729555476923
0.07947506455506698,1.276261072322056,48.37654401134105,0.13046230868022024,756.0426410154711,0.001791680748188863
0.374689607918532,1.328235361910994,52.18156695561936,2.109623855653865,208.19062717684605,0.001710334976318463
0.05273580556419711,1.696967070803909,45.94363872608978,0.17170602846768598,185.2120448536697,0.001785103107894794
0.39469447964144205,1.3378231050658025,50.023141456479436,0.001212307158777163,702.7929421736762,0.0018122756872961158
0.2735523884265467,0.8045739864579861,37.65393191722316,0.0016864791226197853,494.62922304130245,0.001807061883056009
0.4044605957382845,1.6365281677534345,50.16927031435622,0.020925620807806636,141.6306525841438,0.0019042666337101958
0.32192061828479973,1.7706851126858438,47.95951755057682,0.024633751989473936,199.1523034328453,0.0018640877687891068
0.27407010312355135,1.4649340261363142,46.98661777563357,0.03686554107362071,687.7100170723759,0.001810356023790653
0.12409119907061494,1.3575717725050334,48.38499403272864,0.024172866006372466,293.18065407492327,0.0018537886294475853
0.1981602353496897,1.2661343593956125,50.66439579861878,1.1896732629873104,651.2165245765034,0.0016725171926160831
0.22702274076152906,1.0206347391775503,45.6341833066026,1.0764656296940633,146.32707853430983,0.001905548581016313
0.26518000940600056,1.0693864833649998,52.966338873074726,1.1345600134882485,966.9247376184478,0.001728798010626689
0.1208961124608032,1.5711605650125773,46.35836515478217,1.3309311953201142,269.3006865191972,0.001771550698346445
0.05863191681017182,1.9157303911795962,44.97820136074862,1.008003698300008,849.5078569741922,0.0018049897371627984
0.3794251674196119,1.9139995798408138,50.02479300584208,0.8501803346751683,299.66806626481997,0.0017809393837784097
0.43400214929511394,1.946656278283816,50.446313826449085,0.5193957130370448,189.40371388084984,0.0017902573031187733
0.05342395419715538,1.8343667632800664,41.37049558557135,2.5587977777147817,506.48657486016486,0.0018129071393433072
0.07363439583546012,1.869276184531215,39.348041388679846,1.1845739162529563,1227.8737296006873,0.001965841496508095
0.10700293325657353,1.448828386502974,46.51016432467871,1.4293497047913732,61.27237446957826,0.0018254901505919382
0.17313131478925406,0.9178190286369499,48.756276069728536,1.150739916803406,38.36718317019576,0.002040923577876687
0.12612177994556759,1.43261923311928,44.152172473206036,0.7477484867120072,175.21503881344773,0.0016927879803355708
0.2872440120627547,0.7710903609512145,52.845647453544494,1.308458432014393,892.5720477027634,0.0015374891572671047
0.14470731350098864,1.6309626810504858,49.25586278827969,1.1934371430358917,357.77378191650985,0.001778827341024574
0.1841725154820096,1.3997991890233532,49.028271877961785,1.038455257462375,96.6391615556058,0.001796763449692905
0.14245999718194574,0.8041381955780016,48.45224570509489,0.718726676402488,242.7068405144039,0.0021245472628409227
0.3055775948391614,1.605485935429956,43.96639576913093,1.3975398648480928,407.29452552173575,0.0017329505486952952
0.11127327548746115,1.0103455384959041,52.868487386329925,1.0127077777262394,376.6940600395603,0.0018423493224692152
0.13606725038785375,1.360831571593181,44.31162797545004,0.9810984110185772,819.637972305518,0.0017905883559805073
0.16872884509619127,0.6321593530723927,38.68664644653736,1.7776841549371194,359.21870094153644,0.001871638840462968
0.16154460188944503,1.744000926344184,53.26268949034245,1.5996917021827866,903.5612497905086,0.0016690358508445581
0.17616324075101733,1.428800784304807,50.368147620576046,0.6255749159128202,335.6907766776253,0.0018025486113379258
0.41937796712240294,0.7638948696961372,54.42169070760395,1.4486439510223905,865.7332288735438,0.001704366946207412
0.2426433577994732,1.425890126724234,53.678018666752706,0.816974279110084,177.64166824108904,0.001553146401112519
0.17716834912799825,1.9599949565106345,54.4535560174107,1.5564400760283892,797.3078676096836,0.0015654461471646531
0.21824479799371857,1.9547761852918202,48.05545525053244,1.526615622104223,580.6009024543266,0.00152653844257421
0.39540061915615105,1.852438450728498,52.667067304803155,0.8001273471206751,434.6990270008173,0.0016113648280579073
0.4330153555848156,1.8149997658227912,52.3117678182153,0.2922691526138504,153.59901417133023,0.001615615607790128
0.2771995065865408,1.839795174933421,46.87318097555202,0.18301158041695997,397.7843901571829,0.00157832467738386
0.25188284328514,1.023171840579619,57.55347569605241,2.221998573767392,643.7001701876753,0.0018012891707497745
0.18909337047542238,1.1046336244963137,59.811628522129865,2.023535154709553,631.7673681637115,0.0017559012120918472
0.35001885756943074,1.914254648510882,59.77854809490856,1.560760718228231,554.1719473858097,0.0018142010429258522
0.12193354082183,0.6214134917212772,45.9262185733679,0.6433145180381629,281.3292555213952,0.0017640751099509402
0.1286070049620128,1.1408847400253281,47.406402013459704,0.7127527354184706,349.80935775296257,0.0016953450209396767
0.29813751943708505,1.3916710190766757,52.76603376738663,0.9415569646359697,294.25353676218356,0.0018724821911813047
0.11472957590905869,1.4018711222569364,50.21315872727479,1.5177978569213615,226.83874691739086,0.0017901108293746657
0.28471571790839195,0.9830672642360359,51.33916485042069,0.751888260560218,321.7493554892874,0.0016759649726931225
0.2108982675713393,0.6580971014652544,44.599530477593404,0.5264881587239784,622.9566513084144,0.001691137202490461
0.33507785701871945,1.3836893366401255,47.00124601485316,0.6411164735443964,489.50353983009455,0.0015153279440542206
0.08430003047405069,1.7739864839389603,51.117655790583335,1.1154219031645902,496.2023390677045,0.0020033759015708106
0.26784863770233774,0.8036819908762117,46.27363026754689,1.1320694238104647,310.0426903838563,0.0016753647002877002
0.21070484993389513,0.9135435128380377,44.36237561671064,0.8457819393660455,642.2323304258651,0.0016372068422597467
0.17957641921504414,1.7865336008236117,42.60434060993865,1.3105434625166834,114.70564255824875,0.0017867985534520316
0.20566591524213607,1.8134746430896687,44.946220317654856,0.6989368485606855,70.49077262416625,0.0016489473220717477
0.3836079679617387,1.3411562285350063,47.91862642659347,1.426052325948812,94.97720810695628,0.0016891926526680905
0.07402764495815707,1.541891199201873,52.17225679691482,0.8324500967338232,387.1637912847961,0.0017935596771739243
0.2921342650769501,1.2513186471504532,44.25755560211802,1.3427103611554752,274.07685282868835,0.001629595264440673
0.18508952927790237,1.2624702669260115,47.201334675975396,0.6314805272758525,811.2264653007444,0.0019171999810362677
0.2183319683457505,0.8524606950386396,49.554690992649434,0.6357773921511004,849.9215347373005,0.0016450653614120988
0.1587751588882145,1.8131397971992125,52.14779357255125,0.5148824459868675,599.8329595607158,0.0019129287108630303
0.3019427410072205,1.9686643432711495,59.5746349777411,2.5341434431910463,486.5816351219149,0.0017926691399033942
0.1113852522912502,1.08675501046663,36.43331673301055,1.6496720111603769,294.13584859839136,0.0016578695244290767
0.16304464786738418,1.5845780160913823,47.34666417111473,1.0761977302483492,112.49693399407683,0.0016800551935299405
0.054024287388740724,1.2394572355091327,44.89335806364205,1.7392120596085097,185.00038790183868,0.0016487831448329848
0.44504193606218473,1.2235383807330449,49.57953324123943,0.960323666060113,747.4113434424232,0.0017383335508009393
0.04036679096992676,1.951563117613542,47.36588359498548,0.8431840960598106,320.2863796649421,0.001641808205039435
0.30341182868422717,1.6032192350605357,51.952640023739164,1.6058532017354863,406.22947060941505,0.0019220206683476905
0.18712093949435213,1.4042517926629918,44.60854008465163,0.8042246266817488,489.3784683375222,0.0017230375907299872
0.27143110414548965,0.9434890284412192,44.929767926080736,0.5902495394629024,369.47358401370974,0.0018594813235409435
0.3064554772285478,1.0791110600888245,50.3983624899455,0.387335714707342,417.75513978240787,0.0018956439987941913
0.21070161021254266,1.5499545377069377,51.905334792999334,0.4040030084026296,317.6029678618187,0.0016007113045498633
0.10800665998033133,0.9095511175961336,48.79246401415461,0.7894787668956441,307.20944327315203,0.0019389547020841425
0.20081821508550435,1.922973983795882,51.491520088200815,1.9966036898062633,484.80921756942763,0.0016514006045525434
0.21068813819325624,1.9298289011783092,48.08688690316723,0.4183607979147441,465.403603831172,0.0018292005899839296
0.2910044636355031,1.977144110031691,51.99402333479189,1.8103498201540287,196.54894640531325,0.0018514678606945394
0.1377208197490655,1.780326653364738,54.587412404200194,0.3908039430632143,838.3298565965498,0.0019552466131373017
0.028097256997662995,1.586375055683035,37.77438053084335,1.4898560627757649,160.75532493804437,0.0017138802121092452
0.027366781558801546,1.543805171283137,37.55974195592187,1.748651495807188,179.79950251434366,0.0017744165390997952
0.09490014381359428,1.6705389694604413,42.982798975094546,1.0051212421026279,1193.1076554125068,0.0018434573216798856
0.1368391541729852,1.5391776038397513,45.680597766477895,1.8707983402439057,241.5319993615108,0.001762629154078605
0.38564529482645243,0.7083208379996134,41.06546910815785,0.2160944274691252,338.46683690107665,0.0018796674604124736
0.2233941114122346,1.1302975370148975,43.33494484766261,0.3864681052066555,941.158187610591,0.0020535218012392225
0.18738936108439086,1.5163284163834856,48.32342221028343,0.4785669311614856,39.07038302840649,0.0015302918780897047
0.24186556077678276,1.267085313560425,46.89071912057567,0.5155428296580188,1223.2836929318241,0.002030547191531446
0.07285759813240643,1.9379753604497953,53.660294223206584,1.2196081455160308,114.40396674176921,0.0015625043752760515
0.3232301936312002,1.0251677472085081,48.23994583752277,1.5653473107306926,79.00531624549134,0.0020223249697100907
0.20952793413614815,0.6179978322528304,46.3755130919763,0.7908056290927952,35.25102259980078,0.0018287942496617092
0.19320126045110136,1.7343061300944649,46.15472806813078,0.6083654751411667,11.335887193714388,0.0018115969998954784
0.3012811754949712,1.2127326756040278,54.30328145197061,1.3491282925070658,956.3272553697451,0.0018587414630027053
0.26287327810935546,1.4178325548044035,56.39632527445144,1.1970160966166117,696.5575478715639,0.0016828015983684985
0.20904677413097908,1.5970546490294204,52.696525515168204,0.6108914637218845,603.3373907557998,0.0017001620153615396
0.10638214097550938,1.1413149286605828,51.38638505551732,1.070758390101311,434.20583266343914,0.0018582237231720776
0.2861331206037632,1.6125296974709615,46.65918754339151,0.7849497001948182,119.32845793049171,0.0017127886027104224
0.3070434043119654,1.7787584338093652,47.70589077584438,1.9418172958188744,102.18870625353323,0.0018376505169624387
0.30018772509383246,1.764585255759935,47.348347980052466,1.7676566172619401,94.47133125314402,0.0018354489243484677
0.11522506378201466,1.3043012472851865,44.74368316191813,0.5977316953725607,17.48827923194402,0.0018509167886013576
0.08408958572359082,1.6314189313805394,50.98329641869349,0.1325797035598771,146.95424914012966,0.0018060270164046472
0.10282136522732824,1.3334456051369517,43.633377735681094,1.4473294399008474,83.36898423267142,0.0017398393563869334
0.07241490191821277,1.230664848368531,47.15208973745144,0.6943274663118789,443.8703642021301,0.0019698601973251574
0.19803311395648615,0.9838969616373139,46.707025272472215,1.9143478383042372,643.7062928382994,0.0017403448516012852
0.1491717640888072,1.8087280942223836,44.643619510197,0.5130570699791103,312.82668404864717,0.0018224629638032893
0.1187510290208892,1.7600843963638573,52.119709212723556,2.265927703552506,192.09555617631904,0.0017254170348359908
0.13473548409494082,0.9386282714658882,47.110393603636524,0.890569251271305,814.5846550121054,0.0017727646832646203
0.15575304260350908,1.3665548720936325,54.34296325499492,0.9943383296944036,363.9601777906143,0.0017168485113418712
0.16429778788986524,1.8773202637698667,51.27981866029832,0.27502740068893805,325.37959787947983,0.0016148820165135412
0.16047803834267302,1.9027527438479188,55.064103603509295,1.5525835689141045,397.1616915928663,0.0016771154863614315
0.3407745987113404,1.5895286841864147,59.93527167933772,1.92775941276558,760.5422936358282,0.001832323506106643
0.1693353360719725,1.3105555697966729,52.98099965418968,1.7775769726168764,152.54172792317866,0.0015332769235123804
0.11606012366808363,1.1045761505608627,51.162766778852564,0.7730578413219622,231.31752532181414,0.0014714205823301502
0.34224359026703516,1.2160415008276562,45.27542934216407,2.138083777808561,204.62167037260042,0.002009698796021754
0.3142429802163994,1.6328331789365844,36.8897804471816,0.7228512598461553,131.68400485449177,0.0019229739044453879
0.26139234888250756,1.8870073333519883,49.36159390483899,1.8994336330169188,653.196166318678,0.0017413134620965886
0.14017466010281382,1.7959772718745062,53.31972948168695,0.785377961714306,752.7526317646216,0.0019056530749836658
0.1554169069746732,1.0579947189951506,47.9242446141664,1.3152857138167238,279.6957069210623,0.0016285379567428037
0.14427394204951818,1.5852981961669843,48.273237275600394,0.8610620628893633,153.0198270691433,0.0014632245031663306
0.22497181105609898,1.0724176063545838,44.81147295271965,1.1184132159230424,108.63688318532911,0.0018959211193425294
0.24817785108849993,1.021078732477674,50.26387187091506,1.2103392920055376,1010.8128473894951,0.0018253638789378628
0.25567060695636284,1.4959796506476388,53.474887659018385,1.6737346976621246,329.38112470433674,0.0017056927732783042
0.20953505749279885,1.2513129803144674,42.85830366549868,0.5598034590120414,369.5602980836382,0.0019383542784430197
0.04050244038216584,1.4854837444058981,45.27369961315457,1.5455759765152295,729.5345125123893,0.0017908998668687065
0.09884732838555636,1.8242061123362747,48.212184566244865,1.1209976009569413,190.57705017533397,0.001860444047813229
0.362255639295846,1.230644283643882,46.13482702030527,2.480278965420847,805.1628086542208,0.0017843177688383048
0.1813817499836954,0.9143988003110697,41.66097993028884,0.45701097616179803,241.53363530905682,0.0019214787437903745
0.30588915124260024,1.2482180015325635,47.08386099689274,2.3698295357995143,494.53035562801625,0.0017678292385342096
0.24842992613467182,0.9599647959593052,34.05011625089601,0.4584535899093267,283.2658474861432,0.0018742247955032942
0.2675004069743066,0.8834616915832372,40.384474128950046,1.1801079008754005,1082.1750506175426,0.002018963410288059
0.06133586187542523,1.7506014578944658,51.28529530650259,1.119742582000796,91.97183698705285,0.0016587390688672997
0.1523741401073672,1.8823918725010402,52.61096997031983,1.2149842848217705,36.80891222880443,0.0018391661670836578
0.33253272805267275,0.8518153368558192,52.27111521558015,0.6144713536865558,117.09913983113032,0.001597280329321628
0.22217722966970987,1.7606502607685959,57.69249681763793,1.6428408427883106,256.46396293614873,0.0017512342838124277
0.13892031080812386,1.4694985129897435,54.884813848557435,1.134874784186572,263.18838184354456,0.0018284527104161505
0.1090939866874917,1.194549112232825,47.529144828816676,0.8394733248984014,123.81341261729821,0.0016166798151976886
0.1322419176352382,1.0780091163994543,45.865749497429185,0.5404679578861441,168.409288978024,0.0016885256278918732
0.18823178384216221,1.4265595177134889,53.83068132185781,1.027611488520036,115.9218017978539,0.0016788423184054973
0.10810383525266475,1.118018505195872,42.464782605470944,1.3715614436661938,230.90546983124838,0.0018977616585796032
0.29453926328731994,1.4845804256745923,52.565483880654725,0.5129384482250734,1012.7842897404206,0.0018935187490399148
0.22813188301277093,1.73068781250851,52.06498646839273,0.2067922497363197,461.6402545034038,0.0019127017867845992
0.25811651913788713,1.6325619034049064,50.70368366656707,0.276587106852708,252.10802967222017,0.001892194715818159
0.21633073517803397,1.610379573459374,51.29091926125068,0.28496884363503583,308.22719291552824,0.0018607703296971453
0.06491583339053664,1.659213093640886,52.35384989138164,2.211416414235394,248.73849886501256,0.0016246403137124372
0.11441456099362607,1.4454813182541788,53.82694277404119,0.7365925179284178,787.3805954488419,0.0015556773152841344
0.08900933278077124,1.7499141729424614,50.47845771357999,1.1842220308549258,356.82744718044336,0.0017191372357008986
0.08501731740953992,1.775457228039529,46.74956485734165,1.0326962104635362,615.1943657505168,0.0019150470209767503
0.06727379938818073,1.6934613815246549,46.983780869339824,1.4400791151562438,215.81352501257965,0.0017252948136031489
0.1271660563389825,1.183000129594157,48.7914015936466,0.17071737809007448,847.8629789246714,0.0015888920862395088
0.13506171093636898,1.4457020449446416,44.36697746607567,0.06221756937351772,238.92355642936846,0.0019627614749474147
0.09223380438795352,1.5110372158275833,46.43579157630372,0.325988581332838,177.35664728593997,0.001965197292438451
0.3335501560390952,1.8698666357437217,55.01887660685007,1.9848531754096217,435.99955379186144,0.0017254760790580339
0.10865368202660335,1.9184435737140995,49.99137872245616,0.25678633703140136,585.8867230536234,0.001718212794578284
0.0968655207874275,1.8263628197482482,48.0792445591172,0.5479259172562275,540.9678116421063,0.0017184523474182219
0.17277598381361592,1.342784920857302,52.79692809909009,2.1256464738984975,233.47841561458515,0.0017730993287554653
0.134350601544245,0.7872687585252968,51.72199338404949,1.3290840776656923,363.602594480041,0.0018936727058358734
0.04344122176191531,1.8864555420427382,44.814482958456104,0.8361986320755279,644.8641649990966,0.0016657142555166358
0.37266413848274166,1.4211022509035447,53.116372274871814,0.3897893627879229,323.6972435387353,0.0019689769132900724
0.12301706597105588,1.313175964368987,53.17913262906683,1.9402396370125934,711.6772722510995,0.0016231539571412521
0.1968255512474071,1.7018880208586695,57.67100035020167,1.3418724953275487,916.3456712680149,0.0014738740159112563
0.11309339031989339,0.9763781920370536,36.53809282191584,0.40648648615449595,565.634591483561,0.0021056162021188198
0.24897369885690387,1.7351075372945233,60.66520924282053,1.3002139804460102,575.3920769495313,0.00158655009636162
0.23790713778183276,1.7405463589052248,60.2274321541121,1.5065605003064344,646.5352410832809,0.0016147192499604596
0.06521001984768562,1.3189300010614762,41.38171631928678,0.25353687834087474,64.65104056218479,0.0019495748288853954
0.16151432555798192,1.6613625039509767,50.63849468263429,0.06254832991769584,1008.2619164790633,0.0016548615557530843
0.22922796741248105,0.9902272760405566,45.42343438320653,2.0485374268422105,49.59914921744153,0.002088509836319059
0.040575001499218465,1.8071254200202442,50.55182443637276,0.478457139274861,783.233650291757,0.001835887118070771
0.09573939478566967,1.4318717042611582,47.275721046901026,0.033806356200108884,366.09065146205415,0.0019221948196040213
0.13723540740966017,1.5705895247707031,45.03088224250746,0.05854607713459306,212.90538971602444,0.00195814916338469
0.1325615805916742,0.9913321433537681,51.868329601293475,0.8048197956205982,889.9016612170649,0.001661350108256542
0.3140031024311387,1.1666332025243935,41.17171915946493,1.5113217423094372,195.2792667393106,0.0017596215753597532
0.32223047466850513,1.2128131382297234,42.290554431891024,1.7866142254933157,173.96828023837887,0.001764481151632708
0.10529879912959533,1.8289642686258278,46.982479166141616,0.16410161717444122,754.2324888650708,0.0018826123417856277
0.11083303604737582,1.8698961611680605,48.29328036786288,0.24691593164662512,1064.5927971244191,0.0018921820662387765
0.15984237089053038,1.771698772738452,51.09290097984392,0.2037653661727318,1223.9700502256737,0.0018385371749965274
0.2887219279896723,0.7958617206132517,50.36479775829711,0.6843395243978811,63.71714660183723,0.0018911957241668721
0.18192202376931385,1.7544858473365577,56.9025783475836,1.39674031156619,1006.710945131025,0.0015749361770225154
0.2798379713284611,1.7941132190410811,55.17082942678168,0.9114023720049554,254.135273804534,0.0016712670988944555
0.24518596773033516,1.8714604002658266,56.590668023596734,1.385739579377336,1162.0561200868528,0.0016968484322471067
0.25162317243308363,1.839638384571957,56.86804802540526,1.4781550880652639,1316.5277321633505,0.0016877879625259503
0.17966928595338416,0.9504329010066357,52.45780559072697,1.4392626624087532,65.7620645917477,0.0019499964955834992
0.12621913461885156,1.3701124582251634,50.440987463321676,0.8709499427421574,157.20512569447288,0.0018212913188477447
0.30857369823581776,1.7245967657401924,55.579455020298624,1.2899279332918907,623.5849056791221,0.0017708620312458785
0.09844663622785627,1.4421206089118155,47.08886633894815,1.0808816233867102,429.9201752865472,0.001730376934725917
0.19240852936001868,1.8913541386523436,53.54141596237886,0.8393857872099836,544.1304197824267,0.00193098668345322
0.20672160140983967,1.6384583509873154,49.62568570253429,0.4592356477347074,814.5126514767984,0.0019170333073763868
0.04982894499292888,1.3210158076520324,47.39897432335397,0.4455600489604095,178.08856502523338,0.0016373351585139391
0.23480706751806998,1.5424529162982932,45.66355742292755,0.2432231764870765,560.820542305834,0.0019381512122680791
0.13151801483356712,0.8635144583211306,48.302572543590934,0.9399791167379739,364.90734751579834,0.0018379690603184816
0.20364492624598687,1.8153601325247701,50.4065533638621,0.14562901322013141,664.5399686973963,0.001816321149310569
0.18176372850742897,0.9683870036963098,53.60199915044002,2.1888526021253014,255.9907133634805,0.0017656140181061249
0.25452572687883634,1.6176731655035081,48.710187678550646,1.2411371185906286,553.589924549857,0.001771090933998987
0.0942021778474144,1.641140032376325,44.760263390297546,1.7205243858439756,453.25525715755504,0.0019077128451065477
0.13854652257277963,1.3832676887313409,38.49471087361066,1.0695426887132562,699.2830327563041,0.0019314841415974272
0.1975442024421984,0.7034858568758534,47.240212758407445,1.162290080869467,422.9688361572076,0.0019375627599140734
0.10965148409021339,1.811982124757016,46.94500502336382,0.8554643816687593,659.1973539273642,0.0017001473978751095
0.16638307062057256,1.7437766727662258,47.929892421799096,1.5695736782888898,529.8585004460596,0.0017488630960179714
0.2918663574659756,1.666252588720927,52.943034601988685,0.35940980047543086,165.91561434755775,0.00172064839932423
0.14923868476626237,1.0029164926070164,53.033977420384836,0.8793973473574878,820.0078506504641,0.0017921266705075046
0.15706684159622594,1.319310224600971,53.15079579132597,0.7691585910380493,631.7705062272449,0.0017762353238791036
0.3103907603786299,1.6192257370085572,61.83132516035812,2.6086804108826867,677.3475567134274,0.0017441685001521763
0.19919827973541432,1.8788855229659165,63.525182352431514,2.107022097260461,834.4338015140411,0.001704662816551236
0.27559392994595344,1.8403621333506033,61.59893089861704,2.242179536724434,394.805429194835,0.001733218893299877
0.1415887738760224,1.473037853591297,40.49774933885351,0.27035130365722104,654.2269598699821,0.001780054553727153
0.2924951046209538,1.274297876822697,56.230882664255134,1.6397421680204027,383.69851625020453,0.0019209506931182959
0.2158209188249412,1.6302405081086955,44.72344709065597,0.6076269337582554,650.9847809059883,0.001521936773143509
0.1580402277384901,1.602121050919117,44.147323256047585,0.26266624841518493,773.3117079828892,0.0015752036672738523
0.1918599117367285,1.1026341315653028,51.64981761922407,1.0407091855639532,373.60039744000926,0.0018461161000705639
0.18805497260764442,1.0712399926315517,49.11006102977331,0.6285785247247482,431.6271069179361,0.0018289099246381639
0.07752330945320011,1.658413351006081,50.13099669423449,0.3969041043628018,485.9891327349702,0.0018009468184779262
0.2767315337349146,0.9238606030791582,43.70163091017525,1.8071385172956183,274.3420387121778,0.0017673137430149763
0.1887924971860195,1.4986297789662426,39.2994458761485,0.3776953686404324,471.48423487364806,0.0017806625840281487
0.21994018994399056,0.9804616009917176,56.054073869950685,2.3235120313474784,250.55263309256785,0.0018773402702089116
0.13683763853691505,1.4155234395014515,55.37890254627678,1.697040690908684,163.5666664125086,0.0018514346585536098
0.11406697935298941,1.4796486915172968,58.22465740041905,2.2279505099536476,554.5975715485963,0.0017855711594666301
0.15390368178423183,1.6016682990071225,41.76317544181208,0.2957025941161133,110.85730167540682,0.0017114266054972533
0.1687742019984792,1.7684182275803493,46.07318500884361,0.3014608455977204,177.3426899807613,0.0017185845849828055
0.1568410023140804,1.6103709899055254,49.82458811606805,0.19843111795800225,237.40724732737033,0.0018289122476573432
0.1047789406530284,1.725598740250132,51.993693713141376,0.2808957959505083,191.3162581076206,0.0018478005631003033
0.18218046433605847,1.7954276799381288,52.05862736524746,2.374755222846756,160.82138435377954,0.0019977175854456533
0.18171395647092026,1.90566513810766,45.290856020730224,0.4205175024581951,676.0348724317683,0.0019038074538604715
0.15899548593175147,1.9402354887752025,50.641984004328435,0.9703783109172845,87.10023875912512,0.001919268437741582
0.2597091863234969,1.9297507763124935,42.44772390801037,0.7700514489693837,52.07359452754475,0.0018288455168043423
0.24541134598830378,1.7383628890804725,45.14723937846468,1.101537386117231,65.65836173255765,0.0018524998577184213
0.17019994727230356,1.7651481312500745,40.975544625628864,0.7021889004283055,118.25366814032198,0.001799235536186531
0.05663258378669556,1.5939285476592444,40.927684334202176,0.7146342669145511,1216.8317187656783,0.0015955535472035871
0.08769608021451586,1.5477584053551694,42.448424349995555,1.7841828787797915,194.00209081743708,0.001806572143762099
0.07296289797605751,1.5962550771206412,42.3810319803382,2.683881100398597,143.38642022687574,0.0018884741242840158
0.19890012322247008,1.6895617095682132,46.880869389760235,0.3365710515600358,160.24021651022034,0.001806750293233471
0.17986127347382455,1.705998467356991,47.62592427130345,0.28021611312284506,135.91946501561452,0.0018355734848260513
0.16666161914143932,1.567145951832776,47.59675075932361,0.6478773230177456,197.23856853115257,0.0017244113080430055
0.12502739858894282,1.91187394032938,55.20902630996099,1.515454835879951,51.358369665294006,0.0017212288300098725
0.22917478996816926,1.8555187271248113,54.38621204173622,0.8961462664614375,101.13838952910662,0.0016816187257552874
0.20631978332214945,1.8631627205315755,40.73392377091642,0.6316370153359959,1112.0639588056415,0.0018427308881771168
0.21992994870236174,1.8622896212739,42.814397571526165,0.6409698071410151,926.8053338149342,0.0018112238789105392
0.21259292803971555,1.9089279103466852,45.590745009398134,2.012654886293644,435.2135614033365,0.0017285896320764261
0.15935660566443383,1.913016743732871,45.80135333674077,1.320054393067922,987.005470580985,0.001704265697749154
0.09202652441195193,1.9213270973593919,47.425444521513455,1.8642930559675146,643.9713516875237,0.0017049938527878327
0.2942433958510564,0.7152948226249191,51.48880931434655,0.4296998728898439,165.96347846683696,0.0019445973823116738
0.11267146577403568,1.4581571429492541,44.43592937796469,1.4695198661443525,1119.4765682551638,0.0016674802170742464
0.10573262320440262,1.5883872421831309,50.48594964553501,1.2716947657924482,45.43047957745215,0.001932047885638754
0.35932643494273186,1.056527512850944,48.205057640315424,0.9072863040115039,1091.201720227645,0.0016257409887624878
0.3049960993231084,0.5367666587759198,47.68141990420375,1.1973368094504502,273.1045811256858,0.0017059580460899448
0.40246876905896883,0.8823006322214081,49.05312806788492,1.8326408917200947,1092.42415762788,0.0017460691365889496
0.25857921046134297,1.322582000846314,48.591468782403695,0.6503001161421912,77.42860250125372,0.0018136513817720962
0.33985827546783515,1.3297782882005613,52.54300769723608,1.7220935183459323,915.2009603582661,0.0017309464184571198
0.18428083308370763,1.7098854256751466,49.142110235362075,0.610419203218456,238.9571054765928,0.0014839782815141457
0.1829068961018579,1.0969133099662338,50.61778882497602,0.3101782418764983,1115.5836805507054,0.0015692287047180927
0.2176998186362873,1.3951617726356527,51.890488392194925,0.43222773780570917,208.80826973905187,0.0016021510247096983
0.19329300748988176,1.7641941694464933,49.46113462822463,1.1058969426183276,892.8563078023445,0.001587737703844511
0.300883938667445,0.7542536716056598,50.186516457337554,0.9592460480495363,133.08807776078666,0.0017443204042810552
0.2240341401888833,1.343393136201915,51.21092641676955,0.7748978912792208,158.09494914430985,0.001688702535962748
0.24716750834201442,0.9990648924460714,50.756411031008554,0.9681852929563793,947.2255605080164,0.0016909016880980983
0.1821151484050903,0.8254719568982646,46.52112098718828,0.54505046857961,229.75689239667193,0.0017746657522816401
0.2429518388484396,1.7661107797137576,53.8362713755173,0.532512271991669,182.4143875001361,0.0015625531031849024
0.2993906046717311,1.7900324111744463,53.50949028576016,0.456106908941327,244.71224442873148,0.0015359666903099604
0.3175869792624873,1.780354937164652,54.05346107569821,0.286915991498929,312.89422235238044,0.0015581464154025022
0.32504564268193586,1.3939933301927299,48.38987166718445,0.13105942299629958,382.15764765885615,0.0015795486467961688
0.1920099711719979,1.290448949305797,51.77680468824464,0.35375498934785804,606.6796776598617,0.0016819521871681558
0.20740182353042116,1.0504556520129256,46.86638920261915,1.8222641330030882,344.0473305730022,0.0018990602516132846
0.1099194815693581,1.4330106432544878,50.06834715054209,0.2048508827447115,352.3653680934482,0.001757104069455354
0.07139293933601731,1.4274400465940806,49.64613796066438,0.6555627033812768,846.0402228259486,0.0016606029263123675
0.39603029010172464,1.317822408469162,55.52022668088091,0.839436919006017,142.86907217066872,0.0018212826396511214
0.394024492974786,1.4640177212855132,55.06931834193093,0.7355527092011288,228.9378552215565,0.0018126243668430805
0.1209847373333115,0.8033710041310527,41.92140112762607,1.547490307504348,530.1220966881144,0.0016439611260424163
0.3017688617261892,1.7933716821592864,49.9412520599978,0.5746383979306308,342.3693677560397,0.0018508363953076174
0.2703338089065364,1.804239813991189,50.05092992230743,0.8407364887624645,328.9398002340317,0.0017571197718969833
0.2780483867011293,0.6117791831703816,38.99066888829467,1.4290515326086946,103.32073361740677,0.001920409271661554
0.1853670478302231,1.6021027520518563,45.10162210614648,1.0663997828962983,677.0156775866527,0.001781190855373549
0.17139852861856278,1.6850175529329472,54.09253188302485,1.1342342216766825,397.1716601652752,0.0016098616110853633
0.2480408796401813,1.2196848517099528,52.211266102223505,1.658915570171604,60.78565248563607,0.0019652559457627792
0.22141757403159162,1.55378990311715,50.696131751954496,0.9386910717952639,58.493267444557546,0.001930607246016203
0.20795266898189219,0.8891694212404301,48.57452987747622,0.3931615757013562,84.21368015166233,0.0016904963365180583
0.24044977968688144,1.6348603146724592,53.82114482740128,0.43706038826428234,144.90612590363781,0.0017174314378831856
0.3014494645740253,1.360225798485494,50.55643625390108,0.44192496848648755,220.93063398422774,0.0018092558670483039
0.18416655490979433,0.9671998576148252,51.86893194089133,1.8116005941107567,1149.5254280708239,0.0018408405082891888
0.13763905115048464,1.7842965240982098,52.12607184547618,1.0350366147236265,220.27195038496632,0.0016305544887753776
0.16175328408520973,1.7791607037844435,52.79729120876823,0.5854659334573996,254.6854488800035,0.0016427308220874257
0.4159505620722688,0.5820235250525675,40.213276347524726,2.1773838770517906,667.9618631184377,0.001808855890070355
0.3284241061540132,1.555119738849939,44.73584111520847,0.7466958764552412,322.291641085737,0.001793193279910016
0.22111852759835224,1.0636254034907744,49.22402566487581,0.6892920347738365,188.6874293275573,0.0017600628222724341
0.12786342925828365,1.8435212116879724,53.97970158544755,0.9026234570568323,966.4537159211573,0.0015823796652257895
0.136854343339077,1.8642311539825838,53.4580243206915,0.506165029179201,512.0079746482581,0.0016159492973765479
0.15270201702885933,1.1763110562874104,49.6180438745974,0.5549619800374141,645.3568268705228,0.0017413952839966627
0.14100115205057198,1.396335663250989,52.08840728220216,0.8488714094561735,179.18908086663788,0.0015582984646621174
0.08438180567783972,1.3868835207060108,49.28740892692591,1.8805523279475582,292.3248514379845,0.0015015410332199848
0.345584543694794,1.5434456122981295,53.024189575390096,1.5352129755531887,303.64656254154244,0.0020964316462259523
0.2672469099137388,1.6663772005981188,53.45774499238371,1.5430825011637215,313.21747032193014,0.00205687190015494
0.16801788948606905,1.673048379519146,53.06987121539923,0.8766182339170816,399.1896075478893,0.001837089789121446
0.3631274149312813,0.5922712553095884,46.972912291639716,0.051579188513932624,305.669644742072,0.001802939320044522
0.2155988601013496,1.3597789842844588,48.42490508339294,1.0954554397507825,333.4083492771926,0.001767679695224896
0.1604593141077009,1.5372418193920885,51.65610847208808,1.8049403579797536,752.3161223707016,0.0017112964208298622
0.1598321247802138,1.5480333667501014,51.54877262426614,1.3608911180876304,647.1050383148073,0.001716368995203455
0.1576670831150781,1.272512644836047,49.864375025485664,0.5319257226832163,452.0815550777417,0.0017722572638076207
0.24925343937275146,1.4078575574942838,47.417551800107276,0.4074511479688682,133.35477118008367,0.0017680856716725357
0.2833193804049352,0.9396657011007283,46.70360857672539,0.374559881459023,34.14277248552676,0.001727886025923431
0.292615414359919,1.017335132914379,43.73980073684424,0.5432686672458992,193.40608653101143,0.0017007953442993535
0.33032506701959186,0.39285435795783524,47.183597712951496,0.8496922810985861,179.0152054036944,0.0017673139673465752
0.14325915642672993,1.9608531856718636,44.398791936788875,0.8677769997692583,389.2525898139551,0.0017054241010293959
0.21595205041960355,1.3337546497295623,56.5513577536466,1.1375471633944552,756.947419247403,0.0019185618501499843
0.09719956476355086,0.7365368478743359,45.87466546264327,2.458504196237701,448.5392087482867,0.0018214562800932855
0.05901659969831757,1.772515692856387,49.398698114589,0.31488489147088455,585.7035874083626,0.0016813598858293423
0.09404580841889411,1.4156078631222009,43.7850539220763,0.1723634575809898,229.01169375046857,0.0016036398846078334
0.18453304948899005,1.3832071778013229,46.057662201298925,0.5154755818847722,255.51284888531737,0.0015827547183750678
0.20648887994887594,1.8554560171145036,51.24205514164864,0.4222298596261616,737.5544517185843,0.0019200744813543543
0.05907856378795423,1.4116394991533625,51.024148880697766,1.3913355689652638,349.1344652301092,0.0018079902769686151
0.20690208642086375,1.5903202887607288,49.346183093944774,0.6173650343068919,676.4833986509586,0.001636714060924815
0.2484255538917483,1.4326424992745497,53.110069224124075,0.24906088611888622,296.05557702248905,0.0017299165636128907
0.2423616210387648,1.168176138333174,50.609034320991796,0.21174967563811528,323.9437666555663,0.0017804947294683974
0.05047062836516281,1.9945630883379686,48.21612328304584,2.0347326387354614,577.5970010939153,0.001595574270573548
0.11739083356172807,1.9822719780656848,45.0201047156244,0.3670490128364138,184.49396549581206,0.0017431704165971355
0.2028490098342007,1.9481863043737295,47.846713989321714,0.7563929273283352,282.10343183856645,0.0018100717680795192
0.14131589541015144,1.8126992882468183,54.165421316461725,0.4704153346581421,396.72512336486346,0.0018320093612075252
0.14827730447491833,1.9173758581348586,49.12235598630517,1.507102798003845,93.23792301339724,0.0016785598342324297
0.2134474746229345,1.9389299469414953,52.41899627816459,2.4003763151159654,105.23660136342289,0.001724423320715567
0.19373510582706985,1.9422192005798187,51.43159784953215,1.286602932918059,308.2143065524533,0.0017290041026947988
0.2773728283135709,1.9497634756511872,44.83161710411752,0.8535914138199611,608.7343316765092,0.001522534755509809
0.22073044495763264,0.37908478338776697,43.85137973420899,1.235961620482246,72.9491212110594,0.0017457436916962197
0.1778404641047371,1.9714071479883044,51.38746262976707,0.7044856529836407,1127.8376101433607,0.001850627266808808
0.07983946679762319,1.0437025938066233,46.95950312181384,0.8517931223707913,318.80803423796385,0.0017371106436255776
0.10120684042682977,1.0172231126250932,48.457424347373454,1.246079860346479,152.2702328529631,0.001724160300220181
0.08029011409751323,1.1980103425081792,49.258805519635345,0.8095606813542582,183.78381848170156,0.0017075965441307054
0.1894912461761781,1.1014655560157403,51.87651591349926,1.0630987153148157,451.3129306518106,0.001587277168254937
0.25134061153601,1.8026150556992415,54.240783051371366,0.6051313948438364,549.190247812415,0.002133801924299696
0.10865708040570475,1.9877411310845665,48.8564765149772,1.3889638396194302,654.2407825905218,0.0014939205252264324
0.10876134135853836,1.8718710087407475,46.65764865300892,1.0959834368248684,281.4201851518259,0.0017383496236568307
0.1355508060432815,1.6465551335431914,43.69073288078616,1.317074646815835,236.20506330302817,0.0017994735867318226
0.1389761119696509,1.710339961264241,45.35124112442081,2.663833816123757,218.89345661551172,0.0017622889760525993
0.21444604207781268,1.3699661494654243,47.36256797325393,1.984854065031139,138.53380735339488,0.0017667498572752046
0.22162699148103748,1.3912323851865394,47.36664018159535,1.5492675536567317,166.9949271834067,0.0017735028571736655
0.13793427006566505,1.2239611711972869,49.67573273346486,1.1505587086966516,1410.5402518783467,0.0015970110669644196
0.08885033455027236,1.066717768313181,49.4203974536863,1.2939276348192335,292.78665166047057,0.0016599204394013999
0.15455829203331078,1.502555664060723,46.19940773088388,0.700201025035155,643.7461075363378,0.0017084015745633925
0.055737685188237344,1.8870784213152505,42.20612756882478,0.744015151749995,106.28714245939818,0.0018452215843630078
0.09743037500720171,1.5975572601817438,46.87184864291791,0.3428828319253373,570.3448046996233,0.0017569427923721191
0.2217251938166776,1.4661397147641981,50.50401629311104,1.3423425964088023,120.0954356006229,0.0016959754274041916
0.2137859008670843,1.2407091400801564,47.62580196162208,1.532208810654942,445.25346926035706,0.001858814553053583
0.30860656430864997,1.0717742761318139,55.70110137649999,0.8126761040807338,346.87993477659785,0.001689883554542663
0.2429817773250128,1.522936998423587,50.65131273186279,0.8404187264159074,976.9122987453875,0.0016212738899016644
0.24519309745211082,1.0115039724359398,48.070147166155564,0.7263922495839155,1009.3728804439511,0.0016651163506345317
0.2775453097062355,1.044575287063557,42.684112988371325,1.5666554468482505,134.18062348336892,0.0015584670608878672
0.4136235695875232,1.1699239873871936,44.13943122502719,1.311406123201459,925.4720101049487,0.0016579668699934294
0.44186628860287425,1.1760955503847395,44.526077784328,2.2200460598684217,1390.151363521759,0.0016377749902563698
0.44113010478426873,1.3085356516054143,45.616818044132664,2.683334159056509,1054.41765015114,0.0016521608494779968
0.4146769244696404,1.3559150158982118,43.128518277248304,2.8446735549630486,1047.7426295821394,0.0016114403855945277
0.16328537523421108,1.738478103951781,49.56923165845795,0.05871219261059293,200.42468849529277,0.0017192694485643931
0.19801123386893144,1.8795980608770424,49.955263781014104,0.21956560874588862,199.46074432620156,0.001617008305303198
0.2375879167646209,1.3637066767459962,51.29167275336639,2.5541460223229615,999.8381220083746,0.0017160406772376126
0.2108819525753596,1.4159956398836937,51.77752234093869,0.18474710503970626,246.4361291204288,0.0014916793333647456
0.16485177936593384,1.683806891804584,46.656900247855916,0.32814939727098497,63.15615753160829,0.0015664183989006295
0.24934141876081234,0.7049548154951054,47.461265086899274,0.2249714227301459,196.31868665811348,0.0020388435986759147
0.22609973994490778,1.0859146003045435,46.10336737290537,0.23217899608785794,485.7528541099458,0.0018711947125302887
0.13871190647823142,1.6946864935899741,49.69742245742347,0.8085903818111393,195.44277820309532,0.001787858750211145
0.15666409255027158,1.7805410510816893,53.338359970805634,1.9000654915843997,307.86386590999615,0.0017193930043762971
0.15204597790328322,1.7795524981066708,52.674217069599955,1.851585945908925,343.8233190193853,0.0017208773772151734
0.24677368249608606,1.8499018578639599,54.84393005960104,0.5305257815282187,682.6217277289725,0.0017248174817441517
0.10448371223504652,1.784442657129164,48.99485030473262,0.4425910746705643,462.1310162433052,0.0017261752740390887
0.08833983109359955,1.751394359272039,50.76360421569647,0.25047073717373547,115.64601563179133,0.0017750302542839064
0.29720299480817647,0.7055825994476447,43.34191553883132,0.45641140547325576,136.7195819163878,0.0017609470071941902
0.0849463937515925,1.7953063152370474,50.56382938105976,0.1589631379255594,1331.678237276435,0.0016028300109460656
0.11621140153668783,1.1875366329892187,47.19435011411289,0.0934305777305285,188.49713985587613,0.0017971629957065074
0.20423747589804614,1.3323332387460605,52.1667274315829,0.4296382499073248,1045.5194976117602,0.001698183446715707
0.1984499736887409,1.4006327454622776,42.38444093976931,1.1784550130524376,189.76887555077343,0.0018105417062658253
0.14957204685012715,1.6286728434060909,53.285701116683484,0.35477236280448815,357.2942729298065,0.001701797648778251
0.14601523814664472,1.777609982694432,50.08703928526133,1.5280768464902972,809.3843515953048,0.0016529977145004664
0.12892802968586456,0.7953084664489177,39.119763365455086,1.8833920323307376,245.39589754336015,0.0017892784016967647
0.1444268637943253,0.798382344130133,39.57250333633567,1.6198980658948043,293.59729326373815,0.0018491766076454662
0.2299669152472632,1.2174911612731818,44.24751055026088,1.5616615005515213,821.3994914220959,0.001901909345668683
0.24581046734518863,1.2155542573845939,40.03751790228057,1.374655650788047,261.9315561521407,0.001594317652331923
0.17585020599108064,1.5140961890779892,43.955702809033106,1.0480654724439,255.37065572365506,0.001561047976487118
0.14267626849743165,0.9817648061019957,47.559195607158166,2.1147007094108474,539.0068545030141,0.0017957571193628371
0.06733357449941131,1.2721566951503536,48.973398860097404,0.4961646377569142,585.4667821766768,0.0016809699008028267
0.05995327405550411,1.3751376181240627,48.30305376136243,2.048940229145234,368.337063503634,0.0018780673709147637
0.18563676993051528,1.3962381895063085,44.881380780280026,0.3925339018070737,602.7173172002297,0.0016846046151224217
0.2551314887958901,1.363666451876348,52.360144960474024,2.0003290688113693,616.0008427114889,0.0016627445993337743
0.15206655096608854,0.9444182187499026,48.860607166538976,0.537751084741154,620.0133480863162,0.001885633225885936
0.4228882237373912,1.2704571784900784,43.209771514107075,2.110656170864279,169.88510841601544,0.0018808317472905098
0.23671555835836697,0.5514549174668661,42.29619203842624,1.1867173618317868,151.91111138823524,0.001984900330771451
0.12237600277242452,1.762294399404518,50.364647151312724,0.005069905527971461,408.630457919769,0.001657060583342316
0.11427574657585889,1.8376292159352428,47.09984735090466,0.0035601952057862747,720.7465530119622,0.0017342210737986885
0.11732291298744023,1.852867539082843,47.68971891889991,0.003584818928846469,623.3708370315022,0.0017445580027461406
0.34659783286068735,1.0433152326629147,48.48033845786106,0.004746007814667804,341.9216423086373,0.0020555432266242857
0.09300576962863868,1.503092425337429,50.780553849614506,1.2670486381839794,158.37586152085234,0.0015426932793703948
0.17159746958363878,1.5482637163740276,49.143721722474076,0.7794796845598528,628.8417962919722,0.001685003343456772
0.09699820731190642,0.993065165335029,43.8168950369237,1.5619646791502235,325.21212244626696,0.0017747750869590295
0.17745625272394736,1.6652207873151774,51.015885995825755,0.17398662531898784,499.0449520608062,0.0019466026676045777
0.16095413946708437,1.7201705413470436,49.823464237392784,0.23251419292312417,757.8405227846378,0.0019884159033352923
0.17874761201912998,1.657332614227534,53.12536457425978,2.207425031055772,313.60833258179434,0.0015488120126608282
0.23315268560661467,0.7728394384368399,46.94300804559428,0.31290373694512347,393.07381705963877,0.0020379147325513755
0.23490547415844598,0.7683572908824026,46.45618686801968,0.29433221714399616,314.89766914669764,0.0020495182499132188
0.23141920736370822,1.6100937451779378,45.94484963946688,0.3289283095049737,944.7918197278923,0.0015674827485402804
0.1745415284769139,1.75204736441825,49.94919943818126,0.3129600460784881,433.39001426407674,0.0015218379428849334
0.27809606950558713,1.5550668012677384,50.71066479679602,0.26936912861781415,1131.944245874709,0.001423547761821589
0.1403211957848636,1.35797924515597,50.2554816725261,0.6289662474214178,116.23201267517528,0.002179785428257243
0.06631734689794974,1.894011701785462,51.34170308373388,1.6578982059573661,1269.737622277134,0.0018142950986471265
0.14651643041347212,0.8068261488880464,46.85941652471453,1.411963531801003,50.53137415238203,0.0016314394315985587
0.11403214110599239,1.1920472016434205,47.52206924505223,1.1283137052232417,51.39242509138272,0.0017604620396383362
0.20630810425687882,1.6803609243510096,52.569212247378985,0.4473692317326167,165.12885303778913,0.0017771390234471338
0.12360231732254923,1.1044035903216585,39.482609765423284,1.7830266119007998,1085.702591872693,0.0017178240990919926
0.17892194853076454,1.122443060382982,47.35319863527376,1.5408495448568615,469.08408865622044,0.0017251676874338138
0.19902720218192024,1.0536664267150366,50.823329732544394,0.6410715912939396,586.7299095978519,0.0017465768215957724
0.1922225502698895,0.884723691189065,48.84368884281028,0.25794694418477904,686.4684543689629,0.0017800908983196815
0.24160101447875354,1.5243361230182366,52.86530136734305,0.4341323608297844,376.07059723036616,0.0016443871696864773
0.07002799390851851,1.3169270276450167,46.510349641264426,1.7745686258567244,681.9447513025339,0.0018591710115566562
0.07173331831555392,1.4449599797453896,48.633671114079995,1.4461008930071217,1627.8741190394262,0.0018522040411105118
0.06413729709358416,1.461455753504281,42.823932049139565,1.0066643935012531,323.7408530602458,0.00188555987103256
0.40165575198370157,1.8387440559423793,55.24788908747326,0.7902614020249384,317.1144279744341,0.0015632584162507594
0.1033115305609914,1.3431460374177937,50.543753018838636,1.1668586960054266,526.7885112741802,0.0017069936569126766
0.3330380716128028,1.2842944478622904,44.92822941911482,1.0569419939652984,526.7005991118822,0.0021010501358193906
0.214513578920229,1.3302242165721778,45.898984485550166,0.9969968909413726,594.9306816515362,0.001803111220299144
0.19162079898133402,1.5897824818627517,51.10675655003467,1.5213533124756995,1571.3273196287976,0.0017492154030309232
0.1928770974677705,0.9633926113170136,44.15467325691422,0.1831942232423362,17.194324240754323,0.0017781710124476144
0.1877313653021999,1.5530939274431614,48.28118777683687,1.4988330655465159,17.86062370899195,0.0017914051108096002
0.28957485180372716,0.6909838167951994,48.46410572397397,0.5907797556624943,693.5519770716766,0.0016617754799758014
0.17907132678177376,1.8295870353296388,55.532257912045324,1.0100258298578635,235.56075866608347,0.0015554556648224695
0.3144266295022657,1.6585492946404983,59.699297588827115,1.7036099712865311,336.0608153452208,0.0017086558016403562
0.13002745499754567,0.9255218923907662,43.97976590466236,0.5231196711741283,765.8941000147325,0.0018237567166327624
0.2499864652615152,1.777511610186327,47.91800574965829,1.248306051534588,350.6370367141882,0.0020205596543707224
0.1954148981897455,1.403735110672239,40.23172566655621,0.748616901406272,27.785819722970782,0.0016509644654247402
0.2944519775762706,1.8038167168895185,56.55540040451722,1.1061939149879856,13.811950535267162,0.001961098465365105
0.1677254900496082,0.6481931674570043,44.681603341370035,0.7859202662525596,25.97753759576246,0.0022326004903668296
0.09255743547738562,1.663952870924777,47.30327890095019,0.6331856446922629,16.977369668193813,0.0019084851187258832
0.11035510619328771,1.0958397340665083,40.94932490180347,1.6347290534502046,35.482921604808695,0.0018246932673689077
0.24658993993729994,0.8538085745389861,39.47637866132399,1.430199347887221,20.861292620599805,0.0017034710774475642
0.3980726290782134,1.0556153797520391,38.90026174770234,1.4109339115055404,40.388593682128025,0.0016770037630466986
0.2632591913111933,1.0968512094983822,37.78290256712242,1.6882343722827649,57.38057263549867,0.001798164812596317
0.23827673668366792,1.6604670036389595,39.95303100758836,1.6355343996926235,10.84118057561872,0.001523767162979952
0.2779812372472133,1.5751502750547,49.53568815803208,0.9453359319563007,22.841286343909765,0.0016428332238996068
0.1605747666539507,0.6778389598243558,49.15637113291609,1.2854313105413813,20.999974823962926,0.0015485452196440873
0.17629176261494653,1.1290799582539608,47.34816262221688,1.6915345320948667,352.50047737527143,0.001696932806820616
0.20565977954326095,1.1225085593187067,41.68902516661491,0.8846740269412089,440.59153498014945,0.0017999679052191422
0.20577483654357626,1.412239670304531,43.17220006157579,0.5715788909572129,487.1223167755451,0.0017995963415282717
0.09405403855053567,1.4095420832689476,51.090827035149225,0.4914820148631738,264.054135320848,0.0017135550255121226
0.3272292848784992,1.1464739810799474,44.26838120651192,1.9260093738646953,51.720380107493376,0.0015907621014534445
0.18244636697404237,1.3196427853557569,48.47924493556763,0.3342532590447855,421.05679022644716,0.0017139491242389928
0.2408758723552559,1.908497359256673,54.71667630662608,1.017094814010961,564.4321462511314,0.0018608740664369304
0.281737472840981,1.8192213188133872,57.674897139848355,0.9428423113777812,1096.9904280378744,0.0018222387487914372
0.2733828433321908,1.8679802475235607,57.75242456361443,1.7159385208181128,570.7911681479252,0.0018777580685619567
0.23611576146697008,1.9698058658321065,55.210256777256106,0.6235863876082867,527.2889620238361,0.0018108249063101258
0.15628232809073503,1.8500006804659437,45.33223999004429,1.1552355021402112,959.7634408593563,0.001768694113785703
0.37940253966360055,1.2001596768084335,50.8749992668281,0.7994910524433094,207.78884586801166,0.001777901881774023
0.09090341470417038,0.7946131126772,48.524596903883726,1.0605394234467904,386.9360510739075,0.0019891801668239107
0.0632790936210144,1.9870863734111983,50.58434901366827,0.7884128931414307,40.83588212729865,0.001960626167926671
0.040597681097931736,1.9702534000092027,49.78507112139219,0.8936610065228698,43.730270188220075,0.001954507146767444
0.06304924630255157,1.9485125894653317,47.67705026281134,0.6510118761866039,28.4166669260255,0.0019653373792024595
0.201242128898116,1.8731429244042783,54.505568045939555,0.5960548792520732,523.7381507965727,0.0017601061820557238
0.22512619171604314,1.9403763933112887,47.64505635809677,1.3008147148624636,542.9747426661788,0.0018953657542899903
0.09093353523982177,1.7631253333872414,46.09709701308024,0.45640169470146635,604.2653778149099,0.0018186381556680952
0.20798311021234012,1.389418181508163,50.073418437037596,0.50372413059597,378.7734201458593,0.002031449829863651
0.12015284148564663,1.076772531001776,49.30150469720809,1.418791100686301,714.5798173092406,0.001768434239590238
0.11887328395648439,1.0684469104854313,49.95693697088386,2.0592873283529785,742.6629829850192,0.0017637176541731752
0.3464035145319927,1.5830113108417618,52.70642297316038,1.353509075077763,201.19076766377484,0.0016271818806635747
0.10635403795993921,1.7309773394659287,48.11617168783717,0.6026849023948273,248.83267435689208,0.0018799586127399984
0.3432948483485137,0.9247393401010774,47.89608969133176,1.0892091111530382,258.5457704652204,0.001700604034688036
0.13976324207416874,1.4552263159919665,52.234501850141015,0.6448716146700298,696.485257174148,0.0017185320441333377
0.11415095499901798,0.8343002115769032,52.6050808559621,1.9787538906495208,732.1001574829978,0.0015723681581959535
0.30637661871867305,1.471195850869244,43.976537651734375,0.4154440965788549,291.1621171787167,0.0018047664927011114
0.18590967615711235,1.687336517032408,46.83347319704076,0.288395518493383,345.04814360272206,0.0017636785355678276
0.19211959310407734,1.0075658037353459,50.17422345474961,0.3154555544460871,879.606675429811,0.0018002436055008918
0.16141302677122324,1.7223218071176762,43.23648227459416,0.8936176080699355,456.98250892756533,0.001928786352289165
0.14221551833228166,1.0467442481094817,50.18472134565425,1.3148308553288648,543.5497795992909,0.0017683406028915865
0.24887758637400445,1.4065448281875168,48.32890679963444,1.0785509064379606,586.6915909666902,0.001759054243237626
0.24425496871465338,1.4799770452608827,56.02224251394965,2.8456703297751837,568.4242233027813,0.0017156248545115967
0.2417568582880778,1.60897320110514,56.29411582445335,3.0193586888890107,766.7365928417455,0.0017001670539464812
0.23433679179207637,1.6676443324022858,56.190800497542725,1.8310914448821674,675.175709250761,0.0017441585419041004
0.2173281252926299,1.278748025551058,47.87309104054779,1.3005337683363827,720.5711303626998,0.0017323439569575992
0.1426381795147607,1.6226754605968903,50.54394673851197,0.7808391208685856,369.4260514386797,0.0017620048839033125
0.14606917285548565,1.6150271445659332,48.52444787786005,1.3559822612027126,136.73865845360896,0.0017906627298581383
0.2016734752328534,1.7641837808506946,51.461780774249895,0.6789289388503278,307.88970207636663,0.001643248206319686
0.153293947439055,1.784265191346731,51.92866199117667,0.4071078405989786,417.4489008192126,0.00164080185120625
0.4556195152509035,1.5681717763668137,60.08454904818223,2.229542352477127,78.63851381003458,0.001776604550866882
0.33314267401621644,1.8010443787185006,61.767534477981066,1.6537525000112125,153.969302283145,0.0017309443020182486
0.12949253211900325,1.8500719971517017,47.65312927400785,2.194485537242141,123.54768954077697,0.0016761873680100684
0.2181611955544656,1.9237683777280021,52.42261153352378,0.13076376703968565,164.88700360248822,0.0016509834134572038
0.2761708643702828,1.577833144797059,48.1628681639032,1.353261863168904,129.54163914249798,0.002163413842026296
0.19907395374040182,1.2286935438424396,47.950950320328815,0.7560686886883868,685.0469678921409,0.0015135546406125065
0.13248057804909347,1.6649427224807298,47.66452357788391,0.6598796676158724,727.4653183413258,0.0017272939713628174
0.24194778952624496,1.423882127534846,50.42163073514935,1.0351220791824556,629.8063526450376,0.0017936936836210852
0.19251151418868165,1.3959850477125406,47.82792724447365,0.8754932406266109,484.2410752112566,0.0016640475949970207
0.1798519024274211,1.0207241179578614,48.93719783592702,1.1627392062800668,102.09631778569972,0.0018701232362419498
0.24754627279453806,1.3511750648032403,49.59810656411639,0.7043262301905522,613.7271283629765,0.0016815693437408357
0.17403742221817875,1.9706046282937322,47.212357281020914,0.13011495252020683,597.0799330108507,0.0018786684754191186
0.19868285313224227,1.9936486684901,58.447030750643194,2.2225208550817115,345.7477240050663,0.0018522541569294618
0.15143523344105544,1.9971602016146341,61.42762140785471,1.9167606359175482,559.2413063013083,0.00171086809698707
0.2971383243242558,1.9880677282380272,51.58947788397465,0.7474889753098792,11.858865995029312,0.001790366937024
0.09723730862161427,0.7580882324644937,48.06482972562583,1.3096932045247822,12.832391609805342,0.0016117748891504068
0.12332199477977827,1.5857565719324667,41.20597966538245,0.8662491567056237,10.870198941800162,0.0014998706364732792
0.10963530155788033,1.0892755749931935,45.3365531655513,1.2443897862692335,63.955513816775166,0.0017928074755812935
0.10678757061837463,1.3566663170054707,42.45370728475514,0.33612640291193285,52.22649127868555,0.0018550295945344536
0.29472606524189227,1.057409471906388,48.534021671844236,1.5217379388424903,1349.3760004337535,0.0018172103920790295
0.10063190311545159,1.5958711461457493,47.85200075230238,1.083098556614687,25.416694434733163,0.001666817702866028
0.0723241516559221,1.483402326734154,51.083893746552086,0.2849256179996029,33.17975090334192,0.00164973705057998
0.14231992624771436,0.9634676797492491,42.23293011344783,0.05843202971133994,42.36509108679514,0.0016122327677951724
0.346219838874804,1.547618929417292,56.104229259060524,0.38486465029606887,1453.80867583824,0.0018499372181711856
0.39618462688053396,1.7088143932869062,55.500439756449936,0.994513708990101,899.2336531154435,0.0018083323556092685
0.1377820565379163,1.3054128964718001,57.845187001113466,2.2412720768655197,70.67750634489799,0.001832812432830774
0.18456018880990996,1.1032153450631603,52.102715434359894,1.3169152216040856,46.03698041979038,0.0017537020783044692
0.23385260211685072,1.3503048853333208,50.18113731188332,1.0602751201881333,43.47337083712857,0.0017390043835348301
0.1024422073782769,1.0274376583280136,44.24829309269697,1.4393876828388037,828.8343935709173,0.0017429341549760715
0.08460913224937648,1.5568740483436514,53.08591323354738,0.7928514499467252,89.46933845149718,0.0017257842913319678
0.06287912133289082,1.5779081644721884,54.48249148547474,1.4744672275043393,112.07521098377278,0.0017386048980611083
0.06334858902228324,1.5011835918388534,53.748912294410395,1.4357502207333834,116.8178532557765,0.0017373785988130793
0.2955500056156746,1.2876047289119754,51.19190537865012,0.578040940447669,160.85812305209018,0.001927813906176146
0.2610004801191129,1.761761842817232,50.498244309406594,0.8581720145787141,131.10458945012576,0.0017424163396187451
0.1717575169138823,1.1117305753903912,54.64111001065318,1.1440672398673883,972.536674118489,0.0017476452168994267
0.22487858242585168,1.2986681035388303,47.199562250304645,0.9639471896887682,580.6757879280866,0.0017726949326400687
0.18155847625922913,1.0689914809801666,53.43587480038639,1.450680150636989,458.5736928607939,0.001699275319147449
0.18188128786899688,1.5886854292996415,47.955149027736034,0.7048686059662983,359.45510276175804,0.001845072662037074
0.19447304706402602,1.409781171957231,45.121126997378695,1.1693139929299368,291.5280527510356,0.001867123259157513
0.10249701690011882,1.7580331480270825,41.229371828623485,0.9788936858733197,324.6076293041661,0.0019317105602783098
0.2839879315143092,1.0061918722437733,49.58591802029366,0.24764921133810494,601.2960873561047,0.0016659830300235516
0.1785718667408145,1.6543785859667808,54.46433093186431,1.1336041900609257,214.0921449416261,0.0018588495747161613
0.21487615607648355,1.4722845290874553,52.5382260379285,0.8359862785823863,182.1911655939257,0.0017846213212676595
0.1721215684025358,1.78916121407026,50.824228572836816,1.8456764199511717,182.40419459359492,0.0017488396232282948
0.2362550874231981,1.8350673922158247,51.49090661831875,1.9211879321346428,1027.69070506579,0.0017944309623359354
0.307362057129558,1.8755013223608852,51.522956473086076,3.0450475321763455,1386.2022209759089,0.001828842417967532
0.18108029949507892,0.7855357035162036,37.631524740992546,0.20043247272597417,120.74660280852966,0.00184833369889737
0.24325812687859102,0.7527940365808289,40.47756710564003,0.2712367409573418,87.44411850975447,0.0018582996268586506
0.37837268536467605,0.9911474597082519,53.14138899939768,1.4007481135611497,35.41079537500995,0.001768450396611471
0.10105751253027162,1.762707256859984,51.101859516840065,0.7280930415829522,194.57330780448137,0.0017772254177284281
0.16781576057195488,1.3617897442001083,46.84850921184399,1.3967269264729567,1059.4781469821828,0.001840514402028911
0.15280833239981131,1.0844458560723904,47.49805521294483,0.6977297092124789,105.38837374063841,0.0016762457042098766
0.21380808837748969,1.2543311066130098,49.26530766764064,1.732615201617369,673.0198605517145,0.0018557696593906312
0.22412852027667554,1.0224013070503684,48.93200661153778,1.3597126523919403,770.8769674007605,0.001882806028463612
0.22294921935373613,1.6127652397657581,49.15938339892631,0.7669180322383709,247.47649546968387,0.001739964877361875
0.11081509740326298,1.5903785470659582,47.893607971893545,1.9626010836301466,287.94497041167375,0.0016772319040539703
0.15786306328792898,1.011356480703539,49.0098356134182,0.38217337621168707,145.38573954384964,0.001990447012201279
0.32279112947218636,1.5817175989107919,47.110170239731325,1.2144753247000164,491.5374506691375,0.0016377696138459162
0.19271946394974582,1.7583811115672883,53.61251743857364,0.6901863786134906,721.963127669104,0.0017575078369879017
0.16393110760830695,1.7916485286001962,51.829457480791525,0.6194274378158012,40.34848680307433,0.0017746308953334067
0.1596869354482893,1.7971130341684889,51.48366720341185,0.7357822886686051,36.79708476670899,0.0017384854877486712
0.2127570630373375,1.7216224823571615,52.26607768140197,0.38219412124839097,80.82934500011119,0.0017519576174348846
0.1957285613524865,0.7066807623583472,50.3360992487061,0.5171871889826689,62.58510926460527,0.0019120022999269091
0.22973483600235337,1.9365293195856987,54.14683513784364,1.3831725197220486,80.58213398461996,0.0017101714995979799
0.20052223942841685,0.8132926832618673,51.017253861129376,1.4142647537074895,273.35503803921796,0.0017969247785570605
0.17005775547720636,1.4494264516094668,52.04124768709456,1.157889864533042,403.66690029628745,0.0018307880860507992
0.06405211313264376,1.9616287391755272,49.287202062182324,1.0195859176632096,63.889538482175745,0.001748312620545858
0.0726885436664605,1.9585516441090973,51.01241625565592,1.4073834706553203,47.48475412364162,0.0017210116079458863
0.19025765932682542,1.7847160551542576,41.22954290731431,1.0474404034538218,238.44167614217866,0.0018934029564368132
0.20888765637746606,1.8853970310655999,45.35909844037528,0.8351327262502215,793.5398890688834,0.0016983653703195095
0.0871413826724678,1.869780063552188,46.35704422710453,1.3706291299534188,565.6455532540568,0.001653250752779879
0.15210628760475275,1.8558179556523546,52.77327531614922,1.4362635888684065,365.518044394413,0.0016661806114521302
0.14730017786547414,1.6772756267152247,53.63741241034169,1.7371240776049608,630.6243689605046,0.001700358175260312
0.23534324810581395,0.9301610655528353,52.79500482376357,0.7024336997605604,197.12814779743627,0.0016112816909195167
0.2282867123235532,1.3606924967785001,42.460121576137524,1.2786619735720752,219.9790424394288,0.0016746185238487646
0.4385029174748352,0.4942645400720858,46.655161502252106,1.3723684948373787,129.8974951193513,0.0017411978095604199
0.44805598291798737,0.4072779920660878,46.00420325362276,0.9255186479347394,250.86288682467287,0.0017433781227100015
0.11234307592066768,1.6770460316216238,44.29651831999023,0.5219597416056986,712.1699481539266,0.0019178258724430318
0.3239038490477318,1.2594361561657943,40.848887179441284,0.5819225193010635,390.31651366277123,0.001794784211333917
0.12552593520110725,1.8193748619169139,49.30523202249503,1.6744205790833284,983.3748756523164,0.0018403796686510257
0.27996090658738815,1.493438174181207,46.46803054683968,0.2941426886111557,102.79963382417556,0.001709272717746264
0.24086748860662285,1.5689903298538586,47.068854669694126,0.9141006591805458,50.48113516875922,0.0016017652240917614
0.21754605347409078,1.4191402533816162,45.942124544278684,1.1566979299704303,37.598883292465466,0.0017510743678479984
0.17972129824318725,0.6671494080824557,47.78657446499421,0.8841551728556439,24.342067763379042,0.0017496151014003234
0.20303860702938298,0.9481473100077569,42.54559076002841,1.6193376786542943,101.98374696716486,0.0017490005517386315
0.2153128934174903,0.9458962300278541,45.749808108810484,0.9701134834808327,252.05468425226013,0.001741581946417861
0.27436962878192217,1.3408800134407919,51.40022124449433,0.530075864359736,259.3589428820551,0.0018026318409141854
0.10887002809482342,1.2163968329444046,49.951507539411324,0.9476746203793587,295.9260535283368,0.0017248919768080237
0.11220654536975637,1.377879835200506,44.04734949899364,1.203678931853078,93.09521552217335,0.001938867283825781
0.29467789408731293,1.205628792971983,46.88860842830779,1.3554460227297753,670.8609810900589,0.001594068584108958
0.1351735005941926,1.655749682753966,55.55086895224582,0.7528401783847926,372.1584310631334,0.0017450065320157055
0.335848384478281,1.6314677648935436,46.53565863616414,0.6520342122334755,212.6157637684694,0.0017425296480071354
0.09514133170325911,1.358611652380969,52.22802733366013,0.8820883742302496,121.75707794735331,0.0017360131059543612
0.2861164439659721,1.201290314401329,43.324144850591146,0.7268090912129925,968.4397731916195,0.0018990521318598334
0.1577230006645203,1.2161310052814727,48.11002935737608,0.4843694860816362,175.18708845556472,0.0016924785421870345
0.20790423540943453,1.5590078896493946,48.42596074406844,0.6826613065826317,209.92503071146191,0.0018118762869100559
0.23456055388709804,1.7043321244891931,49.30903358854713,0.4518265177173812,137.3875094473855,0.0017173481837505587
0.2001551434059494,1.7451769945464704,44.33848133162105,0.32706943244705566,199.83599151719196,0.0017093659980522713
0.12498651236635559,1.8065747888534665,52.312946752888806,0.42106269771140226,278.7996063611954,0.0017686946498857692
0.41581407961332906,1.2678694116236178,51.9104312338724,0.5021515618936571,429.6016538546738,0.0017820399487266866
0.03078748272203869,1.4582906817982415,47.70855925471287,0.8516247463297562,578.5350695517857,0.0016102754339275653
0.02293487540067472,1.7116397035210968,50.093471898060685,2.6137048397481464,820.618830440109,0.0015570823034797947
0.028701523008646465,1.7300503008934331,48.48289494257872,1.7000709767328044,672.7607227627307,0.0015944130964218079
0.0303161797025816,1.7374980687428083,47.333527231930766,1.7722088846363377,833.9102701570214,0.0016355608346904865
0.03657940110872748,1.7278456722304845,43.729073129711395,0.9907512411216629,916.3370144628961,0.0016321682905889067
0.10349895610472656,1.3262576176975476,45.46682200337655,0.17402175555672314,438.3602239190294,0.0020111460902944977
0.10603202137456297,1.122242614542867,46.99449078035674,0.6898941046955788,211.1084017984071,0.0019272551637357642
0.23557211290338578,1.3331804546692625,53.856854276770584,0.9350268140688537,99.6754220918808,0.0015442314055390926
0.19930120871254275,0.5693436941889036,49.62492381507094,2.255977716665615,43.253870037195085,0.001503845511514328
0.3233807779462431,1.2994171211612366,45.06061348287073,0.24754884525471052,30.890376586131755,0.0016747747739361935
0.18668596227514428,0.8718775884629868,54.63695849207873,2.5429553297424325,174.34385866470436,0.0015937249208479568
0.3101302029682514,1.8290229417257051,51.39553180774062,0.7412246111149238,682.3644465914009,0.0018582415154956159
0.13984422736571359,1.8626618797140648,41.02557175296598,0.8208336280597608,499.53346657758374,0.0016705233773744812
0.19389034449093098,1.5804790713777084,50.9923948652958,0.17137314013458274,143.68972575759364,0.001934828587105584
0.17962609665166449,1.527429791513133,49.36866593081099,0.0403935169562488,121.79081049922723,0.0018241524329889454
0.19599296479211437,1.402687972754142,51.46035871337758,0.29571384871655065,678.733987686765,0.0019018195829565985
0.21203695552493926,1.029154957707975,50.192720725393954,0.12885022328841148,457.5103995710736,0.0016153598102619164
0.20995803356370502,1.3504067855855628,47.76466740976525,0.0965736802273034,232.28046383480464,0.0017887363929259166
0.19392498859716084,1.1006274995952345,50.06223680560392,0.08884373943971309,677.2759138314684,0.0017290876078540438
0.15537406988136362,1.1108938904169086,46.38178995203487,0.04245871600275432,490.04522863110236,0.0017034512514782327
0.10366354127848602,1.48236291529718,47.612684637014425,0.04697366964400536,242.0093754122194,0.0016309568199017197
0.09933379196433524,1.336475129685587,49.863021216636575,0.11885989040364679,120.71757678496667,0.0017531870055866145
0.09567759318147656,1.2016830174808681,46.16174271515953,0.06396846341445024,258.0615702131768,0.0017488451480734833
0.2532873178278894,1.0214830306581133,51.34995672465649,0.07495884551476173,781.3451028767089,0.0017609810573724518
0.22991498734635715,1.0473441785256157,44.99565981080782,0.06228565946631043,343.86181137307324,0.0017994493489236398
0.25644130334883114,1.1714453290681648,47.81884885376619,0.08952346983490349,389.5729323942022,0.0017327125871769232
0.30027800088268347,1.2404745202793324,48.89871261975209,0.09016281669150687,432.1722007511555,0.0017156051247487853
0.237043350554605,0.8030470184586102,46.361700586243124,0.06209346072443682,491.7712756511006,0.0017202162115233623
0.20244826472593877,1.4494111038864204,51.9569955593726,0.19460598117764244,800.2563286244426,0.0017706997250125011
0.17766145461749536,0.9506183537630374,49.361069523140834,0.5662262991806176,321.538826766018,0.0017354715100606764
0.23849929225223115,1.412566508302563,41.84970347359483,1.3727880813147546,484.7761604998453,0.0017825739123885345
0.29335438905986155,1.3145558386491012,41.15785205096991,1.7598133203682693,351.8641182981224,0.0017241086986713853
0.28565230212545656,0.9957752104043045,40.88779379724714,1.1688824741497648,125.21363662783153,0.0017424935527217973
0.3408421780168908,1.2539542199779328,41.9873874999112,0.9203440232394269,131.42669901704534,0.0017292698264206284
0.27932205846054287,1.5577443285725117,43.04661040219511,0.6383617707124305,142.5673060657228,0.0017213430638454955
0.27201465955591586,1.505315311436171,44.07398202692758,0.8076332259782049,160.13529017281866,0.001727807688904668
0.31074815070495104,1.1846567720915933,53.94227128412533,3.6919451685033016,343.87789504068314,0.0018930186668941421
0.24624936023146252,0.9425537522252433,46.746700929578594,0.10990168457552328,823.5964476604772,0.0020181920873367544
0.24931278015820324,0.9447979645458356,53.161455097076406,0.4106217272285563,498.8652713437956,0.001836840276870303
0.18599191533761067,1.3920269673358272,49.30831749601519,1.1815246994729092,684.5490293576207,0.0015553544848930713
0.11375461916514508,0.816284883384593,42.79625661890838,1.435790083168067,577.5735110707377,0.001594198299495261
0.24105378552055964,1.7325068679998203,48.83796501020323,1.3292681962988624,332.16335778386014,0.0019779406202859798
0.07238183027166606,0.9778425208112941,40.898187741124964,0.9477288100331891,504.81478875146047,0.001688734598714551
0.10799152214292355,1.4910967996024105,46.56206389901672,1.7394363287310264,611.4205030488749,0.0019333074766932365
0.1622018263113919,1.7846902236358577,45.373739090083355,0.7113919982060688,388.7587185032432,0.0016801431739792007
0.3304800832752214,0.7102312294755244,42.29756713808363,0.988700844033577,189.99392689482391,0.0018659304094400318
0.1382225827499177,1.6490766275021216,55.09115229833455,0.5470277216319677,698.8056063098709,0.001534188153578591
0.32256734459575515,1.2220442311815949,42.69224856695698,0.45845835196442,112.98703708982619,0.0018865912799969867
0.13632561585699923,1.4177796956568312,53.47551564016005,0.6243120242596065,26.55382462455025,0.0017232588327026784
0.26651404740281964,0.9565497532207328,42.39557931373898,0.3598844380760113,21.109347426969943,0.0017084188809631435
0.22782488167592796,1.4397016138783352,50.46479493276061,1.4001298552566248,32.18118808503675,0.0018559326404294324
0.2546800126443294,1.2844662315502695,51.322907206365755,1.4559611022962016,29.837244952299784,0.001918362599780792
0.21718421518833325,0.9969019537496263,48.66500970692548,0.6399757436658325,39.967258896205735,0.0018261111073742818
0.3070046930619656,1.3846039556005842,47.56371107705277,0.7573371127218823,10.500491092891618,0.0016868325603404332
0.38266879137194176,1.1341019558582848,47.057975744071044,2.9252086289397945,17.120254576712647,0.001783282087401174
0.1493517711880674,1.1390977937968956,42.12636794742938,0.2862008923109483,13.466963718214387,0.0017972224806356216
0.31800562555566964,1.2708387937198269,52.15684192932588,2.610520910859088,1154.2056359914934,0.0017207928001617926
0.33434384733556743,0.9324071977394578,53.97784427969338,2.9068312211341456,1168.4628238161556,0.001718344723795691
0.13436752658732692,1.4745832411529365,45.30302513751877,0.30038795906281357,73.63555784813633,0.0016725662958049828
0.13358602655330115,1.1707927447771513,51.05433091464875,0.36662349508394265,52.840490578738326,0.00173876137133274
0.1983279277553109,1.4445508283760689,41.37963460210827,0.7546447576649977,485.1288160626781,0.0017534532848365516
0.27607186902432124,0.7947958383053367,49.09590186059884,2.484726639979551,845.12174500684,0.0018581863525844343
0.19032009644661496,1.3404610868734375,48.78524130651641,0.07029741599448475,296.6615379646318,0.0017105167005041695
0.18829402363037145,1.3388840757713623,50.10147137233437,0.184608006928898,418.39812195361947,0.0016413371526841163
0.20249386625815224,0.991265330057442,47.60238507289203,0.2615744005007598,1705.7153639389535,0.0015085299174276545
0.19768562427586833,1.0630109411920001,47.404399522915455,0.2504893102961314,1568.7713566710227,0.0015089828066617021
0.2511450235573121,1.6125576711938936,49.88066268596921,0.9756432758237169,91.93280028474173,0.0016041104187188454
0.021323827559573825,1.3503915633468233,45.23344884209445,1.30201452646738,371.5742771714291,0.0018444739225755183
0.02333310546164968,1.5765451557109622,46.567359689475595,1.8205357444802268,779.1079184201824,0.0018910737570099845
0.02608375857328317,1.588321869419686,45.55225920337982,3.197616764105366,636.0183791780464,0.0019429928068070237
0.0548839026466748,1.7051197228909323,42.93692627301628,0.1957422121793843,408.0030516180048,0.0019959604958291214
0.11468251559359369,1.5639273972907421,52.514631179087694,0.6027306482155234,287.14714943871195,0.0015676597170942814
0.20733923365371132,0.8629980198833285,46.7083858046484,0.9263055861096802,390.18880295232213,0.0020599010138629926
0.17405157951211905,0.4340790086930408,47.07468830212864,0.9357642433597739,183.00447633353735,0.0021709336961355254
0.26392327123123016,1.9648729978020776,52.902006243674116,1.0250443806296639,782.0835124461039,0.0018083605358433221
0.13578165748467358,1.718081954566791,48.86133497823744,0.4440490976830267,304.7000982456576,0.0016218659111786663
0.19195492849284754,1.7456830815791435,54.86491662438206,0.630192043478662,309.2097422411261,0.0016661074333177398
0.1128458111612706,1.636449680682839,48.48413801460571,1.3632952384770494,723.9976188744943,0.0016549047248567454
0.2687308727797425,0.711996725093938,45.30839837398744,0.5261562515046013,714.6887765258259,0.0019146667439223527
0.09021819094131174,1.8226184955874052,53.8160878724218,2.1144675499074035,497.33573537953316,0.0016924382944113875
0.10339798602370849,1.7700887893468693,49.470245860592996,0.8096584594970977,108.89392858801551,0.001636903916046023
0.06702243810369722,1.6751249828984454,48.3131946291098,1.1693465187352283,171.94170615797208,0.0015985501918396592
0.07306770415673083,1.802683357484678,42.84152492361553,0.21443065207588438,75.99116827091757,0.0016422901656374788
0.08994807472520344,1.8117695113908268,48.11717597898251,2.575223132605346,230.3950760313779,0.001672310334015943
0.23385853364964782,1.8409869000864851,47.97605749516299,0.16712491393656745,753.4243130194548,0.0016785004221059443
0.21329622144668867,1.0141364196770404,49.28985454530987,0.31705614370947355,280.51053466499604,0.0017478462730397767
0.17471111524556474,0.8582133506052536,41.50432910681916,0.09785062151859894,837.3541753697547,0.0016493085592907484
0.26160865503601105,1.5692132184526626,60.570330194615806,1.4265415627065021,238.8548541918931,0.001791598144296258
0.15502926796526606,1.8845185563995561,39.04799481093056,0.13711711233779142,563.0942858921735,0.0018033740923450654
0.221054045219857,1.3376164056974431,53.54848838800204,0.16371227461963517,555.1727295810367,0.0019513622548599546
0.200306812052897,1.309517569202121,51.028495478488416,0.15882335577139012,573.6546498045079,0.001880772102144966
0.2214539469045795,1.0192316057484399,47.50574788249197,2.009987626149247,401.3292645726586,0.0015842329788242826
0.1679518155980896,1.0509003575866778,47.63644013632803,1.9630842290133854,264.43477553868087,0.0015908822849409333
0.06732506597228258,1.437794571968294,42.81835189924609,0.9511714607892249,642.8551221097448,0.0019311293940528081
0.19664148310938923,1.3942277273760995,54.323751524064114,0.7049896511377344,433.2234345764065,0.0016504011203161799
0.1732900358469017,1.1922894605531258,53.02162578521928,1.8210793083776091,664.4130599878888,0.0015999291212624122
0.121702071632861,1.4805885316350496,49.968670384980214,0.1674012213572731,453.60225256688307,0.0015828276182165964
0.20824918572329817,0.831213400999568,47.47672777922315,0.7381546999488762,235.9819013195086,0.0020015566984052493
0.3492689704466745,1.5528868944635863,45.076562376733456,0.426542968732749,363.40746921479797,0.0017945986515497643
0.0949877788323042,1.777200957310269,46.215267162942915,0.5963108839461732,527.5560141531171,0.0018049449658837943
0.11579685920647693,1.8473839826771237,53.887270076695714,0.8537590366357121,550.6154751781137,0.0017347504694617461
0.23701201290226648,1.0040512047310155,50.89505234015501,1.093232019912574,438.8586836773821,0.001792671169109719
0.2704944205707136,1.2996088905650294,52.34811899291924,1.6790527494849194,244.5799208831867,0.0015771633428524987
0.23398180177649772,1.1827709497657173,45.391519218521374,0.5888799057319287,809.8549480000045,0.0017010150022056057
0.34364837788141117,0.8540654457745213,42.22039441388264,0.5438718780317435,413.9825162480096,0.0017044209190519482
0.27898207999955243,1.3175917984538916,42.310130458827544,0.4630234348687232,229.37268688861502,0.0018411126511219096
0.23785842761236153,1.7459398754325866,49.46007537896307,2.158047697834338,1137.7883053050061,0.0017890652042832542
0.20714028782862276,1.3425776437813544,43.54784976715808,1.094581771583305,312.98556831753837,0.0018032522195832504
0.19614362661592663,1.1379289527547691,44.48689718672139,0.5296393257313631,840.8430367456011,0.0018064514961575672
0.20354394331306858,1.6503679033787026,59.020110702767454,1.8233375466568855,175.14811959792402,0.0018376479065824183
0.17369107075282209,1.831519221498468,48.286153045446,0.5566533854274287,116.6206448503904,0.0017119845539628887
0.21195383426437833,1.5873101417729238,49.08057773796397,0.5962142945512056,125.8629238218029,0.001786836616885911
0.21572331990826987,1.278034387082194,58.227841144821426,2.305745883765855,109.56182126126578,0.0019032584589083869
0.2007382592193493,1.1305540030691699,58.518928170256395,2.5940686425335597,120.90542402012031,0.001906507397184749
0.23654261611056693,1.2032490750695062,59.92492610202577,2.805571278592199,177.7856718783848,0.0018976939514140374
0.20411854815099142,1.5922510282038413,42.300891073642006,0.4929307903824235,112.5210877215108,0.0015958870862888249
0.17809866039499986,1.4596305127399427,47.8091391952312,1.0068120723953893,326.5590772072208,0.0017623719951377005
0.2008541571838783,1.1909997987378553,46.176275219783086,0.8386236260983468,894.2545031863508,0.0016937073287534021
0.18002775276863872,1.5905133950632169,44.41002185740997,1.182439227495815,253.879585104665,0.0016175447367637048
0.09962238639944301,1.2063496605499564,42.48376586615206,0.6300228265028477,400.27720132434257,0.0018709304231643892
0.35571607371349695,1.2997537475330097,50.21588920668178,0.9865319360757432,621.2890251944809,0.001714446632561671
0.19943814077267863,1.400102377437993,41.75372808169586,1.0413826311133458,198.03471688010717,0.0017750757895193677
0.1528235255193026,1.310554549651548,43.049057059695926,1.0310154153700652,339.962716199449,0.0017612074918076643
0.166703328522794,1.3787164571217012,48.34823956825288,0.5799016921193701,44.30694341643829,0.0018489421330417414
0.05006262712355595,1.3865686747285983,47.03609292979818,0.5572376381434977,19.132120932061362,0.0017731587675072539
0.050168634075513224,1.3809781969148214,43.07554359877089,0.5612912005541203,21.89652975679505,0.0017893820864176067
0.06553378492824662,1.4898354237500173,44.68491779091608,0.747230584080381,76.27627588679294,0.001882770131535289
0.06506722115756426,1.4033130870781216,45.434472061653445,0.666227832478498,113.0427045987969,0.001833861621753751
0.12235928514860432,1.428157121445142,48.03352964619085,0.9934578397362254,194.07792638216262,0.0019084235298883119
0.3735237841295121,1.6068439359706923,47.598854431283,0.9408059995918231,40.98940661280301,0.0018311920564005643
0.40480221064347993,1.7172760322652896,52.27540096439752,0.7517340202927193,31.638653536244437,0.001875077196928074
0.20604082550000166,0.9243353884675394,54.49706877302106,1.1167505294983524,325.43269467305413,0.0018037452853997802
0.29140361701400486,1.6984121763914397,45.61822064738476,0.8425652170425155,968.101403086681,0.0017868241845770709
0.1598038652010183,0.629778735291781,45.263531881523946,1.1825292749858713,306.9229180460667,0.0019094833326542306
0.10945271224002161,1.1783581614963767,46.2435823654782,2.124361239384838,406.5138351281945,0.001880388337888449
0.1216549582846,1.7570431208243829,50.823172235269915,0.24318228156333632,486.8065399389335,0.0016123160185955883
0.16122882841377495,0.5729538676744018,45.99831560254446,1.162107360890531,417.94161030631636,0.0017235999795442592
0.16011544988646276,1.956064428624749,58.94131380923994,1.904435702058316,585.4562618536596,0.0018503719279079744
0.24507272432331823,1.8549373791058552,52.87027416753974,0.5440593679557394,226.30076813331303,0.0015846609709534083
0.16173918228947684,1.6612352141785,44.91025968900963,1.453156746982715,126.20384195493031,0.002053425668330965
0.18702315401517994,1.8923157277160503,52.1016728230444,1.2230059398650632,207.86071919405197,0.0014876763521175054
0.17240838582316606,1.1517747077914204,50.80878354971154,0.8915753404172119,647.7930775293718,0.0022102168931961708
0.11694579754667335,1.746243791287461,50.71585314769836,0.8807404362115084,289.50815893406315,0.0017653646646376433
0.04597221722508568,1.8358583831128983,46.732006301743986,0.97927748858673,702.0499961424506,0.0017447612822065715
0.09350059081516077,1.8899753502984658,48.28463465879633,0.6119358101333008,641.5204463445083,0.0018658650026680465
0.2632717004079101,1.6704054017803112,48.94952996203909,1.2533642800518134,374.5499636105257,0.001774875615759738
0.3030387260371533,1.2652304542632178,54.92858197856309,1.0574342228996971,658.378410924484,0.0018547235183224706
0.1608868796950922,1.645268696917003,40.77617741516868,0.8917493883801706,415.6869474066273,0.0016682957270239404
0.3819895746351485,0.444280640806524,51.143571084241884,1.338381144632227,520.4740713123839,0.0015836489336987815
0.1558172727005669,1.8325015374799443,52.578708677227084,0.5558750142554892,549.7521884987035,0.0016901178160531702
0.16032557808956976,1.7998159199952912,53.729155828844554,0.3565171819873115,1020.0978462729214,0.0016466967971646102
0.09766480104263654,1.642086368555755,54.59479961099574,2.682878870262937,301.17187904010217,0.0016296516956821193
0.12042573418649212,1.9268038683047344,56.252302439750224,1.1118751197597843,827.0797504312113,0.001763997925713493
0.28232665230706816,0.7018265849302041,47.178222242662045,0.680688456093093,247.27126313873316,0.0017921270583123583
0.13809837284374638,1.6225809248195768,51.29652579006578,0.29181589658225204,1097.0167895716727,0.0018118561934174912
0.2562710491579101,1.3745228029565422,50.51596695635452,1.3827355226286075,102.64394482388647,0.0017082710006923758
0.2946681274755293,1.0565306058229513,51.41180394639606,1.4289383389464103,131.68993865413975,0.0016810572809057202
0.40418710778674566,1.4397803183991962,50.09704632250868,1.5341863433588656,72.96483558677683,0.0017824079511502072
0.32692925658387606,1.5226111216055895,46.74123675344711,0.3725789882148254,307.2038291422092,0.0017369424583890858
0.28615804398383643,1.4478031735018984,51.67940166677293,0.3076330885099633,693.9892496463278,0.0017039733255385092
0.2327875316711501,1.3832005910831997,51.36971210098124,0.3600325916722279,340.52449682260954,0.0017342305596945377
0.2764016942192902,1.2465598281027566,57.61064668799228,2.403878768547511,781.5263070172268,0.0017378534851266486
0.20028042398571858,1.2722787947360934,47.687454897773826,0.18730125993962626,463.69099659840447,0.0017041399723729085
0.0819472753123912,1.6054312289134978,53.514285548518146,1.560622775539858,623.2183713132403,0.0018402181673353114
0.1272366485608432,1.4020989795859784,55.86480576324714,1.502833595877738,445.94923384767776,0.001870482441343926
0.1488688332280366,1.8169715243156266,53.37251467676089,0.8927441933408208,489.4915060056969,0.0018217149966603765
0.20879514930248547,1.6309333150288305,51.021063630425814,1.1892332010795652,403.15050084900673,0.001814331829527277
0.16039914168624966,0.8714990411894852,48.27504130571755,1.102669833011934,526.4023956610728,0.0016673097062200653
0.2968077544768906,1.3470815664644784,49.79272676710517,0.9220121247748,348.529000949954,0.001687336585096778
0.07124382804091113,1.0913351292904372,49.41996821274762,1.3110110893127827,726.0651948848243,0.0017401176198088238
0.050539883591220636,1.049575261894024,48.36086805010395,1.2880541727087063,186.77618548692064,0.0017356921711569255
0.34840167317666304,1.9481913775246316,53.256342747282154,0.22396774372723985,99.62865183201734,0.0017255769207568774
0.09459554623672746,0.726974492075586,43.69043384198254,0.84313445130585,963.7551450781134,0.0018357447196752246
0.10016704798688791,0.9872641433378245,47.559536916371734,0.957191701583023,1125.0407051617462,0.0018638464335024932
0.19039698001612415,1.554503271237298,47.13041815243193,0.846052094979307,586.5316681917045,0.0018761016806691118
0.1895462170903281,1.4590773721017212,43.94503985941363,1.7631412606915486,424.0825841771886,0.0017723208272444864
0.2159082977439733,1.1389674029680914,55.09151400264616,1.4506878504958696,260.8033698113385,0.0017854943387006293
0.20070650794172265,1.2531772958518332,43.11386185062618,0.8716152545349171,179.16393015593235,0.0017067053511953378
0.3015327588480527,1.4619309163947882,52.91615989363492,0.6124365706098194,819.5021543664947,0.0016846696354837743
0.2918015785807521,1.493429151106902,52.97936799647158,0.6043173218979195,1086.208833855096,0.0016947145419714663
0.24817970178411997,1.4710419807955288,53.32290047513518,0.6690126039685281,1152.2878030459494,0.0016703349229228296
0.264898723514896,1.5687301460623135,49.703454657733936,0.9283023649105916,122.29728054593294,0.001710513768148869
0.2688659941583635,1.4754938048545436,50.79966679836422,1.0427215371729812,249.34698559174322,0.0016666778092698164
0.14924224380387335,0.9151367871714937,44.28543448571498,0.7298353726328214,137.38460251550785,0.001897668723405261
0.12418689272947131,0.8665669373126946,44.109460923560746,1.080552554741464,136.50022155787846,0.0019488766740886352
0.3413407857969201,1.6213027805838178,58.6936022162374,1.160168010378473,879.8930934942056,0.0016373966065578978
0.09529008179063787,1.3249694044021936,37.4644669092504,1.2283808331104134,342.0309212116823,0.0019427110434650588
0.10297177085071091,1.4948328588844781,48.28336645454376,1.1180860422986063,585.4416311459956,0.0018579576216861857
0.33148329206201754,0.8872251758561848,48.55251699018097,1.262257083639278,390.4466092108934,0.001701254255031027
0.10631222226605423,1.4727751058202057,43.730336887095255,0.48981100366733155,253.03753248755672,0.0018732581921896616
0.09159626456361458,1.5170992669870704,48.521908461193675,0.5085172989105968,998.7008945716362,0.001686741390273821
0.1166746559863798,1.316546508231684,51.909178426337405,0.1957912589786774,485.7173897767019,0.0015806787620309974
0.09588721698835292,1.361983440650753,51.03366181365652,0.17179660122939194,586.7572062590383,0.0015437479341202567
0.19366459331924943,1.2146058926475345,37.56252434353831,0.5693002771899038,222.7175469991049,0.002077947134296613
0.3050038354928461,1.6568341499589614,40.92396236157276,0.49366606233726196,205.73589857370536,0.0019278583365089543
0.23426529830561574,1.6105030102119422,37.83108988058229,1.4216167827907922,422.78041364927907,0.0020441857917968694
0.26122020435419196,1.3346791843659032,38.76210425033289,1.9211579319083256,107.09736358930479,0.0020292818081824003
0.16634028446627488,1.4103454967454008,43.763742316952694,1.49819499139041,436.60972357670335,0.0020082731533314848
0.15196106326179437,1.7349992998186174,37.13073561630228,0.7206205629117844,656.2602407725857,0.001692858753639496
0.38894120651092806,0.4922585918467184,43.73627468157846,2.4638796507005614,399.97371277043106,0.001690044585908017
0.17533907128734813,1.2864230670507688,41.29853214633447,0.542845636682447,508.3095341589574,0.0017748663742231533
0.16288370956183437,1.4868650908100358,40.21011230428728,0.8586264372399297,651.068705725094,0.0017489273135375713
0.34292286559140145,0.4599684877961612,39.24840477303329,2.4701574740665064,246.3152512313025,0.0018907953694973622
0.2577115065742024,1.00053743910328,45.26009437271643,0.987390285800083,518.6799937694683,0.0017341963693925909
0.31151842788270334,1.2236964754278108,46.46502307411938,0.12654598118185695,24.626451721520695,0.0018623118490824746
0.1979563999455082,1.748540066009716,51.05257400133832,0.3711365767763632,90.63586423979446,0.0016289833785571067
0.153573177394097,0.9043746826261494,51.23492121365321,2.062298639507075,1126.9371764685886,0.0019353352650528645
0.14871154438482043,1.519987073402095,52.34028931013818,0.48195864107779435,97.47960274592083,0.0017685276072858572
0.1719631483759143,0.6625826165312972,45.37401279767784,0.3276872126968859,573.0048711752196,0.0018783833289561284
0.1442458041086137,1.5357584559944328,49.670395813875935,0.05791449372975174,610.3155612406167,0.0017339371012701822
0.21247511973340485,0.9710326703736575,47.10311135528934,0.02038630658302204,594.4580924757626,0.0015953435700871966
0.18610280639218613,1.0956905072725474,47.704154604954844,0.006836991103089483,680.2824049148549,0.0015547205768852482
0.22438806808268308,1.8758100552348451,49.34750965288778,0.009214613382017133,644.0989530502466,0.002076552010947911
0.11565227632152301,1.7621003589632416,46.31660136494594,2.881973352878921,291.20920766597595,0.0015614880319761138
0.20652006179965113,0.8666854957873367,44.723211992650874,0.21809040228987245,847.2533147449209,0.0015804162387163675
0.19472567326928594,0.8668005733983782,43.42031924092041,0.15379093749522593,562.6974050943655,0.0016357420514930207
0.08902218411788784,1.2960019851057059,46.15994895883782,0.23035162768098388,743.8399135353591,0.0015655969014467539
0.2434133355127363,1.9358817884416422,54.066159521161616,1.612741783059625,665.0476130607713,0.001933707517015136
0.18839509172246988,1.0440364567335785,53.660623323228634,0.6911253122283155,717.7648204447786,0.0016844789356180905
0.27117620747008286,1.0924191652167066,53.92459269165148,2.379720223895683,534.2149183064024,0.0017609649545869998
0.17361945508734755,1.194954621345669,48.62990404358238,0.24913806104624897,195.75674660704618,0.0017353203083316062
0.18293679493105802,1.1518022147316536,45.09972825762415,2.512516832071961,195.4591337771879,0.0017754079015559147
0.21450818697974638,1.505438505558171,50.557593112921964,0.24428949400070948,351.553628233726,0.0016055110717318032
0.2245627116043732,0.580709685739771,43.64725973033079,0.008926299480655665,972.2568154679063,0.0018066538041111367
0.2314362381151587,0.6094279809459147,44.0391794520713,0.010362962222817502,1046.0758741988716,0.001813688430427494
0.2124851793979703,0.8109594567181735,45.38763035743749,0.015969265960781347,685.9968489253223,0.0017899834824870887
0.2801723535531342,1.2074038985562,49.92934678533281,0.10465360545940955,505.7168758580407,0.0017439281413896188
0.12983139106770905,1.7760876157767496,49.57598669361944,2.030918278465338,426.6951210318416,0.0018538577514724387
0.2818994302696806,0.7704377271604668,48.430474823466,0.19950127520882713,607.9315609330648,0.0018966776571607408
0.09191347333566047,1.8066214226958652,44.74276744959319,0.9547057264113019,217.51883650317598,0.0016110282300365395
0.03469764593712339,1.888531179928275,51.607012556347875,1.5035458524068488,59.31072817302999,0.0018754445585352625
0.037808823342217246,1.7133286592007564,47.88476395491533,1.2554438746402417,25.92318248387284,0.001814445490106792
0.46003468187600294,1.7557128501244534,50.58380471369032,0.21939866908891273,654.5527601201877,0.0018872791678827812
0.19709824932864997,1.9205549108932642,50.526522416608415,0.027846801687487502,148.3419806641416,0.0014550717569792996
0.1800270854880756,1.9164166662953477,48.95200983192414,0.014765631011787753,39.07877231615865,0.0014376935398233385
0.18991078205422215,1.9148377705648476,48.59260833809022,0.011661918256535609,34.9384025946843,0.0014227718852795068
0.1816980088135182,1.9077309269266958,49.35616473324236,0.012617589423099086,32.128790147258144,0.0014359089672953147
0.22527295013351586,1.2626520258797398,48.89550031236502,2.1059195508758175,218.5959360651087,0.002128046098834969
0.12692414170990948,1.3529760996422686,46.236825853050334,2.367002662799142,1533.1624473852785,0.002003329231608462
0.12096046170855586,1.7610262034149766,44.6877756727702,0.6198310466546707,119.5015726654603,0.0018423404984186252
0.23154646022618336,1.6869206938839885,49.774822002976904,0.38776278715788204,662.3253582248374,0.0016695021971897142
0.2430056781035894,1.5609664952478173,51.4319571493446,2.6333817420164527,521.3257628675248,0.001866667909448086
0.13155741155442785,0.8800030084694435,39.582345852839225,0.7020061270878171,155.97567153946423,0.0019372793820210013
0.20629814809404423,1.6962772018308407,61.58640588469432,1.9747554366297433,873.5619810233658,0.0015812152271925692
0.26660795273936017,1.1547526533529486,48.252296198592525,0.750708139983223,383.5504721434571,0.0018209801337084287
0.204365042113534,0.6410025357164919,47.11758938184221,0.3718559932766165,289.2465942322965,0.0017184120427107604
0.13446390942273936,1.242783006588788,47.63686120550956,1.1289274135694245,165.3520847657376,0.0015880370747589241
0.3912618092797024,1.910381359909,49.26668757675555,0.880420883027694,885.0894877858467,0.0018144718163715995
0.12322938593086052,0.7959078123126843,47.065125946629536,0.9110354950078204,134.36087482828285,0.002033322431755945
0.1969056314817501,1.9374736729633601,56.34208523594115,1.1642905812884974,142.00750200919165,0.0015710089734950563
0.309461372929779,1.9115145951013113,57.722334191198115,1.6600967633117425,83.40671533427246,0.0016078136136552295
0.360375166981454,1.9216322797274743,56.845597514545304,1.0237657063856687,418.07864914083024,0.0016209046206806775
0.3103735988284105,1.8574540165738507,55.408943379711744,0.45808367429761304,1116.503238340367,0.0017611884666092446
0.21889848759978534,1.6177719366039713,55.88847460267087,2.242632704943777,332.57617101779425,0.001718376844110546
0.12166325530309258,1.004643459714591,47.95973217535806,0.8668099306170416,430.8040876238505,0.001746321542214488
0.3234371239907721,1.450102517229649,52.92583761200017,1.030781902729626,548.5584203855578,0.001815275892212674
0.16597425827144094,1.0030313648112055,49.67104402686177,0.37010281529680705,721.4232862062088,0.0018395005991260127
0.17469425270748024,1.649848279851953,46.51203322713127,0.1573107764927735,479.8683962956289,0.0020091319828065618
0.16382881429265592,1.2568593361596347,56.61765151614333,2.324826934355175,572.3162281472862,0.0015857718984042925
0.12483383616182848,1.493139559185366,50.47609140396751,0.6688234415665916,516.4813085436676,0.0017090941312053135
0.13721451451290684,1.217205384415049,56.62551708402781,1.464702710399319,831.255152914935,0.0016871781290364067
0.20046520708677484,1.5139085869363402,54.99393408543612,1.1027979484361023,280.7654988733479,0.0018407930175497332
0.21945674586239033,1.876529104393434,53.823226299347034,0.6990280617534481,803.5485192478902,0.001873846093473554
0.2812469362984888,1.7033283903734777,49.521140131664254,0.4447076805715406,385.6410182761334,0.0019325486446389536
0.26626464243270986,1.7277246356935132,52.18659636058621,0.08629746959390025,462.91491039125214,0.0018587586266216982
0.1027263873900731,1.2100450290728184,51.87185960094194,1.9494747329589832,189.06350416705817,0.0017550887060555312
0.19458762236948796,1.1098251098862404,46.906013704411414,0.8102144350239909,119.0180128473539,0.0017798147523164685
0.12591880226050411,0.740121026021383,51.10189919652555,1.0242642282182648,38.38734582586284,0.0018634286391961432
0.1713184649145567,1.645212770719203,48.1372329705986,0.9948830526248519,483.3863603106518,0.0019249226843290317
0.2412192194557902,1.5946588152607528,55.482343964979,1.5629031262471493,362.97958534287267,0.0016924449120426963
0.1288378017477497,1.713915401652863,52.67642756090676,0.3347393518574939,861.4462508442933,0.0018430139231316476
0.23352006176163173,0.7706585755483606,49.20078864600144,1.9681973652983373,141.02587287347774,0.0017959659897112384
0.3284975718699898,1.376044235108151,41.95798656064093,0.43652672028318473,191.11985789134857,0.0019196135871527714
0.15377629797527806,1.2669775618910724,46.5131897587883,0.33263416619881825,211.40394384052925,0.001756361720877347
0.32233748498271236,1.0214084367701077,49.022005425865544,0.4173975862596134,323.4004868934145,0.0018407364833797225
0.09197882127705206,1.638858833687937,49.33631982313318,0.17094679967614293,280.89760395216587,0.0017355839525261213
0.043437665973805425,1.6583732458218796,45.65126874442994,1.0555011826402938,1016.1753101603312,0.0017780129677422494
0.04711871251340791,1.7724294193716457,47.29442815187225,0.7698226003283049,1272.414155330184,0.0018313573027129678
0.4492611874756879,1.0014087369990738,55.304242717957706,0.9898680144752054,240.74193042376405,0.0017039182633149155
0.3416094015578054,1.2761423591030878,53.12308224162022,0.7166172284278115,425.1607698446201,0.001647121813237945
0.3369335547137911,1.3404878185000169,51.596313051431075,0.4313770296807822,467.4695852913159,0.0016588953028178212
0.3048411646141758,0.9560043366317392,51.860181932664425,1.6784917473462642,373.22687265546983,0.001985920578317835
0.18484410112615615,1.3486839281873677,47.65268169608903,0.25720179972356205,293.10315357089087,0.0018110841506968705
0.21563612510634533,0.8159751641887144,47.64800799090043,0.13113909887188244,659.3667839646334,0.0019159678991271468
0.18961469285062424,0.4857867053752728,45.55727777666929,0.10696206519685511,235.49634101623516,0.001955858533613963
0.2542298692714893,1.994251565086398,56.38170391166647,0.6581593396848637,9.292256134320688,0.0017719362597077393
0.187786488644714,1.9170575131920125,41.42770853442913,0.9266618869762074,14.69291564022865,0.0018085611175125628
0.1860567931570648,1.7588013204079986,46.696641555617,0.469008507563484,638.0340180967092,0.0018173143370160136
0.18311987041903735,1.4364044993753882,48.20165053448401,0.3623085219941862,353.9517322005353,0.0018539798195088418
0.23504434594025678,1.2494661023111795,57.7206165106012,2.1565275788267306,469.85537872316365,0.001806484129823052
0.3053311862478187,0.9682315545847628,43.10016394878912,0.6730552535120607,793.9937426298552,0.0017345728634430564
0.11316929012969422,1.6954065371502656,50.65725948647945,1.344449792394895,371.62869047810045,0.00180190591769021
0.14016125091485862,1.4777934772634627,47.99568349953704,0.4358861786723859,888.644899292916,0.001760475459468504
0.06355727868046476,1.8305570477488173,50.10926651205591,0.4567287282567988,391.71473864422126,0.0019841119442954957
0.13132716778448109,0.9149154231247428,47.685364543911,1.1148117087182585,775.423214438724,0.0015909768489219332
0.20092652284696355,1.1648530946527176,49.69092352289843,1.1221738430338317,923.5040866991815,0.00195385449089151
0.182461402260336,1.322246887839119,50.560634326550044,2.0434088465132,481.36901684023246,0.001942582743810641
0.16600457584342496,0.9580622146074741,44.74050944609746,0.5022586520397206,403.1259366130706,0.0015800873492916485
0.3086433725584553,1.8951787555126565,51.774969146281876,0.6330644725080036,512.5167465805281,0.0018432430957742623
0.24781493067455315,0.9998115102476656,47.544715972429024,2.150903187483357,112.89698633210938,0.0020038701778888157
0.22669667243266145,1.295548553902195,52.62737721817897,0.25200053474206846,289.8129138530738,0.0018565812275629589
0.21590442971313137,1.1116121071285179,47.66725357149566,0.35716961532838504,551.4964290660671,0.001850100414129993
0.18735270191531886,1.3855231701929016,56.4877808101592,1.990466093577827,80.65308664308421,0.001816640766203842
0.2383606492417058,1.5852541183343138,43.202558223521045,1.1512481201662597,260.8774281392109,0.0016744314642453725
0.2134936637974253,1.3209221731183063,46.324845772033825,1.7130315519761181,461.55088656431093,0.0018847776478980996
0.327252903110343,0.6897869677917734,49.380171821092866,1.2374936704082002,628.6642790525144,0.0019413349319703816
0.19000345353885684,1.3877615667429062,45.064034884429,0.6978745304759753,389.63876693534985,0.001649709107353435
0.2496341297051893,1.3506805835677869,48.38069026913704,1.726798024481802,1170.8900761263826,0.0018061428831351034
0.15579085480524513,1.316317046609773,46.17297253614767,0.6569867312816785,177.98671441286677,0.0018715283312288036
0.21798802470699627,1.4800845813237185,55.73462591772497,0.51302868349392,936.9314760016338,0.0019408717108316484
0.28936182759183215,0.6937569879275524,43.90723744005751,1.9212999587294766,133.17245407575467,0.0016021290585847923
0.22936669984487026,0.9069454231956905,40.34790015532171,0.8035523666009962,268.2239041738983,0.001746632717888797
0.23128480725031278,1.2953274046625884,51.96633972478393,1.3947105052662938,419.7957165510915,0.0017529423970327786
0.11840554024073159,1.239395484097743,50.83734160097178,0.540245680590797,613.9684684935852,0.001736307087457746
0.17805824605555912,1.1803869664194035,46.87027515042051,1.534435826305839,421.3399245154618,0.0019501828323520804
0.21199267340853784,1.6599802271828739,53.31287033057417,0.4398167067029715,424.41274817970583,0.0015906712413051205
0.1789654733083579,0.614054133281219,50.417206680400376,2.0639462269623294,413.062877565483,0.001682060152190576
0.18705759256631357,1.9796772933456415,50.78898040319474,0.24059417556686913,74.89662901240582,0.001852712863893979
0.2899325442813806,1.9173135801816488,54.39161920058743,0.4818076001079061,47.431849347492694,0.001968333101532867
0.3122665987008474,1.9166407974875135,54.71274120301434,0.3456151379741895,54.33228505684246,0.0019637047782822084
0.28071143689762273,1.9584267286230663,53.18584761900135,0.9485514707003643,43.987935877240794,0.001952108265457385
0.22692247672310248,1.9487875081118244,54.880422290920734,0.6460333815685123,85.36738132677752,0.0018728640254387099
0.14790427706632114,0.6378432864722445,40.93456328240497,1.7898321102018584,150.57981666190037,0.0017836728071449143
0.49347379150552706,1.3210857181288642,47.715599168472025,0.9012087708760436,288.2305289038693,0.001503651995580626
0.037526521190411895,1.4340478207045935,48.96294850835406,1.2179419943270733,117.02474138654647,0.0021125925733818294
0.03837709518315163,1.5765385543810173,51.1210830710204,1.8753827845505686,48.21652269202254,0.0021571541317214928
0.41884129189333874,0.9623471810276403,44.60752976681944,1.4071547335929,220.16483020518027,0.001441791540116262
0.12616691828664311,1.5168339907949988,49.87373062795739,0.7823551338348481,326.13710027229837,0.0017935558283698107
0.24564965965543883,1.2270222659738304,48.21977107771006,1.8037899691847048,49.39207269587181,0.0017798033215042548
0.3892008506957523,1.7834680563752867,51.84365482529236,0.6681129765519986,22.203313818788047,0.0017342934803594124
0.12974149381157718,1.695689635819224,44.35783452177334,1.313379730139316,1285.886608522177,0.0017311116020143874
0.1238547184800266,1.6557518906249948,45.91202823604874,1.4292140936412419,757.4993319205847,0.001676690899882872
0.2960694272537877,1.4708824093247943,49.64245764215994,0.06697097150911462,566.5494947523139,0.0018144608032749994
0.27648750809446754,0.7197215487168472,53.077191815936196,0.16107241460974153,1193.8377397058343,0.001884087249550252
