r,a2,a4,a5,a6,sigma
0.14984639553399465,1.0397941964939768,28.776980669201066,1.5960129968129029,654.6539239941575,0.001431857431580283
0.19908910868902369,0.834173645984386,46.26116060850635,1.0266333313780474,371.32654393590167,0.0014375595140088053
0.16094213134250768,1.4503579421860038,48.27183380223413,2.6416095540634776,1305.805503681863,0.001397250055221407
0.13497032907051248,1.6771105192397333,42.670176856539776,1.5687275392354367,356.0435345286711,0.0015964243078355241
0.05645956825261765,1.9391757765013482,44.139907234895205,0.4958071585747702,423.293030802106,0.001457559802542834
0.14178170998515677,0.6869835671028637,42.4944172078919,0.6594870385881851,536.9051093948719,0.0014014633344178189
0.04490163538133244,1.3314431311307915,32.8623104896602,2.4114804547298356,331.14902912732833,0.0014722443307345495
0.04616291164338106,0.9532898106223865,38.8459279793842,1.0372533653868041,670.2277663282272,0.0014379690674578129
0.029086588322274513,1.1525081292382833,42.82228288233134,0.8185350596566785,1409.4272846672386,0.0014725970715566076
0.03117624491284127,1.1458955823310195,44.04466980447752,0.9505142669708563,970.4577426891263,0.0014500976665355874
0.059060892506701594,1.428812762953056,34.35553805959118,1.200174376675269,238.70495937231524,0.0014458757119715018
0.25498621145193695,1.1696072046776425,37.05327317796934,1.0048110184430716,829.6581264072242,0.0014862712295990552
0.253571625608816,1.1714335380083236,36.558226645248894,0.9933738669363538,1030.363785896357,0.0014934595010804954
0.08878035710943465,1.4857642890002571,36.3018535724031,0.4036847135128047,524.2769970141497,0.0014598387396465686
0.023040939979064756,1.7503590228246986,36.602232645945946,2.563800108570735,281.54512750315786,0.0013143968176328362
0.01066504743690072,1.7460784700644816,46.165722093407965,2.039722940078957,142.00078726259989,0.0012650706732231036
0.11589890781015667,1.5434354379286568,35.127750449794725,0.766697378339421,729.2013297463881,0.0012811060196737114
0.14600246956294938,0.9042690676298764,37.98023656823413,1.5248834953466428,138.11316383616295,0.001313287016351008
0.18381057855857563,1.0352138865771603,39.13636751834008,0.47264704896433785,571.2515825029943,0.0014911026701179102
0.22852016483296633,0.9891581951962038,39.40888597985805,0.1029271235623266,763.0208490642012,0.001420701061367389
0.19528302967626004,0.9516770469837157,37.656139849818295,0.239564875967447,356.3808113884468,0.0013955250417451966
0.20653169264262228,0.8424631171228792,34.215377986549626,0.3020070924506743,1325.0184826303519,0.0014052576325930826
0.19670049572339596,1.8102436693062254,39.62293404064226,0.23395468703987957,33.206210758138354,0.0013962171159551092
0.14878102818324715,1.5820522018301928,32.87993654334469,0.31121567807064765,18.4101890423151,0.0014264677161936316
0.10907898896475722,1.6518334029283672,36.893632101680026,0.5040711871831864,407.9619306997179,0.0015052275857591433
0.024536008725949306,1.8607565009815212,38.025663962173574,1.2019075468198248,237.48421299689355,0.0011750787707391478
0.024278080243672985,1.7378117541804217,36.24115159097607,1.9323508221091037,892.3751911992382,0.0012722976742554793
0.05993373304423575,1.8079095782732062,37.793520344674675,0.11042744646619947,96.13959648646015,0.0015624918605864088
0.08001646101361173,1.6682868394453276,38.22852809507046,2.0156996906695728,900.9142443167483,0.001591793568751681
0.3571051374301238,1.6801003854073855,34.80097883614645,0.3761801528291663,210.89262473549738,0.00146719250647347
0.04447235880646803,1.1908391796094775,42.79927852376619,0.5294100299992197,83.00084081533016,0.001349470916219017
0.26159086584446195,0.7178291751413699,38.46481732912427,2.002246835853201,779.0476565252404,0.0015274831454340767
0.09090323531830757,1.6866666041830396,37.024141911567774,0.1532410015179266,172.33214065623073,0.0013520676282581263
0.17944118753531815,0.7157105842700144,38.87031204197539,2.315421608338259,393.29725013742603,0.0014667357147431412
0.15758214482857769,0.5672530596991295,36.78789335287648,2.705835470186651,260.00951851601116,0.0014397799059084166
0.1776632524713372,0.9473618244938544,37.84533896492517,1.041578479540449,1018.9108426520321,0.0013229825591929813
0.13788686148949375,1.3017406029737502,30.174266296082866,0.6227142724545996,198.01468830578318,0.0013046828551992176
0.16068526886111967,1.3456019716421488,35.58994648603886,0.7498754632964706,254.61247696909754,0.0013138740054817074
0.1301291599692074,1.249395928654157,36.33727394093519,0.18610789252582577,177.13909740006687,0.0013358926069625286
0.09467248258777705,1.1537133123276315,42.93593508835169,2.6416224981226586,884.4771362306333,0.001474996415172734
0.3524365303323428,0.7498991401286789,35.73357446914152,1.1245645666202173,419.88603739575245,0.001484360480105118
0.27762081093898056,0.8435055955596784,37.540119887428936,0.9047453295401129,551.3080523856785,0.0014085245663082416
0.19576085039877647,0.9034696626121838,41.13085968774753,2.5038673465014836,495.04440260662,0.001412557510686887
0.17880345077025173,1.3321834068748015,37.85403141401034,0.46645096130311947,611.6810479853013,0.001325956579690835
0.25009904512636416,1.6077138809395162,35.997445297936814,0.11149337007808668,357.4421212789853,0.001470791843285778
0.04753382121670522,0.9644403986382569,38.47865589151354,2.2226967500997032,727.1255534049836,0.0013360509646225952
0.1374024663173242,1.4735125788355576,37.89208036766442,0.47801012472051807,138.75450720572837,0.0014028763937071803
0.25853222251291774,0.670064822826263,39.34766604991548,0.8233955296275833,1026.5329875567627,0.0013156483840234949
0.2594646246484161,1.0391142063932608,36.36437242132563,0.6720268251332064,668.6166953106841,0.0014227855992476456
0.163896822820409,0.9626796130656685,40.56117512567988,0.685569412388886,371.43978186505626,0.0015110650858113053
0.22403032883315874,0.8199219953113166,42.73936225457636,0.30543646792953655,611.7347204496565,0.001475082619809004
0.03550590101256792,1.7859999313581683,35.56136772564939,0.7553021887944364,528.1610254724051,0.0014089156943688805
0.10686401798642832,0.9438186815731627,42.49317909799269,1.139802944280121,574.5830653118151,0.0012815837475827372
0.09740959198557639,0.621160089018969,39.64163024737073,0.9797811272125223,535.9831943891411,0.0012474814524105439
0.10376332041002917,0.8718278210068308,44.540972165859166,0.4338692360748449,187.6853813286768,0.0012744570448707433
0.026482552290844737,1.742121644894903,42.839047612830264,0.3485060097814031,477.1187612583477,0.00164243934057053
0.08915471734189274,1.253516454937081,36.16910888844042,1.112498753534516,105.05872720303375,0.001179573942717391
0.12497985054797238,1.1199241774172384,36.276849073080655,1.3097502239100034,75.97323447582272,0.0012168327261683266
0.21798560876863152,0.7479802262515212,47.12841732158023,2.029717785064767,98.95497987541093,0.0013562310973467598
0.1724345946569464,0.9550325581816059,35.77122560089791,1.9997071859611242,188.15611204648994,0.0013438487947520427
0.07113499333301262,1.242912534256198,39.68656843030528,0.5724656676049689,434.68472280587554,0.0013970646435389011
0.1921229012577998,1.6952150569596225,33.65270112500472,1.9504488465264518,324.81165317692086,0.0014813947203602814
0.01731316382145892,1.880249913008158,45.46004814796272,0.7595049398700271,346.7732697886929,0.0013376755847458806
0.02557249982206814,1.8299202216623949,48.89871868964199,1.0448158823097156,899.707174441158,0.0013288371272486364
0.3241718316928812,0.7569501705880545,31.471727407948936,1.5583024213468675,100.92812478681802,0.0015163131327675158
0.08273397222824704,1.3768604380581384,46.48769058080033,0.5258127762314068,1266.9394046447817,0.0012776707584948711
0.1287302935526274,1.3590975841404191,33.23370521528713,0.17042965218273057,105.61489462223987,0.0014317070001820071
0.04473684241212233,1.4911634711460862,38.47034631992329,0.43352599250322194,185.9582345250123,0.0013568354068348165
0.021433430628552193,1.5842004840802462,38.91194684702566,0.7963767715297606,56.65244737369468,0.0013058533589250974
0.038345984166056106,1.4013851415589031,42.107903751881686,0.9556580624661014,51.1874222939912,0.0013745827015337457
0.04192739280242173,1.3680094944437655,40.99514897692918,0.794812239546656,51.34745620605392,0.0013701496187642724
0.03905102694985126,1.5484693447769216,35.11398453733538,0.914574557698945,434.16859542754224,0.0013468239448488893
0.03217920447641908,1.4974320085166104,45.356019237825016,1.0563997291857201,593.907132656368,0.0014526542467663416
0.03438771745117373,1.1416712711508799,38.00058183599077,0.7061572436549872,590.1282658586739,0.0015516829361334073
0.036842396148896776,1.3415184080671414,43.64634659107953,0.9245650748368932,609.9161395346578,0.0015245175957562588
0.03608487288929937,1.4494540661936117,38.27317019410421,1.7141308430020374,196.9632440703064,0.001549479835220577
0.03234286818828375,1.554151347248135,40.433082593018256,0.26160352477599513,738.2158059517473,0.0013289909098514697
0.02023136695701366,1.6082504538755542,43.24602168385573,0.14324870303009674,916.0328612704225,0.0012587272249353417
0.41389098849679484,1.0131975078810804,34.68531037091545,0.20498809197450577,303.96477145233536,0.0014834382246179875
0.2709847047609495,1.0472459842617294,34.62497661434554,0.2239883248302058,215.27691710308991,0.0015317480712261835
0.05374621898587368,1.2249532717260538,31.314684752041074,1.292123072539264,863.7241909894864,0.0013498438375267475
0.40910528061708357,1.6698003875214549,41.008423992631684,0.8567096245108671,143.36550288455174,0.001371901625593508
0.07683649175888599,1.9918010447424017,33.445719872630164,0.47599974522482513,918.9141459200887,0.001473552735841919
0.13066014390272526,0.6010057522900144,41.5901290038309,0.7010009764582693,639.7529726827966,0.0012827585093347956
0.03827324346342512,1.965919522293782,38.28706391977868,1.365947541151395,620.3578525898824,0.0015422882320497737
0.02412172290673351,1.9803365124747334,51.80138076645301,0.5237498667430013,993.8936026472287,0.0013579454909797004
0.09445348688274266,1.1019589733420114,38.93742535879834,0.8172700559066813,59.116210076921725,0.0014979432835324847
0.11594532425966754,0.6621157275609083,37.18149866301778,1.720894602204711,302.0272043527033,0.0015253795132494899
0.12100264311443794,1.3193066782088623,41.61172118956394,0.1873198277463724,782.8132275587549,0.0014631119823811365
0.10257293798840135,1.3288817050731447,34.13089127580754,0.2230600092641777,289.6081633406802,0.0013204156002998633
0.2917922000674846,1.3789702538592001,39.69270454751038,0.39871509275121425,80.75152945574291,0.001409076713860479
0.13291175804016478,1.1255548349418716,36.82818184808666,0.3959732600416993,1253.3709827383075,0.0013752492113519833
0.24435193998322544,1.392434905918612,38.47261441965844,2.193749770979223,46.946165949597855,0.0013406365075793196
0.15459782418338655,1.5666013167237776,31.55021367110413,0.38831940625016204,1234.1820736194481,0.0014134136184984357
0.19147927123132719,1.3360865413523932,33.99625371968151,1.148350708150403,986.9247459666474,0.0013912719957346335
0.1190572215592137,1.7578189013808339,37.0937237628977,1.2133482610017818,162.04252347402584,0.0012972107744687522
0.10708407161334413,1.2189802630566822,39.757313139966065,1.3814143600055642,376.77654496424157,0.00132289109082834
0.032488806150095445,1.6358453226823446,40.21968880561601,1.37066443521233,521.1292914093459,0.0013843386861687697
0.022813103939456486,1.8295068080066137,39.99621212443458,2.88638053898034,73.34910607188938,0.0013426423923772089
0.02813816402089298,1.7062878461010655,37.92817752006555,2.219459593622318,53.42244081395506,0.0013715762387092765
0.016918034087635973,1.660496571845962,42.195420270959225,0.893683461558251,915.7101825313204,0.0014013946343691245
0.02939027050338018,1.2797595808920887,40.611069883553746,1.5628241372561893,391.7831229170615,0.0013447269031393804
0.2572297729950799,1.3221406422410122,42.02713588936961,1.4932895725837854,342.44818101414216,0.001493484078527727
0.22414442609070956,1.3834114958374026,38.41548611282697,0.8985416520303211,741.5636928118694,0.001318171060622046
0.13049098894164773,1.573231579571605,30.785139150587916,1.7885290468033017,47.717273073095605,0.0013594084274427861
0.028987807856255262,1.723709306753561,40.7863450510231,1.1981233861110125,64.57748025741009,0.001495147836313799
0.14305157950801156,0.8392918188902643,39.08420596065463,0.11454601589620744,442.20744952152285,0.0015038443855677945
0.24181222664756785,0.8382178971346338,35.65535679029417,0.12388104804357965,731.8472537784047,0.0015535931511286983
0.021943872016154668,1.9285961862921108,35.39647765634465,0.7920312382724584,724.3321086635017,0.00153040862680205
0.15963373497667296,1.0496457110125783,44.610408974254526,1.0998867862007229,227.1379628461356,0.0012485127075459305
0.09217139762567537,0.8948127442271878,36.19950322114557,1.1506327387329303,182.39129940798398,0.001397427827070153
0.025076922928677785,1.8444298015783704,40.78373596191312,0.310687338947552,351.74007882706377,0.0014563670992066462
0.09240675343949971,1.6810353246692118,34.640852925955414,2.0410925633002575,446.60417931690273,0.0013607650754788433
0.1012765878983577,1.6352946911006199,33.45220249964726,1.4014726557161623,384.71520719464695,0.001363017699204606
0.13487595975358005,1.874290898633916,35.791440739573424,0.6663658918442709,689.3774776369876,0.0013678971309989255
0.12074511681816799,1.8924020124096381,34.38182738988184,0.19359795846588962,150.2114972675981,0.0013058464934549365
0.2251113290596663,1.6458696615974315,36.84207511374867,0.6887896101602876,38.39003964390072,0.0012624732798920343
0.1837816128217315,0.9663763279413461,40.625661920002536,1.9079052469580553,921.2401088621717,0.0013346974769796421
0.22098116847468538,1.2849119249723664,42.72542940764585,1.3604815270669073,425.7590177233653,0.0014253091339326103
0.0625728396668725,1.7750713121269157,31.875536129210044,1.0162851936140003,306.36390597104725,0.0014100650624001348
0.043368291400872776,1.6973923450469062,36.6819237310512,1.6345281578851842,528.9388949152963,0.0014235081175341512
0.06380358047299511,1.6885502690757415,33.45604656742022,1.3375429028849177,319.05118424649805,0.00138995729430085
0.1303741379476596,1.1211838548379005,47.63310297866759,1.2102112775096991,732.4902161708355,0.0015806180046511432
0.2120291148290447,1.4017451506280465,31.61069679108969,1.5042133254313266,441.1293237080674,0.0015647779563289388
0.1441438846153846,1.6310794052868258,35.92767989919682,1.1089428477815886,452.95789558794445,0.001586177392136005
0.23900750111735883,0.900637458634264,34.13505083293117,0.24212947418806915,513.6926430741034,0.0012858852854779662
0.29912093259797834,0.653527668404888,30.769737704027023,0.10686485055029919,506.3043816860647,0.00126907658110421
0.15211556478654917,0.7105630453736731,38.277342583420655,0.08942397780712394,990.2162646720127,0.001288941652388114
0.1425598421878298,1.6892393161533892,41.04799904441458,0.12197077001836684,186.58894954761573,0.00130182899378878
0.08034520846012316,0.9171372844074236,37.247661770531586,2.904030826386773,878.0710236918201,0.001520221007933996
0.2492090028823079,0.9346526138048942,39.716225466659544,0.557000242852421,406.1452831984274,0.0015136532322729695
0.13585872258571224,1.3214766079496567,32.599828492215394,2.689237434450337,40.51809316607509,0.0014310938967017565
0.21647603164872797,1.1145883073467144,41.361932832380084,0.19227582672257523,1359.973926194732,0.001438982101850976
0.08181446300528847,1.6042815876524268,42.86543559685586,0.07758982887455772,32.189503605160866,0.0013290477402844733
0.27796418194921013,1.418791997681769,34.674005681424156,1.867363430129762,1245.4161811108145,0.001425881869057121
0.28584779782192243,1.400375567082437,34.082037742130304,1.7945604151168382,1027.8217413272785,0.0014181116602633812
0.09794507444676057,1.5022568377235752,39.52071266261778,0.44534426270382427,74.749082061665,0.0015526186299415403
0.09996436466627669,1.2337356099605798,35.5613848101835,0.4105012538892509,144.09211188967086,0.0015409635361618825
0.24935520937326933,0.877559767647771,35.48916197431057,0.9215393058674718,784.1759711873467,0.0012626702468380283
0.09505022706635012,1.31204924028285,36.40758667337196,1.3996782898747415,129.97845195687216,0.001452541657561172
0.15183695900680377,1.756989239835864,31.840462305427632,1.5321135490702067,236.66790675501187,0.0013061297924469278
0.11307209539515933,1.6669442436537858,39.85043545523981,0.987059301340387,263.96034634090864,0.0013210014210472698
0.22202684832045458,0.5768343774690815,34.529987885051035,1.5290307041273188,729.0166079893783,0.0012886630797351003
0.180399885196781,1.3601945819885977,46.71762001432493,0.9546628318160953,336.4028293585909,0.0014554668814947109
0.12240019140328014,1.524162805339961,60.08686608564341,2.5629016230055996,537.7056559737166,0.0015005846459711797
0.10530605132081114,1.6628514120880176,57.9484677775183,1.6981162107978898,787.3973174142966,0.0014142983943751597
0.09802776369357034,1.647285462813794,62.779672597661055,3.290012651416645,637.9162824905522,0.0014258823909725432
0.12196019694671054,1.5884376200507577,57.335362051194515,1.393045159929513,868.4802747771562,0.0014225472040763675
0.19053202559061758,1.408597856204611,58.07003218561416,1.1569569152913055,340.0831088211956,0.001399191896454
0.18963680121159376,1.3105467779755966,55.36869490328706,0.8060395331348112,638.782393591777,0.001339711217130097
0.18022051094243735,1.8395672930940583,58.84285191772592,1.4127804479625097,316.5262651109927,0.0014801296345408005
0.05433647815386181,1.7231602886180126,53.99817278055953,1.8338205202936735,557.4705161295138,0.001296247802811696
0.02192516197982198,1.7996606143147427,42.77239092341559,0.24157743496900116,577.391242961861,0.0013986582052617441
0.10221323191332053,0.7991101583062792,49.13775736648912,2.795065860262561,29.428323309639943,0.0012858703598726566
0.04884763440215037,1.5303281694708069,47.37974894267298,0.20146006808991854,7.623861701062288,0.001653670859718161
0.04442478572697363,1.2211218770863663,43.71860465971077,0.738927648290539,61.3649995490891,0.0014838551851332578
0.03397964229738239,1.521842026608367,47.88326436268839,3.2258015844014682,23.28717670154207,0.0014338999831693994
0.19065620352589635,0.9585550112555863,33.2151067287695,0.15533145164050022,133.65153891349505,0.0015368048485297238
0.07031066964390571,1.3559603438424832,45.42953822044971,0.3144284251081408,657.7615000680116,0.0015610259925542365
0.07961875136215242,1.4109945344072534,44.996099726146646,0.20196340028088478,196.5966502680113,0.0015183831349437323
0.08889326814028721,1.1598407609140506,36.36668271338943,0.07591892671343049,89.68993675382892,0.0015087949452166642
0.26864517757843986,1.4337844186266762,38.785171940810486,0.2887238430821494,72.59033174489447,0.0012778051188092122
0.14821732419527556,1.643814957447425,32.05437975099653,4.031090705005064,183.01537904767352,0.0013621711994934197
0.21106626336282464,1.707849241093945,43.773219683319994,0.2925697947395332,999.2792984114249,0.0012839592810257989
0.22117323062957459,1.2383819517230257,30.804467990605755,0.2904736039717877,248.21719968629904,0.001312994713754671
0.146679621403242,1.0063363965377359,42.41012477890653,2.1728148529258156,966.5385988463538,0.0013623242953167804
0.1574014529740576,0.9496886669872204,39.89461651394062,0.7798010617764017,1303.7778400026036,0.0013875591850815194
0.09589240468747519,0.8922594930315217,38.45702799594,2.372262990926577,135.46638384245287,0.0013725840148839188
0.1319086346676232,1.5017379205042403,41.53578767889239,0.409108955107249,961.2880605972191,0.0014819478892006772
0.12977103690130298,1.514978585529711,40.667369946469705,2.1405731848404668,223.6324726532121,0.0013505969030183063
0.24641951005363077,1.7165007366756244,42.19078533413503,0.708827782561616,114.97646146819555,0.0013551596982856351
0.10189242350607894,1.4544858750858023,31.510332138883243,0.36735556564950667,819.7686344187364,0.001452219583691159
0.08914733328700773,1.5847270913779268,33.63663877651377,0.31644290372028416,452.02980496473424,0.0014190703019278422
0.05788513485751699,1.6445359030148212,38.26724346805243,0.056734329633959184,509.31625690483855,0.0013786857662845702
0.03665562743338873,1.3083235457878704,41.68216244063155,0.12146733631282881,609.3402366940447,0.0013608000975159238
0.22358062603735412,1.027191525810395,35.211511241507985,0.1642480065346865,392.3878739575061,0.0013623354789481978
0.14064011047477232,0.9371148960261402,40.70906013021014,0.9258904715830174,368.0951692642467,0.0012735589040721836
0.29801057803467756,0.7858548544464989,38.86446100787417,1.0309754201870873,822.2054268249435,0.0014084393972192564
0.1451024063591493,1.2472884588188833,32.50222414724557,1.6509210607304434,309.3098614155058,0.0013282548922012335
0.16538705087850014,1.4212085995187504,37.36017849470224,1.3880988705705288,556.4658536204104,0.0015135672666819308
0.24641436054878504,1.6840858208555864,34.91233441039035,0.8542578764739358,452.84817147353596,0.0012475654751302127
0.21221683078895665,1.417031109179627,39.56650255000964,1.135892296297788,241.98837204860115,0.0014023779021884865
0.2815344444339576,1.1137220252641142,40.367983570457355,0.9204714825260056,334.3495962648976,0.001427122419981661
0.2832656446652995,1.1347277318411881,37.07415242891195,1.6079237058245575,732.7778073274746,0.0014315799768848708
0.12218267128228882,0.8580724443506684,37.358258209902196,0.6982493483235145,304.3868850147154,0.0014020968662300955
0.14033716557624934,1.035364400139948,37.89226252848245,2.0606666354555863,578.2084423231878,0.0013995020353477102
0.11362138457032273,0.9512179991933752,41.031790441499496,2.747085462745281,1271.1177441706711,0.0013755627291692622
0.1265396335763459,1.3572378893116082,45.02342096912778,0.7603066682254709,221.34105826430545,0.0013272976388594604
0.07647108522722919,1.6952932053185623,53.22391219369066,1.4121352196625527,377.004231423516,0.00150464626634511
0.14028694584392054,1.801052342530816,57.46311467255149,1.7794596812953247,556.2150621614327,0.001439755377514311
0.046562539265650925,1.1052066737110635,46.1703663220734,1.4801993388212098,596.6182956231073,0.0014084267890800586
0.05713269320085298,1.209392126077041,39.58186415163394,1.9839633523480915,749.1020301875734,0.0013384900262307208
0.2836045351133188,0.678796448161905,37.17786374323993,0.7701724154402065,395.7193085739903,0.001500150342913485
0.17702897726824843,1.0610464615294064,40.80719325293267,0.12177454875797554,923.3880739543888,0.001584710994340236
0.1769333151161243,1.2559442167554595,35.46909583902067,2.207243401068201,118.23921764599554,0.0012588502391782358
0.12849437949955353,1.4479221120450947,39.780999441365985,0.8764495427711116,113.58634448919749,0.0013036318828133391
0.3294466862483076,1.5096276848877865,32.28798479158008,0.16378334121037172,187.43377480829412,0.0012814473302399008
0.08526960141357938,0.7827373843835861,36.23803388691273,2.343032450319029,868.016443353319,0.0013772632927283746
0.3133737372547054,1.597892687420119,40.79197274900105,0.32141175880537004,68.26111110468624,0.0014994595720433644
0.08751300821335699,1.6795823136470571,32.5601226584292,0.2066604405029611,49.66595091628253,0.0015247698016415373
0.016322851143690774,1.9639665307228624,43.006145757511455,1.0734367428383338,25.246485378247392,0.0013180522219333496
0.10018978143566093,1.1102064208680134,36.71713850328906,0.5346195739212553,386.2369894546017,0.0013983276734543769
0.035276030840154335,1.1644563989116352,34.71991747280584,3.0679777287370236,1001.9403453250469,0.0014000661593965443
0.03984681819383747,1.1839121691858376,36.05231722840078,1.5210627154964387,396.73378791339314,0.0013711689254096485
0.03677531464801677,1.1634265751195192,36.22549040460115,2.9528390632635495,339.36220605852844,0.0013387850486831021
0.10286990531375659,1.479313905666614,41.573668776232395,0.3222179550245856,663.2442831799967,0.00135117590496372
0.11462507728897897,1.2246345866443826,38.93729605946334,0.621256932713338,519.297381107809,0.0013539175992650415
0.25895917215597547,1.2302326955945095,35.58214215370473,1.340755473018015,468.66060495369504,0.0014331396716250086
0.299118052662693,1.4075596332884595,37.02850070562775,1.4655967644691976,473.9223042603147,0.0014648029356871192
0.21169268557427262,1.5086828054153842,40.21857426537109,0.8830358232363898,251.88536258889854,0.0014489400844270143
0.23680517756146743,1.3667694130015735,32.31842986183202,1.3064002245085746,759.2591711256136,0.00137582425073637
0.21431205131089445,0.9816830987257544,41.97739963379003,1.1917520649381088,281.00588855091974,0.0014695174378623632
0.09207718813712032,1.6155995923389233,46.1381335192246,1.2240999416256582,511.0927985833684,0.0014860854245017248
0.08033090773000333,1.6308810462499097,40.725649168420105,0.7696625781452724,807.730734490771,0.0013985578486760528
0.2232444632452614,0.6907005810849133,34.23995959532231,0.6626716744789363,651.9491108603653,0.0014112058261652252
0.12045189086820492,1.5223342355176206,42.03003833466057,1.3145701473617324,292.9962597164866,0.0015229901898702529
0.13567120438160737,0.8457152900516315,33.41117717254182,1.121096999735568,614.4208209508175,0.001391229300447029
0.1161984308997288,0.8146843762260768,39.495933240809016,1.0418171004374845,463.2494329288428,0.0013174583792072527
0.3630033864301978,0.6916702516938512,40.786478122396595,1.432943243210589,652.9736739677919,0.0012354295011970272
0.22347966847378564,0.8483687295618226,41.57028361803288,1.0646064125631594,613.0050916748315,0.0012454723448625513
0.18947874508957677,0.9198698087599343,44.567895296392216,1.338207154530725,711.0411941683988,0.0012478288463737698
0.10772939470855246,1.2721510323082519,34.757826111229434,1.397976557247367,462.67210854789613,0.0012692505773315597
0.10813361979470361,0.9671090864696761,30.312524494648592,1.4111296111693359,284.3078813430171,0.0012016297215830963
0.21095187652112926,1.0404495191370342,44.149562317437244,2.0234563950126394,1012.685389540319,0.0012922393998855866
0.3606867278109797,1.2212215687758337,38.671683531031526,1.9781419243984266,727.8262245126954,0.001287090448573352
0.35484689445337864,0.9834822905421602,37.22317172962193,1.806238636173591,891.5357274113857,0.0013276671622662831
0.28502345762361553,0.7287185258698637,32.32780349168866,1.8221727975258135,450.98054103216657,0.001416202042299511
0.3064291486203696,0.9045300939172861,38.04463884836378,1.4958150989443395,898.6153373305353,0.0014678028233627229
0.37654900123139734,0.5838579172840165,35.234532714489056,1.8923457385433258,910.3886900507936,0.0014312775498893527
0.0947206269628104,1.4926020804146876,36.068210234244184,1.2458998775391712,328.35521625716274,0.0013078605165896616
0.10222805816523718,1.1791463845223007,49.61749025162683,0.22835175429452856,644.5608979882882,0.0014898221030792127
0.06711211688955568,1.2570784279299658,46.701025249120484,0.3814793304447612,1378.3984964112062,0.001590532704920968
0.03346953303263252,1.310038540691275,35.40333132618808,1.3853343753038225,65.87103380398604,0.0012428889943586771
0.023589654204358452,1.6020294570108629,39.29149200344734,1.3636435278007915,416.53403878598857,0.00125022211508134
0.02533932511597853,1.6518061761874216,52.797654275337436,1.4353014486005693,877.5241463661631,0.0012706711281214485
0.029958841796078335,1.4900307485254463,41.22403290402649,1.6489301404165335,394.6135872715957,0.001274759381076227
0.0318696964871221,1.478089932916436,41.981122340830844,2.0304619692430124,131.53582296975696,0.0013891632901127209
0.0324159142866452,1.7469401773013227,35.06414716440635,0.5083361574211933,1030.003163237327,0.0014701936894540523
0.26598341118167196,0.6511485730513189,36.790014565787885,0.39967730211383146,18.703882746850127,0.0013126210196728256
0.19159638985749386,0.7975406787409045,44.38302318811794,0.706071539197894,94.5202491802788,0.0013570452555649883
0.18750242280945856,1.3501752103180737,33.35235100882125,0.45474115649499275,538.8005538032647,0.0014068737726953221
0.2161115352344946,1.383898830713702,35.728001040462736,1.679411557342116,554.0397555064939,0.001531607842653708
0.18533491694745638,1.4279412500800335,36.51864772619956,0.8689927584471191,293.8976111652744,0.0012621690493076617
0.21245018799629523,0.9221001690377967,38.96771003456735,0.9317214485956617,334.46662767588396,0.0014089496728931158
0.16863839167173145,1.2546853161798062,34.04714152727422,0.6795386084557816,680.2762729175975,0.001551969989893463
0.056005108464316854,1.045500011901598,40.99056593231409,1.3153306354530987,159.23468015411396,0.0013521976315044966
0.039156094557605506,1.2289346976541757,42.428763457187614,0.5190581809590521,119.40796913095471,0.0013628269554026887
0.10222568318723597,1.2619312937598326,34.390394242992656,1.3397821484807422,771.7012311743772,0.0013492524949987096
0.11336236044883685,1.5367815384273964,46.429560747813895,2.388041707998991,136.02081248070542,0.0013538914099923164
0.2255535945094044,1.569109432518032,36.2022491070993,0.2563446269975948,549.1163715021959,0.0014701890703375724
0.10186922007727454,1.4295093080404098,35.77382603689565,0.28810353763523017,178.90909327368846,0.0013862747762240554
0.29242704490670995,0.8411061453753713,34.45887080801756,1.414652023933386,860.876718664816,0.0014594560849743644
0.1425485105972834,1.2253531675795155,41.26708133457049,0.3096998036852358,251.43539919532464,0.0014930055107351542
0.08909115240185418,1.1626438199964764,51.58388579049119,0.46010846740372163,207.54877631188037,0.0017207184234090407
0.07319581675387339,1.6550758353290702,58.47546917605423,2.196509112250268,82.727919951642,0.0016472426316470824
0.16408625001379556,1.783582452887014,53.33772873634408,0.34297755432163374,385.06419507406565,0.0016408967838348843
0.21293543019887165,1.6046361181195758,52.84173917725019,0.06609183805237046,751.2633604865479,0.0015368275894897443
0.16064571982927123,1.2851669456282746,53.404325440970005,0.11028612560210158,757.0341293380375,0.0015894944903491496
0.10280987410980282,1.4162103899779088,55.921195075525894,1.7094637521037448,327.89715853091366,0.0016306422461136332
0.11606315994697364,1.5379849072935694,53.84413983822482,1.2244045373886185,480.97373899127473,0.001635907088483708
0.13186637183319758,1.4618854245519473,60.57814507364966,2.016204132386767,404.69392390098767,0.001636487215823293
0.28826847921364174,1.6791086244012892,61.55872231806327,1.6885364616542389,741.6445142416942,0.0015668158435010857
0.10924933236747443,1.9292850344615744,57.01734767527313,0.9876154206817924,412.8583606351929,0.0015450532959088916
0.09761468645739842,1.9320462764270059,60.03787823031442,2.439535171571021,465.7985361051549,0.00155422888942469
0.23063519119764286,1.5493130885660602,56.61224943143486,1.0139041719978676,66.8150422212671,0.0014103818719435786
0.09712654573578577,0.9885516627362544,51.14352956370565,1.6942368232335883,442.8914959211287,0.001655695386648206
0.021197343727444883,1.751384279456745,39.19088717594008,0.6381576741221808,586.4633987861448,0.001300876367366146
0.029076643486181067,1.5964969961774096,39.1672564861957,1.7015938141730746,257.65753781736623,0.0014063907736322
0.16787953567732292,1.1232184970982253,37.25494041466937,0.09140756774441998,1038.722774929048,0.0015032568866251963
0.04318456562461682,1.731349954957461,38.14432840062928,0.08282661457452552,266.7286588553553,0.0014484775569871735
0.08371951535846477,1.6240190998849764,38.375173877643746,0.11931272892282747,286.27779837133977,0.0014349322450212115
0.10830323128218858,1.5234877748259112,36.45752490107968,0.0754968553937755,386.51758637000154,0.0015962220531607046
0.19855125808544022,0.9917685569581229,37.14527757320332,0.09207367704280983,488.64017650681353,0.0012602031999527834
0.19494964136897808,0.955046181371275,41.23869693471175,0.06542686750699032,339.7969064825266,0.0013084980117095252
0.0706056325638743,1.0825255873237163,35.564063693224725,0.12936538933756395,446.2662870132726,0.0013447247817116774
0.09199312905083122,1.766474458832054,40.482839906770906,0.15288599005017783,527.481130644011,0.0013648370130476322
0.22671038506081545,0.7939143703299366,43.07907891107978,2.140463852677302,594.099708903266,0.0015010060892959763
0.08694074816707692,1.2714902185439623,41.34542701594343,1.8178220620414436,654.232521078228,0.0015662123160382847
0.0927942774743024,1.437093371934304,38.175315185074815,0.9720242721470613,458.63620609531336,0.00149988614177626
0.13426102462437592,0.9299316850486379,31.483056633200263,1.4430631740088842,174.02578309022743,0.001500488051889985
0.05654319322222837,1.3369073385000179,42.91291494168661,1.2293107883303807,176.461876135274,0.0014788555000403688
0.2366229059796117,0.7088307145683586,35.6908993462813,0.32660980292845515,150.58238723508765,0.0015322603088911567
0.05247066758616693,1.8302654713918114,41.82138545501652,0.5567142900384545,49.48066827936849,0.0013812081952475474
0.02015534831651033,1.8649470225820466,38.88942065716464,2.9166849310026657,108.67796154411411,0.0014359538428004599
0.05056968009850967,1.9198010067985791,44.25591819531823,0.14759345406998117,143.5663431175065,0.00137424850923155
0.03691643208305889,1.9146676502660733,40.29649606371512,0.18667762748854028,148.2526106503232,0.001350041015301581
0.02097811499404521,1.9377470636888547,38.28544855851348,1.2822057011916754,859.4926582994315,0.0013697623930042098
0.030927366600079793,1.8803393201880307,38.684183316150644,1.2738390445183465,432.8063577141172,0.0013856270068590428
0.011606275779479026,1.911707415390005,37.59864451141962,1.2355384739122817,978.0468286060902,0.0014452671225718343
0.014965217603979045,1.8775178261617294,39.71574084893944,2.1726772628714865,541.6623604896116,0.001446357410899372
0.34069304346980284,0.976425929149191,36.08225067218458,0.2501297039705866,352.6039890746229,0.0013609466387801013
0.14060566545902883,1.181246247420094,39.63236267632808,0.25212053720812116,876.1331560686565,0.0013986112416801665
0.0778420533828398,1.2034260438472302,40.5765448666026,0.09471055181658831,873.7091652320657,0.0014426657397365512
0.1708999444529956,0.8351130456843703,40.6670982904539,0.08804263430932639,267.04143827857297,0.001461879669552732
0.14926221258523995,1.1259631338796645,32.43433652966126,0.23524566989996748,522.98640411462,0.001608105191522373
0.12091905579495761,1.1095100644944058,44.677744436299356,0.11413500351046948,509.8468546883216,0.001629148747959741
0.19615675523346016,0.906349298043138,30.755874318252662,2.417833576258102,607.8775108652941,0.001417531719707021
0.25911839017782323,1.1912652056165927,42.17968075256232,1.0247757247046585,386.9957929820366,0.0014960007842396393
0.1616038556271549,0.9037200831733975,37.285828324674135,0.9830454812722318,789.1626126128655,0.0013495511267154804
0.2586607353807215,0.9140442596067715,36.660822899072805,1.7393920098264684,408.146084122802,0.001397271355330615
0.14759594940353207,1.751807821346271,37.68105030582916,0.4469950731993127,564.4460152299042,0.0013943843305598371
0.12143535124896891,1.766910327319814,38.18295297733237,1.5420322266232314,880.5312730606411,0.001396215508185898
0.1384945069701603,0.7523738916252507,42.48220278142179,0.5763340850980045,210.16890598341274,0.0013519972463518393
0.027408161218738313,1.5728740662131415,35.13220554119186,1.6108343445472328,139.3634226283445,0.001428337580737963
0.030616342125552774,1.5783717662808514,44.85843687718581,0.5333771797792337,755.0950645963725,0.0015055991376991904
0.3459754290729344,1.2067914485365892,37.9208470925486,0.47422249883694806,777.9762056993294,0.0013510840842446143
0.13913495107899618,0.8837821079123667,36.54955783730995,1.1107888881584684,129.09702154494158,0.0013264596372700584
0.23918167045579736,1.2528280146420612,37.121539929434185,0.506670636386749,649.5330719781504,0.0015752938931386897
0.16867384042466763,0.7883732429389491,37.343804913761296,0.5570841321468964,429.5827768497308,0.0011561250804651467
0.17517436266688807,0.9215102555754823,34.56058059751843,0.3161878441560728,708.7591718679855,0.0011630181173184998
0.137956435013291,1.2513878102795193,37.36503316236477,2.2519841251490895,400.8487251941668,0.0014778720577751589
0.04855189222063442,1.3387655355670711,37.69402501520728,0.46027726566844096,15.39167293694603,0.001489440072814557
0.3127199781090277,1.0696296912558838,34.23900878638682,2.0543439170745668,85.18335739122051,0.0013111072423784677
0.1983888697607517,1.4749021293886624,35.428331941230226,0.9360658004878257,119.11535162386701,0.0012571575190675867
0.31573891045928454,1.3660849332661278,37.65964780978049,0.13122217044252035,60.06119301541661,0.001283519246823889
0.1504512958567075,1.765397795882381,39.95190150058893,0.5145819373954852,90.3360321651816,0.0012565576814027447
0.13558491503991887,1.6114982240139786,34.4030698560499,0.586361771463836,391.17901542093335,0.00123384583165603
0.31313675737450386,1.1034197798589338,39.12498413490701,2.8574781494439825,942.4946715506201,0.0013022883007082226
0.16880414673553093,1.264899588577634,31.268242822651168,2.8613657716989676,744.6139828321884,0.0013235329366239384
0.2525934889421461,1.0632853195422538,35.34045976629315,1.9153521002494152,367.6291070643302,0.0013965305644705953
0.07242493243607606,1.1647404580616645,45.415471140077166,0.3048205458267368,535.8650829422459,0.0013497508853135185
0.08103857191612096,1.4554971865127795,33.751806365916316,0.09758601421375795,274.31618283780375,0.0015218234152430624
0.2812987996851028,0.9476315814369167,44.01681586287221,0.10576424220367871,746.3247487229071,0.0013607580374435215
0.08331842030077306,1.4541180068978237,37.993951091033246,1.2882796603156932,278.79471125624644,0.0014167271317642042
0.3647287368608532,0.5053481622000698,34.847441037401126,1.072375665475416,201.00871251617298,0.0014927511875713032
0.19266128359231602,0.9150331846270692,39.122116793266706,0.44294997383514434,519.9184590933521,0.0014300114622778546
0.21247039010868995,0.7914812888621948,37.14926814121456,1.8266367756183672,593.1840438269701,0.0014610134749417662
0.2994291543155483,0.9714288779800067,42.802007260294594,1.296830444210781,545.3385114933199,0.001388901640455245
0.30146965486007243,1.0057522077838235,49.807664743678195,1.0053710828306026,562.3205626352469,0.0014328662455812917
0.10310409191985255,1.4505644800563284,47.474972412479616,2.04026268674874,748.7261045958791,0.001429649062463881
0.1216280230752503,0.79442448424555,36.053708730398576,1.2227399870118152,523.5830047622488,0.0014729347985828604
0.4682819611813453,1.557180304273938,37.388769571929714,0.4570679528764059,148.35991752791443,0.0014272496099723675
0.03717789876669494,1.5253608945544868,32.35982458209303,0.3791982227806991,712.8752448441674,0.0013167609862875579
0.1950244591029556,1.3878232512061577,39.96065356202117,2.5722424925423804,162.70086258995576,0.0013737910233995987
0.20502363859477768,1.5585034006239913,40.12824732994812,1.4060991507995004,517.9044054621181,0.0013581258735623472
0.19381385294257605,1.6418530189028322,39.26963102788534,1.608198422045851,324.2165415172236,0.0013405422865288017
0.27353744447517614,1.3520942166094498,30.028152398362042,1.255985789488649,140.5925227804233,0.0013862298553551015
0.11813195187558709,1.427715878418261,46.54915870892804,0.9557061865949394,1107.4293045627344,0.0015900769194565605
0.11547259310211795,1.5463868588923952,47.138868380627585,0.6246225530453172,501.1467799762776,0.0014645343156859652
0.11835552712317947,1.3778530395018245,44.3657773146897,0.7028090805422449,273.4319622557932,0.0014332173533905513
0.3356554714702694,0.5733139471278859,37.35834785417258,0.057447677928477596,1026.2283091221618,0.001258355289415957
0.16919108637564828,0.9590456874226181,48.544976107564715,3.242544222607831,295.6456053666145,0.0014298591213130593
0.09791265223794908,1.8906968735556196,41.51343941264503,0.07229061728004273,498.72445706968466,0.0013792953745246327
0.20248665554370995,1.4871317655049143,34.75606218158053,0.04175317732677079,650.888231541244,0.0013821794349368527
0.23745164990093862,1.4151519743724217,36.11159440867086,0.04090573821862604,720.1748807019437,0.0013884028964594734
0.029230652269909004,1.2143224471173397,39.2269546059088,1.1191160905080249,231.96489271180064,0.0014279993928001259
0.07713992451925313,1.0750224105143003,47.18923595267224,1.469824721433181,84.83598945315799,0.0014125472281898545
0.028437676351695463,1.207890339249478,46.33525737511819,1.8141145033740178,438.7339455408393,0.0014662893938864818
0.1096623339364398,1.626829913916586,36.67408769921509,0.5921259025896477,393.39352505528547,0.0013951537520842834
0.29042507920085436,1.5265120118770623,36.342634042533646,1.0025682854798355,455.1869479234363,0.0012665097087418181
0.2948889339502426,1.4849293723174928,36.82346437762329,1.0801383834139395,486.7971453987621,0.0012697193404125557
0.16450372493628446,1.604886742449756,34.94651371528607,0.5698536912946395,450.43903292942446,0.001530686700966452
0.18371460195096714,1.1257881159035465,43.30710148366992,2.046673214696838,347.72463792522217,0.0014083976329199684
0.15508056006715062,0.7771229449801018,35.97147722912512,0.24229215497666495,217.98832444521895,0.001417733049302073
0.058519236848655294,1.169485489466456,43.38110505978344,0.07938416461576558,680.2757143150291,0.0013535181427285145
0.04749719143106546,1.296872355592522,42.32991208365017,0.04783638761698633,458.9877334161315,0.0014446543821374693
0.05842704215248008,0.8443074227185129,44.16384194774203,0.04720287564098008,1197.4883577769895,0.0015555934868877472
0.03471882938992869,1.7987382859755223,50.05867405516,0.5172600206668352,156.05039551223132,0.0015586425077630283
0.024328784595518526,1.679219307206399,44.80394122027283,0.576088697670569,171.7476911027303,0.0014863202850068351
0.03147759123943093,1.0204835922677298,40.79258365650644,2.1189872584964133,162.83279415390157,0.0015101874867469063
0.18408684125491992,1.7837258274769787,54.61725441207088,0.4497035115884047,210.05593478382977,0.001309030139135601
0.28709917353358916,1.772480588063306,54.94728292501423,0.262614473046717,301.65065012798755,0.0014336978084940558
0.11508137600616339,1.3370268965832837,54.42054239099236,0.9494144198155567,34.339948292827174,0.0013785765491154726
0.2059099128658737,1.662297405377851,57.60561397058511,1.0510166654140543,93.14459864243388,0.001528696394913305
0.2231053699774561,1.576891238873875,64.03339000379367,2.0570645990727674,635.5077761119163,0.0014949463759005239
0.18642271336470784,1.4293686138539352,61.1565574166597,2.6068580952934806,607.4802485022044,0.0014854001630242124
0.12386528124596594,1.3401798077062022,50.53897321614909,0.5468005776440276,548.6103206735221,0.0013931044520434524
0.032425047438282464,1.330199411585619,40.26654700337548,0.2981762427385336,577.2310204105477,0.0013850881066288017
0.06501690460015516,1.374434419576127,37.82401463065435,2.007982033648529,386.0290751586274,0.0014791724594982953
0.1103775374094364,0.8869817180100433,33.85362998666041,1.4513362671600862,470.7420467716126,0.0014477311412291458
0.11978532026594156,1.6046047204329448,35.54270450072776,1.0887911085008428,44.40878689731699,0.001523364162611477
0.07291129217518674,1.0983153718454535,36.92791168806679,0.7610141450920378,21.75096556731361,0.0013519590818366898
0.20572965385193584,0.8352882029774419,34.00936166955962,4.008423696143995,28.20989955105324,0.0012747007880678342
0.14414615506862413,1.4541467777230621,38.606633898242904,0.011827145258325678,724.6731220858214,0.0014864953711112414
0.08035795865625577,1.5009513650820927,33.79763104062214,2.058143028437557,832.5064118867039,0.0013490088866988793
0.08254807014686866,1.750296398869113,34.35766292110563,0.5502677585263382,478.78687269207387,0.0013543364853032406
0.12718216154766482,0.9747129475304871,35.45776480744989,3.039335607097903,610.7725224673284,0.0013716055034209266
0.11345218270322119,1.119751352312901,38.925438187697345,0.022035183988737703,514.119634593749,0.0015306281702014567
0.06598703541652937,1.8299451761259031,37.99421716090865,0.08915993981110402,359.19413127110306,0.001498906054385336
0.142691056135169,1.9501016353912448,37.079714320334894,0.060129284150854834,46.933038983116155,0.0014501675734981726
0.16943235838736723,0.5354426323163578,33.183592225832086,3.162256513040732,292.0668740315373,0.0015075760856644396
0.07629986589281136,1.804369385982475,36.35346687058172,0.5050969746853861,545.213245120627,0.0014216685114570174
0.07338566874266576,1.460225226697776,35.324913436536825,1.7657118626141164,397.63605112391986,0.0014034734385656882
0.20058217759865896,1.3306843616050206,41.04626123253479,0.9467797986586786,514.7721694469769,0.0015943499283615683
0.2513881916828195,1.0250702131939022,39.87359489676842,1.0519682673408213,236.52683426598196,0.0015961301267875844
0.3896661643083516,0.8578171695039031,42.55508440094744,1.0270332481383178,232.54640976409794,0.0015935095432038921
0.13121598480416038,0.8080562013625001,51.999622535218705,0.35824555720997664,323.4278882393261,0.001554251188705665
0.2109919853308729,1.2576928435357992,30.938686539483,0.15716550658963907,710.0063514713653,0.0015593907822917482
0.21680198409627818,1.4730951302563173,48.51220640741489,1.2286384578384386,725.0105698007302,0.0015801984906281723
0.03275110524328962,1.7147153922067597,43.815187069926914,1.4830948593578548,730.1835644686975,0.0012686680256695075
0.0335362077907737,1.6915931619776616,42.91241825551348,1.6095231692409442,723.6437885894507,0.0012777564112418187
0.05906684709470731,1.6964551522659488,46.58858630267123,2.2739679522803096,689.3145031112807,0.001253382695274156
0.06671891521737,1.694044274359239,36.9996861724291,1.3345393129824898,250.86273991297384,0.0012562550425668055
0.20425384765504281,0.7669727702195129,36.54189152229767,0.8926371440842951,770.242350798461,0.001537289492677213
0.1778160095754416,1.179030995125296,39.391595663093426,0.9727251521664055,339.3649060523077,0.0013688509630472106
0.08537106860344931,0.6617027160735759,37.450905245370336,1.3749823890263289,148.6843981520773,0.001383844902379704
0.13615562724131497,0.5451806929834632,33.870613836912646,1.1137818359186775,157.62467651861806,0.0014227141989515588
0.1854088509388916,0.8538678365131543,38.782690608538076,1.5273957494060835,260.7598151904457,0.001525460870475697
0.2100400261385561,1.2397249237943344,39.93765128179772,2.329472098536311,537.9939275369334,0.0015062500835232567
0.23218274899839053,1.2141108895260249,30.666137875267893,0.3299792599898127,795.5317920924509,0.0015313520331222213
0.307814411929068,1.2406007368353695,37.71375154048346,0.7168307207746502,227.50558322948734,0.0014975357360852554
0.13054350618457528,1.5284614672909456,35.88336714138287,0.6903261061729306,125.20106230507427,0.001484190269541053
0.3090021581982292,1.1370423496509265,36.099101854509684,1.4164736419216335,51.979805960811596,0.0014315800398326862
0.04995581234533588,1.2694496742222934,36.28910986113209,0.9096307610150617,177.01262808501306,0.0014708522700837222
0.06806019828216847,1.1221500093068164,34.556536554080616,0.8717785499539666,190.04553266633357,0.001512545427525313
0.14106699174861695,1.3887288120020183,46.43444021264879,0.2221592561384064,387.66243133736606,0.0014413203103227812
0.13262612574352145,1.3580616290793301,47.321426524827324,0.08355057945524025,481.4454487715774,0.0013765152250202596
0.23252906055457423,1.1121615668398293,43.536788328004285,0.08359328720503649,652.1100873305367,0.0014283829953460666
0.08344944070933066,1.3582869151771118,40.03108878393373,0.06119512716338239,189.3099380884301,0.0013302279179222627
0.04069452282063105,1.515895891569301,40.22652926234907,0.14094723469547174,351.55387782714,0.0013737559152649586
0.048254212753877763,1.1986576984988595,36.6832847685496,0.44681850975477727,497.978522825028,0.0013651351996938198
0.06176865109289817,1.5116135876134147,41.108212626241105,0.29486018751116544,584.4885844387007,0.0013618126910439894
0.04255536739007653,1.5798739358730935,44.47138629456322,0.24665386217426682,779.9314681657827,0.0013659341881403163
0.0540072213492812,1.175557810394434,46.13256689554724,0.2877827488138043,864.7118287484,0.001447129544127332
0.04073523673710485,1.606505469820073,51.647064309976685,1.9338631347917525,57.11431495641337,0.001452060860601584
0.075226962767148,1.7569067123540991,54.150129863661995,0.7269340425015773,316.2029637036101,0.001462828571574348
0.06737768263331825,1.803516244067196,56.308654485522595,1.6270401315518537,561.6451391732347,0.0013804182203882424
0.15336559956834897,1.6087844108414167,55.17644880721787,0.4653540714528848,738.3507575991155,0.0014184728409864897
0.07726725558418561,1.1445599724977507,53.567563868244825,1.6694476436446704,410.1026323872785,0.0015799455690228023
0.06821923060667855,0.9784070509853634,51.875553975357974,1.8678893458507044,306.80833755553857,0.001629751998825486
0.025190304960493164,1.6660953004182535,44.278975285007036,0.7819532727841195,276.0767071913245,0.001471752254164271
0.09509050541765549,1.0245459166536064,35.38871363312438,0.6014673560104494,530.6457633594781,0.001507589699422622
0.025323175687213133,1.723922394189225,43.78199064935012,0.29110895497024303,209.4692849993849,0.0013772314416410675
0.03156232065706832,1.5987054241003096,40.89556526788169,2.7222515035824584,777.0052484044587,0.0014143693753414554
0.04165955888420735,1.4747141748850978,41.30093132018078,0.11656996695115307,410.47410889265836,0.0013977174304693478
0.0881004199042245,1.2798995896098184,40.758399763289816,0.01667582468049547,700.879566835525,0.0013788555597407056
0.07062746525316228,1.5370627961504755,33.69804562779492,0.06295608403797563,475.2103038998818,0.0012750810258180683
0.09687358295232001,1.1089169312803195,44.24035429453917,0.05848299448350477,316.49101009049537,0.0013029031033223782
0.17971413449242826,1.218951684450006,33.6063377056736,0.5640837840158401,337.2676029180279,0.001400252387570073
0.12893131418662163,1.4042674177210552,38.16338362006328,1.2059685195434653,268.6491897852187,0.0016218697390912064
0.1572577832337063,1.132980545836098,34.2011241763876,0.5949494306138119,123.27363170056317,0.0015673078493449093
0.23931605518485502,0.6193454682740245,42.11844764540183,2.9409681122122646,153.06223807256882,0.001587358732034143
0.15437349598494315,1.2070537915434247,35.036510384476074,0.1343026150573817,987.4521707354254,0.0014830143240224729
0.15585310785676004,1.2853587676269294,42.14287932964467,0.5110086907421393,147.5013370946439,0.001523129599655046
0.15203149043607064,1.1471481137031951,37.03981277025933,1.5076960734022216,157.93102623005396,0.0015028077802900128
0.1655683944241121,1.312609716749082,34.50206366411015,1.3654631259907317,78.4497516993524,0.0014132050253851678
0.3431738086905572,0.779606669857562,36.302928348633706,1.1206105948905318,62.99194339458279,0.0014708503807400785
0.15612140036725575,0.9926544845146102,36.57124788530766,1.6777918041221322,313.56758923408546,0.0014435718841163759
0.22707015109780862,1.438929333619018,37.629022092156355,0.2657733772178317,435.27954493627374,0.0014006250342014194
0.22805533821465873,1.5361324242176602,31.91572961782212,0.10218035893666601,474.8241304459474,0.0013977922368391801
0.1538942208240984,0.9370104513463449,41.949553438969154,0.1622322405191165,453.1308181124537,0.0014167981880469141
0.0962193619698404,1.4433272152872199,31.27146989949383,1.2463994868416381,221.79285690723503,0.0014249094767394698
0.035686388087973926,1.0022836502998098,45.68617800583142,1.2352353493206125,918.8898244277195,0.001494222418716701
0.2814047849729165,1.5601119861752586,32.84595101656539,0.20206971768758297,118.1337440712915,0.0013149864443613504
0.2804679893990638,1.5141015328111356,37.42515352150923,0.21302895688839757,221.04486612750864,0.0013157213910081481
0.22930101816607001,1.0969327075293223,37.24206634404343,0.7870491104568446,215.2420331568243,0.001366063321365235
0.12292174227015111,1.2956035791570708,32.25082836453015,1.055200390853912,677.8690126930716,0.0014892713941125095
0.27453045801119863,0.917920820942623,53.00114436240627,1.3317410978624813,448.69450656823426,0.0014383953997023574
0.14833687573975077,1.3314693745309374,53.40685563470336,1.7251513175742696,1216.3843506583435,0.0014339263276518736
0.13628859741721838,1.465145615676719,53.6215526173594,1.9087878481139398,355.79814887419286,0.0014542891316822086
0.11688051979570976,1.1428281168936107,50.610887062027786,0.5832247744336698,705.2533839077773,0.0014122823738666225
0.19235174071786965,0.8136080557396831,52.04030697683584,0.9666941526073497,639.358540083032,0.0013473940354312027
0.13597296912993187,1.1169000662789903,57.65395477199584,1.361111514601953,774.2436559807435,0.0013971669543168623
0.1759492740158253,1.8405372127239985,54.691027902857826,0.382238381708426,292.4868941127874,0.0015835634471513273
0.11791634011766886,1.579182389923712,53.945130010862684,0.2831458872875543,757.9840251478416,0.0012848320906865543
0.06491094463920098,1.6915840409540575,54.386101279583194,0.6362383207642144,786.4014819566668,0.0013525945588522246
0.051511428189738834,1.8113194272459752,52.68558236011485,0.5273119505162409,281.2095410962489,0.0013103812891377337
0.02281460050707547,1.8620356916930727,38.670806831478195,0.08650391544041543,669.9510984867776,0.0014610649117424556
0.026530907340278787,1.9793302456917734,50.19530208741305,0.47816107383700585,424.8866999411049,0.0014183152707155438
0.01781497708161935,1.8996751663300848,34.32545019897684,1.7908220230847223,145.1222478279691,0.0015085077483286068
0.030122623191923145,1.9612076237214822,40.04996665535243,1.0225226009007085,1510.4452804018113,0.0014578326211184558
0.016518552600456187,1.8877786380155446,38.793354334619806,1.0621969632290225,52.50684643794518,0.0013087494425216466
0.02221076663111922,1.8734081204900217,41.90061472550663,2.3331772047661454,56.33141285706751,0.00136202870087104
0.025779118034492794,1.8857834145840975,50.4640443365692,0.6175913628427796,15.458818782234882,0.001264810888255253
0.028327700067972646,1.8512136427661647,45.27138647683465,0.7515794388463176,38.95069840451524,0.0013154877959413586
0.10713929019708986,1.9193810089095553,56.9367965072715,1.9639453955234767,858.3938667903564,0.001375015627871524
0.21848529493220684,1.671469174459869,62.423275120625505,1.8048393507515006,409.9719393892629,0.0015672820246251829
0.21130592283127603,1.0243868311514164,53.24758753474894,0.36617354107800826,615.2655797175715,0.0015006964755852953
0.15610921135601608,1.1131345605864782,53.45910876057284,0.2629663199835117,663.9119294200364,0.0015070754493585294
0.15749375057492956,1.1361645541980285,53.81784122236717,0.2747903806840725,633.8459270844791,0.001504703651003638
0.06497111832984077,0.965859113554759,38.33545734143694,1.6980436242119583,378.6759008953244,0.0014158533784074966
0.0763838608022943,1.2792643221882547,31.232379933233375,2.097252159545927,420.519762799612,0.0013674269392419986
0.19968046221454733,1.255851270418409,40.34493290279974,1.1068574316618651,100.18857721772308,0.0013786692908627812
0.18590087576056544,1.0177181567351608,32.074213656162115,1.1692908529152195,253.23080285837239,0.0014108191771394342
0.17553638560778176,0.9035915597726659,42.15268512074386,0.8979259387385344,12.967551294473063,0.0013117941680044476
0.10153494064766867,1.5636532811014558,31.006493284839287,0.7692680333493878,418.6315535826043,0.0013661401242309208
0.08905397674188868,1.2850472740985026,42.44681201575081,0.5703651523138977,305.80480487243653,0.0014222470182014171
0.05585678493519105,1.5241060872312329,36.30123613756647,0.3282744214442979,69.84651369061218,0.0014131620977838135
0.29920245701584075,1.7682973104049833,40.20897623355609,1.6183582942453407,276.00469138772206,0.00146729988572974
0.23731541774104142,1.8075322027772631,38.897289116649745,1.3138617727891069,95.29187659996904,0.001395627431183816
0.2347327829899359,1.8844800015540266,40.21042104156506,0.8059448441126679,153.056253873921,0.001406327939034521
0.09497140168541222,1.9480554250118305,37.476348210446446,2.0503803196007926,822.6913008218309,0.0014656390685574261
0.16527697707436095,1.2549295436749308,36.41739322615275,0.39473113959661044,213.02266195657182,0.0015339715990697889
0.1972135772231666,0.893783566294924,41.095754480717474,1.7206289291486754,689.0297196236678,0.0013393451251401197
0.06240278833119377,1.1395837465555194,33.61365506176602,1.3556454018515636,427.1381606130182,0.0012683380552810416
0.08690509859699729,0.899292798812474,34.857091381291895,2.508134883249191,244.4836126420947,0.0013126664164856072
0.13605587085615245,1.6276357528213974,37.886917834128376,0.435285685890992,752.4411753267818,0.0014324136536405271
0.18750074963190103,1.4902845567447858,37.07676392519329,1.9613078790557579,214.63154177136053,0.001313899036300507
0.15189786869951408,1.3082040243733946,33.54675823959716,0.7510574550961289,724.6291402450673,0.0012275665949459088
0.2087232347008377,0.9327747138421796,41.058886906245185,1.0207838192938246,178.31323156457685,0.0014782552761769855
0.2050318933847428,0.9008140700660702,40.45717922468165,0.9638219640837042,151.28943567721345,0.0014744441822008895
0.231408351675488,0.906726421001117,34.25852570653718,2.6312018064537908,76.36905973241817,0.0014726928348376426
0.11792847140517713,1.5443446156170282,43.78090768289273,0.3295029847854294,652.0410243673947,0.0013066234025492466
0.13043876995768564,1.9080580853428712,37.795245292337086,0.8047782209002494,824.1366724707653,0.0013353344319581052
0.08117171306769594,1.9671974173807611,32.35219411500328,0.9688692944709054,216.15274248817576,0.0013118669944402815
0.06944348026314683,1.980359482555244,44.245527884193116,1.1764642729615666,397.95072976066024,0.0015451954795921955
0.09450233037812507,1.929685652730434,28.464844387877793,1.055395778646865,147.48849252880945,0.0011862608131943718
0.023889148237103006,1.9975980134929798,45.75494453313653,0.6297273025727617,162.85437536788444,0.0013701487786806088
0.018367698489936038,1.340477673695341,44.763626588898155,1.925021869669623,262.3895910576611,0.0014223663858711493
0.06347299457385179,1.657323027530608,37.1558562013463,0.6696080281430399,462.6180712932755,0.0012387189941152588
0.031576852150426805,1.7319143913256416,38.79352540228985,0.8225035956442541,417.8205943754584,0.0014998158143202742
0.031216593048098585,1.7634414102707743,40.449155142117576,0.9289332217803176,866.3845372677007,0.0015054836719351544
0.09563911401071158,1.6839632359388985,37.72529888456411,1.0469809435680182,1000.8584273682187,0.0012863905829268822
0.13528009206542285,1.6366258640019689,32.3440358374809,0.9674022414474711,476.9348777450636,0.0013797064898676916
0.1366162219027452,1.3026219026161328,38.320659325043366,0.9474641903520739,676.2800742571238,0.0012884877035165266
0.16637342992198373,1.4718600307877232,39.10208353854887,0.3219575387798381,599.7879473036068,0.0012324096742402598
0.03191732309722239,1.6210692565257288,39.65671837479204,0.5446005967201938,461.88806382270644,0.001359587938851259
0.17167884924990515,1.8012822909397668,35.055841885027625,0.2982503008934583,608.113762154214,0.0014597908687172094
0.1304569481798198,1.2407850931918623,38.017894519175556,0.6212651785968167,526.7187499627364,0.0013663130064593657
0.1156929270337339,1.332140845684143,42.10149389631041,0.35812012710980506,212.84046950258278,0.0013889243565880362
0.13051761723376362,0.9051677527732057,35.80213022021478,0.7135983874302471,623.6740488866546,0.0013620732368646387
0.12241233130915488,1.5731143980971773,31.83055892558827,0.7069927165110365,646.5044252362408,0.0014010546013340525
0.16017613179652837,0.9984999332744057,48.694678505797036,3.0932706684729037,180.0721237138238,0.0013103904556437873
0.2720742167495573,0.5137040829555197,37.957209438071935,0.26294013567042407,1203.2552179536272,0.001471352195587044
0.22499481239635902,0.554494227810436,36.31266710493063,0.3758635496657527,1009.193248341426,0.001442809381304441
0.0693204422761823,1.675768637475987,31.86916529015251,0.3826860692902286,111.00346538590357,0.0012850506815744985
0.049994196524176686,1.4410949122846053,42.788721479185604,2.8569887648920624,103.01148984333356,0.0013304747610646645
0.08463346459508848,1.3376464162703572,35.13978247857389,0.13030975834583788,212.61020400522364,0.00149078540351799
0.08747764541750487,1.8901541148808758,42.457735443310995,0.10882092823345255,74.92061020419789,0.0014980170623696187
0.17032479868493816,1.8405018676299598,40.31846065891837,0.17287534630669799,53.45832725781887,0.0014641132347792516
0.15008720504823092,0.7448491466468911,40.48718622329368,0.24763616943455136,984.2005387715636,0.0013285420024691506
0.21916200569575894,1.0881250770113426,39.54754001129099,0.10033007578409546,399.92105746997504,0.0014437891354737425
0.054826673263576375,1.3896336357463577,43.18144309492956,0.15879794776785053,445.51025638401705,0.0015522708599437958
0.24921924129351522,1.8337590515949789,36.447003766222394,0.11800242489551074,313.12732270968434,0.001258620567616854
0.037177091348708516,1.9146260745394743,38.82710372539501,0.10991767214108576,554.8779191123961,0.0015273620449194171
0.028940910577438157,1.9551640868991318,44.60690760650384,0.10722387140259536,241.613728037088,0.001326319619821419
0.09660030714450814,1.9452617069712042,48.6164923816236,0.11253620142067201,297.2737641338533,0.0013877205420578702
0.17672658090243237,1.3137048865542307,30.40629571738627,0.04889005575039361,61.39860930627648,0.0015284718617810486
0.20304212757094292,1.8799603433983094,47.53844889415579,2.2637174272829044,1388.9387096305272,0.0014830064716785211
0.09793999417310326,1.8496045356066282,35.877484507306775,0.3126023463112922,52.74851080856463,0.001590469320704937
0.13438120399907288,1.6913803744564686,37.730087301731714,0.21622219057506492,59.25271926406191,0.0014263494357384136
0.13199052957526994,1.6435690909052156,35.65926100130252,0.08662961177326824,35.07069053774387,0.0015185598630138137
0.2303899342108752,0.9264463320396302,38.22656439814789,0.12579524977773396,620.3254984909653,0.0012719848182387815
0.24712091990431467,0.8371111243584827,36.53828226535074,0.10998773083904552,759.53029329182,0.0012810775631970986
0.3753771465283859,0.8509256404995357,36.61984384109919,0.10731827534203346,725.1925911032151,0.0013144569433323242
0.09483252225282011,1.1158252407040632,39.840636640226144,0.24986927124961622,204.17237339156296,0.0013414163618496967
0.2420978923088575,1.2909714392831009,37.80604450683348,0.13145810119327087,535.5138853734405,0.0015960585377131171
0.16069917382608026,1.3608763257353087,34.448934356040915,1.7744217986821433,553.6764760628564,0.0013219552864644911
0.09074269665254361,1.3917201940029478,37.80312004867858,1.2654045255413164,351.2602038250133,0.0014659313840857096
0.04491851389675459,1.5992275076113145,38.59026421371284,1.1649205889791365,499.4574937476763,0.001332601807619234
0.025940113319594674,1.882052225091583,37.57067856270435,0.6886075785607328,636.1886141729352,0.0012895623370399437
0.4094401404781411,1.1782166731305233,31.372418190004655,0.9290314453492405,282.9663155143743,0.0014473271401647127
0.22136695880417462,1.1435111617401235,34.875148690677655,0.45655115092865584,393.4390508942961,0.0014196948183508784
0.19158148978457026,1.3968930865595222,38.78333997742039,0.9365844069403387,880.1567185525696,0.0013525441622891017
0.1916165626850154,1.2841452403839737,31.55826175304141,1.4138568789908377,232.61402383891814,0.0014241683882752804
0.16157517135249366,1.0758640945512157,41.74980779371906,0.3329468630155183,879.769760162323,0.0015852581819076504
0.14853674254151217,1.1871593962193394,35.89341581601571,0.23701717439240938,130.69409764515635,0.001468175247796534
0.10861198692275044,1.015235272936971,37.51801115671546,0.4424935501124239,168.00962773665466,0.0014759100449855706
0.11935514450972967,0.7802572776383168,43.395065652118014,0.9502917524527398,956.1841930812932,0.0014099741380395386
0.2244884875560612,0.6880685252687059,37.46605575424755,0.3725585031598694,489.3703439377995,0.0014290431096678799
0.29094814605974373,1.4891142670741677,35.96924458432841,0.7879784828925497,213.6997299585318,0.0015115274989984163
0.018009273711863213,1.3934041181970005,48.03050161539499,1.1024515857815147,950.0200058985727,0.00126630409665537
0.11343609321083561,1.2523598481456149,30.359304470999078,0.951916670211929,239.68282717414647,0.0014074805263035281
0.08331470904241857,1.6583930912579472,35.38414228985992,0.4518683706599419,237.21793058108975,0.001443381531672971
0.035869536282849904,1.651211389118521,38.161353005906555,1.6033777301139458,874.9531896001765,0.0014071839969650465
0.06920982710789322,1.6947142162532554,33.11196983472979,1.5183308813042116,181.78672127461843,0.0013601755151982854
0.06635217034092203,1.9207479580506186,45.780112088314354,1.0277825261931266,1202.2639265537405,0.0014326113213268133
0.15966069425145576,1.8243832027575964,41.12068685596826,0.7164883907419167,330.0745206267085,0.001351814112140376
0.20447272899075164,1.6284649743720687,40.02764439366308,2.8584322170083,464.2961360422144,0.001308164598623985
0.10649313429854175,1.8801924570601427,30.578873725341655,0.43115661134953054,300.4893954863667,0.0015009785475029393
0.3248433524481738,1.7024150772125801,41.946658119038844,1.5613990034980554,709.1928738125472,0.0015124054661309076
0.2132902260295252,1.863284383670161,42.36339151377881,0.9357489375408224,775.844354907956,0.0014619264688030269
0.16437671353818212,1.875772178307212,31.899088154376724,0.580583365169443,110.78798320353354,0.0015829617142578234
0.06780785243801138,1.9607681971625626,41.40530054840124,1.020960302555663,1120.603294713099,0.0015684861919283664
0.08929796226019562,1.9162756000139798,33.402716006921366,2.0666324129464066,326.29633265911787,0.0015183444390472196
0.03319107709969342,1.9456348607671636,31.743840070298422,0.9541230205526765,702.5685004429158,0.0016120877590853361
0.036214675072783795,1.9746272636145275,35.79822551369158,0.36825167291450517,318.19955229660155,0.0014349397023516
0.1881424295619596,1.4741782139595463,32.280228847941466,0.8056767286669158,526.5141267662761,0.001348214261344844
0.18152097196159703,1.4541344873801898,33.38134557965517,2.145514624720921,857.4367901162667,0.0013350194368891787
0.23024255316753503,1.476119747140558,38.68983489755361,1.7265027912065631,247.98770707675146,0.0013242297850953313
0.16637659892659198,1.4626798546977833,39.20999126429364,1.5532044805391978,325.3248265376762,0.001333219903931211
0.06758829691429341,1.3569974755946588,35.676745484126066,0.18238659597910675,484.73196941968826,0.0013614072354780358
0.07596980338488153,1.3616495711696863,36.35200150339453,0.16444335349450379,565.5303725783896,0.001371388736342177
0.18642342927606528,0.9996696428580131,44.285278108927706,0.27477415191620613,606.8115635897852,0.0014732642817056746
0.15076508626387441,0.9035069739512372,45.27720591198034,0.12023574690237937,238.77503799711366,0.0015619746334012729
0.06575323221546182,1.001708773952172,38.71468542322577,0.16584519522178842,440.92876151475537,0.0015060026141122617
0.1694893188164727,1.366216158945919,38.64256942337104,1.3349940132300602,430.98915145721895,0.0013957798338240742
0.17572032682270416,1.093371066808586,35.37591945450573,0.6909197540667408,276.5117145343361,0.001403405530952151
0.17641214865838367,0.8952963383946092,35.52577361753469,0.8262352657226916,327.15127077594633,0.0013825673511496661
0.19357226616176404,1.0085970541184568,42.52374136213429,0.4792466601906881,711.3388621094603,0.001573842322642304
0.1461834008970619,0.8828923047502395,39.37258639883064,1.82978431842077,459.5709334694672,0.0014330659992900867
0.19529556546941695,0.7791156420507552,37.850203928210036,2.1081564442663225,806.0463672180811,0.0014257091263296922
0.21853973184069325,0.7457522460549941,38.7040271878973,2.267995434742016,718.7617238930447,0.001452728502955838
0.1414720990891031,0.8792395979521559,38.54526646078193,0.240124579905996,510.71867129236443,0.0014145579882697745
0.09512936414822118,1.335743752481756,44.423950123707584,0.1530530812756315,237.58182334246854,0.0016516888691331495
0.07990637320135537,1.1109869734465427,42.638035246472214,0.26428250105007056,539.790223804776,0.0013941386888449041
0.15574042731524299,1.7464747368542086,34.55720933146632,1.9147480414266351,536.4661554959114,0.0013952797486256508
0.13482714689486797,1.655168133213825,30.34570277284668,1.4348005079122537,464.6734664816859,0.0013989830514145457
0.08246925547348376,1.7385988394772172,36.039598114790046,1.6196955654054361,450.14775125233353,0.0013919182472156432
0.3105832496137154,0.5877021915095157,36.09947362561929,0.4269435373929999,160.04123612768552,0.0014056493994456117
0.09774691733459304,1.814852486135719,39.18043000055322,0.4449052398866502,152.22001279369647,0.001417461591945539
0.14565682468860391,0.6159209718028691,43.28434485766764,2.102698236783851,1107.0798747102683,0.001371035789225998
0.1267299521567245,0.6182851096828822,46.10346621287378,1.0635372021952814,665.6034076295517,0.001361489258247217
0.09770173687135521,1.4647597660321725,36.28704483719449,0.24564644920063056,160.45972028686668,0.0014056500576633004
0.09385233295940301,1.25238969582831,35.91008231399097,0.5299654073185422,218.92350522217984,0.0013886532282925365
0.0710994720731136,1.4572916084707395,34.246335887236846,0.7906903893004461,232.78191090661355,0.0014175561949871444
0.010395942796043611,1.9767019978256326,40.013844869945046,1.5508477751786658,534.7777804380736,0.0013299430716244695
0.010310846787086471,1.9749293016576734,39.08439941964453,1.954721875945466,516.1396056797379,0.0013446243650907445
0.03242557482629709,1.9599316723477058,37.818266641401905,1.6028092155718547,562.3469070185132,0.0013979718508443668
0.04203233203943154,1.9758992585106927,36.199010755964,1.0349172923066716,492.46446571948167,0.0013178839527184937
0.06963604255652425,1.9651814498983666,38.28903105444353,0.9876855243864712,696.901778989821,0.001313674792833812
0.34347442116976523,1.9846558294455332,34.81161165729028,0.9540426880114317,26.911724495818554,0.0013272552316198774
0.1118967237679349,1.9905817676197946,33.571044226928436,1.7923045441629206,29.108082793976667,0.001399050409585247
0.2435426508718461,1.632538695796582,34.79392803007221,0.12279220715004685,31.00403925411924,0.0014482795449419885
0.0984488754242658,1.3169386705978592,43.64882447787014,0.035536532229185985,2.536624687962237,0.001606983539490647
0.09029318944519371,1.795339764266933,44.18979667395356,0.043254690104086405,2.494766218887623,0.0015688552828728546
0.08699277689344175,1.6366861744670487,44.011180411859776,0.031087961831542943,2.8891661632809535,0.0014619351910094207
0.4029367332900072,0.9027129158844692,35.804833492973344,0.34928744035017517,2080.411476593067,0.0012753069102231108
0.2944684971707622,1.1499153036375636,47.3027093379696,0.8243492901324202,397.84048716021266,0.0012096666886585998
0.29898062829203476,1.363316501951122,42.91552398538115,0.994611515543315,342.0879771499904,0.001248002401954588
0.07814812739805149,1.5476385782803248,38.850064297776754,1.7870164008259577,1187.2557617616312,0.0012288450864188644
0.10440390721216017,1.2530767092725874,36.971017469793,1.999356348279337,421.431406690674,0.0012829496555164803
0.19223966615752733,1.0465360190645427,33.171737837698835,1.0317193323331777,531.8458280532396,0.001548493607586671
0.2930828461815216,1.3890083230876176,39.2619011605836,0.4926565423335942,223.17196672193384,0.0013715213046451608
0.378813776670383,1.5154121105051923,38.87789428854522,1.2776374823133985,122.2256919748207,0.001302109489639226
0.03403614905254849,1.3194799284364191,42.71040197198337,0.2739556071261344,614.5757014619071,0.0014204723220437837
0.03433927901775128,1.9372133394124151,35.42523511314805,0.8911072868870467,345.0996249339322,0.0014131786920029876
0.0436429309746032,0.8180597930742529,47.79865522183142,1.201042631366002,641.3762922050045,0.0016109390655513855
0.05147703055972142,1.5333326171685062,41.534037222653,0.7054592090797591,717.0150667815984,0.001443940892342775
0.06945484540082181,1.468195175871057,40.31818824747234,0.05493279144047525,522.8871183962759,0.001404091515112336
0.033371583854128306,1.2560286477418794,42.7369586680177,0.23508650692961067,497.0206304808521,0.001600409460480103
0.2947449094338603,1.3997948151248045,38.5357657375443,0.17738376860411126,90.34336535250965,0.0012711740693059415
0.2825287652042085,0.7814093480483202,45.640136867985774,1.1305687639635893,181.87132876409495,0.0014754542778438158
0.17870839658886875,1.5558572654639233,48.016488445362995,1.0068773073009165,1120.5441093334562,0.0012741089868942756
0.20697593675946682,0.6126701812611152,30.929168641587648,0.8772373618684446,203.39356750059042,0.0014403217460182698
0.12503040900925244,1.7439518931026103,57.416256880520834,1.2856995439754202,581.8069223018455,0.0013790487504273328
0.14781763606285506,1.6924836208728449,57.6364828212677,0.9172156066097195,673.2519081438749,0.0013350921432293535
0.22992640382054996,1.6183510431514432,54.684603671231066,0.4296454734494507,534.9423569435136,0.0014145391957725265
0.11754099210240185,1.6154040024857397,57.894952031844404,1.7276283947275537,724.9899562359724,0.0012655400310318554
0.21409567473328844,0.9449891650649234,52.51430384014337,1.217618330700537,499.9065768241786,0.001578338695202876
0.1913300414646239,1.2285564314266388,57.25067555683531,1.7702039131783505,547.4240150498919,0.0016451651183102723
0.12764623847497242,1.5565430393595474,54.87663666290796,0.5071552316228997,386.97726843198393,0.0015253406147622912
0.12863892922444745,1.7206558637378684,52.85434655484654,0.1363767960256648,284.62230984291375,0.001531443560349419
0.10669557121786626,1.5829662686497143,49.489334729135,0.09343626474016897,580.058277755549,0.0015522730946955954
0.15808338363158814,1.513663620913723,37.07012761384502,0.08035621377089772,850.141275219688,0.0012199514379072564
0.0673847317960129,1.568945078856071,37.525663462269975,0.05542778316609611,199.23304711833285,0.0011299396118607515
0.09440787746654865,1.1422697908297357,39.90909640791635,0.041715068984503716,631.4835610198472,0.0012282620187737952
0.11617872414790407,1.0442882857832134,37.175018366242284,0.03905513721741315,423.0148600665427,0.0013550570790831524
0.017506403837878135,1.8345363589508163,47.22871070878874,0.9059685793069608,245.65676524691773,0.0013911663303240044
0.029801801328016558,1.902040701776994,47.671507133098565,1.304361670433928,763.4074731173462,0.0013586474511233816
0.18889786720796786,0.9659420044535451,31.444133613370028,0.10516913170037173,100.86695636917634,0.0014094612345545276
0.1725156077094669,1.0600344902252279,40.983909813063896,0.18002945128562672,98.212508523811,0.0014016825664605079
0.16681433593332856,1.1115291592319199,39.38625064238268,0.1909068551744766,113.84097166682793,0.0014186877701765342
0.06401454284019427,1.496555082898731,38.98331982309232,0.3208551137449586,256.46856814559453,0.0013196798770220605
0.08465652680492283,1.5562858091842342,39.10526739050372,0.397512060626911,388.2617927374718,0.0013406563546169454
0.0788705536561093,1.5281341684031255,34.853920987275366,1.9647806496437614,594.1149143949716,0.0013056415686880124
0.29914314591836005,1.1091966571591716,35.32725876483641,0.767087951786932,370.15782618560115,0.0012857176636303898
0.3687093816971243,0.6958974047727139,36.017433553882874,1.0949877290059051,584.4860978572376,0.0013326228393552555
0.21401708623412025,1.2832518157787145,33.25842374999979,0.6185026823317226,104.32405016671368,0.001321314931596893
0.16804425181156407,0.9231181075282217,36.75651961939758,0.10055850000100862,451.27068761038373,0.0014230063306099254
0.12104579887752684,1.8463808776181285,43.10880689945671,0.10564568890511877,62.18913656218664,0.0014038352781576165
0.26515195907391104,1.3496388792390583,32.983575478670595,1.2254066257195806,898.8639834539496,0.0016254619768053251
0.14759409327491202,1.6960665873690477,33.730334560487194,0.4540037119765219,407.7659244963619,0.0015408819261369144
0.13246841015116817,1.7314985233214806,36.78018579340318,1.7329421281965551,353.3318240724925,0.0015255555563988754
0.13598553637857813,1.7468057077920929,34.9312734815607,1.5556827960116204,360.82510101259606,0.0015618745264722048
0.1540032270763171,0.8988553535582092,34.455786020346764,1.0688275447696742,361.81340603361195,0.001488519365677309
0.2568704946526375,1.0611787131344745,42.99140982905729,1.6530218163752406,857.6509124592998,0.0013107286734038268
0.33801774997546147,1.1322337034276642,39.29384334707118,0.832002132454004,510.1524441199005,0.0012163342126568029
0.08055329886801191,1.1277278771023718,35.77136664957193,1.8564369898110837,422.9119725987201,0.0013773231053659032
0.07813137802735459,1.2615573861548748,39.98379405695977,0.696163495464155,1096.6124999020678,0.00132425727083759
0.19818841097607778,1.1018930706116445,34.25489400851772,2.059070850252089,335.71881426241595,0.001328952511690382
0.13267262989058173,1.0753581287613092,43.09525764014668,0.35235789675448503,678.517259263262,0.0014943741540921916
0.1577379017343561,0.7719273644017552,30.488777696584002,1.237082649841643,497.0320337094661,0.0015656658831487077
0.054789905232162754,1.583331839514768,43.276110464639174,0.6316712583078885,663.2537465003222,0.0015755855475843626
0.18123957282826386,1.7366138602405472,34.23003667380964,2.2242710294434764,185.7261080306417,0.0012486480093548806
0.2994028939540885,1.7042810906549646,39.96949305035466,1.2079685953197838,37.25352409029257,0.0013170427417061635
0.16141015885521817,1.7023234719526867,32.40385860742521,0.31444044685185923,335.26942724679094,0.0013838677119143291
0.0583864812476942,1.8690431743674139,37.80362984517766,1.1828584426261923,110.85819274023541,0.001421397795606517
0.06435071094028917,1.8273132137973205,35.985754615222,1.0086478225262658,159.22394847279813,0.0014195277856999832
0.0760755970874864,1.8168252138094851,35.6311685806565,0.47406325497672297,213.6122674297899,0.0013902248121562745
0.11444579882238218,1.916814738148916,40.476661441505186,0.2910841604091111,1034.9436394915076,0.0014795875578210277
0.2523894378615652,1.4322260776084832,31.603206560020194,3.15794718949035,264.79593797095737,0.0014439019017638203
0.27109609207369834,1.731219196564645,35.55866934878265,0.7194579993977689,325.4263356656428,0.0013489084139896425
0.03483784679733729,1.0130670278779805,38.56921079005881,0.6646053340918615,424.64285983762295,0.0015117490803936567
0.03522602837409162,1.705245805788331,36.41606391473796,0.8373756789129447,404.61203625618845,0.0013367654404645934
0.42792217648400854,0.6689229675702438,34.30106211876225,1.3966028940649626,452.2020443222667,0.0014479453235774263
0.0694763047682114,1.7153313738735372,39.317588699364585,0.4043632550804845,113.87997530245391,0.001407397257378521
0.02492442407942756,1.8487748597189928,34.56161951616203,0.6621874742288497,683.9177751964552,0.0013876113689418792
0.02479937036139241,1.7913300210577667,36.748061533172354,0.9518650256137969,532.2347385747294,0.0013689214453907112
0.14437240759989015,0.6973824151215098,37.137287149251875,1.4889848635803111,619.7165477622087,0.001484612819293243
0.23613026238025217,1.3336845193763462,34.35885238875212,0.6306695764174026,292.56093458657836,0.0013034512417620682
0.17778398560291364,1.0787933692937914,38.222332526448234,1.3659670408407165,1121.9119515966988,0.0013930174459721072
0.19420571420559637,1.8969318109949402,34.74088360725141,0.5355906548882939,39.726325090167535,0.0014430596473943313
0.2649650537761593,1.8641092335670701,37.25317303840946,0.9389444123947327,12.81404533042864,0.001426577079202629
0.08348921508267038,0.8282440901553549,36.77242700103814,0.7354725329259905,73.86667812495487,0.00141847774290199
0.4204713399364664,1.4254457395015259,36.53178510842803,1.0719762005315099,97.0960585373313,0.0014842332220452593
0.08256244987439525,1.3057179479696677,31.606391065446648,1.9798624898876622,342.64087657358124,0.0016226303066897677
0.06686030926439404,1.9195294609771072,48.01394247052609,0.806154823561329,145.9239704453142,0.0016060243711741263
0.0971654506053849,1.921263723087704,30.6065683733572,0.2878181227470578,883.9931811246564,0.0012979506477800364
0.052321920223276586,1.9850693983160823,32.822187615853544,0.26031073719531245,128.91676065814136,0.0012133225912368511
0.13738800861122144,1.9749936593504478,41.36469151438157,3.0560773749491656,1017.4102771578403,0.001477652323284911
0.2526300998140255,1.982530969021363,42.280073407779405,2.1107441506668603,506.26926438375705,0.0014027535618755605
0.113536529434808,1.9597842270323156,35.119300392899696,0.7134839666066296,244.534886274826,0.0013155830290541017
0.01336429790433752,1.8384422408087095,44.64936550347923,1.6445629120705267,413.6653576208652,0.0014991892795887573
0.024600493097633215,1.8489163355682838,37.129638725607464,0.9321446852415096,684.9990858073896,0.001305898746702064
0.015465949186432276,1.879867054814418,47.064145090930644,0.6998037382325535,221.6483816098641,0.0014041190340065416
0.028531959580423344,1.4850223812742809,31.91528448494829,2.4740134192814756,872.9507105703674,0.0013850014238354965
0.028224987407912443,1.6899791561000452,50.691051664779984,0.553162041813431,120.4822949434854,0.0012994875349117085
0.12830639001787583,0.65433893473376,33.6843977356294,0.8618178498081861,118.95494067983336,0.0013301093313891899
0.1753968250832895,1.1602169639162325,44.79501998202418,0.7181143565190311,1132.3235969159587,0.0013722511080951046
0.25401832657201306,1.4713436356454352,31.34573303766494,1.2307592804853351,145.7424039456938,0.001372036979333835
0.07175143654737706,1.1010709565096202,54.192433270588154,1.3710036723724583,687.7245128558194,0.0015367504794448835
0.22432294313330653,1.8128953301643973,57.130967599855815,1.183607410283044,221.16372629164547,0.0013729261541685018
0.21831282503823474,1.8277023765504912,56.332551177266545,0.7452110029571787,150.43556905262062,0.0014084486460745251
0.18227822313940434,1.8575502646274051,60.30792118277523,1.7463811071603244,131.95150418598672,0.0013897723127389687
0.17343996734026956,1.0902124324889801,56.33334253434286,1.0128829787034745,529.6678024868877,0.001328288475658048
0.17075977540956583,1.137347635185488,56.50301529696985,1.1527050283930893,514.6844218552958,0.0013334559296336776
0.16018060975019316,1.8775164544244884,58.570423847166886,1.0556664702308955,363.70301163503416,0.0015096477357811142
0.16732080811284808,1.9234609733430974,57.99911993111649,1.1922693362450818,605.8463115763693,0.0014761340702069566
0.18448585262360512,1.1446387851000284,57.40486599634336,1.2880040108419157,501.09380055537434,0.0014339403508375238
0.21480488862493882,0.8279041090144124,40.00703939201683,1.0547684955596917,575.9261089998328,0.001529368705282415
0.08408591837490799,1.1522816011751393,41.510021255364755,1.159431871579135,457.4746885266649,0.00139216441234628
0.21864187546982738,1.303000210614843,32.6436606207581,1.126739309527412,475.13081365526926,0.0013986715583249054
0.07481767590856946,1.7154607775880364,40.82325117856337,0.35219725196193746,184.56250597672326,0.0012973725423271896
0.17842381107597238,0.7753206632664464,37.80276757740164,1.9533526875171021,266.91158991081676,0.001429126498088502
0.11446100707554319,1.3847752822136696,34.77031924474804,0.6856170442344901,168.7389197860184,0.0013781255639780231
0.3156984569584336,1.8200670808562465,33.8261402304872,1.1986094603496615,119.50340740889581,0.0014202187035390512
0.12933656506265986,1.9213663207616465,38.23662586641957,0.39718449720425686,86.38365103484078,0.0013917506040906351
0.01956183008856185,1.721627343276116,43.56410095962212,2.3645475997018517,252.91311001557435,0.001489649930172537
0.02040897457702988,1.4336894085243908,47.11446540708745,0.9837794798195498,23.26078822875767,0.0014411339414306672
0.12849691605252567,0.8501841835710501,36.384534963632156,2.48010267455774,16.619175348982917,0.0014377180814625957
0.3201282038423501,0.9718206740234704,51.905950953350505,0.6370318439429368,29.131254903567896,0.0014837098420047265
0.0868130026479164,1.1459772175530845,57.10457558127509,2.341041118146962,19.64462297971185,0.0014029245058647653
0.0817871318233698,1.5833906603218337,56.16063870041311,1.5190542901833934,49.647543681111706,0.0014272673552357422
0.08926955691767073,1.6473294453398288,55.42932286597997,1.1213566489746936,10.171870261602669,0.0013008430156438622
0.10456101772278094,1.584892644305448,52.09819825691378,0.7760086283906811,9.18403237100582,0.0012487496830657831
0.19355302504062263,0.8843933438240461,55.096385125778575,2.012823760080272,62.06075208488378,0.0013570281901636814
0.1579215950339031,1.7807806967711337,52.6942075974705,0.35161435218521864,143.4504459961757,0.0015108405836970272
0.3058801471682276,1.713903850076786,54.020166879292105,0.20944160874274007,220.35130266516742,0.0013439244920753536
0.16200673355314177,1.8633312881681476,65.05134887311858,2.856584868691536,966.2859615798244,0.00127753854595903
0.02626593921045445,1.962262515927043,43.21449560410076,0.09583992436729087,106.14065402276476,0.0015370415461352645
0.11930103157881963,1.8490031199441634,37.596919208979365,0.048519098782874914,522.9596723878777,0.0017023899447650061
0.09109146338619774,1.285462835277151,46.933740915640925,0.3456592447919863,518.4077246677903,0.0015396495867272468
0.23749245739508232,1.1559475759257116,52.77473117705435,0.6458002739977549,832.8695341509845,0.0014196669317192271
0.26163586390416205,1.0875528582996363,51.53326667072554,1.42330131973747,433.1440197803293,0.0014461796298726494
0.18865211601189621,1.2854272075596769,56.01108953109215,0.816413263615229,596.5576417140979,0.0013753450526278487
0.17793944535877051,1.8115194371095709,59.80333280991432,2.1519918966483984,424.5265701138512,0.0014308471539593117
0.05678749764122702,1.4084885916248062,31.909303780490486,1.164681861994416,296.3940417841293,0.0015736866640843252
0.027535903227086603,1.4882902696161477,47.25728397591076,1.0467381485343408,642.3352201258039,0.0013975782359917865
0.058598255322622646,1.3348600910955233,35.4546511075704,1.322973389316614,153.501476905708,0.0014156532650114735
0.05963175975861856,1.0667300488022227,37.170453228873214,1.54481396046311,159.87808505238252,0.0013937956691910248
0.08412850072274383,1.0823706732747596,34.13183675405545,1.420058601958737,643.3052401504735,0.0014281287736637514
0.1217653604487243,1.379864199364006,40.97816980461228,0.39679989409759575,181.78262447159824,0.0013568326875646164
0.20963531730321386,1.774687457672219,41.59745553797877,1.1206484759976165,755.179418494209,0.0014891927597168151
0.021836276179902803,1.6888275779167476,48.442468446003666,0.6210295153853229,941.8457304134912,0.001455772809171833
0.15227183790815696,1.507081369022332,58.39930304440237,1.8852786448461039,107.63122450666445,0.0014604615998373926
0.027389602993542775,1.3418827135178915,39.2070569257382,1.3608778942730497,298.7104507154108,0.0013510877367611637
0.02660016726546456,1.0868324481467921,47.76230166686799,1.56132283563517,321.51381541995414,0.0013378851297521197
0.042387112344956616,1.4604152278977505,50.967018557867874,1.1340929515687077,334.98336955200995,0.001325387230222426
0.10155068180055689,1.4277287432493881,51.92622812434355,0.8603383607178596,232.79141368357645,0.0015008653516530926
0.05627175904644529,1.243030544718233,40.98212936416106,1.27858994749964,141.30277393247889,0.0014867323312664678
0.22067736656848033,1.4574382942032569,46.95681868334789,1.0221842463709097,617.3514841887252,0.0014679069389922602
0.1985308458184023,0.8048379742414633,29.491988063455317,1.4738258870092096,460.30474996117687,0.0012828891558736226
0.10445091454590227,1.252381710004935,54.91560704870877,1.3524499158529006,595.2114913434388,0.0012963823149356878
0.1864946738519157,1.7267550959578337,57.29731944154403,0.716827906122496,471.4265320924166,0.0012269467689351088
0.19422171142923994,1.831858213464554,58.36784806543301,1.1199242542359602,264.4492232356661,0.0013951667880683066
0.14465768178096058,1.7785508641176941,57.36747441178496,1.4402468139588152,167.51398403293138,0.0013893074203096929
0.07082300720647026,1.205307102588646,35.36588346013306,0.7483581211332657,193.01698820144296,0.0015059296456781954
0.2967280361886023,1.1727145087664472,34.71978130340587,0.7549687406358278,208.3572644690127,0.001375544288494537
0.2846122538635537,1.1688692056871033,36.19536289086753,0.7413085336818074,282.2202061283337,0.0013928541723661732
0.1681758679212868,1.1297143432252652,30.940359920087033,0.12189378607135454,164.38535568007444,0.0013606676574567773
0.32122244389036586,1.5859572900788614,44.38844855064007,0.04704696018689153,191.79584980123354,0.0015813937416851156
0.13438266387764178,1.3327139173657119,47.143360945784494,0.41671980013900367,327.62239658123923,0.0015165966224678434
0.08167203433104651,1.569489253176191,39.70017284588433,2.3526021329599036,1197.1620575145953,0.0013037710965756392
0.0656641540719374,1.629858497217306,33.65660274100062,2.379075032723153,695.5054477122591,0.0013239758408886164
0.027163511216160736,1.8577893476986003,43.136568551004984,0.3017086228699818,184.98507755229915,0.0014109793692044853
0.06798847520166444,0.9971867977662449,40.56560571222538,1.414312758250067,247.29345792222958,0.0013811315176124716
0.07042181523124251,1.1312285499361727,39.00209834810169,1.2286111139665314,293.51167913932295,0.001413840054793765
0.12182281746055533,1.2635635402819705,34.56361177969953,0.7885148793360277,547.5129867314265,0.0014503087507317962
0.09848701437841025,1.7125800459674643,34.3434525559359,1.7515016255707658,332.82842819479214,0.0014665333319997852
0.0842251710620199,1.0620872164394384,36.99187995066669,1.0601264619776796,520.5482470213122,0.0014415736401236037
0.01773072445481534,1.6884621042498091,45.22688688461597,0.9027066606176076,528.6425360241507,0.001448386333353624
0.053019498955600514,1.6532907431402295,32.73557246194398,0.9915706981568378,625.7939353545415,0.0014291257139967461
0.23777276978233539,1.7698945258742826,38.65093926683914,0.40357236964694654,321.4680895285424,0.00142873989855538
0.09687833012866538,1.5991346261444428,35.81895341013549,0.07609081573308195,522.5734653613196,0.0014501400807142482
0.08025519357551462,1.150243229611584,39.90517567330559,0.39285390222855815,449.7095545425335,0.001349998368341814
0.01672387565720536,1.6809523092478558,39.62256469195761,0.4456551316546847,810.3487408822576,0.001300631169295793
0.22413538920347706,1.3798363017390558,37.079221497956425,0.6309472055853008,145.86144275857234,0.001436548677145971
0.16785796296547598,1.1798250416017757,38.866802326796275,0.08016850950211236,1092.3506190776577,0.0014203619037915088
0.31618120497023994,1.391955284076693,33.28217175536653,0.0379822793100485,503.155351541664,0.001421070031386776
0.07347097638302656,1.8031903532181333,32.9432711450293,0.5238617426893987,474.2089952586563,0.0014844484134841727
0.035327994065427276,1.9597034670493882,36.90383162855907,2.789086165556027,194.32606156723534,0.0015247027271594598
0.0644766188220278,1.7845053872898922,37.650642746044674,0.13820577330000947,389.6876205490522,0.0015521291816061797
0.10059696347469611,1.6421679951256203,31.396537159181264,0.3409298682739148,488.27824260666017,0.0015515003128849917
0.1276262308169166,1.569987803206895,34.89664994685244,0.20495022973498567,196.78945096301655,0.001526156625285501
0.09995729637048752,1.54897425952915,39.740998729666096,0.054481294933938405,158.59576888071598,0.0014343849033768776
0.24266372153559476,0.8947193567036579,35.400498235265516,0.06496793234915713,60.705923675222444,0.0014852834252226336
0.1184718065971338,1.3067109739062115,38.574295658646555,0.08192720054047303,42.17888520166507,0.0015853379171659261
0.13063348836182823,1.2984218090208963,44.58639749014686,2.48870761777599,149.87706171699716,0.0013144253480178692
0.18753928677497825,1.3169025498178406,34.25407028652334,0.19698101531586049,785.5435004153123,0.0016647590532617653
0.027227561568635553,1.5053545778264574,46.95724133477404,0.7968905550171588,454.4698184740325,0.001220970005064926
0.033053516975956404,1.568980716056338,47.261616763967034,1.0959435088288016,811.9175677212695,0.0012611833000566823
0.01913070437394649,1.4605244092916672,42.43598999652592,1.060604479888054,258.79839276764477,0.0015167853554235613
0.06853090998965582,1.0061488000817456,43.74669972740195,1.448360531588171,136.6557010488311,0.0013503669303436376
0.17350321440881472,0.8074910307283842,39.19782596592004,1.7793154635957775,246.87864518494334,0.0013528580334981103
0.18543956489696167,0.6865777071636618,35.382076046300824,1.1454021722008594,222.98488733032457,0.0014228067812131462
0.0944157836287427,1.0174522542372204,42.996656201012215,1.3381935200572097,1295.7451803470253,0.0013507825039550418
0.21611201723964024,1.3475575425671322,38.16798672349129,0.15778408893546786,218.66506599696626,0.0014968797196358234
0.25935195483701967,1.14449131074741,39.38998657449328,0.15605035279200347,159.57805287091898,0.0015543178845651832
0.09290394493581738,0.9050295679419551,37.647044925885,0.505587370423188,1304.1967338421018,0.001498032835200948
0.02863393476911371,1.4880349757007911,48.20779249019263,0.5151835458851279,293.6735460763389,0.0014582037562289323
0.022020507492366195,1.841842821280319,47.82852913065315,2.101028992639312,57.55133492836367,0.0015506290243728817
0.10337610329613316,1.7406901041307015,48.09558362587909,0.49951679798135873,85.18115375796617,0.0016155285046426198
0.2289022167037698,1.4281735345868143,46.73321867933278,0.6623648285555659,228.56687863274107,0.0015643025327874637
0.11841697369420906,1.24225092259661,41.057013192109096,1.6205106252869566,247.629190947475,0.0014207941510199057
0.15278450786719863,0.6770791888044065,41.21854432147625,1.925817898737652,437.9672471883784,0.0013482448364515928
0.05856563661775661,1.7344881349133126,33.45328981387631,0.41390343053857626,146.45288256538657,0.001308333073331435
0.3724253651847249,0.4805118380255416,39.85473900865221,1.1806486061773422,964.1655028227082,0.0014717728175993182
0.04955233920713626,1.8216878297800216,35.52875415323301,1.2535354506429341,97.10739152198617,0.0013784985332827484
0.21012211355760962,1.5224556644684226,36.80052395560051,0.376954674636995,258.08745490913753,0.0015085351312623793
0.2677478429241294,1.4797380736526333,48.05955969129176,1.251431182559413,1062.3857224960134,0.001360991871875265
0.27487677072161654,1.250109056696634,30.056175198358083,2.493906838553394,515.0053145219972,0.0012160763485420199
0.2040549331517878,1.4848791085622313,34.369547864053764,1.1043174830146119,757.2867180717458,0.0011995021121139467
0.2836669634426906,1.4562609746552833,35.91675717422601,1.6306875554920865,460.0794408131413,0.0012206132365608423
0.09797984434548747,1.3292459228444995,41.47373640089507,0.6128832094927453,321.9278812926502,0.0015346794887489176
0.25626296657580444,0.7565507739624354,34.589115701787705,0.5159899277354317,803.1317730531489,0.0013584371071848397
0.3104930952304303,1.1484342306343842,37.22868073074765,0.18294863875515802,574.2988632117675,0.001518555847781751
0.04972675692666185,1.3157953361510772,43.13425681150138,0.19014673359101816,375.1064535376472,0.001414145695252827
0.03680443677100397,1.3631613652384922,46.07070110174072,0.12194396538478995,742.373496703001,0.001312040433079479
0.03149950639524911,1.5546097905268281,49.66094237857276,0.3733489931407269,495.8599812698251,0.001395908989596311
0.16413988669921925,1.6117527350187348,53.168032563366005,0.35569524490881727,310.01583543283425,0.0015073136747524446
0.15814424561241472,1.613279419847441,54.28497674087657,0.3646989806667942,283.17830114445644,0.0015098485679920207
0.061952039812616246,1.8394816451923688,51.398616986066166,0.13024791881589443,480.2026194432867,0.0013747093062971077
0.1490303493247864,1.0726357163273341,52.388756758953335,0.12808281672871694,718.2424175647492,0.001387201193625334
0.09567040168275626,1.2261937071903373,44.133701441028954,0.04077812793435006,163.37646168486899,0.0012388635720361361
0.2859596739261306,1.0360135110109612,33.75327503836272,2.808810363536035,131.37976693957472,0.0013490892146980319
0.13810718583037362,1.301675658927368,39.30007099273783,0.3443041139692813,311.1619788789448,0.0015586889654524484
0.3205882029225164,0.8247721899651046,37.17336866147408,0.11472594632454211,249.2396815335478,0.0013613502173635134
0.07411973228950558,1.723611909075177,41.61487453249604,0.08636138415841046,147.05098739705468,0.0013651745088525172
0.11015729417813122,0.8829152496947811,45.85876053436481,0.01812601382797091,122.8486792473503,0.0013875755314848052
0.26105954041786206,1.84677072908468,33.465939081011825,1.8993723805398905,12.488025146100053,0.0015926482516410356
0.21287429438343683,1.5967637418152758,37.266836513885906,0.6599617237358014,5.891883640204231,0.0014360465037223432
0.23960026119413572,1.5122608322863909,39.31799854381585,0.5919313384022414,6.052693706579787,0.0014246573784225246
0.19572577353541584,1.0247787221951592,36.16308154497103,0.22659855199618342,15.64622799853599,0.0014265753906818903
0.0941724927108908,1.9415795700521221,58.72029839757935,1.7817776727686379,9.334526798519333,0.0014839892923327147
0.14679984777084717,1.187967877506511,38.877595608100535,0.037825514884387096,132.83486060662736,0.0013746971150664124
0.17826989352297637,1.1734462443000486,32.2659160959247,0.09220322311566528,151.0827993503183,0.0013759190114867419
0.18621062411134165,1.7113309742196012,40.958409988568384,1.4159704766469001,161.52677856796717,0.001440889046388544
0.1574895714818071,1.312949652850368,41.02588690729675,1.6399764642718864,502.937932420822,0.0014641898654453192
0.20447583419150472,1.119345044456703,31.48189977055211,1.1086665407644078,1001.3203855321096,0.0014496302501858633
0.12545035462230508,1.6659549579432253,39.39330273863216,1.7282960660102125,44.43457484452737,0.0013335938122217392
0.19816835376235192,0.8348590334581901,40.53325054535991,0.16697653337846954,354.3301857142608,0.0013346978404785857
0.13125485797328112,1.534306520541761,30.164778848316885,0.85068033888166,137.6441427218593,0.0014132409741434522
0.13595367882905296,1.5430071136652328,31.457088519668183,0.7793529760389657,143.2595824375506,0.0014386872963983747
0.17626623382199547,0.9217236626882104,43.89679172020377,1.504602236641964,465.5790277365692,0.001380495624259012
0.10504204237317372,1.1664444183125442,46.734547198371715,1.04477838717124,741.3302757385121,0.0013870417653486088
0.08250259389296077,1.1149676930847503,32.855778067414796,1.3821345612854918,294.70051056754056,0.0013408267966910177
0.09255646948311969,1.0194960392539298,36.63668944336271,0.8385400795309701,115.00833400247818,0.0014863442734732637
0.30542162566028996,0.8868901556431243,41.896679070361294,1.9832326331782262,54.998260666674284,0.0012618746695565236
0.06869163140157776,1.4724578337239567,37.88196347715667,0.730129161426317,61.90361877542169,0.001419078918860204
0.05771318111310499,1.825678532429395,37.893432566625926,0.09854641571177213,298.2457226672483,0.0014355562763009614
0.18711625506774368,1.7595336108316746,33.169114928052814,0.18079960986253685,174.4069638590574,0.0014227760639210015
0.039236923275014435,1.3522501171051784,51.817633019399594,0.9981858241613412,598.9097929586575,0.0014564697397502812
0.17078519021448718,0.7566134894831933,33.39396593533284,1.1841794987630365,240.92722170805658,0.001526665150050024
0.2801867819131974,1.1708549428576853,44.50726988158425,1.2008424549451784,972.226904834247,0.0013283272469710315
0.1644416134348234,1.0060514222051982,32.24311621137234,0.5476449034111808,223.76538237439345,0.0014341997750696575
0.27189057309098535,1.0814932453139154,41.0237932281722,1.6164389926963876,46.237129647468514,0.0014534135738682712
0.24424721206123018,0.5156316838942445,36.71995383059785,1.8104747260145164,608.4478720247282,0.001530141805560016
0.17219637524968223,1.5281870099335109,38.822760493093874,0.9548559272253515,479.30171371154233,0.0013464243089650466
0.18866994813983165,0.6645615548205632,36.895128794190796,1.2646478323646029,214.85091097527075,0.001490420960460342
0.23250659630861653,0.9078634160982852,37.205390660420136,0.7912811344022286,100.47786038349709,0.001397900032244439
0.3011941485291937,0.6604764407892011,34.040195699026306,0.4115457302518141,101.2575429939248,0.0013767051072812616
0.0392201164727986,1.486943821688033,51.52079682724691,0.965952356379246,1305.6077932251483,0.0013037547902882691
0.031131798027100636,1.6259159191899053,50.90502259755572,1.2244946441684208,269.4122790169936,0.0012859540930022667
0.06260835958720455,1.6132270534743456,53.53725691010728,1.0376921922427282,225.324177451249,0.0013291203361113955
0.07594956630526126,1.4811853145219704,56.73692563930117,1.949728258363712,912.4621354011942,0.0013687734370057972
0.0533596921511347,1.6534205959774626,57.513988984111,2.373563204940519,786.137990844787,0.001425368696415177
0.08939345754162477,1.4507140929857467,54.6543813422655,0.9179853900336216,593.9265693510254,0.0013657474746850559
0.08204783179534482,1.1938078830355732,53.898388455418896,0.734705418432023,1263.5076052413751,0.0013562795121335987
0.072396051598375,1.5189745543918347,59.182589490628736,2.6742524220076445,229.42592290685835,0.0014374956501750611
0.07035859606323874,1.5599673589942042,57.96507559048734,2.0814115685245835,429.69877125337047,0.0014333006353000452
0.07341856945965172,1.6111114254171357,59.49339363160503,3.2527987846065716,563.169380467262,0.001430201633614508
0.293958623129724,1.4219693230541333,54.83145580668016,0.35963348845240917,476.85024984254795,0.0013734333459624565
0.10282206953338298,1.8820078417130572,58.51955391782508,1.5613409814625252,358.0394147442973,0.0013467592319660604
0.12783195160972552,1.8972883010927917,56.426816478762056,0.56679553006809,955.4436630600776,0.0012991424763144884
0.051347123288343455,1.8980523729066885,55.25261269558243,1.0472984980874769,596.3274392278631,0.0012329113922920371
0.023840229857544706,1.9224455453999691,34.591953485753905,0.3941533978753052,418.19538047912766,0.0012996958359225055
0.03278914621031632,1.9386915180404378,37.94161620262517,0.24800539085221918,269.71443245007845,0.0013469947015164398
0.043125604839035096,1.8904658642544034,34.88346945986905,0.33568924574194314,259.368548762755,0.001326005182000491
0.2130529179023867,1.7778097144042098,38.40827610321053,1.2853088213270074,687.1365255418377,0.0013528503700519557
0.08692306224114721,1.8484674235271383,33.18558373692609,1.0083791657237262,155.2953382858164,0.0015518186859615729
0.14674146107471983,1.6498660800035867,36.62347898264969,1.324790595217857,1068.3027356332514,0.0014871600857945973
0.30473222844319214,1.8714960009238084,34.49607477360774,1.1655697009502999,167.76457286846144,0.0012929835816041899
0.2727418324064731,1.9519073359629078,38.12452455091984,0.3928344892092332,180.4268150099459,0.0012962733000000226
0.19042416161961906,1.9082886044070215,33.04599487060999,2.6506346644244703,812.805146057535,0.0013221685649861608
0.1819387843767781,1.8818943090296298,35.23372372559321,1.0832475977272789,261.9752956585711,0.0012898176037447512
0.1879320003202922,0.6817252057564072,43.429794203724235,1.433981176690837,934.4645593827767,0.0014617494479212392
0.15744968975313078,1.5014161395673684,32.01239009920473,0.6116433187696764,233.35812023656212,0.001560429927987576
0.16937939070340344,1.327262462397837,42.719320759456245,1.818426567980192,1012.0574721997391,0.0013275652587381107
0.2889649306980934,1.2952828586053877,36.37031327530655,0.5683196529055866,656.3583100266201,0.00132613709579261
0.23563945143122075,0.666551424423191,38.41580766809095,1.5940695655646184,353.506499331348,0.0013659452059547566
0.09754216151284927,1.4383549497304162,34.17466469712655,0.08845042172281581,672.9259494150372,0.001421834728062749
0.03424904913725277,1.8038728246963542,45.18608142364616,0.030102966780931155,249.01329654637837,0.0014379214850835033
0.0399284455922276,1.5985693312487614,45.75469934207227,0.09516847590592781,543.2054790172649,0.0015152872244339611
0.071321465637771,1.2192604787445822,39.96191500639727,0.9203731006813097,858.3768198313242,0.001423950591126004
0.09121296684223369,1.3816505716753904,34.170277172735716,1.8763135812042544,141.04017843359549,0.0014903723705478363
0.20353882158382858,1.2685883307442751,40.17578159138494,0.26989474174895994,889.0088376401516,0.0013648632962747673
0.1817468743459856,1.4162245430922522,42.88072400906697,0.33418291088329594,509.1692608783122,0.0014658520974769856
0.2475934358136413,1.3583248134079455,39.5658207282342,0.23178391393153308,534.6951947002124,0.001484370493465539
0.11133367368655982,1.740329146348774,38.69617619515604,0.15428757856330544,257.76094136760275,0.0014125536776857343
0.25597475591342395,1.8333255312748418,37.6281655181263,0.5287922595744072,217.94698696808697,0.0014371238990460037
0.1709882364116679,1.149437564500975,34.49632751288454,1.6068150840292341,864.9015404802656,0.0013860402897308923
0.2765178368162514,1.4312634650516756,45.24792368579375,1.2060774710033142,395.08312002246936,0.0013948227960740613
0.20101673502243894,1.6964796086127023,36.03727328380674,1.4183695527773315,623.9398005049603,0.0013021023390843724
0.30774595723431725,0.835130594107924,41.70158896053288,0.9172282320407815,409.273129062382,0.0013247760751347606
0.102320299268627,1.6241210808816708,41.242885040241774,0.7376668340514025,892.0196635015114,0.0013865976973101686
0.3405130991775534,1.0004249334139779,32.576155836839895,1.0313399974042006,266.6771387017083,0.0014482990530189188
0.44098622996765563,1.1093612343911763,31.63313340639316,1.1027235868671619,341.5802482435377,0.0014179438140651277
0.013278046116609682,1.9745764325518227,39.54347914290618,1.1885926580975565,228.86760460698778,0.0013895267305888807
0.028939414488464862,1.9762765542395722,47.938885527165766,1.358652088566922,816.6835508742712,0.0013339641950264453
0.2637882731450161,0.7881820926555624,40.00787035031628,1.3261875562557237,960.0914801249133,0.0013596394136130613
0.27269304672036787,0.8292214446691094,38.08605565672193,0.18149838909805718,341.8676306726169,0.0013486254573365282
0.3204087236030541,1.0800787590753549,39.305048503879924,0.13091269085910018,200.61270017479575,0.0013565998465847428
0.2770304796414669,1.1240827541901615,42.52386886742321,0.18675211228075375,187.60109826399983,0.0013633066269533
0.2905031751601152,1.137907616371301,43.464680723886396,0.1622512563560389,229.2173040646954,0.001357362562980436
0.06667029949261691,1.560697520970286,35.50438699447837,0.843258208162799,13.159432211243255,0.001448310023313814
0.07690842758697262,1.34601717870097,36.72867256250765,1.4114512885932722,11.371596606271154,0.001398713821938609
0.09935363688186644,1.1761131841563623,42.7634341421,2.3961213992084254,16.287074987571685,0.0014301227580057166
0.14194474786635972,1.351111817657436,31.626862671324606,0.34616472337758875,5.5674305919869775,0.0015765780015190025
0.13617795768240962,1.4443657065080688,34.42330319399466,0.48311501726683076,7.550765732468119,0.0016246294740508654
0.09383875186820151,1.4714376150103867,38.27830305182485,1.2469664146851935,9.04451646961663,0.0014767297222365377
0.10182996540949611,1.4144078739903503,37.409308569076664,1.1577112955560718,9.417528751478773,0.0014778456545033731
0.08121284412590007,0.9058864721280436,39.49797047432347,0.35292131894968426,333.8914528968183,0.0014285726560893434
0.07243187893409996,1.6454057073016701,35.300026090016814,1.789606166305945,682.9911549053459,0.0012661604088404913
0.019981731620229117,1.8622913754153885,46.19803245688079,0.8092909255738632,238.2605434633582,0.0015094405863003355
0.033123515335156783,1.7802118437370578,37.526707545750476,0.5534158332234012,788.514714764326,0.001404840522901689
0.09095867307202811,0.7572505040836595,43.27499462345986,0.38163422689896326,267.00726215283373,0.0012433752977896641
0.1303371042165335,0.7519844204206374,43.842692957864806,0.615660243781461,428.72755116904074,0.0012663161554988863
0.2217194227060823,1.5738373616220438,30.250156706555146,0.12217230476789014,707.1787783151389,0.0016394141623478453
0.12844793090822026,1.500262893928205,39.046006224959754,0.3571577546745557,426.102347653766,0.0016330368152480607
0.035264922964186825,1.516738783215462,46.95858357930434,0.46231380454781923,52.78095140337524,0.0011886187192709581
0.026141998284881656,1.5299529455689944,39.93620744857412,3.122078390440052,271.12887660911235,0.0013272424490264642
0.036061233275368844,1.5215979367513395,42.07595276608812,1.8937502105223232,157.58368872027808,0.001303459075475476
0.02833033565453052,1.5717556870391243,35.49541003823438,0.7580584325038641,128.964602278915,0.0012887031128067006
0.030283729679163342,1.3710376054578302,42.32584452238094,1.717764722339301,694.5401937492228,0.0012832537681988132
0.05031393353417926,1.3241475857585798,35.298243332223635,0.8722587875968101,371.2716778135924,0.0014334302070108508
0.04304453486333526,1.0909988386141019,39.18032917811887,0.7274448525759217,217.02352047516285,0.001432911011830011
0.0727247028871889,1.1856168165407834,35.73519620029191,0.8702697877900958,128.4801927551232,0.0014454919188108264
0.07770211850054158,1.3328220930871815,36.78833433819296,1.7972023872548741,580.9216258885077,0.0014883593976446263
0.07887455140719209,1.1043113491742755,34.92601547875913,1.103336090225544,305.95062088311886,0.0015001668943884067
0.10743451704963052,1.3543048981953087,36.67984017452722,2.0068157896768826,535.1508863512271,0.0014504379786286813
0.14807875533005596,1.3078511203664014,32.678513459268935,1.2557174761242322,883.6652802458466,0.0013956023367448136
0.15601966096041162,1.3199950325181364,33.22983120584638,1.2884520624770732,748.9335409198582,0.0014013318886357306
0.09390485766696154,1.3322988815008618,35.46593614251842,0.9213039831288253,635.5344352822839,0.001485589491443856
0.07458652762097336,1.0989843173283442,45.654890981035,1.1185808999674256,446.3621382637371,0.0014676162242004162
0.030983571960970745,1.4636456789064072,49.0538448047133,1.268455234597943,369.03689796106573,0.001529354114357548
0.04507986612982073,1.4646406339061073,35.92052764094462,1.035939264607561,522.5351711331599,0.0013531019604438915
0.2909605971723028,0.676374468728143,36.28820353595521,0.8466231043812282,563.6979666125494,0.0014853846159012078
0.1038455651097408,1.5856598543642062,39.99702628595855,0.23786517984670452,257.81504870793196,0.001342896934545284
0.08395694033385713,1.5301027623100159,38.082900309677996,0.29955239487761687,251.7902477776347,0.0013531437042729462
0.13263508666736304,1.4853416929513852,37.39079087955984,0.3630259002713713,246.74485393448452,0.0013375708310090322
0.24581774976131215,0.8579543824543604,41.406273589190285,0.5192218143491896,264.92849449773894,0.0012756176201838998
0.22642918482282215,0.4997023932970833,34.02245563155298,0.37045554050602664,277.25974700525927,0.0013035307880310217
0.16959368548848397,1.5609199963727474,40.63780083951154,0.3015729126835201,245.78382510945661,0.0012567638192905143
0.041839419631894074,1.6350979340625036,31.672911953479513,0.3815015353021337,854.7417427806618,0.0013641982246678837
0.047835516136208234,1.7686601163529734,43.7529692333697,0.5974586038723617,530.5603960630687,0.00133701035411436
0.33527348121780265,1.5065945908022744,33.36516601519161,0.3491160981441981,634.8376228954859,0.0015881634798633304
0.27717013144676267,1.5390389863374856,47.490780293849944,1.4155586108021843,573.1490795292185,0.0015168609903177116
0.2409202582422962,1.5009982102095643,43.636576707608555,1.0442520205141217,526.1512605455271,0.001494628563308243
0.1556912974800168,0.8430639219453494,31.311745140862076,1.1619025417647664,365.47919538823953,0.0015220554013905018
0.2956393680226533,1.2700772078138338,45.51887893340249,0.2878991792157458,256.73828073957174,0.001439897905343308
0.06448762773972277,0.8436106808041995,34.86716926190809,0.18407063259891343,989.1224628304532,0.0015194711830926716
0.16589084264810938,0.9785257669967415,45.987255345022746,0.7458731626089734,489.86039891412963,0.0014846758859134454
0.23504870934627045,1.1484866213321998,33.73814561289755,0.15663899688129856,749.5285166314342,0.0014651754895112913
0.12695237450826974,1.4690283069005527,40.36010754413939,0.13058544740060865,169.98936399737403,0.0014639674544269995
0.10959074209679005,1.6176572265807747,30.151080809756554,0.03465005083893995,424.1342185352878,0.0013139201972519915
0.13053877539191638,1.7120737431533772,42.85034017868138,0.04835919929451245,683.8711237882169,0.0012551479721135143
0.24325632830587685,1.7063228814631375,31.587145704518747,0.07362578524679646,281.8487447341647,0.001275378904002556
0.23071384282338592,1.6882286635844403,30.83218097465562,0.08308037397750395,438.9335259822126,0.0012695201206781013
0.045287713002831485,1.9613144181625932,43.75682810237745,0.2347276377944353,47.419481917100306,0.0013713783075052686
0.1358356850458003,1.6699146679540435,32.14592256029768,0.07219258748324141,660.2207634475166,0.0014635925353693824
0.08560069506603867,0.8141623863475472,38.46327420479255,1.3069561242939807,458.0676598871862,0.0013789483601538983
0.23184724858997502,1.0872467077161256,34.30115462784123,1.4486176811630989,520.0510686572402,0.0014539989276448778
0.3703998177385941,0.9419560297115209,39.447544674643886,1.4908920371786056,390.50853078519157,0.0015251694413557443
0.19043921133844438,1.3950841931267774,34.41467587970211,0.8196303386358809,837.5368415241649,0.0014036401703471841
0.04793969552012862,1.2887225682214338,40.000248198045036,0.6288506281733649,298.3536341615632,0.001249463744025714
0.28165454499862047,1.781504082837749,35.70705289847694,0.40177330850898774,618.331365574762,0.0014022166739015704
0.2418253154398621,1.608845870305613,34.402941742033896,0.34566799367326184,594.584928496688,0.001376177085844477
0.14960908461654893,1.4982425322405268,44.999365152261774,1.15051532191733,1109.5982405577884,0.0013879270036258268
0.15066490499266919,1.3771611900372078,35.31520741076343,1.540109245366356,438.58385088385046,0.0013892267788414296
0.39826136023722064,1.1999379579208733,36.38456765620813,0.7885075810841771,808.0654793782112,0.0013596975289796786
0.06723847701291788,1.3727730000022627,35.02765634733047,0.8852385937278255,351.6756849994756,0.0013912712946805167
0.15360919406937792,0.6849310970490947,41.43574155724669,1.5819795210195795,40.519738206437225,0.0015328233561806228
0.25813085896857163,1.2053765522368394,32.61144792958157,1.2628544684115497,140.57747490701033,0.0014473595378877773
0.06624145984037427,1.3720229097194552,37.584530710213215,1.175509286293565,73.9552195554738,0.001358963105951227
0.1284485329919829,1.2633014630869097,37.93484047615411,0.3218044525556559,203.58866751513307,0.001388719854869178
0.25120121230738396,1.0949114921207577,35.73218242180914,0.028573476305552563,254.68193022826216,0.0014194101761577445
0.06692942856729145,1.223155904833855,38.79110178129436,0.8071621796310744,545.8471808727818,0.0013609783228153228
0.047821759286431176,1.4307976497856554,37.6370446184114,0.42254554351188334,382.13613436204736,0.0013586487871497556
0.2075534011050142,1.1514024150969362,36.11989330085571,1.8928644828273133,909.5343032045489,0.001426001700168642
0.21409933523325497,1.0482820309813596,32.06866239010613,1.745689340560123,598.7257437866742,0.0014455634044686781
0.3946333222734426,0.8281982817926121,37.85014226764619,1.377873180754578,977.4434865998076,0.0014150207110201264
0.14275022441091578,1.399941661236974,35.99059529234187,0.5832610494209478,248.72502624649076,0.0014185341128673495
0.13451136597282046,1.4908144171733235,36.34034227977091,0.5185139484149269,222.31547123512408,0.0014061993295541482
0.11166110905879656,1.7462663067066522,38.05468961945034,0.3975016515387102,364.38912726614575,0.0013158819555920307
0.3522785743671459,1.3744773196662752,38.52953465931768,0.023870508999431897,90.11217534991751,0.0013942979416574292
0.2766641233783777,1.1165406057119904,34.33483913174721,0.05348050451397176,120.44617671491122,0.0014598683306303085
0.2615446793863993,1.4623951760377896,36.461338366975504,0.0343088729406141,105.90854726108581,0.001428765249740329
0.16780208490096238,1.7448168327444888,42.0535899125936,0.010052677707701211,48.13137136497482,0.0014396578425022255
0.15038646887216464,1.4668863439607567,37.74243117527692,0.02665192076214269,4.870409916905488,0.0013729509149545216
0.13452059943081052,1.7257715391020274,37.69109660421746,2.765059022811039,1004.7146799292246,0.001256009002140464
0.2391906147241302,0.7889328916554752,45.34075150560751,0.22465613093169107,221.8547972042348,0.0015136747508798331
0.3708860739850489,0.9152510739652465,27.922676480295035,0.1226533354425322,671.5739955726757,0.0014219092565819354
0.13013942335031328,0.9333158666455331,49.37485452462795,0.3817498043656105,304.96414932881765,0.0014038707277683287
0.13548541146995424,1.117308512285654,34.97356564805112,2.062904330675352,82.87685071950037,0.0013247610068372524
0.186878569155248,1.069542791310592,37.46908511040593,0.9496357254676865,34.781692533756996,0.0013106562463660756
0.1581456440630313,1.0689104685081192,36.94825522597043,1.061443484596969,64.4586555615971,0.0013721028526850268
0.23946477638289826,0.8100653195115887,38.02438902703263,0.7477723115658874,395.987932066173,0.0014693291584611636
0.1674912921057656,1.5666710635386631,34.71427190821207,0.8732065491424327,597.6840960977207,0.0014436652350774232
0.22506531112512423,1.37676575269797,34.246460893351916,1.0904517153976803,615.601745045911,0.0014484826799476469
0.022945260639482212,1.5380788617322476,46.054226634235,1.3637426799702268,345.8091435025204,0.001417365201212569
0.1444107826614763,1.5685997149324438,55.11798222388165,0.6053156827745821,195.53467878382583,0.0014710256204458819
0.13262612384717798,1.6865674011296705,52.77417919868947,0.26334594112834897,316.6797669140178,0.0014502367634636774
0.06437934145086512,1.3633088838507383,51.514088905901026,0.35129818398921997,1069.147560432503,0.0014612593230044326
0.026159610789799257,1.557816040952999,42.65186420168784,0.4359392068334752,82.38472899454838,0.0013224602798110813
0.025275219278181,1.4426025389430939,46.28575918128767,1.7210465467038456,133.5902935599447,0.0013894496601076236
0.12333493010118629,1.6739763430411565,35.45326702527452,0.8916999332022632,449.42312033525064,0.0014164085890650212
0.0196330812191167,1.4410197916441387,39.61333221320884,1.2847760524954912,418.0717339878438,0.0015112346628973206
0.019025765581149053,1.7382871593748075,41.27339000491801,0.782710448436994,793.8755309355699,0.0014902667811603108
0.0260564133164122,1.7387834894611953,41.70970397872664,0.8766109503069283,545.4944552570302,0.001481580533638089
0.03210629911212178,1.485747664822796,41.50484202350125,1.8283328445284617,461.2721218811533,0.0015375601523177971
0.03280984491457015,1.283890542965375,42.643122554121604,2.78520416458461,280.4097102938656,0.0015361318311849794
0.07605645312248173,1.0808654866733765,44.259517531381036,0.3740915950996855,79.86541545211254,0.0015052873118625238
0.2411034968875774,1.329161387357795,40.147214726528034,0.8651839182694253,951.3453577514174,0.0014269176943098516
0.16830148044028945,1.7541854255713938,35.874587506517244,1.1254979236010216,256.9229205240524,0.00127557297477228
0.1849442851920644,0.717137705625116,42.23002861791363,0.3064960805837761,278.77846681769586,0.0015266913508765704
0.1907155462945469,0.7016388180958123,41.33279545002346,0.3510965772524291,261.25776042334644,0.0015098616607850835
0.3214208113434034,1.0741413984186692,37.3063982340085,0.429315617800919,131.49981664179745,0.001427213841785891
0.22698565984513575,1.8230478538685753,34.398033409993594,0.5107864654097216,72.56878717873597,0.0015153710813804147
0.10426848355589352,1.5527707501507342,33.231748415698746,3.395661091879804,29.741160738740014,0.0015178546626752362
0.12475496411694552,1.7639202879371423,37.94859234391744,0.015396400475571746,25.499818500231093,0.0013176642159907293
0.04534502589534458,1.6284092576916454,43.33073876486551,0.09296437566884563,1572.0320041075584,0.0013254415272849816
0.3667991432954934,1.3570766373814975,42.597450996787764,0.22491192125252854,6.681857705272429,0.0015757695141516
0.062056926683384174,1.2154161543432773,35.81278461293582,2.673518612233842,77.38250040423823,0.0015821410400987642
0.12216967465434271,1.439204506676667,34.78443273801271,0.0953796086167033,0.16877670965750527,0.001302260682381401
0.2884368652250207,1.0841857746900727,38.22498615730808,0.11861334758365735,0.3244433504517219,0.0014320391955400251
0.1469488588736826,1.4792701948609082,35.73520206434158,0.19363071577610352,16.03525751085529,0.0013782379453596604
0.1967294929913047,1.4971385612589394,32.53272516035544,0.1807313123149099,11.22181609525472,0.0014981074379416342
0.049871492108119565,1.1121425385023957,45.692810873078116,0.4411533175725274,4.335563153292088,0.0014493452547753552
0.015371867251026235,1.8482338092913253,43.93473955304305,2.20581724945784,10.417648450513102,0.0013331398531136044
0.014052130442233284,1.7822449735253603,39.38125110424345,1.8305091729178329,13.667136318289892,0.0013076335165722484
0.017936027464013245,1.8000885936439126,43.54692481110142,3.1604448434156405,9.750607005881045,0.0013323708154766075
0.02254480819450852,1.6614848395056463,40.66254718467249,0.9719909546392456,1.8297363312500041,0.0015482035976053386
0.0259110313249203,1.4005539912808376,39.29403069891642,0.9807713891147767,29.493726205730283,0.001269182506139155
0.08642027019505356,1.3048460691159978,38.29963438002966,0.19717190111131963,419.74202843363406,0.0014748789521810525
0.12184592312750116,0.8207810639826001,39.090542146883955,0.12373067604304393,466.0359158556609,0.001507043138846347
0.20367762941942827,1.326416963793122,37.26379755451997,0.37309452467219156,860.857767945766,0.001407954334585217
0.21306991893721372,1.3456690961436835,37.25910302209831,0.349457997590726,953.2754925888235,0.0014107830976437382
0.138201483512926,1.288871687280516,33.64096506912044,0.4616876701446631,136.07967681134204,0.0014768278806975813
0.13447440534766167,0.9568485507988886,38.61070419806731,2.43279569844676,1243.7586020524056,0.0015478757984759284
0.10571097455091803,1.503575991804,40.21520254047088,0.14184676110550645,51.23622570480148,0.0012704626932111467
0.3208037002968009,1.2861574606623576,43.76570572210651,0.13882547648696014,319.3032377318119,0.0014507673876002986
0.15995141835728557,0.8970233325993879,33.17937978957736,0.08089085290734913,692.6559162716369,0.0014119395680448226
0.05661584579522445,1.3642136531145006,48.56963847340221,0.25404187657669725,101.05971657082398,0.001480112198889074
0.03990553270567089,1.6768767001163878,36.741722332525015,0.9038396000340617,997.0010524129808,0.0014412518227373307
0.18103327527069377,1.5027063680412287,41.43591194879198,1.314288254227011,414.85444806718897,0.001460034218822872
0.06495048771803952,1.798426345514149,45.81262888885362,0.27548951298731866,212.13090442229773,0.0013290020714642272
0.028818928451181725,1.255513665242744,49.04266902533014,1.6876238518794089,459.3351600504295,0.0014513505983919923
0.11775653417859223,1.8379105917537695,56.07575290934295,0.6692714010624318,591.311565959372,0.001251893744691405
0.03174870726236462,1.5006132343391794,50.636544886433164,1.6317048934482072,232.5099774033206,0.0016447811400293142
0.14198212713489186,1.912275574894733,57.10479962960582,1.013138072154622,349.8011360821067,0.0011795659660403183
0.22534836785211101,1.824007966396178,58.542070177460985,0.8920497373903431,290.17869594357376,0.0017210014600491871
0.2070664890101331,1.8513687049736856,55.727049234911014,0.7290494089983325,394.92467131594725,0.0016959226535892674
0.16629188182427532,1.045763164117801,54.06937173304031,1.8544395080781713,607.2792399688965,0.0013424059649697598
0.19920034850556206,1.3252424245841004,53.74384500486396,2.0344869848740252,377.8890577725815,0.001302066821532141
0.2948135005844339,1.732393683361482,67.29493128484982,3.182881887494034,878.5871416670277,0.0013449005075183596
0.02364172540021411,1.6367137264647695,36.93993314530026,0.12438505896221988,614.2936091471757,0.0014264154108797698
0.038878112636532194,1.697394580957178,46.03701197394781,0.8276300207579329,518.2512235046557,0.0013178740176079447
0.03385231869933952,1.6901897403136126,49.23458438132048,0.8678186807453719,445.7712484170282,0.0013610211701004717
0.041266205796262015,1.7422726646208528,54.038249412913,2.0901448173686963,682.3717954394724,0.001463406095817547
0.18278244956437184,1.4674561222630789,54.38082360899496,0.5445865141361825,173.53928874444637,0.0011917534256019485
0.06120870221997544,1.7535270388684265,55.40306497206993,1.065067898831005,1345.5989289125268,0.0012163794762639782
0.2076208395195919,1.602085098172374,57.188217080244364,0.997770919556867,215.83721765969216,0.0013367973105054924
0.17049370533676336,1.7926599981155962,60.010681645999234,1.2284433115942182,1021.7109599904766,0.001325243666054765
0.21257022990868665,1.5088709350634015,61.14107892662106,1.5185910642744593,1023.2447534407739,0.0012930454445464075
0.0388127262588302,1.4429207560317474,50.119141814370195,1.0993262847492107,239.71505052691057,0.0014371313042092263
0.03128027579245306,1.357123398826068,47.65740400916478,0.975567732733301,303.5118983482289,0.0014569635648887613
0.02310682298065413,1.8035563969736859,50.18138142702814,1.7990199874364272,916.7369071935952,0.0014299664535894659
0.0777524220464581,1.890515562438748,53.112133291130476,0.6221595287927688,445.1229381789869,0.0014658419775545367
0.07032869079713562,1.8994403387955474,51.845908909544,0.7993369259721262,703.1719770088746,0.0014583792096922478
0.06338281382862188,1.9126964318632793,55.30914732501726,0.660138784688424,657.4358762480416,0.0014312640235689764
0.1759577427203994,1.8983951211335388,55.87026862167466,0.8506075627885663,799.7036719976428,0.0014709422562086565
0.10859674734489058,1.8259091525780715,57.38620915155753,1.4125600652335346,787.5540967830347,0.0015218014990655336
0.1017629936481746,1.6382549581337038,57.4095322833263,1.152109641152901,473.228932773777,0.0014121735414207425
0.04924562238906832,1.7844616839887146,53.48877526797798,0.39576921185913183,1059.3596321638097,0.0013752853549879708
0.03055417982217993,1.5136715603707636,30.6214011375343,1.3695684565887731,281.3451491968012,0.0013059572992006139
0.0309012132373657,1.5200066054170707,29.65524851826116,1.6526566417839426,99.76386097990375,0.001268193096134233
0.18896888048395147,1.2994965575857127,54.697791800868465,0.3600445288085384,433.6900519720898,0.001333169872785826
0.10857105383272223,1.9180579408958274,53.82897132925494,0.11263607325367628,1062.0375274452372,0.0013624593447903685
0.030479741439320376,1.895179292659123,48.19924769323313,0.14874932249825532,204.08764511041136,0.0013511120979174602
0.027142210760993938,1.888371785511906,50.582169906578905,1.1122048746377105,404.21264149537757,0.0013897621420474234
0.0699972190905822,1.8716907730341137,54.736111314326706,1.3277496716173978,75.36660830090416,0.0014309401062783714
0.09921557832888056,0.9526704973713649,49.127324476609445,1.3923728238077273,209.27543242352655,0.001388947898449456
0.1062241908246655,1.0129365397638537,45.816202922241914,0.8295674632585301,236.81793028788672,0.0013648589134457267
0.1514330070322199,1.5295837447232508,37.36814642597304,1.2630801760665824,533.7694235604536,0.0013436268876869776
0.3453600527471663,0.8364714438022379,38.64167425224013,1.0735475018976905,1069.7513749058828,0.0014322438825190866
0.16151341637843672,0.9182602585104789,33.669541001779855,1.0823685736522795,366.60801210805505,0.0014763701941849134
0.03900554538376702,1.601112164701354,47.92718139042796,1.8384731901110756,164.50836623549992,0.0013621350787355636
0.18634438554556904,1.3427441657062518,35.632486285543756,0.240078434859897,1351.263056543105,0.001386772246192721
0.10977050223909435,1.3340260856955395,36.9399152789353,2.194629623029628,67.80894997229444,0.0016370416199372323
0.4493613373813789,0.9510546207255263,33.401171124420266,0.4964151060543999,87.07140777800898,0.00163412387994993
0.30967710195325754,0.653163703957319,37.409849509617835,0.6660651017219539,165.49201459631698,0.001687811563563887
0.05797467877103099,1.6518705303390722,33.51229005980573,0.45420392013145117,233.53910396711754,0.0013064876445384975
0.3126537145175635,0.678906476551927,35.2530121610505,0.19398178392059723,720.5401649509616,0.0013825089698876075
0.3368272047572546,0.7794822311441636,35.302755077713044,0.2440878683168158,684.7779200758534,0.0013751449906273818
0.22484719526006536,1.2179880587781453,40.12605931948192,0.8656588711584792,334.66019696338634,0.0014154648714121139
0.13771735427421733,1.574191847633528,41.623831418060355,1.3523881549975934,505.96776568957483,0.001367557068780782
0.20706009364202108,1.0955535760432493,31.67022119745238,0.4645727786159025,287.2338374201323,0.0013770243473289665
0.03406339573921024,1.4284717083215783,44.48641317828419,1.016778297866438,262.6614809605146,0.001410245344037596
0.19497698694664087,0.8006980640860962,35.587682157619206,0.3803001875057222,839.8947044848031,0.0014383968914369427
0.20973126694128963,1.3094212949065775,39.29457225964521,1.7027688461882577,279.979498531893,0.0013251240289245767
0.1256954064148416,1.0648609865027403,33.669964118984886,0.8018315185637475,804.1679932334879,0.0014040610136754031
0.16195419972440403,1.0670769155127406,35.37158223627556,1.3057677808796422,588.2615103592417,0.0013743126016444208
0.22106753724797623,0.5719291647631134,36.98617898379289,1.5432968357642773,342.9419632953059,0.0014139342345833505
0.2821974783983425,1.6326706230245411,36.235859011653886,0.947532624426059,1254.551683539058,0.0013403098689502965
0.17370016822573792,1.6021386094687942,27.869115963102896,1.120733903903203,238.24241738562324,0.001344326091802122
0.0710445730449455,0.9604942098168191,50.815041162580506,0.6008290446753416,437.76833263668124,0.001612296954395
0.14729364807356407,1.6253802847877399,47.119550618922865,0.8492140010915558,885.820237043098,0.0014386153860678546
0.1590876154729889,1.706335419798336,45.011830872170286,1.2203755143076929,776.5592125108616,0.001418214180435801
0.28346921033738737,1.2788545692056332,28.120053198236672,1.484011676912682,108.0635905735932,0.0013747064456014336
0.2828575804698899,1.2570806585924519,28.706987642510065,1.492935384266974,120.85030091356629,0.0013738697520291675
0.05997076952596129,1.0141832271081137,43.69246570077628,0.7266787210876575,41.60317820470402,0.001592876868884482
0.09594514277267119,1.0119260646413963,42.09776381678963,3.081174592519136,63.55508433109472,0.0013722933526466277
0.061124416478665414,1.7948208424822014,44.818811370352044,0.11250995544680821,255.29109193769736,0.0014483471789732074
0.2847154659798096,1.1620833032651856,45.86993049114358,0.6770342495532135,443.58266933850086,0.0013631830990181342
0.2326142742361878,1.0399104323704076,48.96071551240327,0.6266706020064681,560.2320535472339,0.001379636008706426
0.29172249610569406,0.7147631087989378,36.271623263005026,0.4049149032991449,560.2437541698322,0.0012889406179470051
0.1373112538954156,1.0543797100767072,39.91557057822941,0.12031795842206759,800.5747814181487,0.001417577946472528
0.09533231888188018,0.6269615204865981,44.7975181820254,0.20969145062937633,785.5717288422521,0.0014134143190599495
0.12818243660657377,1.3951714002595734,35.03285064314349,0.1026753134526405,400.2298945768948,0.0013700426519058866
0.09799396950612804,1.1167868036857598,28.37923035348601,0.13287929953953567,339.81337392667865,0.001364995775269042
0.09351536672343298,1.5152781751872477,38.45509985874114,0.236480551347804,421.0035324568868,0.0014374600183362897
0.1599193827501642,0.7273472275259635,31.111641444781778,0.4302921544453515,1110.4861097312134,0.0014139350658385979
0.2491704170911814,1.252866028029684,54.17851093461488,0.601128886464149,184.26653036102806,0.0014307034769554285
0.09689925227198781,1.605472739504642,54.44049280537656,0.576536825069371,729.5455989231295,0.0015217795142667793
0.2496836634009731,1.5238625597958078,60.8098375684614,1.5051600715338338,794.4352174240574,0.0013025446022063172
0.16203383324425982,1.5048912823438365,55.5470439978197,0.8150189578255151,141.94642394590923,0.0016069933768146948
0.23036432655907177,1.953522411916087,59.695860440178265,1.1996437936069995,343.31563327950744,0.001274586525983475
0.17919278070897035,1.9497753742257828,55.66186666661023,0.5007723469965765,197.68299790698023,0.0013811224897746339
0.11009848189091888,1.9826964607468716,59.57935139130921,1.8486635763742572,564.0506470297576,0.0014293642738981214
0.2526860391558692,1.7162621902497208,54.859471163711646,0.370213126233966,328.3117314910805,0.0012598141534000532
0.4122779094834216,1.6917961021256565,56.16031285733253,0.48659730454877187,270.4827487610997,0.0012834608723799668
0.017533434282039455,1.6295191970535305,44.97978146214996,1.9713891476931464,31.464006132685014,0.0014631836142699728
0.04164567049088823,1.9183966266394723,49.80251671205752,0.2968722229249315,29.210043973795248,0.0013394707509039323
0.0198753453560235,1.41068571014778,35.89713250731317,2.1168060370408393,197.9544684365744,0.00142241782417049
0.20083241586771447,1.618877358423347,55.8923067328621,0.5813233974803466,606.8083953015405,0.0013884760659074748
0.14392010064933908,0.7111575355920685,51.53628856255023,2.7282208343132064,619.4393165709928,0.0013920658135544285
0.12314897559867126,0.3925748925650504,50.436365877922086,3.424897142666292,288.09581587682896,0.0013658248507748684
0.1828576272110479,0.8969543667247833,43.748501072103636,1.1462680478233196,270.4095479806429,0.001350363720962814
0.24806805685929822,0.9434878215566106,31.497208667441985,1.7687084747104498,622.2582920702007,0.0012984382090551238
0.1913313172694988,0.7733008862389876,34.303263294755645,2.1044356044246038,348.04157383160697,0.0013102476345762718
0.15122032570739719,1.3650652868236997,36.08062629505609,0.4098387592288728,325.55764237563835,0.0013609032659593634
0.16325940155369914,1.4232786874130645,37.39285523612902,0.19744663961999767,788.0647587708165,0.001339919166019616
0.17724912974038187,0.9220735354720433,42.14752892010485,1.0627420642541061,257.5226541504795,0.0015094935867942469
0.10988227487053139,1.1528757407154515,45.16999619811962,0.9259115405386892,301.3132162571348,0.0014297911570144203
0.2005792337898789,0.9045301636526741,34.359656052915916,0.9724517394138873,1626.6377825643162,0.0014928667963673141
0.25754920303549955,0.9923456755988243,34.812695438434794,3.255429228533028,56.22903723078883,0.0013726245583186225
0.11761796922694988,1.1258628163038131,39.408650289766626,0.02004794508127035,1405.85199788195,0.0013233408087753216
0.13139502835879968,1.2532839887671996,39.633347260587946,0.02158119490099758,874.855499024429,0.0013445485896876426
0.41643594581012733,0.9767246875117102,32.70550126105292,0.011394329697557977,350.86770817829944,0.0014288940859499776
0.15897174274656353,1.640485000631661,43.245756283984086,0.019631567076724574,1022.8330348097097,0.001553364919414467
0.2859992494496842,1.2658267456756316,30.98708613466333,0.1414937422378728,222.69856462267106,0.0014830779283887536
0.18975240633202192,1.7463920085612017,41.938775802541464,0.4265892300922635,494.67349617022467,0.0014946316914355598
0.18995773880581607,1.7909867424826784,51.78348702067323,0.2706271309548648,328.3088421601113,0.0013489417914972874
0.043326607861181636,1.272268443222961,50.538246952929555,0.226692914585626,1022.1114234288078,0.0013892426408363128
0.04191693922579729,1.2565226219775814,39.468295793672034,0.2270821021760401,610.7995413530755,0.0014190393491266015
0.1923783474573273,1.6428764233168285,61.260703466886795,1.6180987339588797,380.0004200649981,0.0014494375960378235
0.14666245893993748,1.9832093496925873,58.975081568669054,1.0624894437453103,894.4025900110457,0.0014320747846772509
0.23604627959727398,1.2707115419927735,56.01923046547729,0.6923282138984054,229.85661303765897,0.0013846025153908988
0.17130293969685853,1.8292810869118787,59.0790195519032,1.240854309881622,169.23584475560693,0.0012699695968967594
0.23526302916734118,1.9218018015595606,62.932284453343335,1.7536136481179967,1174.6414809143491,0.001472777495025346
0.10426654059735883,1.0962646355789434,51.71871049827699,0.8042034592339067,199.66562510212574,0.0013692418913620382
0.10972893883416672,1.4970862854597067,55.6076811127648,0.7782740869553487,774.5223047408613,0.0014318453174145076
0.019186764224843566,1.4822312309688948,41.866499361884436,1.6131723658948365,218.22539031957947,0.001422434498005339
0.03569262746913826,1.5482524902831045,39.667525616448096,1.0220132907426138,282.87447703374653,0.0013904242629941238
0.023771154744985673,1.606653962035302,35.772367302984286,1.8198409681930683,517.0773534173791,0.0014531084315806725
0.016454747287849722,1.8908105944188984,41.674486019914966,0.8626564478037173,478.6300424761706,0.001313027915123209
0.02852627963540131,1.9397595038018176,48.57839408919598,1.009671805494011,85.27225510519942,0.0014656174096052883
0.16583325113528818,1.7590265179945253,46.98842382464424,1.0723693664520277,452.16305839755825,0.001363071119105511
0.15059260495331453,1.4001488606418797,35.972913561545994,0.8756147566431648,354.8912924381771,0.001408670515378815
0.09081351768366999,1.651716980034582,40.104218266117414,1.1951480684406155,1369.0393527470587,0.0015041197767461003
0.12074427037856848,1.5930950409297127,41.00659113390952,1.5220979160377315,433.2124008593733,0.0015409236620411257
0.17659822844392895,1.0746660655425664,37.86294226599467,0.9326596121675206,33.01929274897176,0.0014101061259818124
0.13110452323061852,1.218587831114237,31.097468988840856,3.2161708879080844,3.6830839647623934,0.0014802688414847951
0.1741367791277799,1.456580360793657,36.902533718646055,0.03662770083990948,10.492769564174672,0.0013343519388590438
0.21252306423373654,1.5535486761647157,32.79023386646337,0.042608592649578954,16.762923244382225,0.0013442385029095096
0.08103095255651488,0.8278042164890748,42.355072919134045,0.32089279804646387,402.2515923826663,0.0014091522576099222
0.029681436557492523,1.6164477206827335,36.25529585336784,2.8286711639541724,336.34180362043446,0.0015665151111168582
0.03729164255560251,1.0739676544449592,31.08216447442503,1.50979347886905,379.3381066956414,0.0015211776154864937
0.0984843546617967,1.3899985212781607,49.11544982450874,1.4859804644416832,490.21581720756615,0.0015858732043069956
0.2593807013240033,1.3090473563331295,38.72812063314225,1.0521950506593416,509.91601796335607,0.001393523791402451
0.17229648422404975,1.095799160506722,33.591379221263345,1.0009814458577935,253.87039369235538,0.0013880702856280925
0.10712595242385305,1.376753894028144,37.82695148155826,2.0821182208012194,1239.1112881574536,0.0015155948223563853
0.2843537837987381,0.7302653546105863,49.12338795135972,0.7196721724455849,104.1703628713974,0.0013137629762474267
0.10041228822966751,1.6152750681833816,27.440084725646493,1.4800782839325661,128.99090106454125,0.0015484642148290337
0.34468086984332513,0.8082030324028756,45.827268357926734,0.8122120804912665,717.8622266902738,0.0015616922358622346
0.05755509926078602,1.5857019422847958,49.1682043147205,0.7084620541247248,337.2214417347881,0.0015639912549157986
0.02719579757022143,1.1388905577946806,42.8849211165545,0.5185805861153351,791.458386810636,0.0015388472331994898
0.07870466181048238,1.395910943811746,40.14116268277004,0.9294895721921503,697.8991625686407,0.0014032542361828416
0.041650786403577306,1.3509527852461858,36.246589244451876,0.4573277320101701,576.2988948430376,0.0014490262436375819
0.18428973224487566,1.7910706134909424,57.364628703071766,0.8832548016436694,517.8352560254356,0.0013321457164070219
0.07570393290134807,1.5076365676465469,55.471829592318244,1.7728605443365424,765.1148614859513,0.001453725868477194
0.20160326555506544,1.6413043241777987,54.86875330331888,0.8490368391833136,147.2038004617243,0.0013769943087025716
0.25416402258079185,1.2111728090403568,52.14025448141109,2.6281279103328314,43.19363972829977,0.0014315884056525447
0.1273396485869254,1.2756435089789957,54.69364988852758,1.0215716704931062,38.44406373133415,0.0013578618369177774
0.1891305558309177,1.3297826911055288,59.32088671840431,1.354117921300864,1090.4680275720675,0.001425220348917549
0.19734146155135487,1.9784295120761715,54.43906814118726,0.32798653871493505,162.9792215214076,0.0013911558413459346
0.21364061760478567,1.860071947441691,56.69832322127421,0.6204482183421679,243.6412403298039,0.0013803674229092707
0.17553757321925562,1.9011441788632106,55.98822158990469,1.1213048939340369,247.22276456232606,0.0013893980756310138
0.14676978837553253,1.508842418572854,57.23258374183349,1.6507547972637795,1043.1249289073069,0.0013376788869044584
0.3090869707823876,1.5464803947732981,61.79113920506431,2.1219153644278053,186.5151520727236,0.0014417205697997825
0.20255635916975998,1.539241660729965,58.194986368965864,1.4795248204449019,804.1245317425307,0.0014747582834848632
0.25952840669988925,1.7141271127775282,60.75751705285295,1.6479937865973753,1235.1479417976136,0.0015224119263178273
0.03719887599514165,1.6939219527696814,35.75535015860764,0.32426398250089056,162.6130509525374,0.0013311489390310507
0.06911049195464154,1.207265004351445,39.61975760333866,2.5943809088462815,27.181801762343255,0.0014090949164528156
0.0917216643907393,1.309170793097474,51.547647567054476,0.36040261842525967,36.85226821525609,0.0014314053555814668
0.028900549251163622,1.8131766270542782,50.53362649959216,1.1154295196401627,379.3514526734747,0.0015466306380839288
0.021002368165475082,1.5375424968344849,36.470557817124146,1.671386482218851,167.01107369896448,0.0013964325868813297
0.05343515257244319,1.8897154232342945,40.02717418736958,1.3306918195580466,124.18229184452423,0.0013105623986962485
0.28411693108970804,1.6084120647909048,31.164982340555014,0.8786154703493506,637.3207520909784,0.00160826545719696
0.19124822942156797,1.6093350867302578,37.924421086559526,2.308869434893295,107.75682257107626,0.0014064197867806674
0.0207377796201588,1.5408768629251752,48.00554593014699,0.30006127877718997,579.9599609672406,0.0013785834219527263
0.03824453147937679,1.228328075843035,47.606567571125154,1.0625273110761748,789.5491246746607,0.0013494888385378809
0.018263902028746955,1.8186588781531958,39.73670341514854,1.0745643881680473,281.40559736289117,0.001337199777398556
0.012553301798902006,1.9507388160068813,41.27488458241186,2.578645630540102,317.09524550801103,0.0013959840071844898
0.060441911077207575,1.899972200891277,36.94147336986102,0.4754560878371863,390.24930676318564,0.0013595128869483119
0.26010962626900236,0.5728440257762875,41.661630216300765,0.3488494060100354,781.202585379809,0.001497793867401135
0.23445524743700755,0.9113107319982888,37.562172328150176,0.42906963252317154,716.9595757485616,0.0014466397457334641
0.220615048053072,1.4222425584819471,45.431017280634414,0.49302861905600465,387.90385632855333,0.0014682461456708164
0.2427352083324518,1.273755575573356,47.39429354348226,0.5501775952095926,355.7185419188605,0.0014694148437293367
0.1570748891439928,1.6958814506589461,55.3263713618852,0.570520239120647,1023.0220296616308,0.0014952365491580956
0.15559355316776144,1.6114030615825454,60.07383977822103,1.7550693082103344,105.10965586743629,0.0014091947614505314
0.07749904416917679,1.6799103621098774,57.57273119508801,1.820784914182362,119.7473741611281,0.0013455554889666946
0.2682823273688274,1.3843229328410922,54.66740939581832,0.42550457157273813,121.85822559251527,0.0014321444050187635
0.13205755108448647,1.4061126336447407,53.664695374314896,0.6170185899631832,123.88212836948222,0.0014818853372652171
0.03717413713581024,1.6299553485869334,54.55522631812553,1.6690286560596168,997.7283396694677,0.0013642517391458029
0.045731864286650166,1.5682543713223267,52.63901340368939,1.5221644115701616,732.1882580385736,0.0014134511285521542
0.031641711397925716,1.4450542026009534,36.15044621817352,0.9058007442444818,350.22103778178064,0.0012989036645074553
0.025929855403626936,1.3807927658027648,44.54395787499135,1.1909476858059358,734.5239189169874,0.0013261971082446753
0.03675821078701828,1.2957910161736081,46.98371258972628,0.9312012444604971,526.6570503661333,0.0013400992133818777
0.0391576921289604,1.3474365904456624,34.193846887981586,0.7123272216408115,466.4898473833791,0.0013140790732650521
0.02672182288610764,1.6250842378493,50.31521044980722,1.8384352223691571,442.2450517869049,0.001333712245615263
0.022837836371358874,1.6892954414862305,50.81569187619621,1.7656365266731888,420.51684338743416,0.0013279661404217683
0.30665838164052156,1.1008395448570187,37.07062759564341,0.6608456768184079,340.61910897885326,0.001484334777907023
0.06169521418332012,1.3276681284908913,37.97631172491943,1.1558619545173348,597.014045100541,0.0014647144809115389
0.30755946193408973,1.5000191139519603,33.16350019005429,1.2605619961970096,376.55005403091343,0.0012697717886348465
0.020941488249714885,1.6050834212137388,45.96538619470148,0.9943327811267235,853.5033156503989,0.0014674526427715588
0.28241610398066386,1.3004440257393899,35.822835045020334,0.15433465804280597,234.09013608203793,0.0014657650615705182
0.17914683319095898,1.3378543312234503,35.65328415594144,0.1463305609506999,353.6858941369521,0.0014905381636687366
0.19182824680798508,1.8007482559797015,36.56789466499428,0.422636611542672,560.124657490026,0.001320443899177997
0.1385406364672657,0.9952482521457401,38.17023519422231,0.804775533350394,407.1191000317135,0.0014958246812906031
0.1329907688545931,0.7070098791445738,36.231076784576835,1.747550037686191,645.271129185063,0.0014495472846573583
0.05929523159207313,1.0150792224947063,53.6895077129852,1.7334473087003726,625.0422690568687,0.0013905508772689243
0.06797086628822306,1.0188939206966492,52.72284724880136,1.3993446354116328,587.4680716832702,0.0014037788176543826
0.049511867051740856,1.5048072064372904,52.81444611071616,1.21448949493827,428.1126068490773,0.0013661456123491024
0.02327874822931851,1.4041997502877919,49.94113025414643,2.6791832163385956,290.59200217909404,0.0013879767118540613
0.027153734842855385,1.347975105144107,43.12950587378822,1.9551081012662965,603.2005484693577,0.0014591343919174483
0.03356901783370202,1.2673524726347902,41.585091863718574,2.6519560340218145,513.2934809041071,0.0014418828155034753
0.059969272177503904,0.8344470016855858,42.00608090026501,1.6994757232730753,734.8127520274102,0.001431862748629233
0.0391211244013411,1.6616480053731433,36.285703161176514,1.3951194598374066,920.6159368198493,0.0013489854648468982
0.0774696677292676,1.5223698807031776,53.788595255689046,1.408503461019705,227.3439835368225,0.0013883863797113302
0.07999260602891209,1.5215965278803898,53.079873995543906,1.503977494564463,242.96792150238284,0.0013874709701800453
0.015431903499955381,1.995916633896886,47.189908468995576,0.9138388902606759,791.2852583392635,0.0013907377263696666
0.13277076016310654,1.9751719823454734,55.81790124417455,1.2329048332463772,237.3057376316428,0.0014858584179977066
0.20394041856314432,1.1424032607165426,55.62268604180264,1.115932346518562,289.89392936111545,0.0013407708588787396
0.19737002946574295,1.875383025298838,60.64893872305083,1.9078522534761717,109.24920878405057,0.001425447481568635
0.18392823463025965,1.775371565351229,53.865905916326675,0.32730128351911636,8.676890428762217,0.0013812718098642587
0.19997700791863462,1.2669582578993037,56.35264835237054,1.1980329162262326,17.295401121910196,0.001469545183010625
0.16746483745260266,1.6960645123764417,60.26417720326953,1.7161836250419744,1067.4967951908654,0.0014245423699129193
0.19448048235866042,1.6492653672475666,57.64432993043138,0.860271527314443,242.17771999021565,0.0015466445220038187
0.15694858585403867,1.5832295549240405,58.388916736301034,1.8327593559206643,364.19025467257796,0.0013089154586073694
0.15127211438246072,1.6495776549264607,59.07040625057648,2.1468829560724365,1211.3228720350598,0.0013619749865091614
0.030547827400011607,1.985920232296786,51.95648987301225,0.6616862716461619,183.36955689484682,0.0013111128470074296
0.04505193029121159,1.8876422867575466,32.80369008274578,2.600042321964562,108.9503864141829,0.001468472899627479
0.02245992714921571,1.8972662209582303,35.997566249497865,1.442464930841214,400.0717492851415,0.001536176664929328
0.03400360412283576,1.8038929215586514,44.03544012087126,1.809677846130667,525.8455735518504,0.0014817686416926776
0.23313552490377057,0.9000837472487239,43.88088569631332,0.7978358639473034,489.2664119293128,0.0013779214847719342
0.22341165333455001,0.5764325344177675,41.31495388179356,2.4510225742223484,291.82836651765297,0.0013453405003645065
0.2242840107336097,0.6929461313162896,40.67256103957551,1.8563195564799435,531.5203048403132,0.0013432278942908421
0.20707075680168904,0.8129034272309532,40.262612640315474,1.4771264975555718,698.5839013260547,0.0014093488049054309
0.13240122970105553,1.6684008822488396,37.80499543260043,0.71312894661457,346.0829790345081,0.0013236462157009353
0.05159820722884349,1.1526049920274573,38.30555894301395,0.47307945375135574,348.9260589171478,0.0014592099592150463
0.13940115632199984,1.2462433361371925,39.25495763776932,2.538539476093863,855.3689847535824,0.0012879374232600883
0.11241633963503547,1.6895329562813055,36.45393521115444,0.5369398678749978,98.01724899257113,0.001538152173045639
0.25120298448101896,0.7303329087090294,32.1191030717773,1.5947513580040042,251.33949920383554,0.001404494295502697
0.12898664001586788,1.466325176335105,37.9586217216162,0.682509279112974,854.9212185549735,0.001511168359559281
0.2091832424759775,1.0341519367868772,40.110935889955336,0.9806410771145854,321.3885133536012,0.0012866390285939814
0.10188966586671333,1.0265923122146983,32.193654938543425,1.7464006733386483,516.1752777748897,0.0014025412571633256
0.07441995346687993,1.3709728580181832,36.36244238404515,1.4752169100669394,547.1912064777906,0.0014928041624962091
0.24647363513312215,1.102975156978727,47.49563384835841,0.315085324065066,412.09931183494746,0.0015033772465091052
0.10941382807089485,1.7427530180172297,36.71242525656986,0.9105224516355812,122.69093075097754,0.0012870900915852735
0.09160554864047943,0.8097988224499658,41.32464489521024,1.1526555251610557,915.3463098902666,0.0015086908340308425
0.08872566492394067,0.99389655251617,38.34478552336707,0.9644517534974412,1028.4797843485358,0.0014980125258991944
0.10834518083664411,1.5510847050114511,33.27815393310957,0.7916561410993751,142.07752075743053,0.0013574331742143288
0.06543976204737663,1.5803905259990723,36.34007755075313,0.8219834992709077,213.27073065743443,0.0013813978040174077
0.05632348317637059,1.6667648906304309,38.67551467439093,0.9689323352016513,90.15741097912098,0.001364084767603075
0.2355274728630358,0.9921528646481763,39.849684848195196,0.9525025551574089,443.7688344408967,0.0014619119975119864
0.19080388976254362,0.9661172449954764,35.20968659342041,0.895030207852679,650.4686878379277,0.0014730344583486193
0.03728402466257025,1.7322543040040053,50.9777543604463,0.4616796588340293,345.6313830221625,0.0014120683529072735
0.037762962234110645,1.1449816054044388,37.98203671629442,0.8764643010662956,732.2496105475752,0.0014322582361332786
0.28301632177869596,1.2560019722083904,34.07716488736132,1.4995862526764774,210.34235202809066,0.0014711012918614188
0.16588639725460583,1.1073023051341213,47.19866159674454,2.533410210856449,172.05336623108084,0.0014892109258028722
0.023203423799517755,1.1596891975368726,40.565216318494045,0.7499139040952123,1079.5621300463104,0.0015088882299306764
0.02727490176415671,1.740383729311836,43.26680106214243,1.7043243292922967,321.2006176965911,0.0013721317201864697
0.16713071004187788,1.1064008658557252,46.742635031334515,0.5284035224666163,657.656373130136,0.001276482189234814
0.21589391605852043,1.1123402951652228,47.160833100227876,0.5486292751488842,687.7346750754143,0.0012873973816174833
0.24465193054460785,1.2824820694184658,48.096709677328086,0.2689695280107405,700.2157978453087,0.0013589985911782326
0.050962405265552325,1.0549771681633577,40.05956011767343,0.5293946366403043,425.7350538787214,0.0014948163970469666
0.10351069016751542,1.1428230421986643,37.34130646300761,0.373296726379369,691.0195120728881,0.0016015937147675333
0.026803089577081576,1.6222349264296254,43.41145147004988,0.10452662489775603,481.9171305060571,0.0014536455774673065
0.029112076998161096,1.7031734409173551,49.18720671656089,0.21924873853619076,750.1214639331348,0.0013115514257100083
0.3155287021066346,0.8050510210952859,33.7738489767472,1.5659120494607826,490.262657555943,0.0014907023323079845
0.041020818014221486,1.349136884982923,39.95441156213708,0.31427246852541396,363.7459358835575,0.0013610128908139165
0.04706551324278356,1.4065252063785878,44.224091499748255,0.6231238109967105,317.4199479027696,0.0015010705116816983
0.2104554098297886,1.0666421912835011,34.555455150227296,1.5812270872958105,740.0237015044645,0.001492463970899658
0.13570799161999775,1.6003426440862552,34.69957581153712,0.3845897271058401,156.41181780222456,0.0013287593493125055
0.0452637728254601,1.6382661507133176,52.68507278697289,1.4790617941971285,1016.8524005138345,0.001573441313414674
0.0387701084699565,1.6034904629808653,53.26527056102106,1.2854539161068845,1044.6106821347148,0.0015847344244463986
0.0529542751536465,1.4687014962470233,52.9136436770284,0.8057722512319905,873.1847006832461,0.0015715181504328075
0.11010276471245709,1.8223826816821371,56.5964056775324,0.9432021321610649,565.5002800470759,0.0015307333940721925
0.15696413878405535,1.682949620361025,57.26663791611604,1.0725670314260283,418.53209171715565,0.0014286885004257993
0.0891433394090458,1.8481736157769946,55.190826123754,0.85754811496055,847.420521887537,0.0013778972756415544
0.20761422939850893,1.2761999602544813,53.24913501226561,0.34687764861900067,479.94071500933796,0.001464745335375624
0.2322732599643102,1.4546468646462374,55.20749035410671,0.3854367567147436,524.5683899766892,0.0014663579692020402
0.18290905850129832,1.3304224342155964,52.93279011745617,0.2311740301660813,278.07006433723404,0.0013969239171981863
0.34004577226198407,1.7152077189449326,62.00269543311163,1.6731814538456782,54.55246214882795,0.0014635868654075909
0.16500579272306648,1.8360951687366645,58.48155279963899,1.5348427282004364,173.82665811467194,0.0013942270553572835
0.1597797237064035,1.7841186684009498,53.985471211200434,0.3401105065130981,113.27946305729738,0.0013832485634997387
0.2547555551197448,1.7733333635091941,57.31348527618064,0.9974226720234523,117.38960437753467,0.0013181247015861266
0.04733213621561289,1.2127151333705082,51.09082865305654,1.893656534873855,340.71867175293573,0.001417629171198829
0.08822472445622341,1.4441993566659168,53.68282418258806,0.9119787571639234,311.3159592573174,0.001612935579875206
0.18335559354770453,1.6551860378501342,53.555254174007935,0.1342352019221646,633.8309691732759,0.0013602828916541793
0.1720952734071792,1.6081815250136693,60.73971365360256,1.74407488792068,491.16941494868325,0.0014015841297182873
0.186621963551303,1.5075548721265526,58.882505109341864,1.6571676575601855,883.7875593951549,0.0014600418425040197
0.14766380293088216,1.679442103904366,59.232205166291926,1.1025154581361785,899.9023883899449,0.0014173397409759799
0.2578082536215729,1.9790817579454059,58.16658241514418,1.0370990625484886,244.44044960115133,0.0014093665969738328
0.2389957236900227,1.9839328620705237,58.09773095112439,1.0601244455813377,216.71531968154252,0.0013427130449480342
0.09868576727738129,1.7644201240683632,55.38524620330987,1.2506210808176688,50.6762356381503,0.001453414781521348
0.09360497067444065,1.7765269778599115,53.324866133000214,0.5955417352562635,439.4740708733699,0.0015544477056170104
0.285990969503829,1.3304817841199241,59.32623462154663,1.1396074315799818,606.4036976791394,0.0013578998571528705
0.17559483545110927,1.7961209204406432,63.29033283685656,2.473345757436503,691.4454655906229,0.0013523539198534713
0.22775328863253388,1.635536646049193,63.16668878583277,2.089547047345296,788.5181630772956,0.001335003475536977
0.1403271224293265,1.7394667871394054,55.95487378273735,0.8792882633989559,483.5635480810339,0.001409210315026125
0.12708857419052774,1.7779592312518049,58.50663864205699,1.4572307794022323,86.73031755859104,0.0013252630741398233
0.28945247320908407,1.1351396459032381,60.38981579678971,1.836891401003177,117.76639672660507,0.0013759733302511827
0.22445847282102976,1.2780225564478926,60.023552507081355,1.8630799420902888,105.12819278793243,0.001388015350215481
0.2140493891949851,1.2966135859965933,57.316471851091826,1.144759883530438,24.928139463472363,0.001359963614891838
0.20254573139822218,1.9524060055826264,55.27782495512773,0.47355865924921037,243.26085469050562,0.0013931670620407751
0.07463905043546942,1.9032498146175296,52.589036627848664,0.21975569316246563,510.69031061496895,0.0013189122773944453
0.24135873480127484,1.9047238384987886,54.34198572018263,0.059015695594097396,681.4179195253878,0.001599027697327409
0.24135873480127484,1.9047238384987886,54.34198572018263,0.059015695594097396,681.4179195253878,0.001599027697327409
0.18794082157962833,1.9124070632642811,52.73772551068424,0.044809570767519395,424.28747106646705,0.0015779880202292057
0.20441857157447352,1.9054744610066756,52.206231290779044,0.0469527898176274,417.86393370532716,0.0015702371746096075
0.17278955991998857,1.070179421921467,52.986703085412714,0.08454341177865356,762.8887095664908,0.0014085444405747814
0.06253439191983728,1.6109390419830043,30.352220982364464,3.790319429717313,290.01924981722345,0.0013955433165621111
0.07162750713735819,1.5077815168008162,35.013264435609145,1.1095219430945484,89.34181156294866,0.0013614931441290497
0.031636803018653736,1.4866826621430755,44.596126399513814,0.24112583159321738,717.7144743727758,0.0013587828895310714
0.2638012257597431,1.6123668115121754,63.836735199998806,1.8989109677488012,709.5502219254881,0.001460586674303939
0.10750277168777136,1.4789829738873994,54.788280360442975,0.6290481238031602,271.9624980734211,0.00145785756183647
0.15621628785289718,1.1161835338829438,53.15996603389776,0.7543068043879724,524.7306643407359,0.0013730692031328376
0.1848926571265161,1.2236205170776677,57.93822268923126,1.9385950162493801,791.6201290128756,0.0014727959312200937
0.2654378263688143,1.1410865427500916,26.6449514123657,1.362023469981655,373.8466020178651,0.0014313356546689835
0.12832964159611127,1.1478454253146135,39.12991444728887,0.9841627789912111,664.728607336187,0.0016522637232739943
0.18450160441006871,1.008156758239388,35.79520196558115,0.713084119738394,1091.7191860602825,0.0017351433274158759
0.20954095643513132,1.1109324545918549,36.63662143104069,1.1175828768894471,739.0705502123132,0.0016978769988070497
0.14555269960020378,1.0859370327358637,34.01880146337609,0.9883971950035076,226.11478772747373,0.0013671707197805655
0.17549854892516556,0.9784651572989915,39.054261099943865,0.5117859994300502,301.7869660084384,0.0014020156103576819
0.2772319828077822,0.9026428114086232,39.365320447380405,0.6558835900282474,216.02618632769634,0.0012486360133350156
0.21422331476871417,1.1080969423172127,33.856234571133875,1.0972904752796835,538.5241319310145,0.001326686364880574
0.3017958179398963,0.5392177690207441,47.13207090121968,1.3301413757177478,160.46024751912924,0.0013584684308842342
0.11679051629670266,1.8081120021275188,36.04928383281987,1.2500919675838063,968.3971320378257,0.0014780584501722029
0.2683784339744841,1.7063059765452455,33.385001507945574,0.8989991647253288,90.32126065395599,0.0013974689221084003
0.18492015303884005,1.6785705823045909,41.86653411600512,1.0458417823384516,1481.509269632249,0.0014246758443538711
0.19706693177606407,1.6140504756920566,42.147898118662035,0.9906894994609236,1160.2692512387218,0.0014314174139667497
0.15483446491866684,1.8503962941087704,34.62813125492138,1.1035516355286599,155.85426946789852,0.0014503458102836982
0.29816767261118765,1.302784568297681,40.33593099157385,1.3279072409359058,154.09576937603353,0.001358852123669158
0.08361153838904317,1.1860423937445301,43.17015513631446,1.115019485181945,455.0287459054243,0.0014884304573987322
0.046355332875345316,1.4151999251831553,52.556038336823725,1.101503885176958,158.45798279387813,0.001548293995147887
0.21169485454256567,1.8074725743347098,59.03851948871774,1.1354296113896052,691.8218030870141,0.001256285372515042
0.20284176078745791,1.7789589237830359,58.618843259308264,0.9593435018626807,532.5221378422423,0.0012605487118250694
0.1293726374195109,1.7960681075875364,58.76154885127673,1.379712435416727,768.7800568839532,0.0013978593238056234
0.11450549082288057,1.8962087018461344,59.914804879373726,1.9489696098714375,361.2484759866968,0.0014355667447584273
0.09033778609010762,1.8840103409830278,60.03615332059485,2.0778299107402405,354.7066142835385,0.0014629364121042099
0.13838972456879955,1.8676860232863297,58.7938808530374,1.149968953075123,1142.8669342407431,0.00150606227058033
0.13532964496015165,1.8699773101261434,58.00421431756124,0.924726726169239,874.8007433745657,0.0015221494386069012
0.3660877122845575,1.793546643635169,60.57576313708489,1.136380665717224,372.9445264708931,0.001323737491377184
0.05361586022057554,1.9747455292024583,55.25365663670935,1.0905269243468763,775.816835129212,0.0013741752150391712
0.10552001829270552,1.8847818429708325,61.79066237732449,2.388500184138354,499.91698443796673,0.0014773146653414817
0.1882285329744316,1.3574056127831866,56.81391678975587,0.9750760342601992,134.32874580372194,0.0014128176696041141
0.10195475491817091,1.8651547632767367,58.45411757461646,1.5860367124927406,57.47657987168451,0.0012570081361841943
0.2219737754534558,1.5025216973150082,56.126276041386525,0.7122508334693154,64.98135437642343,0.0015268486636550859
0.051505448197815384,1.6869714870184132,52.70143673784424,0.758362849623521,98.5362700759221,0.0014881558258077023
0.1578937359779392,1.1551929211731562,51.10345414903614,0.1440859041034163,236.0147499457045,0.0014502587501822664
0.04549947609772608,1.8530857658073732,51.34784523067543,0.41744811971787193,833.979290093695,0.001301331137027374
0.09716666013421926,1.6032703046879138,54.68995779211036,0.5888668592347981,671.8688984931609,0.0013279560284376768
0.18364996550299134,1.4240724937499443,59.81466191679943,2.0552248678527625,143.5938192543577,0.0014106195028647773
0.10371484929165277,1.5301295328039908,53.76271247773169,0.645311168571845,366.4255449248749,0.0015115706138701854
0.018910939100816298,1.3965745785959727,37.956238269639684,1.036370940594724,587.668137467958,0.001333058664140855
0.07695063581745544,1.967831292058755,52.81220311776569,0.2232132904247648,394.4731813833544,0.0013282288622852223
0.12441550482144491,1.7054293768107258,59.30062849296516,1.8063212536130626,344.5964526557176,0.001460227413205607
0.13397806299847095,1.557293979367977,60.000055944441705,1.5134526069019594,1052.2484532068015,0.0015086683276509516
0.03830189848572497,1.177736222335216,38.88361750537377,0.49217364977976197,88.75077654143095,0.0014088757673207867
0.02389828029765872,1.9946063757505064,40.280006026672986,0.18476180550663754,940.3751679656557,0.0013224651600415344
0.023848104240633237,1.9840400712088493,39.42208509750903,0.6741456382138028,322.21733450930725,0.0012701071123520167
0.04414601242843988,1.971742527445258,39.788987282173025,0.7699761522645541,403.9834435687012,0.0012519413345114874
0.3997675717672218,0.30756552301442114,32.153864661604736,1.231134215978622,663.9023364141361,0.0014527261152422317
0.1646597787983541,1.0766356378854784,44.97967221618822,2.079547277416474,699.3751700658289,0.001336127007687856
0.08202775916495253,1.0786518917092356,54.2292361519441,0.26209026196336455,1452.3497847647498,0.0013668554656905223
0.08599771014669966,1.1667624909678336,51.97766707059735,0.24092235547711854,1304.4570597487564,0.0013644119917017557
0.30088737183649916,1.7921752058308662,58.90133670873852,1.1027556603729174,101.30370651353347,0.0016499617265044988
0.10696345023005638,1.3031526337928407,55.248680995953585,0.9045668670402897,362.549749434131,0.001517184879783165
0.07002030365692918,1.8412065542402398,57.84744089073459,1.6089530270336043,672.5741780669877,0.001626810404054273
0.17918933793489247,1.7826445522716141,57.68624937735946,0.917922570242994,433.00063566947244,0.0013518452596494525
0.2301736061454862,1.9239735175775676,64.60589095430261,2.5708385359158394,622.0491539619682,0.0014652582761887833
0.1418844163720236,1.5352884136505445,54.89770244093324,0.411392779628039,688.2391278455407,0.0012656552764540143
0.05186205809274894,1.7032037447613084,54.08675886003602,1.3650402975151585,295.06087785972727,0.0014959750395517135
0.02523106067006714,1.325393030334344,47.51327793184356,1.0368213137007383,465.3366923759595,0.0013637183380537693
0.12550537571381848,1.199684813409403,32.41150161832653,0.5732286307533249,760.121122656847,0.0014659087519770875
0.14008373002328103,1.2858015521981707,38.02328795197498,0.8117787367865755,662.6255680378289,0.0014334040636867923
0.08197513650005085,1.692492253925215,34.94930873792472,0.9545865942040392,483.689135502967,0.001402732551178591
0.14524008898912005,1.6344536430455596,38.41037151013229,1.068246972187296,373.9931733018346,0.0014630107464746246
0.37879816858419796,1.3265686290581482,41.853532194183536,2.1137911870983817,324.8963567643885,0.0015286904008386553
0.3734977149600977,1.439019587883252,47.04338593160319,1.39323212895147,400.245187672642,0.0014489445449422291
0.04982289240307749,1.4504693101444455,35.48980766633702,1.046739176878447,664.0781972790876,0.0015421680653018507
0.027251929134419,1.6214147439886326,43.67386441597533,0.37790728704604554,376.8295766418389,0.001566566924828663
0.1781247325255187,1.4110513773626432,35.197724526373435,1.8884154881608488,640.6364548573467,0.0012948264140000866
0.14311502093666442,1.781796350377605,36.171373238082026,1.1728368356581325,574.8019761004634,0.0015291806223439361
0.18048913683792545,1.127493289976598,39.07691027169605,0.36616323041431387,677.4869536893402,0.0013092050460135195
0.14748887623444154,1.1952750699936099,37.23422875278731,1.585387948498323,464.9657857256723,0.0014729146094784923
0.13173501479252622,1.532476133498579,42.171993930121346,0.3887248898865691,809.6688663362295,0.0015520892978107058
0.12745048517330837,1.4732945706454723,50.68180318035163,0.795786262570127,212.0184395341321,0.0014832378425882597
0.06823419149145843,1.7286819912565867,55.680893557372364,1.2368389964083057,175.93066379778273,0.0015455799126882048
0.04641541147257121,1.230914590151086,50.001183773859026,0.7665091232335516,315.43637779610305,0.00136026933043444
0.07996107977874968,1.6037191933646544,47.26637642256177,2.152438378221056,524.2766335786713,0.0013896071504971943
0.12624153507217856,1.5997153681629426,50.72584332294865,0.7619420848156806,155.7385670156997,0.0013646646518620448
0.05771386774246656,0.9998406002230817,37.033728783673425,1.1592935565992413,71.00591142325426,0.0014307981607408512
0.2821059493095138,1.037591479847074,38.71795143988402,1.2873514875471717,218.87359125742117,0.0015367942135388027
0.02096650197205682,1.7058899750286123,39.58437255624316,1.1219873471702762,651.2907811336584,0.0013140568752777401
0.019818078684512894,1.711028689187488,38.90652232962209,1.0939574726724082,666.0003480780649,0.0013133558339062546
0.020447386568188515,1.750341028149766,38.46174109524678,0.7415194137999666,849.5475138739785,0.001304800195010895
0.07035252019124356,1.6424707854741092,40.894981930771635,2.5625757656511006,129.015939260843,0.0015364251601290785
0.06384391245919091,1.2308175111199193,39.18308849403043,1.0309880731820282,183.90305479037008,0.001560281772236156
0.31100013269562327,1.1326151410921612,36.98192887329157,1.3886338989902487,490.99941800564505,0.0012976168761208576
0.32177433504930386,1.1601726647986985,35.885329928215306,1.2500194415675125,576.4474262336462,0.0012922407540256454
0.34376499289662393,0.6200608329681155,35.01948184505594,1.803522331471562,439.9720906139033,0.001298590698449783
0.3063091561042142,0.7700249408896583,39.26713789358155,0.8388612775786315,991.0987521936739,0.0012746961496636249
0.07421586562801612,1.9491652476641401,35.789374883167646,1.5463251552754407,114.66450086711572,0.0013778194637007462
0.0805294738301191,1.9268861955954744,33.76442091067657,0.6670997275529714,271.9371786528121,0.0014190101868913202
0.24196619310853415,1.7865125427449284,37.89022518753127,0.9705668562538651,220.07643917033454,0.0013515017781931668
0.21756036106928223,1.9283449082977815,39.89948586475803,0.7891116643660888,312.75221422199854,0.0015332251520773302
0.14398594676110046,1.8944879051081729,29.068606599234126,0.9930291864123084,133.81126564305464,0.001352819557959175
0.23793000953040797,1.7628276336712008,39.628602677985235,0.5482842640162023,411.56412583827114,0.001435548200240361
0.25178194979703283,1.1614858204248548,41.84156900624477,1.0745353937289066,839.6251773586142,0.001391959855686188
0.17270312761585535,1.2298656881508006,35.82937400086138,0.7027178409508201,786.8096527984893,0.001354830112156555
0.21643927046013156,0.6962955955333382,38.1804850443677,1.6714212297428155,91.37117095197323,0.0012706815792530282
0.1477576710350566,1.701724740099195,38.591846512046565,1.3675025842397681,65.4706502421558,0.0014112099209954753
0.11204748414162422,1.5763892908008783,35.27183819334914,1.273462290466354,54.869723382529,0.0014057516451548248
0.06590362805461907,1.4832223785352643,34.420858236677596,1.5757064903555678,326.17907792867396,0.0013553432778439776
0.04870332703543743,1.858405396620482,38.90491668040617,0.9736201457039249,885.3940392181913,0.0013114739939869711
0.3473716472107532,1.137587412425706,37.10865570338317,1.016651965870694,194.33532923055958,0.0015277769589731567
0.06509837412017626,1.9128677212004994,31.18401351497039,0.9738107303005006,171.99309376418685,0.0014341727988382768
0.15031681132203653,1.7386293576942515,40.314749717412596,1.913956835908842,432.0031702498898,0.0014778931506194252
0.18518283747170802,1.7212135370248962,37.36885345674926,1.3950823214854409,280.26521494488526,0.0014760848396933994
0.20465541090786207,0.8182665986628996,38.005784829156006,0.9551687663691655,565.5849799699843,0.0013517595892005023
0.20147432323092843,1.1667873350411795,36.40051282863634,0.5576961380092827,778.5832522565619,0.0013496417370011525
0.20777653586574116,1.0849484839839063,34.98718435116855,0.43587742435141447,566.765730340226,0.0012992750995265356
0.11635475701199949,1.1499192757193994,39.2436803293276,1.4725746756707716,584.5317992765612,0.0012586766291605004
0.2381970166530456,1.4696729155183734,34.55042149307066,0.4344476517421421,732.1309123847902,0.0013319971142300012
0.28498823583659433,1.6651452900363057,37.08818453198003,2.8539763914468206,407.7206710196538,0.0013751995027263904
0.04455875325874715,0.9970996637586607,41.3354224401339,0.052524890901676224,659.6549277088042,0.0012982051551618827
0.03668255075535415,1.852286454372747,39.26529505869219,0.11756055656972957,428.12950407250884,0.0014511544034956653
0.039308310259020075,1.4503687883397214,39.99054949459004,0.11169530734054696,506.63307789166646,0.0014883468065002546
0.0446255690039587,1.2306677930850884,38.038478643046524,0.10093565137243965,737.8199518116546,0.0014985125450852868
0.08425933203687698,1.671517596888333,41.26552611612598,0.43631538328074676,215.97101676690238,0.0015455225108519256
0.3043777029771784,0.9935907658044878,35.69514122082325,0.049997381739169726,152.15147821817246,0.0014538854490225976
0.2016554955326687,1.492907397294228,38.09956093517586,0.5824192565326841,644.9240112363701,0.0013946496076896074
0.19555517829927585,1.6338782346189156,36.31099701569979,0.685846972484605,486.34232344995394,0.0014267384169724217
0.1877556903204625,1.409730960097292,40.72449335247963,0.7588008230747224,110.01558524990426,0.001343362864947018
0.15007392922971807,1.3778260359101977,40.895557155062484,0.6301769000072939,58.125050086405665,0.0012446236070432662
0.22871872080864739,1.8238017130232194,40.24121682480271,0.7991172858302297,589.2637768925745,0.001589540999018353
0.26650646119175,0.9257351475785504,31.2962147868232,0.9699493317377931,425.6546132648494,0.0014792258324030053
0.17900788323622613,0.9013575801746516,47.95064905085317,1.8684352594435554,761.9728265365367,0.001458140301206887
0.17082428075323758,1.365274075668188,45.041196300816665,2.1304540921944874,813.097218329593,0.0012995319160076294
0.1739030913105147,1.8312812094632285,42.40324893168955,1.27097438694943,206.4840704835827,0.001452700294145159
0.03143208409251549,1.991676934428794,57.01815931190951,1.882085233315239,174.1772612383646,0.0014753557272731324
0.19659780105775657,1.9856670619213341,47.52321597578115,0.9791836627802769,1149.2859378313224,0.0014486496709820323
0.21468179207326088,1.9827795988711787,25.588609548245103,1.3434334895915168,341.8105244888675,0.0014433747303901174
0.12307857603757354,1.9748302883285362,33.795839915547816,1.4392729490693674,666.6426361804712,0.001378662340622956
0.17381826280713641,0.8381678005829283,32.611198614396514,0.5269278976760149,270.2879273569544,0.0014776598469702388
0.26922187418231713,0.8996239459446952,42.520739869534765,0.3961888209571191,369.84172111645177,0.0013984596507255185
0.28466680450123366,0.8427603706540494,46.799068478017446,0.38765697131418847,392.91954504954,0.001409774411089083
0.2167890983368869,0.757690504605478,42.88801339199522,0.8833436651618558,684.2797590212501,0.0015043819028835136
0.011975834957961933,1.8663505491451868,42.21187663500563,1.7266578168804334,434.7670915987278,0.001331379495963258
0.3482289983049117,1.2260221034405017,40.16900033031163,0.9989334516762273,330.8640823462594,0.0014492291839211747
0.3293985789260185,1.4619173493335769,36.097053417641284,1.9609561602740728,537.7168380665887,0.0015168454856415749
0.22829815991881214,1.1203802297452834,36.71209986467848,1.0959786029684424,285.6814948324393,0.0012904639970190734
0.40835942745173265,0.5620657614005208,34.19772030270949,0.8201383702341934,204.18771198833824,0.0014994896166553205
0.3858851249882586,0.6717409588735149,37.07244876746674,0.8677949209642706,248.69570817476765,0.0014903012800023116
0.2753256310183181,0.7930964984785689,41.626172223180006,0.9565254899799729,154.3928877268138,0.0014627923269505904
0.3032086359610561,0.7439731022740508,39.10831899224168,0.6599974829286125,171.07283323265085,0.001395746115863359
0.09353853142898905,1.6213441236356074,30.245241679858555,0.6739170015436128,289.410926479906,0.001354087887584651
0.36985506133964263,1.0258765689293847,41.30678485210169,0.7381339857582095,109.04756733854143,0.001441649965094712
0.12898493922811366,1.1619966428548467,37.27260560149416,0.8906579144010763,240.26802765308724,0.0015522437001946774
0.13924309606282248,1.0112748618725786,35.1463141575758,1.1983344416613557,288.3277863014499,0.0014759007107689208
0.13465899190380914,1.048529463888994,33.476582681236174,0.9195507883482438,287.0480548915726,0.00142877825253458
0.13980019956518008,1.1241356569223147,36.814239314442084,1.5062164353153076,181.67292055400358,0.0014170950030212583
0.1655982205582239,1.6874886139818295,32.54589846387654,0.980261004944547,580.1999896115598,0.0013357108059289084
0.09787920419385537,1.0783097469008518,49.56052092170938,1.3787489220268832,91.34947021569462,0.0014875143902214833
0.07785550354150882,0.776461428416779,40.964792947668826,1.5373560221707636,64.72727376622944,0.0015503358621904838
0.23053779729366497,1.7697991799562285,33.030055146700526,0.954247622033244,677.3962938279444,0.0013634350469640337
0.08573486800573221,1.6757692839574416,43.04333223212622,0.20638389994734543,519.4225512081096,0.0014812159175849595
0.2529395338620926,0.7249916674812938,29.337083220286512,2.0314880217058517,556.7706315602596,0.0013284439527401558
0.24725109665320613,1.3531114358160214,46.4950035234643,0.7847237285722694,588.8150307120773,0.001406704776536715
0.22939431856470482,0.6856290072520723,35.07287187716447,1.3945793453851707,193.3766334671227,0.001210570773918669
0.23208529528882604,0.7531919041048203,43.24351356643449,0.48113526813906926,629.8976492012083,0.001259031248011349
0.1142959386606619,1.5169520967266046,36.189413421397155,1.2096518906286844,488.1082192828708,0.0014993360700711659
0.15598106754455418,0.7439224666498984,43.49197322503108,1.6206785748223251,964.9347196305432,0.0013489057351341062
0.2072396514901494,1.577648167648066,37.05858462796919,0.8730010049989858,234.93251872763113,0.001413847210518029
0.09455049247394545,1.013488092255106,39.52395422750184,1.8342410593080691,810.7181438999062,0.001354753805618208
0.1639664714828559,0.5543712645213648,52.250443234553956,1.7844632500644162,197.3280715016592,0.0013869213675591157
0.19138734954606934,1.4222446939595486,40.20770271098024,0.8799845870962258,489.78573342558036,0.0012840039599933814
0.16204278687034263,1.1204610804646786,37.36505320606719,0.25316787398547397,266.73940656672147,0.0015504544980015282
0.1647647312347228,1.0753833159934028,32.09338236594709,0.4950657039590613,422.27124226049267,0.0013045428108207084
0.1671640781120862,1.6091154760385329,43.06616818852672,2.0051988259622617,403.9142681445817,0.001346458103263479
0.19231460208123186,1.5116605838289556,41.43302959938216,1.84673227948929,581.5221103828035,0.0013189690052148486
0.18427012696264328,0.7888791750341249,37.25142966299441,0.8109017818202369,586.3513450410298,0.0013838090124903921
0.16412685629605253,1.3466271982048794,33.118971375060795,0.17898490001939774,385.63882048268965,0.0014427517033638333
0.04651677686704867,1.5400853151541778,35.94430730922434,0.18143491540203038,561.2900554213811,0.0013971312299867018
0.06384087109773125,1.2631946705216712,50.822668908758246,0.7599573282863805,417.73404067702154,0.001554074209603686
0.1617672003820869,1.8638666016399648,57.95290155721306,1.7214811004392514,352.085361422607,0.0014421668009059652
0.20433793413497062,1.589299762944928,58.99913966342503,1.019507076457448,879.473537402756,0.0013239697761242874
0.23134627792114767,1.6141735756885638,59.90643372379717,1.0233605857116446,1286.5218645765992,0.0013255808495065368
0.032645533996851425,1.7758575951976168,49.709135711092145,0.5970356198674253,29.341312154562424,0.0014743839219144043
0.05245302975152456,1.1158469836295193,39.98832767331372,0.7819385082208261,19.57205824789738,0.0013577429945176777
0.19720064751512842,1.1396261727856851,31.884585144189284,3.045099628439219,148.2079029794127,0.0013997287918407824
0.04245343246389929,1.771474854953086,44.04940126478733,0.2529162340596103,35.40083355107483,0.0014357628881585052
0.03529780836118751,1.483088420927336,39.92600380413685,2.2620140076661346,980.4536449696374,0.001384929522247718
0.04642708465671252,0.9739790342826938,36.526385807059334,2.673080032108733,510.6167236418786,0.0013686611432453034
0.13966959964990347,1.2977662463737398,39.522875735820975,0.6321288271182702,730.4434356105196,0.0014682006263498123
0.29105120124991984,0.8596325610769503,33.303930597589954,1.0601139705565037,182.2081698650595,0.001565152781519396
0.09640906196867491,1.5790936998878793,35.31309663067142,0.6947992985431345,552.4333221769419,0.0013242639525823364
0.2711395593000912,0.4922451099745582,38.241499905350196,1.1546055115385845,496.47816235227583,0.0014150487991889233
0.09351512546417973,1.7977728452761126,35.80111550951573,1.0246443635569242,329.2230094022054,0.00148143323739817
0.08278802352017842,1.6991512183873578,38.042552436840126,1.1241531418158746,454.98366465029744,0.001419035701390048
0.27019447366536703,0.6574438078626653,40.34679523281618,1.0453400725000235,41.20013531475751,0.0014118717898003808
0.10062805935959106,1.1873505923246868,36.068984179718264,0.7905489024672896,348.59332777840723,0.0014431968744547212
0.10778044702320917,0.8718478268392822,40.556372505083516,1.1358808232933804,335.3543950819297,0.0013040226139612104
0.09818761026486517,1.71713757630898,36.63275452699098,0.34981856116818943,717.4363562341798,0.001388075906470746
0.06919405453814949,1.5869011147807048,35.555262210066,0.48837030141295046,924.6582495875023,0.0013897666711849507
0.15766077546209378,1.628659336739722,32.788473574826284,0.7303975130782109,292.91659165128635,0.001321764289182824
0.16834324419634325,1.3448461200231236,41.51730402755884,0.6163510431304348,1372.1559820155662,0.0013643006093017602
0.29636900719487724,0.41643121062066946,32.41294521590414,3.0315857673944744,76.0043981539227,0.0014620039029618534
0.1950166473862603,1.1167744564344195,38.458786989740815,1.8298966755235455,408.99455612255304,0.0014696708420546556
0.09240344379249608,1.3221626795541395,38.011731431418596,0.13614932912137925,383.09867321608647,0.001312094702249217
0.19067665973757922,1.6193609631302206,37.94871199429237,0.9347430730365619,89.19157329863664,0.0013763528356106791
0.2755536663737441,1.7033824702665006,34.360587735432865,2.0501887163289085,89.40429607216524,0.0014594036679390927
0.10642589619374312,1.948611785481895,38.584632160140565,0.3417841185517847,1005.9494428200805,0.001486544972576323
0.13321912664157592,1.563685863834283,34.3310362274327,0.4761511778294724,438.05430794597504,0.0014927625292646468
0.29079032737514593,1.247217428962258,43.90897943133505,0.800307841434166,519.6995954969341,0.0012794133483717825
0.19119489722283398,1.0937695077166998,29.489789484003747,1.9302680234988066,413.2991773961641,0.0012907074983653202
0.18053182317666838,1.2836495813277835,43.54749829600341,1.2516259029336427,1008.5673047713957,0.001330737194185094
0.1563655874647597,1.4970476845954428,54.88570086253376,0.8955513288760197,364.5058855737659,0.0013307658405750649
0.07865104781269697,1.3632312481561537,50.29677712425527,1.1523858495284234,1014.1927985566127,0.0013707919585900395
0.22921786384278448,1.3109416134913903,32.99640656206147,1.1704654102391918,173.81411581074724,0.0014277443260847398
0.06775013729310889,1.135083270796549,38.99121122324244,1.0824271632761464,289.804826891468,0.001439506819246926
0.08633108294885829,0.8935712550927137,41.24218873318726,1.5345466152101168,789.7340021001434,0.0015805699465431097
0.09738647752899827,1.8164143934864152,39.49680069252812,0.6361943335930039,99.2326249902349,0.0013374036437038444
0.17149701858282004,1.7763595312194693,32.36049879612811,0.5591496544823475,117.01266430550409,0.0013825048099183402
0.13832376599245086,0.9055788154426202,41.14461255025199,1.8992662439778816,1287.8012851157705,0.001415807915710152
0.14487476406580233,0.8395145524796387,43.501343817905926,1.808727472434836,897.3378267705665,0.001379689944764054
0.2662184798593485,1.8333378582427953,42.74587145501313,0.5538029479902523,180.05983467823873,0.0012703044696375232
0.16449599766415465,1.650013883262343,30.68802245145886,1.1152725443816327,387.98170187506804,0.0012589319725704357
0.025255643748569253,1.6523998890649174,39.918322823386745,0.9308052450961113,709.9755012090001,0.0014690869284850567
0.01677563106119805,1.8933039280751705,48.547526090373864,1.4630182068481963,487.83963101744774,0.0015146218910836316
0.03581609529379885,1.7674965328817323,35.95447479440785,0.6125036040007443,450.5989135041629,0.0014388030972720097
0.18245326118991717,0.5916208055525674,36.97821528581706,1.6719577418208187,536.0617117370927,0.0013548149619329196
0.18181064439076483,0.5755407212849494,37.318853226738455,1.6749084967108425,521.7610828741844,0.0013556133249163975
0.14097795320837758,1.6610812628348077,35.053018715093,1.0444542265745789,280.1191863183354,0.0014422466780788675
0.20072200468819446,1.5792128146855153,41.85299226047893,1.670356075716763,392.1487576778114,0.0015012571823225986
0.2973867455666481,1.5892797622667025,37.38431031579942,1.026641695897799,879.8894055636056,0.0014407556840246145
0.3815037978581924,1.2070070145366796,37.81582809655739,1.3346790142584648,810.6024310581346,0.0014038974327052704
0.15643602047255642,1.3397758709197334,50.402395295920414,1.386662362078627,276.30391338694324,0.0014051820558697399
0.13761423225201364,1.4880613584671176,48.31845425258449,1.4303322599378219,171.39734221940165,0.0013756412545532335
0.16400019937891414,0.8850350025773707,44.67971400164113,0.6232698472764527,117.62830723782488,0.0014291372994091815
0.15977679737823952,0.8424270244456064,43.85832100568079,0.6256826818842799,117.51170135229451,0.0014343260831149573
0.17252710682835554,1.473029863498976,31.651533795516766,1.6860193101052858,178.1607427202436,0.0014012917984641301
0.19789928501901463,1.5981729664564455,30.117783388677875,1.7151684089802297,229.25485896227664,0.0013705418283782413
0.2106542394776125,1.5933003151221206,31.78828603383594,1.582300664816309,219.99986874134888,0.0013828393624427658
0.2586321546812528,1.4771740141916552,36.14050169266403,1.2049651004019115,616.4024853891706,0.0013861076625958707
0.12449373206626863,1.8642382463965483,33.46751996824274,1.7167359992486857,334.9212929366767,0.001493866137688336
0.22821566145738184,1.6038573156520481,35.16806180941922,0.2825007883529589,348.3410576316122,0.0014761526651384466
0.30203122243612324,1.9462750741550734,39.73548318497906,0.24698322541780474,375.87453962914327,0.0013561915417785908
0.17456789046639784,1.924229242271607,33.70378514655183,0.24973550503400224,85.86115302890292,0.001421109274376025
0.164356533630442,1.750816890032168,39.21620652435693,1.8994793612119876,682.0997107183906,0.001573704937490548
0.027427404842209725,1.5058136865509733,42.49221389324255,0.39141928271237747,45.18166939500268,0.0012521487075196993
0.07528386982495984,1.190040026347127,49.95682523821421,0.3004884972972523,52.31665168619133,0.0015275497952830569
0.21781666377004905,1.6776750994979013,61.99132252403571,2.0823406000975795,210.16775362947212,0.001484397339089174
0.21773708424425053,1.2919033975344834,56.839205425498285,0.995894784252487,432.7610152840127,0.0013521616182364871
0.28783186681210615,1.48095922271734,57.27761638335319,0.6515482420446598,510.52436635578624,0.0013425562085275
0.2030664387699826,1.7336739102648997,56.696935432010385,0.42254444045485356,1040.729755371244,0.001293968023654329
0.1351540979064516,1.4721422695835351,53.75650695230796,0.3681071602834625,452.38646285980076,0.0014184376000964459
0.1808463772401998,1.8014007627119182,62.76800392274694,2.090059216345895,439.6595987060731,0.0013437670746393416
0.22304392899309222,1.840091989211205,61.59324424592688,1.779699980623302,296.0739352748491,0.00129615880269473
0.09982186444333845,1.731516292878313,54.834355711124516,0.685376334053755,162.87025045917997,0.0012424107600491022
0.05489102998431204,1.9379144639553443,54.86548263130328,1.3558848084492792,427.7876186765386,0.0014782286493676164
0.05150589277170842,1.9340550044558456,52.503336248648694,3.1465693267090167,410.4302790209279,0.0014566505448272557
0.15193509998254126,1.6895178101499553,49.825907192885694,0.43786732812193824,162.47032625413337,0.001573481252232066
0.04397537593302555,1.3775102858671897,55.1488660620032,2.1113251543409284,824.2073292362819,0.001265742429313986
0.10763164614486763,1.3007562573417173,55.831514870211265,0.9061930593665909,629.6196431383211,0.0011456436845998785
0.20175512879168497,1.7988713136983996,59.3749124145872,1.4451513617191176,246.30684129264696,0.0014280771967849146
0.16783324963672033,1.64274230995881,63.80252100532719,2.381509004088797,887.3268637999718,0.0015381195010605191
0.22386031001005313,1.3960148740178775,54.2246338127603,0.32210266298805296,366.58256652052677,0.0013123549139682856
0.19297647262042633,1.5830057781589615,55.34080430123076,0.5705817309334758,314.4477224815556,0.0013557161528221099
0.12550239943456615,1.8199464207416605,54.825887027870735,0.42826795476099905,504.254838186273,0.0013393800925914547
0.22527753889088378,1.314421802357453,62.75318989161544,2.3085205791164864,135.98778313829405,0.001362367781613319
0.16508521715820482,1.9529462823011832,59.65359467956407,1.3537729874690663,57.25923206475391,0.0012994184604877901
0.08173612042639478,0.9985096009773688,48.98885701343263,1.5945458710185592,274.43965739282254,0.0014099692375726864
0.17836531268905637,1.047017709541578,37.78971232413424,1.2446337705949717,394.08400389798993,0.0012307582236429691
0.11934832525370122,1.3832765277264096,44.20892154161364,1.2141018622471234,709.0663800694042,0.0014376844272745064
0.05644199361277619,1.4463773751580988,43.78884676723285,0.8301027747147146,372.6945466214018,0.0013669835167011213
0.07527835761680034,1.3778852627526512,49.693339008992574,0.9178663987988892,472.51655203353846,0.001371975333780395
0.15372229955275346,1.7694282451956087,58.12660841753382,1.5019241053842622,139.8852598400224,0.0014258084221673174
0.13235995973215275,1.6843285804433163,59.31705733704659,1.533407935376271,108.08520250057411,0.0014209351058486431
0.1368501931508794,1.6793267047951532,61.336979612977416,2.572276877903749,345.9435529713553,0.0015071271013716522
0.3550590939327968,1.5965335070296143,61.77010300378701,1.3950486666546889,679.916613314027,0.0014167475004251062
0.09376888938871973,1.537273170478998,55.69397627482295,1.0277141208085732,439.1185472820607,0.001401842701637325
0.25704617142190317,1.7721859747277597,54.742282623901644,0.12553842797987236,581.1690346578682,0.001350390811736265
0.06436024222456505,1.3086286314551119,56.29280221515051,2.5787157576720086,368.6389957972188,0.0014137787002877619
0.30179513330711144,1.683664707577541,55.91418000344823,0.546401391808252,62.85063735584737,0.001483191435915668
0.07919237712714906,1.5195026184530303,54.88235042094756,1.1813276980381164,16.597239366686164,0.001456572997410939
0.1666120097643268,1.6190657557068815,55.29999888979628,0.7222478878376496,11.215700220402574,0.0014241907682180461
0.047192310552019175,1.5663202866784451,49.93422553597776,0.3153669277016244,118.78752102800149,0.0014640858801540585
0.3477674778965396,1.7084456292568526,35.66284738154766,1.5072648544905372,66.41851816645742,0.0013403998946843057
0.15947650040560135,1.8663307479478883,33.59438216534258,1.090457823662307,69.59554468190295,0.0013700505625499077
0.19401280580603425,0.816126943550536,51.511614765798136,0.8464162958412859,970.0743858811579,0.001539528524114665
0.09985704307591524,0.7271126238550895,32.434962305094196,1.8340990777337587,621.0910151443383,0.001548088237272244
0.33524719985858525,1.4244145085015043,44.88127368260069,0.8998639615896872,444.2468694514953,0.0014453183528741922
0.19212334410608836,1.698951080166679,35.824706954273196,1.1070146752577166,570.5036632455445,0.0014608077742443285
0.2428770229677604,1.6191671623494794,31.459802268176077,1.1092949971507513,949.7922551622166,0.001438174126489218
0.11553660258039526,1.1992605152589613,48.03219511942441,1.2608878808833417,146.08777839082288,0.001426338451076393
0.2135981637571364,0.9548821761199711,33.12480064556296,0.3903569803939396,823.0209133716199,0.001552397815411183
0.08292165618447418,1.472026070357239,45.29998126074243,1.3921689270504747,244.2624241118574,0.0013854076373579385
0.033891050316612416,1.6897650247393774,34.19142303900854,0.08472062570756352,828.86123434099,0.0013996619105323736
0.06286943425476574,1.5270110745837648,40.79096817553711,0.22783376991915733,654.0570985857278,0.0013816563425959267
0.09939447558382308,1.0232581918636723,33.66718661164081,1.5398665545305177,344.9130221336206,0.0014211681699302092
0.14694792095643167,1.5974442135030298,48.16446418154356,0.5171170761504927,720.1962853500709,0.0015204457022569148
0.13625951787483023,1.7459421843415193,50.316486928644636,0.5692128046347172,513.6378495064922,0.0014812342305017211
0.1616181881839765,1.1951747141841034,28.768252649346906,0.39313656073986974,188.6863739426828,0.0013884095293131729
0.23663418748689571,1.2006203469421513,37.686461628839105,0.4416105005974759,278.4457348328692,0.0014682851450707397
0.22980869287669103,0.7109732056753411,33.26585278002383,0.16203970050413258,232.82057525532684,0.0013520033347301304
0.10954325659490352,1.660553391705351,54.64648871459993,1.484199142781221,96.4831897521004,0.001350928688930447
0.17638375523665983,1.4339045336526888,60.73218461378297,1.6868677881041152,155.87424729921705,0.001401473363190609
0.0789295725639682,1.127506033445604,55.401854179648744,1.5787396034602625,245.1020488380096,0.0012705696716775166
0.051839716465839944,1.440857738503738,34.96270128170332,0.743586678792223,869.7549040290107,0.0014889131310849748
0.1888316260764616,1.070653634693585,37.435535038186266,0.48603156902824496,96.73696886127868,0.0013853791745187187
0.1620646629398005,1.0699404091133453,35.435014759479586,0.6506372853062548,104.64882276260266,0.0013989913952699791
0.1178540772412615,1.6584360917339,34.895997817565295,1.6522954461687926,64.2102575951818,0.0014181628062970302
0.18346378171066505,1.7854659421609813,34.199880229608176,1.082769794368064,11.811294809265934,0.001436714296976966
0.09632560408738244,0.7702692681631329,33.472950941570765,0.9638718557721624,555.3386194278135,0.0014706542773761688
0.20332329781176436,1.8288489182258387,31.20179608400135,0.9444949477663381,370.28925987826244,0.0013791582695828956
0.3271883782662647,1.8684150379123887,36.24008313425082,2.9035920064665577,184.72779424017673,0.0015715891635096019
0.16872443427147887,1.934217587920454,38.08499949755625,1.0065065010460967,723.8346028509404,0.0015334189243220299
0.20387954188510887,0.5913427669509758,39.30153212622917,1.3648213582930104,293.5044805232221,0.0013986478656485405
0.19663173625099076,0.6320951443258546,40.768296971042936,1.4702376644398691,309.5026756923442,0.0014068601129383254
0.10012618981857775,0.9498760666890712,35.8665940783088,1.4138077710082049,458.1099356840862,0.0013874186536776767
0.20237027367124047,1.0264690815603081,39.98360710681759,0.5992412548951188,151.48682269522797,0.0013771225501076304
0.25334658372722874,1.3674129052473887,28.247293709628472,0.6605192174338069,122.47554264975332,0.0014000124951180437
0.04645329362623817,1.6661285107291346,47.41167273688085,1.953107821648389,256.33523250989936,0.0014922061433790736
0.01917186979076489,1.7806612109331534,45.626530142871275,0.8208515544932176,858.5456635430662,0.0014671239121207664
0.019453645276088977,1.7751678650500389,45.631067596895456,0.7937138128771027,797.9035971936095,0.0014622664340951477
0.08799310765708322,0.7788724379203212,32.350115405887735,2.5504072599522347,35.381266181122676,0.0015176327475159676
0.059805314315830166,1.8827740125508423,38.42389920144416,0.20610469252013733,9.279938794744128,0.0012750316871540366
0.13913312083485696,1.0100358602848931,35.051628342960136,1.591868649607679,22.38706099599617,0.001447558472731115
0.2424938415268968,0.8781260364412454,33.70706373555498,2.28090187860583,42.679505922295846,0.0015096537738960168
0.2024027705606123,1.0540438749319307,35.2446357276959,0.9775113716506875,30.570938184575642,0.001456097637051147
0.17756336789387986,1.1774857201825195,36.30686666210815,0.9360239192236881,22.573198620195512,0.0014394640027675866
0.1077177390787688,1.027864572132271,36.148528308855475,0.8411306309845429,312.7754260826208,0.0013373911229536033
0.1058784954240549,0.9192676554341829,35.984442425095025,0.7613931545746231,241.6398567103847,0.0013584660863070611
0.08719808349367397,1.4594213589024179,39.26348306158878,0.7013190577263287,882.7720068841093,0.0013169839590742062
0.27773322132452166,0.8528531467587674,35.90448799768517,1.0036762382157889,252.08853725092402,0.0014659927289641668
0.03992419386849248,1.626879402978051,54.77892316727828,1.563610604684201,158.6904916722096,0.0014690170717383544
0.13137417194911982,1.7275064113950684,55.21333001282071,1.0434288414685629,315.9021119551168,0.0013628776817383483
0.1341422045886504,1.2159534210544385,56.93746934265124,1.9798819795461668,16.260541833420298,0.0015447153555162591
0.11850356973652539,1.6099618847931505,55.83268771768083,2.196768230648904,24.653352721609046,0.001499759882340395
0.17630195724575734,1.4015004834804752,48.86081139031347,0.46455099324980914,2.3990775503095128,0.0014308545583899602
0.24587577386614778,1.0220327183352667,47.98836431502718,0.24513599273539302,7.489423136455175,0.0014014920854366147
0.11848277351319789,1.365912442575505,31.573137269300954,0.11194202597389112,15.892938361297457,0.0013407821622161207
0.11114575495450209,1.3259540820733993,37.91685191114769,0.05868380180335603,17.398550791979428,0.0013159802699794412
0.07444477250851145,1.7588395526500964,41.27877065297239,0.02824811513379287,45.95972172864214,0.0014364857234209182
0.127126826800797,1.4339391986178123,43.43698109968868,0.0310165971324181,49.09521387738995,0.0014486840958411254
0.19673026358765763,1.2972114957332443,36.437949754612994,0.3466029885495934,46.94312549949767,0.001401601414816144
0.12803715038442726,0.9921440259792934,39.94441564690492,1.5151721422794233,786.2586702857167,0.0013842178800573409
0.2499197209177601,1.377700550525447,37.53783673951006,0.40939904815839034,160.74286830592118,0.0012958614300763909
0.18544034694718398,1.6321749727052348,39.84839843686542,0.15311200333035688,125.92659162474888,0.0012913361660709243
0.12078856234085895,1.1021679199040761,44.29703426209441,0.5421939696724091,297.79020898847966,0.0015075114035772808
0.13870728336041452,0.6352997819642094,49.11728376734313,0.5810195993061876,402.41626960942034,0.00144516014526232
0.20894768535755598,1.9128963612123266,43.66413044936931,0.1119547472851722,188.52934429275277,0.0012558654085572866
0.17838849351808672,1.8900505969875787,33.5076662233397,0.6431524447494811,708.441204477818,0.001341172145008165
0.11185566782829313,1.8900711309583922,40.490080325577956,0.9421421262310012,808.2119708934732,0.0013510308656472755
0.03635738822465511,1.7799571940960446,32.54031623834889,1.1099915985740207,163.07502312457393,0.0015248033941412781
0.15853016422465854,1.3064046458442697,42.388587870037895,0.1691621341444852,1165.949930689436,0.0015991070558266543
0.2670033181702767,0.824371025383937,35.37395030005189,1.40311585569524,150.17808448611413,0.00142936762141194
0.07360055004258473,1.8335455074067888,35.679703286721576,1.0533835734101085,329.33749392492643,0.0014626545918111735
0.12471367058932865,1.9647551831114711,36.71644448480761,1.6322149578278025,925.5793213942895,0.0015415831851245555
0.16189045402633787,1.9053767777552293,36.93137377766876,0.267880120853287,109.11635808715654,0.0013196617930852797
0.09855472735999113,1.9287270630589792,35.186036305301265,0.5410001956807776,332.8332174931543,0.0015005539859089855
0.1409288939551319,1.369488358077911,41.104013015541845,1.2994309905341133,685.2411016772752,0.0014328513342975924
0.07647077638563056,1.4760846326474575,33.55133028657435,0.9822656643910241,629.8472894242808,0.0013476659283367554
0.0890748391418796,1.438956960410856,32.48450513029383,0.9692756603623913,603.4009761587395,0.0013581209660719201
0.15143173665512705,0.8167118085702977,42.69994338153252,0.4188011594368521,720.063906153977,0.0013802441521959263
0.05199253240824533,1.7036467522276806,35.466173323716696,0.9447646323771233,209.6497026707619,0.001442211457347796
0.30592668501879,0.6711234324323304,36.34120247713091,0.8996842040932609,234.41699088253773,0.0013588381124455512
0.04813849963209799,1.7881663811210171,34.967776429158235,1.236033982934168,538.2109438846181,0.0015151761946379171
0.03161218000199216,1.8364118244283032,41.293807077949545,0.366045981769605,99.08652549921315,0.001224330091348325
0.025289307708131748,1.84115523273611,40.46551233650637,0.3909625053561542,96.07479957668988,0.001194849078279171
0.022316152675616187,1.8672196408926673,41.0854298149393,0.7941607653513013,203.75500804806535,0.0013222508392630782
0.01604334457329914,1.8139795909692475,47.62323626489834,0.9775475490596981,693.0665135590499,0.001416059399579003
0.07407618558206948,0.9327428164138486,34.60277245750231,1.7192423072405347,128.64091550324574,0.0015575860953725806
0.09963224670001289,1.3129178155440357,51.216428544722156,2.0971735400755787,446.55380138527204,0.0014722770870151374
0.048122587204428864,1.3206774051864694,49.9970954802482,0.7628803446797505,756.7744088004966,0.0015824445877348923
0.10178186288420983,1.6452458071214018,52.87339412716288,0.9682858012339166,751.8545405459316,0.0014380123700653787
0.04114557860251676,1.245601167522855,43.20316036452115,0.6412444520859054,361.0956731714706,0.0012812536497343366
0.022374951183951917,1.344153610139459,46.84023928915533,0.6234434887352788,692.8552805848393,0.0012322177260554977
0.08851522155638487,1.4673003179427442,42.04812753241041,1.7483749076839339,283.3600310566836,0.0012205605428059882
0.051816825251792445,1.6245620962274188,44.05322834587692,1.4347253218101588,203.54483165001943,0.001389456242561753
0.09354694505381278,1.348793670478854,32.52477842873089,0.8046513699602883,344.67010143511374,0.0014646423042104933
0.0456000464504884,1.4427450056763893,38.554465990406,0.7513178796254855,661.957051628813,0.001352726966288746
0.11094173749050612,1.7368950449522678,37.154185546149215,0.180769784157728,498.2620637321667,0.0012627657825954749
0.13626432599481308,1.5360008934071976,38.91054569960414,0.2594965017841615,406.63759715309465,0.0012842808857678398
0.0773688479989373,1.2578938918115206,43.05965372419971,0.06930610009816172,496.28387682788275,0.001496301812606069
0.06297712747841952,1.7041580712364681,35.560317975142695,0.2427772982268836,54.249967252722584,0.0013207945999584472
0.06852196406749803,1.6555214256495878,34.610663388279995,0.32329873227617606,86.05210456568912,0.0013890402142873477
0.3248042336346799,1.7727442575201295,37.78305195006792,0.8987108600711492,49.828616803737205,0.0013573363521735922
0.27704830741391495,1.9437931623993567,35.95608656644589,0.5968094050629955,113.16944952298903,0.0014328298667490602
0.054916977797813564,1.6528436468169405,52.940267900533144,2.562906387069619,1069.7898689146373,0.0014418677399908328
0.04674885970614002,1.7288227254918493,55.209312915585386,2.212905331958952,1156.5791823784318,0.0014285808232182302
0.08456495511981116,0.9953818867119381,49.121756311235934,1.7693103530029841,339.86120071569604,0.0013205295196205649
0.09053425642691054,1.0587926464609232,44.4261498556813,2.350156553006483,266.92678533600963,0.0013501559313665217
0.12454814245167546,0.9390651386874996,39.836682049325546,0.20367065465429207,566.2428993381776,0.001490680848254931
0.13042539104497017,1.2693736165893668,39.16251061990121,0.17737085254527488,733.0751066458113,0.0015118419967951663
0.24605567285122854,0.5133381462459403,37.01674114326016,0.15742057632436607,621.2839879697696,0.0014682326345237182
0.1948180244712056,0.9959003898151106,36.20959845730443,0.13253391899716357,543.0420730531608,0.0014291967819765501
0.043288912264904375,1.4860071931386944,34.14019305419688,0.400211739810225,88.29949237816633,0.0014305725437748851
0.033788039542856224,1.6098069410499254,41.36279791793968,0.45816861854029695,98.40355559635029,0.0014274356099111072
0.025111890044391058,1.9108357594629286,50.71180755395277,0.5578685901561116,462.37012401773336,0.0014148962055128222
0.02183557876883447,1.9146794162247325,48.278530439400484,0.5173456170774564,760.0437997425183,0.0013946417295663534
0.11359273188838487,1.089317273439561,55.630542717091224,1.8026698426363483,441.85247268810133,0.0013179244243985541
0.07133796434404284,1.550433833963517,53.66043173734032,0.5127537658445463,796.9755974589883,0.0015950156723616674
0.3009926268812547,0.8521138254005108,47.61478958948346,0.9117780157534245,489.13627677365304,0.001345708476288586
0.08760903336965366,1.2367994601591799,33.37824115449202,0.7744840910141644,707.8198025685712,0.0013713953713543475
0.063717596506174,1.5867898394596798,39.82412404754726,0.36510829475009055,152.2179425542074,0.001501506099108876
0.10142875817123306,1.1250526119413569,40.13028946506161,0.1717985840962324,771.2684153150421,0.0015141516580972644
0.10465228716291491,1.6484220211216845,34.27917933490538,1.3832566750302153,124.07383396721241,0.001620344319289035
0.08252999841958673,1.7594738750502195,36.24000048219306,1.653672003366856,125.82099360002195,0.0016312787285019923
0.31348672126492394,0.5548647781121216,44.83747813881741,1.0020537052923015,1140.4950890699333,0.0014348552895279822
0.09709532195858245,1.2818924967448848,33.22691822717947,1.6295781963586549,144.92646580100745,0.0014888570548883685
0.07456801830825557,1.0082442123596647,31.67611827881739,2.546536213760116,126.85566701589154,0.0016685597526612268
0.2658946757685648,1.129010287987461,46.544210179986116,0.2673061662531709,55.06530578363669,0.0012771000723052778
0.23133738576603632,0.6447630065633562,27.29558291881084,0.8517256630126651,58.26138501147927,0.0012452389615855912
0.26104391183668935,1.1110662393162052,36.72211846578171,1.3172471223511841,43.3795256463467,0.001284499898756712
0.18596497153106312,1.2010902843147162,34.27438382117092,0.6702079750539516,1048.0523617633762,0.0014548764543638997
0.09674910391145347,1.0077162204679373,43.98494844160189,2.097785246011062,100.17319120924165,0.0013854024103451628
0.25289200531296296,0.8927619532455825,35.1555936592716,0.9309443835068424,251.27936890123542,0.0013857246719605567
0.08935908445874505,1.5733801763991786,35.019934541632715,0.7715305767836388,250.85103666338927,0.001431733360484112
0.030050758521838795,1.1511817745431936,44.84694253695745,1.8855328064074979,808.3724755927617,0.0014960499399306075
0.05640940602307104,1.8310335246043892,34.330065943114214,0.46877407123678677,209.16350219435205,0.0013920357670796847
0.08877983949175347,0.7161799337295957,36.6541009244319,0.6511024151817225,374.82608364975255,0.0013063371249293178
0.12554272612311582,1.7749254553874854,39.24979951834157,2.418289793042124,664.9833830168546,0.0014824659899831437
0.27350650779350577,0.850207786639422,35.658566883564546,0.3564970342216578,296.33428481570087,0.0016593503216542642
0.11774370651113643,1.1275029396383254,53.55616572344767,2.2729919716890716,619.7591525375659,0.0013295309332627596
0.15679031488318113,1.9252429663774777,54.63304453844973,0.39789056528943034,180.45030448728306,0.001596380300490697
0.28976090121218767,1.0612751439793806,58.61716337681473,1.3175100433489033,13.690106407030454,0.0016189005520280998
0.22577173584254595,1.540792393773361,56.752154037377906,1.2010706533851305,21.08515482153936,0.001614469078003145
0.1598049798843489,1.5620105220407265,57.65417898313439,1.3784052994999336,84.88325348998161,0.0013988654268545881
0.18429081122100605,1.5262112647879549,59.812254039564806,1.4685886064745732,643.9598247107492,0.0013981248982814676
0.2865097271139034,1.5841814068385478,59.51625127669488,1.0250420284389379,738.8895603331576,0.001314618674869525
0.13057395850944692,1.7914863233803056,54.235468641625474,0.4603463041812516,343.7234333625278,0.0014339222279260645
0.13158520410680494,1.8065761932636786,54.35872171530614,0.38802632419936395,327.07988783671766,0.0014351434426626282
0.13466655099871966,1.8001391204454174,53.521886307418505,0.35458287491625723,331.99470834441223,0.0014385002205469623
0.10029633898105228,1.7658809366112957,59.91225065865966,2.2362996898020895,354.0396035178563,0.0013763259204848297
0.17735237019035124,1.25296843384649,61.37730538676972,2.209431955934384,892.2549660085292,0.0014431252005512782
0.2999916101660433,1.484516888804843,64.03652981102667,2.441433428865003,317.0803397498564,0.0013721642020140992
0.29707404629402895,1.7520287915741157,61.59771056616065,1.54175065705153,553.3922486311601,0.0014264786924083827
0.11011287392220065,1.2363456040600278,52.459531503643916,0.6748697964906125,126.92222108422932,0.0013232416406245891
0.06274648516475406,1.8053590587202777,50.37904971799234,0.22138594054845528,97.69015958876884,0.0013748440108347045
0.12974860883837286,0.9113768316795172,52.98828005178641,0.5298979380485068,1675.7094569927233,0.0014511479259374934
0.10887205551648901,1.7546894259929227,51.867598626672994,0.15481190396015193,177.4352945215736,0.001471822800475033
0.0513563305401055,1.7606634893562814,48.05096056340124,0.09975696987938822,165.52904746107032,0.0014652521356053685
0.028476243019917993,1.7317614904925083,47.67271707706366,0.23016741654350825,334.65562985978613,0.0014105951061063062
0.06967445815783534,1.7845313505958103,51.92497548310386,0.10412024929835888,624.6837578983566,0.0013689347596345762
0.04706495687042545,1.8199766152693095,50.85799314206947,0.10659356475450273,895.1884422152567,0.0013143924670838973
0.11282530820759354,0.9285502755983528,47.892665763161865,0.11702611884708038,170.45470073724377,0.00125047764307176
0.07017262808452213,1.8565952321740113,59.48969914403381,2.4125330722591647,84.91076564083407,0.001531481965339742
0.09113209143508516,1.5978202828631463,52.29450039937174,0.24688371988729801,646.0517802229693,0.00129857727921504
0.091654972451962,1.598038981435697,60.53425490850775,2.381365887637015,339.9657659153294,0.001372806002161885
0.08520276536377987,1.7243347466594867,51.74674151732987,0.08697888711683532,568.6085496096391,0.0015563122100314833
0.11168325145654125,1.6304310867446525,52.37061776315208,0.10813070772783796,605.5029000624561,0.0016181278058423122
0.08711775755609749,1.6509138992471903,52.871779406235426,0.07167120300384067,1014.3319418970451,0.0015590158812163273
0.12422166399369351,1.8815806826333896,53.09054950627868,0.34536227040652634,184.57200292237158,0.0012790436228875416
0.2808769664295641,1.5949857569069579,57.34128992909409,0.5085967530092982,1067.3976459086746,0.0015330517479474762
0.06824670785503247,1.6748742833190045,57.44914553946931,1.9515268718953074,58.990108819912976,0.0013564579459969962
0.07043497775531991,1.4531074792084742,59.26422020892306,2.996192056681903,60.84332629431378,0.0014203308297304968
0.2489488334770155,1.533528895972875,54.572859107975475,0.3413401393568765,108.5942418784477,0.0014646524729620266
0.1604775747000682,1.5154488264263402,54.42669302170784,0.5198357668539968,323.4734264981609,0.0015766320237565988
0.04133517909777176,1.6170836474110386,54.42625694193027,1.9456932724005325,727.2830503520917,0.0012295599591773151
0.2972491251000598,0.8408675654222407,33.37328268732378,1.549564298339533,578.821966323697,0.001588419554849895
0.2561533841390053,0.458235019993721,32.04326906926265,1.3421077478425358,523.2787529837204,0.0016424140097319826
0.22461776247418538,1.53653992571572,39.96858799750971,0.7369159903865347,332.36638806704127,0.001490118830199202
0.3459309964045052,1.3718713153926971,38.915195860576574,0.48815375915542436,201.6727156390388,0.001555028867047872
0.20608341553018145,1.3432815637650386,40.244258610528696,0.41905361137709796,215.6306220392028,0.0015313728915014877
0.20014337379923344,1.2493096260532273,32.51604123178243,0.9553949466886107,292.7875421329221,0.0014523346098213748
0.15368937719402664,0.8381748711650125,39.837316912876695,0.8353951636940243,842.8615419408948,0.0014918712011763406
0.10090436986892386,1.4192048259533916,45.34588571528767,1.837551761567425,527.7293080195029,0.0015156412014854573
0.08185710847609076,0.6959129481598328,41.04188618450608,1.1941599722473755,606.9738372606546,0.0015625342259708195
0.2896108881954292,1.8653099450979507,36.25815385316611,1.148222529152255,229.05977292576796,0.0013061043805278959
0.265652155332034,1.1630345719361384,38.05273847190714,0.9431533922908496,102.40247520670766,0.0013333534142934709
0.13324895603506426,1.6591027391876916,36.47980999593336,0.45495663371684814,340.72942957473526,0.0014028851506787468
0.207303521477641,1.5625808755997923,37.00252815586932,0.1214124012619654,263.4897500579851,0.001314054216148258
0.11598960931513969,0.8706123559736935,35.63792098240464,2.856576816905177,185.57568627819265,0.0014889336039548653
0.26004811994091065,1.3645659934413936,35.32083521457635,0.17242154674061944,237.39947239449285,0.0014218481067631132
0.27109729409850775,1.4978730540337193,39.89109406900993,0.19510870124892343,262.97450574590806,0.001418941299123701
0.22639327481071456,0.9998938160603122,35.90778421657315,0.7942151961847507,272.2410336873315,0.0013303738637169187
0.12062911850599545,1.4269119118404585,35.41324263681563,0.61257305933404,694.234884309044,0.001510318693462139
0.016901760398458043,1.6840731655659817,46.106434011530474,1.733918346909921,290.07940885489575,0.0013472988528986604
0.015380493896091807,1.8386950263997925,45.60044109093698,1.731250722981151,468.80857224147303,0.0013499730259461462
0.038839225076623234,1.9085726128417009,38.756226257121426,0.6789363603701566,501.9809053525595,0.0014401838000620165
0.03976869312484032,1.741708799841718,34.444221182506155,1.2878488584412664,416.9734726810323,0.0014037179320736891
0.02333531867683735,1.8624146256261878,45.47098979004979,0.9214425072770686,559.6321465851797,0.0014223137708905946
0.13183614299184912,0.9780884995784992,33.39076357163604,1.1259763491259673,418.2034091891973,0.001319567939592496
0.17095904524185151,0.9651254111056129,40.36073683419501,2.1430156589797327,918.0528204471769,0.0012462500962263938
0.044200539602600154,1.9710019267117178,41.27109386629363,0.3658844352220348,182.50871452486393,0.0015624628581688668
0.050026174726939716,1.9166176102767865,34.92757946886899,0.23512705466449688,971.7579876663671,0.0014130715866463033
0.03638765084837556,1.8762078541868235,34.99709277703242,0.3539633691603692,356.2133663856711,0.0014446387573142773
0.15924721877798081,0.8831659149718796,43.727534760421115,1.3033847067856625,679.0121345221105,0.0013165905714617558
0.30426745909455477,0.5253603611247402,39.83779903955839,1.3859500044028306,427.81828283471384,0.0013328076629406682
0.15140880432944237,0.9920403092474998,35.041043247128165,0.4805946014071935,1301.7161604022447,0.0014790014198039448
0.09881637167191468,1.422196660312418,43.15544568258957,0.5287268131491476,268.5683339470014,0.0014759626157234533
0.29187684748557613,1.0623597191567289,40.79509233055237,1.3223849918217272,266.71885188683177,0.0014251099900612005
0.20095362939197084,0.6856910591280219,30.35800794023578,2.1987920089278132,281.82905638943146,0.0013780501019885812
0.17705579419853626,1.3085571422422861,35.96263143599922,1.9571903054139834,731.0167753243363,0.00142758262127831
0.12752110823269458,1.2157898346101095,30.000401386996263,2.2913524296556376,764.0697903856775,0.0014310401724273863
0.2115176018608597,1.5632035966872655,34.470266381871284,0.24919224883091726,288.82328400463416,0.0013293654077650779
0.2064605205013526,0.7477948571261995,40.062225292340926,0.2038918981547573,350.51100437306053,0.0013425465400820902
0.22427204116040925,0.9297030814910154,41.096032908306285,0.24723706713407223,495.2081575764234,0.0013392567395649343
0.2226576837938425,1.0725086155989372,39.140919127555954,0.2807590614669133,567.7859880026465,0.001321904836091097
0.19425046300882118,0.6099589128542295,38.578058267249176,1.174446879396632,948.8288756547768,0.001189460796243369
0.2576251939597898,0.6235987866030783,38.02276817316634,1.15711276097182,648.3102977983484,0.001182577124802095
0.07681557147413658,1.714881679246812,36.04220165221985,0.7048037871721772,469.7228162286813,0.0015387626117704784
0.156568064358293,0.8919190274807187,37.02050030824499,0.3336322902054769,157.23082252697867,0.0014026596689521945
0.1899704278874148,1.702461425234654,36.01196082503959,1.3369506377875982,173.53490161340167,0.0013043233578856994
0.1992189176326329,0.8379761724348219,36.34918776559915,1.2425423623060254,53.24160994864784,0.0014014367060315928
0.30657658310089525,1.0275951644835548,38.34549580574827,1.0384523493655635,15.968288111635566,0.0014428796562210087
0.043346212078639736,1.626799990214544,36.29920336073909,1.526782788307888,33.61782070695853,0.0014352339721374293
0.021023726890239403,1.8400072686593294,49.157593574263544,0.6294283944594407,654.7921778756055,0.001381665197650061
0.10071474037614993,1.8128860435180907,52.45243078149525,0.550782655256863,500.420431737168,0.0013966593766814714
0.08121994304911652,1.891814952830259,54.48644380464882,0.6381979818109816,291.5544987541562,0.0014168628124651443
0.0733567470464641,1.2402063998798674,50.54910826126819,0.8145636635126051,459.15423953894214,0.0014008908938635835
0.19241307576769967,1.6110185586853727,59.18568743762215,1.2652602882770922,841.5803419605883,0.0014262557212858331
0.2611366268215459,1.2028352880029571,58.881214352782735,1.4491825836161178,381.1982805796963,0.001507733196675061
0.08725147861848721,1.5531517128837122,57.29739006345148,1.5672176023695001,137.22853365975604,0.0014115552101197435
0.027171329916887404,1.475824504257609,33.99064770131042,0.9606503175008633,610.1890850797845,0.0015312168578185989
0.13974584174764157,1.0305664188822645,44.00114243698679,1.2584603726779036,318.65682672239933,0.0014557482788038738
0.3636816650315809,0.8342249033418466,32.67747753181521,0.3786253656003324,109.718723020211,0.0014030133916235771
0.18127463759555262,0.965050043655871,36.18011757409934,1.051041549388635,220.267058258546,0.0014141760167573534
0.14418482383922201,0.8441538910583157,36.585305218624974,0.3560966994599852,215.1998802450816,0.0013883194371138094
0.048087765675298405,1.603047578813254,44.35351339819504,0.28368241694691493,99.02517577278189,0.0013766814701322318
0.08500373635869236,1.611543298777324,52.965537071954984,0.3117654986622595,213.71130492573974,0.0014077555726196766
0.19017711162249476,1.197827657084639,59.432659742970934,2.6278378310811856,225.66339211122386,0.0013822867109052638
0.2148335555559959,0.8202935610346637,59.91771625352612,3.2311158915405316,165.84053363928555,0.0013521539833262694
0.14868599292412388,1.5964126961468215,51.498833231331155,0.3892735673994439,194.76375734393443,0.0014744538903940115
0.32264397879466195,1.8614694532026852,58.744534274508624,0.8035086432941504,846.1332269140473,0.0013061224076496528
0.2010480139019513,1.8629545548864612,58.273022752880316,0.9795717630421391,333.1655499659097,0.0012389582435570873
0.1201120833411325,1.6125152206113569,58.82452731241614,1.1808199751547186,940.4449292453901,0.001334832805009826
0.17802137314206684,1.5264859130753572,53.92664031488302,0.7487741621524859,244.1368376151617,0.0014665583588287902
0.21639325471668908,1.6148512114376536,51.56787477785692,0.48960788394877547,162.27166772920208,0.0014551993455300415
0.07902143170401847,1.0952597879841113,51.717529751698216,2.7715977538036487,503.5885212810193,0.0013953373865825728
0.09936177950607579,0.8928751825484478,50.97437053403357,2.6111001238058495,451.8610093195614,0.0013799583213299441
0.09790253886659063,1.2038591905083467,45.381762939389205,0.7597532917829017,872.9095661818595,0.001420783940231695
0.19654803522832853,1.4399379161836512,53.822987457206715,1.153632805561393,471.1643068937687,0.0012658548576747878
0.09103279835985517,1.7155237309191371,60.21948790527616,2.258088353512531,537.3465162872953,0.0013769567359561178
0.07481303302906134,1.1085837264620158,30.799516080848214,0.7904254176174049,491.21680236435947,0.0014891303619569962
0.29953571795785405,1.2809291112895465,56.7308209181544,0.6423348120542778,633.9158679234789,0.0016234692946126648
0.10563172126512278,1.800627341124031,58.3699719209117,1.5972803975547822,369.0394556889434,0.0014780818271827253
0.2829281315081649,1.767534875621642,57.08782722772404,0.47448319317158094,606.456839780926,0.0013701337564264388
0.2002797127005541,1.8183698978821927,57.01636718629728,0.9321228187685541,890.1381077062354,0.0013163307417036437
0.16769769915065433,1.2556711953942314,58.446325120623115,1.4870587012367213,103.49743879968759,0.0014441305398650837
0.20201360301541033,1.5288402410236825,57.204835059338976,0.953201594551036,127.89003713619593,0.001447665098313111
0.17153351310922849,1.7520392049011757,52.31346544346821,0.19336448438850332,79.65667493003305,0.001603595284846386
0.16001855720319985,1.063131128771564,50.95092824281807,0.18758553736758665,87.02998232616801,0.0016981287148898577
0.10101548282587673,1.8209806247552411,60.53904074558386,2.0242018866092377,1005.7663603923195,0.0013133612190360001
0.09762257259066788,1.9718724967854915,58.00950699911706,1.4210771280973897,423.5898802298522,0.0013010542288371396
0.07662132168332343,1.9820157914137249,52.81175891957634,0.5059130401476868,104.62795463234406,0.0012975829929506365
0.07423680959922649,1.9160696093536418,43.09919315128035,2.5356025897014716,1061.7577212584827,0.0014632358652787037
0.023989076701331324,1.4535234786431004,35.384936782372634,0.604559996134896,312.86252941752946,0.0012930517410914345
0.032572966689944076,1.6094213230883572,45.82626290230061,0.7905076887630073,505.53488719479054,0.0013792325179450798
0.02830153017795076,1.6018534756125475,46.3715368725409,1.285561273906197,545.0401408698148,0.0013887501635219286
0.14818644594504216,1.3566726143661947,43.25249107774668,1.4183664036249009,160.10055264467331,0.0013523459301867363
0.21668947015464032,1.6136106658524851,32.55327143266849,1.0796722826894067,41.04489611719037,0.0013041789480431755
0.12976895082591205,0.6232128783529801,43.3110384119726,1.3083402941914382,359.9172727915076,0.0014916739689335295
0.2903757035741293,1.3221700901019227,32.40352792498403,1.215160684763394,749.2289233175843,0.001412357709321081
0.29132595158023006,1.4107079101984867,34.6261745705276,1.2780453647441745,582.6226084745539,0.0013819321273916686
0.1081414395061397,0.7547912277843392,41.13999226391447,1.0590910756961058,484.29105316340747,0.0014040984130439618
0.024396882201328407,1.4989129289955294,36.04674123219657,2.191273546947329,768.3978600464877,0.0015156286070143843
0.171989085085253,1.1622560475319024,39.33806360776526,0.3816969639528709,201.2367953092802,0.001448760053873929
0.3498653813319552,1.2898946491340824,37.85767061432673,0.7286305131451477,686.3698455852868,0.0014852835101752141
0.012878884738867254,1.8894129412746892,44.97747910977208,1.29490262825527,247.4027054926686,0.0013446641268780096
0.12400062657634218,1.1083053930369833,37.343420923853756,0.13887137903961363,430.84321828859214,0.0013441490719806144
0.1325671864250616,0.6744393072938185,42.263296192220906,0.47390101692910275,628.1146614483201,0.0013930036400503303
0.07389852003082298,1.2279953370959624,33.22485348343249,0.8228568221964876,1106.9802410990135,0.0013163633707864958
0.06457785971973395,1.4086068018281785,41.20053308288173,2.0846413840468756,563.638300405869,0.001265118105190548
0.022719759303208603,1.4762383701917632,41.75278884873711,0.757442711747116,584.7906895184132,0.0015354846585518445
0.03310610328959595,1.7793428701905132,49.18037248588798,1.6540170922578383,512.0237699484693,0.001522696686397474
0.027982477023388068,1.8106338123481955,34.31596247548877,1.4318874199259082,63.02523689217601,0.0013405869265264122
0.06610465657488174,1.725378989280042,37.16601085761927,1.4688486073921525,612.3906076672146,0.0013884470718963202
0.1228703847972361,1.661877358988966,40.21487923696003,0.9280205482016958,421.03958580133644,0.0014408303650406723
0.039320462763080245,1.6881834809382572,34.81023595271705,0.4720062459815887,892.5147215650759,0.0013123226647514142
0.27004325091362524,0.6578340813154908,34.80374206246221,1.1079392330934765,98.87312235193377,0.0014709446513353243
0.13284938737341973,1.395839428533743,41.446420546564305,0.5352143053308721,1217.3986628625394,0.0015834870973886633
0.13244724957779164,0.9915003366678424,34.92605836439851,0.7180045150092248,38.80097334646107,0.0012848171532522713
0.10265329652851927,1.2556672788467043,36.64407594938493,2.998711259826806,62.7494567047539,0.0013111017602236248
0.11433402707566528,1.2132265675104654,33.55024132647336,2.38322238730307,68.78808055949135,0.0013099398373523897
0.1463213274733227,1.3528553760666344,36.95489280088708,1.8909411059270322,31.718457047094358,0.0013037179748321506
0.1779011607717839,1.2507646920547264,40.22421620629317,0.33320577623844405,686.2569132446565,0.0015483024246324452
0.13462205993309323,1.4263493729117778,37.325674477137966,2.0692583310346335,324.4622833671753,0.0014539800284115885
0.3347785974843446,1.1348459758148177,37.04655297022857,1.5155023572556423,892.5171716138658,0.0014353903455225814
0.08180320517825046,1.7742357231273367,38.5441698853746,2.0464346285902026,657.9175021324886,0.0013468547696404226
0.02117193998723097,1.9778884679314759,36.46874806398859,0.871079625980232,489.50342895741,0.001339675270629355
0.025746885255376845,1.9669317947463576,39.17408463798937,0.6142691823502331,406.99071668014955,0.0013678998607405722
0.05714135162823192,1.2739030450885254,48.82839715664122,2.061279476730303,728.4362611953662,0.0012757200884007682
0.07412911339818701,1.1227640578839055,50.602464381075684,2.0207449538470583,258.9488276364498,0.0011956917346748052
0.3101360693727981,1.567450199104426,47.872176222963944,1.0207190734629932,362.2302674494061,0.0015911889492859288
0.05168268121540402,1.4308865885214397,58.32753947514249,2.1756527464264166,604.1327287074113,0.0013668492727736852
0.05359052745082957,1.449029275234635,57.04025535122208,2.0835365385955003,620.849467419943,0.001359407501587763
0.09234319243400485,1.504227548372557,55.786093376271204,2.037580788270325,430.41257153516193,0.0013232131222570558
0.10259778063641746,1.0080726459693068,47.558064525597224,1.022466197021074,523.566737629153,0.001371033142832398
0.14626704304069604,1.5595852453617407,43.98804772677969,1.0370523054582437,730.4358426295972,0.0015020235749414767
0.18651150379480144,1.4265240695861385,39.21502309612836,1.098946958036174,621.1358852521006,0.0015144030257740043
0.22441447697047337,1.3763772561902228,33.86551764207598,0.9591132261121579,80.07623681423227,0.001492299087388744
0.05996620416938779,1.410855280097357,42.04251585282325,1.6266095719181197,1411.590214264638,0.0014703309034306865
0.2501227819843183,1.4904433022221408,31.160395090707,1.0100546381176343,239.14995082056743,0.001316500373845347
0.20657753759985345,1.2707376453460952,40.43382369038961,0.6027464882967264,320.21056049921094,0.001344912517133786
0.18945579110806973,1.3856917555700619,39.70479974036573,0.5456528391586832,448.3238131832676,0.0013814303382390818
0.2159806674330871,1.173696583681678,37.87329616189003,1.0230221435230138,179.88229988429927,0.0014110723648226842
0.1477591289778245,1.351626976932998,59.55586401116171,2.078828172992108,460.45315539107065,0.0013689588345251092
0.2466236878832898,0.8943841378793349,57.70475373779034,1.9039346412919098,459.1494755826554,0.0013733538336080514
0.13336083512824637,1.716131342167787,60.23922145892202,2.759601409518758,401.2250492925875,0.0012865384475383027
0.025815633168727977,1.8244231394348784,36.713907979034396,0.21696832596262058,106.37394260477407,0.0013669461652296197
0.3115874665296139,1.562377501477489,41.271700020964694,0.22303888133941369,995.988489721548,0.001338423204111523
0.0935853445266119,1.4702756405495239,34.78846420922526,2.5426886271883227,107.6948587743854,0.0015836529392761825
0.15733059112407852,1.2190870917411338,37.7723266345019,0.1451708794161045,285.61650009521213,0.0014153614420441528
0.20260117518451573,1.3811672757456785,48.80624010182256,0.6488759845757108,1392.0957540910201,0.001420069799417452
0.3106393534923125,0.9058786908015644,35.88164860233149,0.42664890518201176,204.81566110320682,0.0013076672052640024
0.06704200424072833,1.522063657189014,43.486075811053176,1.2645703061999782,746.7589563138729,0.0013711254188706688
0.04562736273458383,0.7440817793521081,46.36786830447556,1.5510905302259048,274.2975873552971,0.0013938613088281277
0.05936641103812577,0.7612743889835876,46.39772364773662,1.421327039174068,376.55346359706533,0.001403709395055127
0.10301847394312444,1.150241294024125,40.21597926486841,1.1038478259735862,811.7009266424255,0.001470143781063341
0.06963684495361425,1.6009885734736629,34.32270874576424,0.4326881952963065,389.9783342928338,0.0014716429224060424
0.07776037606897934,1.9350098783101761,38.552639181399904,2.1904217054528843,660.3160626030998,0.0015677133210420357
0.06785812976134824,1.8869807581216285,32.84188236372651,1.3048800781967287,750.4105328856189,0.0015156336442510585
0.08745550800270382,1.932339666792253,37.69195895306768,1.4399385636917024,549.3140281769428,0.001539843717916922
0.10850412676925165,1.892966554832756,38.16473010900043,0.41905583299356813,349.21675815864756,0.0016619698747980497
0.12094381969516366,1.8361255518454362,36.25863206442408,1.7341500247610788,66.78295353428884,0.0012814443093649454
0.14838466643418916,1.2043583847992492,36.6435619738533,1.2244309843438808,77.61603769172942,0.001263224059448871
0.13873408203428184,1.310670254238673,32.62903056910964,1.2500448727525786,77.88121639874629,0.0012102981410516858
0.14531668108318635,0.8100921142482593,37.62964937081459,2.011210492954387,119.50364840853588,0.0012808394616416403
0.08815344643937076,1.4961287276149506,32.57522175110098,0.38896499891055464,640.5086127121635,0.0015265016800223303
0.12632114001303812,1.10398288560419,42.388506889769495,0.21330295818334513,53.698115273573734,0.0014350925641711677
0.276276169340338,1.6305926000642144,41.100159379095565,2.5343767234586423,232.97278482504802,0.0013278160954494956
0.15477510882138204,0.49622766071615715,36.48182779821174,0.38737973574412865,766.0289012630251,0.0014311309960501086
0.216971505761263,1.6359234112786405,43.12896815952988,2.744721186504852,271.3270874942982,0.0013292373877146417
0.24540444812493922,0.37956546160499177,48.331873073828504,0.5278651969454888,1196.398457230975,0.0014021777905311324
0.24604925321472623,0.42392784805582273,47.81387138833681,0.5623991843352762,1275.7039487051104,0.0013986921114427925
0.15397767789225025,1.6485220783367909,29.015821997135628,1.3344112979897775,142.88216090142961,0.0014439201221531479
0.12889654475473875,1.8432292339072096,38.22324903208536,1.8700987807470368,757.1811921721682,0.0014575773468752636
0.080647173187629,0.8881523529311894,43.09905270156887,0.6134906018315515,333.0518263511527,0.0013880775320426924
0.06332791616754838,1.8467441271902902,40.300931722183165,0.8500382449114013,578.8431673250113,0.0014396646508501093
0.03969985644567159,1.1611395595800942,45.81268079925163,1.5936656173002661,717.3186541199868,0.0013696499974971336
0.07052688180875571,0.9029412850778029,37.490090208239195,1.1016305425215556,800.2302281992901,0.0014340281083431434
0.06733399180344452,1.7037193154573869,40.149974170596664,0.6786102190297404,37.493056591012184,0.0013942027960872454
0.0316049822529109,1.4726113244854158,50.22130686069704,3.2880123174695903,2.9751310240399373,0.0013700835206740705
0.07969060798681472,1.6793838197614686,43.207701273774,0.6222196605260599,203.5263960987855,0.0013906416924306106
0.1639414646094911,0.8631079589126838,33.25581212836579,0.41122922076074747,402.55664464017866,0.0014718301578764198
0.11250710830234387,1.7299866765686314,40.28059024231288,0.640990958781857,566.880743159452,0.001383005112798433
0.08183240014400645,1.8655520562669825,40.63405582355088,0.4069480770227132,503.8167233826723,0.0013726199901612289
0.1249307014544602,0.8852607447450952,41.17709361214663,2.3921442464096065,705.3183443571352,0.0014655912833453724
0.14869323185932906,1.0532366400988573,39.65464572298308,0.9728681212952042,198.73858941171463,0.0014699510176623201
0.1493166297431051,1.1663401546588856,33.58904289714269,0.9879804806192753,65.62119734721672,0.0013764597519003844
0.12626084510592925,1.6726223098851696,40.074494206467634,0.1879299316788173,205.724117509836,0.0013908227883513845
0.15258742015113766,1.3475867331022913,39.12462422793438,0.2964563498702386,348.87796570750635,0.0013808408188231269
0.22804633679029065,1.264005655567496,41.22953624519516,0.14240824805566257,490.42096278807134,0.0014098794986296087
0.16686836930022755,0.9581827276734884,37.27985513894042,0.2651012147559322,511.9043566648404,0.0014243383263145802
0.16475033188881402,1.0398364830797517,35.9014739859666,0.28026938779190275,921.55338914245,0.0014484996238156348
0.14140342772190267,1.5334327162736028,35.70013366155975,1.0399771911496007,596.656665776153,0.0014193313796697462
0.15875734057729676,0.6568612954587225,37.599735829967855,2.2112303809235634,679.4985012937151,0.0014336732856091244
0.16128085214442406,0.6794997373115751,37.75921897670365,2.8130911181204445,319.76494621696486,0.001472309751076855
0.15348998187259952,0.715437388027064,38.2773276177167,2.500314455164521,87.85917117915461,0.0014642663118945819
0.23522760422061095,1.7256122774919038,34.50609204223988,0.08641817180967665,1107.2608340375198,0.001278318367788981
0.23824721088717624,1.4225331300725708,39.741956677547876,0.3493975571455413,229.46745691608245,0.0014498714705483296
0.25841234337818375,1.6044268230336192,33.97689913696231,0.3386824053945642,303.5722346068497,0.0014677270565336556
0.20187870560476384,1.728230004545958,42.49606224773071,0.6523038829170704,464.33211810380095,0.0014492949975010501
0.03598345747612126,1.50742269707172,40.82239253133365,0.3074025165633067,179.8303662972902,0.0013600875223788616
0.016367881393866728,1.6119065586317043,44.54673288622305,1.8163866769132875,542.2229429679377,0.0014231257572726926
0.029483065245916703,1.6870755334734693,37.230715553152784,0.6234674734317391,163.44763426926153,0.001483641611399741
0.015798753705944094,1.425191764517097,45.11984337147595,2.332066496183082,1485.3107687751449,0.00130136614307615
0.021465251220030557,1.5459273785877854,39.71666786217247,0.4540382320923109,422.0165533657607,0.0012761181904996323
0.03695467426618766,1.619659542809992,53.25178918261541,1.1709576934809893,727.877669671286,0.0013357610403449223
0.03883737838754384,1.5536905602722377,46.26980223665364,1.082904637424854,419.2662956386877,0.001295469728717147
0.08807168049716788,0.8731214005683413,37.24498363314315,0.46359809812210506,342.93318385607483,0.001347334751530277
0.22581652722066697,1.331143713094898,33.77551105372191,0.5704403343578669,617.2731087465721,0.0013030760219763168
0.1278823216357821,1.4855566352983185,37.802225920593905,2.058875064996059,271.88761421225354,0.0013398917827904598
0.09687318879236695,1.557847795057172,33.85342526219186,0.01709045064356794,714.4716116770335,0.0015694568007672705
0.035072589091514596,1.2818774161178788,48.24679764646024,0.014485220753586554,558.2404281684971,0.0013829173775238976
0.1061479959566929,1.4315534503858767,36.21974032884282,0.02738701672082354,315.8485682456901,0.0013669284295342457
0.16140174472745208,1.16614808181051,43.74123418792693,0.0066186235035853355,663.1018338249346,0.0015402833243121782
0.20610671923993157,0.7263944345498052,38.593582307681565,0.03171107200977611,358.4362362773412,0.0013686085650035536
0.08260727513022224,1.8484762748123726,34.836566624199165,1.6745590924396703,209.8743046523251,0.0014031531277737051
0.030650306319340022,1.9570642762224908,39.69706441867893,0.17041429015793344,921.4389245763249,0.001448316743506564
0.03247163529375149,1.988979731518042,47.825436389507175,0.9645425762520586,188.63617708877763,0.001464396794437612
0.01558038164027507,1.9150028165978168,42.62192460413061,0.4973431749100225,1291.5538743012867,0.0014156371987603484
0.02308448782600386,1.842112789668389,43.72546876692252,0.26189498092265856,462.35154949775244,0.0013892142255194856
0.0933912059625247,1.009060080036139,33.85657305736231,0.8625018111377833,752.7425563212405,0.0012882002245555094
0.4201172018432853,1.1885629074708473,37.073818447345275,1.0983866926162165,491.69236716403066,0.0013070467728406123
0.2399156038010119,0.9496561433977373,29.935170310415288,1.7363711618930433,512.1914224292362,0.001357088841362801
0.21884038088365515,1.4705685749406325,40.74558527468871,0.36950049393603224,346.98399476832947,0.0012786835855926712
0.16536734613602,1.5250889583384974,35.100000866024985,0.5124987410856541,277.060790312339,0.0012247227723178474
0.24862123542573814,1.1440134595484288,34.86073791816991,1.075412950396048,946.9991866231502,0.0012456188923442718
0.04937749577804855,1.000842895988086,38.23470952192655,1.0588877210663163,372.9074038271706,0.00129491774058273
0.04590856631113029,1.6554777926321984,37.71161879545318,1.5162134399372422,325.23719912951293,0.0013768765262431708
0.03227358888557641,1.13926982691483,40.60609157071957,0.4405178323726192,679.5057921517289,0.0013674124991790225
0.024559675612494454,1.6696285469896257,40.34325114290104,1.2311006400987767,576.9051822199044,0.0013049757012070838
0.09795707775971288,1.4755881993656772,35.50785603176451,0.8407624224454531,76.3127876846812,0.0014735100548793148
0.26018560718589656,0.7930943185034615,42.785265275276245,0.2700652853283645,889.1243571055908,0.001508638182289001
0.14061007635856906,1.3289681200381185,32.347607925898316,1.1100908587415985,201.59338834863118,0.0012547249845978048
0.2155786043298182,0.9881519873020735,33.98107034946918,2.5327519981293722,162.36293865036538,0.0012598432460919936
0.1643468935909243,1.2256240116295434,35.994637212122875,0.1692111702089881,690.9107243506551,0.0014038049364913138
0.23238870618803992,1.1574660950809992,39.17796049751178,0.16881984109432796,257.6505722076715,0.0015079835832511252
0.026419913820691927,1.3230748122373157,40.26546265622471,2.1542569174388957,747.2807714288939,0.0013420600381620017
0.3509090031962769,1.417286426886527,36.59360664103516,0.492261888657423,279.55349602895336,0.0015550465118179444
0.09434357988779175,0.9453939524367714,43.10187931051678,2.6126064000355824,468.69783675236135,0.0013725221816330434
0.19025331062403877,1.2306263927343615,54.84135564612416,0.30834101571969635,538.251471304928,0.0014860861089976479
0.19025331062403877,1.2306263927343615,54.84135564612416,0.30834101571969635,538.251471304928,0.0014860861089976479
0.2093320584619589,0.5639637577273264,42.844620082792964,2.292101772297343,432.0645647829882,0.0013346734495193599
0.12806273504355176,1.784200473656644,34.60218436813766,0.5001424769125808,756.081503684481,0.0013121110691507272
0.19953557135238195,1.7267117691388578,37.77805709348542,1.1048164790284238,919.4110136716056,0.0012812334716910975
0.17990885637248316,0.9216765227577004,38.454092323570755,0.1374113754199733,392.36546550912743,0.001266472622105914
0.11166317683439711,1.5300150418925278,36.77728937013421,0.3292308710134344,751.9870332512785,0.001377625945592545
0.23545399710397868,1.5328946086575959,37.92927557788114,0.26300356084888366,700.2029747110328,0.0013686601108730359
0.17648476065126975,1.2007215228420562,42.898472356645,0.0674672628067784,672.1856488576112,0.0013413272533174102
0.20090560323258025,1.586135709423379,41.224594239232765,0.1256894987993898,304.6861833749913,0.0015121907986242302
0.28569305655095306,1.7109260556099632,42.6962262546742,0.24650352928371558,96.3221503780507,0.0015873515499236965
0.25935408273676613,1.4482670816062106,37.76056165244541,0.5061844869870645,74.52198398811984,0.0014977468723641556
0.07079375967244872,0.820259913282219,38.57425251556236,1.7394264327611093,1033.4350529880592,0.0014093220989679193
0.07492776056970492,0.8332058375684123,39.281443931915625,1.9574589568143896,1065.7449615970331,0.0013940779439557461
0.3560334240613541,1.8237653713996016,33.01532262209433,0.35191145117094935,234.17642814395438,0.0014444929054182897
0.06428667470783947,0.6021096974181086,37.59615127562493,2.0470500580479123,110.99642452845362,0.001544307484866665
0.17217290126412513,1.553465847815918,41.80790217726592,0.7502739838588294,272.11377309391213,0.001444639834822192
0.23667960674001096,0.8227103892409123,34.137727867362806,1.7517035316714276,764.3414989247977,0.0013840780973385976
0.07914646667848776,1.5068344154387976,35.17210016787203,0.45153863116696014,141.46802475519166,0.0014369259615259222
0.31851747408295955,0.9783495935889841,37.82778402959543,2.43272874158952,240.92686666219842,0.0015327319825556688
0.13398584714499798,1.3212245399128206,40.9597320354927,0.6314869866329732,902.5447969136484,0.001648293989700489
0.05747113594268497,1.528964553167362,35.20599259321894,0.8249334518391618,243.4793623584001,0.0014776964393202587
0.1914317646846803,0.8776918799615575,38.47505349837299,1.2785434526736912,1258.6641781680846,0.0013736790106066148
0.29908383020847157,1.4219747176648074,31.657528780841425,0.784770446807567,112.71485644334308,0.0013799459738653382
0.21647135813939342,1.4890698949351275,36.95660912781527,1.8524785516839843,217.6512118115374,0.0014913287801833998
0.16371413556746714,1.3342931067323431,31.2043205892885,1.7024238634557238,786.4229732597348,0.0016091205751304623
0.04825797031037153,1.6884565043658801,41.32263629442114,0.08450533151733851,167.93918276103608,0.0013828952601254675
0.045970643456942344,1.2751618843611856,38.48804220425097,0.5194569225998502,420.2444239020842,0.0013260833687641993
0.1063026629389792,1.313069158285313,31.433393095541515,2.4473743126925385,215.986801676192,0.0013830492375133904
0.2855172203484538,0.9401620760666116,40.50489516564457,0.20371419863656703,562.1342635093202,0.0015059334107451064
0.04240006618361852,1.543828698629257,37.598766640161074,0.22243529829381395,359.55964495404044,0.0014426833470489332
0.04704373535593167,1.746012353054131,36.956730630290814,0.321487618842085,1701.727783724082,0.0015264942438326001
0.014217395561779096,1.907810927308226,44.63694960023357,0.8577726010217832,9.470522996434115,0.0013910216342585488
0.03807737505307924,1.7741207328481845,34.331065518232734,0.7448977479874176,5.79433264273708,0.0014123441780497631
0.10102831627887195,1.1463763966784142,40.43394391159834,1.1903365246963125,17.007588979641273,0.001367369193976408
0.02429854757264544,1.7473299206676425,43.67711235677594,1.2391680933293543,58.43999053534562,0.0012978836768154775
0.013319188321283117,1.8457678654736331,41.485515231296205,1.8687306273540696,69.58161141321163,0.0012671637618660364
0.08692844488162838,1.030207556124065,40.7809648560095,0.3814902798309777,14.635647006238411,0.0015379729899332143
0.08566712918654383,1.7998497076773992,38.239658451181754,1.265968849243278,374.4679422709189,0.0013077727921858237
0.03859797463174692,1.8639633424687374,38.33080776635315,2.6037308370757293,371.12317012295307,0.001382819068506532
0.06911134890071592,1.977013743693727,47.453051908184996,0.02984253298097963,98.5629303724922,0.0015341377472407214
0.06984499695201796,1.9822984790894256,45.06784034475478,0.014110060237255426,107.53611182939014,0.0015285165688186148
0.039873637064881264,1.968922715879084,42.172346750865,0.014098266925406899,118.93042602010972,0.0015502473154573619
0.07746760203742704,1.4073789623638393,48.31627925946744,1.3553449016607395,234.20744274116078,0.001506172820356394
0.046791139731666556,1.4375159937617803,36.97076684653257,1.6731629062051376,266.38633624977234,0.0014843119546627346
0.016199753598873927,1.7344259717660742,43.20722656886824,1.4205884446623442,162.113751060668,0.0013918500718200038
0.022041569880477493,1.6693742043628454,47.642961767411954,2.565790416354433,560.0726032580707,0.0013708905558675573
0.016474110855734074,1.4830664600361654,44.70868202874031,0.8038990057954745,632.7589338445308,0.001367978270045993
0.0980168013694877,1.8210824079105514,36.017050662563946,0.13274617090744703,182.0699317984264,0.0014914229964825396
0.1544897467204613,1.4350040469777252,36.41120705761974,0.5412656377954898,371.22921112878703,0.00156501959424895
0.1321847941638313,1.0459822219112953,42.188054246133994,1.4712081622060014,664.4161173769028,0.0014045240440031786
0.13816486748210294,1.6989117924452946,28.840318721137642,1.9127083373074043,649.1832968327607,0.0013975645607334983
0.2251290326936183,1.7042734527089547,35.8802750172735,2.0748776017370005,1216.4596989844356,0.0014681029537470356
0.33329840773033353,1.7851018357006558,46.449495678462476,1.5568835062202229,1102.1690234263926,0.0014110169547121825
0.10361141012709774,1.5028558385342157,53.88952180263425,1.8264287537909734,241.1586900065045,0.0013786282068537507
0.0638921201927339,1.346596897483831,46.684420771884376,0.36538600555953205,94.76946784711423,0.0013642854324339149
0.07321741600076784,1.5714788911133706,39.578475189699574,0.042239499384714066,138.52869856081028,0.0014735482081442855
0.22622630967642157,0.9941854441669312,39.72620549435639,0.013558653577655675,105.4006875689058,0.001548773430635395
0.04320816177359058,1.8708919675328866,36.922094433906985,1.0098791554114923,918.4836948304879,0.0013998285550930831
0.030839383063715885,1.913249125017422,35.04927506108178,1.5762902756947883,739.4359878673364,0.0014356758359250661
0.027144733518973185,1.8301945254055865,34.42331570601199,1.8376872347437945,198.86601705181445,0.0014030853708668686
0.11092902088467868,1.6640461248408573,38.57262141007492,0.5886609952889037,1147.9049955425824,0.001539616496641044
0.09880762414751011,1.749405152391117,41.637619694707816,1.0630728832053236,1274.1337497384966,0.0015437433518575737
0.2005459752984816,1.3785842836196698,31.64466929186731,0.6900735827474445,290.4973106917846,0.0014743411742897386
0.10983974826393877,1.0899142535678845,46.317653428152,1.4087233765681617,122.5361078840649,0.0015233703699233454
0.22317605805941018,1.318221875664811,38.92186689002524,0.48345033004576815,227.42493405678448,0.0013175863682130021
0.1204053880247678,1.192835578518606,33.438533686217525,1.4914868045626468,850.5846695588117,0.0014391142235708433
0.02222468352592322,1.5070384907174725,45.34292207350312,0.48223454456329373,235.33914621057326,0.0013494514087118512
0.07982079585319057,1.6976517827636035,36.960330502891246,0.18249940050910413,113.7560485578697,0.0013716062481655598
0.3256430951981271,0.7024739108483526,36.05062202021358,0.05614123310641901,720.0469822723772,0.0013767242493739622
0.20241338577063886,1.3507540298333929,38.65746194713801,0.8633101000356271,524.1115535980169,0.0013934269002528407
0.19878131319826006,1.5603273463542413,42.79496996484716,2.3563423152026965,743.730461550996,0.0013920141964054978
0.25295561731035576,0.9018972816513199,33.37701827170697,0.19871409779992372,350.12485214918667,0.001556191255369434
0.1709113927815163,1.1741464746540051,43.48909589497489,0.305249893650379,218.4236786531144,0.0013953267138577116
0.18566688847732332,1.735496491321149,29.52389695597573,0.039855679368568965,868.8836758255337,0.0013861039993774554
0.11776842566111147,1.2678071151868477,54.041198098332984,1.217021111269228,70.81574587898798,0.0015270126621523506
0.06776858211737755,1.690874040911653,54.765435977867575,0.9240630202234331,21.98849938707066,0.0014569725982174035
0.024718152930495233,1.6244365442221218,44.256844129074686,0.9802263185634019,102.60627243232588,0.0012413371404369467
0.03241184879095618,1.6275701317601217,48.20679679462354,0.10065435560702857,529.2098623048552,0.0012944539356708677
0.05901154384145509,1.4436610689341778,40.96672630970325,0.09653213704027967,89.82252853580117,0.001308355733977878
0.03374327522154895,1.3298405273317666,36.61394035565845,1.7766123566226721,209.5401593049553,0.0014755140570709585
0.03224674533535405,1.6941640831578184,50.5184989988347,0.35968654982540466,864.1825845696695,0.0014312306404604654
0.03560046310744071,1.7167497008337793,49.47696933185605,0.7658452048651129,557.4280110806184,0.0014033289591401416
0.461989594609419,1.919712976566363,57.30534748493101,1.0386795009615317,167.37261369055233,0.001336734725309424
0.061407923210542295,1.5100983349882475,49.27822605386647,1.618287160590155,658.319890564937,0.0014127138692327382
0.1272008817204097,1.3276023066956326,32.61627799100222,0.7997963306986687,231.87498695769435,0.001426291727315978
0.15546711939635835,1.0999265456565965,33.707871203480465,1.092369462121834,344.78265285463306,0.0014323872565990593
0.1025420568680846,1.5590434550965693,37.29330012733235,0.7287744502428535,327.02412900173493,0.0012570258588216537
0.36236651914361206,0.7958369829261339,39.61924627653924,1.004948434841977,456.93983323474043,0.001512086582319674
0.024015575907228817,1.7512071373868539,39.487010762726406,1.5426107373268407,514.3239976084463,0.0014544202428892336
0.029999327626038984,1.4476221078386946,44.1847053066239,1.337095958356606,740.0121484144365,0.0013881975465228028
0.04163180118437864,1.405140492527735,41.39265203304383,0.12134342771974184,263.91248167501794,0.0015925605186152393
0.2888411523197172,1.035737337871368,35.275868060023754,2.1861106872437674,55.027823233052956,0.001401225998790514
0.4872005396649114,0.9980662026470312,38.17247763455064,1.1501194250477569,182.53185181574892,0.0015396647284223795
0.057640905763460495,1.1388944456750283,38.585640590656425,1.7536811436577637,186.0359965497308,0.0015878158358201722
0.12723276271480155,1.6365610788064804,35.465351138992204,0.3272437849989417,482.7278378778007,0.0013411014111954968
0.19921182093558182,1.7272167718559337,31.735814613871643,0.5449628697485793,264.3451383588857,0.0013887632631119646
0.18502795403128847,1.4379991708068955,41.29967375146401,1.7657529082607513,186.60982796152857,0.0013891295720782413
0.2509162555952724,1.0602337068060002,36.136864638044585,1.3550653191357396,422.04617535279306,0.0013812193202499394
0.2712530489278693,0.8187641355579992,39.76767779413944,1.6831116178164884,477.2779614355684,0.0013977052306953365
0.1709167481593839,1.3758233177175978,34.52119882645329,0.5976783124392258,54.03436017659753,0.0012447533135521607
0.12321654369896287,0.9438859118440218,42.06856023252642,1.525229699566317,136.57340924783608,0.0015401566654057162
0.2520138818398551,0.8288468052668193,40.81029224220878,0.6646654581638848,131.884222447053,0.001450711292574066
0.11613159115332808,1.5239450756212154,35.34866578816813,1.0377802991054008,942.1689382892173,0.0013764198758457389
0.09585896911886084,1.5805511343057494,35.15467161853724,1.9225195404298037,1031.193759890607,0.0013982381572996772
0.24217842559079616,1.4942331470941788,40.3723831132017,0.8717972546019767,137.3600397956661,0.0013956626641369325
0.19526529762563988,0.7636512327438632,31.440478863842717,1.0926514742435938,104.17494859747138,0.0013910240832802818
0.26372675067237694,1.5672908513820052,35.717184556230805,0.453006561247344,323.16113558003974,0.0014118605822429475
0.08674848011325421,1.801779769007157,36.31923417051802,0.06096598490757906,521.9344496486101,0.00152920370264681
0.3152648819964946,1.4118937327719703,42.83821645221877,2.192376617138547,423.1070859599286,0.0013410024756351046
0.19246468585455626,1.0282148337310448,31.854771011600185,0.41951076995492415,798.6860459476186,0.0013470313069818339
0.1268690531059859,1.4757597166399334,36.21335954006319,0.32379299936908734,377.0308799915638,0.0012914079186814266
0.09990983956683976,1.8040109542768403,37.73140969894127,0.34469157241470616,332.33838882646774,0.0012524194139411202
0.1055802767621259,1.286554500579546,37.614030182571085,0.9378751001923963,332.73441758803494,0.0012622035926370232
0.18296972233248232,1.0123681434976057,37.210153961763965,1.3092989506565387,435.8665881667602,0.0014683137915477247
0.19420086045218002,1.3534700861664823,39.836653098390016,1.0963542998603337,1185.524797750318,0.0014606402519142256
0.16321071089470682,1.4653560025925445,35.58011789002955,1.072530635303748,804.462641432376,0.001450747978440955
0.1321474428477389,0.7624027133184466,36.757966330861635,0.7235056412790744,277.5734411317175,0.0014233939510763741
0.22946251946843704,1.8081099321153498,35.55077031020691,1.4596417753236737,107.21849133371046,0.0013839956211784915
0.14351794273052737,1.8475687066642392,36.28665990743217,0.7003662939056419,185.81662077232818,0.0015076132994454531
0.23627037827651742,0.5579325968101699,37.498130808085875,0.872788843168698,230.84414175556822,0.0014037219569538021
0.12205978587143852,1.4485634157185916,32.22526755269294,2.6303845081173867,142.86836498510183,0.0014617150999482573
0.319710418836604,1.7622344547379463,39.8899692077199,0.16757859415698442,975.0857347639998,0.0013479358036673132
0.15928014486179592,1.7434408073930097,38.30484063470768,0.8684726895836196,555.9551914350681,0.0013280578068976996
0.1769698000428705,1.6315853681284225,34.77436749726034,0.6719871024094198,425.9298643979562,0.0013429774160443246
0.27497097609931553,0.9299520962378336,29.949715602578305,0.5563852678316223,283.04989577667845,0.0013972860512359222
0.13186318964589377,1.7737825504087958,46.249671843025205,1.6549611295196165,866.4122021312259,0.0014262863606175024
0.22562414159819186,1.018790162434987,42.45016254390602,0.8745291042097747,406.90723868328126,0.00147066589814831
0.2236425165718538,0.9288685843745804,38.09413344276972,0.4374586947819246,718.4996080972744,0.0014243476218228877
0.16006863909977048,0.7685877576660871,45.4688661494345,1.1925759078175655,751.6542278000394,0.0014822874568957702
0.18636962492980474,1.7930304550526008,37.21058985732951,0.042851496043712745,277.77149994011234,0.001425764365405278
0.10244399250266162,0.8219083772845638,33.11775132947782,2.275195791649429,687.9863711766897,0.0014224761664269503
0.06062430679512473,1.3983279862127573,39.659730175630195,1.1885670493484735,783.5111135000311,0.0012713646372067772
0.29648476883194763,1.3216994877994037,33.85447112382996,0.24113135430451194,209.17678558209562,0.0014874783964077352
0.08939357985059453,1.1387261652864555,40.70461925154249,1.1382544180411913,102.73438661183945,0.0014603192559765352
0.08455298340334608,1.266535763849987,39.80756119035501,0.9777168944685817,251.0748420791533,0.0015271077307200966
0.12526282388267068,1.663998080036463,35.2139132959376,0.30998549446273466,205.38212294317475,0.001501953727389959
0.16061435250589112,1.324010435417639,47.95401078194688,0.4169971509520158,32.715561272784065,0.0014763623611866248
0.1443625234992189,0.7717619143535853,36.65277762610311,0.593261866641992,406.1148191810655,0.00139754634741951
0.11900036515718036,1.1585515676389977,42.483536750762795,0.7131360320428982,948.0561141436798,0.0013643451606418274
0.20142573497558106,0.8583928059137587,30.977164025012428,1.9116471437281106,173.79708969918138,0.0014847620433623872
0.3392013510360592,1.2477424382724713,40.171190808600805,1.3368544548915122,262.0339148992336,0.0014716257131078669
0.21715622198664788,1.6328000393427762,29.56328866440783,0.7665126607388122,607.8054794540201,0.001414776880478082
0.15443885280436,0.8202703239292162,38.796547269932134,1.2514384774903589,739.8676769399366,0.0014400505124997757
0.12203896150682804,1.552869312653053,39.76335494244976,1.1054703550780902,546.7839896236021,0.0013850518544951404
0.024510174487971336,1.244169639241977,45.65682807598867,1.1297888072399886,355.4121551199135,0.0015230339662243922
0.10892083392773955,1.4866833435155122,53.42582053272738,1.4531648694291734,1009.8629486294776,0.0014939913617263534
0.08223628715501019,1.3833678838335108,52.47817692763853,2.5453378110443796,382.2028779006703,0.0013589302282563615
0.05365090674298343,1.595370928316445,51.18999479721773,0.5456243642719834,248.37437937608442,0.0012934525518421562
0.15808796938173408,1.1801319637611665,53.751761924454605,0.8023375437699698,428.51067043955203,0.001372265792219186
0.09492119224027913,1.9924362734492418,35.098498309920096,0.2204436640551949,406.26280652141406,0.001623373290439298
0.2250344640431479,1.879971855850474,34.11302174381324,1.980718103255294,296.83745799137995,0.0013226372676410953
0.3371824680086084,1.8343676198166963,31.82093413337395,1.4308915328677008,466.1317158804798,0.0013782218434289215
0.1365904074814896,1.7809103606973447,30.184615297269474,2.088723898027191,528.0837409759197,0.0013430804234711511
0.13016820327092293,1.7784786770171959,31.209062481515712,1.970903287214386,634.5745346118899,0.0013526747823710415
0.14135880051267655,1.5462891799604817,37.24463588306842,0.43353123115554093,963.8870108483177,0.0013400145838081776
0.12964960603490203,1.657182597009964,40.626460955078926,0.3483601368651505,421.4060614067723,0.0013732412577751357
0.029025076786671142,1.755758192116325,36.02086303608233,0.1053042849156655,599.9360183228104,0.001484702381269092
0.09012889960084397,1.772572865789171,40.746114783576516,0.07238929370286483,476.78390023989573,0.0015588286833484268
0.1275489849065133,1.340693595652765,34.05997978687852,0.08058072939931056,377.5235973840827,0.0013731165977060302
0.21723467848079936,1.9834927892222827,33.30747660856162,0.25712783663195526,507.5642709734134,0.0012618410611200661
0.1387488904984354,1.9492694846835794,41.93919584551741,0.7968761022680602,650.1811345476523,0.0013395269777564441
0.1676215239832917,1.9115732060166268,39.78290321191421,1.1226489882343065,608.2755572150901,0.0013061113485553816
0.17768985532351886,1.4542970110492204,49.05211231290628,2.6768788048430774,426.6202994699031,0.001588822023993235
0.19847603915296974,1.2855361450400506,31.11719871407916,0.35641053753839813,94.08554494906959,0.0015347345480856748
0.13380265008591918,0.9410982717483054,46.24384113480779,1.7615805298100897,308.11240144936113,0.0013301420975426188
0.14153430507344472,1.0397765758272637,46.94815898536414,2.025428185199031,335.9023939489545,0.0013189105364033386
0.08273198391318244,1.192584997718213,46.62135514310699,0.9072426203730631,824.0385370522255,0.0014023520372421906
0.024177905179326796,1.3397763114565147,40.982572031587786,1.0064155662995875,317.555323171074,0.001398066234822286
0.03282917961631385,1.145358726697904,36.23312916864177,3.181094790337074,508.21561465114127,0.001452441069402653
0.09982361657211132,1.2905529700295244,33.36465467041319,0.7942080288194401,160.72547930013363,0.001465494507099333
0.06266867427436942,1.6348597313498852,36.41937001816783,0.5010320360365632,64.42365537365274,0.0013479395464157454
0.09288884948627124,1.545198676602825,33.107264520145094,0.8892132388904583,23.86048869456647,0.001393003695465545
0.10910363509038754,1.700989650689814,39.62743156720385,0.5915215274118346,48.420743184169545,0.0014182296120318159
0.035347088712289365,1.7407747271299214,35.8851757427547,0.07907841192045575,673.7855324310447,0.0012765976873493064
0.15071558849542857,0.8245754474847029,31.933246484583787,2.485831481153432,122.87928709623073,0.001618745509623893
0.07303689366397702,1.6803002604057233,43.31181398239588,0.2360139451909726,76.12275489506794,0.0014419733953025104
0.1214092876410165,1.484690437272138,32.61263673694635,0.08248682648984892,565.5787269251693,0.0014360048403624418
0.11934615319272544,1.5976297884154724,35.446250268072895,0.09155952889562409,957.3541596959757,0.0014305177563399382
0.2305295339264052,1.183133995765027,36.543528542129536,0.2834854818161226,355.2441990709794,0.0014081119956944502
0.404838257791677,1.8671149113340488,36.62880257569773,0.07714957685848374,483.4994047478558,0.0013922184116078045
0.08804810720033905,1.9921408919225654,38.192229586224535,0.39324621009180183,170.52872636415344,0.001431985580724776
0.39017536851809104,1.8817199898348882,34.54082571555558,0.5443769174404095,39.88861800599045,0.0014572492186888928
0.3342695044893892,1.9808239490396577,33.66318525253887,2.968754668381381,31.402704211294246,0.0014974644306077706
0.08124254311869443,1.751998171287402,40.02634802455171,0.13733891956580624,297.0657925942782,0.0012478230728092403
0.29871140665887985,1.7401846856014271,38.12003249004416,2.1863251226661826,599.5808946883853,0.0015731633036173292
0.14069114508146027,1.1490672614360744,32.856651434322565,0.6998587892725312,552.142376044433,0.0015778203654756378
0.17727101903622738,0.8292724262750807,38.12895554716679,2.036827057058951,561.3187346493459,0.0015501981206276264
0.05774146463447982,1.6141936250951299,35.80826665197222,0.5265607059636626,658.873173634846,0.0013779567558115818
0.05090179761960908,1.6344750200268532,34.70221763398263,2.834190526781257,171.98206714231992,0.0013939546312383257
0.09744495001408439,1.7100178793333787,31.644613733177927,2.1021330767677777,241.94707949280203,0.0014028945788993757
0.050635198841999414,1.5502525905337008,39.11104180069294,0.19011140817288025,114.37443258384376,0.0013710625189539962
0.10757370056699787,1.2302739709382944,37.378974333118464,1.8236801214623566,807.7621611961073,0.0014606303506040051
0.14804005556770772,1.198134255951703,32.60729439700034,1.4789668285100113,568.6043120013479,0.0014212069824152663
0.14477053806813492,0.47368801215068285,33.22878323015408,1.5174846091579561,762.463675246403,0.001466264250087159
0.1775208877967663,1.3870903478975911,46.891475994338265,0.6208936425770323,876.80476270034,0.0014684749268634959
0.11877301473584713,1.2958626249339622,42.104101018324016,0.33533825806226725,490.4466187061264,0.001420932528979736
0.032189097411489384,1.646535913239967,35.40641973363222,2.416749050900246,463.2213124540366,0.001362913009505693
0.3617727986961232,1.0643071396235921,40.60108714364687,0.4428237406035597,420.1439387510019,0.001470849414321628
0.2745964098414723,1.5268201243497799,36.5714708468514,0.4764712006331953,273.0914920420015,0.0015131434504262568
0.08863520342754393,1.4556354115812211,45.01356620133793,0.05157630086735731,13.618608246087481,0.0012879005429787703
0.14882798004743214,1.7004890375668884,37.2893668218899,0.36449144706035325,102.50925095984843,0.0014592756862759344
0.15754192110770318,0.6965846237547851,35.023523549416915,1.495789721720473,174.00230709452168,0.0014622895278154678
0.19751375826206122,1.0966799913154297,33.86140788934266,1.2641837947593886,581.460049402986,0.0013891483684976154
0.170057115961795,1.2164738698950341,43.07877667353093,1.2202484474632658,211.956682642565,0.0014503339693721041
0.1979545963292689,1.22757791924633,31.7508227686791,0.5919302659400495,375.18428355411754,0.0014209293560054135
0.4187057136768258,1.1904905956972236,39.534605516610654,0.4954045797948919,744.0952580775904,0.0013980483492170028
0.09438840959192543,1.0781163043610782,37.66512445412083,0.5553863048400145,557.009417999728,0.0012585360519784842
0.13118720702586723,1.4374005700913834,36.82651619183204,0.5059165838117747,432.1594337728993,0.001307208701218288
0.32902842717583,0.9296330083525035,48.805461978845415,1.4780387922188734,1194.4209962846062,0.0014870430928852717
0.32589975068556704,0.7610102252539295,51.28064326356948,1.4922248926154222,699.9633806923541,0.0014424802139541872
0.021437613463242165,1.6008437426619808,32.958999586267495,1.5454999354824084,325.8967290067472,0.0013536033307767078
0.030614348581476263,1.7458524345303466,39.0209184280228,1.4840304254785135,787.5017266200895,0.0013758958423731782
0.31690068920608694,1.1345223233741173,40.759372526887816,0.8037515265948451,281.57603881726976,0.0013675790770920006
0.04954972527190553,1.7674071973507484,43.435342695350386,0.4298242881377226,53.39262901439262,0.0014669105298245578
0.09922004118263839,1.597601439581728,38.85041207803962,0.15794205560251487,92.92015087563078,0.0014159507037184325
0.1733849198227407,0.9138263511820507,34.68727819957766,1.2159685234700082,116.26548337824497,0.0013646688493485102
0.15902614658363243,0.5503171284299103,39.6459704353253,1.0405543546561127,109.88599054055221,0.001351636128174917
0.20966616689820738,1.7735529251451418,34.8484118005296,1.420943052670882,764.4432258468969,0.0013853772910426556
0.09855003201237998,1.8642287338987442,43.46502326596167,1.3434340049222453,870.9893825834822,0.0012627148143410786
0.06489367953946107,1.808399263412665,41.873980477782524,1.9851331158212344,356.8217929986,0.00131715322976488
0.1817641167706076,1.6373074533347425,40.21329453914954,0.7817221167622722,458.28290344996833,0.0013586568938065424
0.16398807629193338,1.1186645760011273,37.03903392201235,0.5630986551698403,101.51218703408173,0.0014184582876055527
0.19392507361643901,0.9610793587376024,40.66617591552913,0.19528221170023813,238.30731890326126,0.001453949342027072
0.1435913700767566,0.9987782470316817,42.1481566806098,0.9656038439365231,877.4184385808612,0.0015129139494805064
0.19102366486370373,1.3558194206118102,40.294067632706934,0.7069443317325106,211.1737595574539,0.0014769715660693764
0.21139339288551073,1.571553675352751,36.534420999272896,1.5434666951813854,594.1487429675901,0.001458055877870346
0.2249413485466925,1.8898742779386735,32.30292402828015,1.3044476006003596,257.798900793767,0.001470544980522723
0.19963052139961915,1.8203752612116204,39.582812813402384,0.4911172304914082,125.67112623622678,0.001452517023981454
0.15857679606506397,1.1081804005503073,40.361823850944354,1.9591792417720413,395.66254787385276,0.001372182329449824
0.13027057675877363,0.9568012929009833,39.66791912946362,1.6414101270981365,502.7643250325691,0.0014045823570951847
0.09605187934473657,0.9533348398065331,31.529950325821098,3.1468218575538986,309.2922901502133,0.001348920363339513
0.30900119861147923,1.4580683285201614,42.41212751239775,0.11752075423051099,446.4702719018055,0.0014082758543881855
0.18100572666948134,1.2148850864055485,31.717089691440663,0.240914174166837,55.3702614196887,0.0013636801584154226
0.15673989206559735,1.4600332099519877,33.46177480193131,0.2457343037281606,53.41544903809879,0.0013575264080410122
0.12460993610897943,0.9277489635100168,35.725066770956,0.9779686921555953,1111.226871782996,0.001551428871745813
0.3131230832636555,1.2200777989113027,37.43797180023399,0.9864673228285193,220.69240647613486,0.0015809394772435554
0.12494015053261333,1.3172630273851067,37.96047725732825,0.1634455611566106,521.4874942162487,0.0013346058103789948
0.18864246673844876,0.9487465924357035,34.81428843623707,2.6091729694605434,457.7575652438398,0.0016312127164923845
0.14798452188819747,0.6565433222889209,33.70778111476986,1.0432505340296323,587.8692470971844,0.0015803412365647434
0.12187907641139069,1.5618847192158924,42.88542182211832,1.224177763395817,307.80360755605915,0.001538348917686228
0.15523191355154964,1.6371349867167202,42.84781399252359,0.8901061166482028,420.7942925462161,0.0015346709985319606
0.17719582209824267,0.9547047835663631,36.11874591712534,1.9206507387906488,579.0539453527329,0.0014586156197576483
0.20041053249938345,1.1952343382418404,37.69840898875184,0.7598658247512922,263.824786082797,0.0015190771449861008
0.08177038405875744,1.6177506925656315,39.18680073004679,0.5004421886259399,823.6349096973821,0.001339276045473824
0.08155214072462533,1.596094268021858,40.10652981589325,0.31179122383096136,1576.4179140580734,0.0013327807930263824
0.2740042935144544,1.7586568542469558,28.966592752084203,0.8277662559085551,65.17656673633408,0.00142793996361768
0.2389967544025378,1.7153018488903378,32.982757487140795,0.6969103642237743,65.41233307360865,0.001412674250836231
0.20810303738706215,1.825995399274448,29.96204011571245,0.15077894019371085,23.025045511864196,0.0014624503956552704
0.04841561432228734,1.9846512011582014,46.846139060662615,0.39513993925851243,221.0043691103524,0.0014495537205673602
0.03123131825656509,1.943953304067475,34.52327249647569,0.32661925308163703,138.45567068082337,0.0014086346115372889
0.026342271715029168,1.9597442561379663,39.82331112903976,0.6120481872091126,219.31669229414476,0.001345582735718988
0.055848236493135354,1.8011028583822446,37.828687304788986,0.25491760540601255,613.7193792432364,0.0014902143267487124
0.1388234130885323,1.417630563473592,46.29426818464374,0.262041234291022,472.96315595175633,0.001407236596430968
0.12520121248048569,1.0654506628938964,33.35800077752807,0.37715412728759234,950.2651724309776,0.001427883631458909
0.04837577254122153,1.8010079977017983,44.10191409660818,0.2631372660677119,49.23820154774042,0.0013737202101142894
0.05799796741868453,1.9006896240026632,39.924291863215366,0.018172583715502694,145.31786558440473,0.0014593657774336073
0.09806439984316392,1.6032973548637002,40.68373385421032,0.08823871691911511,106.21855980529556,0.0015357594886225593
0.03435365689431199,1.583953646774598,44.80699826422889,0.2721612158947092,55.82670017931252,0.0015047862635490486
0.030077081372033677,1.6787150654209642,45.43696228247902,1.238847100833456,31.342041046519434,0.0014072534537625321
0.033347497093383055,1.131277313124668,47.7749976470077,0.5866191282219487,69.36324927984327,0.0014470494303572405
0.05726300673617749,1.3279602155112793,49.89380679509909,0.7298964685143113,114.82836962121829,0.0014717583150312085
0.03209082691110915,1.687803162254757,50.50022790322179,1.2389887437580065,134.14656736445394,0.0014959247310922428
0.044747515895351093,1.0346563726704108,49.34727885830152,0.9184001124439765,49.674770723031216,0.0014031170016571945
0.020748102808777466,1.5941289077982053,44.871631781576504,2.538290834203337,27.515548886306433,0.0013539417788258374
0.08430139103048111,1.5805929672535979,51.46764088510273,0.9681490136786568,135.43631150119347,0.0013697320796539252
0.11679716647913485,1.5570959387973748,52.14257814575459,0.8647685236403598,65.32111847965763,0.0013882183218563928
0.0872742883201618,1.541266295042344,48.47421352861915,0.7134051147834224,406.8189750022636,0.0013872899781243423
0.15014829850834724,1.6981599089080057,50.006176856092196,1.1753709228910232,811.6929609807719,0.0014342300439126327
0.30131436379367876,1.8486364359518286,44.75528149601517,0.4972175233602217,632.6647800826936,0.0013742510271171338
0.10078959981770613,1.095343795652828,47.04766250196577,2.610065035136807,385.32880958549583,0.0014545895699177467
0.05976605575562209,1.0782987656682428,40.486864386657615,0.6173611340759,49.23099733755374,0.001337450764238502
0.2241523408660071,1.157736302408663,36.913477719022616,0.773263734110534,36.34256651574377,0.0014278281849940387
0.20485243034489375,0.9794942227460776,39.55367414016638,0.2503838617937627,71.81312300554214,0.001519577509803689
0.09453166497353359,1.474351136661408,39.290259043549725,0.6739569288945552,206.59345329454587,0.0013931737329804345
0.11028143172441698,1.4608556398044417,40.249083033770816,0.7267130146604108,222.39478623634002,0.001387309498288924
0.29001468222692006,1.7412145930019458,34.823165349686036,0.36901333894422,493.2296376978227,0.0014232384876897027
0.24345035699335144,1.8326422154916315,41.499780410466094,0.23356407321340214,418.7716199431985,0.0014140088095714086
0.11980211488807943,1.7120806778483622,45.57531253320724,0.4628014310568986,472.49425742292937,0.0013544063473653438
0.18725383006072177,1.8115528427402496,35.40778484137334,0.09303976866854896,722.5449555154827,0.0013790563169830173
0.29985394098237084,1.702893791867678,37.24687199400408,1.123022764419934,741.4269042758884,0.0014075897090297944
0.16511878695167545,1.6787324350963544,40.55313292389388,0.5837444405685291,589.0410117660082,0.0014015349661193523
0.07978450250156513,1.0776214403713742,47.00760487200343,0.5087214204490582,383.0565246818868,0.0011942866181484787
0.057824167827125766,1.3849529082772827,47.84734626954179,0.7910549185921377,373.18138343361795,0.001207259242220844
0.03326868021253284,1.7757792525625382,51.91846077970426,0.7950487324977598,658.3174767716488,0.001588328345023086
0.2681963208283314,0.8675721428740576,46.117587453862306,0.9884824636598704,724.8100449754254,0.0015350650986514108
0.15214915726144854,0.8058697841464809,39.58343918280903,1.6326074180488868,321.3421268623695,0.0014344331100211438
0.13218695771531822,0.7278689622746501,37.71318957842276,2.045968626685246,347.62423028115813,0.0013585130320953893
0.10653354810504585,0.8986147751821121,43.26017239404471,1.0674625528756427,347.809087089765,0.0013684222559176295
0.30451244390224314,1.5775645581666946,36.24206925514219,1.598597924033887,732.577489767403,0.0013069781897223033
0.11844904704944677,0.922355893747521,38.04162894948666,0.6182556495780073,364.82322720271935,0.0012381383083069832
0.29920206958095075,1.4205588140693548,38.575895384698306,2.1209551674847873,902.770239180069,0.0014093774509612955
0.07175591213551374,1.0727463489748184,33.0051214955372,0.7338621713935553,439.3612078211275,0.0014696937793983755
0.12963260228483298,1.483209436335633,40.5584054668536,1.9358609085469705,229.7367424123722,0.001503476175518246
0.08129930277378361,1.3649948711182682,32.17069008871406,1.0538804367968702,43.9607783692129,0.001346224793769727
0.08552818837130906,1.2170372590301093,55.28094942949729,0.9746003785328236,242.29769455724892,0.0014321266825886238
0.1275330883497466,1.218590890396308,51.48777940685249,1.2426095378816526,208.47833145736618,0.001482525718342927
0.2690315492803906,1.7258146490714414,45.80935236164491,1.3114979836525475,681.6212472197552,0.0013527175410542184
0.16241091798837018,0.6546966011000666,29.575634501446164,0.9496080534498301,426.68481152767333,0.001474488088457159
0.2556896335706542,0.7415356094218797,44.68388259414637,2.7919632500231164,243.2544422327637,0.0014775074312999574
0.1374650539346777,1.5508088851071988,34.88756019515981,0.2042262492770829,571.3508444227591,0.001317431217351652
0.1657043366819027,0.7008971354538663,39.942415895573504,1.616078650296907,260.28194533828764,0.0015291005026288273
0.19503707774759002,1.3953807216207808,32.42743255891046,0.6359417956257459,695.2389612727321,0.0012894757169074765
0.13724784760269432,1.11190138005533,35.999618768836854,0.719738642293239,347.22005385462666,0.0015538624878621392
0.10114606695364214,1.4222711370598842,33.3844408145003,1.0890037090470703,495.54519876313714,0.0013708534371121637
0.4387101304709788,1.3497084271563327,40.92267017318822,0.9759102111362782,638.3483154185524,0.0015630643601326482
0.04137463675179716,1.5621932346158487,40.94934765063552,0.8608478492357496,507.6294550964386,0.001244358174600215
0.03710590209769461,1.536321675393857,42.05293596912236,0.7029362375243544,539.637338823676,0.0012541024767522158
0.14029645960848944,1.2566074912607161,33.508117641357806,0.0040079254467922645,134.3355977958121,0.0016247693061901235
0.27268097345029796,1.9137678655439607,41.60180868267579,0.033942155970792844,84.31582219528596,0.0014214739798897075
0.029098115517826494,1.5350697622720584,38.007186655933765,2.8193878254935063,355.30934797736626,0.0013928432619347525
0.11596089532566929,1.8672916743829988,44.200984244052385,0.0574758274379052,278.1500927386319,0.0013500843440075907
0.06990131390171157,1.6903314063889263,37.40068631991554,0.07587691694613932,188.23157149980514,0.0014603076586286938
0.10330869975386672,0.8902868309309009,40.8308299042437,0.5885123339456227,484.6025839489054,0.0013237939260941146
0.1687277999732927,1.6394463219644024,45.248661372603735,2.4531454181879875,372.12968343533936,0.0013681189839783296
0.23484178627135688,0.8426907110048728,40.48262120636551,0.8431615587478464,221.87790721730718,0.0013817712749445593
0.17204456381341635,1.4329454388253027,34.871038746939135,1.152446690674693,990.4526571046199,0.0014276540612866249
0.29952370753725865,0.693619986704421,37.44737757916364,1.1552876024839747,456.12663803131136,0.0014641008214277451
0.1262566605203028,1.8164945991541204,54.14715015348869,0.2923735235810366,686.664545694178,0.001510446163919706
0.12363744574929386,1.4448798984664355,56.22966118104459,1.1882930784892736,1037.595712225741,0.0014979634179588725
0.12125809163517219,1.4255310099558003,55.48180779744359,1.342269637740192,1027.9318868676453,0.0014986341842748792
0.1280628267171447,1.3800338623422015,53.53068666052342,1.2051252827501273,337.71125859848917,0.0015744209124993994
0.02166880257649058,1.5778614829347986,44.19257257062374,1.3801495901239083,772.9134484459422,0.0014744533610185043
0.08822608860611461,1.2357425312866377,36.899104573198414,0.6641773764643886,18.061852693751,0.0013961954898430167
0.08855440395876643,1.2185915343826366,39.30499540559073,0.9906618873065002,117.21075519043048,0.0015916293742959612
0.115226634434927,1.2632950021742277,38.71616577843787,0.12132346116963874,133.04423075528177,0.001391497568161281
0.2362566590536,0.9129731382457447,42.119903083445074,0.6805470363234551,415.92743219091557,0.00142137088612589
0.0738748707029645,1.7594544219541877,50.9883586151103,0.3944291982182569,473.2254839333935,0.0014886981913865725
0.09457674273626596,1.2974125528050315,54.695669545226,1.937256566828346,933.2800126334876,0.0015180486328738065
0.1437558883147563,1.0533735485749076,47.88586212928645,0.6723746064711746,257.21653765444336,0.0012708752268423863
0.11979573521539358,1.4292629358238174,30.606350513379528,0.2589259502311092,445.6285839755179,0.001298452423424433
0.0707808250681016,1.6499988935672831,46.20411635862459,1.061170147454453,406.122332095054,0.001335939730658822
0.38740454903199323,1.046886832744619,29.843647904854052,0.3343862172186535,661.1406417842296,0.001234975873557077
0.1283605249972061,1.0152409908063367,46.34539225528624,0.5216908790191753,728.1247644501696,0.0011142634602665442
0.05916986433327865,1.9342149883074273,36.29563039902447,1.9015965084527586,216.73290615170328,0.0016731660749580888
0.2613469771167317,1.8719405878112023,35.4108694230192,0.401092642344019,1078.4455773175914,0.0014863610079943576
0.28537068595923915,1.901157728274378,41.51974018552609,0.1584044712737176,569.0251522333263,0.0014461808290475043
0.2596935205732886,1.8883439999891871,35.21523500096163,0.09942414261562457,637.2445491307673,0.0014327396083043341
0.20263232519038343,1.6384506309540758,37.98136280253187,0.26808162869094576,497.2823286952251,0.0014746432563977748
0.150651262515388,1.7621878046043609,35.51919252320176,0.26505267712554165,389.26884099563875,0.0015002418496090728
0.17058076425130447,1.2006497562108724,38.12265081558136,1.5373066162045854,642.3598350795642,0.0012685187903851652
0.24184685169170025,1.0858605668073418,40.934216803658224,1.327414460004523,362.0216767466131,0.0014892092181335527
0.21351249800329689,1.1645811206274939,42.422867037451965,1.206407071087914,202.5697898148145,0.0014562445447211486
0.13503776489844693,1.0876919892778814,32.987902948088454,1.5446058873334976,370.11622301156166,0.0012521295363427413
0.16622327094899736,1.382738402222847,36.166729812969734,0.8323337273851599,17.983563871034903,0.00162101627893236
0.25962995433989366,1.3588885621850886,37.66465944114879,0.5960549545069985,25.241840962186934,0.0018039185900138154
0.048611883381698626,1.3536147107416958,36.40224540360824,1.3481316804598116,542.4117766092371,0.001298749501409194
0.03585738006871443,1.2715077609254608,42.571152367625764,0.6701605341827497,1250.0856403574112,0.001316026004726521
0.18419601285124423,1.5717649583237046,35.761903378034674,0.8879375101582516,91.35359913404751,0.0013767050363069223
0.10293736260238973,1.3318394442457109,34.86433786744942,1.9963327770451345,400.2906386988895,0.0012912130790952905
0.2468958090757175,1.5530555401403776,36.21657524932969,0.6235619618064089,945.1371054692735,0.0013385197698167904
0.20608590446253083,1.3386201831605196,34.59463469827247,2.2720064795762216,265.52611378718376,0.001392769606257845
0.1188773139947896,1.4357084554265345,39.23628320100073,0.2517702365087318,784.6703874045206,0.0014516546249283549
0.13962291015743067,0.9329943892492404,45.078344232912535,0.39496878534248986,828.5257153075104,0.001485627658395745
0.048780210736692226,1.7487059687158468,55.71195721480648,2.0073828770939754,220.49682964819976,0.0012372948068762504
0.1222695417293219,1.2354610687449026,54.49871985072712,0.5459360237860889,1120.8313911990142,0.001311561238083346
0.2434418033973384,1.5175670724035486,57.648597385494114,0.7716139723184455,604.8961302866703,0.0014209578281115162
0.10463708309505639,1.5982517562237126,58.278617385730094,1.505876689435837,531.227855010688,0.0014806118034419616
0.20028227942586344,1.608946372465149,58.027788069574775,1.2469147686900943,524.0689641210736,0.0015309112439012048
0.1372709749842776,1.6977770108260188,56.274029273613635,0.8661490783834005,897.5893771774726,0.001557457049319446
0.16590474878347602,1.2962662888789516,56.483057640123874,1.4488007735988446,272.51220591080664,0.0014694588701261724
0.1390238939396234,1.255226657053513,54.83100875314193,1.6947349553652828,231.8021953490964,0.0015088259187224847
0.0585192900612593,1.6715566610539543,52.84962236595871,0.673326231571534,15.19394017698117,0.001450494011243069
0.19354376883823549,1.8896574889844657,33.12290988207808,1.7889045930343956,1525.8511590121543,0.0014068482987340182
0.19759221485116904,0.4446796606297342,39.45423625316451,0.3736429450329636,71.6503477806893,0.0014284413441890504
0.148611193647565,1.9802964162483419,30.303789748989857,1.7205458251140364,59.83960473017654,0.0016239763811754476
0.16474538868172164,1.9796851839570513,39.50667611671967,0.9015345253664477,60.256106848544114,0.0014539213663179774
0.15537801005029966,1.0754469886578897,32.365184001771034,0.814710344483406,665.4211294109223,0.0014517093548628757
0.1718117993206066,0.9954750189967574,33.43902213748748,1.256976403518731,675.3749520206369,0.0014353926840367046
0.14533483700887365,0.9848271556672374,33.603572403496926,1.1773416999303805,736.0341458589577,0.0015028407271158832
0.2119152071107864,1.6843303900647555,34.248246060123066,0.7819586095652434,278.7647261147678,0.001323841883779479
0.2863870105293112,1.4066233867828692,40.66999059070576,0.4561824204315772,395.594777134967,0.0012773747814861201
0.2030942122648307,1.5649865345169105,50.07353535839784,1.6421631359998914,1574.534126718112,0.00124541994278317
0.13929955024930377,1.559029081347888,45.55904360657973,0.7565292288972234,898.1979095802119,0.0012526049972688773
0.07497402869944976,1.7934120091046686,57.44104507249756,1.848497777193788,228.84890717436835,0.0013692984280557997
0.2986966986143473,1.2569727055572075,57.29682002883838,0.6557074550971312,509.35071569906,0.0015195597093790609
0.27653967540076424,1.5176624092863096,58.93966081518061,0.8777439739147802,488.57955914518055,0.0014843319015675456
0.08317600791500959,1.3757636911507969,51.883744998739836,1.5784568206292782,339.2613646683711,0.0012005415451940959
0.3056857114942208,1.4722707599478961,50.008358707339674,1.2593891636138022,497.410720048005,0.001598912772884092
0.34878873961374796,1.1604756727731576,50.98261004065172,2.225808951256522,328.82904771597157,0.001614739031776225
0.05749495609340223,1.7993599046384308,50.733365702324456,1.370681302829575,387.8101561020878,0.0012576673041776124
0.03949486296019763,1.6894106162505946,52.35099079734389,2.529771698841541,408.68215636337646,0.0011590291301608957
0.04394432437590938,1.7313566733041463,50.159031901051314,2.3174589096931086,439.2738693484386,0.0011728141569188096
0.03834841372931395,1.6651941910792023,50.222714815580574,2.034375470078711,578.7368750534737,0.001212581849165395
0.1639445410352489,1.340151555194042,46.68627033993137,1.4314970509944671,651.6062961090454,0.0015823522041014098
0.17650267845956352,1.1840678518893595,46.79453092481883,1.3941179988318049,807.0145014283335,0.0015913341220411528
0.05742078438342674,1.5706942775225092,33.99665377495085,0.5047300864026882,129.06397478699765,0.0013824775065523786
0.06920154175437246,0.9239838731965164,49.39235627527471,1.2870623691012502,1150.6893538995275,0.001502889165894756
0.024313254971561664,1.9627022393684919,37.88816413094347,1.2023985475720609,111.03958859172309,0.001310399264713174
0.2976730554147136,1.6598299844219244,36.48945143698333,0.8189283609064458,155.00174695495215,0.001448661190609555
0.14745489771726272,0.6258358752335423,37.209475092360464,1.6681374842854162,979.8474119707947,0.0014324914245818683
0.13384937118585974,0.5771460820220036,37.53202660563293,2.108749020696233,978.6338648225353,0.0014247683485008166
0.20641821731408797,1.9591391331805805,38.789457327075326,0.3955293823935263,169.77905937971443,0.001381216060016267
0.14036391749266003,1.9903189349146408,39.72446144532757,0.6871573538617015,213.41788610732198,0.0015173680775833896
0.2677189153943949,1.9656161161936634,31.730171046972803,1.840509513837362,337.5686515743544,0.001409832754426878
0.3088190273059343,1.9773475642216292,37.90783583700025,1.8312928867885347,365.8025019720031,0.0012704099687813526
0.2014371461649475,1.9236756506078987,39.51481180647288,0.44998834920035286,65.09081556938688,0.0012205245008213394
0.19174698132193296,1.8957731195085716,30.145163317249025,1.7069520068950617,90.16289454330844,0.0015049562347677428
0.1828032894589614,1.890160412764032,30.002303007096746,1.7525784523136105,87.5312027493953,0.0014992839507988835
0.22081929576399198,1.6642958604568872,37.48485450664206,1.5161790496374534,116.9180667776915,0.0014870177726379902
0.27552866950017774,1.6060106260403548,39.274077784548275,2.047195196971219,288.1772193565318,0.0015379007268470457
0.10032314427062398,1.038972595729137,38.661489835676996,0.5273929304258002,30.66649386213486,0.0014705791332166292
0.08636626943779803,1.495364950237871,39.095093768011125,0.49956330532949556,34.62111443210569,0.0014298030642634167
0.06775144409256312,1.6749115904397314,35.50492465527341,0.09201957665666168,137.44370493590313,0.0013417600289024863
0.029420283299093707,1.2144741044428693,49.24739329120502,2.3169405705443036,1075.4061679290394,0.0013538964761366462
0.08036436432456025,1.735925870065109,51.678673978904264,0.19024008818338226,231.31733589399602,0.0012776764853109444
0.09381900303784352,1.8130257312353293,51.672955693977656,0.1822459292819787,224.94485533219512,0.0012740956805367765
0.08967137177502223,1.862293658322444,52.13597076980276,0.1770198676103276,278.26682722351046,0.0012493263101670538
0.08467688914670457,1.7845370162756142,52.325528178440486,0.2192027878127238,337.64233190421277,0.0012711809696078263
0.08728570216791948,1.7722724431451449,51.58116692716199,0.1855972593528213,376.67320732922485,0.001278664856581954
0.074783584165207,1.790899079167667,52.22863796523987,0.1806718629011942,376.71093886437706,0.0012748829402290096
0.23922199543734834,0.8185788081401046,38.831132950333995,1.1127033456182591,266.5069409261053,0.0015659367933100444
0.20290341704058004,1.2423903154208296,32.68990777459524,1.7841941374349155,621.9839225240189,0.0016652498806096253
0.21067964049101245,0.6308324298168191,40.40071674108048,0.5297229957478571,548.6485620375953,0.0016064673217088595
0.21735262185949117,1.5371871475947334,51.54988484323845,1.9015503096077193,395.0418769080769,0.0013742210708051483
0.19960325762702424,1.4833449007631971,56.04325125418643,2.423734317590296,401.4344952730185,0.001351866995129167
0.19860603460644957,1.3678986375665048,57.28019306182434,2.0666370215694485,404.1501387207351,0.0013489762203444807
0.07058411405881321,1.0818905331525945,51.77748733048374,0.6541526000003257,1115.0435435885645,0.0012111426059828337
0.06490404760017521,1.296083789271408,52.64792769449666,0.8360868009401453,845.4555614756853,0.0012367818090441413
0.1665984611685989,1.2738760857023346,53.49483707519602,0.6452814576138958,510.18555532226816,0.0012959865445388687
0.05277915072138712,1.9324443275995593,55.31105180565201,2.0300622177785024,377.2374685858894,0.0013144449869840853
0.022748742388684434,1.4870312690683525,39.99423264096956,0.7586332919464378,858.0949262097821,0.0014345441568697354
0.01662651286196161,1.716019226603538,40.39858660387864,0.5586592665810968,1070.1936485843005,0.0014278281977345166
0.044887810449746594,1.0827291792528349,42.364308256921184,1.9645583918473182,320.0671040450806,0.0013884381343333726
0.22286483537693305,1.5565650645106897,39.541585221887026,0.599545956389831,736.0635420660459,0.0015229065425816511
0.13022113615933364,0.920980050767848,45.8958105683213,1.2765346529261659,158.4385040507098,0.0013697659871592495
0.051568644246338564,1.1612189281267675,42.10293115880758,0.49790539202570977,353.0292210873348,0.0015447737411618133
0.29855421544615207,1.4894164190322017,31.297996075435325,1.5460189602113317,543.0598393162107,0.0013832400963964177
0.08925325299005593,0.7183919504713555,43.51888708139999,0.5558355818184197,299.84873671037167,0.0014648461204959278
0.2893128433932121,1.5783928230051585,30.945743665590243,1.3149170122573983,24.86128894847078,0.0014222333187215506
0.18937514633481373,1.6283292745549331,39.46549589850319,1.139740745270832,36.94391474942189,0.0014213356503478655
0.18588435042427692,0.8075231888884649,38.492216583740024,1.7946655580591888,161.4337060734575,0.0016444814279689389
0.3236127458341944,1.3135849996561575,34.42031314313152,0.8646990112549239,83.81022628634406,0.0015398851817211823
0.2994052244131136,0.843391286171055,37.443500222125984,0.8258869645918799,464.8556564780371,0.0016626596971821153
0.2182531550511535,0.9865723213494056,35.38542912391027,1.131637991838418,305.121300889531,0.0014942055715208716
0.21964925154706896,0.6394828118354615,39.07501046527643,1.1783462529200195,415.5210568045959,0.0015562129473914404
0.03779680696384273,1.7363224986603887,36.542104584102624,0.9377669769592787,207.03395475778387,0.001406917355503765
0.07395947978305385,1.3003945553339045,32.1185231400346,1.1894769294613912,83.8830762725862,0.0013235088326252792
0.1462757619430717,1.110976278490957,44.223252943138284,1.432522037631217,109.42740195765556,0.0013950437419801077
0.23279265436090457,1.9567717190502025,32.10874970238843,1.2325265442558726,310.4509766735135,0.0014703200975099062
0.09825677250040755,1.9191735250738169,37.95105297322217,0.7317693406635233,388.0157005216086,0.0015195453997230487
0.16385769095128339,1.9788443041920376,36.80852343397112,0.16685056312337862,36.98955391904217,0.0014256677835623988
0.04359104287785093,1.9847041818396158,37.89154546999425,0.10122010102402443,39.0779031063434,0.0014484228895235004
0.055201650569848666,1.9784850292474403,40.563561458003164,0.20621777242595934,40.37845002905395,0.0014155356334051169
0.027704194973494863,1.9655411136737038,36.708427299443706,0.38380940135508573,43.97703624722182,0.0014114963706422325
0.07302479390625514,1.8301845804594443,40.1446067899923,1.4637405623541584,120.86035571876934,0.0014903094819226298
0.08862676654199406,1.8119068804634213,34.48061508081325,0.9942140718035137,248.35031142326073,0.001545982629166158
0.04041894355875495,1.4786301667151667,38.43209566275646,1.044309017628709,632.4508219154391,0.0014115318468889033
0.19376517537476826,1.0780802106467517,41.75085991758177,1.5150738478376886,574.8205625728236,0.0013500230443690042
0.07402338208227306,1.5564502513379876,43.40016692639207,1.5661238143621523,395.3076833572586,0.00132250867095415
0.3748397148283065,1.0169963539399764,39.38192347942999,1.6523722689015639,795.0049043085772,0.001663340202852507
0.20804031093749925,1.0952448232084888,33.067979648024796,1.6139800379845004,359.32984790352236,0.0015949068137526981
0.3276914690384443,0.7159659880264546,41.62244840194674,0.9310399262683225,498.0674166979248,0.0016342477614324203
0.2804049673033411,1.0169944060017475,37.59250713710429,2.8356601603718348,752.1459306695392,0.0016455891034844686
0.30708300820334966,1.037113719038215,37.132547488929,1.6831854661726273,600.4006717094793,0.0016418041517786755
0.13860212496336788,1.15465722248172,33.59029725366494,1.0777330761144042,296.25057027090367,0.001541316156207893
0.09208818364950959,1.037499331458667,40.71803662031353,1.2913795446872673,437.55570214000903,0.0014027551620195411
0.23412849645018405,0.8451604961133381,37.65437994802995,1.089907073263241,135.91852579236888,0.001359074792284242
0.27370685532038946,0.9342977124031981,37.36123465406891,1.5855976649273502,111.1537710464379,0.0013395287668495183
0.23164900253832818,0.9924267573594091,43.969489911357954,1.5869841250414722,173.20636089518547,0.00136149263422879
0.12325711912778542,1.459610440680664,35.74637106896422,0.6486391351828046,527.7315571499734,0.0013338255240753216
0.0754812184098698,1.6267298724347066,40.39010977211313,0.9198380968865582,263.8564716811671,0.0013737548045520457
0.2874214506938287,1.2119549376157963,35.527602816922176,0.04546717864672528,605.0407540915315,0.001423581468759936
0.3901087195378956,1.302098710920452,41.226486317751174,0.3080125060960387,874.05557792747,0.001379391600113734
0.3028105391145531,1.3896904269940484,36.34762658844316,0.4248753485781675,998.6496617158173,0.0013593553489161382
0.1395265873212612,1.557531393922043,36.545394576197836,0.5588949463795706,520.5842580738679,0.0012740948900278673
0.2071859722891571,0.9312618492692619,32.139089910205755,0.15609125177626623,306.1494325023173,0.0014503808565924702
0.14709578385508223,1.1731703320936577,38.834683684493015,0.2644675659576366,483.4229770034164,0.0014629905880066576
0.16943125930122124,1.7059482073473586,34.29002011343563,1.2851189857606027,269.08752681906583,0.0013260840854664624
0.17617386803567844,1.1536863459859483,42.52368603490478,0.6083393924778253,733.7892600923352,0.0015769035982550392
0.21564589764311368,1.3001300517611825,31.81263558934545,0.44482544569814,548.4884155971903,0.0016568615137388313
0.16415737778023193,1.100472621860652,39.23955873457683,0.9297062229249637,225.41938525275634,0.0012527563486472329
0.16380453206791834,0.6854852601915323,35.05420155768659,1.0209384532366772,865.5788770805337,0.0013480473335093302
0.17444773964072313,1.9558050004276313,33.527206937113824,1.0188115287981465,147.72817704618862,0.0013664096618446404
0.08935786435598822,1.9822700523976313,33.27055347140441,2.3367251039908483,42.68046431322975,0.0014604987056290523
0.19167091048072774,1.9846749465393296,39.416860709650166,0.2705147919572795,114.00625114378528,0.0014658055529553305
0.1009340025006739,1.9894053290148583,37.76666111878267,0.14614074936831492,191.8167342717097,0.0014470561756239333
0.07974600652937165,1.7695127211151733,34.09111107679515,1.2033096838694997,168.00721328608248,0.0015662239151307863
0.024448924295654956,1.307132069157185,43.37934760269331,0.5777714149109999,738.7862780719457,0.0013515939137897569
0.06873213341850826,1.2526150427099345,39.32894089198558,0.4657965483627006,526.7676426970535,0.0013874608162428627
0.05451255709047892,1.278277866613333,38.35419103930745,2.0487930598841055,573.1838574208782,0.0013759147444272007
0.013040549339574716,1.8636933488928376,38.22411473623588,0.9981031273934357,362.9871196636612,0.0013391378222451958
0.01683310193896144,1.8917837469180288,41.57217850279096,2.4648449184251047,335.97098243782955,0.0013581709206507884
0.04138565455102333,1.192558095716883,43.536057946473164,0.7949492228621954,278.8415908969545,0.0014837812380292142
0.018087113364855734,1.728694698399236,45.247014579252806,1.5694746321659956,803.5443385811876,0.001526967009115809
0.08956035868739606,1.2701563349261595,39.16847070186099,0.9300028093312268,297.7635806798869,0.0012090027268732532
0.4304487267754507,1.2038014419665386,33.375739189775864,1.038740626107745,721.8023754084858,0.0014265386613644686
0.0564971793659647,1.4229555729479735,40.398451894135945,0.7575193031187472,351.1572652345685,0.00161794652359864
0.13734525666042594,1.2555366002211403,32.18039950479109,1.775614357353821,887.826117164583,0.0015349002794291212
0.14018654182578202,1.241863685304946,32.5984586362528,1.8092214975066707,935.5706414460274,0.001540012157798383
0.1631819443640852,1.017440079055624,34.0440256377516,1.7367832794726479,769.5670051796756,0.0014971750963604106
0.22030148526173904,1.049059854205354,39.406957177517256,0.4968621961824947,262.1689869713222,0.0013930326817355016
0.22302374295965804,0.7336578911933969,35.65274637779246,0.7612908500178629,384.91460001716354,0.0014170018508662648
0.3526181726219274,0.8757177103828935,33.89124440754388,0.30977667966443234,273.18610741954586,0.0013914501946041685
0.23366582857828383,1.1284146558454602,39.241380067617015,1.1213530235206037,358.67205931210844,0.0014205987391317561
0.1098638254754563,0.8295547438846397,32.586065096033245,1.5439682262017942,538.5674311695086,0.0015891532376565206
0.13759521355050197,1.2109287888063187,35.00158687700643,1.07885264017899,454.9520338668592,0.0015315461966415992
0.2251731380869648,1.161744829086539,29.650447910260606,2.0216125659521356,176.7510231744491,0.001497613318772832
0.07920051626870749,1.0444809886202613,40.179143411462796,0.16476875429853846,801.3577152831799,0.001536901118837991
0.06282923383745584,1.287801195401165,43.399777077799,0.15751116222748493,1255.3262161033915,0.0015509081820426066
0.07189200226895179,1.2310096140504485,49.1977246031389,0.8339899677457427,150.1204935588466,0.0014276278188475981
0.08729357395429851,1.6780734357062854,40.07215416985219,1.4083618536996882,503.63405005513323,0.0014387302116926127
0.07882573234767075,1.5888844744862638,32.29457865594176,2.498283076769173,217.40220532333126,0.0014375959079409503
0.11238001151517496,1.6232903041430622,32.934211861671216,1.227510079444287,108.6686995567295,0.0013423611094614718
0.16305707470353703,1.6359141207111487,36.163693452401006,0.36526419519746706,86.78744650883762,0.0013609419015062577
0.19564074157905073,0.8690155625128773,37.014515724445324,0.5944473294060045,329.5031900003347,0.0014187868145040098
0.18616747551774365,0.9162558568583152,38.24803081679035,0.7061859078532884,276.0468453753297,0.001445568606446502
0.17280085547832497,1.7496529836707755,39.317957296248615,1.4013646991778483,623.5246694512052,0.001431340721484642
0.2665404623671604,1.9306634756242862,35.65460071891019,0.6511800345217293,91.12209857949199,0.0014124687086499196
0.09541394360248738,1.904141611319252,31.40850100370286,0.07482147757817412,1052.3957765780601,0.0014639557125557224
0.19448562724044588,0.7339897118868605,38.93048173972427,0.46280164132340973,36.358030495694955,0.0015102961959559188
0.08308271066776612,0.9747140456459154,41.293968732024176,1.7390282015995335,138.77904889187772,0.001380599998766724
0.09612541873160728,1.3539506723573265,32.538487589042994,0.6426996947381015,194.12070631909992,0.0014075414120267278
0.08702876552783533,1.5296891402789703,37.90951123477314,0.48565647538935963,165.91309662566454,0.0013207110967677778
0.3797990461239069,0.7394593825441204,32.75678390029837,0.23195868463923414,252.00088632369918,0.0013187356283508415
0.06775976886327245,1.4861815833648124,41.400147225357934,0.6269342300133841,971.9225195758831,0.0013250016786888618
0.02106031141245503,1.6602558002740944,38.87205942208801,0.34975593949855915,472.81775300389785,0.0012386379380007774
0.015009293841747899,1.9763136711973617,47.49681693151767,2.5793821445321026,226.14561093121208,0.0013028115347414658
0.11280664933199272,1.1868073578338374,42.49501824586841,0.06883329259098044,84.63503178540307,0.0014337736555334307
0.13439573063536764,1.6490155638682102,36.532036853562374,0.8912704837231217,1100.3927278242272,0.0014639474646560599
0.16526260126399303,0.9943918884752699,37.02294950406649,0.3968225210321395,211.9531726576065,0.0013458360463305865
0.16962868299853365,0.9989832070025919,35.0345830358215,0.425864130249532,203.98754885818485,0.0013401931514564211
0.1399049992567828,1.6080432712733808,40.4517354579002,0.20736263842033908,75.14658430442803,0.0013950505481800627
0.11674832268869516,1.0411390629053936,34.042627260692974,2.3664520498610946,43.28667528655799,0.001347125452935232
0.15358896656390889,1.4113476272303087,37.70131713448208,0.14091519848919093,1144.5333046652431,0.0013943636899975992
0.08295051844097458,1.342090291598058,36.39644629432183,0.059022235015003324,769.7551093631454,0.0014027220130407984
0.1533875913718524,1.1757971991671194,44.582604625091825,0.26045143197310583,518.3575720989286,0.0013920135699599218
0.09720123646485734,1.8043360467074832,35.30106240172662,1.3065524366170356,596.6248271606586,0.0014778001782197385
0.18490076170716369,1.9484806849050262,35.24861161434368,1.1181745878567975,325.52080972436266,0.0014457742342090293
0.2099817755090034,1.8755449082771747,43.30786116118607,1.415675133718992,702.5967295667245,0.0014006629988246042
0.23479505989628216,1.865935272272473,51.94761101898051,1.9205300994196848,1001.6702799176403,0.0013984110272357818
0.1629024172753294,0.43111496543218447,36.449251819648616,0.7503956742184421,221.37397045340148,0.00137450908540382
0.315034888430286,1.647148317894305,42.41371449852968,0.9386303496493555,600.9370922270812,0.001491089527285085
0.20569343099887888,1.6872918464538895,39.94286490819367,0.8305527319055346,562.9239026171994,0.0014996129688281035
0.11700849343892188,1.3720104544030816,38.064256265401355,0.5210742850049432,837.511900053311,0.0015027688369712267
0.07676341997231084,0.7360893331254149,37.1260331633216,2.309875512322686,982.7577420576202,0.0014330262624268285
0.015317932168112922,1.8869877416677219,45.352334701220336,0.7232198220331135,147.38673670103174,0.0013383298815891208
0.14876051424921466,0.8542247481621267,36.77084338223287,1.2208121420263411,659.1429592394209,0.0014808402160295976
0.15405323596771273,0.8241875971238471,37.381817879070525,1.2791022830204521,690.504449744138,0.0014748618858522297
0.10796417281025912,1.3215012720423673,37.083944599499475,1.4536273828112145,290.1788183184942,0.0013585168407520567
0.10986834825796118,1.100940014536035,34.275498158962755,1.4773078344001842,267.94536260792836,0.0013696745470156368
0.1595384569082187,0.9766340324837048,38.19333845012884,0.5372212697010336,272.98390417442744,0.0016817502226161942
0.05578920285425464,1.3102244115718815,40.93910911541895,0.314237619610961,155.14859530820493,0.0016811950442147344
0.29415356184193925,1.419179046143277,35.7879778479247,0.13838460228587815,4.248172773132797,0.0012371075314495203
0.120849522933549,0.8156336937609844,36.44883896664653,2.5808266173840657,43.580153363107605,0.001474417194959193
0.06307075580272603,1.9955336160016652,41.12732831135868,0.06517260489574622,53.78214239888421,0.0015089913045276031
0.09252595331693819,1.9916184388657985,36.688212435876885,0.07201731617709255,83.16946726896184,0.0014624139817061789
0.08414523394622252,1.9913401076580357,35.66312089574393,1.3119161398187036,105.65778073330937,0.001412639681297892
0.16103197235703298,1.9914962975413126,37.31964577649273,0.3871263330206882,91.85004322491726,0.0014446946149432537
0.1869990171821637,1.9900062724805805,33.36976232503551,2.4902451611799092,959.8918505519049,0.0013066014881405697
0.24435838694121045,1.9554589658315458,35.37253438288575,0.7327617918155721,347.48216005587614,0.001329242841163628
0.3941626939544333,1.8885973117720458,35.993440389480384,1.0021173931572596,401.3291507083756,0.00138752489195275
0.18793295210877228,1.9133549940283756,33.1987733718093,2.3559984454571725,238.9763005078408,0.0012520842008927682
0.17966667245637025,0.6588205891499312,35.241457565329156,0.24176271022167634,624.1679902957675,0.0013959957626484792
0.14148487804089802,1.7495925240725405,40.916272674986814,0.6093100917650067,701.2963410267731,0.0013496882035478933
0.1762774159703814,1.7766753072734556,35.74819690779545,0.24292206589686705,1263.3119666192856,0.0013229031727415024
0.17682291239646902,1.7222220652770053,33.52577120533921,0.7500746883125788,33.72364347963839,0.001448631447022144
0.20323278370591533,1.7263948086580088,39.744831822222814,0.8213921416821499,64.16301590132252,0.0014180634235042395
0.01491078685510314,1.7847917012530614,34.738362687118865,1.7112066970449582,39.79519518991246,0.0015875563285136197
0.07504470252927614,1.9461739635455562,40.08890485049141,1.0385985889298934,106.05095025058382,0.0015955638165795274
0.036224885508643674,1.5560929996128199,40.01451551812186,0.2511826228216988,488.2934113583021,0.001506331941591409
0.046732740429482555,1.6776606083408865,42.34715345245553,0.049141758279345436,174.7975173506555,0.001402963207740775
0.0438081840366909,1.7583694843350863,37.810035420625816,0.19417025230631468,169.04749218299688,0.0014739693000433516
0.2370001621709246,0.6201201963182389,34.67528272114727,1.9708063179439477,256.7406739358916,0.0014122457980070661
0.15900300098476572,1.762953079175702,37.724592474208784,0.48778984869838254,993.2645664847067,0.001411701364110997
0.13579461539517695,0.6840808737522894,38.18113857787125,0.9486276223711686,152.13901124287977,0.0014891950441918143
0.23699881835664954,1.7481321707095305,35.48357122832054,0.35215783976671516,190.67751250561471,0.0014493116324543185
0.16268519449035226,1.723570043449929,39.08849964518343,0.7563246238682801,892.4850475303633,0.0013573509030231946
0.24312353516384244,0.6544153760734314,33.83222959331414,0.32988452597266,261.32790419546126,0.0012425112814752415
0.15494266272185692,1.4355176597597579,41.667437593148236,2.0155312566636865,1068.5373520014405,0.001571140480439375
0.21717268169037887,0.7447452821101681,35.963582288553944,2.308582396654158,715.4841190287331,0.001500708190515896
0.263183686350738,1.1571491465213195,37.012430640804936,0.5417498955927417,417.64593776720903,0.001390475795215139
0.1842272796351987,1.0425903069977178,34.98311899302342,0.1986044147779395,267.4551122072604,0.0012989407604053602
0.22349126437933753,1.164528085041422,40.02454666223591,0.2986756453194927,792.6213036558163,0.0013900444943262917
0.25461633993287497,0.8300256300599412,32.820623600793596,0.5261123667918874,367.48298517176556,0.0014250318927550663
0.04220030499135852,1.792974422571995,41.93628186023138,0.7813930797962682,533.9750909983118,0.0012701784167058702
0.07452247984988829,1.7587953590227,43.787237857878665,2.142110316764181,599.9170804206866,0.0013469753304392027
0.06990063576814959,1.913107886700656,49.84315366496753,1.361383792301717,683.9364714005186,0.0014187881118105632
0.06341981622893206,1.8786392247850299,49.75883113338868,0.8028772745176331,438.84637604566154,0.0014182823769645593
0.09684723287707873,1.316560268474827,42.39149990353018,2.2505902197116243,468.6755498474179,0.0014376721805328487
0.12024620663620271,1.1719693711916717,40.8662105514588,1.7468532465330318,462.69930703729733,0.0014573685332521405
0.06750940249707774,1.770121919952255,32.992219051592365,0.5043494428304337,326.35916780099626,0.001278496720362355
0.24288911395696386,1.2718030179901167,39.63493217329747,1.63166612999038,413.37729824750534,0.001298636377714271
0.20960402028078684,1.288214968314483,39.02821156575044,1.6211249959789162,414.7799633546039,0.0012948657202303188
0.16458288096622534,1.0847742869184518,41.43251019988875,0.8168805335091469,166.95590977976937,0.001471057105417433
0.19450660191245692,0.9075117759634118,37.890644353975766,0.6956684848838528,249.5551932259952,0.0014594041265277831
0.19437730682392915,1.2513647963220695,34.85098848864126,0.2680667697410966,661.7957976042264,0.0014177074030955203
0.05619835639862813,1.2684338285760566,37.744467439686375,0.2788329494621185,274.5267991782026,0.0014243704700293409
0.09112507117872119,1.3200258450757814,34.29651513810689,0.39946881020597313,487.73976313329223,0.0014056350052880674
0.06643198664641047,1.5590319625754239,40.04855953424497,1.1520109994212724,435.9263339201868,0.0013971988841174755
0.053494495436114786,1.2350131921274292,45.49017554418801,2.1215134688472497,1422.116649321963,0.0013915219888139692
0.03306858605031605,1.1523753661485965,36.42626270162902,0.9284292366383192,475.01064953817894,0.0013608574741771694
0.045572247321723075,1.3795347767166237,37.07547603851972,2.7522802079934197,444.7556161675524,0.0013718439287370764
0.11340183952844435,1.8184312768231323,55.13674182058548,0.6484136690776824,119.82656799622688,0.0013256191776190038
0.017057143804371223,1.8756786582805116,44.80386957103889,1.1034394078428336,355.25570490107225,0.0013254178576904904
0.03871376358047186,1.4950580329701955,43.149287990521906,0.8478639977241531,138.6243921813132,0.0014017545212311913
0.08648121989615154,1.0961565534257034,39.286975086406144,1.5939007362835174,54.076208574813016,0.0013990037579746525
0.02541478291301428,1.3237987456672982,40.47693396101376,0.9062454880025869,504.9898021137937,0.0013223153415121564
0.09887962380159333,1.4955753977058655,53.97429757459898,1.3709103780259158,689.6512630306473,0.001621943174377778
0.10317891333090795,1.5293206287039898,52.87395637663593,1.4530812589312383,681.2164029953921,0.0016261375341057702
0.0913418405043448,1.7059471069247971,52.24143519405501,1.3285587129751846,882.2556001052213,0.001654565444627005
0.23987409145544691,0.7866242863367002,40.192813231888124,0.3095952144009209,398.3188458009758,0.0014743810597998468
0.20910970384677915,1.5843053873078272,33.16541499262843,0.7621281100468613,353.9564121036043,0.0013962990506426807
0.24628326067701906,1.912815539276728,36.773440477916786,1.5420388006875867,104.70736543890395,0.001313912494854374
0.11967176901746758,1.472256757763013,35.34209038959536,0.5946107650899688,526.4850215708111,0.0017547106119085037
0.025492025704459114,1.3025642775079784,45.83908079870349,1.3559878396210698,430.7120306313025,0.001290676260802199
0.09354562150674092,1.6111262111656175,53.867574504115325,1.0266961082718924,303.2230418861999,0.0015505317961223395
0.2230101192768021,1.1865168649861866,29.127363467613815,2.048077801093631,598.2878215747405,0.0013035642234379414
0.1203810993563572,1.8875561880349065,55.70280307517858,0.9205695762277545,373.04001441356337,0.0014936187430919495
0.13233322515765308,1.819083815970075,57.88075158149926,1.139776582932252,857.096036238114,0.001512423590327969
0.06750984615438957,1.231278028448096,52.67348047881502,1.2552187812891928,39.34366915625122,0.0015616857864275066
0.06877144999397256,1.6296341238438243,52.4230869726539,0.48907663694209247,106.14201060338897,0.0016410223467385686
0.06078143455973854,1.4103111307567773,51.47910575558276,0.7186629182350084,98.74550244902962,0.001596782132185025
0.0761314771258501,1.1459194491730593,40.36794052433461,0.5356340198037188,634.0896398073825,0.0013959401757692195
0.04293257427108388,1.3075805729123753,34.2155972217772,1.9359682381900498,309.37635334041084,0.0013237939092319686
0.024041531784307228,1.5677566618665495,42.76742069911761,1.379844587517027,1434.7378213078573,0.0012501871272826218
0.018079103509696777,1.4485141758586926,40.38731231598909,1.42076909679401,248.62617233848758,0.0012412592516248975
0.061160591928633844,1.396118704275455,54.302388236782924,0.7957895916024577,773.8309023796185,0.0012838894586663235
0.36339158451923215,1.6705178495398296,62.262262328501336,1.8279647379694952,420.69876821261676,0.0013300888808214766
0.44121638939349783,1.6220232735403273,62.54756549124661,1.5079575815789061,286.24543666001875,0.00140438939004913
0.050725323184302895,1.3227994405452905,50.09037217019418,0.17769499125910088,512.0835905857065,0.001334673055034512
0.06022351315919192,1.5131596143703663,51.0873402117043,0.14304213036863359,405.8650656636634,0.001274803377498405
0.059240596378991574,1.339815319544834,43.67013214406052,0.3411055198493434,343.80660966731836,0.0012740858590029715
0.033821535714433186,1.7217780703395966,41.63040336108797,0.16068687041468405,314.95349362470597,0.0014221341139554265
0.04055854961853973,1.74054457447067,40.6854521815986,0.8685593778353488,236.0385391570227,0.0013970966992439952
0.03776895974122664,1.081595215927683,36.88176808056734,0.4889017560344006,258.2361265738276,0.0014139263077826414
0.07849925690543365,1.865486809993849,47.91673655423116,1.5761331251840476,546.2473279375635,0.0013081399082180546
0.058983027411159406,1.8727794802945656,52.152942279969864,1.7536708692954501,814.1456348078702,0.0012591543799506681
0.24828011657108615,0.6447632836727587,29.993403965349646,0.8570925143332254,212.20539943237426,0.0014551098173786192
0.16481230409164402,1.4257787955479546,41.479542613491894,1.2165097641234517,816.4891195759427,0.00141411960143619
0.14285540157649004,0.9413189004148967,35.494456200941606,1.2399190693868944,379.09151516216843,0.0014706686820871802
0.13597161005139607,0.6130422117131712,35.5800946135032,1.8986166141457788,344.2481050765743,0.001399702166792274
0.24147843769427108,1.9298399075915693,36.02237060585258,0.70850750484355,908.4491041041429,0.0014961752646459865
0.20544804370407063,1.6725136823053512,36.55834439343263,1.2192832252750636,578.3586355187888,0.0014159119887051633
0.26102783683982067,1.8104318002512694,34.729855615902686,0.2777634523810654,498.8538518181264,0.0012387144862772764
0.1723026824090537,0.6976153389285185,40.11814503578379,0.05248846080087101,398.7486930996756,0.0015395619246583816
0.1617920504058513,0.7914197466249648,40.834579288490275,0.08416018269375719,448.871250680806,0.0015582270277654355
0.22525561335630154,1.4463760883736168,36.79330876763309,0.08783517638127872,60.9558819044777,0.0013864081634455889
0.21034667231079043,1.4465941363738066,37.227593344838084,0.0970829171087851,73.4869264016295,0.0014028929640334414
0.0639534968454362,1.650462939481239,38.00548322925357,0.4326606080122581,861.7088196037607,0.0013705639018206618
0.16312689652344622,1.0520725857105229,36.86892180169389,0.3216404223008037,461.34616338862725,0.001237049102626756
0.22794978978989566,1.2224308297161672,36.21772814944101,0.4735241575552418,537.2781742269203,0.0013006244365775421
0.19745960240487442,1.2031953601017846,42.61422784487609,0.24441714839803028,356.9114074408271,0.0015512322379645678
0.0508466926452993,1.4497790015186134,34.558849193197055,0.2785830040092083,950.9340675503612,0.0013999553143232558
0.4072072735126524,1.8314460742998833,41.489638976669724,1.4619861002887113,120.63467832921513,0.0014461625158516491
0.24459140868998303,1.7126517759968938,37.67903998136492,1.0463561244913193,303.30992450400214,0.0014906240341802015
0.3812283898369394,1.715673789962556,40.82364367222108,0.7917438819329812,93.10069022161706,0.0014816287869644173
0.06513572212869642,1.4085431603198326,52.47803350429038,0.5990386693652027,500.10786066139576,0.0013061031524316442
0.06084969573434383,1.5799900553863802,54.14458465672487,1.0374080553005403,384.75470856888916,0.0013309049189902478
0.06348710974757193,1.1241698159662783,51.936083850963655,1.085510095626221,242.33146629966188,0.0012917614579773563
0.1014021059505615,1.2489323602089362,55.83451873291269,1.7064569515028136,185.82765965687818,0.001321883610074355
0.06850880448977215,1.4683633687306723,46.489084045695925,1.1016781425713467,1409.0577900871883,0.0014901065726238226
0.07837710488678543,1.7830223298279262,42.439837609180366,1.1508969319531772,52.79632161630511,0.0012034587903593222
0.12070410420605886,0.9033808666349133,35.45057985503355,0.5853957570692142,72.94390825684971,0.001395918349518634
0.2460020414662138,1.2861508558046393,42.713980772908,0.17076811780815063,104.41601613193345,0.001401438540723564
0.2771887341989717,1.560949543536291,31.829105005767577,0.0766317097827216,85.0131048067256,0.0013457761005457032
0.041473115082185874,1.5245401475992326,36.392878815273434,0.3390100303109705,750.688854165993,0.0013926904779198112
0.06428573167866618,1.6071947878068047,40.51191243372802,0.2484781224385347,612.9323533885213,0.0013970350762389956
0.08763428344471913,1.3616420538426193,33.1215098221094,0.48563707373797343,536.4083220004684,0.001538666551323362
0.12932320651531426,1.1816558261841572,39.407137700028834,1.4339109098252933,468.511084022717,0.001534946394095743
0.15578631016900663,0.8207989693521074,34.392632077245906,0.8003089394210042,1227.1069387747266,0.0014412220237626024
0.15268125767245339,1.3935196367577438,32.599857044486065,0.834447962734569,44.78403144493572,0.001486447509811857
0.09768401086137268,1.9060900302422512,39.2821221201526,0.1752859467533203,229.13218380761435,0.0015108690595833478
0.1546661704666343,1.8099481675043763,34.499666710945384,0.7039080590763634,50.450863431140945,0.0013908581781082742
0.1289619115022204,1.853127258332206,38.47941725022109,0.864301729905164,106.32368179419723,0.0013875774043112274
0.10075998827551333,1.9472846812993,31.020494398837627,0.73379823970945,98.9872028551787,0.0013512299994269908
0.1595326149019056,1.6746773961227177,44.22819426087865,0.49678889263494774,40.29701591036665,0.0014811627245761507
0.045190691816410666,1.0725294101520868,34.838326189752955,2.017353340708584,329.67973250887314,0.0012981084781432599
0.28175673778599675,1.3001780580817035,39.57900130169972,0.03405297003291711,72.05612079217464,0.0015579988117712254
0.2499591628159166,1.366721260848845,39.50897555452886,0.03117654157523342,76.56746371887021,0.0015569040250685692
0.049299949509818385,1.5612201519741926,31.895557135217377,2.8479959067277876,402.9547794666778,0.0013415940571415892
0.1056290262217101,0.8524026508625605,44.02817096409397,0.6876155656114014,305.65665938311736,0.0014275320436922436
0.132437054134067,1.1903813704904707,49.7832812673071,2.1112223873119045,150.68089529431032,0.0014396037240368908
0.18769484498008884,0.9891791117935653,36.91518820885367,0.5792393422756827,278.2595459132978,0.0015501292212002419
0.12663191961378062,1.1589964498313319,37.05075313911993,0.740243168226574,262.23748637280767,0.0015250622157399224
0.021997326366195374,1.8229257483252226,39.28253159617675,0.726284727278313,371.79762036887064,0.0012827975865213675
0.021493477049267497,1.947620689174808,39.51359185551325,1.544325596555,251.39972185847463,0.001229220471160878
0.15398903289272983,1.824225013114314,34.408853466788294,0.7878980868446889,289.9687191707307,0.0013916844729771549
0.21041638090837061,1.774657355646435,34.752637099114835,1.0704629599691264,804.2242916653904,0.0014309169452688345
0.06810587165743029,0.8337569903375838,38.805112622141365,1.0434021091283623,352.24111290013445,0.001254994975373093
0.08066874973116046,1.1059761073705598,43.97989279825917,0.43616095305333774,677.1776512329052,0.0012805506041096855
0.2053243240790166,1.3662319808255632,52.865857384731875,2.4066586833228194,566.1844733679006,0.001349576325011902
0.15383308858125466,0.8433896094837472,43.751653093873614,0.8743850563479917,627.3590594886551,0.001370771773094404
0.1602222163183224,1.3047394147449571,33.01224160538506,1.9627934467893535,564.2858617071354,0.001291632255815904
0.1567737395976219,1.5647526490146806,32.85385148576929,0.41400066857047263,305.5893663160411,0.00149089277461356
0.1827027108353237,1.9024638266390492,46.10755917542254,0.9758351436487278,896.0511825706188,0.0013227608966008492
0.1274373021095925,1.9843729504185246,52.22439511450178,1.467587190800718,624.247654003206,0.0012599339045283324
0.1578590815694388,1.5962403590612175,33.528862993683056,0.2876607692027324,467.67715334379903,0.0014684266620783196
0.15420519160705876,1.4557105330400966,36.848743936135634,0.044326484907362414,316.9628226744864,0.0013861351739337324
0.108027780250055,1.5845572581351102,32.51299389256034,0.036935634787493565,337.5789498658721,0.0014320458852803712
0.28266575057521226,0.5711074314734557,44.82022224860174,2.625665169692311,642.1524097919079,0.0013530272596019325
0.17903745670868362,1.8002069707532555,31.239514213520852,0.22273614766849356,319.6204150975896,0.0012521761999819431
0.26811336206024267,0.5504091246243394,40.40829768388065,2.3687069374638194,832.7595768861437,0.0013127833822173757
0.1685970635725429,1.4544415632538186,37.46304372045622,0.8736276589579144,474.9143620941807,0.0013587670145425556
0.13382627857964474,1.5701547555465736,38.01074705767604,1.0489011433839144,436.20159974616314,0.001357583356400753
0.19681592283845456,1.4170251757871584,34.28591624782205,0.9362194007239862,404.50480642683897,0.0014326700513146206
0.1926666248281879,1.2138587528677534,37.96226344969998,0.8557819985579307,180.10360972977492,0.0012766884867901737
0.157749998531073,1.4014667628241357,44.60694558758306,0.8489430351142933,661.4204885409255,0.0012897854380739269
0.2555285165937788,1.068197909357084,34.277864050373275,1.4825555853985386,390.5334840654238,0.001421664951778764
0.07199628400861174,1.1869799777570678,39.93785201227045,0.7006495649723863,204.20124881908836,0.0014249635482540238
0.09147974810103135,0.8687963377597998,39.36004387022666,0.8519667276437825,160.5563907453069,0.0013112071327197933
0.21024114857677348,1.4131016378331285,35.97689554125191,0.5316707980532471,697.8542918510744,0.0012957856049423005
0.1798000571479528,1.706272415852859,33.24740776873193,1.1628652070323864,295.9590518706024,0.001517998562985202
0.1625047286992682,1.3672377728085288,37.30169451659293,0.6423868430392614,450.85344326701096,0.0012667585405226858
0.14590443645957132,0.8079922923512929,35.503394864687806,2.4762692277841305,787.0255465296076,0.001435990039266643
0.17641619502106684,1.3226908480192239,45.41844616409878,0.08175794358949653,373.5152884339617,0.0014349657635077055
0.11748571740070551,0.8790663538112322,42.381183099852585,0.1599182307112505,780.5241544042435,0.0013620068560002705
0.15713790651769324,1.3773195538706595,34.64340556506663,0.10898322158431917,398.60588357334825,0.001483569173963094
0.1455362238107085,1.1314912316924373,43.96265283625983,0.08606674814016642,699.3602901573154,0.0014856371022664778
0.15695068648609453,0.9640094650219337,44.861063074235574,0.10389684094585036,790.2068598694643,0.0014875157675668955
0.10745374959128798,1.3885989771351448,34.28484770137275,0.05871488664313522,216.98289031620317,0.0014890371418146454
0.19693077841187726,1.6884004553554626,35.57019011957578,0.6276066315684118,213.5416223133093,0.0012940835753689497
0.03816277628939368,1.4537225860754928,40.74396817709831,1.187420378712932,274.9491337224996,0.001354551192429881
0.04786004800167601,0.9128447170351404,45.614595036911204,1.180007122303913,335.44100333632525,0.0013915427409014526
0.20699797766283148,1.3952787407086038,31.41721826303804,1.3087173555288116,133.95280502741815,0.0015209022393763976
0.21324231643120173,1.6819101245631052,38.191424887555804,0.9576059961166401,60.38994075282744,0.001323163153561088
0.1584407184320114,1.4029727681087107,38.18649559628283,0.10151609699317105,383.12013835197024,0.0013897291945031936
0.1287328930423883,1.2034229222049981,39.72231072099703,0.09845198387206525,895.9155704325495,0.001394373922895281
0.10480925457887841,1.2161975886492145,39.54951719718389,0.11110576326158761,582.3730689990614,0.001375952070334238
0.11675445139249199,1.4310341625120357,38.04568963803736,1.7687597004521483,221.77927440861345,0.0013679194351951007
0.07598225198856853,1.39226672999109,35.78101769379657,1.0587298141727337,788.7984079459873,0.001429054623044068
0.320575353990307,1.3392133324740172,42.37965574591284,1.452495894660843,109.35208143219688,0.0013270285544232478
0.28191807937223057,1.3227811634005062,40.930222680204324,1.1962590915599953,260.06914012604364,0.001371392858704025
0.17020539716492114,1.5836763415067108,31.612439772274517,0.5077790632966248,552.642360639073,0.0013193250376948209
0.14291799341328768,1.1513682220316679,35.27030150919366,0.31292809554461365,383.74929921076557,0.0014497951124326294
0.11173548755410895,1.4076742422663309,41.53536891877287,0.025426424080521797,630.4733727358507,0.0014057571744830971
0.12468396733381248,1.3300730511854322,42.32996724100668,0.0715295431469519,536.9189312018932,0.001445754453521904
0.16696750413232234,1.3505644867761832,35.14360106425784,0.02069402649717036,778.1214325674605,0.0014842290589225898
0.2671123572167632,0.5418544246374843,45.4342842723704,0.11861089738403333,646.3768046848021,0.0014395140517021033
0.17106371845806911,0.7843204019030063,46.04871344497131,0.10666312225344324,711.8148916059062,0.0015193936757921498
0.09340574019703388,1.263536971901524,39.1981575154011,0.1599401402334598,419.5214377031847,0.001506401859850813
0.27524327873346693,1.685613587037608,37.08434215384577,1.0962315755281273,289.25807331707597,0.0013504991841766238
0.20610994920665618,1.3217277250808004,36.37098846461997,0.8855268267179821,351.5367854098029,0.0016416482741305493
0.12862924959570013,1.1752537591015983,38.853486741241824,1.2827132978937414,140.37374662718995,0.0015664774839845188
0.13406510440952718,1.7811097912224385,38.20169371708294,0.45054858803058895,711.4554969023823,0.0014074000214757219
0.06360684796799906,1.5003470914786168,33.758764213255645,0.972569883696419,547.4456918798714,0.0013773002278980057
0.1538624123260196,0.8837906744340287,40.02437824651164,1.4523810430189454,230.222528610319,0.0014069933421722255
0.2708322083347672,1.5150591346199929,32.099180947642424,0.3516920108164666,78.90200074822197,0.0012612367127973001
0.10048484557966535,1.8191265395397487,40.48063825721214,1.6894863093668402,414.43052446778216,0.0013689573030476587
0.1047724792543253,0.9174711673401644,42.5516955298337,0.4363022189909816,366.8893648689187,0.001383259569118608
0.13636871416368262,0.9112511683892923,39.000418507351796,0.385691000918328,226.94519059380553,0.0014259298002258143
0.02239201654710265,1.8504537506093617,38.46064262780234,0.9376189303900151,415.89790799908087,0.0013676556447329259
0.226144546938349,0.8672018531415576,35.280882093392265,0.8282578926600633,499.26484373677164,0.001360832459371868
0.2530206299758838,0.9851400186658403,37.24292465072956,1.1616354611571844,312.0320755129273,0.0013902849510965788
0.1761824194600052,1.2092276931911994,37.1068891715083,0.8534790700976544,399.5592740839943,0.0013782437563071978
0.09595744022681083,1.018481210175851,36.10016996079072,2.1996062886236136,677.7710255887845,0.0013872812827272884
0.14169645318888435,1.5271518968780904,32.115886335081214,0.6842998584595773,594.8580743165007,0.001378768706321697
0.040997889574724514,1.7377322575787533,40.7406160382283,1.0650273763061475,238.58178698031614,0.001209533914413126
0.08565868392349507,1.0459442685266511,41.782469950304844,1.6639679898355495,297.13439681484374,0.0013716398807712882
0.06482068711616384,1.3451069167834226,44.28256948553332,1.1830406333901813,378.3811644525452,0.0014701435905824555
0.11422766029755921,0.909936357345572,38.530996216790285,0.820019340332339,781.1449815257815,0.0013377386932698387
0.20959234910368968,1.63500314778105,58.06512998280439,3.169056212161074,330.166008026477,0.00138785993052976
0.21035866874803263,1.2247805082177297,57.190595406666965,1.6284944352241872,265.3064712155798,0.0014052497399497264
0.02329002862967142,1.7597086252983218,44.584286783166746,0.2336534834345367,146.1189814051752,0.001280973737662675
0.06547393348813471,1.5420641574019422,37.97400774036942,0.2959774583285593,72.102864872586,0.0013759977170340592
0.2174078860964389,1.0125407860295317,38.32434348438568,1.95599994720905,651.5245021798441,0.001492111490691607
0.20811374085235657,1.0344975523294053,38.798600781223996,1.1911750015655302,644.5402328467039,0.0015373839251994017
0.09753853749531272,1.3196060682048794,38.288429896739615,1.194917834379706,198.7668340633545,0.0015989360494955637
0.2022026713752904,1.7389067463372185,34.640058705923416,0.7954064886696662,796.2034224041456,0.0014064513615357056
0.0665732201233855,1.3764049429219691,40.10093304747754,0.2733098217011897,127.76229583926876,0.0015120130878055688
0.0797437412764129,1.239572137028284,35.944421445451205,0.8823996705912731,1164.3575099520456,0.0015539108291093436
0.35586616240190294,1.3515836594677333,43.82909902250866,0.19897348529209014,88.7735646569235,0.0013828460788230551
0.16189796183942418,1.7410685877624044,43.17044415440948,0.29393426793773,59.398914118979896,0.001420617571907912
0.19810098505142815,1.4729343107882127,39.71439256726598,0.13976083901982914,74.091418021584,0.0013996178110762226
0.24325739802681956,1.5025986303056995,44.05148730872441,0.08529033854161566,129.1422399619027,0.0014322223818614703
0.03646973625619781,1.4874596534737803,43.971861505793036,0.24703784379327726,467.0620873326626,0.0015518446128998118
0.09709288640450277,1.7035125752071782,38.54238093337429,1.9292427800405707,424.3743213168216,0.0016099060916351558
0.027226908508141093,1.3198943524529443,37.68659996424081,0.42831554364143476,737.4811430416262,0.0015046186955146906
0.07993444135935111,1.7997278591743615,52.68229135143942,0.45069281359791397,379.35120023645857,0.0013464693413361574
0.07182441693308529,1.8767242243553512,51.87500790402095,0.27959494000893376,458.7029759119922,0.001317223363276184
0.10738661466360024,1.9184642576188873,51.46994741074804,0.17167789212941234,552.6510457522921,0.0013147491341186672
0.07773529349154652,1.953045333671911,52.801995829253386,0.1965899826558622,437.32861357601956,0.0012737314444437415
0.07773529349154652,1.953045333671911,52.801995829253386,0.1965899826558622,437.32861357601956,0.0012737314444437415
0.1416946023422874,1.5088658929033278,58.61488563985944,1.5378031213711283,589.1427450833853,0.0015162835805319099
0.16720143101980942,1.754934324160463,56.81666294514833,0.9076131542831395,70.22460771781793,0.00139453879482807
0.16720143101980942,1.754934324160463,56.81666294514833,0.9076131542831395,70.22460771781793,0.00139453879482807
0.09329994407958801,1.8106960255677733,56.16950499988845,1.430461570001653,101.8522410806653,0.0015193219478023719
0.19730908533701108,1.098306932247084,53.0794581381223,1.5717108500092571,882.3273642563795,0.0014037872565417823
0.1521052439640261,1.1655242639662537,45.83654271381083,0.8808731908913912,584.3851927724177,0.0014155924367805445
0.16660766168460112,1.3479413414098895,43.93900980380971,1.4012649634513037,242.94125451798467,0.0013622806221009597
0.18995870562739342,1.1193079513910926,40.097443438724326,1.1898120241846606,145.06674868021904,0.0013329216168095296
0.17424606261573955,0.8927362565176122,42.28164390793521,1.1082836153701963,156.16572033158818,0.001325391689686228
0.2082813485436259,1.6945733767103832,37.93707853253053,0.5098121569138717,1024.3422861167087,0.0015314971957655404
0.14803301941795888,1.8392480150179173,39.393478992193245,1.803824323776539,133.9622884603172,0.0013459206535980806
0.20409488848425072,1.6976778106212047,32.691430741890095,0.49511941512287666,86.64282382151266,0.0013036612696344183
0.1871410716284352,1.9167505920257286,38.09471472783407,1.1567248292224859,350.7696152543788,0.0013782806314778045
0.1958711042683142,1.8605923093335477,35.0528483868185,0.45511459498203477,44.92349670065555,0.0014412329674127469
0.17512822434615466,1.6534857618326135,38.81880836743538,1.8520145121855984,32.81149959543801,0.0015115882315224266
0.07197154281476696,1.1560864066237773,34.40053106647542,0.3744991962186635,860.6900883607861,0.0014583745125086014
0.05976806340045585,1.1254469769127846,38.097526436231774,1.47900086136998,435.8033285360259,0.0014448618061736222
0.056628218331801684,1.1513751512347647,39.77095402057815,2.2192825538771155,557.124630621348,0.0014354800025524377
0.1070304835220299,1.0687648758465824,36.621330214821874,0.516543675069869,814.2071849005351,0.0013375663719515534
0.2227879563333012,1.353855720932697,30.190445652598868,1.6244382250959897,149.0519571277149,0.001504554774328334
0.13575225119772277,0.8232568742855746,41.31843155786403,0.8161665283086522,1071.7336216291528,0.0012814586847969013
0.12405745230537736,1.7347082087218424,38.937631101953976,0.6059301448109393,162.58664777750502,0.0014187718233410387
0.2100703164326195,1.7606474957980065,37.679906567311306,0.8445811449753069,84.11039777433783,0.0015797769050331476
0.02143406500656976,1.5488811828658715,36.964322435619316,1.0887459189421296,131.20818440209675,0.0013674074352468283
0.061272781666970144,1.7702168434490393,40.79869391267169,1.2989723223700522,16.558013008900947,0.0015929897152332628
0.04825172950306613,1.1630348547505267,50.605433121598914,1.1718882149471417,240.41885731538295,0.0014133787852698286
0.04342625078804641,1.3877485307946107,52.98955037488318,2.028482452346052,517.3070357131156,0.0014506046337328929
0.21978914055436238,1.0782811815725701,48.592343904350365,0.34458619522378753,697.8265407022867,0.0014625832893323228
0.14611259897110432,1.2855256915571782,31.135212099318903,1.006874141501612,303.9730218434223,0.0014933294643839747
0.3097526500841601,1.0971762820455337,46.054547133510425,1.2447729190562167,343.96824259017404,0.0014894286805289723
0.4172168991935225,1.0898319565447974,48.95786652049316,1.3271392454760345,255.9213292962152,0.0014611114426287242
0.03263744765519333,1.9494281402579656,29.776007046143786,0.8394887821314596,877.5706998166186,0.0013898271344380503
0.0353142762308602,1.9424312652553655,31.84325513174361,0.9333986841739842,793.8347716539706,0.0013982561756911809
0.14019939685937607,1.9694514351254413,44.499379162686495,1.149793249205301,329.9828686734207,0.0013990392105350522
0.0544004675484357,1.9548459438057924,49.60740917372517,1.2583179753765121,615.7794128742597,0.0013798618581226023
0.20485347219518638,1.572157727305523,44.885917015115865,0.8597817254252184,220.1191908442161,0.001400266402731518
0.18573293209259878,1.4784442348917166,47.213925072991465,2.677341296160809,72.17146658239672,0.001490727523011084
0.030869942771972678,1.451020703639411,38.71398365585607,0.3234410744187386,726.2929162734188,0.001443473909579558
0.017809438431339253,1.948467525536878,47.43844395388078,1.3262926669888784,372.68426527953915,0.0013221716446797352
0.01825408321409794,1.8538798593043433,42.791289563425465,0.45124401676093134,355.6946214111485,0.0014163866646929885
0.022328842222911743,1.7955193692576485,40.4478189121103,0.2721999099358014,394.99788536370136,0.001377198471423583
0.08428219818570767,1.1895578967898575,41.56707705156611,0.21874692431994464,692.241953943425,0.0014366462439341521
0.25876609495573616,0.8378745435982123,48.32311749151724,2.491119431908233,334.78843134217675,0.0014558235598580115
0.13515656086308475,1.8787300400710494,41.50733985817168,1.0747706179685643,346.81648389407866,0.001311170439614142
0.12110123637390657,0.7088430414510158,31.992489446420542,1.2916615664485938,590.757861687643,0.0013597026417491351
0.4829306298068008,1.2849547079453334,41.634835210159814,1.9676424517479998,659.1594829831818,0.0012339772011560402
0.44198601091997436,0.8740943201048226,37.252268252723304,1.141449829932749,716.3749011650095,0.0012621387174644428
0.23781228185249545,0.8502940289945776,39.01209169786105,1.4464418245080688,436.8783984060445,0.0012318774593039934
0.09636026165194794,1.5639626812655556,38.735678185212656,0.26306585763545726,450.9136110372603,0.0016087412895375423
0.08382905303526514,1.282255363675642,34.287794308193476,0.14408285005443988,223.3846093745789,0.0015191756132489059
0.12120786848796754,1.7127377097770273,59.436484761943404,2.119937932151794,130.9059051248583,0.0012998588595539789
0.13732692474717006,1.508878730417203,55.69364355801899,0.47686680887795474,1046.9654125498016,0.0013882384381121364
0.18344214154788338,1.6559231705026114,58.371712836223104,1.2375681649364887,10.039665831931492,0.0013996866701615424
0.23045195560877535,1.638845528056757,58.318023951837105,1.0293777806117856,108.9474258625449,0.0013590791323964974
0.1752803210426911,0.4776419002105485,49.675549783782834,1.7579402452453814,96.91562742606106,0.0014898402594092934
0.14512058858431554,1.0041537987169178,44.84756033082046,1.216376726778907,93.51082300006075,0.0014130006782783744
0.1273982129002535,0.8171003251060887,47.14791443558014,0.4523169105707881,189.1784947125973,0.001450881261713096
0.27205791118963746,1.7448344903440687,35.35480361374522,2.4294848401254683,861.4280638560538,0.0013538053222953558
0.234218038313273,1.8332022786695137,34.92539578924433,1.0958896139962135,1348.2892772923674,0.0013559249523162292
0.18224173652790746,1.8545758780834638,34.464594246536535,1.201645312847265,1017.6822565482815,0.0013554845444942096
0.13117795447120245,1.9114210092715909,33.13215402724247,0.6509310322817019,565.0583026332074,0.0013234248547950766
0.25756028266890224,1.9976669158265667,32.168756855669855,0.4086080283910219,316.1281927529037,0.0014792566761478885
0.1790604560223265,1.989481104803572,37.74231255494725,0.9323083766597464,556.7590820130451,0.0013468583640549045
0.16931469264376123,1.9912610053243092,38.24206650903299,0.18453518824819165,650.5398180984749,0.0013118572154814424
0.27331789175715954,1.984328025151637,43.152214856218066,0.1328804976045762,751.1724046098925,0.0013513429273000338
0.1370644567065351,0.6223036083097194,41.33888521380943,0.3754621163556383,457.8544856132288,0.0016490391795460713
0.08834512932016712,1.3307608926906558,44.18361202494441,3.066387973521075,544.9817302339666,0.0016063921406026323
0.035725223535319206,1.47521246960647,44.23695887004704,0.35084525606597416,1056.1783102420382,0.001612208610705723
0.18092418526048962,0.7248756361492799,39.26000750115715,0.21101048973233894,375.2738743509089,0.0014009597299741612
0.10478785984389667,1.012714648932427,35.52628532198201,0.48633490624288245,238.13327206960878,0.0013559263667035312
0.08393564558850225,1.324190100073514,39.999275053788786,0.21869152704734748,334.7666235810528,0.001377376828679085
0.18414439870532356,1.2695903433200202,39.91020731803934,0.2556305618833905,847.1097493370471,0.001364315502627572
0.0858971924304945,0.9692008398226923,34.39429408346179,1.3488047340293143,400.9602089638041,0.0013592729814761826
0.17890550665392435,0.978215500229547,39.33266038125928,1.2611125145171627,952.525847987541,0.0012782904181207256
0.29320647399322614,0.8908618189686388,40.9828328570063,1.2360232332674848,952.9370832016565,0.001328368784267036
0.200018344697385,0.8567440152907035,32.77672557278013,1.5586994870381445,457.00583955547233,0.0012352298342511072
0.16519224955425718,1.3344021867202276,39.038375754920196,1.1652390331930953,274.3320429376511,0.0012822905743578661
0.16018585575308933,1.2252848768429385,42.95735650609959,1.0596039692181054,270.23158472552564,0.0012913770362655425
0.14447382664310637,1.278820577934876,38.93801044919093,0.6271695946521467,238.19649462503432,0.0013495152451831124
0.054093515465764054,1.8892610634290372,32.27895746967796,1.4697812996693789,316.1590031218651,0.001474487810118309
0.06725846677750688,1.9148992547506054,37.902683458491495,1.3722424136663467,504.30366291429505,0.0014297888425309155
0.05666743094713318,1.8998894497532546,35.62345157012056,1.2961447431013966,359.01611362676994,0.001397924008830198
0.10004652351558987,1.7248243469888598,60.17632579674406,1.815108794272716,755.0340739599745,0.001437583378222735
0.3301916013910581,1.255759284867365,35.93661673540122,1.327310752779297,337.31729276954366,0.0012052480984550583
0.16513365040655445,1.0575741159672616,38.921582370296385,0.3115287723930122,484.08392185008654,0.0014504468202634212
0.1839428908082335,1.2023741304028392,34.44296326808375,0.9775922575761625,296.47363132129396,0.0014994457182389734
0.2860331633827995,1.5168461873883887,38.61028829282242,0.672688973475876,721.9138217407046,0.0014358633673832413
0.21269085475804464,1.2190914734412042,37.39604260894047,1.1753586157929665,362.2315973407167,0.0013864542725576926
0.10736992036744683,1.3645137189062384,38.34386671850136,0.8316732361837832,470.87861872702234,0.0014218800146564839
0.17033907021445371,0.9491450124630214,35.727074428748885,0.591499215324709,1012.8813096173842,0.001461429999280432
0.26072766205303244,1.8221318378320597,38.68894318149679,0.9103168560830991,356.1891127280427,0.0014649224556404026
0.07137428231432698,1.9385823170219831,32.37358815250272,0.7046246826999375,82.18299106332891,0.0013342369102301254
0.253092222091475,0.794747424499246,38.35143903565813,1.2942432272234567,551.0225269572054,0.0014879073511952065
0.19851803969343154,1.2786282757361456,34.31072558922373,0.7843886958001216,169.0250709944763,0.0014692571007725163
0.2764806802763637,1.1495347449420676,32.25836186439718,0.7082329406460943,205.05915234549622,0.0014772063323619333
0.030754832121964285,1.7293062665981858,39.49514404758586,0.94884493997019,983.3877334478182,0.0012723268926787636
0.030516870680088376,1.6915080946366357,39.5369830251408,0.9088876799378705,1037.4188855653854,0.0012796235233076582
0.17565081707108407,0.9982777270805087,36.59955800730482,1.6994979443617775,303.79590819232095,0.0012724189230554842
0.02336874359280452,1.7928405223724657,51.15168861262313,0.7629577190198291,428.77260182907804,0.001434213054575194
0.024426412192536984,1.8291327138690943,51.431802747235935,0.8068727901281595,445.89600549863735,0.0014217281218403292
0.17618796368848563,0.8792933471772462,36.00808819110663,1.0574351537092703,111.0141807153445,0.0013948707803832729
0.19392708530071637,1.1472399080863387,36.461190222720326,1.267822731896465,34.53419639526225,0.0013346076586271795
0.09141047796297688,1.8276151386715416,34.28315481059962,0.9767310020454433,43.57891904731151,0.0014119176604999633
0.1242165721223582,1.2497478004762879,40.612436559860996,1.254058612928304,68.59595389881717,0.0014558499553410382
0.11508354469682384,1.1005896715678594,32.75928336695474,1.0991097215289825,212.07114740771354,0.0013762409849890677
0.0488538393808203,1.6234898289065847,41.45189361723647,1.013319062626751,1118.7447541706856,0.0013218077989718884
0.26629018741454324,1.9703828418699312,32.53168419033086,1.1975236416109398,330.1476284571132,0.0013880626244301975
0.15060223326175415,1.889072526936844,37.3228670605729,1.8509771677844467,439.8711583593824,0.001310982415013826
0.08253946387672194,0.5475591312724241,36.66492911249709,0.8246537086668909,765.4920998138093,0.001448289962384375
0.0799691571899068,0.6014406126799189,37.55531713563819,0.8485226430379225,699.3111192247615,0.0014454745202740413
0.3613616258801883,1.6625141000976709,33.29356867465814,0.5903167345233317,462.03098206015875,0.001397590778305246
0.043642076045170265,0.8669825280052004,38.97694754288901,1.2528438623463016,410.01515125184216,0.0015761947803967385
0.03362901786818726,1.831802516707819,37.628394466475065,0.43208077338058937,268.1382639004551,0.001353345674369848
0.07537592707160733,1.1657670667247158,37.82943222402515,0.69131642069447,339.877517906438,0.0012080861286246668
0.12633966040053007,1.2908129497743224,33.949633395610256,1.5805560097235074,227.30268166307653,0.001498513520131757
0.07053886651467434,1.236149008773016,46.03435379247947,0.9072602416814292,367.48419825890585,0.0012752091088245245
0.02523147879328596,1.745524069383534,39.0309128691769,0.1953027272110145,1099.1033138705977,0.0013721537873396569
0.1713642458800832,0.924595427390034,38.47721798425125,0.4991550825652367,103.10363927361456,0.0013750528780941602
0.03573461055699716,1.5891346342311103,36.786136982107834,1.880831780742602,43.21584160083498,0.0012908363811291303
0.04075127155540485,1.2894486596764205,47.2397484968473,0.27921872214269683,56.24782012975816,0.0011753231382132822
0.027719146869279513,1.7981791921751602,51.805728440088174,2.5596860171449722,49.05189561191398,0.001339646446530038
0.050690454850170555,1.9323252531170236,51.28480670512482,0.3911823944879365,29.146930628366214,0.0014132748813728917
0.09521301575042523,1.6974066924640978,58.88797594650592,1.7783332717855531,11.481289358690528,0.0015679545208664928
0.08907674164711775,1.4860486431834832,51.37465420410435,0.39093727136383344,0.43194434880259164,0.0014937481997044314
0.15332945019537444,0.8492984509125849,51.64572350315886,2.0185811855632987,0.5479364462463182,0.0014740392608745471
0.06944851953529596,1.482251431788753,30.84550637733713,0.639330620266013,0.20708437662690007,0.0014283823898986916
0.02795304163674906,1.9615893154030013,41.099580314267165,1.489997758838883,0.3887033361593508,0.0014712951008446242
0.03235195188805051,1.8251602237176507,44.69893861374335,0.8400353737955691,0.4704054491169369,0.0012575425144875588
0.11445866376678618,1.5042187439656913,34.233858145283556,1.197526541156973,44.217921950131874,0.001481368098778372
0.13954856935892823,1.2611305331463007,35.244521062154135,1.441434694781774,243.16634946732862,0.0013871720096720523
0.18952620741316223,0.590858662788391,37.411388899664075,1.8029936674074976,164.60247395360744,0.0014105924983692968
0.16774418481099027,0.9246945388586388,36.281807703085114,1.9613697227564222,140.82694914965572,0.0013574490188933974
0.10654690157161793,1.2619630838561575,36.39029883184084,2.436692676244608,137.70499572035573,0.0013349452888309166
0.21167556625517905,1.25756597705558,41.13337787952865,0.15542187087441905,305.22756767106273,0.0014822176618700948
0.04676677607536803,1.6706165696588509,35.09297961655209,2.521327723381565,625.53923358961,0.001587658380534097
0.04842310054705437,0.7182400566425531,35.868088316249256,2.060396221182921,1171.6135847042349,0.0016157286392204625
0.04897475397945599,1.9774329727291622,36.62747341333893,0.3539154370491201,176.3484813103529,0.001250143862537296
0.20493151085825953,0.5824203324325361,36.118481704458844,0.2391597733777801,295.47162321180673,0.0015664543945394884
0.2785554633693141,1.7705367937944103,38.355953551007346,0.2845554037897988,457.9009593802757,0.001444485215959538
0.3120654557900916,1.7173523275214764,37.48228026287583,0.2499734959646265,574.6823430183285,0.001449724399485886
0.036319380997363634,1.1149641377200386,43.32639911902299,0.46532841322746654,354.72045876443326,0.0014624093846888476
0.06110164839188715,1.8258538782052303,39.980465004990066,0.7539685470786126,207.7909322170844,0.0013481884775360187
0.07312676029500428,1.4363092644732327,30.13701181376216,1.0273188133816655,114.30513571921487,0.001385552325619257
0.1706869106390707,1.6261765849169143,46.50863698165326,1.1150337836168256,676.8535052193026,0.0013833994639289953
0.09942247854422466,1.2607739034776286,36.943504589450704,1.4331211500143999,576.8512671022289,0.0014411775154316978
0.07114024329526575,1.361887905870794,38.67253947437781,2.094817194284492,186.14085503085553,0.0014381354917844143
0.0622710227940958,1.1008745505597686,37.46109024545701,0.2803512296392096,326.54830498525945,0.0013288141584420449
0.030528409824344512,1.956083144537081,42.92677883970486,0.5341291455869152,725.093205619466,0.0014715937845763063
0.09944143184542761,1.615780838135001,33.66844139167584,1.0028126208946717,625.8945949753212,0.0014149995015764272
0.27548309334642995,1.2465527964851033,37.143142251384056,1.2100451866875048,465.82327849490184,0.0014654472644622107
0.22562988773963252,1.6497328165707148,27.163609499840682,0.7414907444009099,402.34220591559495,0.0015528211104257864
0.23212469565095165,1.8598610035378058,40.025519310494566,2.2652519661180985,391.1078114656471,0.001472855283010069
0.15322208035085436,1.7710826078867803,32.83700658659744,0.8461007457771963,742.5919870854494,0.0013494395546746764
0.1598893698744421,1.949378367337719,37.91362639430153,1.331689148860924,669.8731799825194,0.0015095790809446098
0.24966506351469583,1.9509529743646343,33.3249781430696,1.3365784528052993,736.9182610478847,0.0014797513331757245
0.16876232289962165,1.9979230295805261,36.669252021359284,0.27377408472686593,246.44387289559876,0.0014228649572461556
0.24300892979988373,1.7245583467982817,33.552090695001496,0.4679997195379488,285.89651093413767,0.0013876434952475542
0.2593745520595712,1.6690665735791077,35.575718983750164,0.557110948020848,328.5537280372326,0.0013953402466051952
0.034816216995400134,1.6321633051780826,45.629744285047266,1.1774061063279753,407.4528603436674,0.0014357619705567043
0.0330777298072642,1.6944904208593843,41.7112652189765,0.8192839075332479,381.44042394766893,0.001430704221183358
0.03329348452767029,1.731582882370551,42.30394698301533,1.088422488344137,366.6002227558581,0.0014340877781048617
0.08253332569124391,1.8670893204766166,35.9569721144923,0.8507519935113184,282.59558915785817,0.001378619516057681
0.055015808363181505,1.9250582010089028,35.06128467562191,2.007883416399666,917.2135497237089,0.0013275664104890027
0.20360114926463918,1.976851337377046,38.055809803633565,0.295766156745044,171.94078236767464,0.001280726438435596
0.09376352096634132,1.9848260820184183,32.187281683184146,0.3899001494288799,514.5671929031831,0.0012617717610043174
0.21960841380311624,0.9851515882026495,30.15115941035616,1.477510807766547,475.248234760573,0.0014336144407085549
0.21818805545690997,1.45137799277443,40.58174889285699,0.4800027519501135,704.5194580123808,0.0014101883979267568
0.11959792892776087,1.9542061656607401,30.95789818934433,1.047571346521707,198.7478789966093,0.0014764461689994231
0.1609274769721611,1.9275881209693972,40.09480094822678,1.7537996076250029,432.64291001261114,0.0014673923416641025
0.28865611411827724,1.9407349139800532,31.932789003679584,1.0434917969276507,289.5666747455213,0.0014097475947158669
0.40700502505011965,1.9170196661386307,26.68654745158388,0.43160187102501607,264.03316206102403,0.0014467984020231283
0.08510048522548884,1.9904503252018537,48.400014268968135,2.8247450808969754,1012.8885729207827,0.001348830528826691
0.09329807872084432,1.9939910579652405,44.27537650278857,0.7128126437121461,740.1016784622252,0.001339307662449272
0.03785962869635876,1.9952493251047263,53.93309006534323,0.6705819607435012,693.5496141669398,0.0013052932332651055
0.033037045529955025,1.982569226521616,43.52749264175621,0.27224100325940165,691.6324973917114,0.0013140044519721495
0.08473781957154265,0.6580358770267262,44.931896509268896,0.31571984161252536,198.10033090749496,0.001540540335214827
0.26362604349608204,1.7301490190967386,41.23971229537327,0.6170969729636503,564.3417433842338,0.0016602488595525923
0.100944351881358,1.4620906588852411,46.59966575130938,2.1804160767697995,516.0775466051527,0.0012370560495076517
0.22330157898535066,1.3364970521000745,48.86451064629632,0.85439371393848,268.633017785265,0.001263159054965819
0.1614685376280815,1.1655620838979535,54.79756352831556,0.7636313230319645,163.12151306958913,0.0012717252327479058
0.1351063144125467,1.006225545989028,54.69090179592485,0.9159861232520056,163.0470388507556,0.0012732642685150126
0.14212749071548655,1.4310179318812022,52.421269291936895,0.7621047053834463,370.9780093301669,0.0013351289786529771
0.1990783002000612,1.0997169875690949,56.14007100040044,0.6480779029487336,500.5823863105734,0.001464560317251409
0.18110968517201784,1.2854983431426121,54.0551905417127,0.7757988781935985,426.2880820661379,0.0014761186296109053
0.1367484267975498,1.6163272630484335,60.13713200097094,1.343041679143246,814.3178655170161,0.0013916766660206276
0.12446102736452401,1.8234555742302554,55.62824573787026,1.5437601076676315,508.23601928659093,0.0014096959526828444
0.13393819975052568,1.580599621311197,57.24704836312473,0.6055665367088077,1099.4717539822684,0.0013642934525898605
0.1461282063009087,1.3719796027884401,58.07084718055927,2.1746765301139845,280.4288910456928,0.0013890832262874642
0.06131798940487871,1.6119314418391693,42.2624981499853,1.8967428363682475,420.953931818427,0.0015307898439314352
0.1496574986142498,1.9559436527577678,34.24570456146403,0.5166914655646269,710.2611354597078,0.001502806623360967
0.1112163963658911,1.0954811438805778,39.324246676675294,1.3841863614218186,90.70106996399248,0.0014442089297923674
0.03503309912483072,1.2444070848269726,38.207087828471714,1.6134683410348247,82.7520166237336,0.0015665053341162743
0.02251956222379495,1.703006809293087,46.97959279180567,1.1123228624987849,298.63893716669696,0.0013798116531490072
0.12038820735589549,1.5056215401736273,54.983107760226105,0.6674379472842918,882.7046416064602,0.0014735573562475773
0.08110239864456413,1.5193903076283546,54.52400906933135,0.7741368818019461,288.03707118700834,0.0012019353297218149
0.05648501622014907,1.2387920689336906,52.647815296765245,0.9035505956962472,410.45282938417614,0.00117005404579158
0.18045249493647625,1.238700415914633,40.867601345077176,1.040135191869561,106.53872364992824,0.0012341297194867736
0.12373820873343634,1.0653704075216486,34.15901292731804,0.32736809435062797,738.3281482726337,0.0014791436927282851
0.16382144978669408,1.244813012712647,41.31867855718627,2.251006723398754,178.91291014244294,0.001408028402237984
0.18920182296585106,1.5094473727063484,39.36008507438781,0.5876115274877705,415.498519831735,0.001406680716986085
0.23178523588279046,1.4774528503883808,40.54352207987982,0.5760879272392189,480.44489710851053,0.0014138504714156404
0.07506878964032791,0.5857098722555701,42.85613588914526,2.0659583578781517,1589.7565597750418,0.001371162589443047
0.25812352367017427,1.6993208949750513,28.100538797537457,1.450788599745671,245.13565585319125,0.001364291907887736
0.11080560839974186,1.5628543068047656,36.07913543484407,1.943179781772217,914.3209293009303,0.001348405633449052
0.07460111278567855,1.2553458200412173,34.58507827193207,2.0684153102853027,825.6665748620024,0.0014720104474040218
0.10410596419255169,1.3091766984848556,46.55334845290874,0.8157897029879232,249.05412323114626,0.0014560836452127128
0.09892831034933999,1.0118834096562874,53.03392807411845,1.1329732399907606,172.54353021609464,0.0012745618859260081
0.05290777883752364,1.9733068264737244,56.12397962925273,1.6436506216713882,69.36236802484414,0.0014023621532984038
0.07754852161112624,1.674228128017433,52.75628444156889,0.7125020112812989,200.4014486541621,0.0015009676099437238
0.0379673276838419,1.9482788446574058,51.705620324645345,0.4797065205342225,205.21576261300663,0.001492716040214794
0.028612499791957687,1.5480696745702855,37.16122642325831,1.3174547102747998,1263.2853051708842,0.0014774746228042829
0.18511573183500796,1.1334164115799268,38.637030731205925,1.1119939896757987,109.49002465931838,0.0013671151012699988
0.14335247564571874,0.7635591954035771,31.50771854598756,0.9532494884669674,245.7471556215737,0.0013569854987507692
0.19119955177421355,1.4866524841904554,43.77518559419232,0.26723142633964647,146.78421796313833,0.0013102467531968345
0.06577704274697696,1.6463190232493357,50.84071464241038,1.96535307260999,599.4892109597814,0.00139217845424753
0.045865669591475006,1.4612206843798001,58.05142960045011,2.4608461890473334,1017.8681619872705,0.0015127805520991809
0.341007597907093,1.770614791371392,44.04099300224162,1.0891240812041219,42.34099487482748,0.001311403497850652
0.2441639775893154,1.839972619884257,42.79301503459777,1.0146424665219262,42.224746775107164,0.0012996027875244814
0.27142579566507713,1.6556017219469508,31.885247967140135,1.032437477126561,124.99298766565465,0.0014202068816930855
0.0825170832146611,1.649180239841336,32.58575061568198,1.0411836148273712,43.08654489040268,0.0014426743856312107
0.04022247591756624,0.9944683560835845,41.16823643417275,2.162046701309765,113.11163281969516,0.0013952214123654546
0.018681277829132044,1.7225104738017236,43.08955848189547,0.7811431556622962,150.05561215374723,0.0013364945943151554
0.05607797616182247,1.341725975111906,34.62794030217947,1.9528135340280983,1004.8667822185437,0.0015664711862321116
0.035376077416463286,1.5458769858110784,34.608238712719135,2.226715740458064,619.9870043078283,0.001468589691286827
0.0403858776597212,1.3762467195383552,43.87207137842998,0.14391614273645673,259.32299718652024,0.0013172023153831423
0.052586962711162914,1.5969448130057473,39.40745045322526,0.1822551062775385,281.86385102719885,0.0015343378259999863
0.0532698770619539,1.3858229057884999,41.90545665773425,0.1810832046415684,320.63271928621276,0.0015640569440517273
0.09886361602462548,1.289946029601175,34.04657646508998,0.9938145347986355,143.2798932929027,0.0012636511400382993
0.17360769225693615,0.965395085881394,39.120199088249116,1.0819149811102247,143.33872317568824,0.001530375745775869
0.31097937880810017,0.43343081328008304,46.537138141966,1.9165952502336812,74.97546184532555,0.0015004252864218189
0.1145204954222565,1.1116143922054302,41.36944704361841,0.996545646351974,345.1998191609128,0.0014136827100624536
0.24929434274477597,1.097833955987034,33.98331994928149,2.2800310788379816,426.74975199065585,0.0014556935230539024
0.11837307649068435,0.982358148157788,40.89181966914271,0.33822836926043176,110.82479041505918,0.0015093377068928536
0.21063109340866545,1.7043543899296563,38.41355069383889,0.318647672903943,316.14418798457,0.0013120906112666407
0.13660745516592282,0.841709494366132,37.06342046282044,1.8503108049278303,598.1920553130747,0.001474508073471886
0.17751507384307688,1.034031442152221,41.77382706142302,0.8444138473568854,1002.9047284245722,0.0015542958358832975
0.288085604470931,0.7620658354504763,32.14369243466512,2.0642586390138495,236.05181260234298,0.0015253116661555367
0.16652286369877292,1.0473898268969934,35.2003753030255,1.1319620293017,76.06920289082537,0.001451573361513227
0.2795477576272187,0.6192741737844807,36.36278657407552,1.2783870925690715,322.34152552635163,0.001349419724477955
0.06446987108330596,1.5342829266346578,54.30608598552829,1.5060375418656795,569.6235197522635,0.0014865980744345286
0.03507614191593332,1.4032828261093948,36.99585124105482,0.21152046805128188,245.25331265707595,0.001430351185319058
0.20286197170233738,1.7621689304365111,40.78889263015864,0.30047444840346943,79.96951433530063,0.001412614055783501
0.09311739320367594,1.5703274377858576,40.243105563355165,2.622486283468277,45.65094971583482,0.0013941915096926682
0.1106893676345952,1.537869850426336,28.18129969771275,0.7404153606267779,21.886587206805558,0.0012843731820083334
0.0915117235710414,1.5407046114207752,31.833253324597973,0.6866538192618468,23.838837272495425,0.0012873215839211457
0.35797145921724194,0.6528766874234047,40.69293249909294,1.8613696981970393,17.400460212417325,0.0012874758746878735
0.23849972351876753,0.8278682670343227,41.77245203135092,1.5969740731008764,23.202144534392886,0.001307710355099812
0.12897152972947779,1.9436352869260667,39.99069919680544,0.19267141682057706,14.23273973760875,0.0012980706070234128
0.03446895381806621,1.9633966959131306,39.86026042078005,0.32748473782769133,1725.6849061492637,0.0014530763410847654
0.0812042125476213,1.0724934386520402,33.73863096036349,0.8584701156021495,1.1488694257813685,0.001373555543989104
0.16270212943951473,1.711102481855062,40.26045619024627,1.714506928931432,27.532929051123947,0.0014640926102999236
0.11182491876883444,1.7977226229602246,41.95520507697537,1.099405279305297,28.20090555855985,0.0014565998334481961
0.08337181385708518,0.9835420592351115,33.5246636108129,0.34734770353115807,8.890030617849948,0.0014201281271197783
0.1072866761842358,1.325586623484639,31.64321521361785,0.45976603608697086,11.165060270674843,0.0014157997475023189
0.2736835517189561,1.198513217489605,48.11282540453445,0.06372342907261923,2.335542681619616,0.0014681075365927752
0.04220614205461421,1.4690271991994843,47.3315390883893,0.03875592405133593,3.5079972324689517,0.001350711081336856
0.16196676719572817,1.453678105203748,44.0551555527008,0.1585844186967489,7.871276579098724,0.0015377993279489274
0.1065011765783651,1.886261574368157,41.72006899438409,0.3883990649907198,14.527298643928592,0.001537678398513652
0.2041208819936837,0.7044864768377161,37.602152887725985,0.5031599964359736,34.2610236809309,0.0014500843384062565
0.137409320330895,1.1100402059685646,41.41412053318952,0.31228964841566,10.022866732352972,0.001482300493197521
0.32494879637453705,1.7074104387256885,32.535052581584964,0.511339423351713,79.90769953602967,0.001508326563328313
0.08574064478108483,1.8856734808433224,40.18880084579509,1.4380675172694684,35.90938317092361,0.0014143782756033882
0.09141327075850116,1.8660731376721873,40.359265426032294,1.584210865395828,27.841464879691546,0.0014610687355208832
0.042818447262182806,1.9355017383118767,40.38334299875958,1.9282000205847156,63.49707921723298,0.0014594067187470327
0.03337005813269843,1.6831918907766872,35.262979240155204,0.44104334689962665,226.79601583094728,0.0012804024066478403
0.039595003042620695,1.164861910324154,40.52183315413976,1.6262761507752825,838.8530098016968,0.0013060092430246647
0.1206290529318355,1.3224631786552694,36.37832123588325,0.9539770091044832,265.897952231631,0.001300146058745346
0.27630096483608657,1.0316462152640935,39.85498332914516,0.14057283978486046,703.1966903426202,0.001385112210175766
0.2134191035090209,1.436065288085663,36.80741028793423,0.05760413904071168,692.8834954569923,0.0014251234165900853
0.3190838016478146,1.488013159857187,36.426254399436246,0.041114143947814694,563.304151693667,0.0013729965853455852
0.02600420980760673,1.888012048376307,36.22541808995168,2.790582476897005,460.7693284293608,0.0015003446698158972
0.11736748098525779,1.4080470738489446,35.34054209739336,0.05167612969722376,190.14077117702985,0.0013797989475368001
0.26496215358169417,0.8346566437091703,34.33770354297275,0.08444501605895911,795.1718023210346,0.0012898312850992309
0.2665407358297098,0.6309378911637094,37.58609357150388,0.15125868860952035,675.1622795741217,0.0012892201740645152
0.30227549340090537,1.0870947665895805,36.14493256585993,0.6189217805133949,155.5066622466722,0.001336649007963948
0.3195968435040922,0.9238585935377853,45.39778361041112,0.7005091685415054,443.10455724271577,0.0013432381953805196
0.05892708421413374,1.6713920040163655,42.749731564071574,0.8847136948117704,423.95774913340205,0.0015106461071548863
0.022378217925284598,1.5433478791895674,43.74006869852495,0.6915237756323173,834.1429134301377,0.0013894555517031493
0.030317166497976833,1.4740704689088255,39.51302777042784,0.21477547685503873,962.5662115113643,0.00132033734164638
0.10051655855087453,1.309339706091653,38.38739972079432,1.4139545815645542,214.2750872912379,0.0014123497662275823
0.11642211013890023,1.3067102744777017,40.13104007572815,0.2050504587763609,751.6153611099011,0.0013626307984141274
0.24822189540483167,0.6130487354418038,35.609103323442405,1.1285512221566245,171.84145566493928,0.0014282684999015979
0.13423600676776867,1.6972354347536,34.722533473023205,1.2000969050925607,949.9655492014422,0.001403983050672436
0.14581378157465638,1.7046490637874316,32.09086153044355,1.6060492209157116,1216.284338260511,0.0014013587168291946
0.10402489343681415,1.7255901012719812,52.489082753870655,0.5791157655595969,38.88354456999345,0.0014556270313635972
0.16469651459291457,1.8071149693773965,53.89438933240572,0.37865978013683355,25.93937647875402,0.0014387976546274726
0.16469651459291457,1.8071149693773965,53.89438933240572,0.37865978013683355,25.93937647875402,0.0014387976546274726
0.15616608792614975,1.7673739940660094,53.89364652322552,0.4050408911239301,27.017353549695887,0.0014581451715403105
0.08544505107995828,1.560432131355032,54.35505643124743,0.8968561285303909,72.59951664417899,0.0014742406320258695
0.0969573232900705,1.50631471838572,54.00823566512394,0.6545273422653648,80.67029667422703,0.0015057163948324994
0.028455444438703615,1.4773349311009385,48.82479833417974,1.2536274324147245,1275.8102703463398,0.0013676943433032934
0.06781185286383602,1.5153563341867635,54.76412011370689,1.1614292096072325,182.3768574851087,0.0014292502867189931
0.1024392702051136,1.5840623114869707,54.62578584366495,0.8505240283713369,147.48072059900673,0.0014564378505039274
0.1364132078697483,1.4217096550266335,55.37629219476147,0.8181526183482667,123.49892969211291,0.0015047580278646435
0.30168942449729924,1.8172060363420777,60.2348972608156,1.076425435450697,569.1104499950114,0.0012691589696308826
0.21638195600450244,1.8666468088557244,58.584918639575505,0.8237298285673625,689.3651872112796,0.0012336673153828513
0.2277664431633763,1.8639511355964133,58.05142045096828,0.8989001234084976,678.3564999454468,0.0012372231393593626
0.22965956967207293,1.846841104620549,59.26423657665344,0.9167571174085706,638.4921223902768,0.0012416677692312563
0.163532870904957,1.9598866863428783,55.97767903670464,0.6240598794552249,453.6162841103658,0.001271400931819267
0.19797509330861562,1.7218381414916033,62.571223101102596,1.8295690456326166,698.4205380961977,0.00129803124622332
0.17174406358169014,1.5463282067046324,59.47097417023661,1.34341568830645,1219.1149280915854,0.001392946076999933
0.026899108393123414,1.4848791812585258,45.62207267525188,0.9385956112821192,62.41231528545213,0.0013868855148788926
0.07292637870522138,1.5042486446742704,55.98631039513317,1.3645929078666534,1278.3344547294043,0.0013946987576834951
0.1027334005597778,1.510063660328611,54.60008255543696,0.7482242595081067,501.9898478262053,0.0014767269648219075
0.10755881866981674,1.6389395637561368,55.9850988461921,0.9521043840352075,538.3200659333402,0.0014234947536886414
0.051783447013126344,1.4314075671297146,53.84901591395346,1.6791509013952937,558.7453980394587,0.001466807380718368
0.04224913229662386,1.3728747027824815,55.10689543162707,1.648964943969179,615.933342340692,0.0014704472985894359
0.07125125368356552,1.1754987477726233,51.81262623682603,2.3622310466952583,654.581122526507,0.0014368457850509227
0.21706412980671005,1.3347191539535705,35.44158314479416,0.058823902682849497,387.88992962639605,0.0013663314799830433
0.12413838923350216,1.318778473162343,34.82246855783295,1.207020966192901,307.6263710161232,0.001509306068802937
0.28999669948776485,1.17397373700243,39.67206350969168,0.07055566934973483,402.8017590548259,0.0013994606765226187
0.01778284726804491,1.757377874359067,41.086992586498425,3.033694698542847,785.8983016156817,0.0014295592446813563
0.08769712273098161,1.407179708150969,38.6681521403967,0.36857318119082133,268.7110609900273,0.0012830967017620687
0.18152808922337205,1.213216679306474,46.93800761694425,0.18702630307294574,794.4195476429783,0.0013479654375588262
0.1173931915269682,1.3391124314668568,41.685087417048386,2.635499277162259,384.25798509663497,0.0014115230382966816
0.18644317086719062,0.9244716805514831,33.29306150669309,0.3378889108431069,630.9284028909957,0.0015903164782083263
0.15593848705653804,1.424328906903652,39.88417629568184,2.3674643101285104,288.96711537033156,0.0012798695083857097
0.044417398132663155,1.8882513796322127,32.74185425266203,0.5873507073084762,655.9978595450809,0.001346270477218093
0.027437912169373267,1.8369226492831843,44.17652463686422,0.6164189253600234,1286.8802956061213,0.0013110351103904315
0.2178297045633027,0.7788868172529109,38.28564867960299,1.1009929582222684,48.21193042962927,0.0012507721517103967
0.04546788122522078,1.413155003149086,33.99763497257548,2.1524009396532255,44.45054235489636,0.0013468999300351291
0.2998856939302823,0.7361747840650376,37.85280797807516,0.9894438872565192,13.18472540402502,0.001386657833483509
0.11272033212784621,1.1546625589459885,40.93525440380705,1.4701264565697238,23.574649249862333,0.0014031964170959027
0.0954955626856707,0.9423971417848694,36.578042703549464,1.1971444079455886,20.393372538468565,0.0013746434607310903
0.13145165971298683,1.1976563853001931,35.819371897767056,1.969693857934928,39.65202662705581,0.0012033183849821702
0.1756240033366541,1.3132757857323887,39.84550147533872,0.30510947312837633,226.6843817819474,0.00152997279220386
0.02458245319854803,1.4968739986039883,47.91085175966493,1.1471323488074745,320.9328175170009,0.0013311447616954114
0.274125480980418,1.0467125740822738,45.90080219503746,1.4816239450627693,96.72748110918944,0.001463573618661109
0.15519310085013974,1.3374200299788042,54.06685403778067,1.1483540379040638,50.71604175193587,0.0013818149720522897
0.11802960581464664,1.0753022243441759,51.01746462100212,0.9826428831780695,59.71750849339574,0.0013807794619569613
0.09880433055516159,1.3379716042319447,54.3468658321237,1.5479031131243406,26.69418136985074,0.0014889850450271274
0.019915459285257096,1.6788070742233,42.920710260196145,0.6105852711482875,16.80177704704297,0.0014342452475786791
0.019093789926883008,1.6918873296455197,43.60035469417702,0.5282780136869485,19.386409051749254,0.0014278565537618661
0.322228247970288,0.8546288300704794,35.21844219942684,1.228337467462795,1.322622583952273,0.0014900822061922464
0.015277959511829914,1.8296717443814952,42.24975833658113,0.7814628570107358,56.2637196709441,0.0014717352010342158
0.13684019457125166,0.7007397154673622,40.41756470422182,0.4336098714213296,184.11598431428365,0.001452631926591219
0.12701553987816833,1.2263238568330304,35.28628251949969,1.8399253736951946,516.404781761633,0.0016036628302650143
0.24091763938291458,1.5671339093560674,33.12171589576882,0.38679615456798944,222.57921852846738,0.0013100513515994108
0.07797182010476296,0.980349491426441,50.775135561574814,2.4761436145429827,410.35570037043163,0.0015073702511863704
0.11974489859249393,1.0068746442351573,38.755727524119585,0.9241414845930906,261.93157736830284,0.0015987987632473679
0.1935532599385307,0.9603406685352052,32.11691780446084,0.6684914795608041,88.7312035792385,0.0016636803884179068
0.17862867166618235,1.5865255476295104,45.87214166277706,0.26109889298814365,245.3586119289001,0.001591877880755051
0.16546083929874988,1.7548519104049836,29.716839143186096,2.7670449469976073,948.9295598127878,0.0016022361551096195
0.20276483644232998,1.5413336888112332,37.764770926266706,1.753943936816559,1001.2659534534652,0.001596166716569103
0.15159931542468127,0.7076230976238024,36.691553978247285,0.5062743787147773,308.66812936667327,0.001464852742381908
0.2064671366458621,1.7578136144702674,32.36931711041089,0.6144070000772988,40.91559747116685,0.0013537521240295748
0.24472411114025855,1.5214012691058747,37.57242921356529,2.6735441004034355,38.23576671915937,0.0013968529166197025
0.12332808708620617,1.7084193517615764,31.286941979764677,0.41202952607975435,43.612760617620225,0.0014520062408776549
0.18038076547281773,0.9800401512038373,44.50933996954275,0.5662120011920775,363.1972042727617,0.0013482525777893475
0.05672574210969873,1.076319454880597,35.9138637837362,0.4002777272586021,461.3046473229943,0.0013956095717350615
0.343851155997465,1.3750658689422395,39.15541655882849,0.25199277168651335,484.59958699255867,0.0012586880721292334
0.037699978556368294,1.3631288314203085,43.99897319167092,0.3912353299968522,292.9390359897704,0.0015485601184347375
0.02923130514253096,1.5947174663217385,40.85276595377593,0.1964066032110947,96.15222475710125,0.0015565132172111287
0.04374167532957301,1.4719445202373758,40.30295541432701,0.28057856303108136,143.18088090029036,0.0015443501414790462
0.1530156617324399,1.3634929501243167,38.7267011566232,0.30276452555202543,489.36033610185706,0.0012604205309634609
0.0683018820826709,1.37274637644306,37.970038786514856,0.43709895751324745,235.06937282745488,0.0013415882707865446
0.2872208905757861,1.0981847477305755,38.475259687025904,0.5659554294025373,415.62768930895845,0.0014632283011422223
0.14544088444164335,0.9122315991124167,37.05574789785457,3.5524952232083233,610.0572214309714,0.0013939125549726349
0.21177261014051058,1.692942756128869,38.48707506010961,0.2392693529417081,166.97864483932506,0.0014622845927095905
0.17142911837236502,1.7493791261588036,35.653752085751655,0.5369069278431772,250.43201289108706,0.0013318897054594688
0.18936151288982678,1.16800772789397,36.928609420622614,0.17572053420260975,529.8807519535752,0.0013589849872579073
0.1123904453061402,1.0930433943976912,38.830923782563154,0.6279921794153469,889.9226741711757,0.0013041140639537454
0.1496030743080263,1.171750498671609,32.71196768349697,0.8579766662172302,134.3975619476071,0.0013935201000370516
0.1272197154931729,1.2876646445205557,42.29843829090108,0.24994489676209056,12.239396854918079,0.0015722192810989394
0.07200792050205704,1.0953504601611568,42.85478220501692,0.09567637071567946,13.740424791338226,0.0015267696822696183
0.07472747944950783,1.7891926591248466,42.15844940959552,0.8717994285499009,60.20899758980939,0.00148173118824458
0.20705676536450868,1.1049847754528939,40.108638855943695,1.5617308416469442,342.66592063492476,0.0013822966939387128
0.15035537740236593,1.92004728952563,34.80418191591411,0.8904265547527984,500.6760960594252,0.0015574487707700614
0.13448216358376072,1.4502162819341144,37.41224207603498,1.0084610179085858,513.4569097521166,0.0013208872782204647
0.10310194603662146,0.9381250760815497,36.02562973884139,1.0417564575333123,544.6095480340389,0.0014989319484942293
0.2991903181877607,1.7995811381872244,36.65244491066872,1.0225392967277358,446.3117746570985,0.0012631247677058204
0.048345341584828436,1.5427344624746016,37.780576356643614,1.2337943096495039,452.0582907035535,0.0015548735826906865
0.17621080595296265,0.9959596770688921,35.96844519257233,0.6511230113509057,316.3026000512807,0.0012297465111751546
0.2140053753284405,1.2017400628502806,36.472828854234784,2.929581982801468,131.73598425192608,0.0014533533520456076
0.0692914863106642,1.4690064993416265,36.44827972231986,0.39089035462913235,81.82619439240081,0.001456413103794557
0.11728568121922292,1.2351701811807025,42.12909027567068,2.148948936727549,36.446111492347356,0.0015116945972103724
0.31559238189028865,0.6383807193531812,39.79568100767299,1.7236619639416855,15.53602335892103,0.0014547883899704793
0.18901697330233583,0.7473395120386728,44.08235442353342,2.4213152268123324,16.170748710477408,0.0015613294436510206
0.2217791797713002,0.9618913599365093,41.702268431869115,0.7051153218198342,63.479084496575965,0.0014744495221380386
0.21750181728038295,0.9498332676807633,39.16174371666602,0.24300265031820534,95.35217444719146,0.0015223357917323718
0.14889904997515646,0.9384410452432933,36.825997174965174,1.9123176358362297,245.82524747452848,0.0013147000181731373
0.2607672080977206,1.1266848149151356,36.80058546943229,0.4699423575044726,62.83161371014978,0.0013219556457384845
0.3638401104705818,1.0207460971121454,29.479683266267575,0.8415534443838169,36.67684465619201,0.0013823349165538361
0.28902950593731014,1.0343388266090623,32.984392626490674,1.200274842487453,51.9634309830931,0.0013410479749241186
0.08114129363276444,1.6710046509860386,38.61125214755085,0.4707484929934162,137.7270805289233,0.0015256680900817671
0.24839863802994472,1.0849153788959465,35.15218501059005,0.8752679133970916,745.28543986558,0.0014128142521257045
0.1605488608467125,1.6247074711900311,37.7393419338624,0.22098594801262472,455.6605430120082,0.0014983819398306176
0.2253375995085582,0.8356911923004485,35.44660808688975,1.3548084117427361,363.1619731737116,0.0013638180815716433
0.18559127065209133,0.7642770571713214,33.84329127326378,1.2935566828964005,369.6077064417952,0.00143301812826435
0.19965707884123726,1.9123119315680148,38.93430511488953,1.3185412284029323,274.269091426157,0.0015477798779013551
0.20401785271672326,1.3436272699793632,35.556885499500595,2.0752133708173974,525.1534595436498,0.0013823258084732382
0.3380421039188669,1.2792778556803996,37.56714529764067,0.8529812554960868,878.5713149375447,0.0014679714124536853
0.06263642673109804,1.3380706067510317,36.80813313643999,0.09848163544000677,318.27008486491735,0.0013616493699381122
0.10294623255028518,1.4898252799302676,43.84196304171141,0.026580558435386856,902.1551725223542,0.0012550513419681485
0.12138914712110394,1.612326044577168,37.7867928994099,0.021719358266003297,203.84687312203445,0.0014518560554281092
0.025720744916286998,1.7968231807022024,43.14209784181027,0.039558222887595036,857.95698958762,0.0013977190361204991
0.05307011428910164,1.5702328357827813,49.2090242351655,0.1630993024136122,386.73391186473214,0.0014213287657002071
0.03387329521310881,1.647656546824531,41.47256739988363,0.20858591971894413,464.0079573291488,0.0013859512712777974
0.08037069712688717,1.617672914279629,36.506316145980186,2.985124440060515,121.41722384831205,0.0013252542931218333
0.10136541376472817,1.7089674573819726,47.80359530286569,0.1323121151935795,617.2596891861848,0.0015419841876397006
0.08336498233757449,1.7663763696331347,46.88624636427435,0.15995332766115938,539.233776285413,0.0015041092889385324
0.17822057629968968,1.150593193854033,38.474327103323894,0.22493882269791263,40.21635918882314,0.001361543564387173
0.038322937005855845,1.9062398289599216,41.204883942017275,0.20729344023371485,1300.7057458909042,0.0014556602692466182
0.03812740408834435,1.9075543283195886,41.36328133344321,0.21001984161309578,1227.1464887382176,0.001451316800353723
0.018673494709016726,1.968327461308143,40.987982033621236,0.13799497377180775,735.9919050653376,0.0014389313895170723
0.034978041279435414,1.963231882184405,43.50777616485553,0.14515608243483305,924.3153148302714,0.0014335048097570506
0.04224076848542331,1.9703750473614443,36.21339042202504,0.17035076075750172,460.44293280037317,0.0015420761254342139
0.07595533998571201,1.6099793577468977,42.04908619862307,2.252803827097217,512.2437389934972,0.0014553276923233627
0.3201119161629783,1.2162386084240386,39.428241587754194,0.5666129873996562,490.3173340725334,0.0015308556785291513
0.09246511504661613,1.1466562247796097,35.55545612515281,0.21026598335821636,658.4546397347486,0.0012228072764018769
0.33505172609956885,1.1596196098847942,38.845200276206825,0.20894633639111043,407.564928995333,0.0014095681599474684
0.20670864507436587,0.7438829954428833,35.34573740962562,0.1569130302771329,996.893937212373,0.0014460142179591067
0.2200922998123187,0.8089164464655474,35.17635533370292,0.20607700810933063,867.0542231457881,0.0014978320478830766
0.2174284761536358,1.267340850850856,45.19622897009408,0.28149012329145184,513.1600743182959,0.00132644191320399
0.18461419633627948,0.9624527669085408,29.895575695578877,0.5649380166595582,892.9802488106844,0.0012872011948029335
0.13344957412952319,1.3350030002827529,35.002753811908846,0.37859242912569757,758.5985488765431,0.0012739506848507805
0.11611991716320613,1.3748023525242326,33.75304429975265,0.360316697664177,956.5377196696102,0.001264320981336505
0.16788134865566906,1.1705473164782967,41.542669532467315,2.210994569230411,81.49708088083769,0.0013942586374688782
0.24069409539498918,0.8016313399242266,32.792185394247696,0.8595363859054765,30.684509675306895,0.0014803468512903303
0.23557688475758562,0.9480672591752676,33.27164596457991,0.4515279937923789,63.83245968225055,0.0013798555756544932
0.03189794278555222,1.8345892247201785,38.06971856351104,0.7357445194056335,73.93077220382146,0.0013604711148025362
0.11998880390499801,1.4006221956798017,41.05344455333502,1.5593463492071926,920.1536190342213,0.0014208423855631728
0.2696278824421757,0.953315068063452,32.987090459476434,0.8574347964530341,307.55327031351527,0.0013226248044543422
0.09421898516633949,1.229446707542116,34.34422457620813,0.27106752541517876,101.06559044208718,0.0015001255879426778
0.2567529418484949,1.1124486671345823,41.82445175118666,2.3965237138319972,1049.700550301428,0.001478083324416544
0.09319563694359327,1.6981462130554992,35.353653194304364,0.4477887356450758,202.94551562851174,0.0013860910900913926
0.12356543850318948,1.1903636571105858,37.40615430000486,0.31420911663949724,794.4353046344638,0.0014238117562845138
0.20180742217148634,1.1997278444990185,39.4893868875918,2.2045534781224636,344.3344805557755,0.0014573799322898004
0.0943985375724268,1.50870159829538,42.99732353115627,0.3022074760864123,613.8308615419661,0.0015025795162089438
0.10322604621240666,1.2778823448652463,43.46380659787848,0.3348333654354242,559.3147420986564,0.0015590442261535506
0.03380229405589955,1.5732483478860433,40.04948648645632,0.19909724192344944,607.6194160640256,0.001415591809334827
0.053867906448638925,1.2222449147442627,39.68550941093148,0.11163749104082006,448.0008480384965,0.0013814151012118729
0.06162700525142556,1.5405913057059664,35.00237055552548,0.3422078860814956,289.59494460112046,0.0013921823855102605
0.07406739428620084,1.3972781192871349,36.82506918529441,0.2807993510255068,273.6496370391505,0.0013956117161494767
0.15497708156195764,0.9670619587797141,44.2235886595725,0.037368775143368275,322.5706135101998,0.0015908019960689003
0.19643178816097417,1.6140386760035064,34.643404751288514,0.09240537658313248,91.76812782117744,0.0015628575124704838
0.12236040033624464,1.0912600273509787,42.4647888324762,3.2304288012092988,280.54859507958537,0.0014605480678279814
0.13182255320354672,1.3106012855460922,41.47947195544179,0.05484183154750412,514.0237506996513,0.0012767887226307823
0.19813022093372504,0.9469168004557188,33.667588304546236,0.17862859433861847,716.2693111324513,0.0013196552219211482
0.18305173888855614,1.8431924410957365,39.213835202600805,0.7535185998304624,1109.210882026908,0.001361843773379701
0.2169061691147888,1.076421216386054,33.421738430790946,0.35380591436007264,214.1867120681311,0.0013834863976294343
0.1583898436192639,0.8944022181554582,36.595698545047966,0.22483182638524762,434.97713341161716,0.0013528414353736317
0.22053011191104877,1.6474950614114705,39.0675122825922,1.6052559751053121,605.3805701310289,0.0014970430072793113
0.1889758136561015,1.0076165302007385,35.45959345274356,0.23106907205896773,654.9186882965255,0.001519990723549559
0.12512995953710684,1.9114709597756219,41.955870439842286,0.044272380465809884,347.3616403644143,0.0014538755282507564
0.15024870842572088,1.9137965197252866,36.131782275811666,2.895832627387578,534.5316749332989,0.0014176087897733868
0.08429040537475313,1.9849699780021366,33.11412914345759,0.9748050488473102,506.0950897724514,0.001363146656101831
0.16153369060338468,1.9502315131373626,41.7443836481885,1.3343156375624068,465.94237566818146,0.0013913841124560218
0.20480830450092086,0.7453435756669315,36.585608172236974,1.1625369699855528,196.10950084559914,0.0013412551818883795
0.04402837205351686,1.6486910106008859,35.07097544782098,0.30037154138555217,427.98497826747206,0.0013769255595766615
0.07813861800176648,1.5529608922139597,38.56856079999922,0.7286741338456372,1023.2610870603276,0.0013622831356079697
0.2636132824345915,0.6615741382387262,40.90274603888495,1.5039265047711243,164.58317964239166,0.0015179379117013613
0.08876350107101338,1.6799819422951834,42.57468204890391,0.8282167982285333,1214.3518255209558,0.0013757130180696738
0.2855561753561343,1.4139138864316203,42.44408944353998,1.062563829673278,38.5199932504209,0.0014203444617628892
0.1588051283081477,0.6751951793130936,35.44876044040098,0.7326891869468605,67.69342026189034,0.001542914766245978
0.16718536343105125,1.7792897231332554,33.607126993276566,1.1919019333884862,178.40563227199678,0.0013028722698509205
0.13714800675137,1.6836116567838166,42.71432122900105,1.3049135706651798,49.915639301430915,0.0013838768456276693
0.18014455093546045,1.4009880207227738,41.98311980800749,0.9890952294394736,47.106546365949484,0.0014121723240074417
0.13474655016723014,1.8557127243633997,31.619058163880993,0.30260295377925633,93.81851229809608,0.0013907258661796564
0.17346724252901197,1.7027708747725938,35.8456494605341,0.9386720584610474,43.4125599258438,0.0013492060429077604
0.35813864133240714,1.5431673472435465,35.878440931360515,1.4272569895166785,51.745589573328424,0.001370702682775356
0.23802747873438534,1.7349179733848423,40.40346808585411,1.1798698620897237,89.47833892480064,0.0014217681636284432
0.11824971311462526,1.4163059141206633,39.865388703548945,1.0478355732080071,167.35579399034862,0.0013940700808929797
0.19462274809556915,0.8238326077466338,34.853814805764365,0.5545023370516872,143.64578540856078,0.0014185132639868271
0.14697053028844212,1.5698087851389473,32.44021433178259,1.648472896720907,107.52333199823096,0.0013874978765323499
0.20591775113459898,1.3174371101302527,38.28857925254182,0.8658681657797601,77.27923369850372,0.0013598258492785458
0.0960655038793324,1.6868393177332819,39.00454814188912,0.10350601483502991,53.628344974874416,0.0015159346622044137
0.18876540987914384,1.4489960140924314,36.61429244748484,0.7234574306770376,711.6395635249557,0.0013482084329619196
0.2063494630349359,1.6934382993026427,38.989230999106034,0.5893777235210381,710.7075182771778,0.0014000764916959215
0.11043896751925918,1.3770813479484794,43.071221647374145,1.9810068982317197,688.8716345915404,0.0014958500731470086
0.08880518083043608,1.5837985945746116,29.960502332193652,0.5036775235843785,516.5143319943201,0.0015630531622016072
0.26094464340992524,1.2666355222326737,46.940843858356345,2.2161848377628925,168.30906598376762,0.0015183774440727896
0.25601963010542195,1.1050995822863539,46.72477292992338,0.46479044429299593,45.09905015048142,0.0013670684950184966
0.04798522836756894,1.9445172671188289,30.155277369974286,0.33992452569054704,153.10902966243944,0.0011913820991563322
0.04328482656968555,1.946889161745557,29.67258146810088,0.341092452211165,159.71808898220206,0.0011839002467202628
0.14902311080390385,1.6834932366957398,42.933050935807536,0.6776853464504389,69.60165646425078,0.0013193724433655343
0.29065952568254616,0.5078659048030851,40.04071912549429,2.073433276857494,262.95425140236,0.001355224431473177
0.08262437896166326,1.8332096976997523,36.267300640855176,0.49505895144996576,536.3076123688319,0.0016519948839265244
0.3211613668607516,1.1340483507688803,37.5213955493708,2.0918496680128316,665.503039994141,0.001393642391408636
0.039835902677410676,1.4890488994042672,41.175384113664464,0.22415825604857392,356.78748303345486,0.0014940210482165023
0.04623531237205348,1.5216288040529562,42.69524052111523,0.22910440794603493,336.37577057567137,0.0014770328904080477
0.06037860019532864,1.3328045845698187,32.03628162138256,0.7756456573796648,845.0389436056976,0.0013490111214316172
0.09345253003261311,1.899379287926305,37.84041062988229,0.648911035948067,244.68601861917261,0.0015066584751396905
0.2073170913625276,0.7549763714080577,40.49870415417301,0.5795796525906041,366.4191041226881,0.0013029757595743251
0.15074308987348992,1.5144166295327657,39.8781704388851,1.0574209344264829,587.6929280216727,0.0014480796110839774
0.12414438290039274,1.704285238861348,34.92625104172829,1.168399681014298,221.04848423754873,0.0013732756441345868
0.35185956340392355,0.5440887112350354,43.21239210627184,0.9751312857893615,1598.579730034374,0.001508989538908323
0.05542432464472016,1.8750045803864637,43.23169474693082,0.4643505913451212,43.08144514959454,0.0013621808367967618
0.025300011562272105,1.4156897281892162,40.3195641951917,0.7159373997245531,176.6989188356227,0.0014313477624409087
0.20150480444883095,1.2839039603370654,39.43129941877704,0.30763889088496305,1193.0433793728448,0.0013451899054758752
0.09968732837497404,1.1854155251079834,39.22165459101496,0.977247934562413,124.26047374259319,0.0013718296139452865
0.14700799904168974,1.2940879648155936,36.44728469430145,0.9502801351996548,68.89710774973969,0.0013489005143874412
0.04945957336903349,1.4712586831088172,46.22743118420567,1.6435715923842407,959.4228128522817,0.0014751999568472797
0.018142791919950812,1.762042682756327,37.598456099149324,1.5295183095664864,394.4416858557701,0.0014455430567857455
0.26378066670188405,0.7261631298873452,40.56380189456686,0.877617307728197,376.37863941661635,0.0015032556994165605
0.1077179027965204,0.9929921431160101,40.409943364918476,2.3937053769525702,239.32993525359248,0.0016056220760301923
0.22106054572418715,1.3457583261266775,37.20666788778407,0.3296615949686199,63.30576592803231,0.0013048872462277676
0.20362010424990618,1.0641535861696483,40.032595799864026,0.35317347397917115,122.17211735660258,0.0012984171217082074
0.15087844390184055,1.160408909083794,36.36747299573317,0.20947709280834342,29.551527150333072,0.0015161331012982062
0.16055826836363168,1.2737115008204007,37.85294832526011,0.4994379194720927,94.74683772333286,0.0012297876313760337
0.19884916991054896,1.1251622344055792,38.65156074043725,1.9749791497750142,474.24894523247997,0.0015295622669519284
0.2149802180328424,0.927700677850515,31.513911552314205,0.8947343524301348,681.6587361184362,0.0015488811113252877
0.01915699108853987,1.504898777804066,40.71913201018082,2.3970395906779602,565.4898805876657,0.0015127578799414318
0.042584637719240016,1.5326860462150953,36.77879096629198,0.6192430513707522,660.8633696169577,0.0014229837984429212
0.18217390623386423,1.4118560945393397,36.54469161392727,0.9587419779848376,320.5046539009737,0.0014155789702703452
0.08969642586073982,1.6036336765287957,33.0482059550603,0.8188870105412926,332.3172500217072,0.0014053823771900938
0.2149227486838889,0.7950086528073684,38.502012481428096,0.5165302694255377,409.2957040788096,0.0013672804841031296
0.06514539184983864,1.646600850175609,36.97103162489124,1.7310659892014646,85.12139599707902,0.0014031292269086693
0.20164740845222892,1.6527281690636313,36.45429178232892,0.617362903109224,1014.1850103961901,0.0014089688757584443
0.06447905573347777,1.2563788838791663,57.47208869575413,2.1737372873708525,333.07322291095477,0.0015940851024164888
0.12939295670804854,1.4881536794300045,52.26676600935844,1.41955309971373,614.684425457469,0.001447437171863347
0.26834968132568654,1.9144533280395124,49.2205718150164,1.5932945695829916,777.2041370014846,0.0014536701246576178
0.10968734250609,0.6231105956657847,41.1549259961713,1.3549481715996563,396.3601644806087,0.0013336921265899332
0.04720559793280028,1.7255073693616205,41.528322187375096,1.3349176200421404,108.5766758413196,0.0015331218867235344
0.08991247363717285,0.9127740953897201,35.052381252089305,0.9379537067862819,162.56881407445442,0.0013379129541623565
0.23060907497847552,1.7703680441596275,36.092143369730415,0.791610054012697,1144.5646175616089,0.0014636560542434648
0.1241450589310718,0.6173871249732581,36.246548838317615,1.4598885901465153,66.33885602601404,0.00146231962958885
0.09898937066355847,1.8341561927780126,36.64501628375648,0.42831773569943377,918.9762140648484,0.0015345101389922363
0.10336073351413841,1.8330848732138902,34.89186033601993,0.37314368705024054,1030.78490429294,0.0015364980005246297
0.14960520483622977,0.7566197776513595,37.74641275728003,1.9789950963312641,96.83192839214124,0.0013038605526934299
0.2085051155228427,1.586426539727054,33.42250606589544,0.3775011175517661,458.3188609902701,0.0013511780759568053
0.14563157447253272,1.2021352270760142,39.08822267214927,0.08898580324389559,158.04598832123636,0.0014216252811184828
0.15065170783578527,0.7031124704614311,43.06002770208448,0.048434110554166375,211.12944985535617,0.0014499090072628356
0.14048360471396967,1.3101284359473568,43.82594979426139,0.04115593599413873,184.1682364395319,0.001443266060651792
0.15765025927872947,1.254154557737351,37.07376608691311,0.1175788248908898,502.5020068174484,0.001535883917738898
0.1656905969085828,1.39065632904386,42.75810977829128,0.031166657397495093,214.03527661362273,0.0014334956724078134
0.09239047219159338,1.2977700735534428,37.03520317129489,0.15223641763521437,115.93561059600752,0.0015291441619601537
0.272324627925932,1.0818912687417663,35.9457137406679,1.0892168273854463,139.16987179559158,0.0013214603091222569
0.2412304374974296,0.6469688011487517,36.39179999345664,0.8534284688590117,159.6316255766149,0.001509941216746681
0.02355329725848151,1.8490598826627735,44.027896060561474,0.3156045066880078,284.3174494898656,0.0013335469585641175
0.0633854156706811,1.5450878399386176,35.28806025444676,0.5850541138664105,782.2704166576833,0.001666859141972838
0.2895431379788816,0.9957065400196776,36.247304143421026,2.113939916697318,448.26148639417573,0.0015954743101404376
0.05496156673244059,1.5708359742270854,38.41179393685415,0.12682656278212545,294.94318332269114,0.0013823923544165574
0.3374712191607196,0.8867175353887663,38.479605884004314,1.6170878132949436,643.9572924425704,0.0014943627384351712
0.24351208274717598,0.9297173826680054,42.07643259586505,1.6971241123321044,441.74494889774354,0.0015120582402140255
0.19874463965200076,0.5446500480257119,40.67100805110593,1.3620152256378668,495.51557582104357,0.0014725225157709958
0.12365317470688889,1.9821003885370818,31.362559722727692,1.1411217367647866,220.05027194623906,0.0013128940530230922
0.2570795107244258,1.9822884508189886,40.33156845117288,1.3908333416854555,179.3526110306218,0.0014211175611412727
0.34361969391771624,1.9430780417292497,38.76165501069527,1.6368823055914528,234.55695133136868,0.0015041593489333082
0.14677779299772564,1.354265665077667,34.05659307946211,1.6365286057652408,183.09303020321786,0.0015450436692202405
0.2592813098121583,1.0963800847698788,36.12734294859701,0.6017370563830486,846.9064353204875,0.0013399095812511284
0.1931897917442615,0.5020107325225522,39.485299740067575,2.296754820621707,720.2630719292524,0.0013439651629271695
0.20643678514465755,0.7943873794943378,41.8658647018773,0.5199486437550804,518.7584744336028,0.001482835222324308
0.03666399739452528,1.7773886149455393,33.60419022063715,1.6766619579631752,671.2278040814373,0.0014187657604951445
0.013856162237603768,1.4834025076281998,41.17610624271209,1.9520892588207712,475.0922944168034,0.0013134865060782396
0.04828519984851656,1.4640261142618434,40.09862603851745,1.3205053603175894,409.52510862401806,0.0013359488759497648
0.34560481804585585,0.7015838694257424,32.36780693770671,1.430187997408249,148.53546376766403,0.0014342561616174487
0.36906750204349525,0.4594231928183729,34.24955641469058,2.2762774016276786,154.99089324087183,0.001422802968614724
0.08569418715352617,1.6155615198430628,39.65173533027496,0.3607553738313928,185.39000192818006,0.001262146612797697
0.24445822857778599,0.9642297733020936,43.33880339036798,1.607618685077188,771.5133696080361,0.0015146538628731275
0.1256157302517827,1.2062800453800464,39.40181488120807,0.4642069357628619,296.2276279277657,0.001471684347406592
0.2544968321984637,1.669442933572252,38.3373162478607,2.0585637912927806,558.0302117350741,0.0013461869993557454
0.2299873217285187,0.5609656839614335,33.154251819661354,0.6870682581777859,395.6792516642867,0.0013897025032396084
0.21588325035230616,1.7985079535151511,41.04093460910564,1.9295878479279456,405.80811061324664,0.0012389816290907403
0.19482254555626655,1.8161974645757932,31.085486942649116,1.8813940016044726,388.7274900056111,0.0012419902293785729
0.20797322566536833,1.8151674409884258,30.22354514194665,2.1125499936018444,390.69340255833566,0.0012420915897760347
0.17538203558240206,1.651649278481716,35.87123037873463,1.5816414645907377,426.7694962244558,0.0012516153710008244
0.2481520398369216,1.222458483703527,36.99433107692208,0.6349197394952594,485.3329983787812,0.0012704393188859922
0.1521348067465638,1.1490160990870069,34.54684928622218,1.8246137284777495,404.7034260141083,0.0013112785857128184
0.28692471039505546,1.6527577603477102,37.15464167570666,0.7703716596672961,653.5077191509462,0.0013600529073748116
0.14850087337349296,1.851555960189481,33.20206158573199,1.380235470959779,516.5637185892379,0.0012968659066056479
0.15585813416116284,0.9491229188802603,38.54493402372693,0.5174975713832819,420.92641018716057,0.0012332546322333681
0.1426523529350156,1.446061527833047,37.430513487678866,0.17557943967120007,372.4989694984801,0.0012397181129484903
0.10474325427556422,1.201848679854778,43.17574242591369,0.10759799341300556,515.4424240569247,0.001349295751936366
0.11902024309403064,1.0484063327376951,41.77332742055018,0.07385961885869728,492.4744329209494,0.001380634565456889
0.24483839696371418,1.4374942726000437,34.922694656137935,0.3282819376577399,178.20276664596653,0.0014033615962504484
0.1413787801544117,1.2336309374129755,37.39580319887442,1.3105436466817402,315.0786888136828,0.0014049920869526845
0.26828852227209565,1.3463443492718652,34.99100986166483,0.8785357330888623,852.0793063874287,0.00139047662897928
0.1249126812619766,0.7698635607507825,41.30285627840453,1.8439148985758846,283.16870276146057,0.0011728287893247543
0.07763063147615577,1.2891929246466065,36.862061320709095,1.346956890859983,176.14687071009556,0.001212991876951733
0.280949934583921,1.087950282551417,36.02465094577491,0.8745516223544293,139.51787779750865,0.0015924479792884508
0.13093690185654566,1.7491556032728386,35.08752048708942,0.8504066913838751,245.03745654976336,0.0013718315995712555
0.10080836789379768,0.8460171167359245,42.73914516967134,2.0867937229702482,193.39418164174234,0.001314128372777472
0.22177507733257862,1.1811661676670584,43.50253821875961,0.11175942111143033,161.9817212126394,0.001505043273590969
0.2289440570554805,1.1898665619426845,40.9569634137469,0.3411165655375617,374.12394736926,0.0014794444799757975
0.1964444072446976,1.5100004680133159,33.407086193157426,0.38908444953332927,131.86643836466635,0.001440577516991381
0.13672137025278136,1.414630320018242,36.63924074505467,0.6592511794420465,54.219690139832984,0.0013549956880523754
0.04572391029776679,0.9589662448195801,42.34430669955941,1.1694273510911761,194.15588252605005,0.0014893771801782454
0.2933603163047339,1.650890479976489,32.087332299428574,1.135717322147717,119.61088353089804,0.0014721010928181633
0.03467232426760473,1.5160861417710036,42.62200253496402,0.9675279949801305,494.122227326221,0.001353773703575967
0.04523180563130208,0.8809342144381157,41.559300468974286,1.7239118179621447,302.8511279821889,0.0013841605157230835
0.015550089873402511,1.781457012202447,41.97892179244809,1.29748532560118,580.090205000771,0.0013002180946805088
0.035795492940022135,1.1521955801304185,50.26298272132319,1.4320861405541783,476.2027361714001,0.0015209477121952927
0.07019738160272639,1.7034828166983478,54.146853500435114,0.8026800908211846,716.8982713922289,0.001418747757187104
0.11045015742145564,1.7915516947640648,59.395279352652906,1.9541384186556086,217.79389830583952,0.0013892999106062706
0.18684253697657321,1.4555042250079255,58.91812979931838,1.2862450734529545,564.2844645288649,0.001390237813990551
0.028507883230882658,1.7547222449503113,47.75922547306454,0.4912690688496094,421.7054417039144,0.001426660244060935
0.12378788699416654,0.9159771566735043,33.3798601374628,1.077651998246106,353.91770617741565,0.001432036568037389
0.14510130383549566,0.8432514606179635,31.37298959388218,1.072988016054658,544.1684723170766,0.00143619551597652
0.06532741852154221,1.5244465394366589,46.29451300944675,1.7245240425214485,664.5681508880116,0.001308537899280916
0.027299357042817773,1.3096446912660853,48.049196804101854,1.149327989287147,584.8297402350964,0.001392783081813303
0.0884351508061733,1.2571936486426771,32.48203421620015,1.0053490912156302,260.3533560277987,0.0013554404575604527
0.3005362533206583,0.8082778941017761,36.19698940850193,1.1261218240350341,479.85068155850206,0.0013303772040037557
0.1265016425185653,0.9303494126187353,34.41240863342224,1.2769055921312162,590.7583928209314,0.0013670544137826524
0.0852393612916946,0.7995252729520987,38.84357303006313,1.7301312135519207,1068.4674805904917,0.0013874502866830399
0.21100434941675697,1.3979552352373166,33.29969570123756,0.4304217200807381,315.7475635720025,0.0012940078997818781
0.08435487772548164,1.1720545259925785,35.410270672114144,1.7963464730465377,1032.739079456257,0.001282970323136023
0.20937602739129302,0.7307611114767149,40.98094071900118,1.781444430539638,172.25730729354785,0.0012958351716362432
0.09732046282978275,1.8467968961822092,39.88291524294343,0.2657094840666713,87.69582389925938,0.0014905581700147275
0.278820174691595,1.6174473258531923,45.371753896102675,0.2586524339035825,59.49873655463954,0.0014851601491829855
0.10052764910599049,0.9638231332576537,34.85040533340689,0.1951968165745499,144.70779061946098,0.0014677515888919816
0.25816764805736714,1.4673320434731878,39.730336091821,2.74738929200211,536.726527318407,0.0013355050459184414
0.15712587099108252,1.0208643342961528,35.1336768701034,0.3598742147606895,49.66719270431479,0.001407800213674503
0.09512405461121312,1.5090055716277797,37.61059555193381,0.5867033329151461,32.27559084242342,0.0013274192468187471
0.031409951238908135,1.4987167586744865,42.02107409456598,1.9414011120773347,1595.3764084683235,0.0012413027521803303
0.1293360727922972,1.3508023826446616,29.152381783851222,1.1598423748458593,176.89307540609573,0.0014171338720689983
0.018921423063228818,1.349332416423122,47.04742011195381,1.660763173995287,73.39310559011625,0.0013367520151641049
0.13396142937605984,1.3908675537686126,31.910941510479372,0.9175669464701306,6.128525762250421,0.00140750079369773
0.26453813221065814,0.7673768829591674,41.08575871875574,1.2393501600322214,74.93778428447067,0.0012425754991028575
0.06283995357458703,1.6288768528727489,31.80852613991134,0.6372436735511723,37.76075351165171,0.0012722060254461384
0.10744611108270938,0.8360375008163655,42.23009706989139,1.3301886385164476,1030.0194548508825,0.001515444490099206
0.16807483616717947,1.5444490638751143,32.76388315008274,0.14548809631961016,135.89037703822297,0.0015448472778626984
0.1251306539134397,1.5754206136728366,44.643859961844655,2.985171286223782,402.597082660895,0.001403637575380963
0.04257244712801886,0.9321039192861309,40.599930988992135,0.45823261337353177,1142.186641959625,0.0014129316873781504
0.03055807696648024,1.6468850352924418,38.99326411734931,0.8400661733187719,424.00166972106985,0.001405383770813884
0.05839412519610057,1.6309922594613149,36.60770862527962,1.1954505482822722,763.3923006841893,0.0015793540599842177
0.20244261366062985,0.9663170389838969,46.12028894588243,1.0685444496443481,193.46569273169223,0.0013735617630182583
0.10909800929030108,1.1737037864527946,29.961274490568957,1.3956161363777861,286.98065201632477,0.0014020966661935608
0.34842289160274337,0.7689646764862254,40.184360843095064,0.9470365991546886,166.62545852552495,0.0014365573221320521
0.2822778655663975,0.7564401578346316,34.071677760418915,0.9472612771057962,194.56980161032916,0.0013521885989035364
0.2467509908508011,0.6455733647373743,34.13405963896789,0.8272263653756983,231.6536594482574,0.0013363926270009798
0.21350831234804907,0.6005557927082307,33.86478862266362,0.8397436782496809,237.009433055259,0.0013690446773689524
0.09906128484685665,1.869276776880678,42.121240568153425,1.4191890293575986,704.3155908984609,0.0014939870796605902
0.035771131469994874,1.9638039200351882,34.47201108371074,1.0845482553131605,568.1767100454102,0.0015150210704332292
0.016332164212568327,1.6504001245639695,47.478790844099606,0.7257514743419722,942.2922404270555,0.0013926460803153728
0.019106073568281923,1.5526616556045862,45.45811337823946,0.6541320543404182,914.4972459552714,0.0014705581193071246
0.03837874286158243,1.3402315143066457,33.208447686169706,2.5452302101667232,487.49932803171765,0.001359047177251609
0.07560043430011891,1.5337931503752191,37.77574942794389,0.9713212101854739,588.7110681265177,0.0015079950287112075
0.2513454542003763,1.7930007971300925,35.57863511525047,1.196366992677044,392.32663498313576,0.0014048870607959458
0.10558659484728967,1.0354311145766169,37.8896082224218,1.100195199999864,94.89523177420233,0.0014281803780606906
0.029686328688287168,1.6605892216035516,41.697848268571,1.305107613272683,32.037289843501156,0.0014506492743656947
0.027370859753523026,1.5643010617538313,42.14361993319815,1.2253030832144653,47.14237976965105,0.001436371685981037
0.01796807346155033,1.582122078866656,40.69600851375784,1.2716378306323626,36.13675070639239,0.0014362179762121452
0.020746042656597498,1.6416307105404047,45.959561755948876,1.6992928948096861,18.948898782876665,0.0013007303621334213
0.22381792321699587,1.4661180940956187,32.92176652263793,0.6556826544759853,110.74094885403309,0.0014586852593078238
0.0839253801094277,1.3879210659790877,38.744409132550594,0.5687128070227933,73.17139506574547,0.0014591588530902962
0.05885287772885448,1.1344638031862475,33.99571593331644,0.963297650199362,170.82490366268203,0.0015330689065973218
0.05766337186400829,1.047182956733229,32.89287780157595,0.9382146077319782,153.96834578395612,0.0015323329218416529
0.09463460756617079,1.1212616652925935,45.66435532870338,2.367120473629794,235.5284022078559,0.0015564208104585186
0.3790103245308962,1.3030993168440894,31.83757547216203,0.6476508740692456,142.11960960783102,0.0014978624857481966
0.33917967595132553,1.089966992973108,32.64320055847286,0.638463043316498,189.6159730095796,0.0014651505448057846
0.059803788578653504,1.140300513997685,43.19452361047631,1.251026510990094,202.89614945928966,0.0012342064153525577
0.04445434656253354,1.4544672943360333,37.33989810130315,0.806729491794932,83.8945342525026,0.0013293672965688048
0.24401075993237503,0.9952546122837583,36.717187135837406,0.7199865783363235,33.93394409482507,0.0013382136484249257
0.17037973709217746,1.8881219334379267,34.27196712223437,0.2985758159914144,18.547661010137784,0.0013868994955120468
0.2453804562792309,1.6922170384218675,38.70554470960952,0.6908469175155435,51.490499449992086,0.001363191716799518
0.2057238577107147,1.733671103971779,40.30621102414983,0.9879112362798323,25.231733807282477,0.0013823501586282968
0.22447555805438404,1.3154990162163254,31.663805018859406,0.951065281025271,41.02571208169778,0.0011985474069563838
0.05681872489876591,1.9323599585842393,37.62677755954954,2.1781808374825435,339.9723277729307,0.0013657372537628928
0.13853816142430025,0.5791226077775231,36.05521570515718,0.2998998017579347,629.8800926317084,0.001609905975612693
0.23457705111685553,1.9159220769784506,35.322746944454366,0.07995402521638967,229.3415236577518,0.001290458713691482
0.1888615514688346,1.936014473513752,30.935927337364156,0.13224678906880868,191.79745634871534,0.001306441651035784
0.04137264028158338,1.306417212746439,49.457085798928844,0.534229232046446,696.2368817669136,0.0013891763364277966
0.03539154268316395,1.4573823071985619,50.22067778109983,0.7756499386514142,780.1605646536959,0.0013531595018886984
0.026527542233212,1.3467114084792533,44.88404334381775,0.7012975823996173,799.7913852418807,0.0014161619144034514
0.0387844709530591,1.5530361689504442,37.30973120758596,0.7074514814890029,314.2001918428646,0.0015759103663546305
0.06232615858991958,1.5319067357144969,49.481796528375455,1.5452618045178512,75.32556181711013,0.0013026659548916039
0.09825688237507949,1.3096216190941077,37.06278101409007,1.788279931756739,364.32554457888955,0.0013339682445365389
0.34294430072572984,1.2826696535523172,33.79718103501876,1.0317155299470917,845.0391888887012,0.0013852446983169046
0.2792796177132981,1.2676204359515657,40.20219167657268,1.0581760859056168,786.0988904664365,0.0013490298590591026
0.21137032959051164,1.0583253123006022,31.082313937853964,0.2363233405867352,235.96419679559224,0.001253458376200312
0.08286412709560118,1.4393751518952218,45.45722492320251,0.15273595841735424,799.3633421220106,0.001612434033358687
0.04676148909051904,1.4632190357341675,37.10947301340827,0.24458908796805423,122.69996838142073,0.0012349962196641843
0.0417699723988904,1.4449558176238737,38.40391578243147,0.24524230397173993,111.4817468828128,0.0011956648763433457
0.043687544148569894,1.7497947014856545,39.246117776397675,0.16643465874020566,44.39782105444295,0.0016549315286039827
0.12996261432495743,1.7478849066445135,47.01212688587004,0.1576567556524646,288.5291855816848,0.0015618491896178788
0.1780674308944141,1.5495883333914258,34.15315951482035,1.6768102450625437,296.150136321762,0.0012753928601128388
0.2123050376068631,1.5091341893574117,39.18049925461655,0.1890779575222859,418.96517516076796,0.001577677342697482
0.13406524794054564,1.5862239749905378,42.22674591276436,0.2711748887724908,516.0402476882455,0.0015337176731671609
0.21561268522525753,1.2257586233580122,31.72168975302349,2.3588615941150373,61.11507240886256,0.0016123901956333249
0.13675553154796155,1.0226929196721413,39.8296058245603,0.22353465860551924,376.87053728257246,0.0012627554445149539
0.2218951040082674,1.7428818674576063,32.97868566609477,0.3987743410539002,56.04839919657771,0.0014392563943266211
0.26213041829438083,1.5090989164412358,39.86100102691925,0.8704900959157472,28.072592977426616,0.0014057681111098023
0.11339288677162589,1.047994790822418,37.519026203211666,0.1168064190736011,48.27856708819866,0.0014049200910272847
0.178624576355445,1.2591051717669088,42.55865747113124,0.11597115880311816,57.879543324431104,0.0014302903971023422
0.2281172353429543,1.8459212992552105,29.661790752221652,0.18623712256517572,139.22765417279078,0.0015519013020551915
0.09160037409510075,1.8467225290973754,33.90003249365017,0.18259411655980923,205.71006563485838,0.0014640626689233836
0.32607849743059236,1.8981745486806323,40.26848000846476,0.5840009818191779,64.03332583623346,0.0013394338484346876
0.11220518108761507,1.768948630505931,31.69649196216891,1.9514983720728862,257.03259047957584,0.0014234968982987685
0.2352291803755226,1.8370598949953325,37.956635084659865,1.759977814458227,131.31044633778515,0.0013795949261902155
0.19598016963078693,1.717442368442484,40.34157439031613,1.3416680212022254,180.36589071295458,0.0013661912003532198
0.17568978395067467,1.4387875851016496,26.22362556655938,1.000388329133011,184.85642623232232,0.0014369056499524608
0.15369086160697162,1.8573555180275223,31.3908050977161,1.4746511620583138,601.4342986233438,0.0013195753487077958
0.3409479092377275,1.4037633343585383,40.54696483145859,1.4394759196165634,368.7853613941216,0.0012645133229529856
0.10513527297760426,1.2349867345992316,39.758561840419986,0.07579117106365059,392.5854808845777,0.0014523656163680345
0.08888177110519377,0.8219123718432403,44.15959387819682,0.12274805273667719,280.7447259979951,0.0014417681194604745
0.11201279290664397,1.2049004882169516,46.52439169916686,0.15232515564926594,173.07195605281495,0.0014086873212798732
0.027291019376765962,1.3435931788073305,49.52632441531307,1.432258111584906,972.9824968172882,0.001532204580154173
0.055108016599641485,1.2928953859312315,34.371563806564886,0.7396158328896832,207.36206740117015,0.0014137849308374965
0.039472298300501606,1.6190565240420585,53.18330421679822,0.8076221317244584,646.0645213954266,0.001373688804329169
0.03857058974938336,1.8457579066173715,42.24029300947277,0.29060685550754,717.0630290790646,0.0013874920576836998
0.12889651482057615,0.9478149343067913,40.39441649938192,1.186897061714989,484.2211342456317,0.0014007892343376126
0.12224741428153586,1.5403447783928403,43.428675112410374,0.39317056150882035,534.448522102503,0.001375499873966193
0.18014546484762475,1.4396408546772348,36.68369007904033,0.29977396205143625,506.79693516126906,0.0014312826939158656
0.20918568095864765,1.277023510910014,36.11382466442569,0.3228267073949878,520.203229365286,0.0013992064054991326
0.17823235331382048,1.0832126358598297,36.53732681453411,0.4488048581475637,379.92625333566014,0.0014393428429042255
0.2351918489625635,1.396675243869322,35.08007577179861,1.0718884570745977,886.8674634586735,0.0014190229262214965
0.22754707687029543,1.5028451673851584,33.49558831721449,0.7235990834304673,466.1026389842742,0.0014266846554365257
0.20892473483968224,1.2439857696281615,38.95012334625621,1.627805929537245,823.8022843966078,0.0014132431456108506
0.16135292800656428,1.1566497642238605,38.556058092213604,0.5059941877200123,312.9596217575509,0.0013297021303028816
0.20780491782617985,0.8764366342359493,34.2915558250277,0.7534666038326395,1034.297849445991,0.0013079359604795241
0.1345882041542509,1.405934303134995,31.644434424809617,2.5279246972854383,351.2755803991725,0.0013944508950117403
0.12742625571651744,1.4197365857701025,31.632877913643405,1.9846554251453894,338.1756218695361,0.0013377415935487175
0.07765010756406025,1.007230275997162,44.20287497814473,0.680816612799198,856.3653839925473,0.0013564480489203726
0.04748847817855503,1.6948727401785324,39.86346704344922,1.9220112991864031,216.62059603315498,0.0014410215021839756
0.03773463502792458,1.7008167224839807,44.15656483524641,1.5812494215136244,164.29340045925483,0.0014442533150382613
0.05154679376268305,1.183643531693905,49.75870822722465,0.9923087394134766,21.38280787543266,0.0015109560098049458
0.05406839503634165,1.2650832526755822,50.268882817070825,0.894461658380087,17.178016960418137,0.0014684718836171485
0.2670886966894914,1.634351322335579,31.99742354364904,0.7113915107072363,138.33773889164667,0.0013558688447520475
0.029322091731609642,1.414620489895368,48.74273461569857,1.7084934376420329,902.124453366839,0.0013682662191412992
0.30854145253699494,0.9341715500378855,34.27833429155233,0.7442685524328911,162.70970451124435,0.001373052642131236
0.03943355533288852,1.6236573341971776,43.604971563042824,0.0496726395570382,221.67304910368333,0.0013857576735007103
0.36482741813756203,0.9049641583625213,38.71340103981385,0.03699116371921638,754.5113643889088,0.0013544217729710788
0.37079836221988866,0.8927558200810205,38.23930896790004,0.02827284917935993,779.1079034571653,0.0013503088997726049
0.02390560125530773,1.7586939280487794,40.083291208605644,3.4754093961237227,317.0379592590012,0.0014058761707440178
0.022956208290298572,1.7720235984201427,40.24533327784029,3.62987998099346,287.8180702026037,0.0014073671618627147
0.06168502352015323,1.9027294759154012,36.5345513663065,0.05580711013633172,811.1221666732453,0.001539843106213265
0.09981188775596879,1.5102288473048675,40.98168255444828,0.20825965460066717,636.6714779423995,0.001456156866401151
0.37734551432243246,1.1694585193783757,32.61046549252375,1.4291069258460392,602.7300598837187,0.0014575785116872002
0.017156865553543534,1.617762536392058,42.903253221518234,0.7701760595957232,242.30929522855402,0.0013282013604422106
0.18674735386357327,1.0038554082788105,34.39662183256499,1.728176482899911,54.43619725940969,0.0015204975916615414
0.17565523809824446,1.6744863036769604,36.92591336333114,0.7258676511347104,803.1671490542593,0.0015384745840122118
0.21118539087178947,1.524290005752394,36.75789277953448,0.9601475097682818,822.5948782661175,0.0015306347561084583
0.12136156570794188,1.0817890464329536,36.12499769407542,1.0119186815010208,101.61671246560303,0.0013135569882624576
0.062204731756914516,1.58342522885654,38.20769908724691,1.0667629729499288,1273.2692192727952,0.0014324352329226327
0.14667055833061649,1.2567495534363802,35.11974973039151,1.0779841973118307,87.32911608542832,0.0013350716177848746
0.21023619246682032,0.8432143724060639,39.12674258685347,0.8223421131344164,316.84337221994554,0.0014191873929507205
0.10625507926183406,1.567804994960069,32.2747556194659,1.9076078808339436,779.5071873020461,0.0012287255755236762
0.22896838559810795,1.240481233464977,35.64355989986769,0.24605143037952362,137.2733308543929,0.0015820910176714944
0.27641657834416583,0.7679887637989407,38.95634641932781,0.638612468271959,509.2751749178704,0.0014835850157236064
0.3060046032296152,0.7014202816929928,39.90484480927001,0.42873478346837784,433.1083273307875,0.0015089959110467456
0.1261507208618008,1.2921054076411789,35.30886922633966,0.6502545787451186,151.09084309294386,0.0014899286282791318
0.13329516233314545,1.6950714422350603,35.10060404500997,0.08140198381925672,182.62741459163308,0.0014441564706248852
0.031226791996032673,1.823751804163462,54.85394340809401,3.002312500300106,778.5433699859437,0.00139099859945841
0.2921739753955582,0.9687861629545012,53.4227963602036,0.4083422553727624,404.8080462345127,0.0015674816986008054
0.14850422862592755,1.9876593311599344,58.567829833624664,1.1868348779195537,202.44425438199897,0.0012330723874602323
0.18924022004094065,1.9767862003427106,58.46370725287285,0.8585516297584007,278.28973747648035,0.0013280994129643094
0.2422848209400933,1.960324815533824,55.52303212582194,0.6510917951600359,292.508296011807,0.001369224774071807
0.2086339715163146,1.96470855482855,57.22014965282761,0.7006718870178194,293.9672331790654,0.0013624594090587809
0.11266520488519141,1.9840573866752351,60.23578501989727,2.1771584748238912,117.5353828487449,0.0014761041804544832
0.1306650751820548,1.9834015570444936,60.57836535638542,1.7126786501550988,139.05660172429774,0.001472273506587999
0.2256470054492342,1.3352479911137878,60.508648810607774,1.0745976303271176,1435.793166579954,0.0012757703228770427
0.11450392586217048,1.6717315311173004,34.01286008038237,1.4831836955005084,54.590455422194815,0.0014941472072154318
0.1983079801540196,1.3070267942925335,35.56205338187687,0.7755798400793107,887.5970951080162,0.0013450987799772224
0.16082552366318123,1.4363504963597837,40.71109605498665,1.3045361849426425,802.3982030564953,0.001364920678067936
0.1779917969147352,1.7405869915795031,44.45306188430932,1.7162875726840299,419.6824516948233,0.001308381608176635
0.23966777685471596,1.890065191912214,45.73530711433139,1.83741171844632,30.517369698747203,0.001465809602985278
0.156997396753012,1.761103499905187,26.65014949935867,0.6618624775428055,14.318657211004444,0.0015216605384326583
0.11157790374344605,1.586441482600685,34.13670836011711,0.7908483977285485,18.703396271665717,0.0014698401749419364
0.24846620654719095,1.2789282973926004,37.452818444710154,1.5164334979465754,71.81557234428705,0.001372184214629885
0.14091681108697626,0.8755261173421425,36.02621559622494,0.6803855025399578,361.4311152042076,0.0013502834759646603
0.23236332989759986,0.9548989661588836,36.43043873298448,1.9436026745311592,409.8030357642791,0.0014880551544211988
0.20845994721965605,1.0397124852117912,36.76797306466306,1.652189465087896,144.4185013865768,0.0014621559061689363
0.07838827560988236,1.449154308517674,37.32717974569751,0.3868054632038435,422.40383545723887,0.0012983013424304863
0.0824038670606336,1.4893341990051254,36.60242244566737,0.547796282636579,411.4909467538584,0.0013224255807190522
0.26455643154030917,0.58937048928656,38.55485507412966,1.3117428102593975,1089.605069526358,0.001335357285909533
0.29365934318385534,0.7545060638988129,37.44858105184002,1.1423435572556049,831.3955500784276,0.0013495108501631187
0.16077084423521185,1.0932935461905708,32.251198561962944,1.9976474700825388,68.66112583155557,0.001301362187169575
0.15054895276504238,1.120371628014449,33.64521250179328,1.2781682566484043,73.9058102484905,0.0013131645179216005
0.21032036454780328,0.9166022983676076,40.99703568263839,0.9067593527133981,230.0535232876481,0.0015354177947045915
0.14026594712325688,1.0803846529347,36.1882011685263,1.5523995436487183,402.3848707259645,0.0014844628184313045
0.1554905290548487,1.164454611795244,38.89336505134754,0.37610355475841223,280.02975421557903,0.0014060868830139063
0.219511375172288,0.8679679979747628,36.951502910389515,1.8368711953741177,647.5002127037937,0.0014646498195722535
0.16561718721968188,1.0220763298293514,38.914878508465016,0.6106974070188336,133.15484708506293,0.0013458031609431933
0.16249392108169122,1.368369028602608,35.999544779507,1.3761094998475014,1065.201361727978,0.0014967413466995506
0.19598309099865513,1.9406890807494295,32.577136971312136,0.203608568160542,21.979126548053788,0.0013463713133624162
0.09179442094093093,1.9102967077817958,36.973029179892364,1.2490571339847032,171.417196426476,0.0014039254511189106
0.08772144958023129,1.884798462291078,37.29250225881817,0.9259971724484596,201.62732984658982,0.001408332943322156
0.026973233635291086,1.8033021184045925,37.66072458457013,1.0128967863103224,438.1915787137667,0.0015508565912458019
0.06691546912868683,1.5431900334361937,37.438334687460745,0.5804624867601172,459.0316644164196,0.001629367607736925
0.04828089361022511,1.4387817538125658,42.57818291581294,1.920614852280278,398.574959629549,0.0012450757387371622
0.1322842208367562,0.8987054596611898,33.05805757753358,0.7755210871107173,707.5237434127376,0.0013731679454018252
0.2603123504370256,0.6703564601824601,40.19385467832545,1.9694889722701217,584.7546339063123,0.0014885150450534798
0.35673842287622837,0.6962928165834107,38.818293157937305,1.3288655541057501,657.5799300777801,0.0015338559486623997
0.31293727002709576,0.6006908591592092,37.09260050635999,0.9619769337373743,821.0741708447891,0.0015541874596979872
0.2662886880616032,0.8597193428441887,37.856784752432795,0.9896095650478183,717.187388190138,0.0014161507590493057
0.15408940463643117,1.3138617444881713,35.37327562627798,0.6223083136142378,434.2657739304413,0.0014281441098687084
0.18747160062838308,0.844331347307603,37.351580169995074,0.41279148681569927,83.70845939555834,0.0014316032724940855
0.32313534638511576,0.634764426474279,37.07689033380114,0.9319563288086226,183.25801668450933,0.0014117060943099466
0.02650339712196651,1.8279912889921768,38.6792214550197,0.31498445372222084,419.2782586227465,0.0014714405731615933
0.05392522090241993,1.8093442892396379,38.19788935811336,0.8353568836802159,325.21315796629557,0.001452350922731415
0.3102209945150529,0.49873340814398354,38.19922659445662,1.196264616338216,498.316062638403,0.0013179919990277424
0.135106129032807,1.314377136878388,33.48374758325687,1.4036940519500534,651.8979753482707,0.0013605285500919962
0.09307935707478204,1.344143844595654,39.90256620549374,1.0932235568126745,667.1536945913882,0.001532710462441468
0.1167827548731372,1.2846833651665903,46.02396155248893,1.3603206523449807,205.6632133982124,0.001291255459263356
0.04711127671165056,0.9798164516643605,51.15576232654878,1.5806844410398226,157.39144517469933,0.0011926481436888624
0.18119475648266437,1.59102209788709,48.32660375336178,0.8328768816974959,472.1894609187702,0.0017030381723459889
0.12671974630840857,1.7033058124436922,43.18352593355134,0.6036816330010155,568.2410019192407,0.0015972126769235766
0.2849202331706006,1.0269147550431625,38.00380935536638,0.28002666597836123,117.37665332439636,0.0015687962501741465
0.1849079164230826,0.5246470201815155,34.28275284268282,0.4812337588725916,110.68063946646096,0.001496074468104626
0.1617520663218114,0.8272323787422209,37.99027158910955,0.6449894687477019,110.93340569689303,0.00146759925158782
0.04507525020888971,1.3794893427738697,41.879486900787086,0.866481561080777,426.6300090667848,0.001252512499854502
0.03330866866981954,1.6654913996815943,33.58476373041729,1.0995276411669779,540.808602549155,0.001242380620425723
0.029722906323669737,1.6224232539939154,42.96491990550704,1.112950139879948,741.6443982785253,0.001326583026304011
0.03643304691605004,1.465360154392249,47.10267826081773,0.9365666723274713,303.576725744339,0.0013068538543913083
0.08559770304852599,0.9289058011738588,47.96772670446741,0.3723338735618348,905.4546364244991,0.0015514083894010678
0.20216045053537446,1.4157316942617657,30.049061821455098,0.09081864617663989,264.56327652225787,0.0012798581310286352
0.1243747687870832,1.267878129388655,43.77944225035958,0.26946168981380186,766.5027343126675,0.0013428761231248296
0.19283628378031928,1.5786201849089856,44.35199820809595,0.3090345249205628,453.7147501325992,0.0013372281736326395
0.20695501156790505,0.7522818751720409,44.67951815267778,1.6310082868641629,141.1526358749735,0.0013521665115141137
0.0825247351088229,1.7229057763675495,38.1506263749202,0.10959902086646897,545.8516852620318,0.0015164906920785565
0.09138708217639506,1.6557451389147662,35.56852602021035,0.11415256716216765,552.5808933418042,0.001467955575726739
0.03193672141533317,1.755268737315157,39.13516354014971,2.8503929948617754,544.2938101946474,0.0014803692769562696
0.07680301991212386,0.8288905242648847,44.45550771723908,1.910073681853888,523.6070728492448,0.0014974152521146505
0.04865390967084194,1.864354282754786,38.29613230778207,0.8432218549657995,433.8310080028177,0.0014978329691781739
0.24058072138645648,1.0817380469278552,41.49727987897829,1.0966391378960716,524.7168632222098,0.001371423401516655
0.17342013940591372,1.264718327595264,38.54766953140309,1.0992334393890342,49.39476891620026,0.0015399376263347496
0.1813469780531266,1.3311692614691395,45.598999866049574,1.9208632010265663,46.36046308474474,0.0014518740155387453
0.11074732617720008,0.782526124622483,42.6651085307001,1.0794513399645338,211.2509996410912,0.001246659451472136
0.10250429868367811,1.4815639424820362,28.879181074527015,2.022808845528741,45.10207563980792,0.001415604996523174
0.04340727360172214,1.469903223903668,49.160560846375134,0.19208459540249526,340.4432138027168,0.0013762595552041176
0.11269151172502037,1.6214632005510747,55.33330476114311,1.0536071023889417,164.85412310106085,0.001536863545655031
0.0959643670717963,1.771443213138355,54.692147047128095,0.912141505573123,133.3874189295528,0.0015072987631758333
0.11270920943922988,1.5190084328416142,59.83765415915857,2.392277915793801,80.06372107925495,0.0014347083659826294
0.0709790728848656,1.8419367247430778,52.790614089178476,0.4144017476010937,549.7571331004578,0.0013092679506687575
0.09218259215814198,1.753478935941833,52.948470372244145,0.5387041274016747,354.27381106086193,0.0012257667113972936
0.10596731999131699,1.704463941010538,56.43048082877089,1.0452703771753757,650.5147211367689,0.001353899171052987
0.12316361347272353,1.661249494132659,59.393762913223,1.6126902391882132,589.5810287274737,0.001375059024704721
0.036418184054011114,1.4283369666244219,46.108831634392835,0.664837651702936,408.0229679234743,0.0013426409480818348
0.022834880395254376,1.505096753162889,44.27553471845147,0.22107342064300128,761.0153375093004,0.0013452494591856842
0.23688530835032046,1.1364491327432225,33.47497944089619,1.2321971871176822,394.3026128605906,0.0012770022736523674
0.16904563299284153,1.4144106997669719,35.392136668660505,0.30837470410605466,545.9838400203439,0.0012622724826929525
0.20620953650384918,0.939493357373963,35.939103250205015,0.9534756604934742,283.16505153636496,0.0014180656952513316
0.1097330295458855,0.94171266143915,37.77791759606459,3.19144479587514,355.61137325382845,0.001338124929272327
0.1851305879084154,1.381561365351151,42.85952477899699,0.6558556489096635,421.96012204758404,0.0014251230232696231
0.1860843144295804,1.0117493208381019,43.572857449561525,0.6325905275558615,504.64294531592225,0.0014036064773884482
0.3193838311387606,0.9600353178835223,40.01829951797287,2.166061981194662,263.04050650471993,0.0014086657051539503
0.04723397624695549,1.4716722947899075,43.48268585971399,0.34664316365510345,746.3728779726292,0.0013648218983198907
0.0903264101154811,1.3998572052563658,30.964626590973158,1.572323285235637,413.22799581613094,0.0014757902132277842
0.22804900828307656,1.0231743704362162,44.23477846925608,0.17333580664055856,804.5245910107092,0.001372193463624992
0.1974754487422438,0.8840606319413652,33.38322409231262,0.5076070337750562,297.15082462753253,0.001334961679194308
0.20547385804535345,1.6757430575540317,36.27218801944538,1.715140918016226,642.0173471053469,0.0014286143568472852
0.16363378739534556,1.2592269895200674,41.208722536866794,0.7486147920594087,147.56560390128573,0.0013810300231245213
0.1320228712422401,1.203844833508236,35.72683011698054,0.2846623085756087,86.64832767240691,0.001516921840138975
0.23412094686095555,1.6084708000254502,39.28399672932193,2.291641959208463,1225.8029711712898,0.001357932373777542
0.24603477977523877,1.575318887194037,36.62681748417608,2.2774260106978717,609.1911097877046,0.0014371060336530361
0.11144151730999066,1.842079185459071,44.987425548663175,2.2117716279336896,724.9223396314022,0.001386384818298449
0.17727778143727033,1.4054103678466658,38.5228878672015,0.5559848169009738,269.0585423575378,0.001443112354356299
0.19562443728039008,1.4090250538875255,34.677469596265176,1.9149426433471077,663.5661979858313,0.0012944829890728187
0.22529003506272924,1.369250307230296,34.230805218062685,1.963449057327609,319.41732596484337,0.0013101141693863804
0.1815524782993242,1.1453873840754272,49.98236007830393,0.853545132493077,764.0110898043288,0.0014168112638834407
0.057548258332984485,1.275648964071811,51.56176804806475,0.8470341972170504,384.3621164650273,0.0015228633355288525
0.19613724612038438,1.287388968571891,36.19547283804083,1.5551463224887223,367.4887511220889,0.0013380477003311724
0.10450746282629746,1.0545372123811312,44.213545429521986,1.392520304925398,97.2753956224833,0.0013766160372694273
0.06116919128948663,1.1511576530768197,45.27843492061161,0.792640426040435,41.42704809118661,0.0014637470362826837
0.07686880987827895,1.3442482269448912,50.893386113937,0.36118825123160314,53.91518566853738,0.0013699529205211682
0.013747989773331415,1.985449036000469,42.58161539498734,2.3226341918854585,22.761355794449052,0.0016247874230992635
0.020087309398742145,1.9764037570746043,44.64922966941866,0.6793919184042363,16.29169323355699,0.0014730661581928836
0.21384836912690217,0.8603833110546855,31.73617233463545,0.4196632870386685,2.265160938887541,0.0013418246840482353
0.14010382050591363,1.2299483015990404,48.854733010637666,1.1733541290106464,18.567716000202566,0.001305696823227787
0.08640934691152281,1.1813990920058723,27.80274993647855,1.2297040607533627,6.014409160398264,0.0013534765485713452
0.1044545669463724,1.015390163481826,33.38999196505453,1.8011302937680507,7.711079889758304,0.0013521435683657682
0.24819521029605363,1.5056873613768216,39.25576738328597,1.2749925282564287,44.29860850484754,0.0012540062486436116
0.2240395771454673,1.6201612900793843,36.782168108677986,1.3850172660683011,50.13000887155831,0.001315084359796133
0.3398435093884975,1.5761237491367854,33.29840664687796,0.8355109355857122,140.26762536921947,0.0014105574906851225
0.13242877003222872,1.650371566060032,33.70059494722398,2.105265700693397,243.54797866396865,0.0013670497741079342
0.3257762990187938,1.4626860242232063,39.84669706324518,2.32885366746657,784.4016479599838,0.0014059273598072209
0.062087737018887444,1.0666421411734122,42.71807070653715,0.4884834344532181,356.9850437676318,0.001343112045511411
0.1013525729928289,1.8001392014930127,39.46552068499581,1.9531992855870104,41.213880568735995,0.0015179870665027696
0.06527796850857036,1.685254318999527,33.9725467649454,0.3490305268991152,99.35494702487155,0.0014496854860474775
0.14464706517353526,1.0000907000044121,45.97073217680206,2.362611986498916,722.3665991018917,0.001376041783022231
0.2352954788006204,1.2999587978457405,37.49057248591844,0.6855954349436745,258.5274410036766,0.0014469358653014072
0.3114632429723454,1.3505434538489323,35.343790214845654,0.3739930870395362,124.32808909030206,0.0014786628362917027
0.16774160857466242,1.4449948050713037,34.40011535808111,0.5553029532432365,201.61431345528092,0.001477624233120913
0.28051387013420437,1.9999550318866344,33.31004516668915,1.5477951659868492,613.5046127973726,0.001389862629305739
0.16134866959598834,1.9999857086730861,34.902646934875534,1.0060126719219888,805.6296098521426,0.0013484086440272056
0.21105153199332458,1.9924685363259689,35.82195979580595,1.1303794901132358,235.23651310884424,0.0015857997868919638
0.16172341270266857,1.9968889816539905,34.85743068388465,0.7775468387155658,697.1059753681881,0.0012486930787511826
0.27851362173692185,1.9995647319663041,37.95456418274993,1.4130266365173902,168.86649469698048,0.001441571990224318
0.11487336102818806,1.9987619427324168,35.47524181780715,0.8140034162485592,116.52862848502295,0.0013050705236160288
0.30768536981925804,1.9530632169780797,38.093230122155504,0.8883297050759498,388.3956650801514,0.0014550895001484488
0.22680577860005435,1.9742853642626048,33.873951088845025,0.4954808506059744,619.8545235887809,0.0014300970744867787
0.20131716699430374,1.955129775196006,42.236354355682884,2.3342501339055772,439.4014394553093,0.0014024683729278245
0.15806569984042051,1.8089257991937155,42.35845073179051,0.4963554800627311,889.2265414819565,0.0014976382946459536
0.07485909560028625,1.7657148525282735,36.08023472696579,0.29537864436281747,705.3171308502498,0.0014763567245134014
0.03746685929051493,1.8830749408026421,38.79973171936979,0.4729757338953006,770.2587796963503,0.001434609454535244
0.05238355625950911,1.0036322367738122,44.4356928372048,1.3017515628263083,290.8723486899468,0.0014293964106213619
0.30463189088288906,1.4204233695279775,31.89518065155784,0.770164488672543,141.59039947228598,0.0013827726885049453
0.08805825100430938,1.3092149568956128,35.58777675056982,1.3961989012761453,688.6652419039696,0.001442958946942706
0.21973001177927207,1.626067852311499,37.19837964190222,0.2836936296619268,42.89865689261168,0.001371700269811706
0.1352008195098284,1.9649535247125576,35.73690096030967,0.10646714059661715,97.06676405236651,0.0014353898905949845
0.15659172305319594,1.9687573602231343,38.81171910219789,0.21490523505618045,116.9705195893787,0.0014272730226716668
0.09582033733513227,0.7177260776419312,43.770130488235594,0.7639857548266905,265.85635552474304,0.0013321038305372985
0.1252110334233186,1.7599618352578272,57.23387118589294,1.7139135663332896,593.3373607658573,0.0016310149023491202
0.22888098077849772,0.9079313437447425,47.91480762294138,1.023599395991472,519.2556453932463,0.001532365655697627
0.08557692266630615,1.5114159301136567,31.509849687173283,0.2117940407329725,468.2243050784821,0.001389550685125633
0.20320294130878686,0.9334707852061506,47.21615253321106,1.6625805368282975,173.78567584078564,0.0012486883171709687
0.2485013835901806,0.9776857764711653,42.39364821984145,1.1476415139077174,316.98074252585565,0.0013065544402016795
0.15404116579655047,0.983046684623922,32.97490127625779,0.27289328648170674,196.91233220261765,0.0011758797097331797
0.1983474038971979,1.8246549791136688,44.76225847258567,0.4269785570237919,92.84486629485427,0.0012614311217675539
0.328875413167176,1.6629762163854418,35.5426472058666,0.5339976631990531,38.82176788150272,0.0012146420468185331
0.15221519084626495,1.7436066469108782,35.608497991963425,0.939234636297767,175.52975175322013,0.0012774733564845193
0.06540905217882163,1.7398538907093664,33.170853365779486,1.2743127250517559,406.94344316551394,0.0014373029768823531
0.24785021347634664,0.6772634003219493,44.28589851565523,0.9817355894969914,758.8389357458988,0.001413271599484268
0.27586227772046024,1.2027440838240504,34.90703317232134,1.1707440998621437,296.62363897232194,0.0014267074426894512
0.15385954004772362,1.691154577694501,37.263646503696926,1.1423054951704246,1029.9934109799085,0.0014750625471400727
0.18116337595803383,1.639889102899246,33.315773248800134,1.4244017892334204,1020.914347641885,0.0014795345779588785
0.11139962990449141,0.6627995267035725,40.98952234920228,1.0240589877704396,274.0155054226255,0.0013369046249180768
0.16522911940308904,1.034144885891915,37.185898193874294,1.9192620354178518,142.13690472067407,0.001336550039632929
0.07946744396726592,1.320159199098802,43.98082454565236,0.761689797590699,370.34864731966996,0.0014105264665160476
0.18355398882638582,1.4145505128082527,52.49425583818055,0.5696110821934535,287.39383055412026,0.001473172025608451
0.28393665392304646,1.428751024896681,57.474567055904096,0.8161069657820342,230.4237323925248,0.0015209990436036908
0.21271467595759355,1.5609512610741176,57.18870672708227,1.005781070828254,203.2567650241707,0.001542787501530114
0.11917108882439134,1.6021422560360896,58.00764726043695,1.154350829221897,770.7488638444253,0.001485473193451957
0.1991743957581514,1.5534414155126688,58.94713970828247,1.2188501189990941,370.9355437061222,0.001445303632891843
0.1394967227707543,1.640760725510387,56.860774668091445,0.8760555786588048,523.2869041453894,0.0015107955978607749
0.0677647245783756,1.9407991918189227,52.62304729207963,0.7141403745854014,116.81170738643955,0.0012890197872792043
0.08226935218720116,1.9553193035112635,60.86351434179241,2.9080448635645015,186.7503039924584,0.001326927457367711
0.10757378429527348,1.9387845920982263,59.044613945016394,2.0308736904174745,94.13507137927806,0.0014673250609306438
0.11748204019716368,1.9344721159838143,56.72992373766378,0.8320468783325878,438.934838467325,0.001554029856903931
0.31532106072333926,1.7398898960202678,60.90939737394808,1.2531679163326594,310.6733361345914,0.0012448920773329365
0.27397835612540594,1.8646372594952854,61.3884027536388,1.3450181268919932,160.124024516051,0.0012263226271848632
0.22803574050477088,1.8530016886420317,62.09062495045737,1.5783135814107583,729.0224971698102,0.0015424881504034883
0.16305747578043325,1.5253341291285654,56.94639364591397,0.785532488233044,343.93563977245975,0.001279868483571395
0.070662672826457,1.6681516591429069,53.77822384317679,1.0979275773475308,676.476764284002,0.0014881239287267772
0.026789176378999087,1.282172219709921,40.00662621495275,1.24368520024438,37.6020170051311,0.0013549435570058685
0.2565067049157041,1.2199642965248483,36.323153054358045,0.8596789242610064,12.822475032544844,0.0015504296468160331
0.21149964127989607,1.0068984189348449,36.066918414033374,0.7874512843495165,35.61907918724474,0.0014945561004889403
0.17242416578811476,1.4510664661984192,38.082573116377255,0.21745358939035725,46.266913794046836,0.001506209843087933
0.10605432327306746,0.9304278953227719,33.3333942541299,1.7849707522417821,1232.40133671541,0.0014255030573625306
0.055942074684445314,1.654966926050842,45.568504921650145,0.43627740218682354,138.28396556317406,0.0013733392256891198
0.04735213423303369,1.558112526862,41.12154880462532,0.5169919216642642,199.1967327079212,0.0013497347551077866
0.025608070055174573,1.9673569476112005,34.1422671826897,1.0598900725924223,340.64176326916134,0.0012481374042353933
0.08601410162424576,1.9833357091891675,40.5148249602225,0.8232117308228819,418.1114583172347,0.001512997005888292
0.049947717456238945,1.9618197904940085,28.44293648183303,0.7659974437486847,183.97978928980982,0.0015148082532519941
0.23641483915928746,1.843183211322704,46.985450061399156,1.8511576506934966,1393.0383069423638,0.0014669628778784327
0.19174735977469176,1.9259562843606701,31.477844059949245,0.9336443722495137,202.81012088760832,0.0014806815150558818
0.18082438824543443,1.334971640853224,39.66361255790693,1.0080554457013375,50.97234684237448,0.001372367060635086
0.10103710494555,1.789266175474764,55.6539765404607,0.7058002967459043,656.8954347291796,0.001397790226074612
0.07820946879187159,1.9324956900483325,53.65098841908507,0.7703277176829632,324.9568724789943,0.0014567223947301838
0.11684320875846135,1.0674574895227698,44.15828218505759,1.981441942067334,154.80551104424646,0.0015027109166501286
0.06769335681457866,1.4768421361256956,54.64345305419827,0.9111172960491742,299.4407794542724,0.0014490180719447356
0.1025231171328711,1.6625661312719915,53.27455479671908,0.7839837759943915,1008.3890419843765,0.001390669515270895
0.2614790974048371,1.279139454214189,56.67560978520923,1.7638718233362294,488.88856640776766,0.0012419380959837818
0.0819188144519896,0.9999206738269454,36.74242290211227,1.4243207889067615,597.6195411609867,0.0016192809112560685
0.03561518799699937,1.764741255132806,39.25796904928676,0.6437834086686848,462.9668364243314,0.0014477946170086313
0.27045063763109484,0.7225931203585694,37.971882583091016,0.38541991091398986,645.9622373329709,0.0014128787065293702
0.21526332047384136,0.8583541833123155,40.92166711462251,0.3576240620067485,393.8893105093799,0.00128065959504333
0.14622511612266698,1.3879846149290278,31.60865481532156,1.020134184793501,692.3145252071974,0.0014547106448924499
0.07819693997787176,1.2208078303254142,42.59974925720966,1.828192730430313,214.54956741940774,0.0014551469938062125
0.039051635217549105,1.04179105286158,38.06520701336606,1.626071250943626,242.24238357972112,0.0015582995109536214
0.2678713706978186,1.3514949103756029,33.40538190107025,0.5014856901058443,372.2644669198361,0.0013543725579227839
0.19900654373061116,0.69795937362576,34.28189946884663,0.48786710048347903,1457.260658999049,0.001430501480172538
0.11218080634589676,1.6865518424348196,36.21701505555023,1.5785195032289232,33.13534756622709,0.0014767607418704623
0.10623679582759635,1.536990912265676,37.478320216562004,2.133232568393731,28.76864371766169,0.0014896385046200165
0.14607086134413,1.5287437049534829,31.269152250642538,1.345452453173386,27.039369941542137,0.0016182915827288574
0.1150700185770782,0.9656323887299403,43.38549359143984,0.7780747985115664,1519.2237654847243,0.0014630520794454735
0.1538618426790486,0.9963010260275199,43.42653773467877,1.2592337023298301,1237.969179426921,0.0014334000568759176
0.24167798787740832,1.3771286919301127,30.0448895174217,1.5956216491130368,266.11072219555297,0.0014577576931658056
0.14700791821191958,0.8585401543475137,42.78977096889351,0.8590306174666628,850.8315970243051,0.0012658537369576468
0.2457905406128477,0.9572514976422207,36.42457624802045,1.3752002766168439,376.63650182514164,0.0012517908746341874
0.21311433346977302,1.009405525529552,35.47095924403301,1.360703499081485,634.0103035615853,0.0013240243181797816
0.13787033406991156,1.9812947299234862,40.148801035426004,0.8638241749839639,424.57613120723056,0.0014479193188115915
0.24030420118695622,1.682819184345805,33.61944229849617,1.6641860085321258,763.6325945534385,0.0015069008899084003
0.16128420499811905,1.8815605746043753,37.98698062788664,0.6417585794860382,235.8367899474482,0.0013467514038343167
0.038689084738843034,1.9472418259854043,36.35705567038787,0.8036897123449768,190.53387473916854,0.0013442546170738924
0.015165111593026588,1.9829913587870178,45.081005567169136,1.2523697726594571,837.701722179075,0.0014713503242673814
0.017504790211407457,1.9818800558230534,42.31811552482378,1.1702646125873941,778.3737079628698,0.0015126819199003604
0.1519857164718813,0.8840180144744776,54.85375346337716,1.4599077341326852,301.82915347710457,0.0014421160371330976
0.019680698578949923,1.8726102130751838,40.10294708898633,1.2316116424042527,410.7428049978706,0.0013685942607506362
0.28685643563279006,0.8195960908165386,40.35712910727727,0.18836596310428594,483.59936299453983,0.0014643016477880904
0.4016239935710922,1.2090378924993337,41.491837012129025,0.1353024325552793,557.2822912633502,0.0015596596543250903
0.08635056750874252,1.0761111437133661,34.858768346088766,0.4588200865043571,781.7307001109131,0.0015199504012194166
0.15300383833090558,1.6080673287177503,44.070862783798475,2.1143243358621606,27.909518473600304,0.0012654253587608016
0.17251729865653015,1.3233964906502687,31.49332985110319,0.33011446399947697,784.2847142376819,0.0017824535898943352
0.0781587912591811,1.9350660599790135,45.22945560789669,0.5763267262134626,366.9918339505065,0.0013554566899571761
0.055494226756093,1.9644055468657349,42.628145258226596,0.35416301809863515,252.62098714140848,0.0013017070179087832
0.026387646894216795,1.9889618324726623,39.48035450184942,0.9446359658979001,573.3051089849763,0.001239497113350287
0.036544563027538335,1.9876465663299503,32.25986801733573,1.8861589700776016,302.39380965452864,0.0011797332283292174
0.016235628161168678,1.9960776437595327,39.09938424263889,1.257910096252456,880.0321844665536,0.0012008797359994185
0.22428330853085687,0.8870034968660628,39.81997787484312,0.7299967394972144,101.89175150623088,0.0016364203050178994
0.12243592440596637,1.5281903381769295,32.13872484343828,0.3901426761872531,45.30811900032097,0.0014208460818040261
0.06612936793594404,1.558748164436624,43.8162401564568,0.46799367617107246,30.67996319931807,0.001493150391430442
0.07787173185350028,1.8581464874347915,39.30431413378277,0.009811722114959603,148.82041587401193,0.0014465937056295812
0.2060064955260435,1.4973941530585746,30.47301900957182,2.9391575148574796,53.75494040452381,0.001357016952161195
0.27169303094278385,0.5659134808090207,35.89204924385414,1.0891522578317676,57.69901003028143,0.0013723821209413972
0.04702599600022143,1.796096950860115,37.95709444991526,1.4552761791009001,58.613301303202135,0.0013345551518023817
0.2745505281018535,1.6800147706377202,29.031434943834046,2.1427666976143476,203.3786625935227,0.0015580865160347648
0.06744286264481325,1.915982122772318,52.76451085884338,0.2978686304596764,266.17564757952584,0.0012922629244894973
0.1157913812543612,1.8940494342798535,51.90099846378918,0.28092168806594436,252.76759441967562,0.0012958048497850835
0.22987656640781606,1.834369034539263,55.742574822540625,0.4988211816370133,284.9591229133448,0.0013639221666153394
0.22987656640781606,1.834369034539263,55.742574822540625,0.4988211816370133,284.9591229133448,0.0013639221666153394
0.22964835478971252,1.8204279651308741,54.55504747639554,0.3258351039829038,240.17300802841746,0.00130855095538938
0.20745567848217591,1.7721890237002345,55.37385214330559,0.38885278773138066,328.1460488812358,0.0012974625670828088
0.07481976513552269,1.2435647002410053,55.32247467407058,2.0441295902254173,116.06915291660368,0.0015099907114107596
0.12019440497439926,1.4569885889692298,55.28676498009034,0.9102978804402387,331.55584817044473,0.0014171807324924357
0.1672804721384063,1.4147009764754654,51.83458052829875,1.2042820461486425,291.2987219274776,0.001385616036510709
0.28754243299518867,0.6632943057940325,43.46365345682806,1.4565996177118508,180.31528106013,0.0015049803853590137
0.08208398411844142,1.4097396928005916,36.29449943196027,0.9586474459654756,1254.6264974350042,0.0014449049976272576
0.08288776058121426,0.9329253202874399,49.77044620402812,1.6355799786863556,203.71339700161428,0.0014731787645704346
0.023920512177325607,1.9279075423577623,36.19939571440394,0.7703192925247211,718.2273295349829,0.0013393541452809104
0.09251433323164981,1.9093301249871864,38.52452570653068,0.7715521284768501,531.032871419676,0.001310539153016958
0.3135877773890185,1.4687332972214016,32.54488759284356,1.7725736151701368,121.6792643596433,0.0013237438080257328
0.060346991067474404,1.005987622776338,46.415170431532204,1.0579241959733923,688.292729448434,0.0014384265911708922
0.1595851941236261,1.0288727196071743,40.84891331851174,2.036024390937364,255.31169383544716,0.0013509097218967533
0.08924392005715592,1.3100396729514256,48.593242790126844,3.123285731999581,375.504479959093,0.001347169166223455
0.0663427048866865,1.5182196497085425,38.0470669606667,0.1760420379801468,836.2852371685196,0.001556479846369559
0.07510706769965939,1.6343435545527312,44.36888335604514,0.028165392649046394,48.56269790966954,0.001402357627275674
0.23503276642360918,0.9413290765778798,36.18117561851318,0.21925989026932097,51.582551353226926,0.001507955166888724
0.13916641291962692,1.4654469454748007,35.34013030518174,2.6139133390313494,179.63422338162493,0.0012415279192067447
0.31997657084047443,1.5672559070945675,30.389551320931194,1.0259102105994635,440.41808915227045,0.0013646260579917367
0.25835964529792926,1.4994881653419152,35.16528577983231,1.6348970386484039,443.19464145630496,0.0013561722003057745
0.12983589655909072,1.547974609269448,37.50842352331642,0.7926378652460863,783.6141579065353,0.0016338864511839719
0.0992001842545216,0.8637798185275803,37.31772174329468,1.3441789594528881,342.3952880180576,0.0014118805674901507
0.07642365893249016,1.3642771516698255,44.83642478023354,1.0180916398698885,376.0067059571239,0.0013876637985474186
0.022486176323694994,1.7382028408859924,32.02706178727065,1.1750951053590668,193.77874880257127,0.0014163440082840624
0.07535864716304538,1.715988435973868,42.76078083340142,1.3656377788211262,124.08476760283637,0.0014745209392029437
0.030208021999702777,1.4924988127760759,35.96230236562828,1.7251492727524786,746.7567955738516,0.0013266292498906713
0.04876071309687511,1.3182717797206203,46.70079584050299,0.18091360333217768,332.2685953368503,0.0014704040366999203
0.03672793694330433,1.3807029828242803,47.490160876152565,0.7884237217803185,139.08378061322628,0.0013508270437059475
0.03111358951840289,1.2113586535596284,48.821895842066255,1.1736026735162564,182.77264855375319,0.0013573093620227695
0.03359493665003208,1.734134529521057,34.349342600128246,0.8885911487550062,260.21751827815746,0.0015891151043888785
0.26378647472461414,1.5311860678934466,59.63580380868106,1.1538657477136718,224.93549105259646,0.0012622314991181088
0.045932898900125675,1.6536154897802142,51.05297246768332,1.7422362752226452,630.6286965898528,0.0016598271550282008
0.03141386884418454,1.3763428565146876,50.82223926975295,1.377979217989654,575.7919676406632,0.001652845923931805
0.24143949959317546,1.431477215892895,31.43519841005321,0.7326263260555564,655.5881074453364,0.0012556059507016603
0.1936463834107283,1.4523809598194557,29.211944160328642,0.6924392644178968,962.2573145926327,0.0012053244431709407
0.3612371071611658,0.9342155127012489,41.949263007044316,1.2830369447380996,359.1702623451264,0.001270743815712916
0.03145693144541555,1.467246099666833,34.111165041133624,0.9376365354496478,638.0004188450365,0.0014474287834043385
0.0698286717008774,1.59168738161639,44.514363041861614,0.9183465717839923,84.8700437946909,0.001361536016485176
0.09075850316337782,0.8145579779698333,37.37847364991721,0.5922466483552442,167.25548100609063,0.0014787919124254977
0.17803105643496714,1.5313862577477089,37.15128221847846,1.2286817234603158,942.1395033161886,0.001507474681777904
0.25246971918474004,1.1237254615755867,30.390004205928417,0.9084249601282369,337.122568623176,0.0015224014875306383
0.193846520536366,1.1950128332933267,35.25086472456404,1.1344522648476756,254.1094002506274,0.0016118573067237505
0.08569238090792985,1.7669141534864774,40.516143805817414,1.3685876845079443,407.66009838791246,0.001471777007906261
0.09697263197787609,0.7210365001824467,35.91369623034761,0.23324500767594183,846.2244012509414,0.0015858529207301616
0.11928747218359093,1.910670878344289,35.815114215454074,0.07839746348828258,159.47810770549475,0.0013525377409797311
0.28323574523797,0.8206967983517656,38.514040753214864,0.3816890302158979,935.0850087022227,0.0013289816808380241
0.09472077714270159,1.3545945722412238,34.29489415996303,2.296235361501301,73.32487570151213,0.0014502654782475321
0.11596317621272632,1.3287151621210551,35.34606970901858,0.9687212175281392,177.02780054129684,0.001383463755119533
0.10226082479003061,1.4547628492032278,36.81477997340547,0.7723925374266264,245.8146084171243,0.0013560181242590586
0.17876242495954722,1.094919745401754,36.01664029194069,0.9800656403500521,695.4693592199968,0.001432481536837356
0.15637687061365454,1.0974061952522034,47.16662271609943,0.2035825289952567,610.6159854503835,0.0013675071152646915
0.15507332818259564,1.4265053518645938,40.38912003994841,0.33186557165528613,746.7452243895726,0.0013987556484546379
0.24922407367650867,1.0989965129629213,34.517239509949334,0.13666816650301927,442.2621249847406,0.0013354895686161785
0.10162772751759944,1.229864648559853,38.08577513764264,0.9374185533079813,500.24710532286025,0.0014946058718971634
0.12186138030689313,1.420010483285168,35.554472816594895,1.2009914780840052,316.3731850477846,0.0012979308988229185
0.2923430149156659,1.6286506778536551,36.66714065138404,0.12932114160127667,337.60587944058346,0.0015439743310042538
0.419482225429241,1.5887936304199903,35.45275819147857,0.0861099545178511,278.14316650508215,0.00159805965628672
0.03839000418243244,1.4393056933865802,49.406442623591516,0.22680994577278282,938.4019842360807,0.0011746869727801944
0.37527394599165165,1.5468372307813478,34.98401040529387,2.2047868155890424,231.8929948799768,0.0016564072972612013
0.19494667530171292,1.4648985207381107,39.91042876147028,1.100514986480244,617.6811263748943,0.0014644654213948412
0.20908094909405125,1.4633574389440416,41.900805965142474,1.1611257349115707,536.7242295163874,0.0014440121915241181
0.19190798769783998,0.8142054719350814,30.533773099809668,0.7560132758538255,662.0027235672297,0.0013763391410411387
0.16094064169743663,1.5777532850475715,38.39917936891358,1.33214505905997,638.14981079173,0.001429372325576514
0.31230245097123,1.8093842222018537,32.77742866152655,1.0996223954948972,348.5467331025098,0.001320451319648302
0.06925759006911288,0.7891826098337593,36.11714869721539,0.8779992441510511,338.54014032340626,0.0014381127997083914
0.08047437045793056,1.5119213422659568,33.73934266408396,0.8810653639185956,186.80841355932952,0.0013994189216475924
0.25996829608802435,0.9063456270918538,40.09555179482857,0.791825984601881,7.966553112345759,0.0014634809928016149
0.0788511276544375,1.3790170941705715,54.05819053426963,1.8665038122045383,20.132036925937534,0.0014589846674963021
0.027076662750890015,1.3295482215079633,49.169453191478276,1.274962811272019,42.91200408573027,0.0015306835098915185
0.14377712183405544,1.6694023732213166,56.89240049607847,1.158083369375136,222.29062839684505,0.0013054223901008224
0.10627284321052491,1.4550116423774644,55.13166137704389,1.0138602425672012,386.4121304906374,0.0013316029654883528
0.10752688233716873,1.3423862536541147,53.02474068797332,0.6113476772034026,372.5152958697015,0.001352452772428576
0.176347035910323,1.1263572948836287,54.25488925217829,1.023747884869836,406.63265726533604,0.0014058463701352732
0.10344660495598564,1.6037399718171979,55.66914830247653,0.7577022466621363,1432.463634821807,0.0013249703364506663
0.07183481919076191,1.5938401814073484,57.10917748992857,1.8899100366731794,121.3626674464141,0.001549055851702166
0.13485455824774156,1.7437904365827257,55.72036073687201,0.789349617184499,20.60297831937911,0.0013276931964223226
0.08630915099799634,1.889034317715781,56.62078631831101,1.31555601992077,14.265827602446228,0.0012841083372773564
0.05455604083732858,1.9084941413906438,60.46415439765958,3.1166456948269787,9.589471533591125,0.0011402320283137315
0.05893722136905799,1.9331019176467774,60.180426994735036,3.6087703257896724,9.947401963674025,0.0011501031898435857
0.05062825052549195,1.9480014199444033,60.297715562225264,3.4791484115704816,9.501472804662432,0.0011481826007339194
0.04424983566646915,1.8224787677970202,31.019292658704227,0.4984535571726694,187.87071832363677,0.0017021892106283613
0.23163056764123838,1.6992614834976907,37.99962591712483,2.289988185349038,972.7167255259211,0.0011959785393153295
0.10102108195527065,1.069529698708234,45.145099109094986,0.24474813858497912,113.21038833605245,0.001432428477059026
0.08071652036800384,1.2833571169988058,49.711345231884714,0.3740549914912978,75.90890293330675,0.0014320824683571537
0.01969523659549363,1.954257486470118,47.49454684503481,1.900971444028475,85.54489092536036,0.0013328673067426807
0.16314737375340277,1.3007553545028183,38.522883488380124,0.2296609883164579,372.61208530885693,0.001506188067287964
0.1869415269070256,0.8255138342413915,37.309812697631656,0.056284549925393036,1027.2941289519867,0.0014249021310523769
0.16034851581336168,1.6143751446152228,39.25808452973345,0.02030018558974216,143.5155218465912,0.0014898329050716458
0.031380784758044046,1.6771748842876149,41.09683994310603,0.05033951404086465,387.6180385700719,0.0013772352812345193
0.1166665340683737,1.8595247744417356,33.248122155297516,0.03852777248426422,689.8820650909473,0.0015272526954436098
0.11262093694617412,1.884508939295832,37.82637916209874,0.028024672856714776,310.9986540783282,0.0014753994938738614
0.02962706119050785,1.943716546169455,41.68124356620138,0.15644862740056473,155.2560500267566,0.0013965413863455465
0.3177420014699982,1.8306198253288273,34.22941462421294,1.6247391249805,30.11607580848995,0.0013463759729308955
0.34373614449203116,1.8131225907855377,34.3389319875017,1.674800682497365,30.971225120966917,0.0013674187223605343
0.04239340719070646,1.8685093488842635,35.94495179960184,0.42181297001615237,725.5408845538906,0.0013911054471587565
0.039319632882415335,1.8637925513049756,51.07800576999098,2.7725549808100665,299.8906139211587,0.001327003941050364
0.38398494250437115,0.5620008633658462,38.27713747348102,0.8283770114685213,110.47806590635349,0.0014729606102256757
0.05233515335469181,1.9343306297005458,33.720118888275685,2.007929363093712,1201.1268693742209,0.0013824109291678463
0.10785589993739449,1.8949282364297417,33.042000165043056,2.5195924240556655,283.33341494499876,0.0013559249863334824
0.26091795752941604,1.9608081133906607,37.193576757878276,0.16863904570378857,355.66644692520947,0.0014055810401488722
0.12951926197070937,1.7441305192861403,37.06260935331541,1.8273617978195444,514.8973867370538,0.0015440255963927077
0.26090185928507387,0.6468925087922157,35.69558674251539,0.427198667815499,769.1487072926917,0.0014039088465347149
0.17113324927930737,0.8100199584136613,41.10779806554126,1.1537972179646623,670.3558374592135,0.0012779015580026865
0.14465666258744195,1.6433791614135445,35.45729971205273,0.9003148733059406,88.72576731429504,0.0014621121600600392
0.07426103544240856,1.0006560414173238,42.588543752462044,1.6918566642635466,581.9204882122252,0.00153979338036738
0.08259673543117248,1.0533925557629615,43.92933294710432,0.9793530485490275,927.3363610465099,0.0014838618627317055
0.04402661953346101,1.5403637785638338,55.112584572569986,1.4934487324715755,284.80996177762,0.0013811119067571873
0.22547759847133747,1.921268160845215,59.34660624803217,0.8008883334733634,951.7763788279678,0.001493132814619519
0.23207993226896068,1.927393633111213,57.30183828064161,0.6228972545076444,918.1107650195404,0.001520694911293842
0.21969364358648463,1.9145512296336835,54.94094477810016,0.46214606164594624,739.1319009788273,0.0015685858370228308
0.20069757164142601,1.8966045339754534,56.35237983147103,0.38494844026529856,756.2276210153659,0.001550985416437902
0.23180196108525974,1.8132364809821824,54.04588910364154,0.37822402947035144,725.9353801609564,0.0015941212626217854
0.03718162039444114,1.5066454935601123,42.823449495820334,2.358410033345744,192.46591398811225,0.0014047447770962039
0.02738507254995562,1.4891821535432295,39.86651404617252,1.4539870653945364,47.95266700072213,0.0014735149852546185
0.024381810632498307,1.444939856848546,40.18830774766826,1.1477335398020543,66.62127028118657,0.0014276951150750932
0.20962378947095245,1.0906141224844046,36.467874358751686,1.0729247621277946,200.06845166166283,0.0013388411035867834
0.09705099324916826,1.4988547609130176,35.76187488573366,1.1103612419179028,280.46682439975416,0.001485926880289384
0.03013645709573088,1.6281594829269268,34.915838902689245,2.248693071204907,686.7471715251105,0.0014141896969799184
0.028440321826104287,1.3332936751702142,42.22718328682041,0.5506115512259006,407.9500837513977,0.0013394299374262328
0.35914829105053164,1.1144875014705553,37.21124877895667,1.8256586654746874,256.38784073317373,0.0014118722648083512
0.16873993124821846,1.254632936304899,34.47061754730056,0.8627288895638687,341.3046128338681,0.001522863617181487
0.1696282498238096,0.9304584248623097,38.576982439805,0.8379663738304701,551.0997483684392,0.0013717291993386792
0.21754477364757174,1.0687350252210577,36.25626136124421,0.2813775494032437,755.8048762667129,0.001488523237751374
0.08675319618943605,1.4872490296273735,39.52755053963995,2.404038193470222,253.81190179182784,0.0014228209151350944
0.2613984478756491,1.4912044965964781,36.63471481729399,0.2231420364941098,369.97311622634203,0.001355166272894588
0.0911438278003621,0.8642907634295809,37.343451103872724,2.48721952881909,634.767404004737,0.0014362813675549584
0.31940380127720325,1.2543656581404756,35.45772901093785,0.29851070343384284,522.3557048950707,0.0013855052516141978
0.035695278804523896,1.3614061090191596,35.275287231209575,0.1643763605491372,1157.4937984310402,0.0012634024666919232
0.05816367732199304,1.3852963893980774,37.427615219569745,0.27272632611814374,640.9426305338983,0.001324856635660812
0.055849517894991305,1.6153989862139606,36.11205057211812,0.14618097170461694,386.3604442381861,0.0012983841329637464
0.1383127305999242,1.583236102953524,32.63597707911392,0.049820829723583204,309.87386778803045,0.001299665329586999
0.03316889758026652,1.4994910959620849,39.77003086139429,0.11889990814393368,914.3471185451244,0.0013812782918644244
0.06856452003401906,0.8974697998401863,42.33196047160823,0.47255733400689154,635.8719086197001,0.0014512410071477182
0.21353691735252095,1.9181740983241817,36.03808129290905,1.5755048056865344,514.9907493858559,0.0016320265696014823
0.08317149928328685,1.9109104464748865,38.61907423756249,1.2031273871898578,417.30132275734485,0.0015029826486675248
0.15846687534545928,1.8745908635923112,34.242806276706155,0.9974724474728747,796.1376966688055,0.0014474635294498208
0.2141851844527289,1.9518754383771901,36.05175927191064,1.3847070933934613,625.3418276520248,0.0013515888451341225
0.27083999853710927,1.9554273169060559,39.91541653826627,0.861962971370735,967.8572377358641,0.0014506440941255251
0.1501452339845318,1.19513406240743,32.14889761611481,1.6743534556675128,317.13715526559633,0.0013327818357702428
0.037755184936370714,1.184654808713546,43.48754430771067,0.720949766603736,403.98736076896716,0.0014651111845019713
0.04340106923067979,1.6012376111594717,40.89686647044411,1.7728783544528106,479.0722038549992,0.0013105015114600162
0.03918524872642759,1.8040107094598947,39.435338192457344,0.504945025695484,427.75580573256315,0.0014392369334969668
0.06182228661152533,1.5112657181057596,35.086100363839,0.5494701329989872,1090.2829640702291,0.0015463396066082062
0.18442662016968545,1.2962029610019612,34.89524217406671,0.4353693528717009,589.002894511536,0.001595555736393227
0.26916271159981464,0.8469364206430743,47.37069207937301,1.6513808538846497,894.444853171006,0.0015585942493103067
0.035631376152597614,1.5553346129948484,32.27872745398034,0.6062222932963254,314.7828810084642,0.001410334850401458
0.04307231413553137,1.5926631571099117,35.15495445235574,0.8013594015717553,305.71098729251463,0.0014054615564931651
0.034646866890767646,1.584715877184023,38.48252483590417,0.5131910775463185,242.8656086081125,0.0013620425575526685
0.0851797382005522,1.2322592798244743,37.900361740065875,0.29599354360585517,544.134214526812,0.001377792180991062
0.05481523508250634,1.1545086571358452,39.42538823869167,0.508999588385387,660.1427960460821,0.0013517939028299545
0.18926555762619857,0.878317585730379,33.594190966600706,1.021316239904021,424.6741508666405,0.0012906229126671482
0.15478958108116428,1.8930455327107352,38.36100791271797,1.2268415926829916,85.49869096010612,0.0014455411416137176
0.15648734134942738,0.7955069384056648,38.490030753371464,0.32815024878141597,1243.608650200149,0.001466961495099901
0.1606844464549059,0.7308965082295436,38.50230503622815,0.3385394436446241,1124.3774432314428,0.0014593470848560692
0.21789036105950463,1.054461144251662,33.97205896197883,0.4068802657312786,295.8751109582562,0.0013808727021947746
0.11959395753676562,1.344775495453945,39.212406338968194,0.3492204864448894,531.7843849033693,0.0014576785351338827
0.06931991053185414,1.7695778759710554,38.737474494924875,0.1449321287563161,573.2687560661078,0.001413821553388651
0.127623942322673,1.8082918109208572,36.38896861213091,0.022542883930863122,344.40884278508565,0.0013569533748140328
0.14544571572866305,0.7735946448717885,36.68543115088187,0.3862207286391497,774.9096826397722,0.001372608331211177
0.24520957428040668,1.6875736271423527,38.932930409676814,0.4842960415450348,203.65369198867205,0.001307434645243745
0.11413868532321962,1.1608620291348928,33.63428217859189,0.6494454503581727,258.40174544429465,0.0013260595129492977
0.2283224267228539,1.6574141456436828,40.53645615855492,0.591496080584833,328.1915530464263,0.0015114647340148113
0.12564622300549552,1.0154933724699562,35.18781891771849,1.0675123781411142,415.032310448271,0.0013267508516577728
0.18229410952215616,1.13363273102288,39.93499464744921,0.33049365149239884,1057.2310071404286,0.0013089441636615128
0.18045310356946112,1.0102766287521998,31.45015628183144,2.291396878943616,110.95066316521712,0.001411700790619869
0.15117266546707422,1.3110879088275702,40.0270298296254,0.8672885442829626,57.11610616940552,0.0013173028601573735
0.2064733466150661,0.9215551816331112,32.41151733895433,1.426617332313349,78.4837379554411,0.0014343361389448452
0.18072476056104125,1.4710132419455677,32.362443658232536,0.1924918538362925,438.0138946930484,0.001437505827817682
0.19664540092280353,1.4111788987158904,35.066462882739785,0.2861055976104699,550.3178850691519,0.0014534653296790529
0.04803855830581896,1.659253485650073,40.40810088377334,0.5969485630209426,46.88300758470044,0.001352337968546598
0.024502969021150536,1.9840871978516912,48.045154976304325,1.5939702520647263,583.5397352899312,0.0013586521369621082
0.014070569041175578,1.9858508266336752,51.43503204272287,2.6757561383744783,812.8534395988645,0.0013801552392089654
0.09114831782337644,1.9773227921169336,53.79138702600887,0.6240084678617142,391.53993340276213,0.0014219964115711509
0.14179527565282735,0.8764222471288082,55.07077000837319,2.601429166953488,364.44272008693616,0.0013569528845493288
0.12387286489688781,1.747898585160827,55.24374009801572,0.9629558875215324,349.3063374888062,0.001355259131584185
0.1231958151944675,1.5642460896013097,55.348016728141474,0.6904917416858003,646.8458856870514,0.0013408633329985676
0.12617609463970844,1.8719136641696186,58.13730699133334,1.5248754736995214,274.53396850597437,0.0015320359959008602
0.15053054800977214,1.955754520256928,61.10669062446352,2.2855737167096786,115.01907090035415,0.0015528390352538923
0.3204203705939133,1.9331041370796689,62.3819409865993,1.6824156583387353,161.73699155354737,0.0013993855949845282
0.11220836699082466,1.204485546840773,56.54048365603147,1.584479321105873,316.12732867576926,0.0013671732439933578
0.03538743257350951,1.8193398939222,51.53120512909953,0.8329825082660232,814.3489556250211,0.0014387596806590582
0.02163402473731336,1.7526108809100023,33.262231699239564,1.4957272485236066,47.08100733216113,0.001321664011919875
0.03427462356811289,1.2268995999342291,41.911150182311104,1.5041185140408881,135.96052964477693,0.0013532553779656983
0.09166928155678272,1.288118409610903,49.20393687758075,0.13465940763994044,216.93475753375833,0.0016360562833791377
0.2126545262088503,0.9511133089294426,49.57430583845602,0.17421537836972267,250.80175630166028,0.0015888437153211143
0.2138936845364679,1.324042974460524,47.905319274363585,1.29592927176941,904.359880610815,0.0015337780890176166
0.14045819100752865,1.3115132826306348,53.903159792589534,0.43553919146592585,594.3533496903145,0.0014227930490380552
0.14045819100752865,1.3115132826306348,53.903159792589534,0.43553919146592585,594.3533496903145,0.0014227930490380552
0.20441712441981397,1.2923448650780673,52.312348810085204,0.358810292787946,524.0740200810811,0.0014138151750386577
0.22920588341820589,1.2136626739763323,42.13372832322304,0.32967261792325203,364.29214257969176,0.0014303064594252423
0.08788542206172142,1.348535189009772,36.11471208465294,0.06612913673450846,951.5576087535043,0.001327679457947859
0.1494289193604477,1.1922200487146979,43.1417650347244,0.0936757740117852,174.99131688082372,0.0014286135716207828
0.16312791084121084,1.24818975359753,33.74694085476757,0.7422345455784072,751.7614324272281,0.0012185817379122877
0.26551187554954286,1.6881288847098623,39.66467757312374,1.73430915271552,531.7591272942669,0.0014413107370320156
0.14065143533193342,1.9053289700377831,33.56605302295368,1.128889747699048,769.3611749608185,0.0013802059976950453
0.1261121983083388,1.6980271215905947,38.24541600078315,1.7887687615325603,382.1715201096209,0.0015328007548264543
0.2425911957310302,0.7012840781184967,36.05028893060715,0.17881734749554995,645.9196966466737,0.0013546709347592599
0.20213600988712432,1.3995284115279436,38.64713263270566,0.05034349035254341,340.2976908952353,0.0014493010269788298
0.08088173429685787,1.6701005689253552,43.39310831850764,0.04344059015813915,41.03396061687968,0.0013356665838872867
0.06087860694117217,1.3756995440449586,48.36755161080307,0.04214702865929888,42.16094192091247,0.0013152456418655696
0.08732461055722647,1.5040250640657975,37.12839682824212,0.08077546000905413,208.75657611917765,0.0013848719228928986
0.03981841973283936,1.500702451874791,48.806160107472024,0.8592431907555975,131.90933916619545,0.0012583842695757085
0.021130915824074583,1.7702997248859633,48.05559844441903,2.152158763012679,280.192152887814,0.001290048127097249
0.4282089522090395,0.7643824451360072,32.645126991217815,0.9670605378090376,586.3663003368932,0.001335735310697616
0.020710379743452193,1.6964592751665797,44.920885293088745,0.28446011292178824,379.9258861136503,0.0015388747943757101
0.07931166910973228,1.017316160660594,44.089359742718976,0.23629515626087688,615.2132618410529,0.0012838708805963778
