r,a2,a4,a5,a6,sigma
0.20994144280371707,0.7931911130341556,33.167859987012605,0.5768180457323643,1783.5067674617817,0.00135748419559582
0.2934344035934925,0.7505498906983192,28.936020920343957,2.412086272286796,9.534200281200011,0.0014084052671765705
0.18718089857260606,0.725122217014973,33.78950090050188,0.47460021411441294,443.1306402556943,0.0014102689945382357
0.30782634275277415,1.0554846269257758,32.435642827268474,0.16610197103760918,1004.5756890294506,0.0014732640088091148
0.16685360041587496,1.0719566925827344,25.584444140797086,0.6830615467174349,345.40330845004917,0.0016506941541408124
0.1681539723870004,1.190160919357427,32.16610821234861,0.5218546977353377,191.82519036360884,0.0012683410731520561
0.24076023403900843,0.8756141503506787,33.225341867608776,1.0524030150538195,195.3412292051504,0.0015885877326471851
0.17708178176898923,0.48942459225610113,31.37065264838378,0.6822527590443987,299.66868111505147,0.0015407093485748577
0.14362728534601443,1.7604595043714746,37.4335714080447,0.5174742509735216,522.7190618079898,0.0015495504778794576
0.10940278621253205,0.670648894571676,32.92554020337891,0.7826073430985698,502.9398068945521,0.0015841887727913442
0.20692727150747275,0.36542649487353507,28.91562262683012,1.6812790354630403,614.7125820248169,0.0013191131008108837
0.22178746245652758,0.8248707731688724,29.054933762901484,0.6449235413582557,417.4656271058111,0.0014333191657188308
0.3831448969126683,0.18102123182922056,39.867233352062556,1.7198055540443888,1142.7842505404055,0.001461173347548522
0.13901745773107063,1.9663462183223925,40.52086694142622,0.005351309828370211,66.73548686763989,0.0013635868785992042
0.16903767993526392,1.7643544785638547,30.47934729743187,0.000998591253074034,73.96630586127968,0.0014279858812162086
0.17401505246059898,0.5460928304322006,30.860234256035273,0.004527532664163074,463.58880745547555,0.0014922495028129581
0.16765914647542932,1.867248105917183,36.415762843201364,0.01991864117525298,849.6767598200989,0.0014353740858284694
0.06284394400387718,0.8513996166311395,32.43689764512446,0.05087996876164298,393.5150082322534,0.0014417455539530249
0.0766329947448327,0.9598724573861016,34.75328942540345,0.037965316862828086,366.3135581113887,0.0014447477891647406
0.22272855280225998,1.8477045775230425,32.080028181660246,0.009337782518656093,1082.2834722950531,0.0013613162125619613
0.2795029144993191,1.8540773536775823,30.40093463269803,0.008749370540812207,889.0996663242024,0.0013782925615892648
0.11888195740747591,0.9620691175997921,33.010918760755175,0.02436386180436155,388.8326862853112,0.0014777201651566547
0.2846136654728668,0.6439580926213764,32.92207772614112,0.04204815667733869,641.5663225611876,0.001397714357337908
0.22268137280206293,0.45553625744951604,36.14507787939358,0.3536508466153917,687.9651778380078,0.0014333590885169637
0.27557091260594485,0.3944332039847108,32.379046275731184,0.7051195306456068,655.758626615723,0.0014359814267991323
0.30151978943514723,0.6558208662682676,34.0923085508324,0.7866298782147314,445.36384954158723,0.0014583985168471994
0.22010961001487875,0.7469126257557446,29.526824361435917,0.3750648740672659,206.1634376460729,0.001480470054937131
0.3119358263276259,1.4076361818944874,31.13911748038549,1.1154848809480622,470.01745533367995,0.001336016722389271
0.3049228770101682,1.1491706875310561,34.940953662220494,1.1678594980345902,642.2537677542359,0.001295232718950439
0.14506987451152317,1.5020662637998443,39.69040558640804,1.6433068125859271,308.70708765122583,0.0015392933913062222
0.08369226075021437,1.3354393204335502,27.921502912665034,2.784138528303369,89.18257155917519,0.0015107451173244032
0.07853038378913615,1.1385247751094565,26.5112645461127,3.035098586376018,73.4951831107382,0.0015317613610452948
0.07945591814691466,1.1837566017049297,26.260386360071347,3.039010374765281,73.24628987603631,0.0015344065674034804
0.0827478115214318,0.6140221084191497,36.69098966902352,1.9318062968724041,153.9017802986364,0.0014813874040312414
0.18104239799667127,1.3186236262155004,29.29033767039235,1.1640374421558213,931.4090762689107,0.0012750085464645839
0.07021181122507493,0.5550493540439481,40.18503790524393,1.3509551943200102,339.0818045361225,0.0014342546438023919
0.13371054067824584,1.4739832668183204,33.21024101833178,1.4545055418532882,124.10160569556817,0.0014690006100294903
0.07678385667394286,1.414845789308731,32.11031411778487,0.8186648427611837,408.9899482660323,0.0014364720997796028
0.04874732277243449,0.9210226528115706,31.928956953217515,0.7793009311590454,1178.4646313198693,0.0013807114272956474
0.31989942826430745,0.6633690071871865,33.93991936335347,0.39761683003830894,112.95508371779941,0.001498212707776962
0.1765958592436598,0.6688384678402296,28.882869980234787,2.560429726075438,528.569808165106,0.0014157092257104245
0.1252394615910095,1.0362316692766291,34.38708751126184,1.3738140773165963,438.1988858611096,0.0013476006704129235
0.2847715554554978,0.7966466891932658,31.057443088897195,1.0270403296137727,561.8878084590368,0.0014984381592694177
0.28748638205992605,0.8214765869360767,30.05224300024361,0.9775072868684935,526.5280744658035,0.0015152583235939765
0.3005691749846932,1.1839646606997412,31.85112003480397,1.039391531370189,526.1099497787194,0.0016310592146550828
0.34245432254581837,0.33486145934167133,38.07225580979163,2.1820738864250355,604.44612921055,0.0015424939393283116
0.21180469257725174,0.6004136820159424,28.149472085649258,1.4761137482017492,753.8626984536754,0.0015439242390515892
0.24545109875144247,0.7821128320437837,35.09386221893442,1.1162863601245894,1071.4765984914425,0.001566808897092723
0.24576061586893966,0.8107879962591609,37.60783571271218,0.9290554092319433,698.224698097892,0.0015419697286702802
0.26037860921040046,1.0281984480780095,28.239149929302066,1.1598436091153175,825.6879894480552,0.001535357635379451
0.1162465266558717,0.5860121554434498,36.39553842041058,0.9187929290407306,321.57373371135776,0.0013107690299461068
0.2515028997077101,0.1473990763599662,34.64595166546165,1.448193485822265,762.1549935621191,0.0014554555690018522
0.19488272760604808,1.0738192883300017,27.22239085850332,1.1330148378194744,52.051594286841066,0.00133719857212527
0.30483817175828,0.3592474921125681,34.169419996128084,1.0559136736358148,654.310662737949,0.001204768640871489
0.1496045513072259,0.9462795012987,27.584140868182843,0.7572302656236103,657.6280333600768,0.0013891807403503533
0.11343750895777269,1.9502754448039283,32.11865176021351,2.90357078658545,601.988402746663,0.0013854671512401819
0.136586874589319,1.9805867346640742,28.97700538217232,2.2840330909882405,238.5534025190085,0.001416063652327795
0.14849714132913927,1.9734240516702706,28.066963225282034,1.3641570682284385,593.3927842966142,0.0013316568991391638
0.2665132331069971,0.5196166593830789,30.18651252888506,1.3653997949349168,33.91176918995132,0.0015251235002821549
0.21837550025771216,0.4358825981918025,38.9962411437788,0.4873429753102028,50.332236213260394,0.001453595105512142
0.22562287223923452,0.48469290320464964,39.161833506556654,0.4863127333047763,43.59286843185333,0.001451339530994366
0.20585270325983607,0.5589326572975555,33.748261995603954,0.545034704874172,116.19678593651645,0.001508379789519873
0.3577399002791675,0.23818013702687874,40.43802882660653,0.215781026997616,80.72590954832313,0.0014351602939150364
0.3777457885492761,0.2070738310009001,44.50342469821774,0.33033155928103203,72.10054370263474,0.0015024276348107012
0.3230943013853909,0.06405923744330184,44.851403345034356,0.8999916271491878,117.60790232084271,0.0013985188451231313
0.3637645270024036,0.03115172341213945,42.031655668766824,0.6612755791613785,351.05291198688076,0.0013950738396516001
0.23733372306507258,0.9528207617551757,35.74683490905356,0.8356029456217476,349.5366545188558,0.0014376359514332642
0.0967160766519164,1.0864968132640447,32.89674640439011,0.7793851215368004,252.29598658192046,0.001417292256463322
0.21258521419098392,0.3769399786910012,36.51323975709087,0.39440927764466915,258.34183654279093,0.0014364535307903764
0.047745004047634265,1.6643744245887742,36.24611189263065,1.4296253053780097,81.80469200289924,0.0014483659628443542
0.3534273691476766,0.2164261537867282,36.76813100458375,0.862810958461403,248.8194922643348,0.0013767711255382187
0.2652260241217428,1.7297385031551789,25.83894840177659,1.8309579541204994,1014.465294565832,0.0013370714076714194
0.22963431113595842,0.1858068260582678,34.85468402070473,1.6716493438336275,275.4445266807578,0.0012799354213516674
0.23927871944594317,0.19309131648133723,33.74539230551447,1.7096577771790678,200.99973013637523,0.001301409416824793
0.13549254893161902,1.6033527225238071,30.796128413356275,0.7386873547716892,987.6127469939584,0.0015511412072287559
0.18262303990648285,1.8309085139259078,28.033189924818977,0.7850018091662379,312.12861825778094,0.0013350121112397943
0.14721363548760666,0.7309367983666418,30.66324477813391,0.6493467344635722,934.4779249973154,0.001330434557575511
0.24504704481331926,0.7518018350913084,31.716707973052344,1.7911630286311273,258.7628719544301,0.0014473448101699864
0.18654164856251645,0.41838462839252355,32.59474378785802,0.8037008253419741,117.8912956294848,0.001408239320296643
0.23996361560837487,0.9890797357889448,32.289767900641095,1.647938687496095,255.86535134628153,0.0014479113485636528
0.1987317501842614,0.5451616806186109,35.09744542144715,1.6398353047639354,729.6217701363653,0.0014167349353866375
0.3384063427366383,0.35769933628822753,31.66788168298212,1.2875924662299498,403.2248107234836,0.0015000278687872296
0.07129268701758931,1.2484448135567903,35.68312622111938,0.471884857797504,142.0326840860832,0.0013365535451736917
0.15794690751379928,0.583286532647411,31.699505967624283,2.268332983527438,1135.448711820864,0.0015562489219273336
0.16947008325134724,0.6961438735604569,37.22518937947135,3.6452996908337867,1035.3924068477002,0.0014787081956503013
0.3191919004001694,1.203905402585189,32.75761880057263,0.1703742634085602,110.18935598432608,0.0014225380187456065
0.10483663340745725,0.4607269043742282,34.94897058071671,0.8915864409800834,39.24046634304957,0.0013743668132597264
0.14721168378751437,0.39708497124271963,45.048778846772294,0.46327550376106735,426.742047554293,0.001431267817163608
0.23438577712002806,1.7485488198024286,30.118762172434106,2.257975952938245,1057.195744937187,0.0014002588034073993
0.293375222376559,1.8256070448424837,28.975684537187426,0.9003801691761412,649.879038274088,0.0014049188637822994
0.2877854281183324,1.7291914756634876,33.6289172672853,1.154016104970672,465.9539432159163,0.0013988417521037912
0.07904128174217578,0.5079098728035106,47.862677999071956,1.4672316989344267,584.2604323413416,0.0014383869211430623
0.06848878023932534,0.7511097396110038,49.12281690892302,1.6607226492422065,595.3968942018703,0.0013291268764802173
0.4725904698042741,1.4886181070485518,33.11823291624808,0.5150161803185218,448.1836167103008,0.00144742478958045
0.46373852227443974,1.5876652269991693,36.19149836919351,0.48864330652022325,332.78402237335405,0.0014372794389767305
0.3667529275195991,0.27379588133613264,25.887056835779344,0.6706556082350434,1179.1347229866344,0.001567621839679939
0.2620576722255269,1.7008214213642097,36.55923388037621,0.9192659787366144,381.35919148928747,0.0016265249712087747
0.23353028805462558,1.7846761470898689,36.03593713858994,1.3962879299975595,543.8512540591756,0.001544205602584275
0.33138573739423144,0.18563135071366255,33.77896388762983,1.4790394740631474,98.2566025302242,0.0012728416158791626
0.3479430887226789,0.012687914032202575,29.125758427131327,1.339194198196947,305.1329562594928,0.0014098629478350398
0.05202824936667568,0.011739044872638521,6.491138389179746,0.4262875801895396,1063.7469268593015,0.0013689816485858623
0.06829157335626614,0.024700517157612244,6.262926666446429,0.5913905260577448,407.1824654930492,0.0014343001412858822
0.19488189579798068,0.016037161412825452,64.25424821966864,0.7474996526069445,852.765509983123,0.0014533590175363964
0.24125124325437527,0.01745264382791308,7.326856423582422,0.8060596018211575,526.3632414473566,0.0014572336908691517
0.22871273284043242,0.01983952402298947,9.869628725926674,0.7038698323776178,1005.2484015556503,0.0015638757910958752
0.180594160134178,0.014309942435817192,5.548038500739947,1.9666191192316578,128.75631662159788,0.0013713897998117103
0.09142514595253687,0.02172201602547498,4.358384115361664,1.0150750406107725,775.6807300395411,0.0013924969484379762
0.36649570896919365,0.061769459050919816,44.014446203502715,1.0748923041263734,379.71218071675486,0.0014060403356282213
0.13400914705145145,0.02282659801051321,30.159277444165454,0.4559482653506805,646.1104468847116,0.0015641786095436806
0.0896416986518472,0.01916149535971872,39.69043925478162,0.22680892594058708,486.48367972858233,0.001370941863486954
0.15180937555847615,0.013190201444000198,31.47944130370766,0.1146646715393521,831.060335732389,0.0014210531381953595
0.11934627151946965,0.027845928077589517,27.531370209930614,0.3390946049480249,211.44230355417645,0.0014110603026601654
0.11322832716796127,0.02106541765719818,40.93675256604835,0.2520981756958914,210.452311535022,0.0013123627583217965
0.10014503454682053,0.027859679955092694,41.46453145345521,0.4639930658368861,175.547068511598,0.001547598980574235
0.10974144223708356,0.01551288357850984,61.99001038258673,0.6173499624014659,70.4614527081424,0.001350227859187066
0.24681874550650285,0.02149446551137066,28.15580446381516,0.9554676504467674,86.34204387375314,0.0015383747507512042
0.2677772385139572,0.02159276295867448,40.080944852987685,1.049059352545241,165.35006934586679,0.001454777281814776
0.2384946940699702,0.4232637670508162,37.21084263551121,1.889309192102017,210.20657188404044,0.0012922778226880207
0.3038817837311237,1.599862325933331,26.632942386576918,0.8740941025615211,772.5640525982528,0.0014163534619943564
0.2068904385556841,0.5841436441535455,34.52398105620572,0.4490718186760505,837.8284413758304,0.0013846917742640127
0.22522656535957403,0.5622992113115327,34.43301338017345,0.7687351630000598,257.8061975389847,0.0013423001305738645
0.06069272409301268,0.9011863489227265,32.29573476108037,1.507609056989404,33.22358882211936,0.001424723343890699
0.10592461329812841,0.745246659318828,33.99820147477604,0.5545897006321068,8.509313991028124,0.0013591263256895348
0.10934636062944143,0.8217149936657585,34.65332931194987,0.5649456553329664,9.046389313721214,0.0013656844934117171
0.12986980134746387,1.1881158470526667,32.25984637649907,0.5322688418660291,4.408043341382457,0.0013570921563734648
0.18701949777812468,0.38161998025438115,36.07255701330728,0.8980242883540388,7.248983940948241,0.0013678766005809843
0.16551245771750794,0.4355532212186831,35.86299155973117,1.2683762518932975,14.643957725617849,0.0013482766638800345
0.15665083145235842,0.4187912474183441,38.31871568612297,1.5216539530675937,24.275142918757254,0.0014125807671514982
0.16289952549319595,0.3912467919312104,39.506361742814725,1.7487370441530738,24.23154862345554,0.00161536713773739
0.14196758788464092,1.212948330663948,30.073427447464532,1.0047105923142694,67.30771640028198,0.0013125551806025162
0.18684164061988331,1.140043634751064,29.6502302830712,1.0211032323163656,54.01767349321318,0.001272049378654687
0.2186047655452251,0.9427369421723375,31.447980082246325,0.7125087766959843,308.70944310363967,0.0012299793728138095
0.08879495305400634,1.0128179108456317,34.79195106677999,0.31728639707172984,600.5454034801525,0.0015237963202537614
0.09101158563932085,0.9322937646425099,28.561016511838655,2.122120693056462,481.22406689701023,0.0012367654820496698
0.10610138412781195,1.3621340200920242,29.29478264016822,2.113093962551297,829.0355463524065,0.001241701112430323
0.19652570619122234,0.4771155992421164,37.78825363097889,0.2759565509977772,333.09494653305916,0.0014635474994139695
0.22672663568935308,0.858832165221958,27.412431710777774,0.4524801757674194,526.0201059215129,0.0014685472655275639
0.22629317514432287,0.9269003019432841,41.80515519860055,0.29625634386330213,324.6039250878168,0.001526436182614071
0.18085561159252123,0.3941997024172475,37.384289494711204,0.29954823282737403,236.1510232351315,0.0015150945592114161
0.22304960978714194,1.1063048499238748,30.906468198972284,0.27667187231752544,221.55676699616293,0.00149600166918133
0.16728731018881202,0.4553549266906286,36.11117125334094,0.0911190530342532,1162.5995176093502,0.001483941359366971
0.14584640570470636,1.0560158266690924,36.08401294443986,0.4291820660063732,171.56466557276894,0.001539724282713466
0.06824834191196166,0.653132377014215,35.342252881038064,2.1586984904998956,59.06315631265471,0.0016745298018463113
0.06558914748075063,0.9096539625479053,36.25826916647147,1.528165391644586,46.528711206304365,0.0016631438596198824
0.32784036928709664,0.737304890232385,29.32573323483611,1.191945028506253,34.31079278863206,0.001506098089014077
0.10633740434472422,0.664997399730657,32.725091855093986,1.3325789173551967,139.63702788509866,0.0013124850970014717
0.0911234619834193,0.4651168575426207,39.06318192106126,1.8644071374159141,40.687151257845414,0.0012558008511625231
0.06924214509893963,1.0145864329483913,33.06607687619482,0.7892431829329761,31.844221540071043,0.0012443052817629062
0.0887184504091173,1.0345296952076928,35.27966570525641,0.5413228741387323,535.5660903009983,0.0013791835500454857
0.11509597728731724,1.1410637412282598,32.83418286114081,2.4578103488022975,657.324114593436,0.0013078469755114838
0.10215393812209667,1.6780248129357713,25.839864583753183,2.255663295184721,549.1215854952285,0.0013324249670776229
0.08426004676150177,0.535311748496228,32.618285643107605,3.4021870459036143,480.2641125776674,0.0013729617483973135
0.07061663006998145,1.631150940135594,32.83978623711242,0.2751924843352665,614.1363439660361,0.0014841666869317232
0.07326617495317209,1.6032474680063666,32.9699908737638,0.2712297607278908,545.1289039730462,0.0014750904433214734
0.047898075692956475,1.7623672471703058,35.40905081190279,0.32909429418643527,698.5156443213214,0.0015427683180151896
0.12811531634831236,0.7397371603280153,40.0933555386087,0.050336402172805425,753.974343131799,0.0015650911765242971
0.0688474887559468,1.0076297427869745,35.006153262863336,3.7815623227251094,194.51843080606403,0.0014426875331176674
0.061812099394346065,0.7704672180011191,29.24749941274637,2.2995523040136154,237.70643820531194,0.001420695348705778
0.14931155053361375,0.6166327020866388,33.33249931392108,0.23697349786956376,443.67643430561145,0.0015925882025236077
0.12490161805763773,0.7284701994725333,30.26861672388001,2.6675185315922305,208.01127766742394,0.001413245411461971
0.2297165094600331,0.6186320760665821,35.163663797372294,0.6479875313971077,785.7879955120978,0.001559194816446615
0.16330415550615238,0.9156486000201063,28.55147229180004,0.4575301882585173,242.75829109520527,0.0015198081325246086
0.2967966737649727,1.2557752705692644,34.808587719002,0.35371707761617754,73.79888867441375,0.0015995402690946983
0.20671590417912378,0.7241374356615007,30.137496990082575,0.3920107581836121,63.204698727441546,0.0015465973710205479
0.12836763849326,1.0404587359252122,32.80719455215357,1.1971651089563622,1371.35501255638,0.0013079163638427217
0.19461194007834148,0.7768435691206288,34.52397795195248,0.5300662634143106,168.4979194546412,0.001274977763933319
0.1961018734642662,0.5672704499854637,27.905073392161924,1.8497660588739173,163.24263617711122,0.0013532382553562879
0.173213872048941,0.7279720855185889,34.940022439235086,0.44117914823766563,302.5673821550595,0.0014023752938637786
0.18803638064718095,0.6997628702320451,26.42842210287264,0.6224314825485939,407.82192104323457,0.001454744025868885
0.20765490514673599,0.8821180999654605,34.62883444177859,0.7317758789773451,442.60016815740033,0.001442354995787959
0.09277917835704516,0.8312224770367419,33.951584755731766,1.633992693176955,572.3728354435223,0.0014825509595483126
0.20804139626045534,1.387945045348796,29.23065522204727,1.059545231289092,758.918344777385,0.0015101700413806209
0.09355469918542118,1.119281152516062,31.781218108790746,2.1519184694858073,373.343786747992,0.0014726321126092086
0.11675789780132076,0.9642139521988121,33.070792619919,1.5142766549829834,96.80882035382518,0.0015254709334412571
0.22015942777093614,1.0701262008953767,33.74026558405748,0.17072300865507545,350.63903453798866,0.0012635642247716334
0.23733405434520208,1.6510124611173336,23.401993210179807,0.41762618051618344,112.23274784270876,0.0013083702651489055
0.187312930335136,0.011240382750714057,53.84532913158494,1.1122160658467777,64.6595144955468,0.0015627943721179352
0.17587973322157044,1.1762283736419634,23.51724985917074,1.0112931566745071,1358.0877630141067,0.0014892251172529852
0.11832916125588369,1.8991515970063853,26.290251832276798,0.6844480298844926,67.11966434503279,0.0013888334171688445
0.13145186779364015,0.6604182834081608,39.80609643395597,0.3771153660420326,9.286508848630397,0.0014652310955544088
0.13177376207515648,1.4249316054075514,29.864099363189894,1.2212884875859702,63.45605208563734,0.0012410425532183396
0.1464691630767632,1.1954018780870992,30.8766620486085,1.2169497062466645,88.81050177081039,0.0012950469892621165
0.16140486280956132,0.7937841748690101,33.34597216471337,1.046157000566495,304.099989469922,0.0013719638082468914
0.1338646771374873,0.8402815882448254,30.718686101635356,2.1118795594919932,535.1773617413022,0.0015709522681998
0.1201512653013664,0.5904040675071225,27.34519682129599,2.2831366306524603,715.8340327613461,0.0015362246769788147
0.05861535362753337,0.7697346458950352,34.357678303387374,0.6724351230847709,191.52191898783647,0.0014732877340881273
0.06942746398166592,1.473683740185281,36.31764366283507,0.5953848179442385,420.84432028393746,0.0015676454251289322
0.1087264303431417,1.1726031371558983,38.489944529804106,1.2378569357600324,509.119265890196,0.0015156716501454044
0.08307230142130789,0.5863976490980424,30.329330467214856,1.1729387847730548,236.20236173727508,0.0015347334391018386
0.04178535266630289,1.0580021390766292,29.65835315243358,1.5866418108090259,673.1227835984238,0.001472084824238286
0.0784322914062254,0.9778315303036876,34.07168019962285,2.7490072448536944,775.9895641854692,0.0014965304825731909
0.06629987540766832,1.2262623850887227,28.444314341613207,1.9117975230878463,676.8280250911916,0.0014418821825184936
0.29555143426438196,1.0021936014838573,31.986976824251613,1.0512923812093036,433.0494359206521,0.001551284625858145
0.2520899910735215,0.4134972262411584,30.91773434666714,1.9904897771169388,760.9636089857918,0.0013575729878045428
0.17664240238015558,0.5304130533168623,33.16978504269548,0.5183258566006661,212.47983152668408,0.0013794619699943754
0.18743212122409317,0.5065715701673545,33.64168397254632,0.46914090805977665,370.32887440589013,0.0013720404858876684
0.15204004354461165,0.42437614055255546,36.23107099053161,0.5852818325590071,566.5339552685679,0.0013656132897724557
0.20893842010394753,0.27240276411593783,39.28725608994864,3.213355013212781,303.7101866819135,0.0013582620334486655
0.22005260826140505,1.018208062220035,31.468778535348648,0.35107228591532896,2.858504765030108,0.0014372902567333355
0.13962182114941063,0.6104542039804453,30.367064876414112,1.2596368504072908,41.22078471954682,0.001349507099473343
0.14029387573529672,0.7259551727492214,30.48961704266193,1.218827122901761,587.3892638163868,0.0014417072638445226
0.2516447272754917,0.5136762359592396,33.802388063932476,1.2476733391007244,528.3472545940614,0.0014169871485111276
0.12387776177935357,0.6873169866669796,31.52913453027091,1.0593320557097616,338.81297193636755,0.0014377416599409176
0.1771067115146468,0.3504579886460545,36.80837179925244,0.425395935369739,769.0357082455909,0.0015225941336687386
0.08104402316863561,0.7543085197412153,36.16943231504529,0.13312951993102354,580.4569964893232,0.0013171590602495504
0.316281008224373,0.8908090155385737,31.128680435125403,0.021866189405822994,396.8670147090357,0.0016081675032752236
0.2037198366345111,0.2787871879638235,37.5572791314668,1.8693534908892515,839.9470218950726,0.0014332964772226053
0.15778273055466732,0.9049020158684229,29.651375676871297,0.5025011052328411,73.13886915525038,0.001317528026375849
0.13395315230869612,0.632876989542068,30.714686206699028,1.3733647943848029,2.698421114431764,0.0013275582560068353
0.12478126079711238,0.8264977926941925,32.550533232814686,1.2150302073969013,2.3487229416989677,0.0012889642423434375
0.15051703979380926,1.0307064752748811,33.38994849186654,1.1068059359101494,7.955683736182579,0.0013351104021058057
0.19703096208242935,0.4795158447884902,30.09868933518468,1.3716468817376553,96.86731292110389,0.0016098894689114819
0.29055805472503127,1.001631763776373,30.52993087320951,1.029717753515685,1492.6921471587941,0.0013905242711471557
0.11449243297825944,0.7644435763484027,34.88589596914623,0.23446817300460698,59.70680861252147,0.0014642556517125227
0.0839747487756927,1.3421726523999085,35.8477753621511,0.43217327684089973,283.4988543750825,0.0015752364663899785
0.09344860573874926,0.5919693620118968,34.28740056837013,1.4010696638162736,702.5539385381837,0.0015529141892720308
0.3148601912780842,0.9413316673574194,26.664500326641985,1.1001024172428047,439.4050036360965,0.001361108372453547
0.1450577915843878,0.39545121768240327,42.11225085355804,1.43610706699212,411.41048852267636,0.0014613434559875179
0.14593850708018571,0.3377314264564083,41.41486675254931,1.4469889978922437,404.6611375215086,0.0014623036235738153
0.17444659029446402,0.45826418949832576,34.8867609735879,0.7346293965992977,1002.6692883704641,0.0014442596698635542
0.16309674860886617,1.3280679432139697,32.503581883218345,1.7668073859652145,369.83420146249995,0.0015356044585804942
0.12362764414265091,0.5458853508274845,29.75799449104341,0.8877533286842307,707.4490480047533,0.0013093849012489455
0.274672223911977,0.4748051517107994,32.92512817496143,1.317433698618237,365.7050139275383,0.0014129679213142777
0.07978126937592736,1.1481608967869745,34.02928359778427,1.1308831038728717,527.6197878066058,0.0014478612382165471
0.0890108045755039,1.3099877630997143,31.800944639526794,1.3605871202916608,425.6301817649177,0.0014565122443504562
0.08059105886531591,0.8546782480592541,32.98033394308124,1.240420980933666,399.9164241771227,0.0014267623135901949
0.34088868686217344,0.2845391417669996,31.8555938226689,1.0691216127923173,195.22261074401908,0.0015901333831844513
0.06514591565634804,0.8698719185658497,37.10752018193144,0.9947092910631813,172.88673256001886,0.001650221900596296
0.12525859690728114,0.5447892853956329,31.65486682710632,1.5318820209602155,670.2238742595938,0.0012376055182761136
0.1116006280598713,0.8136658684285895,31.0146445608177,2.5977193389162805,938.9339185112613,0.0012503848494660598
0.10509528802773788,1.059526938431864,27.57454450331355,1.9667379004711343,732.6055460380582,0.0012686157584089815
0.1725972636495715,0.5548639163858342,34.94354932711053,0.7926275393726168,34.73935377876035,0.0012226526170650781
0.18110809745260634,0.7501232214232123,27.736514952819356,0.425453084975229,56.590589859734166,0.001323509456683846
0.17870616942564654,0.7888033991457414,27.06861754070468,0.3964482913537627,57.89912033053234,0.0013221184738188576
0.17019941522094748,1.8319416440392342,36.63575104542965,0.19809747810572012,309.0078978498704,0.0013476454725068426
0.15865902710517152,1.6635839936577916,36.300021693757735,0.18981870263920617,333.5746782799583,0.001350898765395368
0.13771259354023768,0.42376157780171647,42.833054327866265,2.0149746990442607,717.5596652894442,0.0014212018738510514
0.11078916642785747,1.8096769220354387,27.061286222623053,0.8382022407485615,46.956663745558984,0.0013482981271658308
0.2635846490427044,0.9386033323096441,40.54187435969833,0.27582741723602533,32.24132016473326,0.0015365523177742655
0.14687638620318647,1.8972025326863404,35.75548843747383,0.2182725434829507,101.94749622965149,0.0015252666759218154
0.12324300734352021,0.5695511533960026,32.06220061696625,0.04769375232026952,565.4966999653146,0.0016093798787501648
0.43502145271914167,1.1010899352149968,29.558882741644254,0.178104589251112,596.9321479823216,0.001548659696281178
0.20353902515049105,0.4684824511307306,39.438443979347504,0.09747711835333245,588.9930343372563,0.001346286671478434
0.2102850617287051,0.8310293654946252,31.022207408857437,0.05060994359008731,881.2425556360362,0.0013506503538176342
0.08250094655056309,0.9582900244304228,32.81798024327976,0.8732131944147079,330.9063595537769,0.0015190948479467214
0.13702890188956834,0.429595163224894,35.61365604457089,2.6862770663747715,151.0385841119284,0.001625426975113559
0.17960586624898295,0.9897676862194031,29.69877044512388,0.5314819714982546,109.03533161715474,0.001594053393410714
0.10881004784540262,1.1197837836790079,27.924833642081072,1.6655486786853395,702.2006392254519,0.0013367846641279596
0.14965889144483008,0.47807608550717356,36.41116015927631,0.7420556770498566,317.40007337863585,0.0013266678418977229
0.28973088456018686,0.6232461487859797,32.99667084424106,0.9236036547144263,210.5324519252055,0.0016757935362334713
0.17018593174172658,0.9870387039888084,33.3022466130793,0.21595558933165432,442.57013361843207,0.0015643271342159148
0.1451394180945521,1.0198261132217161,33.6790041848271,0.12939113961570217,336.9766357140351,0.0015729692129386103
0.11385317297209492,1.1524954855102345,36.874738645414034,0.10524695422648629,754.3474440670682,0.0014892890650664327
0.2772514434328412,0.3074915212917887,27.764869775273336,2.647835937492076,409.3889005758111,0.0013399557962291417
0.29962123662807727,0.28109714222031074,32.64717510619565,0.3652382733651733,475.5494113684057,0.0014149757991402815
0.09134353933076657,1.0429097597706942,32.70828541293795,1.33719193895527,762.6074814882578,0.0014149347606362834
0.1620516278540133,0.5891728026445657,33.63049544511805,2.2286433299581767,364.24719729061246,0.0014554685064836154
0.1431052181596258,0.605995854144258,32.65782213795208,1.3289260786903665,489.92517701650024,0.0014826339252368655
0.3097328483616376,1.1638233763199213,30.625590837527305,0.35055158628268945,289.5284629240636,0.0012851159611348046
0.14866123324516564,0.7757615050496266,35.24907386726564,0.3488740323373346,280.0845383791993,0.0014489573312721563
0.22134645340258258,1.4506442173144993,34.27026770213241,1.1550141096398803,310.18591196813605,0.0016857977796479067
0.09402261582745919,1.2415894312705984,37.81457695628167,2.2897460254304414,806.8467277073563,0.0015637140148354466
0.08320381785901862,0.8987008521854325,32.61707262026965,1.0433227370415812,1222.2874524193724,0.001543919257189639
0.07930957290802146,0.41712378220372237,45.37517775955786,1.783384785905129,332.3407162929569,0.0016426106543936101
0.12422457212727481,0.3149066816967568,37.17766913826209,2.237046826367381,224.92814392662265,0.0016682744615674342
0.2595798497896477,0.18522493769395082,37.933064578737174,0.7330858287019039,997.893218661251,0.0014620745570273297
0.17543912842937232,0.269036449049644,41.06234240443599,1.0228040470742616,457.0624703278844,0.001453515219096302
0.1531441193144484,0.6662441064314202,27.96768039304682,1.4708810498949438,175.85826419856724,0.001381194475405022
0.25672759119658745,0.11789171326026496,39.26655660647206,2.038513616911059,424.22663977559546,0.0013310487013687652
0.1885201930310674,1.0789710733956268,30.707383691001912,0.4425082878084771,502.87229016064805,0.001365610006977336
0.11148894557227348,0.68038428975651,36.34432196767985,0.5934619499398741,287.7558369484471,0.0013879085240381445
0.18402577215829938,0.34166950118057743,37.20287517114233,0.6778910692795033,135.79069480461067,0.001436726845742546
0.16443291632886003,0.48644950479813664,36.884830442306594,0.5731380804220799,303.0729078124625,0.0014113554857845666
0.30212625862032805,0.43394613151081185,31.25022495105559,1.2233289929109261,761.0825456329075,0.0014191034455798813
0.2257538798764078,0.6285903140459022,27.628514067047803,1.7463334103468138,393.1699002201932,0.0015951565047778297
0.2632684096328985,0.8043603439165248,34.09568518364996,1.4372292788634509,964.661634113755,0.0015363238984566945
0.14826346574968244,0.9462622836433425,33.62159338797233,0.679406468775936,190.82891352487945,0.0013049226497421074
0.17357777034387928,0.9729178978897804,29.058234215918695,1.0279815023264822,315.3586171965602,0.0013476029944699429
0.14026028480936423,1.0833775196679345,29.61863895369236,0.9290746535226754,357.3473359369959,0.0013349410808407675
0.1156649778394889,0.35660207606970507,37.05646824412809,1.457597408079671,481.9118834480543,0.0013890132505717237
0.09702587236564804,0.61518522056547,32.87842942838312,1.834868657051391,1265.4063512960424,0.001409209125178555
0.10379379849066953,1.3168705565439742,31.77287889148728,0.767582321987518,38.021208774194676,0.001301667432690536
0.09014085358892543,1.1557742016008787,35.23342717672865,1.364607519915023,701.2626681510127,0.0013530181229810304
0.07618780258713245,0.7221397858752556,27.92438161519145,2.7988372927920726,694.7448084993707,0.0012674724920175675
0.09009801438098909,1.4928926292738716,33.5283977361017,0.8750315608373471,660.1534612117664,0.001238145934453927
0.19095704425172114,0.6621805498259873,29.477356653973413,0.37491421532517977,228.7416960895256,0.0015767346855691583
0.06325495363667127,1.5327461617781093,32.375942586138336,1.6251492052656564,140.78984864879865,0.0014571899659729672
0.05659984680110083,1.8174568227758738,29.17676571153254,1.2532759971025635,300.2696449540395,0.0013723907601197174
0.10858745204558193,1.8854987904516223,33.078960670379814,0.468897080902394,304.273827267731,0.0014424601270430072
0.10466323203175225,1.8456943028546908,33.58173093656782,0.449220580492122,299.3374994422749,0.0014377220651533389
0.09519942184327003,0.3376002487103759,34.583390840520686,0.8609867186295048,930.4111740790948,0.0013554337575998605
0.14645230782907928,1.5602169751238482,33.821105516772214,0.26188037810699494,314.7280467447159,0.0014489154155373613
0.157591641637636,0.7834323670850977,35.65877578330215,0.3899209526464194,568.3240043402006,0.0014267976748502636
0.19542760475731857,1.0270237909139368,29.571688053222275,0.3464965120208045,747.8138151600607,0.0014996470275276809
0.20826275883910897,0.7820928550176689,37.63281277418289,0.6378205766811801,309.1412749581073,0.001515663131188458
0.3046380509691011,0.6564387838720447,29.90628227654869,2.878569587350509,27.01398379072116,0.0013766318213006136
0.12057726791439682,1.0180446974296744,35.28961741552289,0.7132271709564593,217.41313495890665,0.0013808035462282704
0.2895132928702528,0.8763996016574579,27.739002416637526,0.2925186633768716,863.8651168083017,0.0013503965893975223
0.11748914683186167,1.1855484596682395,33.45879888273386,2.3972086763668323,196.09666442823692,0.0014880054626508809
0.12131566067677167,0.696503746546063,36.885828876152644,1.1661576345729452,173.847175792142,0.001631390420019902
0.08058979247268114,0.7404599313464009,38.016042506219264,0.41504897721841927,1240.6603350010403,0.0016264915134464764
0.09330828127588707,1.1071789380353272,36.273682601293515,0.5342194799010835,193.2337613318427,0.0013960341071886434
0.20678492909929827,0.2601679007303372,36.200187636154034,0.8835399436958404,593.6723137886199,0.001389272372493426
0.19313655834712032,0.6936078783715783,31.13466589164672,0.850243551539713,412.7871996064933,0.0014131628718649571
0.25275010010510296,0.6639025112068596,28.729860402752713,0.03299753887710584,626.8925001248508,0.001486123297377655
0.13945219924387772,1.2016951734885448,33.78646806450776,1.3454375306633468,557.7499435136053,0.001462027889754892
0.2752856220726215,0.677273266961822,37.965829121705205,0.07263224798046383,782.182969778251,0.001391508626427947
0.2476502356265685,0.7859053469412708,26.234605163242946,0.2961799405301161,594.7889729445368,0.0014326386428274293
0.16488763127891806,1.3503445560100371,38.52037981047519,0.1933224266076246,409.61073493165844,0.0013614906953091036
0.08905707081536082,1.0415638857056084,36.615763379716256,0.1291416372880007,922.1866410209356,0.0015414895163683054
0.2461590064135281,0.4261085159893731,29.837121722357963,1.24371437553492,291.6439219050694,0.0013045044342654454
0.25318572537784323,1.8317390968010654,30.52532101679034,0.682087526390934,986.6135807145579,0.0013740540413890942
0.2752180098843084,1.7418392206560458,31.975536884606598,0.6786854797471424,981.0191319562139,0.0013671861587652018
0.22034712300557352,1.380860480573987,29.19693108213357,1.1617181744585159,512.403536503459,0.0014050534312353164
0.1106620294937358,0.4217521263836283,38.72515952103357,2.176615173809968,322.37349329187396,0.0013745837076799706
0.1524002073539887,1.2901058679546633,31.594290204506073,0.6585647661017349,693.4869704394076,0.0014107794984562657
0.2709543455546815,0.18693677694059177,34.75680627715029,2.0474731557029515,529.3046245438153,0.0014987049294438006
0.19539420053261716,0.32677915067190455,39.51148873572562,1.778792816185207,570.060433273951,0.001495229816979117
0.19218048830540765,0.2642809753623189,34.91485159476633,1.320918830670792,286.51787837057697,0.0016121117110325974
0.06005574747900142,1.2100743696339826,34.41416498598584,0.8831348966366377,275.4456334918284,0.0014686157424898649
0.10467741034570771,0.6605163737078832,31.152299524220673,1.1896766094427067,229.8094860220398,0.0014217995658048377
0.1051060779347656,0.5103308017346748,35.87061074333341,1.3104110005669647,501.99451026672074,0.0014372440341557248
0.16564069109137633,1.0868825001632498,26.765886793309974,1.7582100594966408,284.1536591377317,0.0013511165432579554
0.28574107153345457,0.3006124088185571,31.978512954054743,0.9379213561036477,49.51727740148985,0.001415120418971718
0.22643509102094136,0.24220876232803884,34.23936949756872,1.3546273445768624,126.01484032573273,0.0015126066872334192
0.22877274151966107,0.5595304406905592,31.821487635233847,1.8315609560223813,427.0969427219189,0.001350350808377955
0.12907324242999843,1.1182925475280672,27.08878415240508,1.8520496102188997,728.1852870136864,0.0013843023500159062
0.20637165723999287,0.6734590696134033,34.14523100121661,0.836046832329233,296.52516730404216,0.0012227470362377885
0.24332010249397978,0.5898766935126835,32.80861879177964,0.9960058204241686,297.4081830839114,0.0012576950265805339
0.08086475441845468,0.9269644904839193,28.90848749874269,1.7340755353712434,205.79179207816068,0.001308906179957732
0.36805374034983324,1.5501014916845948,36.446290594852904,1.2496362613730285,246.67540956617594,0.0015492871545357949
0.21713720865783165,1.4521845638285265,28.56617165970972,0.876417442069322,171.31282585772757,0.001546123450019517
0.1391808079634277,0.518835259808375,31.718400300047676,0.9655146166164051,26.7688499763264,0.001382139481499652
0.08300696428002537,1.154611148857896,35.391736214105286,0.39871978855142354,129.22262660790068,0.0014256506847573677
0.2667534132258179,0.5465622881572146,30.66546386506243,0.6720464581549721,531.1207939240547,0.0013950118806392037
0.11418625778615175,1.3025101434287347,31.527300652407327,1.0526419895047268,162.2645127744323,0.0014260454917631063
0.1308030781300958,0.5140286545951753,34.982452393123964,1.0539929143264353,75.28163098348878,0.0015233361104161974
0.19117096145232443,0.9336127894077152,30.7849503260066,0.5157570584084751,515.396506047891,0.0013987350267136926
0.1822595876013658,0.44697896327732944,32.11952680583782,1.3791255176797097,318.70537142415145,0.0015282867976704455
0.13966305894325104,0.3626852078265109,34.915629252486305,1.8243609120666846,825.7603519170366,0.0013872462566946314
0.16733397923256088,0.2780020770383495,45.78627603281473,1.3167777148845496,143.94208852769682,0.0014172954616350141
0.21191959004960434,1.4308641293872475,27.327004958899742,1.5447240172779437,141.6405728467974,0.0013602936042123642
0.20879145783513123,0.29391923501832734,37.12727535724773,0.5875843483783806,117.36820549648856,0.001460120212014565
0.2207285452899699,0.4023483175609595,37.66369726722529,0.49209797315035997,142.86590771047335,0.0014598297730935945
0.23090201457221865,0.6076228915738426,31.009282180920394,0.9598179705769305,171.41853795526512,0.0014494140668688859
0.12167277251921955,0.6252409099527821,30.32343861468456,1.4958575702373496,132.02572452833746,0.0013071953473882021
0.15603651550755715,0.721103162304606,30.277407816161993,0.6702866431500947,32.84840635620993,0.0014459018957469981
0.21884923696743347,0.5334715216764597,27.72844450348215,0.7528726177407606,157.87881606893504,0.0015672392535368436
0.1431030827200596,0.31004833565155787,31.979588861413948,2.0629401208421516,1272.3747881115896,0.0014330987789021345
0.14567531125988223,0.25523349080100444,32.642825800058475,1.940460923732578,1107.2923465612157,0.0014290101575300468
0.31601047075160016,1.3317095126805418,27.93528642793179,0.5563712786444676,30.744255239374926,0.0013872012107800863
0.23901228810158115,0.2355798844809448,40.514812324163955,0.47676091743955057,28.83298491509596,0.0013105925605724118
0.22303429625747204,1.1975554846603786,27.717066668222337,0.40914470136629544,107.24918458600705,0.0013372959862662055
0.3305606995060719,0.16340754939818064,41.93138096355576,0.6150817386934413,9.290067654569572,0.0014779742568892043
0.12770626949669128,0.3885199544875258,35.92704974092677,2.1124212385349854,41.45506650921481,0.0013130255916775076
0.11143206181518799,1.4798811958928706,31.18692263058138,0.3359814734067795,1558.892060302232,0.0013787569003131668
0.06217556904531062,0.7385461848619602,37.11424084223092,2.6246158008347735,8.73000514051163,0.0014915599034049968
0.1337590108923643,0.9041153077631336,31.29336729242324,0.828536346706245,8.052245423379954,0.0015271547029769433
0.15217541157005468,0.5641104755920366,33.61119478237571,0.9125158056165631,255.4238164664393,0.00137527854468995
0.2582471848672887,1.2944467436049691,29.30117748591621,1.7151193648144767,136.45739576205324,0.001539143663602378
0.20955125745286154,1.6043785279226117,29.94855901793894,2.2060571340721324,30.476306841486405,0.0015113132833994918
0.12652750243993108,1.2283318441028834,31.52047880072653,0.772122767357138,1278.907565120522,0.0013671245468004443
0.09067446633767781,0.46022208450901814,38.432497601685355,1.3646955356914425,74.1005266636745,0.0013826144991035789
0.1731211896083827,1.384247109130643,26.43445257344374,1.7364342726177495,48.70068737867779,0.0015645981976184333
0.21496104232627067,0.1840619971498263,47.354939419927796,1.3356924625878979,91.8897221524877,0.0013895788251958295
0.2726906887992208,0.38186236019552566,51.708553562743134,1.0780861328231146,175.33221526404984,0.0014551267565464819
0.2968213334981307,1.8591846130859664,33.48862136133738,2.227616964608657,657.1381346406914,0.0014844283378644793
0.26490057398189115,0.17764689752339605,28.656841642232315,0.9085935647235,1025.8523514548936,0.0014564483011307344
0.3220789784489719,0.5563543025447754,29.592978918449937,0.734858868401745,637.9589343687612,0.00145378187393927
0.28438978182635855,0.2581668962762638,36.03483059393972,1.075200412767348,505.1301943868217,0.0015119344593387345
0.10666054201559012,1.184431027926057,28.721941444104733,1.5897788751798645,630.8959910669502,0.0013734745804651325
0.18217865361321914,0.3338060803921958,29.753395492964145,1.338824063302342,177.3049657969676,0.0013864783164032372
0.2003811334458644,1.5402217972747498,30.315011147961656,1.477131668473604,989.419759647599,0.0012586238512524593
0.19779377954016739,0.38128612134359036,35.492238181375065,0.8445616193881045,284.62274695958865,0.0013747722679974476
0.33879808873617506,0.4508230367902985,28.44338578353686,1.8834418143867833,849.7370515614501,0.0013581880949315923
0.325878291806883,0.7506533803863656,31.081238182706283,1.580798285936892,816.3247386822095,0.0013308880379656084
0.2672599617573404,0.9937909449586317,33.93013950225302,2.44535408267796,236.7250561087075,0.0014184366931144377
0.29458816800844984,1.1268453346362601,37.0285699942663,0.6912737832774921,769.9661974278398,0.001561833781421604
0.2954848174135171,1.2552094472341078,34.14000776261827,0.6636840332828502,724.1729278863238,0.001604642279635212
0.2380257123733754,0.4095734248984731,34.02465896871735,0.6074902284044569,313.74972921155523,0.0014549805676557892
0.1941334044584702,0.8460678657039873,34.26125421175297,0.44344646471414456,311.9132454598768,0.0014999730439423156
0.1703833057436147,0.6321241974487742,31.710517832925113,1.6369364134546769,801.4723478800083,0.0015762933625517938
0.2379824210677972,0.6103800442488428,35.692000806292,1.1981508724193752,479.8199193239591,0.0015007893824021694
0.1735004029066319,0.6159086434085155,36.69669738605791,1.2187814483751298,516.4156049692423,0.0015077420945365564
0.22358202536865504,0.6909008755133944,28.492892502807543,1.2487432734254438,451.3578083768439,0.0013778377632155602
0.1500181083259356,0.5162420554201612,35.46860810064387,1.0021522997026597,619.2386510002174,0.0015356743138842592
0.12505091338103197,0.5899217978264126,31.88646311294354,1.443688122852309,485.73728984948434,0.0013047910985252435
0.06503080374596365,0.8405351113142239,34.151523068722874,1.2116490106462445,206.8994518012939,0.0014706862190647482
0.2385791661046572,0.5530399404432258,30.978635809700215,1.3683236352150654,1027.5491673969643,0.0013622153915313281
0.3284477280411378,0.32680002282373455,37.20818482770388,0.9767457042864639,485.4688849754485,0.001377884034563658
0.2722200850306569,0.3840074444198932,29.991762118774652,0.5988978087463666,176.36058238241674,0.0014533958806924683
0.06945989596049784,0.7763922496746198,28.620820348182065,2.4389239118381774,253.45525207270012,0.001333323794607072
0.07429893433918966,0.8803273793950321,32.79530894407693,2.522338126731363,293.20003583753015,0.0013382928508766663
0.18100794141673823,0.9795729806557977,34.7666662973422,0.8307550937553435,211.04831015236883,0.0013854556652334426
0.2041525451894101,0.3596165906221562,29.736566182259196,1.1219188836838276,993.2158962298041,0.001481919001452912
0.20413772545089337,0.46613715363184155,34.195196051869566,1.3346269715498105,724.583038419412,0.0014423777447076696
0.10815061846215651,0.7947080211769614,33.4151469525736,1.5823176937476937,164.097556795037,0.0014045315436111033
0.07529209637406946,0.6841668169975703,36.832636347813384,1.0710744536892156,90.70383462172343,0.0014989478623046414
0.16772378497714288,0.745299429472329,33.97280926234697,1.774987152815219,1375.5570999455579,0.0016891801460657417
0.23841629207633083,0.5113979445048331,33.316510463956476,0.7683373604685275,250.64312309268726,0.0016210507213415993
0.2283355509547216,0.29371756823972517,32.131170721940634,0.6116332161672818,239.61947668312737,0.0016410889018468465
0.2778859524231488,1.3568474115693914,32.672256135543165,1.8125064974298883,142.08173150321605,0.001437743434742554
0.3366598774332302,1.2171625012268654,33.199093648193475,1.8815081293497917,154.6830618958886,0.001442190257036468
0.23305663371565896,1.0404974373167515,25.806859139615966,1.6597127101797744,118.0408099785135,0.0013987010332031776
0.09794946097285968,0.8366299560946128,35.69891944527926,1.3573795893587728,209.25318166665292,0.0014456160050612464
0.2158261463189836,0.6677027673809239,30.52294416277291,0.642442938692516,580.6430205918097,0.0013849114418018498
0.19868182924627453,0.31022368765071184,36.11265488687701,1.4672230518740728,498.35231095406203,0.001506000111337837
0.32600675932908957,0.9708566428536747,30.564425001392024,1.1477483811719995,564.0831006335532,0.0013648348801245799
0.41088306016051784,0.8338651045073583,33.38174188913293,0.8829116568781414,456.5074248022085,0.00135153406196227
0.28713348319069937,0.6787742001213181,33.31434724898464,1.3293859869955285,488.3247168137935,0.00141473262226657
0.18117804966150902,0.47644862874188937,32.78962668229173,0.3686209655576618,396.08254615045956,0.001266477951314743
0.3541147905624609,0.3334401584321221,28.610111233423808,3.02995417461813,705.3690487766818,0.0014277411184224118
0.15835054559950112,0.5003901827453912,36.12978735907061,0.4906123948964402,87.09473922430405,0.0016128676828265746
0.04249162507526968,0.9524173051449235,33.08356873789907,2.228282139204373,1006.1674113865736,0.001600138840412455
0.119097807844135,0.7810106696763276,52.874284334031934,1.03905064167753,149.0785669772838,0.0013536394767698996
0.1473927302370586,0.608366246840141,51.553123922182735,0.9431526964319353,211.10605784394392,0.0014187085304858539
0.13234665107131194,0.6605551355071694,51.120969352903025,1.2221748366078744,98.45719540895205,0.0013924741207515037
0.153194001940411,0.3618727594981082,34.71449576620381,0.8016107275240013,1093.6534072435286,0.0014754448321989862
0.1690402712366812,0.45415265311427894,32.25916259180289,1.2007518287041938,172.55342631362376,0.0013867412394547086
0.15566298689027805,1.2307512276819805,30.71003025217618,2.0213786492787515,390.30778751295117,0.00147243390909319
0.18197280520841697,0.21280845636028392,34.39141891759523,2.102780333216674,119.16164035059283,0.0014633872325780872
0.20516448769651635,1.3912112110974726,27.84908001066597,1.0293966888269155,11.06097718778885,0.0014361858427730176
0.1792639887218434,1.2080791786273408,28.676571632227013,0.7140797047635508,8.178214228822307,0.0013822976630540427
0.26827799017416537,0.28293309525891397,35.13813918037068,2.0145877716926335,80.2376843366332,0.0012678182579417096
0.23423138494073414,0.7915437064544759,28.86358037242996,0.8699818761607854,664.9759178082198,0.00158497080759639
0.2079064089901245,0.28273919622361054,38.76502538629045,1.4144446316508361,815.8448366593246,0.0015744335604104562
0.057119993874416464,1.5009883116451577,32.59635244575903,1.011150541377487,224.05021336929536,0.0014547394487563782
0.06662056057134795,0.37694870639968314,39.29884422431563,1.3958862011070934,71.00302305722472,0.001450826306999082
0.08540397751906381,0.7784787489998521,44.51432788139362,1.9534603922840577,134.66633564478332,0.0014097176369079994
0.26092920353991894,1.8520952086370928,36.91785344388575,1.5233507219788949,385.5041353685875,0.0016013242300510538
0.0829942297941727,1.4349295023264705,30.665634906665986,0.3324578153445813,453.83420367633755,0.001428931736577775
0.29800772220345845,0.39125906742296623,31.865612152320388,0.9068602386642779,108.14896409545976,0.0013611217727155299
0.22623892507820687,1.1475014571980626,27.90931246106239,1.6333506896978298,583.1126990192043,0.001528473594785663
0.524878698544816,1.0088776175689802,33.509086518205756,2.0761436142423855,816.4096937492502,0.0015923183012309006
0.3782946675857477,0.5344509165200397,27.097499404082836,1.9351891491215865,1257.309052028513,0.001586265609806745
0.36271419479335404,0.3351997443024183,33.56007958387272,1.3315319647892512,736.7103588686622,0.0015542021762866636
0.20727152480950237,0.09380033687912573,39.16675717765297,1.6040385815857447,583.5406425500738,0.001444887809445554
0.21819093026668784,0.01170299144803974,58.53664887395414,0.5320902358360718,417.3918159619555,0.0013929157325293672
0.2060914579403089,0.013608498170954693,56.089270815264015,0.5309826543152828,428.6415875109235,0.0014134532493364465
0.22152328010850092,0.014631584455208572,55.14921803433604,0.7440056189140088,388.9536085325308,0.0014242756307678878
0.21852241554600288,0.016280536066374758,53.8092535229965,0.7776456017725725,108.2093239570925,0.001314390622443689
0.11641832659419915,0.0458680504208426,37.755061856491494,1.6985448676363666,578.4178786688087,0.0014809023723813116
0.1619826840115301,0.027318441555246712,30.247225962466796,1.9247169922192007,614.1325254555502,0.0013388430431820733
0.18486779851674887,0.016201728730982395,27.76614369286704,1.1443178790901936,337.45961569667634,0.0013352067029401761
0.12535491407358068,0.015744759443050114,25.047581089073244,1.9313567231706597,463.06098810910055,0.001351450339508567
0.2364715985536557,0.028187054336947733,42.844322688902686,0.9713936944918381,639.0990398975515,0.0013555314048979252
0.23255962891900106,0.03481893517089607,44.217737675338356,0.9502312585710612,908.5877384007014,0.0013680539234884278
0.19339157977212945,0.03317101781689316,21.141234596759578,1.5815683250472137,9.910969460707284,0.0013505701081116086
0.23545431011807622,0.014535058640365667,23.351015519454638,1.6419092410191838,35.04815318970984,0.0014331362832702965
0.24923658213312633,0.03717865452980211,22.814427845598846,1.9947067677446526,63.80239023289117,0.0013800833217418752
0.16471924630481194,0.011888870211477203,22.531292238460587,0.5192358412557948,140.0107272481067,0.0013172075723776322
0.1455992277043274,0.018178154880786047,28.48969658606567,1.0633491459927473,99.55731284037638,0.0013492420770138105
0.21980670485832116,0.016801350853587103,25.08587175988077,1.1828835537410776,605.0770034239255,0.0013129753677543334
0.1790646261881747,0.017635180461845406,29.666717262691193,0.8478157679374346,393.29808054720337,0.0013295718999993492
0.2636955761763883,0.04297270182694606,47.20111635254671,0.9243298164501582,435.61734934476453,0.001502140498776477
0.2576576732335187,0.030298378067153547,44.69662980401833,1.0233165244107483,532.682401394567,0.001487963242440897
0.24400981814725953,0.033175693650375,42.929482322975424,1.0084104068698738,492.0204269183532,0.0015001859093435315
0.15785477504526874,0.016295787135496856,29.427356647157072,1.6053492264681675,419.9463910442215,0.0012711506444440543
0.15344913428213955,0.014694172665636572,31.722556070485748,1.014639319917939,609.0534679305199,0.0016959464856264545
0.31186581563510346,0.08704346264333274,49.857256695337384,1.4892703637590612,481.51585623640887,0.0014366807161153249
0.1638301881005846,0.9687076793453547,30.973260351274224,1.163480065647632,591.1201810586414,0.0013487379624971929
0.16590256719267685,0.673790546577972,31.45656840151796,0.8078973375676229,993.0613960284686,0.0014345943633913196
0.1954439013236528,0.1893047575191016,40.8025588815474,0.8907749046271733,623.7700072934475,0.0014073967119778137
0.1621712022226637,0.7993358825983764,28.71545526622147,0.5921732134051149,130.34490320415344,0.0014331380857144365
0.3886314861405809,0.9311842865594937,30.859009820639262,2.3044410720217665,50.917969757580934,0.0014314871020448053
0.19420952141227835,0.348395332577109,29.005983996408077,1.4039587517731353,96.62451919162625,0.0014168240557732262
0.06314360259148373,1.5455318258674664,29.99323727553557,1.3618937901781245,746.4106840024712,0.0013035488524089167
0.10576545922379933,1.5193291820967738,29.055449769852647,2.4438890119494743,513.8233294605898,0.0013104561352848332
0.06565052207351953,0.8483457310705138,29.600647985123285,2.731220117437791,1197.8599429629328,0.0013012819192623182
0.10541368783164005,0.7360510280173694,35.31467153258169,0.6096825907250445,171.54718177144835,0.0016122200660333617
0.12531968346567063,1.4840866919591258,29.430865572839437,2.011158928518491,649.3532887821892,0.0015155209266606378
0.1452898356921792,0.8436004805536361,29.080144762156777,0.6497802104119977,560.204411480299,0.001283569753710327
0.2871571540005888,0.3762309326354462,29.253473164424292,1.9145460796028277,504.69242099697146,0.0015780212202689112
0.3744378445137382,0.9240527095804725,28.367374295678573,1.5066928934149728,246.40312393552367,0.0015996297916788034
0.16836323689130595,0.5318278528251399,31.147423599447006,1.1038257803589764,247.65584543742327,0.0012752843800121656
0.16968621685792404,0.3541277696963644,42.09704796210745,0.38094673692733766,438.4294468162729,0.0013104295700570598
0.15653308015945872,1.7654890695124932,32.5353717740378,1.2020474947579691,834.3047902614014,0.001435265134443437
0.2582835330744132,0.3491152365892119,32.754486132733,0.17350562296935226,548.9563427084087,0.0013791459042286581
0.1376419365816533,1.3542334668723095,29.437283682231914,2.9082305909089516,664.5795358789587,0.0013917913173392186
0.286423311524713,0.3094942972488206,38.9748871917066,0.2287803066993826,334.8862418896197,0.0015447111782328682
0.1695899812844828,0.8669201091978794,28.693268853740317,1.087903353822658,149.9763620746552,0.0014497455204607068
0.08661544599715913,1.0681492830564352,36.10084599688736,0.7663964065889801,512.4096840141242,0.0014339317441526677
0.0750926275388338,0.7853846359880895,34.73426762312458,0.8061343288589863,454.6736854193878,0.0014330675595694243
0.07162018940134536,1.0266994632103366,33.674699530796836,1.7042342272170925,531.8500195185566,0.0015542789035522739
0.1262522803954747,0.6911274707239569,35.29822997459659,0.5434712412093431,603.5214430278052,0.0014713100822162186
0.1387333410773664,0.32164129703456396,38.78668535257463,0.5520287076117139,975.1438896927311,0.001456860781007794
0.11771874055950117,1.8482960803710604,27.103569981884814,0.6421913522759156,456.1825593094561,0.00158178499001702
0.1209834758008052,1.7374268125278092,28.76553743814915,0.5405476037877543,475.8376673772441,0.001577760664843786
0.27153791741940236,0.02422978398922935,28.373627695489684,2.749502904033867,80.06216104756506,0.001245233606603962
0.13155876516008289,0.011821440206744806,62.69526078456589,0.32940010955798454,299.81112971386267,0.0016334688788163859
0.0681415620606157,0.04449110380255801,28.436701767904403,3.14961138649473,758.474910397466,0.0014744051770354005
0.05906935064405638,0.013156786621198568,32.22859241563125,1.8534441260256922,500.3208585093427,0.0014612773333933671
0.0663115531749082,0.015690143363257608,25.741323387024558,2.0748811244684444,151.93729452165894,0.001376386523314903
0.047185047720105254,0.029516352703423936,13.583680684472723,0.9307513661010991,78.50946033663597,0.0012319089443168284
0.0284342776876167,0.015504274887435453,8.124083710365033,0.2501592330128771,222.19229526754336,0.001372077029811191
0.06384131032599834,0.02747792820805785,22.391071604452588,0.3491351833088476,816.006548062284,0.0013660421502162978
0.07211497198649171,0.019453492135347108,24.891761127265973,2.1984974182579964,78.41367986815328,0.0014539722220178735
0.17880429277497245,0.025471120774104565,20.2250883105515,0.3934973062730191,12.496176234549909,0.0014057915743213264
0.20388951565926922,0.010314792261997874,19.53450967373788,1.843920752681091,45.27356206104082,0.001365151664687187
0.15748451336017683,0.014040507266103428,18.105151682152517,0.3602073645520899,178.64151143129274,0.0012591521594987568
0.17497050247593648,0.02531343783489115,8.052062509691883,0.2947014478943255,57.46671540802167,0.001365509051100507
0.14117550449833668,0.02188358225186523,57.90232061760817,1.2200866337277971,93.78779662063968,0.0014524028820511285
0.24270908560699977,0.01909923610498023,13.93301729317251,1.1840454215678087,979.6977068829533,0.001340175269465741
0.28288733415043876,0.01930942029810189,12.16958075796535,3.709734366851156,868.89020586573,0.0014044812689073104
0.21477613926469316,0.013277409628690125,11.086481240760751,1.7835852599381157,268.4699005873608,0.0014657646885806246
0.16122052840613224,0.022250778637754664,6.634003794290769,0.6052467116333456,460.2986337458254,0.0013433793012363475
0.13720180125887813,0.01320759155644506,5.694685823676652,2.1638745623022593,884.3209246037916,0.0014622674117419818
0.1985954093234853,0.014561492929664084,4.003917620492642,0.3798174221546039,203.7759746377256,0.0013871302249816495
0.09085969529687225,0.010196113128361302,2.0115392106356027,2.4201408306563836,364.01966529263717,0.001392266144634567
0.24855353646001566,0.010209892836493498,12.224056332825104,0.1784953961053781,828.6491699927412,0.0014397603916707965
0.08749850689540548,0.010429648963282582,21.137949120255772,1.50825161720869,263.6680546231378,0.0013177217295901437
0.4217541659802941,0.024081702451071243,23.758571169416026,1.091765455615628,837.8134284974303,0.0015220386943602105
0.039188597597435655,0.012822060094853805,18.682820922470334,0.32433068675173954,225.00946571868255,0.0013826979826979874
0.21715353971761273,0.010209829178662592,41.345199523412205,0.14018086330422813,890.46934625689,0.0013161439588233357
0.17040126253466328,0.010279081954218094,37.67874623776084,0.26231347703535185,529.5579562885991,0.0013586385313831156
0.2895860499344791,0.448198860532328,37.614826035717655,1.4368722518362222,575.9798573904222,0.0013539141987799924
0.18065256048129893,0.39983180571641164,29.839124971654968,1.0602784278370054,437.69463238908327,0.001383154069868559
0.10169065887438775,1.0912834546595247,33.639413586217614,2.235337763989189,1170.992128799798,0.001346642723892307
0.23792233009027502,1.8730527945756301,32.1958156577189,0.41238743542874245,232.1882777933407,0.001494025141892397
0.07388850960804218,0.6966311776153266,43.494725701497,0.8372084853015787,121.38842987233015,0.0014862177061536405
0.23155502547389717,0.5907033231164004,33.23671523274209,1.3791959264072349,257.0444384645322,0.0014174956865088875
0.13906792153581266,1.3851774290254926,30.87855727252466,0.9754980571386868,69.01914849296902,0.001652188719429624
0.12780433208194444,1.4211150532527235,25.506563576477834,1.3389707035476117,68.59818438445018,0.0016482061429622544
0.07578942559716544,0.8485254754263439,35.05616967113133,1.3412243858383943,947.6802677723252,0.0013985235891594947
0.2196529018368251,0.7025211531865925,35.197752993308754,0.4134189747761026,83.8771279528933,0.0014936557699445185
0.213725341529791,0.9328585761014748,26.44836354651042,1.8851289640676365,311.3512973681777,0.0013310083286299122
0.4283022496917362,0.14409493263257228,34.17607917858365,1.2382738347458038,472.03977495499464,0.0014173081733434996
0.09266262531334087,1.0020280937613337,39.48505820567189,0.1688169295042017,625.899865814428,0.0013451163760571402
0.14887621204892917,1.7192117983053192,36.85065357655589,0.35313497191581383,484.3739003311138,0.0013619005080133164
0.17303534955196562,1.7312213234424247,26.35087964048179,0.4728539012534702,498.82942674558166,0.0013918998828022881
0.10046705950608223,0.5829755405765126,33.875928411549616,1.7537855610476751,768.7194517200625,0.0014891098789301127
0.13620721722743775,0.7171707067317395,33.427843735413305,0.9073483302336038,121.771208420834,0.0013870177458495839
0.2308948914188841,0.6291818706330934,29.829880797162765,1.420129084704119,511.5396991730897,0.0013603707329162484
0.18627214910050785,0.3725833161145638,40.21344079009543,1.6053539382024617,318.8920291930466,0.0013725393290923262
0.17377463505506255,0.49294481482008157,33.757712858624124,2.3680396081802093,32.52570520148766,0.0013465069741132162
0.16310163202859457,1.068081644708695,26.30494331976284,1.1661616638703192,65.91408997197176,0.0012922682931338267
0.13454935381095082,0.8741081033274776,31.78153344395739,1.9972503040600242,184.44570950672664,0.0014065516653725802
0.10968955788894967,0.594077611195137,30.258442718740618,2.1734365086912777,449.36003526231434,0.0014443363697073728
0.2106953428555132,0.6383627792175365,33.3988090894533,0.5133630760706902,336.8453316323956,0.0013701171518452032
0.09247611279938109,1.1394285322540674,35.05657711657857,0.06913175902324101,718.0484522512332,0.001329081832524436
0.19040233275835586,1.7473865820163221,34.61822842984651,0.9926402274113127,335.1238737620396,0.0016311427157522772
0.14029394458591135,1.6407232897736899,28.985682360005274,1.0283875559250215,1203.5789718620724,0.0015336193906261412
0.14797617133189309,0.948068590585118,40.51752593662511,0.2207100489297846,151.12507678062858,0.001501768076372247
0.18579195418688346,0.8297546045980007,36.69128668622366,0.19624374768014963,234.8937358745927,0.0014448989105244996
0.1454705370293352,0.4536386454124051,37.04602864911358,0.24021664045410576,478.0585964445611,0.0013710573548076678
0.17884830550949626,0.8912725829731664,38.19690909704967,0.12035484654517979,379.32816975110535,0.0013736836887696935
0.12363324777914945,0.8858821568270757,29.728595720403682,0.09384175976663268,431.09281806516344,0.0013779924399222752
0.38433715224446974,0.8413191459432868,32.74093267089482,0.44630700313780547,303.5992832018173,0.00141818676239848
0.22405977012285516,0.6683118371549969,32.44895293364796,0.206910662586373,222.20313529239826,0.001433608298816578
0.2088909319648102,0.3859397869234321,32.9086192045105,0.18691880535864508,173.9917043337236,0.0014436423477200743
0.2500787325953654,1.6844488219365699,27.27835163414844,0.1910370193659394,222.14313940571435,0.0013170080162714715
0.23562550956427852,0.3814002907117374,39.047196120222964,0.7430758350997448,200.59035386094777,0.001249480694444409
0.21244588721521168,1.7399093376761565,25.190987806065724,2.1136476326289646,86.91329310005236,0.0012964325776682864
0.1757231550936711,0.24438838344473385,33.349077038258095,1.1500734748530508,1230.4916425113986,0.0013030364615462047
0.2018107439094745,0.42250081974123005,34.59593027471777,1.3345709439814246,622.8498711269779,0.0013103607298334994
0.22118042991453502,0.8145615489583208,29.971179841194626,1.1723445456465327,351.18343602620604,0.001509046188744456
0.16845152636709754,0.3007739992517006,37.90862739176149,1.650728693836061,532.678460167508,0.001484546407919142
0.18374683177427778,0.21623794000510446,41.77703703771563,1.8451299021064147,518.1270151996891,0.0013453660624098782
0.14758843835609084,0.29019073063462625,34.002448217113276,1.9834999347477957,997.7729755915793,0.0014225933340978297
0.19881375556159478,0.1795482305537517,45.806662284094585,1.455604548408787,315.63334558274136,0.0015310289980960006
0.20956524144080002,0.25485095013634484,34.64816532121587,2.9427443137952563,914.5383196403195,0.001422271256462267
0.1833635769886611,1.4847961294185203,29.68650492334503,0.24329521948705715,257.61951697228454,0.0014356384920195628
0.14488337837311238,1.5526651324885639,32.52622051409107,0.40317455799765317,338.1635666040757,0.0013807076846142957
0.2590574311471389,0.4528807070686654,29.212696677416133,2.0665797418176295,466.0066684770981,0.0014198185016947988
0.25589667613560835,0.5634886189289017,29.038741553040936,2.3269190376678974,521.022012412921,0.0014274604429407411
0.22504547205660874,0.8502524562606575,29.26321451823288,0.9736472764045605,178.73965819413178,0.0014922970164327218
0.12034806029842048,0.6688206913413534,32.52108715826436,1.1517361546477125,378.1938068135383,0.00147336694070753
0.1074789733671884,0.8376575330378386,30.198542539599032,1.1895550201886607,542.4891908485084,0.0015276452183449433
0.13280565484869297,1.2667636869930357,32.05323551649951,2.575258311092989,504.4782586026234,0.0015090336303458293
0.04438123404353219,0.8492887836360082,33.452941359798764,0.6071448952814726,640.1407067352216,0.00148943515038323
0.048846155861873505,1.3356205490610664,35.53225117441713,0.7395374932913784,1080.8248514962568,0.00154733189522667
0.031976933199922036,1.100753111671551,36.10827341165948,3.1707819350804844,524.7860851171771,0.001547748456809351
0.03944897525484459,0.7872083086462649,37.90643150378366,1.4341901964115233,1199.2795594266909,0.001460335953736547
0.14627146269000954,1.0283120100971925,32.49664656978076,0.5169182351951127,183.86773258599212,0.001640431431800166
0.09179575737901985,0.4696252074968582,35.98276404562174,0.5760713149956388,513.0808702620853,0.0014274667001546754
0.10544665749992345,1.1312874790311993,31.819386867117473,1.3849421651950247,598.6717655399585,0.0013823618266100767
0.1745484843760688,0.7584220159328284,31.39066467331392,1.1710169181920578,426.63353693297495,0.0013630844892386005
0.1628502448636716,0.8760931087348837,29.115436098542126,0.40378216873198364,170.98805121089939,0.0013349569402919016
0.06324390279521948,0.52547688090929,37.703538223304754,0.8162155005360028,442.395808153565,0.0014632405752186416
0.08540967938284325,1.7696187716776417,29.72533616432348,0.868528327547447,1164.032585690978,0.0014872370376914083
0.1536936992362226,0.2724309883776973,41.41376100333294,0.7312127653572196,57.653033647065186,0.0016925303466361632
0.11285557241622093,1.5245440242773005,32.26171309162874,2.053764530806347,657.9111734360432,0.001333344844801627
0.15960744962077164,0.48840267510478863,29.758351185307074,0.8027686347074263,623.593894035009,0.0013837212985841796
0.16952074384392585,0.4819180802638047,39.7039040522619,0.2197231412679804,950.0341132067729,0.0013950427265626351
0.1696386111392086,0.42025998204622533,33.647342978129586,0.3490112346740875,905.8073996712255,0.001426699786589612
0.23794583801489874,1.1427629667408015,30.6435717281967,0.7538875315233247,426.05772450025336,0.00143688445323522
0.1844835418186626,1.109735429158676,28.10815238401934,1.4027350794456854,652.3600131224028,0.0014270038887118433
0.1263142008408942,0.43519980238055517,37.044606849664305,1.2606612841171332,368.001800365722,0.0015122272117755462
0.13776011305623212,0.3074901005957482,36.934130196186445,1.2212267797756842,413.30085993432044,0.0015990011672812388
0.24744317841391214,1.310862796872134,26.890079134255988,1.967816637688411,322.62049807931953,0.001346163997757535
0.3255317283770534,0.10813246388382952,32.97088581781258,2.0146806485032274,318.5888621715559,0.0013481592572549923
0.2109666255252862,1.2670371695778102,25.155542977866478,1.2818241637779493,923.9859047510992,0.0014088224194990875
0.25744121741870113,0.6328096106470672,36.03795218817409,0.9378736923861739,142.0575126572083,0.0012524511942534644
0.11342396350402155,1.0197221432234285,33.47180882424657,0.9669803434138607,394.2246869001225,0.001461856109033214
0.08737013937451203,0.8064347591841801,32.70824447688338,1.1082244503501757,560.8585183410844,0.0013625135961849834
0.05625287840225893,0.6107648052178023,37.75540228313303,2.6375171902733348,663.4621987811114,0.0013297254914090956
0.14735258212035776,1.410076903069911,39.35277048934843,0.25355601311388243,446.8178965430189,0.0016601787607858306
0.1050529771157618,0.624198904673424,32.60531122452431,0.15951737883557007,681.2490591943605,0.0016045692358383236
0.08710730574674082,1.4424199977536538,37.803946058227886,0.18145235337367197,1379.7905613969187,0.0016546480346544
0.07980482420345114,1.6476127215600616,33.988335364927494,0.6299872768736714,149.30917517877148,0.0013526428029961683
0.36885399850994527,1.0509541276697527,30.737806508080595,1.0130646381226487,932.0305472745994,0.0013636605956134664
0.05913767858668378,1.1590473605578289,33.09986354841103,1.173453034232003,24.835135780636357,0.00147665210536784
0.12047669064821483,1.7915752226794641,30.55157897014427,1.344081400713521,41.76778862189078,0.00145405706205762
0.09525567409505237,0.8532766198372653,45.33669661724397,0.32997300637722743,511.04299980088786,0.0014961423053816876
0.41061487124364193,1.8298320076465244,22.442087861463538,3.998751327983352,141.85812270685855,0.0013542136185598142
0.1266746651689196,0.8594086113701418,50.358848838927585,0.05993933694958854,354.740000089741,0.0015342725567520968
0.03738597103963726,1.5547911579006772,34.762212054097944,0.36793992106448814,1221.6141403913878,0.001519230753805634
0.15014165899696164,0.5583438821584892,30.840676270571468,2.6182828468642563,84.39527464338961,0.001582224637096529
0.35658556748039033,0.2700611446403528,35.77536950200752,0.8019796368391459,106.26685700996273,0.0016341838129120363
0.07625072373141834,1.0540738843570314,28.561698326405462,1.6096574115910491,557.4667817434838,0.0013548406908622627
0.16150688677192884,0.7391361178893352,28.522240458894984,1.6455948071163882,695.934975984664,0.001188937533259524
0.19661735080343098,1.1020310691592838,29.231873121952116,2.507372249358896,136.8833201215702,0.0012087848501770874
0.23734856305604277,0.3404622855883341,37.608948188389064,0.5177513050282522,95.80771363588337,0.0014614526594902222
0.17038649005197487,0.4967861431391386,30.737783461406014,0.8314295970409591,162.66383238326947,0.0012738562442988187
0.17207175635067218,0.3486330274049903,35.44424902457972,1.460200623510633,836.4861213192432,0.0015495768098086195
0.1606849959278576,0.3462728096141121,34.609947266807275,1.7875600496896564,565.4886582972007,0.0015577248819916476
0.15285954153014278,1.4880960845861093,33.49013519543654,0.8357703120329191,611.9749957544514,0.001442468637191975
0.19343711279872827,1.757650398065757,25.69660832253334,0.6243955610515366,488.3388069879431,0.0014692890462261337
0.31584758403329793,0.3324030952753936,30.811283987700943,0.8907886299447456,837.313267583122,0.0015019921615006164
0.15866611665543423,0.4491326223716378,36.03467201592075,1.042041718039273,274.5078757263895,0.0013204883359596367
0.14794318631237194,0.8835865308384562,28.41450131997223,1.0403594318290812,817.1784767063103,0.0013638559753209568
0.2505086986155046,0.30464262769763906,34.89006807796762,2.793637238236481,526.4186739933069,0.0014804452197240059
0.32450984871066824,0.5027463186184985,33.61232896366793,0.9785610145543031,547.2743753803376,0.001440987312276954
0.20249585262094985,0.3237785033722404,33.45943803329099,0.879555214642487,784.0240005679595,0.0014719545969308565
0.22786891173761145,0.3139713683055232,38.96432082324995,0.48662469845044026,711.9578058021655,0.0014673451185016275
0.216876690112141,0.6076396365791974,31.268067337147155,1.0330140819784177,208.9407583596344,0.0014450833218695785
0.2051029866829436,0.4952439558021691,33.195975259704014,1.2673016325980357,114.96420778952633,0.0013159564876882798
0.17968115738450832,0.6604055746511107,38.5139369422325,0.28719945972660665,0.3387277008416647,0.0014432494705457159
0.20667490670291408,1.1781927890573063,33.288924331360676,0.3111344423160787,10.920819005712803,0.0014612257638559633
0.15683371408345279,0.7042040097838842,36.96189651764929,1.8450487387572823,14.527979281781871,0.0015785014190798975
0.15603244269225505,0.6260072119319663,36.52368177808348,1.8225826750407506,16.312917167616188,0.0015775889961073724
0.09502272229140482,0.2824468775464808,40.39186327487872,1.3216075248404662,21.932763799874866,0.001472197944337284
0.17553641084171215,0.2576151976387632,38.7605015336664,2.0508374280943715,15.334567366031251,0.0013727036987213044
0.08083757780448936,1.8437973561118302,34.356587757780645,0.8067539640531379,2.831859356045661,0.0014602244185781313
0.059789253975902776,0.6269933082966056,30.74973194099673,2.0256870839277137,31.219452557794522,0.001418785418511806
0.13249192091118053,1.01496331183517,36.601102633767354,2.809572466997367,53.751696222951026,0.0014736275798427722
0.1000317801469483,0.4398127722538895,30.664125858878865,1.6987500714788366,99.33287689118114,0.0013972322409298683
0.24361034715326993,1.2222098263011276,30.293148652457706,0.855720196848273,112.50494249354313,0.0016569877670616843
0.15468650375175153,0.3905116929414581,37.117763854343565,1.8941829943796082,794.3609945766535,0.0014911826194522362
0.12302930761988125,0.5672014894732964,36.33226239420844,0.47648461256767216,324.7215920188426,0.001463016619975797
0.28067247261190525,0.38185789793321334,31.478128596410706,0.8461988490369552,212.4422772619808,0.001405104080908732
0.2018745246385843,0.7944664699286613,31.299319794263038,1.7982321851177006,85.23139345441477,0.0013584732963566326
0.1666102849413399,0.6388255813197949,27.236300334560614,1.0669030962864499,58.76681848759447,0.001304957319708508
0.20736838185310233,1.2670715667108807,33.01614480492437,2.1244428440932697,103.96120909467632,0.0013655185854904474
0.1990662937752836,1.0218662716616895,31.922181055272418,1.8681328508914359,93.81111336693269,0.0013791034668554007
0.12018166314656933,1.1106518189182422,28.494241941154606,1.2937608529368199,112.58791626094067,0.0014207908406593498
0.24631649200389982,0.4475283255940842,32.907180373165644,0.9670749412191092,1019.6404523834794,0.0014197901640039027
0.12727197430890347,0.5031210169796583,32.43762520639342,1.7541640647297343,190.3999738713659,0.0013938062088597013
0.119619825134954,0.38733161231152274,34.40110799587893,1.7529493950976904,200.95395060377896,0.0013842599441439645
0.19443365925265516,0.4317438016114925,34.11845088520873,0.7614813562249461,827.0759002802995,0.0015417301482188472
0.06745042779158654,1.0744812621144657,34.34792229939643,0.7706241257335295,327.456204439641,0.00147903416124537
0.07998909359143988,0.7872354627709814,33.29588722041573,0.698347793473846,357.57912870451304,0.0014335212585039753
0.0764442007454063,0.7097611133148354,34.145984551437394,0.5424350566627151,521.3289455450473,0.0014271496416354177
0.07823301384087614,1.5027014419134344,34.574073148140215,0.4787075035792428,773.0814693515844,0.001463398522604566
0.07771798122437226,1.8948917430100272,31.88673099053835,0.44911339804305667,514.3455531503404,0.0014292260230331076
0.17557578390498293,0.6748484750788698,33.258608204979524,3.099158429306236,236.751971022696,0.0011924841133584272
0.12209223169006568,1.4321017489998904,32.16731583543709,1.0146119767858843,1434.1546067965864,0.0012837239888741241
0.19677510919373603,1.1688410466493397,29.045195152621226,0.7332053077039942,353.27983799060087,0.0012778898129467183
0.0997507707509677,0.43652257775278464,36.76451424206637,1.1599875033605496,526.3004135065225,0.0013695426846264756
0.08571885937733278,1.2258447107789499,31.34720872584105,1.6190098668860369,436.5651359263219,0.001413696172654317
0.15383367485874783,0.5649519296395606,39.24479852526741,1.4639841853486906,828.5344780597609,0.0015572364763905614
0.24702664087789603,1.3179028113134452,28.232047289726527,1.1839024673319862,282.85734185273213,0.0013666799555095994
0.20939619325782294,1.377959305624521,32.50242206165958,1.2615673055286873,426.27302644011127,0.0013377245347009803
0.2387548506202307,0.4356333632739754,30.744608136035865,1.5522155624134364,480.89941393632097,0.0013339231415388129
0.1527894118764227,0.21198694129189868,37.77004979031722,1.1301753448393865,302.26042104504666,0.0014497235073293187
0.31472855114340237,1.5224758525618294,31.19180198475086,1.729252281228554,735.1083708548866,0.00139964983166671
0.28877688328143253,1.4825803631443224,26.971883422663367,1.4760672309075873,219.87476500983612,0.0014579078974333707
0.3085863246666698,0.6600408255818395,31.936635695084842,1.0717013524206873,239.30930026537374,0.0014370760434267694
0.16475517071934329,0.6446265515591328,36.192547391758886,1.354264265733802,722.2803122916414,0.0014714608194522525
0.15096591021237496,0.948955638013814,30.53194019475695,1.3697229564504418,638.9545683247658,0.0014539342104526792
0.3420520107720428,0.35431663136687364,30.862904726911594,0.5243107918239649,193.09849372592464,0.0014120566222121924
0.1862548236848235,1.406597377710339,32.531481932354964,0.29610013349826664,245.4124490822928,0.0014140862371143734
0.28145480757624175,1.1733509614460973,31.820448103362025,0.26940873850228986,237.0885937990031,0.0015795962737583209
0.10630910813498963,0.9648313708274748,32.24888169611453,0.1592758055980002,149.19595319771474,0.0015129669556719569
0.1344929258957187,1.1131431811964039,39.400473449461195,0.2446645266397107,137.853346938967,0.0014415352230435093
0.07626403519964528,1.6045570855105435,27.91543953003775,0.31467062609052776,762.6110172035081,0.0014436265376189393
0.06168058523711665,1.0410264778143195,36.73268034674484,0.5349568263477055,791.979981915747,0.0014958681894629373
0.05126643995228181,1.000864981326445,33.071681631841514,1.1688292325113414,338.29648279388385,0.0016295098228617548
0.02943952032223956,1.5522022245461184,37.1256339937606,2.908173889240043,799.2346799661212,0.001440022897143545
0.46893226466003163,0.5337306398719059,33.32959263141845,0.3155233703257246,315.62619213096167,0.0012827490379594762
0.10575367286983786,1.0152270091100235,31.50263072741133,0.09885714409571296,96.97095615873364,0.0014513037284405615
0.19006648526951228,1.4591382611735613,37.69779206818267,0.12385043581219544,91.46297460146931,0.0014109395453615586
0.09271564504345703,0.6562358284026184,34.519430026495385,0.20042555517479607,381.2667486288298,0.001455630270431851
0.12231713725918517,1.1647022466345713,37.618031052618875,0.21445351919196445,521.1225782312608,0.001429566999610876
0.13439107317617974,1.5128988556678913,32.453354035534886,0.38018550566699033,393.1797019693464,0.0014443076742214137
0.3787174509474269,0.2761386425505295,35.78667602823967,1.1405719845984126,379.22022854423,0.0014950131099621265
0.073798892184086,1.4745631429161976,33.41063493599843,1.5105129862232627,557.5335238741412,0.0014057853819198457
0.06729103075954056,0.8702474020512212,34.41683710448593,0.7631621310533108,98.17336555651126,0.0014070814360011034
0.09996575698808731,0.675367603027306,32.30542453509966,0.8934896051405198,226.6681267318227,0.0013633240533666132
0.33518725281695827,1.091621119831367,28.958665185284143,1.1320954776120058,728.7151164091358,0.0014584683737370538
0.2328832021247761,0.743120230871526,31.328153815226173,1.4116737915133681,902.6402657301285,0.0014536545487008193
0.2283145682932225,0.5712167417659589,29.349552944773023,0.7087583986539118,465.58269825486724,0.0013373460728537826
0.2335370901265307,0.6249597778195238,30.27441810016586,0.6974644761944985,476.62722542375457,0.0013474122023229727
0.27734582673567687,0.6531684984506856,32.73117555165444,0.6020810898882227,245.8859152766491,0.0012455183621658112
0.31869942409952023,0.6110782655176108,32.84431632621146,0.7682132983275102,588.4681958205142,0.0013906898226615431
0.2838619646454351,0.44714043447067636,37.05908584200242,0.3486168099133626,590.4427069343633,0.0013146255304606926
0.3647809660338914,0.6536638539903363,38.39069449179762,0.32772865464187895,516.6938775009876,0.001281786456367068
0.3092165470475412,0.46253322019602056,34.83551715306405,0.35125283422829334,720.2080331102019,0.0012650198286236404
0.20109238579820565,0.6958892085338845,31.611549804705756,0.36925079846059483,464.0403802639137,0.0015373740034882654
0.22031820660143087,1.0997975488798675,37.316318451722374,0.07311653460645846,406.6545029037123,0.001482730502032588
0.13419201828229396,0.3279932706522648,35.22795843040227,0.16133756739836233,1014.8663217853143,0.0014445334800977636
0.26917762704159887,1.3297338274102635,27.12782205374195,0.48179171116489783,166.76481624619956,0.0013334950046213446
0.18956014798755136,1.0460594085918848,31.298278208321015,0.6456918085076002,59.61087111031109,0.001337688066564287
0.2824139128742864,0.37069867310061844,35.9865997385117,0.12673648274371702,130.92117263000395,0.0013388692337163244
0.14516589498224622,1.3553035575881895,34.62524069090272,0.07135818293421133,121.50378627581426,0.0013451348422749976
0.13261325786787184,1.6644824637472317,34.155258660558076,0.11314590000680211,110.38015834281862,0.0013391685908719613
0.2856524812648721,0.3048053403857792,37.48793117196168,0.016774447083882607,1271.7396222459129,0.0013584444499695476
0.3323891191948379,0.7395578327503985,34.185319789398484,0.04307548936418876,430.70054534041435,0.0013955748016140535
0.2498808507543821,0.807227626283922,31.07203558382674,0.05249651185306368,438.4581957474019,0.0014501181419652289
0.17414097160630698,0.547925761077633,36.4079313240657,0.7468446094481443,700.518132076414,0.0014335264890295882
0.18847869583789623,0.4554047088260858,29.02659175169334,1.5498824091925254,456.38367006885585,0.0014145210571758226
0.11459709985082144,1.2140271129773206,32.46446212741801,1.8120227924726244,436.3898980630691,0.0013216131972713452
0.20690942776402513,0.6652247068939717,37.085466105670584,0.8240529405011007,107.7859117151248,0.001579444379149269
0.18148109173673801,1.4287267800081973,29.283322309704957,1.1973194174939654,54.17015058262673,0.0014832230867370328
0.27164945149626196,0.2552525791647789,42.71632551002875,0.3096398333863609,583.916185943795,0.0014024560648763004
0.14985239438749381,0.4626400809359778,41.434308432643,0.3632273226224264,646.0102479506144,0.0015438527351282765
0.18354561239084008,0.4094510328665891,39.8169270372096,0.1958455308325748,294.6844421880843,0.0015366463216328744
0.16063656391542147,1.0926614735233702,29.526785961881224,2.3687154729779314,654.7878076407034,0.0013057194757913942
0.1714617980374482,1.19521842996066,31.57102478287374,0.5244920717551659,605.2474413654005,0.0016550926622102581
0.2310577451127497,0.29337711008190115,38.940827950244994,1.3948995247177798,583.5210532675316,0.0015417348913386228
0.2017380838495065,0.3383503966300213,33.595383459059555,1.460858627105184,408.5353911528848,0.001543360801105708
0.08480623914525613,0.5818675161213787,35.89286357763313,1.2010491213413361,563.3201095776602,0.001432765104861993
0.05289072141374347,0.5292357747659809,41.58196481001656,1.4840167125660786,229.74315469946617,0.0014569620388132157
0.05378076516027451,1.5001079721242778,33.996139804765065,0.7343898843939343,324.4380689982003,0.0015039784044329628
0.3439585843639705,0.2454866809663675,33.56854313972797,1.262940227005326,255.18822016382322,0.0013556372461419894
0.17769783967112873,0.44814165049944144,39.70151855054635,1.402686024215886,117.26209331719537,0.0015665056849808092
0.26168150038742855,1.3541502475487386,33.86772765963071,0.9608806016539375,528.0730666408933,0.0015380602610327973
0.17383582618473467,0.530384483262483,34.433126468702426,1.1357123833157996,756.114616248919,0.0013785030986158153
0.11355032027351511,1.1735857667584215,32.232298098749936,1.1271308417177643,663.7515975342135,0.0014685109151368813
0.15026364687984334,1.3752037824018326,31.929741308167404,0.4872788454390105,558.4908478862249,0.00137922122465155
0.1478872909104124,0.31917648994593684,32.010456999771826,1.768559483266084,310.8864611012207,0.001372047166053506
0.17742257075097978,1.7497689489469683,27.73791084081009,2.2047528669994136,622.8850009987194,0.001456540088774961
0.09842799288128888,0.9813144400164838,33.28528559555297,1.239229697186989,659.2764294630284,0.0014154906259177978
0.07710369628413172,0.7312297335225427,29.6232824992791,1.0139056178454988,517.7405981090288,0.0014011034567268867
0.10220890366385815,0.8067451205609155,31.086662671417784,1.1894546816320657,596.6260222786326,0.0014317395028742453
0.11869590930359186,1.4920895671857257,32.611735866594614,1.5187684316167613,828.3991383841477,0.0014641233131470741
0.08477249020984749,1.8037827621889133,30.644315097295742,1.0584921426159044,582.3739727428568,0.001448113859853336
0.21482641611689568,0.2788431948725682,42.235831409569734,1.4799554308831475,584.7475893245484,0.0012757426489102823
0.15189964652680193,1.635147132105652,30.890485832419085,1.3644593057350434,460.866446475608,0.0014492188127626319
0.2207864387581335,0.5067026953208337,34.30546151732935,1.321132476636193,209.30669538779298,0.0013358544137320554
0.26758185150833536,0.8544552140934758,29.28566422603871,1.954178978092763,706.2145455150054,0.0013512519543461788
0.16848133687398698,0.4155925807235941,36.65573203616013,0.7377142439780412,247.59551470888331,0.0014676977494287474
0.16183956241349318,0.6007707253702621,31.806683769033192,1.1699681289527124,147.70971121164442,0.0014428512395635406
0.19338048186277637,0.621663337827554,32.90170763422797,0.870183532017201,184.17699837069455,0.0013737554726011537
0.13368912274076206,1.1749300487021979,27.99606999954841,0.6205311787407719,925.3036752236708,0.001465824179853576
0.20734858576293633,0.5201217353414084,35.465676163146405,0.3545287687031948,307.2951232870208,0.0014693277043552708
0.08723875757919275,0.49616845315373564,35.7910629191083,0.9975168863410733,743.2357579779057,0.0014264558177368143
0.18277462920869159,1.3165936995211798,28.30880622238592,1.2207603242973304,259.3548867566693,0.0013745737201781327
0.15822214756976985,0.25601056468807976,33.17213935348515,2.4406971724534414,290.8354471202614,0.001333633262342834
0.24772631982327464,0.2588625000171765,31.79389475401254,1.185138913842491,413.39351949946905,0.00145887763564777
0.17702576301299988,1.7454343801086987,35.58883420506918,0.28506951255983626,1238.3198185806975,0.0014297288359673874
0.19395125920576442,0.30009325983730356,32.90640601110254,2.806354063889852,212.5009281858452,0.0013289045622916639
0.15819341880304516,1.0321700417558375,36.693281348010885,0.3037746966539604,117.67600058118128,0.0013808491273657067
0.14348072300080067,0.5855752823475486,30.733375424265194,2.6232057669374136,938.1736837521626,0.001476908344892864
0.22308701760261668,0.6006028325452468,33.75060309688557,0.9173504304670965,353.7269691497734,0.0015775876405428957
0.150227849706591,0.7136584978077865,37.670233204756,0.249154596907654,183.84444955477548,0.0015122886257056302
0.3643160728731768,0.9459363583807012,31.65992054289932,2.4449792216014257,1106.2897430011392,0.0015363183825256614
0.254660783905523,0.7215036257809969,30.248986500069,1.108048511820621,278.7156130878666,0.0015083850091189063
0.23932078786401276,0.7980821480237348,25.452204377492777,1.2169322725406717,288.2102859118549,0.0014749190244480576
0.33894422804035906,0.46679922695899234,32.68849824248431,1.3650985996160063,527.0962646740362,0.0014511276896441478
0.047746534982000995,1.1258389375971622,35.28320332897384,1.7132335832295575,140.3126147109537,0.001399790466958004
0.10263775147914272,0.6607684401522906,34.691015190821076,1.0520661567205085,872.2831651948634,0.0015421487868263048
0.05868702767923894,0.8997767447001066,34.13003233344985,1.702524509876068,638.5883169687686,0.0016124344416455813
0.06319805929760404,0.7351197462757905,39.172374247924274,1.9241954504630743,781.2525896683878,0.0016487882440063156
0.38063331646577736,0.8024332521400173,33.54491974221812,0.5293730390929592,284.9436767818141,0.0012379087382302578
0.3246709245785301,1.368461226250381,24.8167111274624,1.017644492540578,297.35054989776086,0.0012729161016360154
0.33345815134073875,1.0211619143714457,28.567220026207735,0.9284270875721781,440.23202702846015,0.0012574897019500676
0.14761359001649918,0.42198357471089476,34.11946760190976,1.8127547701938718,708.1158555911215,0.0016557877689457599
0.16515278123523391,1.2323472371172022,27.1412770322491,1.2588631598598823,874.6524983234066,0.0012683900714183316
0.2010357099849933,0.30768282863934343,32.41659659259521,1.7517661837527907,511.6529285203195,0.001271923001059033
0.22292194504291296,1.5852231005785615,26.292960384009174,1.535883720668918,536.0294169384547,0.0013280298908044889
0.23055824431061248,1.8233792225388603,31.383218904650086,0.7472695834049979,613.6812458226282,0.0013703707030138577
0.2337405577353221,1.9227811473238192,31.614937187532462,1.2169086645906741,775.4527279579645,0.0013796830466180528
0.11460145203069937,1.3882348561834508,30.92067395135452,0.37211067310783164,481.2872737644187,0.0015581245190662853
0.15921429458244088,0.509946502179656,41.209557709063944,0.1992959364580551,564.8427437725037,0.0015619925449449938
0.12817033608862505,1.3099900436262306,33.84736726059595,0.42329010708725623,38.40616555309694,0.00151522231103001
0.10189709133416236,1.085908196384844,34.86372008631985,0.7714624096606781,23.432018748297953,0.0014949821593517906
0.07052101450036775,0.9639298198138536,35.018830286796046,0.8239757209502339,23.635081058919145,0.0013607706852589942
0.22126709931904473,0.2917610933152894,36.12110544391112,1.370205919238288,383.8496108759485,0.0015172257326567314
0.13887619899472278,0.5754179484029497,35.11564662332286,0.3299641323854881,1075.1678270449868,0.0015760395249502187
0.10735363261772173,0.5656993719277863,37.56442977067192,0.3618690311108692,868.8197407075859,0.001551150459274431
0.15710310013893017,0.8823650104656575,30.15228228270957,0.8473847573121259,438.99650509471195,0.0013864407212688555
0.18259650344959477,0.23809853574302617,40.106720374455556,1.364373420295435,154.71214202560657,0.0013916738193636038
0.34676254292257097,0.4224238642125071,31.125204287608707,1.5535427967721507,86.75358693522172,0.0015385458427919416
0.23402851112724188,0.4795257702677949,30.658485314813976,1.2298796411956803,181.7591008732681,0.0013674833968350254
0.09437067949097624,0.8133421031331352,35.4520358380476,0.3575249296987238,308.3540445597645,0.0013729545369876128
0.09391281165031115,0.9257481336993979,39.48277428733539,0.05197576051902708,513.3177944637498,0.0016635993036525553
0.10591470969907286,0.6931653236994909,36.41858720386314,0.8794054140673407,753.8799144385993,0.001514334652242406
0.24148560698492422,0.7447756621208368,27.224599410497564,1.7252519732639837,402.3622056947879,0.0014127991834194456
0.23368158016452656,0.45755490608140026,32.14933330113623,1.004860751411511,378.25624604911326,0.0013290905833351061
0.24068757868452217,0.3921383027959278,34.910925583807014,0.8519342377211755,694.7354329028338,0.001300296456684157
0.14947304870278452,1.1363281584348117,29.196609752455522,1.545121406436564,100.25345413649255,0.0013927068119453348
0.22104007160151082,0.24593718802836723,33.0142443883942,0.8640499355524276,723.7873455269199,0.0013612526565529499
0.17952626393255217,1.8332006503612401,29.8265746192622,1.302233947081237,245.71639321169656,0.0013577242719177807
0.16679524125931694,0.25479451899157507,38.195811541378994,0.31298069065956313,1061.043095794232,0.0013801168442940334
0.1661887477693099,0.3060814058113966,38.2532180141814,0.2838804894978504,1087.2893836991734,0.0013834627686378981
0.1626413586169903,0.34972379885625926,39.56016855058339,0.477423679959743,434.30009968115263,0.0013789228786805136
0.16631862170851225,0.41643954979105263,39.65590451950337,0.29484966055890405,434.502756656071,0.0014331223944871092
0.24103693122178504,0.4593656971164872,37.11728669424766,0.34621922368320074,717.500308686077,0.0014491120989491434
0.2699454899728134,0.5591960443479098,35.29302416295937,0.3040722567150209,485.5752108815101,0.0014495695535925285
0.3166007689866967,0.4306037616749886,36.60916950977136,0.22868399516379942,459.00238831858985,0.001379078025692085
0.3381567551360224,1.0635100838181466,31.880337332238554,1.496987123420402,301.59650933384563,0.0016905548368106225
0.16550418150420465,0.5379681714877678,39.08652694562452,0.9132906508890255,951.3585820042539,0.0013490119322440658
0.14015665327043803,0.47450682284918017,37.308964543885644,1.3104459113396483,643.9260844403985,0.0013353654354739592
0.24422939595465468,1.3892238422829606,32.56548706508656,0.811245661017034,504.9707651809014,0.001412234592121204
0.253382824665489,1.3347507385230417,27.38965063617992,0.4889166151880633,242.73565309624433,0.001396544708943427
0.20385576443026882,0.49986153849899945,34.85615173375395,0.6147028390133817,300.59998741673564,0.0013606776459374563
0.29379865085783863,0.8741368720748747,29.378017113785713,0.9456446673964586,376.9584963600875,0.001450742521747329
0.2610991815268136,0.3333812303357492,31.55526384191202,0.5559068906573507,794.6360367050208,0.0015803767092197598
0.06228109259902523,1.6535603341075744,27.00338079542042,2.070265297602555,468.1245723979727,0.001271160784025511
0.08200504150832617,0.5524143150962183,39.196780085411866,0.8943365921402632,272.55801915861076,0.0015807214006280886
0.09398833854988102,1.0495856458138308,31.47923941924029,0.6195845690244827,1074.9176304822774,0.0015613495987798903
0.12071101225296556,0.9004985736513249,33.83151249098483,1.3306362594636774,488.85015004459274,0.00154104813517494
0.08569208696348879,0.7638919223963592,28.30030553866011,1.7834408561945867,543.0913815528376,0.0015185193339874957
0.061613816765070224,1.89135740456834,33.15158460374546,1.5012982491767992,683.2910601897169,0.0014596760705645998
0.058621898776779945,1.6546482486172844,41.80238881478743,1.3514688231571126,314.1381089790157,0.0015690623030204047
0.050779383324383476,1.8070069535511841,37.01947561899357,1.3654643302834903,293.1089340534115,0.0015888462712725306
0.05215033272940872,1.3703971210991293,35.82109024619606,1.5868800203590625,473.60094210105,0.0015583628648974533
0.06058166872041393,1.431712140846656,36.91003638791923,2.907207400068842,392.1464463730715,0.0015400225651080012
0.04467776175427677,1.8975575336647568,29.949867522320833,2.0324586329429932,188.35144262114505,0.0015746889027909727
0.10970724167539787,0.45947541962812194,43.15316716301343,1.0303271203488111,890.5002661003383,0.0013917851127158596
0.08121355061989508,0.5590073052045539,46.645665124462674,0.31303984328196105,1140.140357349483,0.0013663651947678278
0.10143600716671415,0.49960024617698673,45.43005671398776,0.3676064376344153,881.1783194614424,0.0014530984010540158
0.14792363942370507,1.8215654813828532,32.62239429737189,0.3854095576258562,338.7260706416277,0.0016673967535819163
0.3230083669299392,0.21126875435040862,32.39513902251343,0.6882638717042036,270.31699444441745,0.0014023988746529378
0.2032884817987756,0.547851602934544,28.32454021466478,1.9841658499165529,437.3707146036605,0.0015164118383236354
0.395924000114046,0.37194462225860125,34.2853611533412,1.744019706742658,475.8151071957618,0.0015206035050376173
0.2225972427539474,0.6534779714380391,27.286073888099175,1.3938387362438331,506.6408391057791,0.0014351808079228266
0.32234900794620497,0.965805612354948,32.8524278926892,1.3272243623938857,166.56856903389803,0.0012590930560290163
0.2613031715990684,1.2538628822773397,28.904974337412135,1.1274345635183616,184.7153776746612,0.0013061670573586825
0.1663430285558003,0.17806920972088333,40.31891462425178,1.6925897128903962,97.7003028089107,0.0014492528486499251
0.08825842709324264,0.6023727648453786,38.248165346899064,1.5305334951819896,351.36783026547033,0.0015041476834239825
0.07125809236520597,0.4786521714651807,35.74180008111881,1.3024042402651073,336.72029079432457,0.0014583890297545
0.15287709604763094,1.0262525940962666,34.28248751461504,1.3685507570966362,809.8119626895103,0.0013402505958884001
0.08821964650771483,1.603115652556328,28.670878115022003,1.7947532936512105,546.9495152011189,0.0014410224794862304
0.038616250464755815,0.7414282218386185,45.48308926662829,1.377717013559508,532.9464281564331,0.0014518744343470214
0.17907267666703786,1.825200306389583,30.764279069099018,1.9858631909133182,466.5234320819943,0.0014494536312710453
0.27469248763692783,1.5102976033637046,27.22981168460229,0.6062896409176731,18.60502819936715,0.0013520525270238684
0.18768214132008662,0.3648706661569215,34.27262016892319,1.9259829902264283,389.0049783261297,0.0015642205938941722
0.27253109077419363,0.11579439493894278,37.478739581537184,1.1962280436982453,266.4638293797433,0.0014072541337313942
0.21921676664402612,0.32495420874541187,44.4636583918558,1.5363937398121108,1157.6861150268721,0.00147393830224478
0.11714835175211741,1.881996238426138,26.793945943118377,1.39366139320361,126.40091838064461,0.001293306444752361
0.13562397824361944,1.5955580354185992,31.38402447720644,1.8644430244360195,351.04881100243426,0.0012431817192555834
0.18400380449038706,0.4425102546781474,32.743015904463604,1.486746513151599,875.3819619013044,0.0013380477653718004
0.14154159170222638,0.6566801662123728,33.62273953417515,0.956006144667813,115.42014477437955,0.0014916843456447182
0.18532916227626103,0.6873249464439783,34.46795721179976,0.5134186716687886,94.58073937467742,0.0015061776164355014
0.16245939689101063,0.2912673315565792,35.187003869586455,2.408916916269884,86.39356846448837,0.0015841072189947585
0.1615901158140863,0.8792928898431608,32.80542703602583,0.5013369567652584,1281.6304991056834,0.0015229323153942904
0.0787951911939205,1.7597680492052363,34.34384808268597,0.412550621813152,199.62754375175248,0.0013614100328295192
0.0678998543025188,0.5453705664139312,35.38482099897355,2.32734022233162,477.56620280553614,0.0014683761775244426
0.40406962977798716,0.5448755007997124,30.748317319200606,0.5697345403350669,497.92446637806137,0.0014087846630895656
0.15758843508497314,0.8927956689943661,28.33719893075619,2.585469637480451,626.810355458743,0.001343864093967546
0.24084480401315805,0.1417391526771579,36.803760791056966,1.8688035747661107,192.45314739220296,0.0012303818316931774
0.21712579897569048,0.5852631351420342,32.36893417972971,1.1441779108568513,493.5758158317066,0.0013009890748990627
0.35973850782327405,0.2768380167239815,37.10120751631093,0.3838669569114839,891.3689855976334,0.0013485334010147055
0.09355782008376196,1.64739444615124,33.75090438067408,0.2592627977791619,185.13055231480797,0.0013584288859035754
0.16841624087301368,1.7487326046948861,31.323431926561074,0.28181726872507434,885.8125106090807,0.001476939677614264
0.25925986096404774,0.19432103344405147,39.61133625131844,3.0211191975520637,404.8038141305732,0.0014208326793502244
0.2498669575514906,0.32342274233469126,42.961939602683195,2.6368480847497384,819.8344290075106,0.001516313232829307
0.2143781997857605,1.8830653286998882,28.955611396311145,0.6490229402421713,47.85121667725143,0.001392849566401698
0.25803568370338376,1.8399358818749947,31.38621677328501,0.9381324740978696,156.64258775469574,0.0013965598521732798
0.09318086316353244,0.4437496513451401,36.75793787445263,1.6337332681501266,1013.3892112200392,0.0013040533170094412
0.043875344695081996,1.3829104293769854,34.566210877431715,1.0930112067335334,284.1549304024034,0.0015595131837244283
0.11426189507207064,0.6147285478856886,35.02830445858199,1.4149288502765414,230.3962196149675,0.0013514701940837946
0.09216227002453879,0.61370876100815,32.634975540894985,1.599313016064186,147.9123880681452,0.0013589549202429056
0.07784873883158691,1.220069869734398,34.06863095988519,1.3984555494628212,290.64255856295455,0.0013797514503259103
0.11695607590731794,0.6209662622948058,31.67993278082988,1.3538092329509865,400.28461287674554,0.0013956832314386855
0.225481989913975,0.25196917335684793,35.39239958460676,1.8607179547567745,219.04256517336273,0.001492525265127647
0.24680094465383537,0.564874610079677,31.933587118654316,0.8170120043967328,770.9399271336956,0.001418658577351471
0.21294876454129816,0.5851145703779478,31.55673575570679,0.608499823964529,529.006284190039,0.0014052179629291343
0.34742895726800666,0.15275920034349902,37.68449432662819,1.409501797029212,247.85965331995786,0.0012947113149679688
0.17314668111100032,1.493696654413907,28.634191958789955,1.8651162076568473,213.85272215905425,0.0013748202950890128
0.1596844934541583,0.46025799586653626,30.624859759726327,1.7376629094735834,701.9519865277599,0.0014319437065605303
0.09135283463209677,1.2538216599119367,34.729235015719766,0.6159531274903719,745.5346219395976,0.0014626067357393292
0.09519453279845069,0.568290496145097,33.91867824667667,1.8768596971656546,160.18677099866952,0.0014660043306595227
0.07459222724528265,1.8297867971945667,35.56571115884511,0.7518736979047655,957.8794181438334,0.001332351058649049
0.07126137092713448,0.7405652838095946,37.719228665990904,2.8114953262721865,242.7611511790446,0.0015129797874400988
0.1113833860008279,0.6911748104537248,36.150213379838846,1.2595050253984008,514.5280786108618,0.0014934974218261494
0.07528010780131583,0.626233905020222,33.227588493259496,1.339466970440446,1450.844849488896,0.0014875385313837322
0.22678809404291764,0.754944352091574,28.377467657817856,1.0181959375979892,14.473783675138979,0.0014555318451163583
0.31413146345096354,1.098785740195514,32.04863485130231,2.2501543646813196,11.450624824046074,0.0014610753418981288
0.2017612935237571,1.3541668275185443,33.18819552852917,0.49611211992155424,43.34631098529474,0.0015199090333399788
0.24731946529966262,0.5148025168618456,31.06995995263008,0.4600342018956453,22.944841819158317,0.0015998739604528626
0.08907758731469938,0.6761615776365529,30.858356571719987,2.7562657481634245,75.86457117633425,0.001263291424792853
0.38302747769889195,0.6860284190613264,28.870733978330755,0.2943944301665979,318.1105928341411,0.001329769206759771
0.36219449597461884,0.7734644016449106,28.328098791125754,0.34954154129710735,274.89712296415826,0.0013504385356530855
0.1564178111922818,0.3577532099749199,37.73069314041,0.6367691377122603,49.204129681062305,0.001479574174872743
0.25427079421430904,0.6347051183654929,28.853952703126485,1.715269239762053,391.99358498074594,0.0015514491453212705
0.18989484942485457,1.3254816679298478,34.322585816105324,0.5670772906342064,577.4160054031526,0.0014590196441083881
0.2845901855346151,0.18783302608144678,33.453948316982135,2.030895908029615,602.263647670293,0.0013356565648584705
0.15726147349773975,0.9615800497453151,32.796798357049475,0.5357880074351392,363.3224939879154,0.0015380019202872472
0.12324395203750697,0.9674977929940558,28.76830960819424,0.8064008100950573,255.09301100557204,0.0012422472698846866
0.16396339981119618,1.5522074491103957,30.71122470097193,1.028562732083109,247.29799072463445,0.0012852619481284928
0.3383489184293588,0.2155077009307961,37.67148472173778,1.0498885815957129,870.8475535683355,0.0012707646271039907
0.09088342783718895,1.9708500757351957,31.38360276199237,1.5735338908082968,508.9089086951399,0.0014991863067907278
0.21765822148227712,0.3140287225504957,30.141605202668842,1.102500638138245,386.24698506370027,0.0014416760662856686
0.2989337199082565,1.0719420763169578,32.02743453035981,1.505536820380115,886.4961120495473,0.0013462199167890015
0.2741750307249893,0.9756639714040336,30.643092877258294,1.9716135404311015,277.32036798129764,0.0013649083025311624
0.2535005569598474,0.17175261710368175,32.329082593704214,1.6534311742115666,573.9738633572579,0.0012269944443114948
0.09428324586422403,1.2680615203366934,38.89902957102041,0.32845069888251327,459.809238020862,0.0015212435082589803
0.10861091630733212,1.2261963168266719,27.748084001756744,1.6010944241676555,125.05952165365707,0.0014617580805876566
0.11290776217149459,1.527696338701694,28.779984022430323,1.3910570610006074,150.40811510776766,0.0014483738169557693
0.12812129449294382,0.7282320330860831,29.5852029339746,1.5221873362011475,651.656135084642,0.0013555943756344783
0.16714462903174196,0.8517106627247415,35.140641309243726,0.16658192205119002,294.0253580671616,0.0013795356098143267
0.1546486621571368,0.8572290591118971,31.576901032851,0.2023726315209626,610.6328324213076,0.0013156618740149692
0.08962034446782627,0.4959217608689634,34.31182547305932,1.8502925349567172,562.3394331304303,0.0013780077653915684
0.26868190394085517,0.1257581893770399,37.90707988511835,0.9356871982484911,893.2205953060412,0.001437492465046521
0.1488155362054415,0.4831858470089979,38.41106607764785,1.2562169683791915,270.0669613040108,0.0013998636883589908
0.13209406863499767,0.37320974555642605,33.773663214549806,1.2145291611224658,278.9556895764976,0.0014069007308065216
0.14443560292886032,1.2369161033909515,36.20112319327903,1.537375361878251,111.93185221818663,0.0013664828189042003
0.3393625178652215,0.8549731585423089,29.270027460594324,0.43933498823711825,516.264635345933,0.001347398340313275
0.40789957012413264,1.4096446883538973,33.71510786337551,0.546593923163683,377.79428500297763,0.0013266893905941072
0.1129805006218813,0.3633809198587188,38.163193267693075,1.9504247775132655,270.17976872954586,0.001389448086070704
0.03409692135681273,1.3185873142602949,33.325954710786874,0.8471594792834457,977.4284017937326,0.001425150681607752
0.030976178633491367,1.270291639131651,34.40535576909853,0.5997109419061931,1332.016130743761,0.001429049921744952
0.05431386933045002,1.3622441060467643,38.75319343395302,0.246440019930701,433.8447634791314,0.0014472268576414048
0.09242332793925043,1.0022972094270344,35.882195095220645,0.27106682007049426,956.1499921841017,0.0013953448797058327
0.17711523785324054,0.6280706330793511,36.59860035639256,0.12815216310939842,333.0636519881667,0.0014577650684406411
0.16693860558191093,0.8033435648882573,32.515600382722084,0.1398970771880627,376.18088098189713,0.0014229470114299069
0.2153959353264398,0.8147780547156824,35.64052364541321,0.06108674598745579,393.4688609268867,0.0013661201197170418
0.21627355395850922,1.0958990573112015,35.94137519208312,0.05323936028300594,353.30694292764883,0.001355798939027041
0.2413819234701902,0.711349188085442,33.16907172612926,0.11416419396114859,550.4301447477953,0.0013517407971241724
0.25813195630478986,1.144782719743022,31.189711498180277,0.021948765325323204,818.5304395139904,0.0013874588974736755
0.33671066760119867,0.8350632855166418,31.837632626356122,0.030914851845624404,737.8643197641042,0.0013964052504721672
0.18841045303351558,0.6876626030635546,33.38312041248786,0.17012628257395782,607.917144500272,0.0015698084581532
0.13311878448268025,0.7917921406121712,30.20619431671068,1.481759390472387,149.69559769847913,0.0014068597746275879
0.174044925056455,0.3214609114382039,38.84428051570386,1.5454605460764348,97.46926352035159,0.0014960628237684853
0.1703182455978691,0.7225769077635275,40.18537485197353,0.6004391399762139,73.18560079780023,0.0014762570346763763
0.08219904282431814,1.0843360787914755,31.138568706355677,0.7880614912858666,44.01873764219729,0.001437578833017449
0.10852535039701892,0.5032771529428235,30.660864727124604,1.5102670626913188,847.3881069112842,0.0015345417542465478
0.050310347276297934,1.473637343259767,36.196893567427715,1.2720672473106938,795.6332426329253,0.0014065293511509335
0.04659058653486394,1.5200022831405695,35.925868858874615,2.3742285387804407,1960.3752426751507,0.0014214515957687796
0.22841615325208722,0.4118223497850411,32.78451222380774,0.3407313121992327,10.851278939947916,0.0014225651288931954
0.15732341202617825,1.7863768905625386,34.63330765199494,0.20978818622251716,24.376211245954934,0.0015623368230253585
0.2837566182327986,0.1215172151697678,42.83342838706165,3.048382201626812,153.81529960139534,0.0013966147813529108
0.3460502104805788,0.13614468853867281,40.44297308760506,2.917721482624428,144.4710988751044,0.0013070752361676406
0.23562687397610102,0.6059734622285479,35.776019605802986,1.0278000751717005,9.987438702214185,0.0013809444673907084
0.34279467887207177,0.9423269820943082,26.20766226982836,0.9028007061899272,66.99208920444822,0.0013650524767027381
0.10622395275900381,0.44789188114697215,31.541012698534956,2.073525938107511,11.214706392489482,0.0014062948776482447
0.10504686747964301,0.3999946538283678,32.52223744220282,1.8896182999224542,10.593832125564871,0.0014059975380131327
0.3407919353313218,0.479832240685026,33.66444730276401,0.3031618458364029,371.9300585787091,0.0013674570791468352
0.2878730835283305,1.1753200261387362,28.31474982480759,0.3252238564682924,448.3942914556418,0.00137849208513096
0.1263240074600551,0.7916665241795261,31.403606833207125,1.0004500600915949,311.32121079756627,0.001398286701116266
0.11380909784812175,0.5271121167463342,35.50400946381804,1.059086126163343,134.1741466011774,0.0013374038045922204
0.19858583327523116,0.80300855435656,32.33578369989516,0.4104859579043628,873.4425553018359,0.0013640916448654442
0.26595686371811755,0.3278534397987167,32.239914138769656,1.4648572929234622,301.9209656822307,0.0013456546358330767
0.3034549421889556,0.7576703172543955,29.33972870160383,0.9376742419646835,280.46477392694464,0.0012671959862412248
0.11391590151665505,0.8142041554885333,31.87914994623773,1.2638888783982842,608.8222332747206,0.001432970825426103
0.41698569255076917,0.3268673304954956,35.00692602874197,0.25396416706829505,88.20608408207384,0.0012958925513155215
0.06953225481340009,1.0809850762070752,33.49620661180953,1.5325978423935727,48.30507142724424,0.0014949032488695165
0.23464397039403936,0.8114076547043183,30.701550726097242,1.0310296769391096,1275.4484629422923,0.0014190987909618205
0.23323319764601125,1.6332793801213592,29.284477197507417,0.9945844604763399,40.17641873610124,0.0014548368510234632
0.12029906696112556,1.2240886683609862,32.539167758399806,0.7949013743842958,89.95756952915751,0.0014868353366028575
0.12575873410139557,0.9319727810415911,33.692063279336054,0.7226860520146582,75.42736269174853,0.0014833092990520053
0.14956624635542506,0.5491528342914754,36.03496605994366,0.7930231123967949,122.34204600538833,0.0014126167612613274
0.09561269637657631,0.7269198232341018,35.87799908132092,0.5824471523267076,502.73773904076563,0.0013415928684559503
0.25980803154221793,0.49357851551751253,28.458613677890128,2.643255541041062,389.8149010582475,0.0013230963348931453
0.18059313127432405,0.41754679853360105,36.83608211176389,0.5617915032264829,241.2239172034022,0.0013637096596042521
0.1490984196740469,0.8649803544358512,30.959197730677744,0.894855506180199,766.9062121102276,0.0015846618145994682
0.2139809803301859,0.73837945053951,37.4984505874267,0.7731393257241376,291.84687822529804,0.0013677813100301112
0.26335583289473014,0.7983385769016146,29.529812867348454,2.0556337818409833,839.6013980714929,0.0013440021718008133
0.16231783347840734,0.6267605413346616,34.63764311076341,0.6973000294518972,106.36138747939579,0.0013714380420387802
0.1065089307666952,0.45489609844340434,34.63708325113708,1.7996349179766855,770.1534791555638,0.0015414383821446523
0.19790094474004433,0.6759263184502147,29.54273242385161,0.5931276414364777,407.9866490714942,0.0016203457927186364
0.18596156231091107,0.21710236226806373,41.57619722889945,2.472461003986659,440.66889911469445,0.0013961356855413977
0.1057099507569972,0.7796801672453962,32.81481031663131,1.1399541389623855,248.69242853799574,0.0012967722814749135
0.19618810825357189,1.0255484625402318,33.472886271954586,2.060801119362674,460.1367786733842,0.0015585043364551594
0.18115561590022666,0.6584290194108786,29.361988730336044,0.8034885415573281,749.9412032301701,0.0015055300826234028
0.2269691166542906,1.117467252021504,35.33956029286692,0.5404581493790378,706.9090146342498,0.0015795049508841555
0.21213253014082034,1.8865249050671482,26.841012029098504,1.0869283534617182,312.6556447382876,0.0013449728265278018
0.23958899156402386,1.5702735474246758,33.58057052344524,0.7956582910636605,162.94867816023554,0.001356301781901916
0.24384861379787928,1.4969657293409564,30.35043249974839,0.6395705715118771,205.25550662641302,0.0013397283259066288
0.3053020473044363,0.40154651758803045,33.593159486626675,0.42907374815052884,81.28063012183468,0.0013920672459849525
0.22284825829099614,1.1345220013320922,31.242419144687627,0.16304132139976477,1337.3200684492815,0.0012834245996313947
0.2891880190375607,0.8766032548536135,30.343118348477514,0.1318849822687474,659.7123525525213,0.0012866632810599526
0.17208443477300953,0.7603659330550614,33.43961499811574,0.24157485723885688,84.90188491415125,0.0015232309029735735
0.09083748379989569,1.938816889882876,31.73403161007707,0.5928644708730801,131.72640589230815,0.0015962241363858295
0.10668239969962913,0.6843916280859754,34.70611415044632,0.06942440452709356,311.59601166518394,0.0013197789722221897
0.28035920883632154,0.8405379195708748,34.17419173851548,0.49162786763625616,350.5352673757959,0.001454237507723628
0.15872677795299425,0.8485715680263238,36.094085506578,0.18595503847629136,799.4013098896635,0.001315551804523557
0.12764538669343378,1.5522693122108253,29.16190514982378,0.21337427226918973,464.80361997070963,0.0013011286881785614
0.21328604582640542,1.1467072520740953,34.68784789002545,0.31941574158155045,561.5910288804633,0.0014254473162009845
0.2286779727687443,0.8038966408512844,28.69191046585067,1.0247337807353247,435.58637339490036,0.0012109686253852863
0.18130754257973428,0.5902892935610468,35.40689438616252,0.41030788387273276,487.3073699523401,0.001646301233373774
0.20179392983200867,0.4773109211804914,34.724100168197545,0.5033031708111696,686.3567844277403,0.0015479455139947502
0.06742324705325925,1.386851481762921,35.420905705092785,0.27521786928609615,336.4056570654651,0.001397862285618992
0.319265211571979,0.772763931031022,30.711740667681838,0.5548568476587448,576.611111014258,0.0014840756904437777
0.26933061979223866,1.4679531044808098,31.489351457654184,0.268924365816754,276.2909199045526,0.00148851623539166
0.14955589565165658,0.6502152556588875,40.51949285281246,0.22069908423196247,370.0342778620777,0.0015027518836261099
0.0651359816126353,1.5550287287838007,35.83634706994116,0.21108464682247902,475.7945998411533,0.0014823607668827128
0.06911914972412582,0.7282208274732913,38.30765045137412,0.16428112808255238,994.3169090847622,0.0013429049427371835
0.08606789570969707,0.9319746825225821,36.27563931960114,0.15614645178221995,710.2406372582955,0.0013833828362931106
0.2016630749194004,0.6294560194555016,31.824950256625193,1.1785187287789516,396.93209337431443,0.001488709870102222
0.19284093533384927,0.6941896364902811,31.855394233400247,0.942543814052582,376.53719624075694,0.0014058349954687642
0.14134314478718882,0.579463940661158,33.43136851667679,0.30711527672118305,751.8145067091294,0.0013426966309849613
0.24615369812098722,1.1031432803124452,31.680975161919648,0.17243474434425954,359.7618677732676,0.0014937361757801821
0.0724574733399675,0.6059748259054133,35.092218465149124,0.9890941565079456,783.1059110294021,0.0013161833597040017
0.1119140007516305,1.8281087431294045,31.827184802597465,1.6201417257841968,154.62923842113958,0.0013876466835598042
0.11764114709889538,1.9139933569140979,25.69168272962227,2.0237083043675574,218.2008171372534,0.0013908459218198994
0.148737100077049,1.8762428592919034,26.674002719862614,1.794870374634037,150.14909942746368,0.0013626282391160421
0.1679864558745715,0.7033174025124238,31.119557564176542,1.9557523434963417,72.61452170355041,0.001507733242769059
0.05533158344818058,0.6296446193455194,41.80122502671377,1.5428776110611604,593.4853762256637,0.0014308653836938362
0.08709751568383606,0.5482321947998633,38.3188945086618,1.4786651157521131,464.3533373582103,0.0014301294181365298
0.047521283464671674,1.5506145864990026,35.54275175091484,0.8326190018194893,336.6050920195161,0.0013929109750281683
0.14268567914086017,1.0288338905502428,30.48892347562027,1.6626720602794365,342.2945488317294,0.0014158416939513629
0.14461131134385738,0.3174321197042245,39.26923820767245,2.0520555661097113,87.74142597802576,0.0014071599128212707
0.1566900979708963,0.4623290504320559,29.306716090368564,2.2402897182113266,171.4535886292406,0.0013499615493711263
0.19688800380379207,0.5351904362412717,32.378633431782106,0.8644718508272611,117.81005349815457,0.0013449489756773598
0.23113638092142424,1.2919034383893035,33.70820125084513,0.13557393103626583,131.8546194211724,0.0015442829519088236
0.048171014814123087,0.9288593984616835,32.96189853040549,0.662638786237376,928.2505296370391,0.0013609110372018842
0.04071213036349927,1.4028063034502618,34.13325359914611,3.439383683765624,250.6941217850049,0.0013401930539673813
0.0618430108044927,1.1888143220293519,38.83436605026059,0.5545461835706291,340.8765070630629,0.0013805320037244232
0.11006345125626955,0.9021782870981913,28.017288925024,1.0294179572606719,88.95297555013025,0.0012982887374179367
0.0960474445721995,0.8428093166569999,35.30231650676801,1.3704988139006784,63.73909052386375,0.0016093679205210962
0.20729000908043094,0.8164793260894979,35.916625259187526,1.5019542028928228,762.5765381607379,0.001275412574373406
0.12583580935910618,0.9580610460059628,41.03097990253956,1.080629718216375,74.90858061601209,0.0015579763365158482
0.14625075937398496,0.3316821205730724,36.90564755598,0.2243908813360769,667.8902714882821,0.0013589739734694095
0.25360689109741674,1.2568904812311714,33.49047536586533,0.9124193084689934,537.2953162079402,0.0015701652471134062
0.2066334937561287,0.30571912282375846,39.420854460599216,1.5405073751829514,862.0958088848571,0.0016220840126768992
0.18480891986084033,0.20136517782332894,38.63404512648969,1.1425380404973997,1307.6156076515595,0.0016058760241510948
0.23967107979373992,1.2092665058595249,28.82564229590625,0.6923839589388685,206.61047555474235,0.001622582723488754
0.15281809885937267,0.45284830619240934,37.21793297239494,0.6168812366381671,521.4227947496172,0.0014835313230187408
0.3353137020640509,0.705214737597,31.106204891571778,0.5908540941673045,92.85249055518965,0.0015354166657321013
0.1502779297573774,0.4370106370205395,34.314287381970004,1.0752230580252795,207.66512863758246,0.001585652558728726
0.15185783884751552,0.2278478174085356,46.632567843513485,2.0743607171488274,262.2237309724408,0.001568658407822133
0.2160704833218854,0.36947266753372293,33.57566056248759,0.8020856387563043,1010.1074674805099,0.001252256998597328
0.2354913795560648,0.9485481449718564,29.739625474664667,1.3067005255139705,233.1401967361152,0.0016522049827594626
0.10445879679570907,0.5864983147524974,34.15979701394372,0.7099276838965466,377.1092039198562,0.0016153288859132402
0.22505183528412162,0.4280090933931198,30.996752564364417,1.1978407735364602,310.3887466876358,0.0012906168733523584
0.2566640216768275,0.2949335022251092,34.76241708025328,1.3944478885574951,306.74109095553166,0.0013245761736386408
0.19712067746358525,1.0899155425564584,31.25045950076329,0.8123123478873615,1113.1854752933043,0.0013587327887585143
0.1261040022848989,0.3027176867353355,33.78777350586759,1.8265986590038965,110.42260520617423,0.0014433843796390073
0.32270019408813105,1.0024900774332042,29.958823619727834,1.1019078032446141,676.0812066050601,0.0013570891609582538
0.34803134597607155,0.589395018198801,27.52484029706476,1.002416867345345,626.8773796641814,0.0013613164097435913
0.2930621272478587,1.4721615212904762,31.80136109363327,1.8999361175530376,454.8574259979355,0.0013005737631524945
0.31890055358260383,0.43596116004801383,38.0616250634185,2.3226743031861425,601.2687452325017,0.0013936067662335865
0.15747995001089593,1.3885634900724169,31.84101608559202,1.1216784491801721,180.74810473317828,0.0014852419282996672
0.20958528763747206,1.5298573092032777,30.679056370312107,1.298657690852501,362.48920226184873,0.0014281173372657605
0.21553973133328252,1.5500790621258038,32.95688356609224,1.3794128376879236,348.77619872730867,0.0014401104402917482
0.16184368500380378,0.2585497679084988,34.5987001383828,1.2423117352277278,814.221565452516,0.0013491916975383385
0.14099268334153875,1.2826061836736558,28.171129924302235,1.602723149165618,468.82326218118766,0.0014052101251698476
0.19957801072105877,0.13127274337983796,42.01390320117009,1.0239826773016758,542.6664636735999,0.0013782561689902797
0.32974385309454773,1.9012031017687607,30.884891364490677,2.2787154265184033,387.06648116429454,0.0013753198952790274
0.07166587093418074,0.5650853943989645,38.928661394509504,0.7238747389794271,27.218330520883036,0.0014094108002271422
0.2341198063440956,0.1664863308521854,36.9602563168555,1.063826017594416,552.5440405698093,0.0014161143522619345
0.2041026022743615,0.021207009770044874,29.801444038008732,1.0770572154186404,73.56466864023896,0.0014473478748632694
0.22490411248509182,0.014304655220674499,28.301658808770107,1.0180047497846134,196.85702759657443,0.0015686398789736189
0.21975587585688122,0.010242781013236292,9.821411290296648,0.6754493247989982,445.02117512980004,0.0014297559859984797
0.1326845256504144,0.010369433908355995,3.7714782570495045,1.9181475470002212,157.21911787334284,0.0013891624194894447
0.09450399759339921,0.010488882888453718,6.896770450616941,0.5435041330388413,479.52302415328575,0.0014177630023915902
0.04842347024557132,0.01288733280018759,35.56900842499913,2.2578466758078224,671.7563660510407,0.001248536832944476
0.09654097865841713,0.02200750458045202,38.0088954168826,0.651671669143684,255.92230098711488,0.0014158381761159309
0.14601400895586875,0.015565550329508744,18.88932200732275,1.9795971023401926,495.21064056233814,0.0015506168798153273
0.17072147663744625,0.030057796192325435,15.648312230813909,2.544550955325907,420.50861416664276,0.0015110187166705407
0.27102396613188207,0.011651526003172086,14.579142263151075,0.625653855446738,678.985754718967,0.0014370236674323303
0.0779332104861039,0.011527295233730367,23.06967185800117,0.21517147453484214,463.1704396104936,0.0014292594668414665
0.16859468971128538,0.043669655102002054,28.83378337272066,0.18232914903480676,1046.6237698549476,0.0013857848938013564
0.16193302798856501,0.022297211066491143,35.30211034766685,0.024497573930941208,9.997602376158104,0.0014401281863402496
0.04619935117913508,0.01629626145349684,59.15772259170853,0.13901558394111285,20.92993820760829,0.0015419191496300968
0.21657838786584402,0.02729453558936195,42.786151113905824,0.0807993097454505,9.802133958563651,0.0013760346844899738
0.16065764800375754,0.036244301169591,38.574273586820375,2.6537947943053464,379.7427799349435,0.0014205331734110386
0.35583445733426633,0.04995383712021928,41.08443994361611,0.7193426561897367,39.5271188896406,0.0014667919733807881
0.06114024387063844,0.028855231681451998,24.03260258210387,0.23089414337206632,1315.6380216049663,0.0013031278556361239
0.10495427654627935,0.016229703823258168,27.216294275523012,0.7956702836819314,257.998988989787,0.0012848219272225572
0.41467666198619635,0.025493020018393913,40.14082561538783,0.43324322281601624,306.5433589438639,0.0012253875970109056
0.2110474790627871,0.04975697285216119,35.595545239955875,0.692340412061661,800.5773586156723,0.0012665599718956282
0.04672318006196816,0.012522629848937266,40.661649829804524,1.8929924563004323,545.8110372294043,0.001473397441936832
0.09556211353038441,0.012580824691633989,50.334752831659905,1.3680657972706534,484.90879047190833,0.001412217023259968
0.36301672250221373,0.8427646981050702,25.623736686616606,0.8711856885264962,502.4623890578972,0.0014675573984893212
0.2612531506495479,0.737153053720724,35.40496871315807,0.6461908987109001,1368.280136449642,0.0014140557800178884
0.057929339761347405,0.5730254687836225,34.68417451893388,2.135966967353689,33.604726995528985,0.001429748168485026
0.09587681480111697,1.359357142706474,33.41543754762836,0.838028704333074,52.26833759896199,0.0015188695205766403
0.22761548903480763,0.7650781566906693,29.16506245845099,1.2446057178593273,334.0466565739887,0.0013366358797381242
0.16144590269692602,0.6285902857700761,30.43593386358018,1.1113071612258933,237.6999058576161,0.001261245393714246
0.33627590160655096,1.4966996868169362,31.43106443294515,1.1348245473620482,189.88739733303794,0.0015581563825983842
0.10870756310533185,1.89129511614034,29.09648738407523,1.5997804869542216,185.20088708434375,0.0012536695893746804
0.22364396476637827,1.9659269712035305,31.25180530545956,1.1054947717009955,286.365614697538,0.0012043988778817063
0.17617873202975065,1.8904162990405393,28.33013106012968,0.4623709679965744,523.8551005178921,0.0012101653921228698
0.43021570268383585,0.41316363352940416,33.20063979283835,0.4371862575905004,1116.4807702099392,0.0016326816975160538
0.18602473796252847,0.2757080379117219,36.58365767212409,1.451057689850396,359.56574190990324,0.001607308539031263
0.3083735208900176,0.4689078826928454,30.7914186261922,0.9948979604690215,728.8027713328787,0.0015488113177911094
0.13103399384410763,0.7406792582620504,33.49072534511416,0.7678480150002042,140.42576116178702,0.001336553073980588
0.17108840409040577,0.5414977346892027,31.879189290271004,1.3617542707403607,196.91722389077444,0.001363559071707157
0.2220653395746693,0.6107364724843231,31.315481613936996,0.805142948783628,394.20892793329136,0.0013335764301098084
0.29741309309059727,1.2255672950970908,29.42349911298167,0.4348123229849755,320.7066147911347,0.0013421002621873351
0.215485620475958,0.3353400197576122,40.49193298146187,0.44755840252673973,88.57863446727188,0.0014631610909080022
0.31294174007462516,0.18080451336121817,42.35179784481512,0.6437591629582476,79.31846258949771,0.001436807472394085
0.38565172507467643,0.10482590349540162,38.07465616509991,0.6328079666216533,49.40190161479423,0.0014728057778496575
0.34828584515255345,0.1560707253114575,45.95214070933787,1.2297852662462436,209.96666762609627,0.0014496241866370197
0.12328059087612886,1.939273862785436,34.972855272336226,0.3146586833347976,186.0906130846503,0.0015755531560341643
0.226668828883087,0.8167409773710526,31.986639402481185,1.0285235119037137,432.8703495586146,0.001348555948194221
0.2164727621078652,0.5656826440032291,28.899450610937354,1.8806773848736509,128.6256063787266,0.0014020321329708593
0.2230240934805781,0.19933982522741236,36.52401400362092,1.3380457523914604,293.3047039024218,0.0014098479592460768
0.1492910728275064,0.4572714580719226,39.655221328496125,0.673501987863303,1137.7329159110145,0.0015193336791438122
0.11385084659448298,0.43074476364042635,33.026530953956474,0.6789991730754319,1672.3103116162142,0.0015307569423586294
0.13164732952739097,1.9542874356945128,31.52078662802406,0.5298399830840671,401.22688933628507,0.0016061808730644686
0.25983078969756435,0.15901906472473223,31.72178168740513,2.1122253198614946,583.0742691722415,0.0014343194133838782
0.1981112694120419,0.15578423850353296,49.52717462580722,2.3591020983757636,866.7770580949797,0.001473526014569979
0.14440449625808735,0.238604745805679,36.66724799133623,2.726318150238252,755.5267591962302,0.0013942870583599468
0.22220347962788448,0.29724287627615364,35.72731816289135,0.05696193150564955,240.7992337090837,0.0014816883654741617
0.22395915369207933,0.5236554915081569,36.72695524570484,0.04733514103644892,286.08353648192826,0.0014694316613970185
0.19483927478177535,1.0915968498345199,33.20429266863244,0.15079917784492428,405.8325303632266,0.0014826237310561086
0.17331445222011613,0.5290190451644703,38.11600390733471,0.19767644959381858,443.9274910217663,0.0014569665428657503
0.19252143995397422,0.8420611340050776,37.42015341751041,1.400075863571661,155.63439679403564,0.001320358762773003
0.1717935862278981,0.5389241922717677,33.671877199222514,1.2830444129931926,223.6423172219497,0.0013551407324558372
0.07871731568196132,0.6400171685432008,36.70530690378424,1.4288746398672398,568.7228089542622,0.0013726435146031823
0.1002879857735381,1.0088358666272856,30.676703323846652,1.5860166907812832,534.9139544070545,0.0014109634275968818
0.1611623396368409,0.29828188639212944,37.77242245500348,2.06181355709804,1048.075366400702,0.0014309407430334016
0.18146709530032046,0.7128822759224789,29.74332207386422,1.0357402351597256,837.9459717440283,0.0014309802136888514
0.13498094581461126,0.5722898351195849,36.504748255303504,0.9766309182274894,230.67163355551048,0.0013791436477611988
0.3768835611190682,0.7004643854703119,30.213726171284268,1.6427238585796093,1041.7018052414883,0.001368363169223655
0.16447117405235775,0.45195364064414206,34.87510675496836,1.8925422276707362,468.99318330302634,0.0015565975000041803
0.15907770089466594,0.9769683874117479,31.190344179815096,1.3218603549005092,460.584754071677,0.0014315740959017784
0.1671900357345047,1.0904556089753006,33.00342936519772,1.458177428344479,330.7923648932092,0.0013942861206761468
0.16976674028831043,0.8952563272772669,29.21762815483102,0.9784267938510335,570.2610773422844,0.0014032597750542085
0.1802456911647559,0.7259096591584118,27.700280030228818,0.8092208537459733,636.3347274725216,0.0013967151542693436
0.19505270457798743,0.7941012687024638,38.38562148623013,0.4879997348324917,1162.911300438347,0.0014471262318173637
0.2008778932815524,0.6537738243511052,31.748087783493894,0.38379893267369475,809.9837901816146,0.0015197209252135987
0.16093844114889755,1.0348337945495747,35.13111328609526,0.0854736971165013,308.62876433576366,0.0013960985748842655
0.18512827958282022,0.5118200557356217,34.201713409735554,0.25281785701182524,627.045075996709,0.001364344887105214
0.22019621915122853,0.6640979720810822,33.06380352215614,1.205259166493213,751.6878483888999,0.0015645613613460706
0.23869296354266473,0.7144060565547654,32.62508784752938,0.7081256563282768,578.3668928276951,0.0013320576173744543
0.11756067220134245,0.7672127128390456,32.86710774746643,1.2174886796099391,556.6401775352298,0.001550501035339759
0.1320264389576365,0.4515426484818176,32.19198273860163,1.73217392816431,617.3185975070627,0.0014164788895762274
0.08832146441418086,0.5894634519081839,35.73883630420152,2.3776377272568565,652.3641700932453,0.0014291738549863501
0.0858489100335267,0.6694222498880665,30.750653894042546,2.605043721323212,551.0232196505494,0.0014594233300866907
0.09075699751919246,0.9919962765707004,33.028712483903924,2.6983071724655265,321.0738819620662,0.0014973596493261347
0.10015365832972761,1.1057207102767932,28.26423170635236,2.1375387081652457,372.1578089546279,0.0015451128200049938
0.06213825425182143,1.325537417121857,29.095011663514214,1.5795190398044066,631.7753823610641,0.0014939400212783142
0.0420381405094804,1.4486449461534336,37.64652051671736,1.073464252930872,674.0749550219431,0.0015375231472446879
0.1963056939173572,0.5748232760786238,34.95081764338764,0.59985603851317,582.7113002162328,0.0013525421928835678
0.23592914960667838,0.6235735954687825,28.898856256895215,2.6537310911176166,639.1416630570959,0.0014673675257265947
0.24232981763957687,1.0210449881089643,30.40052366582585,1.7996240422993555,912.781926860013,0.0014813076503792828
0.16106988756173785,1.1039752884101859,36.231777697467976,1.6674425149768233,472.8613084538571,0.0013982826031342162
0.18429015595888198,1.3381238493340422,29.382151456178416,1.6162339347511268,406.9377610756906,0.0014251091407309307
0.2072261696528444,1.4198430044412185,31.05017931527205,1.212059415103018,400.7202247533343,0.001496618388938963
0.18971462328236705,0.6956787493583427,28.118486281073693,1.8262523071494658,526.3246008903295,0.001370362425657576
0.24029469508541068,0.579452495162837,29.72440039414612,0.3487633806096554,319.2144955588251,0.0013367112594939053
0.1268934258025715,1.1703053788170443,28.76667778331527,0.4892654019748719,522.6291518464272,0.0013945918583254087
0.16712608306444499,0.7703013604384247,31.248764024329727,0.8195095253274981,128.1970488404381,0.0012823500157158139
0.23284601894897308,0.4666039456456677,33.71639509870706,0.9345764844886821,108.27495911497161,0.0012868756694493948
0.3348308390995948,0.2718450728494411,33.53750809335898,0.5695239403114309,47.08776146135863,0.0013002424679069897
0.10158416464265978,0.9916354375822708,35.21607228478189,0.5813288568510776,117.59348219860243,0.0013805089786375893
0.20644580376945346,0.4334229412444944,33.429644804278425,1.4623256072748612,47.835964147562144,0.0012447939978495965
0.10136987715475755,1.3651536182030464,30.40269917691601,1.2782884718091938,441.88034288343704,0.001308287967997257
0.29840918847425885,0.828402654315769,29.336553317117883,0.9230721599662778,220.07288825326881,0.001598104534407686
0.1405936074043129,1.0526982853414468,37.77954669982811,0.8928919003957342,246.07320520832118,0.0012827833911091043
0.23976273988867694,0.49317919322329745,40.477204412571936,1.1595511297111518,1051.9288292954207,0.0015696105892057622
0.15331882957585433,1.6064555866950456,31.151040379002666,2.244439786819226,490.0425085033908,0.0014697685510560062
0.14084389082109575,1.7843614894328577,28.57291710140616,2.2613490699256724,446.1704475320158,0.001463747615812146
0.16255823720000706,0.26534226715563836,45.27873227647684,0.8624994857897157,649.5289311523162,0.0015051849120292415
0.19435367731002853,0.41276559820940006,32.68813965373349,0.9802728421862748,704.1168192594083,0.0014965295182864935
0.22594603129251786,0.33809921504302726,32.95327030206091,0.6575671434554266,605.4670567553294,0.0015372217769880712
0.37954793128321435,0.13409966391853653,40.329696992547305,1.813910751981965,395.9293321086266,0.001455652312038239
0.18966882353166198,0.5727491478448974,31.963757746117853,1.1999641318608547,877.4702543683808,0.0013240535414443598
0.15645905846234773,0.489979324271646,36.95981048519067,1.066428647557017,309.04367306553434,0.0013479482063960047
0.13569664502073053,0.7854599988897047,29.217587902459538,0.955482982587549,580.4521102527867,0.0013240968885063337
0.10576127281352314,1.166969093228991,30.378715954407127,2.2552638738633077,803.4486017660295,0.0013935697368320436
0.25921439174037125,0.41555115335729037,34.479022623049865,0.25303518184035667,339.44754823083633,0.0015112638880516445
0.3177172883127329,0.6348164056855221,37.2252180863106,0.1333742068883201,433.1866137473581,0.0014787736025276069
0.31938861971241134,0.46809156296223425,27.94890674608759,0.05707638043859852,692.5779841145143,0.001452547299491699
0.316898812855795,1.214130091557584,36.3947208367062,0.053950615509489694,746.8943970264529,0.0014249234418536488
0.21488630015735202,1.1409467759123302,27.961603336249244,0.10794532438145926,627.4618756466572,0.0014041128421387306
0.11468724545603465,1.31229156242241,35.26907154874046,0.12013741443911782,987.8940334577329,0.0014056535880286418
0.15382339423688168,1.286072933862311,37.763864270705334,0.18835085713814984,457.26104412672106,0.001416989018545563
0.40126101556803295,0.45836266712822493,37.99778566382174,0.32265479447121825,878.5606864932977,0.0014334077874074065
0.17787950109622339,0.8071079918942657,27.137970045866528,0.2682201939868869,327.51305676703555,0.0013389905620022737
0.22799246377609342,1.0816887524251335,38.260079108838795,0.543006902988816,59.44516647045276,0.0015814110441725107
0.14520811744308432,0.7888849919423668,39.056984113057084,1.741932430311735,233.01430854788188,0.0015077121658583577
0.16736803421118635,0.7284715332875301,28.858701360508878,0.33685817193699163,532.6289041226386,0.001327754145601598
0.09173087743459525,1.498270258653335,37.69268184549863,0.05112283432801202,511.1953531437725,0.0013720408615193994
0.38681983514667667,0.9245853394567601,31.063293770325416,0.30493036705816523,680.9777999193691,0.00146310626305041
0.08763809974087121,0.5174831133434369,37.25458299856533,0.6533463778696241,618.4315101013045,0.0013820592513109436
0.3296659972461362,1.476280214490458,29.689096962735444,1.4365323269924237,469.7447082631396,0.0014457165395955133
0.2482743259048244,0.46486067754014254,29.30899746991631,2.295872977957615,460.0864476533505,0.0014842066088798147
0.1977949449092214,0.3017784878143955,34.99156745738247,1.0655935268752184,519.676367117925,0.001331168425048131
0.07274650837286413,1.1784992672279884,31.547226497077595,1.1748905785830848,1246.3812349416778,0.001358873225997841
0.07753557102686598,1.2095497362805077,35.211501785000586,1.2095746940026995,1133.9658782618503,0.0013599054623975575
0.072748572937972,1.3208392091855858,34.287384799727135,1.2238849204861146,1416.7417933639547,0.0013527183504195464
0.03200589526159046,1.314791502348005,39.8193573556239,0.8006298105176824,508.7662914179396,0.0014102781239905434
0.18472087735717788,0.9414724152851891,32.005281976749764,0.3441796941822542,245.99018779087993,0.0014594619159207021
0.019020755614824136,1.6657079514235513,37.666323742806036,0.674378799638921,401.29015989603283,0.0012751239281585376
0.10103234942286596,1.0433522386008116,33.680128587520926,1.380120393908823,806.8259638481514,0.0012815894593647698
0.20053266598400257,0.9816574218271917,35.39356981653568,1.1903803651378273,294.4743668997608,0.0014789263694723446
0.1367434398897988,0.6662138354870653,28.224487653714935,1.3420597339771982,434.9674231476649,0.0014540756856291992
0.2632443379676007,1.2683523373523717,27.03167760681008,0.9429328673992309,391.6364006537904,0.0014602145086793025
0.23094522437914328,1.0872610959757245,31.11643561784547,0.8496869904256633,427.5885073937997,0.001468627071801635
0.2279941804498128,0.36843872921099674,33.285557873760425,0.5674132366483612,983.8161713694675,0.0014613358765263853
0.3393283248836898,0.1888464965143492,37.93013847692847,0.7262634014334852,761.6569767798431,0.001439588313940563
0.050898450332124305,0.763461370885606,37.4901045247081,0.8044153175926884,275.08161763045655,0.0013499408877093038
0.07083369853715263,1.4133678707856288,30.931983959320164,2.580613210271054,1255.4695873300172,0.0013085911851163185
0.09592586972816466,0.6185783961175406,33.0453415751831,1.118740548631882,156.45003260232494,0.0015180662947575352
0.08322697796082712,1.0435787875549465,37.28678452565702,0.4052119911516775,167.1466349676846,0.0016031587649540128
0.07300359575995694,0.7914072798568834,31.65485177380725,1.4679719787435581,244.82809326095327,0.0013573315700566337
0.1637389745619475,1.261592156188762,33.61283378408134,0.48019194552541544,354.6069632893813,0.0012887728291405423
0.28302060931069206,0.8065173458764036,33.98626941053338,0.8853550446765075,113.34986488011337,0.001620143648843546
0.448849060552743,0.27716499656733473,38.66654468596476,0.5067551969503579,124.69686765548394,0.0014647941483228106
0.430719423563764,0.4716029714418896,36.06021746383434,0.46400465177318023,188.19755994420586,0.0014098038776408234
0.13490446341689719,0.762161802349937,33.33227977036128,0.5444634611782422,161.88915905196959,0.0014146309553937316
0.17503537123060428,1.2927532217717337,30.257759090828333,0.2088571846088854,190.57731096291437,0.0014199436280723167
0.14290915457061484,0.6693446242322149,30.502584273515236,0.6400365173582903,182.2418770292634,0.0014061210791411084
0.10380981573549874,0.9920256203157977,31.70928302861624,1.246463376294136,128.11781558714847,0.0014826091717532474
0.1638482454934592,1.111871672916487,30.81067518282713,0.334964050093194,545.1634476350733,0.0013939303365523039
0.08210218704745088,0.8873756679455782,31.244640836055716,0.7286131100633855,241.39376052228212,0.0013652891226296955
0.313447134817209,0.530625247275849,28.845369521945504,0.48231316391926365,467.3294307697681,0.0015065795145743214
0.10041673417718801,0.7346192763159273,31.006997872409112,0.5554477036910864,625.2413663170607,0.0012943322491900354
0.16057516336748687,1.3110731487487632,29.16639764134966,0.7518855672558894,444.9522878862481,0.0013616250476870691
0.1392261633620881,0.5003712110169933,35.165519255341685,0.8777096149996293,282.0077560907337,0.0013824407646326393
0.3041187957536763,0.6157620683753765,30.886628011148577,1.2220294330492003,323.5854153231323,0.001622272909594272
0.19831886300359686,1.2439924285903348,30.765352287330575,1.405987185444088,326.45188191872455,0.001490281489619705
0.1650952542179247,0.25305201796075244,33.69850514316405,1.64547513125988,359.10596871425895,0.0013061148159844963
0.1134956371686091,0.9602087105304694,27.204979202744536,1.3908614027083825,380.5944328967938,0.001287034604924386
0.10785361857895039,0.9659069560063189,31.174699593581494,1.349877508894693,381.45367392233044,0.001302518068669044
0.3005048647727956,0.6576912358667225,30.492932251554905,1.1850013282290495,539.5325451473552,0.0015079080093043443
0.2494562895055489,1.4047565496818126,31.33329175994144,2.216180295203377,927.1364763037869,0.001446125719574694
0.1645908630257337,0.7489314003115652,34.80349694490975,0.7567396482328207,624.6635768920905,0.0014042043000458675
0.13388214032346285,0.7065597219224595,33.87761463973637,0.7717969716735571,1490.2157106986183,0.0013098759061218857
0.1927023869941672,0.6737667063800123,33.790054496269164,0.7284169055538624,477.96281823218766,0.0013596135629295933
0.13817498616989143,0.6144376409634522,34.20461639481327,0.3747462192021151,352.978735684445,0.0014198658955431479
0.12281542008663922,1.0060696935773836,32.37709593934251,0.19155442986631865,531.2134711763744,0.0014811740383744256
0.11988755497697652,0.5638460521839054,37.8685486570569,0.2509444614368083,236.12984816639613,0.001516344396825287
0.1958490225193133,1.1914902994450867,32.2949071479917,0.26624322911435533,222.54630011194834,0.0013983776358595429
0.15292569894734806,0.8999269893706007,33.06534019594241,0.139853482069459,1098.808213960842,0.0014009505123272986
0.09955572712273938,1.1247487474100768,38.364141890812206,0.08788315220576978,439.6774522439959,0.0013144933621847944
0.18651734780246118,0.9428422256263143,31.537428131947216,0.12673463752268008,373.086739654512,0.0013241668811517357
0.17243360011948408,0.610759011312293,36.94581191016067,0.5325382930746221,842.193729758486,0.0015178595749990957
0.12952877566536325,1.136810937289787,31.50685482022435,2.43707181665496,349.8944647850484,0.0014754522613064753
0.10698533796478676,0.8161636620268834,26.626565197644883,2.370162479195809,357.5184063189872,0.0014676760960855928
0.1363955396960077,1.4346267839575357,32.11169577131229,1.2164316210822081,407.8882114962344,0.001377685280126273
0.11899866185289103,0.3346345204797993,38.3110647807202,1.643045722567933,222.40096269954103,0.0013857688070596109
0.24737145204801328,0.40639961956140325,28.62756158474248,2.1869072857735476,207.86640273588992,0.001374729521679816
0.13440830211783358,1.703594008481982,29.566543107639575,1.0991755592653514,437.3944408018829,0.001362392204441439
0.17389045024917513,1.7800441059356542,37.15900161972723,1.3780941477948516,429.0746640134134,0.0014217277970574578
0.19078223626852078,1.8496131851541338,32.34966979727381,1.270155585116254,644.2836046934402,0.0014260355760701742
0.2273582302827828,0.25215581557289385,33.26654379604348,1.988376799302299,656.4029743983136,0.0013921408587898975
0.20299516824492725,1.1678482464422941,30.768772091996254,1.2282746575360735,1030.283787072377,0.001351941738668047
0.22876265339940108,0.34219755952856273,35.14790635749623,0.6943375458350212,455.0577971095657,0.001433737027783925
0.17760864470028462,0.24736867319244737,37.2983856916286,0.8247556476838275,274.7325682029844,0.0013930247415036678
0.20789283291282692,0.9519488817664533,26.540064567866242,1.488104875346563,443.2294112915246,0.0013304596055518248
0.09732221826936482,1.0042208122387017,30.347361818204718,1.2070518809881843,531.3058236774868,0.001430711430176909
0.09424822523748247,1.862168801557464,30.15757547259118,1.8887022339357544,665.1973814904437,0.0012447390315961683
0.3115544520493527,0.17108270845707566,40.54387328582433,0.9573126731270348,585.6933884424502,0.0013740196658889395
0.33885538802687554,0.570771130775695,29.1767419809753,1.3443444270344258,428.26108739633435,0.0013548365973230858
0.1900050573873175,0.6974182153823828,30.537470069727807,0.746492217653765,660.0288260746692,0.0013553624676720904
0.050160117702547635,0.9804375981442249,33.58699759994317,3.1073002448441036,658.8882965861609,0.0015153025791558165
0.2787955607744619,0.5245436729662726,34.86508792557343,0.13547695178209263,507.2735967955631,0.001371399986251207
0.3226304066331793,0.5249030572994668,36.47942235460834,0.06856114583593403,159.5595479778016,0.0013534814126532433
0.20642063260722532,0.6994432883136255,32.06984179132997,0.14382655777282344,152.69468081487298,0.0013442576413967098
0.20510821427030707,0.6802789246479666,33.67807203270715,0.04742264280824615,75.03778498223755,0.0014755421273111964
0.15448876019861443,0.4683143067688637,32.307752618152996,1.6508444756165797,624.6806103687609,0.001299779114725598
0.1983474039605419,1.014336172753236,35.41399056052752,0.3050435752748272,680.7309956221786,0.0013838529545958152
0.24522758938799763,0.44873675589654677,28.77078377581545,0.7683765574229009,977.7224291636408,0.0013377858981581774
0.284489113348498,1.2333437196501944,28.87095710140845,0.6075037280490725,537.5398935211907,0.0012804270350198063
0.1179755091686254,0.3946201059224509,35.83005720490601,2.1270313886752787,169.60880508612894,0.001303854796196307
0.3257046669934718,1.1349505621395184,28.055956900662487,0.9607124811878502,748.9431700785964,0.0015362271939435798
0.16219762094384121,1.0324330747419495,29.423958661281333,2.1271825181038753,271.33830541832805,0.0015584880386421912
0.22914910306430036,0.9436611613871464,32.25289009839366,0.23509761406607668,651.7300065816011,0.0012606118725172078
0.12838874720320934,0.5109515841652881,36.49827938233556,1.176635576042306,124.03737553455427,0.001535236240531041
0.29598136278928555,1.6343692819884517,36.72035436091815,1.891259059801447,1696.2474631769398,0.0015445931357480533
0.25237304814669864,0.5868838125769484,33.27770192931761,2.5961059834013467,410.8315477907106,0.0014624643922060148
0.24583502684639613,0.7988286211524938,36.540041299677135,0.48063517918622894,305.38222252134506,0.0014333239066334125
0.11550835201768092,0.8093255127522657,26.215440769762896,2.170684171837962,433.9818165212547,0.0013833895535925265
0.049843231255450655,0.9735374893176812,29.032653462639956,1.2003441938437132,829.1147497395848,0.0013882791561719574
0.11915177177996197,0.8534445939752384,35.95118399352421,1.704200255690516,287.10788556446556,0.0013745140161855306
0.15708667101250137,1.2443970294142706,31.51998032781428,1.1702387424658136,478.4035451398101,0.001341357700075664
0.14128106702796336,1.1859931335305667,36.13451863956793,1.6808290477483188,697.3816936269743,0.0013528537626924313
0.12409651710338249,1.4610657110097434,27.05438560784751,1.081713039132071,694.1046717859855,0.0013693625761662834
0.13480987308833026,1.8550354233683675,35.482385405214295,0.617092418324416,1364.020051327376,0.0013241990962401084
0.06344788942133628,0.5082358874518911,44.2907928349978,0.46424328547151655,253.81519074051764,0.0013501537988109367
0.08070275902537395,0.8059865707423528,50.07394840394669,0.44367129343537753,234.56011916359859,0.001350132521276943
0.12672469179902593,0.3973153234443097,46.397108032872126,0.3692824553675981,268.26518693579163,0.0015109378610112705
0.404065459293328,1.7707071964158225,34.468905928524975,0.22398749608982088,508.66278510517157,0.0014593763688606847
0.22512545640909115,0.10399987720695783,47.21621121080677,0.7369425988619028,382.8996753680593,0.0014544380376487068
0.2722961984931505,0.10210182381760967,36.927230409534,0.6574052129450075,233.91448541988188,0.00142663988050451
0.302969490019436,0.44096758504316746,41.37871947002234,0.44838616953767035,584.6029459799821,0.0014380126781569206
0.27024802626572536,0.12110527300370155,37.81665392854522,1.7003115298338156,1252.3481937242943,0.0014369270897606951
0.10741691154613577,0.44543649650059697,32.31336059679525,1.4548700298094683,460.83596563180464,0.0013910385972032513
0.330713445308847,1.2605425000668042,30.879069823530482,0.4077015592597529,1127.646211440073,0.0014290619627490757
0.14676520008358834,0.6190578223855547,32.9907306574585,1.8034882757392992,170.20347136092784,0.00158338336719841
0.21463662117713087,0.5119610957895744,32.844624948394554,1.0962971770012129,432.64803890280695,0.0013397722980785164
0.22418481644329927,1.2859058376030073,28.283349127903175,1.2398537180964029,278.1644075942764,0.001348556974145757
0.2369297725431631,1.077658937731883,29.10835968520385,2.2580273975218055,302.56251930571483,0.0013608658124579008
0.16135116597304133,0.4006077409920823,34.06468142257252,1.300551022183745,939.7092100319543,0.001356008341009257
0.13337858900476446,0.9593388772007723,33.12505955808207,0.6787254441948446,236.44072933108248,0.0014263866717096124
0.23213441403479584,0.6921261627020489,30.715673781743607,1.9847359467295482,395.3077268262078,0.0014279382128598972
0.19880874958051636,0.44097152138303586,32.039020318972064,0.3840734041890925,623.5191756154529,0.001295236206837622
0.252767425472738,0.6866794164311988,33.68250577792649,0.19062080762223987,585.8928418295725,0.0014511381069538761
0.17285321591873,0.6484647952341125,34.67120259459523,0.4765637000565009,47.399105888950686,0.0013619239409540386
0.24507254548857754,0.8158561767365294,33.290883786326354,1.4339381291449558,43.24946997972932,0.00144122950031413
0.19215208310112278,0.45573851883720273,28.03098091115412,1.3608269209154862,27.98070351222769,0.0014208578665308711
0.244783492070561,0.5157209667355562,36.78652342996475,1.3705241817554794,32.97307356565695,0.0014249423967931155
0.24925341200547058,0.4612329435952296,27.289780743058998,1.0688451354122037,44.15943249248656,0.0013677869309830636
0.3013779197752635,1.1691588478020434,33.68312712697762,0.7416024190110004,48.39614457648069,0.0013387105007495043
0.314729846652311,0.4110201456787943,37.634463220078175,1.030116178501385,14.691189036496102,0.0014327212379685074
0.13210404073132875,1.4707606240862015,33.91469096868329,0.9832124191368106,23.710350181340143,0.0015052959431937477
0.13977656900937874,0.39203226601878943,30.53774291254883,1.236213399916186,103.1689546432811,0.0014458059927514519
0.1950366420889603,0.6401250115395702,27.23253642974762,1.1256677914348743,260.7975194353047,0.0014196829896556532
0.18871628458952455,0.8804074128624092,33.17569155642892,2.288466824358982,281.1723412546888,0.0012891268913870829
0.16762555149216124,1.0271801710569477,32.480238427684924,1.1871897309492887,353.8836417778209,0.0012906856500645553
0.1679425767400701,1.6390161944906805,31.569880319867035,1.4040810629175047,669.0275383986859,0.0012737744916600932
0.14633129778256515,0.5601719811920012,33.521449569395635,2.192406222132353,766.7604218494483,0.0014210470261893653
0.18684313136331965,1.2063140993763988,28.71851429512805,0.6916919304615412,522.8621625645255,0.0014878171020161028
0.2200265680292273,0.23492965127214396,37.76759048042363,1.323429146368338,418.57361503723223,0.001403952024398851
0.29469537346002417,0.646148369111933,34.469280346231095,1.0643555517130792,48.42236070719196,0.001485866045533502
0.45383454694096476,1.1717450283289903,32.01288095107657,1.5250537837816553,52.52347431445533,0.0015103407418654638
0.230141647834216,0.9047820863367251,29.311637095167654,0.6702366607028648,51.00572416547115,0.0014721448688633898
0.2556565532747128,1.965073573453296,41.130930607907686,0.3029378203246423,109.4410814725751,0.0014347643409830546
0.2076946955943917,1.9084172223396496,36.212181263687036,0.3058305742045391,119.740022713888,0.001446476734801065
0.20656521702981673,1.8966921041797358,26.97275587763079,0.3349479560549193,107.13732975994738,0.0014399186651176217
0.30836661000391036,1.537922964159963,36.280797414311714,0.28246094555917195,107.43435194378216,0.001426774216308828
0.3230254586364774,1.5085320273647451,34.70337336207139,0.3012158347118221,94.28909892143123,0.0014296944433196124
0.2815334497851189,0.9664340213359135,34.491079923644726,0.27364246096950257,69.84521169544392,0.0014005589021283576
0.38514200855248926,1.5883179636914075,28.067334987669568,0.4116698422828574,48.93160891222234,0.001365235983603546
0.17357626697382023,0.32574917475746806,40.80415622428293,1.6626959260126688,41.95454397840196,0.0012985399096103016
0.0928421594986891,1.763302654167559,34.41232803392082,1.4651758659792808,7.177671981070325,0.0014396125650867437
0.05927077310706234,0.4856981685206545,29.9314019415078,2.2733826249554814,9.214533804779666,0.0014278926973781414
0.07408743069110425,1.4072176622639236,36.744328168114656,1.9024956139913707,17.034102409444632,0.0014211569306239475
0.22617596629059727,1.6781396888342646,31.734554126525968,2.394679046467645,42.56349566773927,0.001396890975266732
0.21405620273510984,1.6646357439954578,30.130924089152906,2.4017595025818443,42.101513087682825,0.0013968871758093648
0.2014984219985905,1.849878618666329,27.849127321929316,1.2140503529469098,114.07967526322466,0.0014317783538054358
0.2044322743755817,0.25367241665362106,43.05737547843393,1.9803012852162498,517.4810005774707,0.0013992882619149084
0.4130522948129932,0.19728380530860176,35.84860114141048,0.9038281164540443,898.8584965502745,0.0012566277925147719
0.2664701102590055,0.2972705223927407,33.8422355518847,1.213635334662995,740.8304912640192,0.0013419846057072219
0.2517893827775579,0.13246331650729734,28.86553115291429,1.1665466957013142,706.0512809472249,0.0013655681580950496
0.257971312656655,0.14079432687767543,31.40795653083816,1.0397633168898799,767.8990701953746,0.0013521803750935232
0.07664997996936875,0.6109894920366118,35.611133524692164,2.110415974749773,199.2350570090775,0.0014920740487794249
0.186635592021097,0.35224494633779413,35.10117169604741,0.5981358059604227,90.8783634005144,0.0011721194422168318
0.13033487528317866,1.3824064664166476,32.03183670840073,1.7676105099350023,277.0835306759133,0.0014019830979735046
0.3225065159198222,0.20410712814151324,34.47192410698539,1.662716109360234,1192.6833259632267,0.001431302160027357
0.31041901833757257,0.5113877094105276,30.17172619929415,2.4957298029246804,899.412168627898,0.00144315021325908
0.1679327810019937,0.5940507521955604,34.28145263196192,0.9987808744549146,389.6366018890681,0.0014223872590711502
0.168397907794378,0.5618482409291636,33.329900734163715,1.4301068820808853,698.7554922661504,0.0013692513769958108
0.16971987160619778,0.31595628187514246,37.098181962360776,1.1626284762076833,880.0936004249428,0.001370117152275906
0.12899840479580843,1.2046443244910896,31.467559043768336,1.0192636670739357,606.1755318918558,0.0013653637784539075
0.08125833014833336,0.633049821322017,35.62932157548994,0.677133290065092,484.4128841475174,0.0014721509881455627
0.11135324647663802,0.6476460480127572,32.12957159919409,1.0590168708824044,652.3530307524387,0.001519799037945508
0.24097315453972565,0.6589003586001067,27.84693483461743,1.4575271759922324,481.55622630377263,0.0013592475502246315
0.15785432807214136,0.6151048077871267,37.43032776627348,0.6301272733313005,260.95865983764,0.0014682230114401221
0.3246707441375679,0.6150521609160247,27.73533650233157,1.8251380342317292,428.60243339118625,0.0014490991255075641
0.25043387755975527,0.6077174243926584,32.43878281109374,1.1392981210563966,421.1268512680351,0.0014718716678826219
0.043430669421527436,1.1359749900196274,37.50863295315975,1.4458299900291491,758.2123459509414,0.0014431740949047852
0.11305767484869396,0.9772663396122656,28.85626791777361,0.7642416399700216,301.3260783028632,0.0014483432940577308
0.18561696670964775,0.7018443937751557,30.839663490526153,1.0744469520656825,60.578608603565065,0.0015754916224289713
0.2213209633138111,0.3940578779346852,35.33541776393797,0.8747202320037766,147.71613951550393,0.0013758508055000136
0.19948557290365096,0.9415423182325823,27.63998081437392,0.8637038925013633,151.62484889810605,0.0015213681755199746
0.13114241553334763,0.8417907764814169,27.973324182654977,1.4585084626515847,93.79505704897583,0.001286738748689479
0.13922634258459127,0.9301988519598101,29.460100132034317,1.3339019902192342,269.7514985616284,0.0016171363857937953
0.10113013319793762,0.777316147158389,31.169456071619607,0.6897935061295805,456.0384816534937,0.001265178133146157
0.08366447126119166,1.2186720050224937,30.303194934681347,0.9803310566924216,54.435144880261625,0.0014291274132087663
0.11028158257259421,0.5259641974689522,33.629200036990035,0.9093673137977075,158.19619827721607,0.0013750405620327707
0.11557233767504421,1.1624829090541784,30.418704657805193,0.8531206103294922,191.2812143880157,0.001230123838281312
0.047019539823567456,0.7668798611731065,37.41986307357058,1.7078472014527606,558.9039690783723,0.0014180457665990212
0.0512314873402668,0.7036736213442191,41.792476956927565,1.6910671226938423,511.13655580823587,0.001404114241703128
0.12010889997933669,1.7049237413327125,31.2237213918622,0.9900472865549025,635.5762465247969,0.0013854261720783977
0.32283435743775624,0.9185151319655288,29.716025595644034,1.3879816265122018,369.9439430214187,0.0013953672639703185
0.3260290910162343,0.9584476528613599,26.44931115321402,1.3231935590713273,418.2590386741888,0.0014065207886976956
0.07818345409864579,0.01855609817534831,37.56463097703245,1.1684921670910067,447.2498249313703,0.0014122778845449622
0.21128370436090702,0.039099041482603465,45.57432964180754,1.5573884504706126,856.3780684016796,0.0012799870742992991
0.22899789939865123,0.01632635587357116,56.97784075153143,2.05112855251964,757.6858057653575,0.0012383971644748487
0.20172469972340235,0.022284754353880512,56.2245846026153,2.310587058301366,385.83337205806345,0.0012403093608412243
0.20278060462042666,0.02915637863681552,28.727267548030493,0.8826888468832159,235.10229892705055,0.0012827334657167996
0.22718906146593967,0.024962677475905137,39.675005691829156,1.1382426972754525,185.76600118837496,0.0014529896821031917
0.12364526792561038,0.01906413735055769,20.319415197086304,1.4625363954009598,306.93954536190876,0.0012683006122018261
0.1070040391119676,0.015486814328895348,22.938600458925965,1.3375858524358437,686.6612265116395,0.0012995386261765661
0.05413669709256874,0.029983044280706382,34.483208605834434,1.7210534818995622,262.6546437844097,0.0013542760517894492
0.07934723704831818,0.026778621504369247,36.69572099134919,1.0838318388538057,236.6284640795798,0.0014090375969633162
0.3583441100777618,0.029456229102584847,41.099103345439886,1.3555067326287968,538.9515182125332,0.0013386473103531226
0.18561926281313254,0.3335034519860672,29.78457634025293,2.537975683731913,198.73546948889512,0.0014672938157604004
0.21204109944019703,1.289872370197535,29.51008730197695,1.3947859966098874,547.5563330610902,0.0014186495182122675
0.257172512144396,0.21305414191776453,35.59518043139205,1.9036844261713946,615.3184714518052,0.0013915041113190694
0.17653847308953757,1.0336489014912833,30.1090220739919,1.3077405098708699,80.55564109877486,0.001396205569691782
0.13690799983845686,0.3446363328863792,45.82693470645042,1.0369588233432707,622.2483133749876,0.0013693574466659073
0.23084419429288772,0.5546773562913133,32.10562369368468,1.0270308405745194,503.52501844585834,0.0013865423570128025
0.13586332734993886,0.7961681137025787,30.771660275961537,1.8106090722908335,849.6822054299873,0.0013488260677746184
0.16088331188246335,0.9858941366518625,33.88122117299006,0.3280755817837666,91.43926986094395,0.001407435799821432
0.24139551891432529,0.7935041042100431,37.83264431433362,0.2640853385245509,251.85432529991394,0.0013649092869173942
0.14422038750915883,1.0868419015610638,31.00033135586163,0.5373804626122766,333.5714456375142,0.0013328220082535526
0.15230827494414975,1.0922760769863358,33.50816815053543,0.572628042404009,348.49821700528656,0.0013364026030753978
0.09715650421924557,0.4322204408938945,35.79577236522783,2.4901875235417954,483.74335093383803,0.0013451610990071411
0.3261179426209418,0.7820619088303189,27.89419590640846,0.20930098273567946,446.6577919279002,0.0015584748793402606
0.098648971998645,1.1543118266877737,28.295765759123444,3.0018965924175838,114.13101811156459,0.0014912893138853975
0.3137026834244814,0.49194486703715645,31.999162434582924,0.7918864515329476,173.05402277057493,0.0014438439092455428
0.15516762271859383,0.4358958767147683,33.489719376448114,1.6621374691192206,588.6554663120833,0.0014263662611457685
0.33580540260690267,0.33519000591749837,30.989008875600728,1.1352210999968975,226.14138460513018,0.0013132358906063834
0.2043378588221059,1.2616219016437327,29.999648163455742,0.6699619156203791,520.2892775843609,0.0012694727292665061
0.17076467219005692,0.8859780683672662,30.31074688237878,1.2881351209015066,536.9100885388235,0.0015523970030819742
0.15221319925708482,0.6038421390465475,34.37632489358261,1.0087875119945418,430.02629733286534,0.0015743484417216837
0.24215534826451995,0.4800962114310976,31.932678385568458,0.23848455463622054,773.9623983886922,0.0012450357537703589
0.05055985242968543,1.4348323092968929,38.96867308566808,0.599518803847634,477.4123725461643,0.0013877300486288342
0.06938242466345343,0.918922049097789,36.913009159742906,1.1656410328233044,164.97309662404658,0.001375466233221353
0.057126463515635426,1.1735710964756956,31.288460327846806,1.3639449598635704,71.09727332925863,0.0012998285804632314
0.17087813351598208,0.4343279631561408,49.771103978075786,1.7423334695328645,66.37937476159323,0.0016341527220009484
0.13551998597775783,0.2545252351894507,39.35489056891172,1.3110800812374896,93.47352971547735,0.0015872068513748932
0.1887868667425734,1.1650500195787594,27.687301450407237,1.2031353122612385,57.93066248095092,0.0014916187770189805
0.20332404924802414,1.2168298283542849,28.38719400844807,1.241422790709866,64.94190824707212,0.0014833694283892724
0.1639488443481905,0.4693742238396007,29.53031076072212,1.670378649679007,413.3068994927825,0.0016113954192451257
0.19923159566756768,0.5594096674691306,43.82115960488786,1.9197806327659215,415.5219231930992,0.001503163998901343
0.18851275557878436,0.515550466362595,23.95743235430726,1.6504749130719596,230.85092971440326,0.0014980688234695182
0.22095040016659684,0.7070597823679503,29.018680190108295,1.5971842307083735,316.39575131721,0.00148382716905407
0.2938317091715384,0.7325911662573611,27.770913579837575,3.2592918259756534,386.06265449541246,0.001462873673099141
0.15007297761212413,0.5849733076651353,34.40269095649294,0.5914531878756937,182.89858475703883,0.0013668077102089622
0.09733160314577521,0.8603716177769755,33.30604056994698,1.2662140244268394,51.77461543940181,0.001359514360693924
0.24862159061071637,0.2112840535907968,43.364813946336135,0.8884677873381662,814.9971507932459,0.0013931921290088244
0.13414587420635737,1.5425645704001678,28.37005381034996,1.405711747479615,241.69536321760938,0.0014447690226238208
0.09233728782438226,0.511153757144584,40.596298517175235,1.216012325512379,224.38490109244538,0.0013783318568966166
0.1054013635501396,0.5748516334380636,43.26539614886224,0.6184310371031555,354.4960824165159,0.0013457773422670103
0.12410958038889307,0.42355609869400423,36.91986268908813,0.5746966941641339,298.7035045314168,0.00136221511596133
0.11884672040331065,0.9433243976510318,35.63071458730947,0.4427367756210349,229.18430156800002,0.001414115093202224
0.24503068576859346,0.5820244987304517,34.78552856254901,0.5486782061784378,408.29894896562786,0.0014896929320282666
0.13745898029924783,0.4600373127530049,31.851230701048465,1.5965209985749453,658.2008421543637,0.001671229688645151
0.15650825979399294,0.6682820520911099,35.85768960995719,2.8880129073268255,710.8851268007236,0.001626515058571275
0.31455558190749433,0.7282618070174951,34.70552115287951,0.437407370553591,190.82275822605277,0.0014711250850405633
0.19448835784012256,0.4086487142312625,34.812979250798556,1.0216530660096403,367.2366086936868,0.0013559582711193767
0.09528707329490237,0.8426536049250295,33.34123677266336,1.0038685885693577,86.43605331935368,0.0014145417388942236
0.24793444142899598,0.5747110517399551,30.99476110737999,1.485023029061948,1119.097222232212,0.0014141516658200035
0.08910589712045593,1.0602025933989119,34.49350377858205,0.44480620711596297,81.82862671041812,0.0013312926564212984
0.09082582810392266,1.4258314967094063,33.716716326687425,0.364612617144212,58.53646841202873,0.001343506642744544
0.3167760912902727,0.42809059427345586,33.15517833719157,0.17600730930868785,926.9973575022021,0.0013705599042728271
0.3974135573947715,0.45639856244724847,32.43460278409921,0.2052410295739202,489.8745238737259,0.001351450481956856
0.10585033872161623,1.1222426107753367,32.771156953686926,0.1365633120448871,455.8429264906958,0.0014072776716891793
0.1817633819119003,0.4565905389396454,31.669399229250008,0.3042421464896653,813.4418327772262,0.001399804104430506
0.22953439254288538,0.5765744154454586,31.708446628897402,1.0337972251234495,390.0202718588874,0.0013781917682196185
0.2083169827589129,0.47892143910452595,34.889734566583186,0.6191284716461106,529.1159564072917,0.0014400556960298496
0.17288179440628124,0.46736003963938155,30.38081420495113,1.6602378518370133,421.57956740096085,0.0013930723825235187
0.2686811305761486,1.2112727061322413,31.538671976252868,2.3920161302451137,58.09080479906801,0.0014356536212134893
0.14107117724192764,0.5096257624927993,38.67961833499165,0.5301187527068711,24.361412972248765,0.001416307680238605
0.24989357492746916,0.8468405051172185,30.164529252637966,0.19721981652028509,106.02482365388833,0.0013807071025598236
0.26133777554619636,0.5777641008970547,33.229465656068115,0.08082214169252952,103.34333642133895,0.0013993463028470674
0.17163944957911448,0.4362181568431168,34.79302315232239,0.3640535833858548,1177.1825380650714,0.0014753853862806722
0.10738754569519977,0.715107984464592,32.68420218521208,1.9806497467827013,101.20288809734406,0.0013131342484304384
0.10082232819358464,0.4716930808880194,33.47635303710998,0.8007566364078489,988.8645248915798,0.001588458935629446
0.10938284702790158,0.7016074541028072,41.31314193860413,0.5002238694366649,935.1902543918583,0.001587270136651517
0.06936884600115412,1.72442004427102,26.735017028157618,1.9919065522893402,502.8661870954329,0.0014404634895133239
0.3717464005944822,0.7021203405611326,32.803488889769284,0.4495255850425635,718.392704557136,0.001491985370046652
0.08576882583251676,0.9288394000655199,35.68238654305866,0.1142213068641507,495.92755405087286,0.0014824607707126219
0.11971542888685854,1.451926625044585,30.70860368758931,2.2512624905493497,809.2275034390902,0.0014014327222118099
0.10077574024652272,1.0285121658929306,28.170931520596202,1.4742511260858444,300.4869632842587,0.0013823640815718585
0.10649026449546443,0.9876676012408885,30.926284195046293,1.4960506461468588,310.42513352416256,0.0013837192015851837
0.1662214225689505,0.656811173609176,33.473353693353495,0.8905086841245923,265.54144879363633,0.0013555704452542909
0.222732833801816,0.5612993560591909,34.337443837505255,1.154487613422951,276.87742333089824,0.0015004010552957588
0.230138626538812,0.5038266722579444,28.796297783636636,1.2933708603787397,318.5837008389604,0.0015150708464397697
0.1806775293669394,0.5792055420583516,35.149547292453974,1.7758847186291258,356.52249951633127,0.001470789057308048
0.10114816500887235,1.0688389437963806,33.46994845412618,2.140353051861542,265.0116313768313,0.0016761560180770373
0.11005826741496966,0.41953684383487005,31.351768585980526,1.834158735021264,654.99268502553,0.0016332756797126577
0.2169562192261436,0.9395676851493127,33.61280409081919,2.687720398010386,281.6712159860317,0.0015710512466520993
0.12270846104880594,0.5825624398826043,30.40596774590452,1.6308474485136308,136.18725566452397,0.0014649684073514354
0.39043069746379444,0.36278336322592913,37.81617800726716,1.2871248491017293,219.1921992112882,0.0015108936858962757
0.35185604822011357,0.2329354705958831,29.802652285971423,1.3259863739229831,302.4462614474997,0.0015302344524117583
0.2528154442209595,0.7738156562951888,29.176968245876633,1.0122370517649852,232.53910146232394,0.0015396898027599361
0.3064938649579345,0.7232563620102419,32.48842264056487,1.355772022024328,264.44524987245876,0.0015270281778670047
0.32868223496412163,0.5039820108243425,31.81575831484564,0.9899805470570402,117.96803405161877,0.0015653634936088384
0.21644631553803506,0.7609975424047882,34.1290333391267,0.6590967618024517,62.47098651467118,0.0014798164292146128
0.2657481936529544,0.5621575796970624,35.16304733202697,0.48406998726182626,520.5661299917899,0.0015543177155245605
0.20834731631078854,0.4372758181526492,30.99093091879426,0.5419830010063534,261.5652088492532,0.0015377591749160993
0.28855314382416114,0.8189396641467959,38.89745275251884,0.5823902845026027,376.45342290488514,0.001621494252243453
0.20741908502473946,1.088514801630357,25.901037924074515,0.6020307975017583,224.37983813565594,0.0015153919047316993
0.15028776591111304,1.386004182640153,37.70084790928914,0.5941540982156195,379.73956499954875,0.0014940548443620329
0.16201266696104458,1.3362492254591423,28.57743472999873,0.7376404993261529,469.22708379990775,0.0014766236685760069
0.22787640991307462,1.043462886851492,31.35407353272306,0.4550001575508029,392.8122458434395,0.0015802877534455133
0.16162529996627004,0.36366935270874945,36.6509848562263,2.1594216825255383,521.7437854185948,0.0013552708424678433
0.30891022312501154,1.3148881301162227,29.312284567757406,1.0191606118550631,226.35512082985994,0.001354660210006565
0.19858031832122364,0.3468868218880361,36.58189419413026,0.667823700533567,350.57265624547586,0.001390073871767389
0.1564197508265412,0.490278620059066,34.98410285111436,1.0580339976435436,588.4479287094333,0.001651553096662674
0.14903668881294008,0.545037064922172,34.79090008874528,0.7198266091056902,333.58099016323956,0.001318844323930218
0.1390101343053961,0.40772227131263067,37.74203089336375,0.7170651961889651,329.07499052363937,0.0013380551591545748
0.13181887503789588,0.574232118637491,37.12228307717424,0.6308627011642934,286.3456086746896,0.0013362703961289906
0.06450846505159392,1.5268196586906262,32.20204746471779,2.6025794002345104,784.6758683704255,0.0014099452890454648
0.4089140719311722,0.9562854692052759,30.412823282250457,0.05572354483877039,421.73096582090864,0.0013866004137856988
0.37536605969781583,0.8208762677589494,31.44558818924443,0.04672592186414062,441.82752510073436,0.001389992718269496
0.3650208728285216,0.8211578078613783,26.38625083387733,0.02729380018275327,391.2624143469188,0.0014220918107158385
0.35775189609331304,0.6432476514458852,24.386086233107545,0.02599072664815908,391.48439633359885,0.0014150956524616926
0.3036403679398281,0.6192631895399794,29.789376036498986,0.018654403309972697,506.17453544054143,0.001440117017979446
0.3172305053791369,0.6497389595514751,31.893852924040765,0.01825563511244076,491.1851272602954,0.0014393207109116139
0.33899353285517814,0.27969804641596785,39.44872723879846,0.12787687034667686,364.7985721445766,0.0014281385885821628
0.359138936965992,0.44672215466052134,32.52640359622678,0.43080256314390797,288.08742692225576,0.0014364031091018982
0.0753400580700294,1.2268359885470328,32.978085041341934,0.23411051324936893,557.8508053744187,0.0013870970114611518
0.07916640776800907,1.8634063845710453,32.184261852592286,0.2802419144994945,1034.7464080642908,0.0013981253797667973
0.32198355429581,0.07498903263170573,44.7979800635558,1.2485076620797078,212.4596480921864,0.0013305588335150785
0.36957727121210326,0.1639543256709858,34.82329207207349,1.4328940236926315,995.5909553227395,0.00132159294520537
0.3003485382357682,0.4769165118350565,30.97002410211598,1.1292244413075674,515.5272002344295,0.0013438400560179327
0.2798606280727932,0.6194572471323809,31.145038586520148,1.0992861707815285,516.4183000723465,0.0013430325044975688
0.0974147833665186,0.6095585968034791,36.73088200661631,0.4698652041899468,377.4338307423882,0.0015520998759608043
0.190389688272627,0.7519956776440805,34.13763895584655,0.2589211680484556,177.32971964762805,0.0016316229476596666
0.1611996873956599,0.37461553686921767,39.2313539415366,0.4509757373706799,770.4514545327012,0.0015899524182587939
0.13409754423148565,0.8408537401885807,31.868688543435564,0.17127508220047108,425.90547336572894,0.001296035874932082
0.24316049957347954,1.1518879722643025,28.57124433327155,0.6981135994892076,586.0902029628036,0.0015596820200198406
0.38599811849058113,0.19905618258372706,35.60665283081307,1.2984952734172461,789.6943351130543,0.0015579225260560418
0.08460421539433281,1.3726087319935762,33.02293693090587,1.577083526476541,415.8042980764418,0.0016725957336519513
0.14327365631692027,0.6109489916672551,29.34555686303371,1.3009144123091534,352.4976561335573,0.0012120169916284712
0.1189565773024073,1.8860962908077217,28.294115112471573,1.5871420876464675,182.69003852571916,0.0012005374888837822
0.09353389249568005,0.3843525130785982,35.99803763836559,1.9608025059891203,113.34909339645417,0.001312459714760461
0.10051263405591172,1.6050588968120538,29.417166618156042,0.8598349527007751,93.61236196262107,0.0013231020693145565
0.3351115557464003,0.9818358093434911,32.39411625047117,0.2591735038249164,584.5764223860743,0.001440937130706125
0.1561133875943963,1.8629469053982306,31.028092188389184,0.45133407571559153,318.8898934866158,0.0014578811028605984
0.15720558138928467,0.5632845226388652,32.486402139386065,0.9433648206452064,748.1396639720703,0.0012722042177100604
0.2542662976579681,0.5431282414144203,29.820344289374855,2.2909541517800407,656.6976867699473,0.0014227926037544253
0.2645280457915055,0.300617734711476,32.598802677470815,1.814700178121589,565.7827225209824,0.0014316058387685532
0.2635758770069022,0.3097222322184886,29.88089010883521,1.8101632230258424,542.9175202808544,0.0014327459314620282
0.20655522929294268,0.6052934071074149,27.90182476507863,1.3590016153057844,217.97204192570487,0.001358657063536342
0.06828351278374375,0.7567794542718519,32.88452007405704,1.3194704568230664,885.2313948143029,0.0013737306587359717
0.08106727539074253,1.2326536736550455,31.312961569645168,2.27359882203725,168.19268959857556,0.001341967673423537
0.22832052837847003,0.6930937584936756,30.254312107850126,0.36907156553489157,475.9844066151566,0.001446296390345026
0.25804497821920697,0.3959334396902497,37.03527767536818,0.49056148954087153,247.56113864670408,0.0014299293576126126
0.1836909786715037,1.2795688059060915,28.391625021056747,0.43742816570366666,459.3490904348655,0.0014006997327857143
0.1408456906641306,0.6944588838422991,37.053243311176644,0.4126933611324604,315.88470933096517,0.0015145575359832228
0.05495583498764454,0.8555718172484447,36.45870248038794,0.47651305194701515,301.81141845049194,0.001548680332987787
0.2929225654741126,0.3305545481035935,32.427760633593124,1.870100220573575,611.3678539761286,0.001241172888065601
0.17254268410847626,1.2578489762824328,34.22922498754042,0.18574698987326363,767.9967854674153,0.0012882993435164765
0.1884985124286151,0.7780452316874098,29.99636244128715,1.8779388290665617,90.63657980898785,0.0015827806016846233
0.08532078492330472,0.8334644563259015,34.930159870438914,0.8993205930406984,115.42397840136904,0.0013375780383390848
0.07298000898399552,1.6740272221246595,30.734965008286846,1.370775144460659,527.6506246497635,0.0013756749063205211
0.1142661541827707,1.6709658912086585,28.998398959822044,1.3676271035961165,653.9886257808006,0.0013821810107862203
0.1275371330924861,1.812816643711601,27.39539453357379,1.7313420230243273,578.4598313692472,0.0012430544206006137
0.15860281873834098,0.4943170464651979,34.02254829073481,1.4958935012445889,252.27290724656515,0.0013170857913970212
0.08587576932930437,0.8442448595205446,30.491631863645633,1.938897352873972,257.85905944696657,0.001416281165671046
0.06621998256097883,1.08063244625783,34.961226187291444,1.2879446198170594,345.0034880214102,0.0014688489275575993
0.3126716547061214,1.1786398194097802,30.597697988432067,0.8723604280663503,803.2554373069967,0.0014208838355132436
0.09554216390764622,0.4287914981898847,37.74257873110882,1.9219830073503694,390.8765227309623,0.0015126984854748273
0.07025937691788929,0.7308292182098276,36.311796540933955,0.4171344253204876,577.03562229695,0.0014812731672244317
0.2110081356018321,1.7949973363137255,28.63787499284277,0.6503790444670674,53.40397127395756,0.001480341906486929
0.20951523337161215,0.06840034819901626,42.79311950782952,0.9208381472647815,457.0926720267564,0.0012744968399917096
0.09108587896402733,1.3447069070008775,30.596152814233207,0.9618931802045888,802.0602301852771,0.001578204919163178
0.18639812906845143,0.6058618646450709,31.040029784970216,1.2028982291386459,189.38777023158266,0.0015765388676214289
0.18643133519529678,0.9490188255437183,33.09962192318715,1.5396625155432067,406.25192021056995,0.0015949032504677721
0.2387931723873119,0.32630160857472557,33.46895311095695,1.6387799201076179,883.5818655057744,0.0014833946996909047
0.12360267541210715,0.9281644095253356,32.78526872388713,0.8999994068806804,247.63090945516163,0.001423849990055371
0.35971914968617164,0.34505546589110747,34.71096613435422,0.7046379182980337,1421.9703826717125,0.0014995497184008466
0.3519717576623388,0.528875335418266,32.956912632362716,0.8975614298841894,1235.2721840128722,0.0014589290286650845
0.22322444393418758,1.2362391691421084,31.039286097765938,2.83655510158188,98.8381721955073,0.0012790666771758448
0.29989414123445335,0.1808449593270412,26.488589999861627,2.8142892919882914,78.38181846243803,0.0013193362365336346
0.25052039699162537,0.341548483152182,32.803662964420354,1.5362800264532999,604.9899954565825,0.001324286387749073
0.2172228274721913,0.937477136470686,32.507499391658264,1.2622690200869213,332.177816077145,0.001550725478657707
0.289915504605278,0.9755617957101117,28.918867543032242,1.2215390918527405,188.24233507429904,0.0015199594649396417
0.20575961924858166,0.25118924333220255,33.72641049641218,1.9045125972518417,482.6049836101452,0.0015179280209891327
0.16594609255729192,0.8238163232650801,33.72854018726287,0.32727811479822533,761.1783751641111,0.0012892335141510669
0.15718803250501695,0.869903551500277,35.36346037113861,0.3228890245197711,943.8098950945534,0.001288966216817559
0.12117767140292748,0.4530909234706766,35.29224560480539,0.3150472300595704,1015.2119425640049,0.0012775084279540378
0.2402859902360176,0.3544022051562368,38.36549009326368,0.3897042442948388,52.97376278378765,0.0014599311286233399
0.18332825043961737,1.506107492078545,27.950257491566923,1.3824787336862325,71.35343905186912,0.0012817493503426104
0.10658324608042521,1.0282666253979245,28.833201119575484,1.1338762170321055,95.35758945353328,0.0013460959691608963
0.1696982490933997,1.7018891323175818,30.725957152624268,1.4772858035096845,105.72793861078378,0.0013538916709734893
0.1697828647835879,0.8107298549492022,29.722446519689147,1.5277260847466427,194.48539819921922,0.0015126512210410065
0.22008827348474166,1.4199946794266893,27.363255874782567,2.030705445306179,616.1230114909778,0.0013525267518914568
0.20016514219796883,1.7432121301848056,34.088224088510266,1.555668733289561,603.8525445657111,0.0013989607755249605
0.198347601480577,1.6480628616067041,34.25022557383927,1.703561073867382,543.126400617778,0.001421853372554113
0.19819329954113338,1.7452334768973048,33.94301165863719,1.5659842008904,579.3780239879193,0.0014253834000353704
0.14066115155449674,0.3450330686860252,28.96768647823866,1.4473208011059806,497.6594447339645,0.001490710421223779
0.15581669691540642,0.7263328333866877,34.4636727430913,1.6015770854143567,470.0989881390021,0.001504360062430161
0.12563593630960934,0.453643670595177,35.36070803740324,0.7801252558095354,826.0159735926899,0.0014758420239156357
0.24609597919031423,0.7340784152783525,32.289956064960606,0.8671462794830858,305.081350246587,0.0016104510591282608
0.2083180560849305,1.5701692860930143,27.705541441167853,1.6420671151503057,109.21040973010852,0.0012792547054905582
0.2103643885799424,0.1970022286261896,44.68977185161474,1.9054312100685997,644.8417997546325,0.0011505477531065067
0.20624115863358383,0.16347817595203323,36.48325581975992,1.3979477264739641,468.3484974077082,0.0011705549373052589
0.22405847340721036,0.7737913918922356,29.295357355768115,0.7753121340708277,441.93896369435333,0.0012401082454763196
0.1585145360929076,1.551149612008151,30.447674501438318,0.69411887588485,595.9682631976772,0.0016325901408116182
0.11877882578143849,1.5689046680707015,35.11212225229021,1.017760346082735,172.10097418877393,0.001602328053746296
0.03976928657251523,0.6123408862485449,37.74604722497664,1.44255455413486,516.1917083570405,0.0014330641341095051
0.18588044999917475,1.4882324361571884,32.87214527558417,1.077616782397692,979.5564883079273,0.0015033206345098121
0.14602838715883093,0.7919518843596334,30.02687076272809,1.1274863467452192,837.1126681464823,0.0015066172628356925
0.09597488383953832,0.5940452252755309,34.14297401889249,1.0647239863597062,208.69188470894107,0.0013571504556533745
0.04091471617167184,1.2065834860363698,32.50921039807019,2.231471160177023,207.78470341324356,0.0013934617664623883
0.15494896249470805,0.723473197694287,30.18916458666214,0.9198688017003592,152.09758867853392,0.0013881294739002867
0.14505110661073628,0.6197815875587813,30.956305175380642,0.903360401717824,1351.0623380579325,0.0012435042708546422
0.08212927689025892,1.176981730872673,31.38782770629894,1.6730041312504165,45.84080538256813,0.0013749927418474004
0.1734510605828211,0.8507243157973129,30.855856940128643,0.689950781606542,1143.3769036859594,0.0014516016238694737
0.21561718652367365,0.2237585621564007,36.286683687860254,0.7678727742391205,1361.683021513023,0.0015194571369690232
0.15104921446710923,0.6648788281150283,33.631667614571086,0.47098849211003496,15.598143896465166,0.0013696082802709085
0.348993967052152,1.1224924939186771,31.064621579596004,0.5474130220629091,53.07840314095879,0.0014837357417263333
0.19796417444192055,0.24251127461534217,43.754723756293274,0.4028065765419632,176.58916829202076,0.001439634915969163
0.18855726570243891,1.9979529002876841,29.577994179342642,0.4667290816864439,181.8636069167315,0.0012323066227087614
0.2774132055888705,0.40092387850263644,55.537276579256535,2.261031813923347,251.00912546837105,0.0014604256666371782
0.16966780713497254,0.14900180215281517,36.25135762749286,1.0151780385619535,917.1836603909604,0.0016811208467792634
0.20827793821173535,1.3822671053688538,25.281966370666787,1.8019581520349648,1098.0149888470448,0.0014670837100010637
0.23547811467267654,1.3534202319630027,29.07647222447795,1.666027149232665,1077.5086166577476,0.0014621911059058202
0.23962310675003146,0.9140174087682782,27.056131190625788,2.0056390474888297,564.9248492171445,0.0014565233711180204
0.1820137781411265,1.2622705192638808,32.61204014627163,1.8669804861016472,214.0702243685543,0.001479300073351346
0.2149363468851793,1.523670649588777,29.406390932832874,2.2441487816630694,166.71745480270724,0.0014281963898515626
0.2946195840900187,0.9284983199148205,29.45855459594386,1.5125641229930613,67.44809603726581,0.0013859282155726342
0.1829986971037729,0.4455513789364976,35.84146163179815,1.3407734327782408,246.22819627157364,0.001498432639318748
0.15073652981003413,0.7767645282395873,33.49557016183514,1.0430581623225461,90.43291617896857,0.0013189803100780318
0.15287559324420597,0.7115953734796133,37.17780254530341,1.050826924728906,77.34519648103898,0.0013204172893089253
0.2006190857575302,0.401985974492216,29.657012198602416,0.8064508266008763,851.8507178253443,0.001534400997817602
0.20766075472307857,0.8233120259402696,37.613971562089425,0.8607459590296263,1000.635828832551,0.001470378099781649
0.11046687298467327,1.3302116164667022,32.34398795504175,0.8039497194522894,671.2159332446776,0.0013826013288139104
0.09656158001910779,1.0709594073609494,35.78158996491616,0.7523591825696356,800.1885109796948,0.0013916813539888036
0.3231221735295348,0.3766991967789268,34.863349550130444,1.2287027206122887,367.996058051757,0.0014108062637308415
0.11723426703808464,0.8580675824633572,31.212960253357313,0.8078851285791757,784.2224526963311,0.001284316243309203
0.18949965980608596,0.6363264803970295,30.33963097890104,2.5309793171775734,356.88848618107374,0.001460052749123769
0.4113073699988018,1.7715731187814794,26.60128500727524,1.05116625461458,186.28821558515048,0.001470726001459401
0.2396065630136786,1.2336005642117156,31.177314813167598,2.380485989805145,283.2386697691141,0.001479917785739735
0.271888612664589,0.5857800705643583,31.86286481717924,1.7549134525936794,256.20089570747126,0.001369122689147904
0.2796795239475247,0.3204355237663123,33.129878297251764,0.8462842717802278,369.55133942454336,0.0014967449976235419
0.2897117107873018,0.2607770715918299,31.91030245639305,0.8474905167938109,274.79222421767116,0.0014909398851483844
0.14734824364442298,0.9490217186379258,35.411614939983004,1.4164064628078696,549.2001304225704,0.0015274764405876198
0.27629878868194274,0.5950838142430662,34.12479713078557,1.410180262477418,293.7596039840825,0.0013582793223563111
0.1261476698429237,0.6143775905376112,32.748478964840565,1.3342517740801603,124.13473027409013,0.001462860424942565
0.2561405212352843,0.6906784899654861,34.43852322113786,0.8561154643762566,164.02965498598186,0.0015259698235630275
0.18502867994219613,0.013178681460183904,17.355165476689297,0.9557035670257359,611.495373254288,0.0013258365940577218
0.053956096222082806,0.026429729181119098,9.42967158678014,1.997378998092304,827.6638593657467,0.0015447818643339317
0.24637050485290646,0.012214873153539049,5.629958385247931,0.4152908405331957,226.82308012518806,0.001198291392906868
0.1556600667343886,0.010445540865170173,5.109487606541177,0.6719401071446427,266.2896520753978,0.001288871002583264
0.18099602378494242,0.011367013598356394,40.83205375051005,2.2197717165081285,801.1216411787374,0.0014244638156263919
0.2616751060128666,0.306293352879246,40.780138215030874,0.5683228460656509,614.0050291288111,0.0014684070453355137
0.2911761181398389,0.9005397377980436,30.45164159592922,0.5174598194960937,495.4267800528196,0.0015960513034174284
0.12022282475458261,0.5005964072365372,36.40586325977542,1.0035288060352123,113.65432613748435,0.00132275195482563
0.23964507349835978,0.964034682180649,27.95095234876863,0.784038991323362,727.0185825062644,0.001169980318855811
0.15827938851768317,0.7100408733532912,29.503264686525803,1.0805861802885333,800.6835801181504,0.0011849266621684225
0.09346559831250292,0.6251784429310536,37.46278224553577,0.6054586445160263,323.24188575057354,0.0016181231740111516
0.07389785955721999,0.9068304644604807,35.18542845167014,0.6319750809278006,295.6991071926328,0.0016070815544692056
0.26620053899186286,0.4698409603736029,32.358828040836464,0.5184160000869351,136.7112646854105,0.0012869986138700552
0.11323892038157785,0.9776235444317404,28.30865026240398,1.2231106279667117,1043.1100844247542,0.0015741306530969415
0.09308716950111799,0.6862086397898509,30.8954126527677,0.98680526581522,583.316087214762,0.0014776579217432493
0.22946361788566305,0.8981844846611103,25.614524718759075,1.1666493340668707,327.0587636682139,0.00150374327482539
0.11709627626511325,0.2312761506246662,39.2115249275731,1.699941926485062,142.93074605165253,0.001411646034121378
0.07398787056836455,1.3833572884409397,32.725324129694656,1.465726585914277,85.53547742889509,0.0013959441544147465
0.049009735290966014,1.2010387633534272,40.2994142041725,0.39609985719654206,847.0260188748424,0.0013043314450783162
0.044396541209331314,1.1760651291417712,39.829784182394505,0.39002865221362176,868.1127134878917,0.001289926954174512
0.3604044315736015,0.3322537226577912,28.15675215889648,0.3541837228022882,343.49601431937805,0.00165765766413705
0.37213970177523503,0.37287469711099014,31.805069437416574,0.34329191691565064,354.91897659945977,0.0016601086825821436
0.15911527724904911,0.8073016601157195,34.023267394656756,0.17635100761257588,699.2865794361081,0.001661410741563392
0.1390677107786947,0.6425740332944185,39.00190116321652,0.18520158678449272,579.2698943820226,0.0017361135909737277
0.2637633903928827,0.45876429000922875,34.37376886201358,0.4535554242293448,1145.8082613449253,0.0015262003127842444
0.14091267067154548,0.6607615099233916,27.447222045482064,1.9889812282560169,202.37608680894033,0.0011826739194918856
0.22538379024340252,0.24079061264651785,37.3949560957143,1.788507876211825,846.5959714757046,0.0011268683452435703
0.21182316475242807,0.25443995836802247,35.62449426906365,1.7321066382553856,797.2906000774656,0.0011444029075577573
0.3109041505484735,0.9808255627973891,28.231544051044526,1.379141095435759,567.9858854976029,0.0011831716623781087
0.12176208906104215,0.6073992902513318,32.717103256268935,0.870623785800675,1008.982053922798,0.0013931354298695226
0.16401566455730923,0.9070452550455789,33.47492283800407,0.954152448028752,756.0226716491679,0.0014166480185249743
0.10345031533099965,1.628021160304525,34.04857796427927,1.20180488146006,1036.7068237185351,0.0013154929056363542
0.10150280733463778,0.6480072855233507,36.505035995123535,0.8308094489025124,279.8927184212118,0.001343336274000035
0.20597348990355263,0.8152569449714013,32.58374989824428,0.35493213501715126,405.7301843787341,0.0015940911774146214
0.18515656003109893,0.8909804615994569,30.04175346600775,0.5003187687892999,646.7686235621255,0.0013941962250841973
0.27563059724062544,0.6604056848635927,35.53961522892455,0.538392077957884,140.7710291557344,0.0014400425579073025
0.09675156274326033,0.5377577342902424,31.466184649234904,1.9208697725363097,269.79248249860547,0.0013550730310978951
0.2266723637611976,1.035496733225576,32.32408190896466,1.279337512149952,470.49693647222153,0.0015501942471545095
0.20462671739939264,0.2132798569740692,33.95040553058645,0.9301072815405866,856.0441881161807,0.0013395664081834312
0.16348928987651062,0.4515267243726444,39.04200448010665,0.7921681353436789,277.85063738154133,0.0015899167721450216
0.17703898849339839,0.8110356133486238,29.875756162331,0.8408854285899103,355.2128844220879,0.0016194256620963609
0.2512156171883167,0.783155136587384,25.034774116575043,2.488619669426824,655.5643748319736,0.001589565668797844
0.21988567667800907,0.9545518554772228,31.808295527349536,1.8213859027306563,611.439124280092,0.0015524846709799303
0.18516448463870996,1.332461911090872,28.694426625333502,1.5231237487018257,631.4186310884768,0.001584433114501174
0.22240039272496773,1.457382699302497,29.33643739954793,1.658197998725602,662.0321871147222,0.0015825201372053144
0.3190472691941547,0.23084081945839527,31.837597926774336,1.3790064077143245,815.8066149498387,0.0014833231132432624
0.31783150378604214,0.429198832021971,36.60122641031435,1.1032464285800203,1114.4139807896881,0.001490092958619495
0.18510081097375314,0.8566344892510079,36.09816422059667,0.19224724385386138,565.3322893112414,0.0014283239249038952
0.1636637354092763,0.7871978543122305,30.86923465978184,0.17150772336907705,547.1184858847082,0.001424693502158276
0.3071957527763617,0.4533747095952027,34.96636057148411,0.1988797312965437,768.1295418054951,0.0013120342992542584
0.21616963630652197,0.6172006187621176,37.4041257264302,0.21883224107971347,455.3042162600466,0.001267134761441184
0.15959065594161684,1.281748322820171,30.425682106566395,0.46543257033318647,929.9693954316587,0.0014256199948309064
0.1994939745189147,0.588582258140316,33.4530224055097,0.10830511845109653,307.59306567885943,0.0015866221933678818
0.19092967773882766,0.7211361117426244,34.404185873690814,0.2525358802775314,605.0897221914983,0.0014659264949523452
0.04814806466371333,1.2526786245915913,39.20473897864155,0.4870797438628065,805.6320474771755,0.001436421455695295
0.06059272790380156,1.1314646831276691,30.6258938461887,0.49907383524432025,462.6553878857983,0.001420551969059302
0.07209581819532085,1.5515598726113409,26.786816688155852,2.395359213829067,623.2774980303968,0.0013338189318379881
0.07993458457092649,1.4503334261155516,30.73918998781379,1.9667333558955349,366.48830486952954,0.0013592325205770883
0.23794399171302935,0.6468742044693029,29.29005159392046,2.0753983387003165,133.4805004997302,0.0013238297591578055
0.26147460246298093,1.195369230860444,27.7554064226031,2.1894262764253596,111.54375839299735,0.00134681730307753
0.12191736341978286,0.654041847534134,44.29803951151261,0.7550551622191053,501.3183405868285,0.0014310442817041624
0.27388001332611905,1.927041441423318,30.607277871568694,0.2902906735768261,716.574805370026,0.0014351221963010128
0.13212116668341764,1.8497857617359659,23.694132666639007,2.0925708470815874,191.72198669602395,0.001429816948457468
0.2562592576701035,0.23765071180272967,45.87517751268312,0.43965391223070105,89.49048135157526,0.0014232445533976222
0.19296324224255434,0.0110398365679443,23.349819281321928,0.29625000695284204,131.52643383804946,0.0014812239936602561
0.24434788546500716,0.9874706565681137,29.983128991704973,3.134724651163331,77.51184290968655,0.001384742838083791
0.16024235131243622,0.40751078672629604,36.3510255565521,1.1424697964178259,109.13487502227449,0.0015303035565089344
0.2216836555368956,0.2878563867839013,31.366938411615227,1.5583739483858732,688.9018780504995,0.0014009309959672495
0.11067095340739691,1.0641018638948379,34.16758626164174,1.4873978459740265,521.9755877781319,0.0014035105464243096
0.29842650820327776,0.5258039023096351,28.260975489288477,1.769672160279757,585.3482367048828,0.0015892645955056346
0.24286335533034878,0.48641199571764954,29.46628958514235,0.9361339407369292,725.0173392876551,0.001357865858807364
0.14468652872575988,0.513641412820926,32.44696083119282,1.602632795177061,426.24184833691487,0.001459909754309965
0.11909742218500789,0.7810117206963799,34.312822795972906,0.7887933941097841,114.1485030108413,0.0015923333522836855
0.06552267496169796,1.115977970371514,31.775629115068803,1.998665940833905,343.5332462893881,0.0012510616105639396
0.2794021196017172,1.2146124262572697,30.170182024427696,0.8236940095200773,630.0509433428172,0.0016166876406009513
0.17211752019802784,0.4609209620430568,45.317700096690615,0.5532189321171108,553.0067005189375,0.001604697807391167
0.33914777425240017,1.0979315022422806,24.359912048438385,3.3097120479062005,868.1722182482556,0.0015487640786516657
0.13462389831024105,1.8962864259074157,36.459663583021424,0.07809855180275686,247.73367646899777,0.0012794457750397866
0.07436977710306367,1.8679946355420993,35.920688976898425,0.04370672712846978,315.1434794789856,0.0012661218843383068
0.21055059394101075,1.9925642572221405,30.951921150081226,0.13811278160411725,183.5982658195847,0.0012782374769953456
0.11093063544124047,1.9968506747772035,30.756843382875033,0.10730936194760642,144.67986241827265,0.0012653218654371003
0.08971567829063323,1.434346666264471,34.63882815886673,0.4290495077171112,929.8574531376778,0.0013702507165124825
0.1791577116361463,0.3935072348023508,41.43267184502923,2.715804671062016,25.550737590432945,0.001310986507776492
0.19475837236489973,0.022228775710323348,42.711963969401474,0.30354125034565377,68.4172113687929,0.001518513838643074
0.30133260329989553,0.03828433534677844,44.07652512234568,0.9188389574554899,95.8991297823159,0.0013384765629078582
0.12114022487876089,0.014882959273195943,42.532319582523215,0.46206772283507497,968.195396088553,0.001381297615922414
0.15593570040051577,1.5628813962464378,26.589893936578644,0.5954948089533587,126.96632461362594,0.0014669356271967428
0.1632055001676028,1.1538980190938382,37.238773852207764,0.6044703688633516,75.9634163747997,0.0014588808382412681
0.14502631264657367,1.0469500332438895,27.65587322807237,0.5215019293915959,96.21852901317476,0.001367434918603038
0.15931129333460814,1.4444369806460626,37.51215821610889,0.2405866427593836,230.56045783638197,0.001412363731270451
0.0591953783148908,1.8156800465089806,35.706592651125845,0.7182463371285336,481.9263939796201,0.0013947768852364086
0.125762609170883,0.3743770410490812,39.806846570189826,1.588157826414282,101.52034165807639,0.0014237244991115797
0.12834159789288102,0.6016203119025538,32.14139274007129,2.3862845745172097,162.69917463758017,0.001290864902543287
0.1513423579052806,0.6010900717662532,28.432538313146146,2.170187262394299,198.171479734977,0.0012637021600867566
0.10023840687322325,0.5418678709263208,34.867277970328864,0.744506780980266,186.15074750706927,0.0012563142654655381
0.1370512135440805,1.4093875485498957,31.947693804321833,0.1359824913912533,548.7506648927883,0.0013268214679803465
0.17853418835161547,0.23450744349506683,36.57629276992663,0.9399785571261452,690.9404156466513,0.0016147595641755534
0.19879304369963943,0.9655547018227897,31.46481942482721,1.72658964356264,469.05003834567583,0.0017329845771150364
0.3439658806616532,0.12840655706296514,42.23939090496653,2.2067984033148864,630.0132051421984,0.0017281519970847993
0.2734658032610429,0.07726509236798706,44.75899547973485,1.433553379524048,636.3935396054377,0.0016589195645693444
0.19279389755593174,0.44242315025046963,38.37085031640957,1.8170303739410776,574.5889656151849,0.0015539388976024385
0.1999332062135611,1.4154510497776767,25.02923128645751,1.1883289603198635,665.8390128512991,0.0014186972149432125
0.15510177632043282,0.4922746361599745,35.9338480981318,1.044333861928094,875.5668176720546,0.0013728115621749525
0.2564648761579939,1.168705654099313,31.58515230183664,1.8056367778319538,185.42798398135096,0.0015938385229047976
0.12480972025368973,1.7637809916598635,28.184973942524557,0.42070149299960724,360.9133087060427,0.0012961647326675766
0.2823981530841899,1.8428883991582479,30.03933456743093,2.8987244490948774,284.00990911286596,0.001421240443643872
0.29267518711192864,1.8652908322357877,29.605838273428244,2.7709401362570567,267.51282676388035,0.0014218956737333545
0.17892939573304378,0.665764954116053,52.82772719449409,0.44740306325869567,678.1762676818953,0.0016485437879062074
0.144303830721023,0.2763265808881539,42.33146722068581,0.6367396159745652,632.1919172804193,0.0015852218337973078
0.06809987916308081,1.151467919565346,33.248070556451346,1.130135015215428,471.96722206502113,0.0015053487195262687
0.1232628849298782,0.37831760655476426,33.7952780441523,1.3953498835138447,444.2368261131186,0.0014671367281240246
0.19485428987882997,0.7511529787930872,31.70513616051432,1.0663720410714737,302.95915897200484,0.0013467875650549181
0.19878301817108796,0.3388637282116559,32.27586953844259,1.327454256708093,191.98183620875477,0.001498081804788234
0.3941285869595577,0.565375149529136,35.081519059631106,0.735522894023476,18.78522389851225,0.0014150270126737537
0.35928309104266354,0.555148825151882,30.63906055145482,1.1048370685809004,24.46075320051678,0.001467069966826376
0.121389854578603,1.5399298876992709,28.158767632083485,1.581277883314003,252.1373337185482,0.0013142632418860585
0.0815620783466723,1.5007314971944936,34.457965126288315,1.0698375195081775,975.9226757392894,0.001294215110212878
0.07999639388191021,1.5233840745299747,30.13908459422901,1.00757045688446,980.6572030775872,0.0012921830373719718
0.09666543372610614,1.7480658805684677,27.09977498428375,1.077384834581779,706.9715859953965,0.001302089332389306
0.19377074889865875,0.41327516280443277,40.82581613120623,0.5632596351003823,457.736593744004,0.001330816400073229
0.24590643765685194,1.7134226953835199,27.388464018840754,1.5624680606358365,828.0668222740234,0.0014212609241632266
0.09897431542075243,0.31037574609558116,38.37153030601204,1.4556374659786218,416.66070407952014,0.0016369128046340611
0.30687474783556806,1.4437262293934996,30.80843334149766,1.8469335091791097,278.2361781989046,0.0015010617893016947
0.19040079950696906,0.515111109076979,31.614670355041863,1.7572076843118172,341.6365077704235,0.0013451949527628919
0.18163137639822466,0.28290304995067467,34.25190547811696,1.8016469121459893,341.5533508854884,0.0013341410384064888
0.19851851731491624,0.8484845069522307,29.72868348361221,0.5847576881720802,893.4944524862559,0.0013871267663496108
0.1734921692073061,0.4161855838598004,33.12362398698896,2.234253216823363,251.6157382294717,0.0012737372928289647
0.2368142398219124,0.6058567353421471,37.358703242239756,0.0833120790452585,57.938264523230266,0.0013470099696481154
0.2688854615280597,0.8663740461690895,31.61374335337763,0.07041359421756894,72.41990019884153,0.0013532599681924102
0.13264226674052043,1.5602481780348472,29.80969483815037,0.338287073112229,1367.6672912941347,0.0013507698174090458
0.12859825398200947,0.4206549104022354,31.350100312221194,2.1109028811833297,76.22468863865232,0.0013660126576893231
0.18024717239416954,0.6255494530080976,33.841811484947,0.08039662062345862,373.62637654769674,0.0013375323335136809
0.20862692639414984,1.3956779113008055,35.01880075912732,0.027767683415247768,1033.802270942991,0.0013229484000454607
0.16930856357689023,1.7934613249306972,26.478397870168866,0.0165289100785285,799.2996110346954,0.0013669003271958393
0.1830985286086918,0.8705856490363139,30.646429309415836,0.012628369984186304,457.44616799863405,0.001258334224562261
0.18173274693704392,0.9571198332498009,35.15718602911914,0.011913998323109933,746.3531146643868,0.0012244037714247804
0.17212636111904644,0.866263357156882,34.892103382342206,0.010330658004999068,781.0372320738433,0.0012037447808761878
0.1533247000887357,0.427461544091451,33.7961047779266,0.008849989831652588,1148.1282081950542,0.0011814643409163595
0.16022762276938765,1.2056515067374645,36.37076056182597,0.003798493526091547,162.91593104924664,0.0015801274030064314
0.22658522249060492,1.422828741498871,35.301487501604385,0.008470522305901798,1231.4658804381363,0.001376299783209965
0.12532916727569948,0.6264637545372863,28.373618787947144,0.015728928310617223,726.4097783837143,0.0013672662853824761
0.23333226451147154,0.951697333201041,32.00669162576494,0.007691680105972331,461.5350491067438,0.0014105106039218928
0.1003607579034788,0.9600829162923368,38.45914159356223,0.019785643549620452,174.86066427797132,0.0013949940699986493
0.14347100764482165,1.2162648119413482,33.47978488940624,0.7708607406762034,16.427324135714112,0.001453408782408212
0.2494248799891059,0.9760420045258197,31.893450778359796,0.5302595778476108,53.72718567979351,0.0013870859921207466
0.11007878514128475,1.231703616455525,31.852123029934923,1.2864102289371542,272.2560390522199,0.0014368369625771277
0.2950618207061596,0.5736482909764932,34.03032958532642,1.5026066007742456,1080.290325807386,0.001284766562454197
0.301704411548798,1.4883948199583656,35.970228769536114,0.6976593793674369,880.4133078222876,0.001337468508044845
0.23133724049936943,0.5388049431376517,27.831618668848805,1.1995529932489657,405.8715035556636,0.0013345340742074016
0.27316643191383244,1.4589307078647256,33.097564450671406,0.7943961634386871,672.340475516589,0.001612430439833999
0.0998218269387632,0.9863489344833773,28.207657910160016,1.7382291496820568,398.0118047582077,0.0012537531543400113
0.11416355303008294,0.5174318553482438,36.25316474345609,0.8893385504294651,536.1483612500946,0.0013147542261688259
0.19166725554935693,0.8101712412238272,31.725025397896633,0.5278583531885589,164.17159190264982,0.0015510250234128146
0.11971555682003948,0.649864359124178,34.21310397669394,0.8519507961929538,1303.1603532216095,0.0012701668356955855
0.2598778912397267,0.5115676401257919,28.52652852776449,2.359194518420474,310.9242724223806,0.0015031464836184735
0.2507542581913542,0.5065349988501147,28.25189757322097,2.2133307823547113,319.60692423136516,0.0014927998984833712
0.27738550536601075,0.2053069378658136,34.116891861033146,1.7330821848273825,1125.8334016399624,0.0014522838678543712
0.3475997561860146,0.6199890331433556,32.56701187968595,1.157509889930551,528.7491709143167,0.001568538274294888
0.24009511222420502,0.41808445641197095,31.30290417537656,2.5469657952244296,591.0970399621193,0.0016775404149678467
0.10146151699402534,1.5111643880251748,28.652765977605235,0.9234815416530954,132.0594882381487,0.0014767814141818992
0.15958875067321757,0.33003082422532426,38.51899297189276,1.6397076383660847,910.7826051103375,0.00130381035315157
0.21531309778766713,1.5223602353975791,30.822595031612636,0.9685405329653676,279.5429397370945,0.001229544233147716
0.2985463620766486,0.07514782032121621,44.82506984046556,1.034362358311758,455.1605623461731,0.001320000006479398
0.07541809292388954,0.824676554324364,33.9401503738789,0.4916962394635977,893.0717760658335,0.0014931552253404138
0.13739698411563742,0.7985246211375467,35.63837395958336,0.3245249832567394,311.01306840255734,0.0014906364835970006
0.20814214619282387,0.5727403374697564,36.3905518550195,0.15845585880546895,983.787156922023,0.0014220454998172974
0.1346274784140846,0.7637793439687076,32.705944264981476,0.11720017330812973,336.5076271351554,0.0017224261322044293
0.32953438649087047,0.3724346970753489,31.081708150277823,1.0720168221021686,840.4950711865515,0.001277276432608429
0.273426475840534,0.5415009403353496,30.058650285262363,2.2145512561156515,600.001673667582,0.0012733654296343182
0.10744508975558001,0.7815859697031318,33.56960606632385,0.2180672287283441,231.88970472819025,0.0014808983248805647
0.23001138064064866,0.41569232244525695,32.444614459994746,2.0352472014746494,15.673353818266063,0.0013897040412496416
0.15207552154374362,1.1707867051987453,30.280417514806707,0.8884314488461542,31.682689346056286,0.0014861127711736995
0.24856734291426258,0.17768235245483086,35.137370503440096,2.041990616506526,148.73003881373097,0.0012137770806385781
0.3217400658953204,0.4821941064040196,32.38316130335442,0.6609581093397571,169.57569515695974,0.0013389218733115197
0.28357686214600164,0.2065522666786946,37.73009356430469,0.8648494275309281,145.47200037876905,0.001310940139666803
0.1190213971374141,1.4475963821407571,32.26482376630123,0.8025158060571679,216.03215227537257,0.0014095958652166538
0.17721563687647732,0.8763759140299122,37.88176869459761,0.6614669625708571,482.7626727399846,0.0014557809055333784
0.21531155202646715,1.0027207975950856,35.669077203675016,0.2746151641555173,136.3079245529791,0.0014947990595551186
0.3499090147098686,0.5092490961192188,37.9095981854022,0.22405298372750385,61.69643158654187,0.0014755473446407333
0.1670275353846229,0.6434916612567175,29.07978692892113,1.0833061039925085,333.13544682472934,0.0013556702430686824
0.14320405159809466,0.49393257407022356,36.706957952038394,1.4401462802505767,384.1755997931518,0.0013620429114845857
0.20887320854580296,0.544447608045436,31.375055238612973,2.2225355051567215,1017.6449110371054,0.0013407364239677144
0.15327431991538598,1.16878725452777,34.04458272979322,0.3811942107475296,112.18058090361394,0.0014531388431670799
0.13279931762675967,0.5385127041118192,36.73806906649563,0.3474787759586593,196.58656502708803,0.0012819117221982198
0.21593504784695,1.0015600214326124,30.230122797617106,0.6175856295708841,289.87132765445233,0.0012671597273899453
0.23277631740353405,0.20677585365559528,40.77872853694831,1.2749215371961058,724.9108882939122,0.0013499508562200718
0.1413503599261618,1.9770650782359178,28.519859051525273,1.4653377946690516,434.699103326733,0.0013840078974880331
0.13739564997391904,1.9211605437828965,31.034782853648156,0.8192760524586745,694.1390011143621,0.0013469005236781025
0.16613873478043248,0.3478057132304413,44.27005378499048,1.052776106653926,443.9722393251645,0.0015601483539722828
0.08172677572555127,0.7837913132697402,33.75985446083236,1.9574411152023914,654.0498808317066,0.0014288789728696205
0.2617624733378161,0.46028641314367214,29.703991370321834,1.2084951845983554,220.75716382596866,0.0013695349131823324
0.07834580639045763,1.2306770810980758,35.575118752884045,0.5227659578859863,519.7707472313732,0.0015163260624382546
0.09398725071534052,0.8034385934779201,34.91135048204211,0.9678526167261955,466.1959625482794,0.0013466712871392735
0.27637613465360866,1.0238055914310082,31.234103901755066,1.728195830767511,267.5190673437828,0.0014765184867892391
0.15092207004588348,0.6981252957226967,33.53251319234802,2.074479824016667,354.122372436425,0.0014563855543791408
0.0808778566164296,0.8055835447752898,38.636794276248665,0.929609505339847,57.14969809969671,0.001571577877082156
0.16740919568704327,0.5504125432118667,34.67677072109494,1.3916891975249894,252.4863618000672,0.001162474528968511
0.15239635754770575,0.7788975080941469,33.04479304389977,2.0091385591424586,197.51507115245175,0.0012781537029636916
0.09493063754597772,0.44082686764989054,32.25301850017351,2.3237343698844466,259.12000580023596,0.0012954524725327329
0.16861521240840852,0.3433020670745326,37.96601984479063,0.5357742770395978,91.83092545200181,0.0013709879765489911
0.26786611967620205,0.7008341792626938,30.049694460073002,0.2400906881507758,1239.4278272982885,0.0014353837993277873
0.16493879178861964,1.0813007323723967,30.86242192068307,0.21095268824807153,649.1357692380624,0.001490269156893925
0.18725403711641475,1.5292791311891067,32.345598801041334,0.3074087284030466,608.4704177604629,0.0014402715499038845
0.26496159504808303,0.27796838060594636,36.560539919140375,0.9334743344383231,616.8263523704483,0.0014023867608353828
0.14689223883749955,1.4631254295104026,30.845479341757994,0.8554175356112579,439.86730985677485,0.0014193926446864264
0.1968052390634266,1.5238260339301863,27.813091775808648,1.2985457168027874,311.42762384918757,0.0013425510458043655
0.17857926884397374,0.7371663216353226,31.231422349212526,1.9519974989273519,111.66490506177614,0.001327986952799148
0.20633202719599783,0.7480918800499159,33.134898368527615,0.5841215064316456,166.07028855165265,0.0015697001368881497
0.18608740619186076,1.0579345683621575,33.13486991086305,0.38288898558505413,114.61758117210096,0.0015619401287540369
0.14953065399165186,1.3766757295235,31.740347957799372,1.2697367231978265,888.4455962368628,0.0012985059934380976
0.17003542410824948,0.6400408499958099,31.56189233608531,1.5903606576598435,550.8547360204633,0.001212403952227069
0.29990135345629115,0.5061447138969732,33.54546571962909,0.9145240587249319,576.1005178384969,0.0012949217591090808
0.086701805452475,1.2548026963344803,32.13256328209838,1.0515874437854464,406.6331262985715,0.0015504564767288606
0.2263255415551017,1.3224184821337601,31.050772430895066,0.3852226131390637,267.2977622565139,0.0015515964612782367
0.15553494184409078,0.5195737492219541,36.2629050415091,0.2665029554505741,189.93672700932495,0.001516193695312213
0.16036794394956957,0.8845756785722716,30.341377586829754,3.795004841986002,692.7927894119358,0.0013443532041518252
0.056743636844902294,1.7507847877018479,36.05262533689629,0.01354383762327257,366.105073701465,0.0015143952896264077
0.10598930343049631,1.7499255712020503,36.60110837519985,0.014500036919644382,180.1755272454135,0.0014068560535990275
0.20494417058610218,0.6246523318739798,34.770312822381186,0.11882337655558502,228.9422776848517,0.001467147229639473
0.2458295383983036,1.2692427967762816,33.591346721391886,0.07287799311964173,599.6858200545122,0.0014257875374346163
0.2318476421465582,0.9253553400841491,28.274658097113374,0.059304961817326335,430.7555320925369,0.0014607316157765342
0.18945245897831925,1.6846769994621529,30.298063900060697,0.057208164585284466,566.9454351311325,0.001487711513265856
0.19787344477174973,1.304186940429514,32.409983004385424,0.03905009998048312,329.23736516904853,0.001547184273201028
0.3957799516452916,0.3606293630806654,33.71160248504414,0.02679909564647173,434.1489682908273,0.0012840504033909802
0.09188981205994108,1.3107937347312173,34.945395384945876,0.027162675190337757,525.2182196496041,0.0012996683632638033
0.3752409132670699,0.9279966375854765,29.730872676610744,0.6076709061954946,248.10209400879964,0.001440171702638996
0.08034699425806395,0.6658758477486239,36.98094243820156,0.22537973180972182,1246.4286038906484,0.0016741427102428777
0.3520428999164007,0.24256398272567847,39.08943900592898,0.12303518501814213,197.35228688494655,0.0013961151438538814
0.10853025366397821,1.0510720710125814,30.80685579050486,0.047598830414429874,805.3116941094679,0.0015235419130774554
0.27931427440603257,0.24125401249476336,34.049251435843686,0.05025226240022366,686.0777650029578,0.0014685283603334798
0.09051554829835717,1.4706897292900203,34.65609189682239,0.2397893187053817,184.53952976552316,0.0014212025509385865
0.11274640238055049,1.6222770203302352,36.119344399761296,0.1937557968563417,223.60138502638253,0.0014132607027244359
0.3451934481546134,0.9039701539528364,31.368260465988314,1.7995282354013746,274.2312374691457,0.0015161282073340922
0.4421574428801064,0.6327967249053507,27.16744006012523,2.8694617300096836,342.00067674977237,0.0014966445256247248
0.39671722939111725,0.6934221896954887,29.961458526963465,2.841864636324842,363.6023249115722,0.0014966517377759797
0.15122509986127167,0.5316694397705715,37.994136584908695,0.853284293318237,804.1958847113862,0.0014921232914018472
0.23004899387239724,1.4511880445807563,28.130163757564894,0.8906185020970308,89.51666805633116,0.0013039799540839492
0.17982118546401002,0.2172365790178344,41.13179176459428,1.2679229222460353,242.0112042835933,0.0016132760936192064
0.3050672857023765,1.8262536464630434,24.45460077246903,1.1391417539253779,1184.1046127044822,0.0013612197272533566
0.3453214152118853,1.8102461991888268,25.806463328150016,1.2780432554504824,1110.4963882470124,0.0013648882401838234
0.35100866253769447,1.7368983073936908,25.080788777626974,1.2452086493354984,951.9603055616059,0.0013859737983517762
0.1651386773457414,0.6072358843251339,37.44122558393947,0.2224814910852269,161.49353001913707,0.0013115601951816827
0.16365374432132143,1.1646051858939412,33.02425969072602,2.7578006666246755,169.1842305069104,0.0012896390754422516
0.22365322237091037,0.7467402915874833,37.75515531790156,1.1691390780422561,374.5735833134608,0.001368297471083222
0.18825784960174885,0.4502778653610562,33.93217264139235,1.286210051815356,240.5375422763082,0.0013824087376507923
0.18460466845259402,0.7663184947599574,33.31049905263605,0.7917211109978167,1047.3045488911757,0.0013843309546342584
0.20700375363361648,0.34340693551350304,35.04851655382413,1.977288903510999,175.71904056230298,0.0015358702911911887
0.18302888127005826,0.5047434642030337,32.197851047367,2.1140612658530746,496.33333178784136,0.001331807038463058
0.2356043970261767,1.138813042118689,34.17821217670194,0.4562466712851432,616.5754643169414,0.0013563913880689231
0.1497411031077507,1.1716059021331429,30.972045105191935,2.273916240620695,694.4046432753443,0.0015376803476123344
0.16784845429971715,0.5108018641593236,29.209342613358356,1.1345593295657617,494.16837308371316,0.0013648062804212865
0.30997905620391847,1.0591428005439272,34.56511069688534,0.8434845775635521,233.51879070978174,0.0013493859546929116
0.09755456208954126,0.8134771260432448,37.78430799012938,3.5444437905270587,710.2816388812081,0.0015199530166780427
0.1011128906426511,1.095190430686782,32.32171568095478,1.8672927899866532,1031.6417060402528,0.0014095021253111785
0.18201592799196592,0.5373064093284404,31.581097515097547,2.0139024602804434,584.4902846917611,0.0013624973089769773
0.11980357447414915,0.7029474429317679,32.15376570769092,1.3855541488787422,586.1271720437605,0.0012803236223530808
0.09473270055668455,0.9494404697105688,32.47425816101393,1.666695546727271,982.6325430829794,0.001294380892481591
0.16156305570501642,0.6561293598509392,29.557483429498593,1.358845915788029,402.8160537845449,0.001325588654687837
0.185726664034018,0.5559789641192194,29.52403520150373,1.403914619477329,1131.7532752748803,0.0013470292748748512
0.1193517785723039,0.8289576270875099,29.88876156868566,1.0253563867054654,460.1850101695527,0.0014254177013903174
0.08009912025083156,0.9386553093465435,37.71999686641855,0.35652783387629466,794.9289099567194,0.0014324038406282463
0.10724664526736345,0.8559787521765225,35.2952766583084,1.0717539034122479,329.92891188874177,0.0013498574484728315
0.15131055692198886,0.7007943031830001,33.52053615030687,1.1920972267541066,940.8583178429303,0.00144640251765786
0.23715724268975,0.6662319453520112,34.06599245535166,0.6134937798186996,313.1484111548595,0.0014542432343359348
0.14120384932230692,0.5487300191316093,33.310137588097355,2.5442169468985365,368.52953332008514,0.0014443671640067628
0.20104330017560154,0.49629485236194254,34.28155276590984,0.9185318063732298,453.47178428172964,0.0014036883156823472
0.3280937868729988,0.21480622207511219,39.47875740567062,0.5807016342528287,690.5396665640767,0.0013419990048146742
0.04966765609469728,0.6839588946551287,34.40321943617939,1.930749490850849,48.99417696441492,0.0014491913786575093
0.05165204770495846,0.7667848695660796,34.63372674278145,1.921199741958482,49.158489719373414,0.001452249937179414
0.02096082235254634,1.092417713019283,42.418685805519765,2.031320421535116,62.89867802358986,0.001412621093675748
0.036836657575533005,1.6326045475431021,32.988423498803954,2.3322362145471,80.41282333076761,0.0013808457829717598
0.0417102243482259,1.649619613531912,32.279651430372105,2.3878515527820685,56.85192458961641,0.001384221535849655
0.28860188832213945,0.9148422689635515,30.915478392215967,0.7533806570191303,62.86121838073429,0.0013223468939350543
0.08885440348440711,0.7273895149948477,37.527256315383525,2.2726840821618035,193.89569973916505,0.0015574423231771084
0.1611159740309528,0.8054519834506703,34.079889356913895,1.477257135026197,733.8512706703788,0.00146814807786789
0.11164166292875799,1.1429302807893484,35.085282570199986,1.470953172149443,375.74409265191656,0.0015724487662405707
0.1105107470631229,1.1220505712960787,32.99085032649373,1.5362092763896402,451.9125702755087,0.0015832187984894928
0.2980957028086126,0.527995222381375,36.444724510380915,0.8927715520139294,356.02683532522565,0.001416675603588386
0.2553554603365298,0.5940041558927408,27.600570942070156,0.8201435373242293,945.582883640529,0.00132685838882373
0.24164433013888434,0.6095010476902094,35.36944614162011,1.2758579110635375,856.3979938957119,0.0013792175911462165
0.10009290011134991,0.6735463197075564,32.70710276358734,0.6664037073743116,156.6171443590259,0.0014449056302399523
0.09513674277085742,0.6360116938858615,34.994348140321875,0.5846020918436947,559.6238219256749,0.001434586544474134
0.04919247377491851,1.8361696757565515,35.8916793167431,0.8706686126306725,1201.7469019158605,0.0015085693044260533
0.13477944209994616,1.587003441136931,35.18831564267363,0.39984069280498274,589.5261064974814,0.001371749996638809
0.08415466282243635,0.9429713813604909,33.24365838515418,0.33930214886988525,320.4962417042749,0.001432364255744183
0.07129383465125076,0.9411367855413387,40.38728492007398,0.3672542228011466,687.9269895550491,0.0014023436274175735
0.10437908723525707,0.3317452189117066,38.411156772887274,0.36556779295343866,621.3164425534596,0.001385558157142604
0.1187896946645309,0.7540590383422174,28.38126686009693,0.19007866798932466,1190.9486036261733,0.0015037817235037008
0.199882824179025,1.1891272556435273,38.423562241341365,0.03783637915258227,216.67832940077804,0.0013213933412752452
0.31493295480528744,1.6449868496838664,35.21279760005561,0.863250131222206,238.10231663485487,0.0015312048429735618
0.21943674229196786,1.2301744017052947,25.447398022795834,1.9018213213333273,351.341158555351,0.0015550024325978041
0.25776299626838955,1.0113456247658885,28.260178325220046,2.1285316617464325,487.95847888935464,0.00151837499607817
0.16129628775575341,0.814216101318126,32.730564344345986,1.4333313847760765,243.41173450736747,0.0014639195232649953
0.1779711666659956,0.8134978173632494,29.304863936673772,1.531629354206329,69.27952641594966,0.0013980465240750312
0.24432798329034364,0.654614775979616,34.47120130631267,0.1455859646396847,446.4693656970307,0.0014163311552378528
0.19609234077370757,0.5276543002262047,34.33399902173995,0.5409308820762544,870.3302390319047,0.0014226535698767208
0.15924308126923425,0.9583674696116558,31.29264987573642,0.4702276474046079,836.4384952838719,0.0014041269283813916
0.16646302756909764,1.1967119850848378,33.74071160906762,0.3769672672026685,1105.4393393517373,0.001394169831664576
0.10526705033522563,0.8559663232482928,39.10022885501006,0.14667016053072957,274.6980641818921,0.0015110065472385083
0.21140294699779,0.6395947940921395,33.056119822385,0.8651079973203987,69.82139612213071,0.001371338180728373
0.1524203699625029,0.3676797967127907,38.813246448440076,0.47439148063298625,35.754398217989284,0.001606813956483575
0.20127653413701485,1.5576341527823914,29.55849507423505,0.94153464745148,140.3772526675947,0.0015858625416301036
0.1286075331486485,0.5799212855266206,38.71089787077865,1.811534460942558,1805.3388802783506,0.001354367142396963
0.29203490088211975,0.23142324948617277,40.00932676838828,1.2903157725438517,121.419862199536,0.0014018551589627024
0.055198065972531005,1.899010204407127,37.42333753877233,0.25496673428368055,93.22132805322698,0.0013955892006609735
0.20440998751329548,1.8677863896351727,30.07880873623831,0.2889226855379519,49.150752222009,0.0014638367038933273
0.23002574833242753,0.11493814726822296,38.95885107156857,1.2775216449038795,53.79674417603327,0.0015055614085673322
0.2727512038674396,0.14484940217597242,39.79412232989088,1.7262111731571161,146.4200394564503,0.0015432486983594598
0.12459072261828995,0.31547074146506165,45.09422332891647,1.6111228123976178,618.9846295418979,0.00148889278901435
0.14427009510425728,1.737926017673963,32.51744631417825,0.9920936040252673,184.54777883863514,0.0014672948369416534
0.193954087684646,0.2843432086054552,34.72398352266496,1.749156058803551,111.92923717629118,0.0014116632350416303
0.21097237432168683,0.40328660990191084,32.778648113591395,1.4677270644844034,218.21578054839836,0.0014069037559020579
0.2935054179579917,0.4538106143574303,32.054913409308384,0.6861021218356109,654.5265403029206,0.0013439960254773558
0.09188472114547663,1.022518856103125,34.318620194297274,0.6477163465399157,435.86973447089997,0.0015236121390745498
0.1440678963485496,1.330470083305805,30.923229822511917,0.75232556510204,468.40557610884633,0.0014715301101136502
0.23195325524957616,0.2702138402087689,34.92998412070939,0.4694846611056809,457.9078487097575,0.0015038762989476033
0.2450453483698783,0.8710824740094095,29.051422415043373,0.5420421695997251,260.4273511851796,0.001526373830896782
0.12041834003704172,0.6159919742423686,28.82761741596329,2.6075107884694093,1039.0871585157004,0.0013852183317373176
0.3614433786128382,0.5786296616650639,34.6288003047391,0.7517174083251387,303.63055393580385,0.0013587583572679425
0.0819239896158555,0.9364735208147229,36.06642564615047,1.4232089847816618,1261.690397297817,0.0013775853005945067
0.07819848641767035,0.3462785508634078,34.03587676715614,1.182496764022703,1555.7129509501503,0.0013523022925093502
0.15205622879657033,1.5671447105315508,34.67969988802511,1.4223233086826064,106.303433510315,0.0012637460275210153
0.2940570551697632,1.5495019129997796,31.85091215903487,0.7182183306624786,144.5549336253413,0.0015161427297493446
0.09961703763140367,0.8034283017305274,35.21463963403479,0.6749929737937137,625.4842926806168,0.0014144756560850798
0.19754210907409453,0.9729493195581034,29.060660955784115,2.96181721317616,334.1889937278178,0.0015254145535929108
0.25288234974801893,1.6700309509962046,34.53858243862829,0.2919999572394532,169.35991937412626,0.0013476142043691033
0.12095566926287966,0.9157629565161823,37.507475045508286,0.360479411915914,369.0425617909986,0.0013798401548249758
0.24951502215216162,0.647281569894435,29.687359069346936,1.3749839800060595,510.6286287251134,0.001420039896253077
0.19554109741381556,0.6110421669473604,33.208426351521396,1.3119667253759641,665.6507429627945,0.001661488692619655
0.29654390087951255,0.20713153314519867,39.09128500118161,1.109149165369085,201.89356753546264,0.0015229705972976022
0.10665093015093093,0.7553723015930476,34.939296632587634,0.057017983044881725,1102.6643204264399,0.001457345608957578
0.21771535883286924,0.6649863669200046,31.628740401004464,2.663473221165264,128.362098515005,0.0013215185732527949
0.23579016606563066,0.29079430918501953,34.88043140045305,1.0239092580052422,188.04507884105283,0.0012706169748889831
0.09418254831465982,1.2822352742676257,30.43826878271533,1.7338567990101308,1067.5971799056692,0.0014544424297668495
0.24760748108344827,0.2728344385913882,31.65001022510274,1.361159384745149,180.5954596480043,0.0014302291371299817
0.10766831068972599,0.6510254166714702,35.13840216730812,0.7846629061207938,933.9021867178081,0.001255575376149125
0.2391724878567363,0.33180437356808506,37.547406466405604,1.1025141389956556,82.16193139058085,0.001472206124775229
0.17442579761081523,0.8455010667273243,30.766086346460042,2.0526843924772686,181.36479749450885,0.0015024710787987544
0.3984660983679553,0.5107512793691893,30.13452675046245,2.675700489942052,184.56715375285728,0.0014589425403068639
0.29422642233753354,0.582673079323769,30.123997933790392,2.1027532055453215,349.69999185555196,0.001423325840696913
0.26551212931906193,1.196190593294172,22.38990473553639,2.8602324686480385,220.57384402922602,0.001395554058336206
0.26429555226726403,1.6831975793640352,38.41985766404785,2.334082967647078,535.2264062350441,0.0013934490313827256
0.22061553699997596,1.3244214627294175,21.81380506830814,1.8415943160311739,126.57165745657034,0.001393973831978683
0.16642135621495638,0.6867454362876415,24.390507207924216,1.9956844788893457,121.85042125239893,0.001456304214829238
0.11382595835482155,0.38652800246249275,42.825012524791234,1.3416898564112523,181.03926341635713,0.0014225744334540457
0.21240504150315745,1.3413803673920341,32.398654289249535,0.4109974437473684,183.25713267778735,0.0014148562134821438
0.14837303476878907,0.5706952105938828,33.35703948456955,0.890526262051008,394.54256811761803,0.0014326198056439368
0.15852966003303187,0.6441238398736232,35.321039545203455,0.6613200229883753,89.6554347731253,0.0014922540947606966
0.18850536202971271,0.8892089891573179,35.32430840643478,2.625080395887716,157.9456825907824,0.0013922564943105783
0.16561190532580644,0.564655096341112,37.48706099019905,1.6715470911900137,241.3987644007094,0.0014204822168895
0.19954400252444995,0.8002230565724237,28.167070895000577,1.608572273200357,204.12629952148467,0.0012958338391091718
0.14933227957965445,1.1835597081342077,27.365995752612623,2.2032844620197207,169.75872170685918,0.0012834712170984894
0.28630281681914044,0.3384778059255598,34.151395229931076,1.1196760019402519,999.6000868341226,0.0013938591013310732
0.315695019475745,0.13868387477093091,38.22635080667658,1.1098899379011633,971.120356613361,0.0013655217019808911
0.10291595529477185,1.858032901769667,32.33090315444896,2.901639166924265,255.86596403315534,0.001491119285809515
0.04999666621577036,0.47879458642422296,42.51907663871588,0.9460776750098491,271.69744239563477,0.001435169856320407
0.04403130385666114,1.5393575833966247,32.04063710428155,0.8904894775275272,225.08283746774563,0.0013877191280655813
0.13584808026755416,0.2958181235458985,33.636459677915795,2.1850410428655307,689.5366446912365,0.0012861161395566127
0.11996113114340198,1.418137833405629,31.525886849530142,0.8765858782691847,179.04822838496955,0.0014558015255594992
0.11508260423140515,0.4724124924493464,32.00500596921957,1.9980175623895375,344.25517349259945,0.0015093626870431491
0.10469605863670012,0.4648336780958867,33.92255878153757,2.2495454985661762,894.5634899750181,0.0015267744124623259
0.12590544165763595,1.4554397350488348,29.24453990780187,2.4747955485361577,372.08218318289715,0.001538649481758497
0.36178474988221754,0.2466046559482578,38.846701725481495,0.5972190819474051,848.3781659713012,0.0013715361933664938
0.0631513121418484,1.8048833591957452,36.61321242236283,1.085874414570422,227.93112134497494,0.0013375851323218359
0.057615489814033596,1.774284134175674,28.57065565770417,1.034171772425781,189.63715904922444,0.0013363280206671547
0.06450973410594006,1.697664633332101,35.66069997224564,1.067013000556434,261.184785202265,0.0013428425688763394
0.19827899217859724,1.4706332310357926,30.197978989546776,1.781373775275833,519.0523735300159,0.0013004528220427179
0.1381087247145104,0.442194433386634,34.75615550475916,0.4987735912576673,464.50073744136034,0.0013970002522776337
0.17334937453377328,0.8042995558575149,31.618586694381573,2.369050981478128,631.7907997193003,0.0013721370773270643
0.18942183191839607,0.38806602740745055,32.47369659137656,0.286567500481936,512.8011367826008,0.0015345816457177422
0.17267620510680373,0.46968079834596393,36.9247074476394,0.28752045953923744,587.8741761611906,0.0015425209712785922
0.2435326490427916,0.4702305679450336,33.741630596843876,0.6215415661615474,436.95098500799077,0.00133732389332328
0.23417634796961512,0.2620938670903867,39.835149813551446,0.5266714171988492,1053.5008560843107,0.0013704500572287043
0.22670891734138104,0.24213036941925456,37.093000350763724,0.5482298991204677,1040.6267208191496,0.0013652139229754115
0.09902557993815282,1.399512615058976,31.13375561931874,0.8569634032225065,653.8583961092089,0.0012956152075091132
0.16623839816675853,1.3937585438140219,28.603842163279477,1.6082593168225725,325.29892292914104,0.0012483416130162923
0.12106730308541444,0.42743941726740714,38.45607560703975,0.461805145657604,790.7929260670202,0.001345547662808699
0.2086462078176916,1.2998087182276714,32.01255862223347,0.9628474831429545,144.42359815654987,0.0015277503338292611
0.06378865097321186,0.9182069232943326,33.6492386556157,0.9976456940966609,819.7673477536451,0.0014479650373170057
0.05035595443703499,0.7818591184476057,39.03391144489305,0.4691908356638099,956.152686689273,0.0014256105430320626
0.3662124221503199,0.22638742842613122,36.080012965423705,0.6874518047587592,291.14466953198087,0.001391340536258959
0.44271959395388705,0.24239420733289116,34.38366987516159,0.8929763156057279,74.34734970639553,0.0013457112815412758
0.16137877045557508,0.6796681750931614,33.89372496988112,0.4712707042062367,40.411691583189516,0.0014635911427658037
0.12956260480428675,0.8761839464796966,30.957608549858303,0.9363597609803468,512.2666031212749,0.0015037415307141383
0.14043368104063325,1.173530833435008,33.723704042899314,0.48140304048988364,365.84733651093785,0.0014340150305024774
0.13163954332986322,0.3821996374769946,34.22941637291007,2.3481700972125665,1070.7779162629904,0.0013908579407163996
0.21051110503923337,1.2404553535229286,30.84328474068491,1.0861729932251836,1007.1674689121728,0.0013799894276643253
0.31714210705711815,0.08136987323034776,42.37721503137667,1.170090206313292,150.41678758178944,0.0015538436039924542
0.4578807676768532,0.037172044872947216,36.97878148403436,2.0468577032785467,373.3275536669893,0.0014944801566813175
0.1630095383883525,0.5835448904126244,32.091491753671995,0.8188941327845095,617.3712943994175,0.0013666083231130893
0.1075048927257954,0.60946913946537,35.99264505030776,0.6622877865326235,723.9565059125111,0.0013984381597538734
0.10429531487092662,1.3449794740616285,33.20168627456867,0.9269323988950416,222.20755687006093,0.0014363094693458074
0.08843680236407805,0.571676270147822,37.04302413296585,1.5924815188731987,833.5555257700049,0.0014342277033864296
0.09809353860470776,0.3664435405223435,46.20313617232578,1.1442194725785135,836.4398764817595,0.0014489855690168348
0.11114929072376292,1.7594439792380927,33.94914995760513,0.4693377470808573,419.69715540331936,0.001435544724978725
0.09762279949304924,0.6001100808019724,32.32209506668891,1.0812543428387718,234.48545902020518,0.001285427453484916
0.21949623909679625,0.7424017907450611,33.3270235821367,0.7572556023869756,171.03618125171673,0.001379227319550919
0.21573777550808293,1.013323961727523,30.447087873306625,0.6594358173579328,1142.322873914125,0.001581154164110358
0.10076309048851483,1.5702106536292664,30.561469753555283,1.8758080200185343,130.4909680443048,0.0013051627748968755
0.05075108722206539,0.7584905248927541,36.87169380927413,1.421613356020781,331.994417410032,0.001427422965080688
0.12069027645699308,1.1204316884274403,32.08304733246523,0.6477248269297817,642.7284464864326,0.0013628047522480338
0.1815152859237649,1.173937557580678,29.57793877422837,1.1495031204488038,495.9836752316947,0.0013423495955612122
0.26015537025122115,0.2701105164080111,38.23971471750388,1.5289145926137027,537.7517125219903,0.00139733341246558
0.20395807593878146,0.3847977163931596,36.0511920092433,0.6010447560060311,1074.4620740036871,0.00137927240828784
0.2859184554368212,0.3639807114768973,31.24241891941058,2.283249299343268,173.64143513824146,0.0014794282974111303
0.08069218915628551,1.092039093642921,34.780243750841905,0.0819637574650663,596.4343960036274,0.0013778671438914455
0.12356653335195074,1.3903099222226747,33.75089684093353,1.7682804776262127,522.8590667127442,0.0014071943165192267
0.14173190357588175,1.8162184390743874,30.13314059979777,1.4725450864621856,375.4137799912012,0.001354364295289507
0.15334991772892648,1.7379658401447646,33.07812091904516,1.3587907602771494,487.67137261151566,0.0013449071762296127
0.17113639256388122,0.5311734121243956,29.347339192414,0.46613593110804924,790.5746088937182,0.001373365185157134
0.16175443713224902,1.1742992480046164,34.627367592133254,0.3263646975061591,567.4174766778368,0.001383642056692833
0.13048787631992345,0.7021161760895299,33.46155814838572,1.6530074337024554,368.50707124143025,0.0013201307780507775
0.21467544230525246,0.9514670537298008,28.598601517130433,0.518930200493785,394.1088849565365,0.0014922474345284546
0.2976663330287448,0.3068311525131253,40.00088129024087,0.31639728091417274,1164.319355890194,0.001469755493761471
0.305635596345455,0.23997887528838155,40.125486745104766,0.34529465556976047,971.9217288920908,0.0014588623448448224
0.25375674865653725,0.25151620922248746,40.46872461606368,0.9390719689934116,396.2403700850975,0.0014820092590286872
0.34535566326814277,0.1902829306514528,39.15252490774945,0.8947324927089488,846.7296396435165,0.0015650663058942972
0.27995086277543646,0.9164324279964221,29.81652267303858,0.3742331590423295,310.0060100651664,0.001539192687566018
0.0560369929646452,0.5814320905677884,37.97015825997225,1.9273653656027732,555.1938069834894,0.001456573986450111
0.034448991980752686,1.6312477506830019,33.59055972773558,1.2806933890693428,697.1026839226539,0.0015047050853467226
0.3514412118190521,0.8935186336298943,33.34323723146849,1.1974951016629451,398.1415048591066,0.001402924007607012
0.33954468912807595,0.37575078966893316,30.511647247803868,0.35679892509532946,391.96235764956515,0.0013587325584000704
0.05058992948533186,0.9894101310525956,34.77085012110981,0.6348190340681583,162.70583089929485,0.00154821378200372
0.06434276358758473,0.6502232450803938,38.46123430695217,0.8128195148522374,182.7296894047548,0.0015322908417095516
0.14851041693500705,0.7379413630740581,30.426014315712592,0.7091033540509414,1091.3758361652788,0.0015228133320297323
0.17662654335008943,1.2396754098898146,35.45888024439912,0.33077595361199674,418.09342515507166,0.0015275653401786993
0.17372566341537532,1.0650421309268618,32.410545268416506,0.3092096867203406,884.953397997927,0.0015558089713304383
0.14372469939793214,0.7694120802796547,29.767754575744455,1.36632855425037,82.01010556452505,0.0013737198609621005
0.27971131612990763,0.7196777096188351,30.657396947261212,2.270350827994086,91.22949213125452,0.0012372043086003241
0.19712606488622053,0.6855406845036662,36.00779590782414,0.7198916300792109,1271.0708172088605,0.0013604075218807941
0.09106939088990387,1.6684282406634732,32.19856877584833,2.0042197485321958,128.41722037254272,0.0012922043297608657
0.09108539877221548,1.323785929823188,32.08008008203024,2.297778032448474,173.78870853798534,0.0013274151801155993
0.23959039871248766,0.6260302111381502,35.51391479796533,1.0171658437310944,665.3805992863024,0.001471587757530975
0.3488998640430013,0.26901076988870204,32.99350615573892,0.4397026623440995,612.8980364188337,0.001403141450771701
0.14069742764953164,1.0846838056590709,32.37539848127675,0.38430438543254153,64.3680351252662,0.001525725727488928
0.32212021438327815,0.37105757193690153,31.05674225959669,0.5331547387877513,585.8445617139334,0.0013094356018712842
0.14835723174083945,0.7652935069773317,30.31643168155694,1.2653786865900445,547.552522552692,0.0012733536224805674
0.23581522797791024,0.7477527331444233,32.93417051841422,0.18137499875806273,510.14980181611213,0.0014286559084519745
0.08166541517986917,1.0641087753162695,31.785666029509883,1.1613813627304437,348.94666439973827,0.001509768305731848
0.0608497595173284,0.631424022406229,39.79028396558984,1.0729957804653039,673.7009445735414,0.001559357733269437
0.16657524070374036,0.7118048492981964,34.84300877821299,1.196440735099568,145.46002495658766,0.0014641641557479694
0.17455236099891996,0.36455555687295566,40.21077904281092,1.982083666304537,433.8898392462121,0.001534942569235183
0.13863192694393894,1.0687099046885864,32.41833895871471,1.0521637571314975,157.79259193077164,0.0014369710698728176
0.12920491436886206,1.7005738338684009,29.3592707524914,0.8364080900722314,226.61093374193229,0.0014085665064951063
0.2020048487271994,0.8692740890663114,32.8259610472372,1.7054741713998878,233.93434538628108,0.0014297047793120883
0.214978897531348,0.816264040778376,28.03915189381125,1.7745546264381558,494.079204183244,0.0014343614096744685
0.2196581402566934,0.8788489383417906,25.27776710032755,2.080966865575794,915.4996142509203,0.0014892723669455306
0.22632096385426145,0.7634822606227188,30.173279532121622,0.8083927150593153,312.2178281805743,0.0013651226070962262
0.0755971831277057,1.1140272174382544,32.61338876156315,1.7828276937242868,600.9008911376111,0.0014620271938772834
0.3517164354748875,0.23806425039798804,37.74560120230744,0.9589141566738324,271.2935494818925,0.0013907975185644037
0.06422762591302575,0.7954301387627193,35.618153188299296,0.2481076891818055,280.4090060962795,0.0013626011954820825
0.08737741989634827,1.3405543285051704,34.74538922272253,0.37039632899194797,336.2089532885072,0.001332145833755987
0.23598091856663644,0.780380633946322,31.753801828020066,0.08613953250819652,985.6317147975237,0.001299285015968316
0.1560962940905428,0.7868100564992034,35.1719390681794,0.06181950980456628,641.2278918062559,0.0013615329290317486
0.1269267515117692,0.6663196667984997,39.76178172103455,0.06776043709759841,438.18781418201434,0.0015100869312237638
0.28582367057228886,0.13965800487045796,35.25622482063949,2.5651591822402136,155.99036633005824,0.00123789379988031
0.26114111475902313,0.3992820275886028,29.363062890815915,3.318891761183705,373.89244787657873,0.001237148839411779
0.16023369430064288,0.4003139528909956,34.79810026531413,0.6981255761940359,292.5729787129793,0.001317819755488643
0.10275199787688537,0.8903590342377075,30.294471637364396,2.3657828335937783,692.5365863374676,0.001524080995664802
0.08908307140531879,0.8477074492521638,27.147351641328374,1.818844366790404,796.7086549233833,0.00151614814527176
0.09196119163890558,0.8774215946037753,25.882641016411792,1.9227258431036431,849.8027525763166,0.0015218010981396495
0.12427621646126119,1.116586331392501,26.510470730639543,1.8302880531240315,693.1754125594542,0.0015562870645833577
0.17530508547340476,1.5872886159680453,28.0645015711431,0.8609276691205897,362.71520211378777,0.0013143386332747818
0.13874169546468598,0.2757724220068811,34.15447608044248,1.5385750046966697,706.1044548409952,0.0012306127055189946
0.1585589609210112,1.7565869679991055,32.49343759619725,1.2823651518632635,480.07960220531436,0.0015258332876076923
0.15285041717816278,1.7961214298020864,34.41220073129653,1.3713944495203396,543.0506686506343,0.0015164661504590146
0.14183369634708978,1.9109339002872152,31.968012857279856,1.296638083794184,751.4112148169593,0.0015096816849810317
0.23459778529282913,1.9879659202968238,31.082145496501656,1.818865985489757,745.1402543062685,0.001551385577840899
0.2999456510357242,1.8607737704541223,31.193983681650135,0.6756320784189535,600.6664097297166,0.0014197128596894009
0.314892612890428,1.805004732577981,26.834647244798123,0.8373738898118158,422.4929102046935,0.001392771360466875
0.29357116853057175,1.8858648990567104,29.101198122837513,0.8204994450846921,880.31102705016,0.0013924821664328614
0.1649858548986214,0.010533373082327503,32.565475801420895,2.080580329727762,193.73215422798418,0.0014076387701169803
0.23855645870341816,0.033448633897809395,47.09226458998269,0.5430817300891475,299.05844530712824,0.0015183603040438399
0.18589245338670823,0.015784981553642326,27.557591211424686,1.6691315734006256,180.43185457925992,0.0012248802846053111
0.025360006902431568,0.015760190078310764,41.70620871159544,0.4537595644359987,966.0542601631472,0.0013974071627315978
0.023767418498452205,0.014074492037498821,22.872241331495843,1.5343344508795707,117.85684411053134,0.0013874942077228272
0.03420656157244743,0.028798912756597142,17.67356831571896,1.1187743072249017,117.81714595109158,0.0014815254246472445
0.18244329619905503,0.02039937637247475,5.320704371300762,0.5376506272740098,166.04883440804775,0.0013084176957551688
0.20725746771081607,0.01406106750129385,24.634461230156294,2.286028278265033,917.7918442950026,0.0015898855820120205
0.15166346465092573,0.025471402392282152,36.76177902168395,1.5043315932114416,601.2164672325648,0.001532925893650003
0.1940997368418674,1.315373142393987,34.2799308261484,1.8180952610493777,929.5156020542181,0.0013092001418091978
0.10037725761424375,0.5720006067983454,30.14516803339451,1.2861943420834945,369.7328183856367,0.0014659167524633935
0.05185422411528895,1.698895689463286,32.93255695489058,2.038123959007849,699.7981740233135,0.0014561369781509806
0.05023291659254462,1.3319150617235742,37.731681668601325,1.4970231514783152,624.4551591549922,0.0014890225451131035
0.051345693546612496,0.7585689874215101,38.003317521146855,1.1668204573078056,571.7287106352251,0.0015256490123004677
0.10216179805212099,1.2337416544875726,31.84888094192526,0.558417539261994,282.1191302014912,0.0014409918467319068
0.2401175976359452,0.46261388554436017,36.2781132604669,0.06910661024774334,662.6280643142936,0.0013417030082246396
0.13757560276243957,0.5132821302292964,35.025889330745564,0.8530162422356022,426.38547238319944,0.0014896178729079158
0.3451169984547406,0.79958240757677,30.684544864646828,0.6412898413655697,1043.1286781881697,0.0014583964827362156
0.21090993336646693,0.30837344663859856,34.00957057132713,0.722379247231211,493.0367444159559,0.0014412767048210843
0.25509073716825564,1.712529724893913,31.23141133736655,1.123186840821405,440.0791161683365,0.00134361492680548
0.24706451675531213,0.8610092136887665,28.520286960836764,1.9220691257933655,307.6863685422844,0.001474289863067968
0.30564745341151595,0.438814952771204,24.22514823943122,1.491607032986609,407.0486160543379,0.0014762075956783398
0.21298563579769234,1.7877704232974607,26.995350898776856,1.0950212657123475,718.0987351087798,0.001214128632420542
0.24948273990289963,1.298610782415751,33.945191417981626,0.06888533951021272,536.3169664391434,0.001470837659115522
0.13940105986840232,1.4625680939709191,33.22889233995308,0.14960687533742204,500.3616949325545,0.0013281677703793292
0.1706935081002266,1.284832009450341,34.4495234972005,1.1316909730980265,255.20932520664263,0.001384439698855122
0.18355534353705366,0.6926962168648239,34.01539152338686,1.3251912669970163,336.59288078849346,0.001360339737546242
0.25302057266869454,0.8783856106692219,29.187025044264363,0.6669695536971643,334.4250328285101,0.0014662553683163805
0.3095560557943726,0.3964527838431734,34.45001922915889,0.6294287686965679,1560.3096002268817,0.0014200466307683658
0.18098181274953992,0.39495157330543956,31.984911299675897,1.9160969563070933,333.14533210078173,0.0013832774597402424
0.1395110946929804,1.2963916368847959,30.818074017609067,1.6428761206522446,139.4524352977234,0.0013899098553338536
0.14353568450564932,1.4180107720824529,28.869725830200075,1.8747651681611996,133.20287308694748,0.001399348069248206
0.1435529628297135,1.008662148373064,37.225362212701214,1.4991754464487717,275.15311338933196,0.0013434143895970573
0.18310991080721922,0.6862632569699976,33.849879398535315,1.7551586833540325,145.10500161390166,0.0016153505557320819
0.29384226661093465,0.9093461239146329,31.492152809360668,0.41551974640136297,259.9016180623202,0.001458981595772566
0.27404278325688786,0.9870107706361688,30.353529369518945,0.5682433014336258,255.80742779076508,0.001437625122691914
0.2541939661905048,0.798453246396381,30.09678581677925,0.460700826790782,212.11946724213664,0.0013226016109313926
0.2523993185295007,0.29736883282257326,38.76197630960468,0.7419543915820417,27.346367121034426,0.0013351415683216213
0.18125031460589897,0.7001932072781922,31.755146296780516,0.3257484854951646,28.99450195065204,0.0014375265714897318
0.21326489064888968,1.0396854203708774,32.147379664451435,0.20051972350919595,38.236369202023205,0.001434820963753642
0.2139002204951432,0.4134197005662741,34.6111089355616,0.29621141089841757,94.89945813337434,0.0014721974930508575
0.14596567991211165,0.31948927086984774,39.79218653026521,0.3739472499395417,1188.2732211838972,0.0013168597692610508
0.2087586016699234,0.8512056143335816,30.1646510801985,2.262713128894722,177.7127980202049,0.001472257830512449
0.1658425822822218,0.4499056847351106,35.400641378910535,0.3345432175302238,475.95115534119384,0.001355793860813371
0.16122663209394195,0.4739882717130304,35.158148926213286,0.34756144670034983,468.11919063843493,0.0013552050294775727
0.2851777037349865,0.7103241658300286,30.160579066694236,1.8917052354737782,170.09517707482348,0.0014339850068781695
0.2762275007855312,0.6193513583454621,30.207712468025093,1.758677059918289,184.0689469528933,0.0014304830842364804
0.1574740918378191,0.41761136684029004,37.59647954835819,0.25483209236131094,1039.7741604880891,0.0015452400210012856
0.11406601180701517,1.0305447096488711,30.81242063367211,2.70579695914406,169.1619581692924,0.0014150595972423703
0.10172290841388885,1.0130498940312933,30.99738441110573,0.22301969012284412,525.2464526858096,0.0013770006194269659
0.046466318622302764,0.9789695216297599,36.11671355320208,0.15883161597877365,611.9960862894088,0.0016133707370176243
0.05948419099263782,1.2153033241382278,33.16453452165055,0.17414025141321385,551.4549627684302,0.0015926000844851285
0.08709605405759047,0.5386190393854707,36.28650043109216,0.28229886673397603,761.2486727773563,0.001456428865080139
0.18368079877208207,0.6874614041900527,31.803046164889338,0.2351012906156205,203.88689009373016,0.0015050805958881368
0.3260461084345873,1.2876931787265566,38.37794280814143,0.18681808951102125,204.06597994968476,0.001509098588316324
0.15120785241395088,0.7229092149941722,39.02815183606992,0.3434343645651666,692.8824994494897,0.0014913254629810467
0.31738186799202944,0.11606829761105134,43.24510608695647,0.41858445649804366,491.82761197612047,0.001543474524229114
0.19150776702334174,1.4154651720236548,25.896662888965167,0.877426630388176,634.1397895136028,0.0014761531643986854
0.2579921811524952,0.8449212562825262,34.35156940618311,0.5791800114398946,520.6089052639793,0.0014800962754717988
0.16465820275742563,0.5252227163243933,32.992612969563126,1.1195798482165753,362.74889910408376,0.001270102877096614
0.25848149593915076,1.219556742246922,31.04549984166297,1.3762904434726138,564.5462076859509,0.001347654362358337
0.2132486831363758,0.32317385560160194,32.0606407498951,0.46481201763694224,830.8635698061304,0.001383390949078269
0.1877548151016988,1.0384896664987853,34.45078363566039,1.1231331090338237,433.94330322902056,0.0013937701936922015
0.16835856602451946,0.45883410670132957,28.104705391262222,1.2595163812328032,553.6522283716165,0.001410866591643795
0.14756595939096012,1.7288642059102972,33.63343449628483,2.1017724668768847,906.5168149732978,0.0013578142093189911
0.1555184350812478,1.7468126899622267,36.71291329454771,1.9947207084553535,806.000307096307,0.0013795517967484818
0.17677190411742966,1.7179418513549896,31.816695018363045,0.9436557754603419,349.2766022659369,0.0014052925171334656
0.1323766316576381,1.6453322836835729,32.273591110670914,0.593170755570562,364.45661218394906,0.0014251317950282555
0.11600424435390733,1.0126041251555868,27.294948739056334,1.616194009332051,759.0936548130946,0.0013786346395119494
0.19241336072480947,0.554031198678219,35.410352582974696,1.1932298114901023,209.76530446878598,0.0014051221213203387
0.09824721306447427,1.836414787942482,24.640292677890073,1.2059943579479349,273.4347762721546,0.0014024554623078658
0.12370771292382579,0.3026767137530353,43.641389859715446,0.6994370495763911,630.812595374411,0.0014806278329111025
0.1106978942360212,0.9218930444319767,24.87911556363199,2.8403515872351766,542.9341672777357,0.001497540933265321
0.39164337818059114,0.02867542134079453,46.1518577651337,0.45496314640514146,486.8826009304266,0.001494174279259242
0.11719445660772246,1.9257791529133492,27.701954401988033,2.0573015278245217,556.3280343148842,0.0013870188544363123
0.04312137013001992,1.992220507594736,33.06990179253823,0.622147013257994,372.82667011200476,0.0014914466181139908
0.028364916118496356,1.855392914787481,34.743749122350295,0.38069735614968964,978.0238505328879,0.001422453677286675
0.06929732139639747,1.1495576007269854,33.939545663465424,0.849548733501907,623.2972606688169,0.0014462794553342707
0.09340290602457559,0.4657667704137274,38.45833494964215,0.3902949258879433,1133.647743619317,0.001478060498494301
0.14198589686146876,1.1884708115128035,32.00122177566855,0.32792869676333086,223.3089508042328,0.0013975497246072697
0.22342295554572303,1.6275109097308122,34.5562266509563,0.4066544707410023,447.24058060580387,0.001390084874955616
0.286671647586246,0.1692357623016874,36.459444928173134,0.3766027477435884,651.680173998536,0.0014079378563784943
0.3110781742942964,1.337086738325855,27.923719451592216,2.8756423464467598,434.49844485719393,0.0014799507931234812
0.24212990581877755,0.2299692166116281,34.33417479207831,0.7036889386881495,914.8086784832278,0.0015038367727117107
0.1346952658239348,0.2647095831882765,42.26337523432741,0.8483963976978631,597.4962453976544,0.0014317726965741523
0.20025918915671317,0.2916758146496809,41.88484813601857,0.9057472895182359,1759.183421187489,0.0014663063058313272
0.10948502200187973,1.2815033655624675,30.08559974714086,1.2723743935272722,194.7427783210318,0.0014211779042535297
0.09752710831744592,1.6296968208627094,29.783365826417988,0.7046585448700786,609.1999380741499,0.001532717134121287
0.31769832010934573,0.10302957907923062,39.248996224050885,1.394166501010587,371.18932860698067,0.0015090294885320658
0.24529689968216067,1.7277941847360085,26.375191482555152,1.9039504134180918,168.02496565231903,0.0014428705071564993
0.18557301838147447,1.7495414868466317,23.417593960482076,2.387784247381622,204.01114315732318,0.0014041938544746733
0.13626271365551018,1.5452633132955562,30.223483884257178,1.5015756071213082,425.4973176609124,0.0014642410903482066
0.14201141828705707,0.9260094604298609,31.201436412979593,1.7404884714852937,681.3271021697589,0.001440121134805085
0.1367521039912412,0.46613210605896416,37.35087456243696,1.0794144342382441,595.2597543140878,0.0014456109059715005
0.19759148219528724,0.905227630139183,29.35614049888349,1.6232295053730459,444.92994752927734,0.001500325009976277
0.23123232103776886,1.038007446734865,31.80817065175694,0.8125916091895266,1282.5201848350187,0.0014497159918291677
0.27593070909603284,0.21371269386247446,34.936994399391565,0.9288956519189288,357.02849213745094,0.0014562390264010745
0.10789767415274225,1.2753857242057098,30.13102249822493,0.7502803331329283,913.1621507290507,0.001418621509284177
0.18718852020990864,0.725559822704291,28.97677449630013,0.8934485519780768,132.9218786356282,0.001374714320547347
0.15800076552076406,0.5609585818745992,36.21841655446772,0.9772979388817056,86.81410890883164,0.0014640109844809087
0.22072196798887672,0.628959266298603,28.92585193332273,2.1943839542649064,320.16102594059953,0.0015176319557342916
0.08294303927525168,0.5063529322360921,44.492427330955834,1.3161189049861788,335.98765134536035,0.0014228386015224864
0.09669457151828298,0.4355802721513302,44.236510527793286,1.0867610108155914,331.819360886172,0.0014026870959399757
0.33303166002506984,1.2739859280610553,28.388214946711454,1.833524274908475,464.8228577146154,0.001511346225600576
0.3450201942707803,0.9664938637847923,31.540775096268337,1.123885741445437,723.6329230317832,0.0015131233643721448
0.24188122586495295,1.3659684548461706,28.828628990784228,0.9345615511226772,301.2689826554484,0.0014597173049994236
0.10150971345872753,0.5297810136833145,36.95744600482908,2.786920713970932,388.36172956362816,0.0013056531893253385
0.09688897972270273,0.9407411766058554,32.63397667533386,2.337889575507004,389.4776055548611,0.0013319416321284216
0.08231874249715407,0.5765201375064584,30.68181602917181,2.484300297631469,1586.8121790862242,0.0014055261993118477
0.26526885156351043,1.0386990779964003,31.503892149598595,1.3344549969336166,148.80601290593557,0.0014722226109698943
0.3148336828851548,1.1013844656135838,33.14689510973308,1.5445861616686871,211.05148620205324,0.0014497297392953423
0.3639844829732211,0.3224204242375236,28.35876670499024,1.5465265743005634,871.4938687261749,0.001323434260331034
0.35940802361933805,0.4174378421207163,33.78083549882602,2.152415610523633,966.3384208537345,0.001319715873366328
0.24186680477207653,0.21463097139701603,40.1172422064884,1.1661088483377404,785.6989051914952,0.001313440843854791
0.08314550811740717,0.9584664276097188,30.90437615776934,0.9545823524535558,392.7989309102137,0.0014473809762914362
0.20278792376626165,0.4983158914559851,33.41764568215939,0.8770540781803181,149.8422402667218,0.0013257911880542388
0.28412492644601994,0.44799479217407756,29.837825560654576,2.243306354914517,476.45376361708077,0.0012949784311232764
0.18508734649234274,0.5057419855339356,35.288122755405176,0.5632449933192504,773.0908525848305,0.0012823493252407784
0.2432473047101423,0.8025184715121355,28.24009655385674,2.201724146598106,392.6384040698518,0.0013328110942894447
0.29853242759827947,0.2520890627184977,36.4391378161679,1.3691364715341663,834.8513773960196,0.001296782731143991
0.03941501092225239,1.4725702621176435,38.64883636438642,0.6009571928051827,194.33866340442523,0.0013981031626617865
0.09661411471763116,0.6673011128574723,32.79213054797211,1.663386615284958,72.73983060270604,0.0013595212514327664
0.1544829594777942,0.7629273102220386,32.03719984204514,0.5995067955295509,96.93921314927775,0.0014876956322024226
0.1339441285669139,0.8194701169505703,29.595777584529483,0.8513668755975421,148.3531597841589,0.0014925446633163046
0.17139448484317926,0.5707146014130289,31.251638071282322,1.7662617087748422,557.8752376775369,0.0014301820372005663
0.07995126465462941,0.9017057123544534,34.949559569835316,0.8144689434433847,345.0411434586108,0.0014484472114904548
0.06692711755868165,0.5864044234238737,37.005483447097966,1.2379230612906709,274.86934723594663,0.001356109294967618
0.11257750576099271,0.6970474626724898,33.86682774812292,0.6526747022702133,1330.730823457402,0.0014152277540063621
0.055207310256743664,1.494671410174067,32.788347672414076,1.7867420666438887,295.05987720764455,0.0016059441199607724
0.06059119747158497,1.5316942126022621,33.972052466052055,1.581583623606871,291.3746258374907,0.0015903937990646316
0.11001187019731647,0.5897203295001289,29.55147719735292,1.9782249100843585,271.8286888023201,0.0014620659844356756
0.10605079223278087,1.0732493262721574,35.60640556499554,0.6336981776295811,289.27789832998707,0.0015561443140500763
0.15497570231411573,0.5790538559354688,34.682157212654225,0.6537836696321934,965.0829002599042,0.0014365773282811595
0.08415544947680288,0.7036208705829872,33.750017499694174,1.5861310546680814,166.3501142644854,0.001346682168230518
0.10052913518498471,0.8119283356905552,32.20535416398684,2.148997429662952,164.71017067068183,0.001359367893597199
0.06438505719171231,1.0934535889089962,33.29215734953204,0.9159571941401594,1204.476161247074,0.0014120803636603358
0.08551215100438164,0.9595541831159018,32.854589008876864,1.2168565504003936,427.06613174489854,0.0014070222349106833
0.1364787427883031,1.1332860162392593,34.18910175137667,2.6543834317649573,820.1823547772766,0.001460874393389118
0.11200144558459432,0.8071107935765167,30.205498923646694,1.517222192933801,646.3012494565799,0.0014962631514207477
0.06992232856922911,0.4804756284543991,43.68991842600356,1.1372251744239446,585.4706162078515,0.001539441201354293
0.07136892305178764,1.1564729268721397,26.407773860936608,2.1496300948955085,396.7354275062294,0.0013100440398659268
0.08108960977567084,0.9851330522390456,40.10439337897848,1.7008197492997983,200.29951541023684,0.0013620880804376839
0.35100240927299975,0.2614785122205286,36.48047034756987,1.249470894954285,77.82038073735454,0.001437409053045731
0.3366186936697153,0.021994159693985445,37.52907329717168,1.8541317372095787,29.271565207349447,0.0014955730013617857
0.09065034572062049,1.8578604671227004,34.9770389161658,0.823895030368354,450.1467382377981,0.001395709545310681
0.11639526141187115,1.2060616453530846,25.69709166604824,2.939048017134509,597.8488498356232,0.001330150121374731
0.28851903741196855,0.6925965048085929,34.789384345911266,0.33063426719770506,539.7075392022887,0.0012932631175975296
0.10935351786944028,1.0786447890101698,34.08485050563609,0.5643275038244259,358.9476110388168,0.001551801680262079
0.2870809482914878,0.3791507662664525,37.05908698766576,0.956451578491336,630.7614320151872,0.0013767991375419836
0.12359563287532388,0.5624824296771764,28.192751975160334,1.6647980755647522,130.8274483023916,0.0012005193334978807
0.25768779445965806,1.3349614941073615,31.268802690178088,1.000902173632131,1365.557674376687,0.0014419914956211378
0.1797062620144398,0.5844357308225936,36.781652362521314,2.4243804553714003,213.9480163227264,0.0015292184756800563
0.05840382862192007,1.6488409003548576,36.161057868342425,0.6964527159074586,1020.5651232413453,0.001564537853207009
0.3281383970439829,1.5808223145327016,33.44540736234926,0.31771775103991007,277.1945409430446,0.00140631573201135
0.11639413123020313,0.3959923326787829,39.45465196743756,0.17645463015044244,931.0451056317451,0.0013923753606022308
0.13592933015443096,0.3661437246041992,40.16307672605628,0.33301297227958865,874.9547898878292,0.0015045250114768388
0.10082600634825738,0.9185154638689009,30.58995192901718,0.6044799775311119,384.62187477657795,0.00143679000506413
0.26210713387052886,0.28242499097406093,31.23946801558145,0.9383050022520156,755.5131067742242,0.0013691666271543233
0.10931724588794958,1.6233885380725128,29.26504876246032,2.277846420008502,172.47158769113912,0.0013824133238558856
0.14719313480452378,0.35787139338296586,33.48656973402673,1.1348340618473818,973.4103794593159,0.0014309520058558007
0.3220351898784678,1.2747457037254415,30.308776085005874,1.6105878186550773,390.2535896665528,0.0014579377631409956
0.14386208636438455,1.1013867484303652,28.935640488296265,2.201164685487172,337.27190271001945,0.0014644422233617178
0.19788224361405796,1.2048691865107688,32.91214347537607,0.6196880176553926,432.08269694099204,0.0013291581248296102
0.10973626263535213,0.7409585147474406,38.918404778737035,0.11130161661036658,210.67008644540925,0.001434509198629275
0.10995489841804731,1.4987260221952403,32.55567367667463,0.037456203391079745,775.6889617922977,0.0014696104480234709
0.17132848147513186,0.5377772761227476,37.44945508397122,1.307637219462163,469.04389018473887,0.001417542851031288
0.23429950242171035,1.5155599267681021,32.326454849146174,0.5804515681846849,204.7001905546804,0.0013509093479143943
0.20573859436295622,0.7630726642805142,31.897541925875263,0.7162144803693757,287.0255748881448,0.0013625868029736037
0.17144568221478723,1.2349194436581996,28.684801027690103,1.1607730189468644,345.83741838456785,0.0013347562864203474
0.32101943438423824,1.5862834100326346,32.089797374230216,0.8036209103447608,673.1835349416467,0.001401736740294836
0.21344837055391702,1.0802762568784001,34.98513461617894,2.430016541359508,367.25664167307485,0.0015144202714846902
0.17243865032130962,0.40554286432375314,35.60291114948948,0.6837457437306511,382.8053768348558,0.001286886392983996
0.1547172671639272,0.8349049373838118,34.48157240913665,0.7639047822548816,689.3049110942317,0.0015171879086707404
0.21626631833614438,1.6619168296748916,34.73474266360198,2.5919224165802737,881.1286510521034,0.0015707741770738793
0.22070151777169236,1.900238007197391,33.40400895626336,0.11828672892830648,298.93216770637844,0.0012770554696251246
0.13464855307962234,0.49184805455711117,32.8040374322091,0.13177372649407348,439.0774810666448,0.0015190889673324926
0.14745949231425337,0.813148065349492,33.67064410041293,0.04762676316418326,214.47399903909056,0.0014082516494620292
0.18500434627062173,0.7188837679977442,34.53018363303294,0.010911378849012502,1303.9060420942797,0.0015292604397552452
0.2167779090517783,0.639097068536169,36.273461354578494,0.11431784248384838,100.47801161622651,0.0015236988550918172
0.24544914904154366,0.5962624539184486,36.12559447045793,0.17395231485140766,121.08786498155483,0.0015807587200912002
0.32753469321187645,0.3799094210745827,38.23963578231099,0.21017985717976065,95.59249755843409,0.0014975841365974672
0.2961788061699606,0.5072619766342309,37.547215793116045,0.20491115102133942,83.8448441731666,0.0014777040051050774
0.3505183306471112,0.21150684614722248,41.75926751970781,0.18603491529944854,107.2762752149875,0.0014979656719366716
0.12270344371911411,1.5694629349459863,26.55156745845918,1.0615617510708448,421.2446365503021,0.001430937447301025
0.1093587565953832,1.7036314878823402,39.29987129584635,0.3492835023820644,429.58248474172495,0.001394050894317013
0.1628187331117681,0.5452071829357025,28.67378380277199,0.7448303552423164,975.2953473691061,0.001362826131650356
0.14746329719175175,0.6845925891516793,30.357238220399037,0.8154160804457636,621.6802347399197,0.0013519125297473847
0.21985407465582452,0.9012940275712042,33.6007887773971,0.5261139433215445,223.8901692559905,0.0013840675829158056
0.24185335008347605,0.5807072021228995,30.14008856462233,0.2910099107328684,416.04928471081286,0.0013162032122515954
0.21603654586203339,0.6209217052939006,28.9168590903114,0.38367069042701074,778.2760921247678,0.0013080794506022848
0.23370522625764525,0.9336075034006788,30.91742739284686,0.3688793709682391,727.1657755308075,0.0012614223927502949
0.24282837608693975,0.9461863017087716,33.385800086707235,0.557449058077376,744.0022073298651,0.0012542323111758799
0.32683451804370567,1.3560135656014243,39.15760902671912,0.2762070921502441,887.9751677292161,0.0013065589885352192
0.311911233066824,0.7962439845554119,28.6907864562376,0.6642487728573363,411.4726171249136,0.0014288187260915808
0.26939188580618667,0.2658404006092028,36.46614873681316,1.090713371128088,619.9054260922913,0.0014193827757781182
0.30689354850286815,0.22269202490236742,35.81565465778881,1.6790133487606267,397.2062461892923,0.0013872393387441514
0.12035346860738674,0.8668721256249308,35.528672014385904,0.9087211797636061,100.7240538493332,0.0013327839776828526
0.20191475305934375,1.5135479321956458,25.80562226908417,1.437121365086849,92.50305602195523,0.0012899074812608973
0.06493661388183909,0.689952363461639,41.81131762073745,0.8820138032281035,66.37236905435476,0.001429342910320963
0.2600002462916531,0.5857103429457505,34.8657235050021,1.823017819656303,884.3538828391312,0.001473479045601538
0.2227248016746561,0.23677571674392472,34.95783158123712,1.3301760855207,595.5641027771551,0.0014215858726127223
0.2611196047253051,0.8920329504903453,32.51689669954865,0.758487672379087,75.66608778486712,0.0014860658359532892
0.24860010697486398,0.6311944077164017,30.60181379242236,1.0079233037548914,38.08356579545989,0.001399994256592603
0.27156321128641,0.6913957938025377,29.8354021420685,0.9477147287934048,76.94853037204626,0.0014330224067645983
0.14779769610701232,0.947887181769046,31.628229720499704,1.8696006194655121,235.9954146777414,0.0015435623714337987
0.16388877186667106,1.1062158363859456,38.61903096233708,1.2153696223386137,190.21947711267396,0.0015633257069435098
0.16897033911471065,0.8640489427960747,31.135915108096643,1.336712622717781,159.85255410615406,0.001563459940081469
0.22981472140651935,0.6109607430217515,30.97720249932332,1.3850451981903031,346.87072914837455,0.001346225647108646
0.15907466417001587,0.7965147318881974,31.5991571690221,1.7789286159147826,899.4432436359625,0.0013956681333445824
0.25170417823240376,1.3678614241413056,26.03499100081457,0.4189358275171869,520.8014273563158,0.001341789919454709
0.12476451361531488,1.6513202811946008,38.40874859681724,0.577914995201839,1128.5793590433836,0.0013665779865553007
0.09695585081975328,0.4607565197945927,30.53055361380262,0.8272669708120458,386.1596548342123,0.001275258747691852
0.12032594115248521,1.56358742348576,31.973558347379157,0.7614389831687023,988.4467943652661,0.0012546758703434325
0.09274391293959502,1.2627897022152283,28.888417437111567,0.2728193296322429,556.1220449305758,0.0012674299537550919
0.128000108781119,1.093868428221264,36.262612352961995,0.18497855744392044,507.42483022762605,0.0013169675163096535
0.2132062816715945,0.4892455802840555,29.27360847973785,1.773718191093145,659.6256632396496,0.001537308317968128
0.3272664706009721,0.7332473314598859,28.283426064939263,2.6360049387036986,366.8577729915787,0.0015666867103126347
0.2552178010876811,0.46998918485065005,29.90980016889359,1.6387042608651228,396.2906831924274,0.0016061551857703663
0.21033373412827433,1.3751037533810193,29.636883621016903,3.041320176874424,454.2446283318005,0.0016180361766531637
0.2111308731269699,1.372221767386785,29.482531030966555,2.2233412668944643,484.64810103965897,0.0016154087617278707
0.24762576576451692,0.23329575847042458,35.17473708397239,0.28804375619489886,304.27371742667617,0.0012604406077329124
0.27883556295936357,0.5100607648571385,28.678389082610433,0.5234317544391854,408.44695845586216,0.0013895132338496616
0.3015979522263371,0.8046999878242634,31.491303596079455,0.34757586771890964,783.9315354232006,0.0013819592744247569
0.27337991435097303,0.3764214184979392,36.98354448062882,0.38714681701680476,594.2194054768058,0.0013685215311771564
0.08092639436876871,1.4059386626492552,31.522039674734355,0.7394558898852354,501.47857750967216,0.0014519968852315232
0.20635566294903032,0.5127733398224745,36.75212098001742,0.2944517818701694,584.0019268108082,0.0015233996343709698
0.21307174835773926,0.2974869893158911,38.575795097021654,0.5020059271077277,553.5616029741985,0.0014644870513606826
0.12534120679655017,0.7416997019388227,38.00940058590052,2.430946467577216,511.27160674494456,0.001688350429800275
0.18031619682000544,0.5192138579929607,29.35470254562485,0.99373915456114,705.0876728897937,0.0015703258632896286
0.19081801704567314,0.5094366622565462,29.48969982474448,0.8606601714145391,541.6386433000258,0.0015488992136017256
0.23716778937642277,0.6424884502176889,35.03239903662019,0.7731830499452271,798.3317633166602,0.0015415295410362447
0.21080022391483091,1.2969212124703058,27.948609180349195,1.4603228463887494,279.51658916833725,0.0013713475487208391
0.18016070091648145,0.24150139051735547,45.995507332951696,1.1093437403952322,532.5940530400798,0.0014597420757171526
0.09480646715219153,0.7634496944869448,27.18889292783804,3.242721033695445,396.5184008174864,0.001502777807500246
0.09994429158425333,1.2565567460615212,39.268159343511776,0.6281235450072558,132.88563986057642,0.001581332962231649
0.10620333044797171,0.7835570882889764,28.184568827502655,1.010991088806755,293.92924626352897,0.0015832495764946232
0.2778753999329514,0.3593412801753076,32.83738629500223,0.549051114469521,876.2600422401115,0.0015267016287868992
0.2565496816840561,1.1906280654268104,33.66640719281808,0.5680382137819482,379.89227790752915,0.0014299143294877366
0.12147798291354678,0.8736439785378568,30.437493657701907,1.107816736943454,300.24888399052514,0.001453135084888203
0.15846389257131188,0.2519544327361226,38.77022071000448,1.790616697318048,1003.1021778453965,0.0013488584363136112
0.20319160734249603,1.3217897692790446,26.470387744837108,1.203427618025084,339.3748355995166,0.0013777258054231889
0.16199528580736192,0.8405765932300416,36.11040511607359,0.5584788394194056,456.58212929380676,0.001368250824216614
0.2259331211487029,1.1908738417197873,32.2383837358334,1.1493497644858424,791.8417593436229,0.0012435682764434435
0.18457123838291703,0.33235379609441207,42.291284093217904,1.5800738542123351,132.38186807021884,0.0015211652166850905
0.24144967949190488,0.2894505747135113,37.92795086277749,1.7206401119957655,1104.440471364446,0.0015285030683637392
0.2492159653007033,0.6463989504459011,30.597604443383165,0.6372495596593364,342.76600611200206,0.0015719759581885743
0.2513733419978768,0.5570160252810489,33.20572773328494,0.6387789773441096,392.8845080823549,0.0015732276831562076
0.23671778278625732,1.1917901358256746,25.96024596627253,1.1211304575690735,160.4486699153278,0.001599797077610879
0.18522274975886172,0.2873263300667008,35.9909173542826,1.608773465183288,172.49900889169697,0.0013320275743659272
0.22265258853542982,0.8122864858501818,29.44256720164681,0.7835861362022325,18.62741339420235,0.0014791267925469676
0.07840109217886246,1.8743090844286705,32.60836127269232,2.0085297264032422,50.86515260964278,0.0013898802393401276
0.04411817457871253,1.9104659150985512,30.772519422580046,2.258725481037047,17.643228061498075,0.0013441246548094817
0.07657724180995377,0.8963033566466739,32.03074373456576,0.2591460480968192,198.659272494178,0.0013355911211265243
0.07370597865115378,1.0188089710730432,29.639390076420444,0.3590905237547068,1087.5304280483952,0.0014657602972586621
0.08116567854720452,0.7306343188362033,35.73248769786121,0.41703984764812724,648.8607925273739,0.001453413525913958
0.11717657334522566,0.8630947554525091,31.95165169785477,1.5981439074410606,311.9182093458666,0.001524458179601914
0.30877874728093385,0.2041427907541944,49.900944320255206,1.4852444231998263,886.4801636479025,0.0014800795724073572
0.24201154605775763,0.2009927418399256,35.287921839048124,2.586864498519005,148.37179553200573,0.001476867600190451
0.1810598551402891,0.4642186772138349,32.066936951430954,0.6484600992558488,1187.9868859042979,0.0013921383049934817
0.3748046058317769,0.7107933868944043,33.87156670736529,0.07215422866851572,123.41730076479959,0.0015329952971798837
0.21121874532038776,0.815991106664401,33.056796921209035,0.0778925546456234,143.83188102942088,0.0015302164563350158
0.1842209260480492,0.30855535407625784,35.54951874520094,1.1394685156410123,622.34481822536,0.0015448198595284443
0.14360556982217304,0.757348780478455,34.29713597605675,1.0850391832454125,1407.3204025468044,0.0015300675798953034
0.16258656780189137,0.36098774934595707,34.65048086915754,1.5468916877176226,608.5750742971603,0.0015405068847045033
0.17683169405941987,0.5370972027473443,37.836750955642124,1.9776572561759813,984.610694612333,0.0014484113762492086
0.15687021519937802,0.3289890382618886,35.968069373960674,1.7510322762911954,432.8725059655583,0.001433494966248845
0.20676571630717727,0.7060108590956391,28.76388652591979,1.3938103000287159,375.5008203308537,0.0013548215153446259
0.1255343030111773,0.4362125356492163,33.06528587674918,1.3564454401413106,912.3004336190443,0.0013998316395134626
0.17663489876749372,1.317332990734682,33.934372509451734,0.5118751525191717,829.6720561668253,0.001547367724109649
0.08673387832264964,1.101060654621702,27.93367113775943,0.6285693774397421,579.8362162132256,0.0014674985065801624
0.10967607280974855,1.1113363649650243,35.24106874117182,0.8911708876997192,325.6262059235527,0.0014802417249589399
0.19150267423560252,1.088009607780451,33.228811366292426,0.5406986774942041,490.8237668444819,0.0013522874429854111
0.10357092463915205,1.472611379942905,30.80283077845843,1.1673676109769384,687.7180405404746,0.001257565344257811
0.13772528462645187,0.8918735203876575,33.40914325112757,1.0264924153264376,782.9999187459925,0.0015914820374523895
0.17904074745268836,1.0749744868233924,32.12547987942928,1.2989395831346515,186.1661521703625,0.001255135894856068
0.18722350108517144,1.150275873487168,32.22417475030621,1.298915482554285,238.03153829299242,0.0012522475043036144
0.10797498885283865,0.6145578673570332,29.882063955613873,0.8392769476638593,819.1949918832214,0.001356192909796002
0.26962736865890574,0.2443858507043023,42.04743058284334,0.651884779673674,305.1109362162807,0.0012129723051356933
0.1879988367820507,0.21060931013333958,34.90377201715327,1.1369848929253379,813.7495154880332,0.0013085402210290323
0.1718390007640859,1.258106341237973,29.80310259421894,1.5304329071230116,201.31289366170134,0.001360370258127143
0.1825645432862153,1.1138685814164857,31.479319140862152,0.8263853045336543,162.80207583409282,0.0013874877967549378
0.08088409435527362,1.3866116876350105,32.493503091993496,1.1006452993590716,508.7331554454541,0.0015102825115550157
0.12485978060482593,0.5416784870108331,34.664157379759075,1.1597934580284308,625.6819808264795,0.001388798982827254
0.1715807582028041,0.6926738798116641,28.955594147617433,2.220187716049709,663.4383892819063,0.0013900710268524102
0.2935290169572292,0.3535278589787189,32.694062523216566,1.1953637281444318,271.44769262749634,0.0013899979527376488
0.15643686029904563,0.5717346835785286,33.40961152477541,1.121919289651449,672.0112818335384,0.0015238200887142358
0.20446568944962978,0.5643760331919643,33.32356575259132,1.2419605073612665,571.6564607149995,0.0014366934458667836
0.23781072860979455,0.38493706147104173,33.36336061705743,1.2002560861963432,749.8111447765503,0.00144091778136297
0.30168685342234647,0.1874876138609991,42.97105489125828,1.533247149926469,1025.084914518985,0.0013234935380102345
0.2761301578725959,0.05519465828999309,43.69615244993625,1.9677619042688417,322.651556599684,0.0013899003159245742
0.18433887079878727,0.40052701838420834,31.043345866778782,1.1484903974642064,1078.1725217016572,0.0013057682784658427
0.28440884953032874,0.8795508490307034,32.63137484861042,1.0124894821842865,523.2344940192085,0.001421596090388218
0.1740734185647906,0.18701281646839413,37.19552555564553,2.3118955283932197,604.2617329207685,0.0015025764407384395
0.20587533068833128,0.7495379499633362,35.059044021486045,0.5058750227433725,190.19633262483958,0.001340522170782313
0.2625751981676948,0.43464697620613924,29.96534842963092,0.4964760506920214,355.0298406319161,0.0013019534921534849
0.2640606183257511,0.45804599233422233,36.324185445990175,0.43105822677246836,252.32491951928105,0.001299171638594724
0.22225533860529612,1.1712299976087301,29.492851671693927,1.0570236316061916,337.2302854576468,0.001224731159756173
0.23432172979322158,0.5341503442304578,34.278094239781325,1.2663137967363085,867.23792427747,0.001349577952035609
0.25543571411665206,0.5329242545747429,30.560436365850325,0.2167522046769688,836.6053440186143,0.0014339214001549095
0.19744292489252935,0.9660631186464511,35.41190180334763,0.598880962300478,515.1047396796862,0.0014758002625625038
0.1531578113852607,0.6649621034868081,27.718268784116706,1.6283775794759305,449.4915132134373,0.001536815270295044
0.3122389358025832,0.4084857370397928,31.99603119840923,1.1207436548909242,727.1477098261917,0.00140081639976505
0.1562862369967155,0.5210931277198629,34.1830788047081,1.4513181455775797,1089.3598866871573,0.001427760217917963
0.19571678751630103,1.0625566911654614,29.84707826986214,0.6752915896450165,846.7087204744635,0.0014885840276459424
0.19248018188302427,0.738301986414388,36.8277601683653,0.8180851745810632,270.2951986646224,0.0014717596451720195
0.12047987229439729,0.5111212880933038,37.43869317707932,0.9138795970560954,873.495391763118,0.0014509186429644645
0.17807309205724972,0.7488740205247371,27.930861421176324,1.9585838811791103,337.48341154974923,0.0013823940564560544
0.1775663038826703,0.2539603603215987,37.67789846762103,1.8745100633023304,434.66563955391166,0.0014178397518694599
0.3163062563954711,0.3092206875958234,33.92824683846771,1.2120915508641084,165.14565176565807,0.0013254451128559463
0.07286593982513402,0.41107342242637523,39.061466192271915,1.2799325378338944,440.04674967892225,0.0014130144491676317
0.41040661595491107,1.27348479515534,27.2803795954886,1.7042017924403419,82.39213616928866,0.0012704037973438145
0.10526930715671752,0.8068564314590233,36.61324468740903,1.586371984378747,225.68308065847,0.0014108190229927312
0.11030983755608118,0.5751713782987412,37.76806499485548,2.387218413685022,401.0707121779973,0.0013067973230284156
0.1025245677266558,1.6405407050611795,29.725616756479056,0.9268012724608428,290.09029590838156,0.0015453013245469375
0.3295938162411108,0.26782971571403075,39.535756463771534,1.5155879788691702,778.2359977502467,0.0015162273449797479
0.14634406377889822,1.7979854708765115,31.85973764150321,1.2963863769628405,302.6181288240855,0.0014322187755629796
0.14952894305677217,1.9953458526395704,29.29714397527693,1.2010142257951175,151.20399605049175,0.001394552486141638
0.20827924724900326,1.9987697031124294,30.364783868919154,1.0958069586287966,775.3931707618787,0.0012896166054790694
0.1632766504028735,1.555317250629567,29.87282797473351,0.6099425509557703,648.3859782955045,0.0012774321192385385
0.2093997584068085,1.1174961936365595,30.2888672572243,2.3383446090658686,143.07025674426004,0.0014058302054629022
0.1898012144515303,0.95191893923232,34.67789813125286,2.0051870612288427,267.2291188574105,0.0013913082244143954
0.33926986875187365,0.47995214641370826,33.05422665093809,0.42730574944320104,466.9718800284506,0.0012333981817820065
0.2980037065420342,1.3799317572086247,28.512241396584287,0.8385786490050862,91.86252000236698,0.0013392495137903937
0.20322216636795618,0.40272057267673883,37.78384626687947,0.4281564761651301,654.3992204983471,0.0012658355615715617
0.19320986136218188,0.3606173298937635,36.50530260453078,0.46239935972310786,488.55820497122596,0.0012861948161823826
0.19818154168380336,1.1425253481553344,30.704517415083345,1.2526375121565838,747.8411494179198,0.0014163720975310912
0.1911310294301531,1.0968795584427558,31.00200533502567,1.4021665138103816,741.4988566830302,0.00141792886485233
0.17932870477856475,0.35453316987639705,38.06119608983083,0.7771717836711288,307.4952095690254,0.0014683063632959618
0.19810161185536906,1.2445282570469438,30.16741639265912,0.15092973535664522,318.8694676033316,0.0014286832351803978
0.1806247798167974,0.8247441369671841,33.19390448834449,0.19817884053214252,242.15747341211406,0.001428797459420076
0.21011039346022586,1.132521932929967,32.85194460184615,0.18367293128224949,305.2337135759947,0.0014461947210480499
0.2245537320316902,0.29915254396472535,32.22017032106541,0.19169166008723024,493.36323515488914,0.001425440152970102
0.13738828522554075,1.8852825576026189,31.11275151848555,0.3533824064545511,481.87977040155874,0.0012991793640817024
0.17011161378807155,1.2147777206864447,35.308797517144896,1.1894317159832732,627.2270725530557,0.0014792503238106338
0.17388982604185346,0.7541974785517803,39.3149459922727,1.078837680583268,479.62877238842697,0.001462169958201804
0.3155043276063122,0.016455542082632127,32.291352585178004,1.7510193309467101,597.2083755578717,0.0013371479529487868
0.26674573561499854,0.014487716947634097,23.203701773564266,1.6008833418157526,223.32854062155747,0.0013361949571372347
0.20406952086070979,0.024763781944526025,40.08422790298134,0.9697046123580858,124.46075031861876,0.001395051493433564
0.24163150575755568,0.049484705846383974,42.53903320233117,1.1240382674043399,185.67726722570552,0.0014092383825192207
0.15215101593706942,0.01247192219442292,28.142303860144466,1.0678837571642066,200.29307298586843,0.0013316303580046386
0.12083057088974142,0.02007213571910485,26.934408633816837,0.7064259178200093,72.96299048524483,0.0013475360276252405
0.15969138969600644,0.020801538627850665,28.47169345768362,0.8864193835382166,86.26017355825972,0.0013588194829846504
0.10826406201105336,0.0154014336746231,38.416246640909435,1.1260543274594301,197.09572066142897,0.0015311093534733599
0.04727346628802673,0.014143216357664799,53.34100089003016,1.4826023683323424,72.3027683514189,0.0014095059877312873
0.03006356192708209,0.016729674051013388,55.89035510455108,1.9456690457310963,105.70369881229084,0.0014304141751303604
0.0644172579522775,0.031032500333174718,57.58066242906074,0.8858731384657407,1002.3713764182075,0.0015621477023059734
0.06088094530614636,0.019588539252432417,55.367862170739514,0.8474799491496767,633.8141319601748,0.0015304675912233576
0.22613919528270598,0.036993447007442615,38.20618225878637,1.9230000423078517,60.37550735621684,0.0011634003501920353
0.22338795420175955,0.028572569562803192,44.966649811935305,1.5878520385476504,67.87538665439041,0.001173899446277701
0.09726225105914875,0.01616319563141675,55.635919129147304,1.4347160888640973,1133.7098654671374,0.001273533560463263
0.250613624052183,0.015036311379382964,23.847007162427353,0.7084986151151329,122.14842038974226,0.0015043210233853192
0.06357105378075106,0.02074707050723579,8.714986320189112,0.5096979498454948,97.2209311365431,0.0012752656722690224
0.08169340612590231,0.020362104936126703,14.672838903272828,1.9178452144588685,233.2498319753062,0.0014783400190381615
0.11661465071780266,0.011108089121875796,13.577155471186913,0.782820672723708,1002.5884400084587,0.0014305427517502891
0.10437528557412162,0.018287090713766104,54.75864717341401,1.5612415779501476,304.7679200786755,0.001359564079675516
0.18685148296412088,0.037898633961853175,30.897037893362555,1.3080216293580962,929.8950607159422,0.0013599368967916574
0.20734861146152897,0.024548667787296852,59.53492305708059,1.1193333918582364,258.90011693795896,0.0015010862699057564
0.28424777256882466,1.305774105546923,28.40689774567051,0.8302565088966409,15.370281194005784,0.0013458036137897784
0.20025327996403933,0.3493177009989405,39.163459772328395,0.4263520131131391,84.64109207144844,0.001332486360406924
0.25624159227045634,0.7477916475206957,28.360937216520796,0.6342763970313539,172.56237165168542,0.0013373394868684751
0.24187616604803924,1.3292755431444516,33.43995637902603,0.8967492964203134,51.43399581733921,0.0017439943563278
0.24329481538318254,0.01634841912906317,47.85897241310233,0.19574227652133883,157.60333289324805,0.0016104417897628064
0.11137729114289169,0.014606497950552109,42.93038761710638,0.5887636096713761,300.94052300506604,0.0014631680979012994
0.39434218684081584,0.01694882530681485,34.53941299038804,1.6637909030175762,758.37607620664,0.0014611823710183331
0.21829074068321103,0.24310650602794198,47.4692102443651,1.1449795476973348,431.72550643149657,0.0014436794375783444
0.22303365717744442,0.20354892851764445,42.06151983236222,2.3406998621147035,498.961885381621,0.001397630229453709
0.25941924835337765,0.3122804255875398,35.68041846948764,0.812082928965054,396.95941592675626,0.0013032548905920916
0.24023713972333954,1.1546912878746913,28.476782129434902,0.730724326677454,632.8635247275057,0.0013357801778491646
0.2414567843210793,0.25136795136928947,42.92093591264717,0.1569448502649126,505.57170611964034,0.0014498610261605314
0.1853977465799465,0.5945616988387021,31.671264013446574,0.23763500015958675,166.69077510811033,0.0013637811229284373
0.15481589267749649,0.5764670662918152,34.965364418511335,0.899986265769223,167.15143653956156,0.0014635347641165817
0.19039498349712916,0.3566086393110733,34.90805434422999,0.8847579899767818,623.9516308824681,0.0013333497626846472
0.12630713056135998,0.5818895872509059,33.72066104382514,1.4490215246715974,522.7377903366257,0.0013085251220556978
0.1534835952974061,0.6444202858282159,28.847544401775366,1.5313564309051286,709.8306820073043,0.001372417968639224
0.19188789803216857,0.3645581869109042,36.54107718927875,1.4970976050658087,269.8534844809847,0.0013094876141242257
0.08028517330861418,1.8524535545079992,33.56218571573363,0.6791729336022321,917.6428721577932,0.0013235080512087843
0.3037958892154132,1.1129811749013419,33.452638153323115,0.32127879059631276,455.3438104555018,0.0012809193407066653
0.3112988138622951,0.6615970508209694,32.579409692265436,0.3633061285996267,860.7296506753413,0.0012804686160931783
0.1081526210454384,1.446362195262202,32.31167413375783,0.43635486243391225,252.4630708086305,0.0013752760234841195
0.11278838571953566,0.8734026242944629,31.722547977496063,2.245776401182837,112.3345071361682,0.0011878270965199784
0.23278707131408446,0.2752516268684994,38.92987304900691,0.5942473658125959,193.91261693846562,0.0015603933131999414
0.14324244565530445,0.2778946671071344,37.21538716797183,1.6757269985873688,349.0318184232256,0.001287819485082246
0.28671319808304896,1.272555590935048,29.926925512830874,0.7547373361836968,678.97169955177,0.0015522117521752682
0.2155313204721784,1.598123311847047,34.63796924539052,0.7251659769374255,592.5745821504851,0.0015761755201305003
0.2386481588887895,0.5173654623877133,26.96973350937845,1.3333325675350411,719.4995666455212,0.0014824117054114136
0.10794924779971006,1.5012929820852816,34.497552277614204,2.0331299144888684,324.14292217111006,0.0013549865297530848
0.10678920788064948,0.7924104134366559,27.85079352874523,2.0114002946242606,563.8882515322664,0.0013019456818812965
0.13931038994094827,1.5983774534579713,28.087119754494292,2.3947850082251496,433.3666657594439,0.001323495504918819
0.15041901080103343,1.542891749075163,32.39851337630584,0.9167468731823443,630.8535375151338,0.0014250281061935276
0.18668692970126777,1.512856474336496,34.48247547208828,0.5436560185228401,690.6929102117322,0.0013668962689198112
0.16555645043585743,1.2332990965733386,35.61042919872654,0.402306504055635,726.6617939740486,0.0013712796585561137
0.059878630582361994,1.8820995687341011,29.98811811445262,1.2896161621341367,232.31168202030415,0.0015008081177114046
0.04104355655577046,1.431582728918816,30.186744347699772,1.5322229236879719,244.12004293387062,0.001455034562330279
0.49347514757580996,0.134669257894461,38.67235623901939,1.102595562246216,514.2964090921816,0.001404910262426088
0.05842525372626758,0.022430566339462728,40.500453008560164,1.5300729985954782,379.4553852139397,0.0014929253425851215
0.36567517098588764,0.016203024896109322,22.077431941595155,1.0452351878025883,525.0730008415089,0.0014118125239624022
0.35694447629257087,0.013014617963069205,22.0817295349198,0.938703888918558,482.4233003184374,0.001417257121464168
0.052122106703256205,0.012753354083849448,36.33920240139514,1.5380687397796766,214.55347937907683,0.0014907788753427413
0.0678198450620459,0.0185433541161558,33.45592919481326,1.4915764784852261,283.53712420430725,0.0015722522693554192
0.09401147202468085,0.02069045020149799,31.36415957810883,1.9036648268804035,1114.702283435299,0.001499309647360119
0.15512835427344818,0.021063777072192695,33.47788247872839,0.4515398667594071,67.88638072648062,0.0014765268787939106
0.32592833230750645,0.12277048852131708,43.54425387095815,2.09712602769878,566.8596680710991,0.0012886347490397984
0.20098744150020745,0.4720124325436509,30.875083365716883,1.778549204341433,270.92897493886534,0.0013583426288573332
0.132717531490022,0.6698090213945924,34.91966211486347,0.21197881496196416,874.0093685501059,0.001423834642840476
0.25472120245636687,0.6309375318599846,31.601484501203025,0.25054294666887456,276.7501891772366,0.0013637275697635258
0.3238928489775029,0.7035606466040282,32.50990291850274,0.43014128293835413,305.694784603938,0.0013572494221841978
0.1086912048645456,0.7458251942532069,34.77570164535156,0.6594354020467263,202.0330143976291,0.0012729971847940103
0.27477475359393155,0.3474397977587189,30.376339166726762,1.8366172976180783,370.4048885520044,0.001441319269972712
0.15300040245702243,0.28144383962165553,40.14707029940788,1.3482525894742265,178.92243112355445,0.0015149900412700901
0.13883489607817256,1.25324930620832,37.943388361687376,0.6786185204672045,249.32201392466604,0.0015895972435989547
0.13227715409464705,0.6067689455765802,27.961968095763645,1.3703596831221339,468.7915039099334,0.0016704471598856054
0.09437439695640784,0.9441962272019726,27.136430450503294,1.2825406151840146,419.27931273298657,0.0014563429542657344
0.10962477572379634,1.0045762609173228,29.335064989983316,1.2764566581992673,428.0266833175562,0.0014517213584906519
0.20600560084384872,1.787426404506989,33.883167613390306,1.0047864843885794,418.67849815263867,0.0012923452122997122
0.20832686467664951,1.8185757534902454,33.36190379833474,1.0776406489156092,390.6412647870434,0.0012856901542489282
0.1908920472468308,1.8939653193025707,26.567124528796864,1.9857585656238141,414.2666376802095,0.0012800060043159519
0.27201466058303864,0.8366401077676763,31.602982530872566,1.4502595144241697,925.0007834888171,0.0012205604197964618
0.10451555425392543,0.8980582886259778,34.10466441400996,1.3155926435244754,239.52259729876312,0.0013840200916087
0.15219701570873764,0.6056262863829137,28.300207568675813,1.4755173671347153,396.1655069701237,0.001470932480341036
0.1993583317084222,1.160592672017256,36.88112453935269,1.6264930054974434,379.9838650654231,0.0016049323521630725
0.20860197149711382,0.5516873928112358,31.724694341787483,1.3434042222766895,165.94718964283354,0.0012818875254026621
0.11273338550404688,0.7430826155748134,31.72384127965456,2.311531951828069,762.7565421698746,0.0014992484730550247
0.09894230033117679,0.5862679092560907,32.105682008300775,2.0031643961806584,1083.297596503134,0.0014939447888135783
0.2065630354121789,1.351804692698386,28.879490039720988,0.497154865973896,153.78279119768465,0.0013256528532299093
0.1266304341225843,0.5263397656167106,39.46534279205279,0.36096345966604626,141.52302948168239,0.0015331918825709028
0.19783517615437016,0.30034564829048316,33.64177537509145,2.034007880182996,1196.8713874854948,0.0013836449056876124
0.10812654629225267,0.33704894686158277,44.03147676273874,1.413610781734367,446.8935932991136,0.0014058743237930337
0.16954835653677577,0.2729906894634011,46.439982529143876,2.2096616358854266,955.7789399515289,0.0013646742041473234
0.26051637573884473,1.044876502880213,27.799411001627856,0.6003660739896332,333.3494222817303,0.0013039442697038344
0.26716238933409414,0.17845497133964452,34.588696190005926,1.2331755410687704,841.7513445620019,0.0012958504262570933
0.07523254141160186,1.8770495465847936,36.04864664289472,0.27647921181107,271.77401435900833,0.0015938469979370731
0.18904908175940266,0.7960742232183775,30.57094168564454,1.2698897747810594,891.1729670572832,0.0015466715247913635
0.1630502617029217,0.5896448799350072,30.988578400044954,2.6834361100560735,227.20915997357952,0.0014278834690153513
0.1828227880332064,0.5931623378324983,38.59769143527418,3.073807433289065,396.26641388369467,0.0015257704978786067
0.21236935974701968,1.149217701361712,28.92683822306813,0.997698037015895,441.37465181152305,0.0015806220473691228
0.17301971222890494,0.33715732057941655,40.93216811233987,0.9640740597527852,1632.4680168784482,0.0015560597491662731
0.13550010533737492,0.4377079919604971,34.152866242695005,2.1244068704624848,484.8326901161933,0.0015615990241387462
0.18605237928226245,1.2855372816488706,29.520172948661962,1.1280103114370839,356.15268790442525,0.0014241925021794798
0.21503243988970616,0.4601133012666785,33.28996732499229,1.5847805643937247,544.390021989058,0.001433865537985923
0.21099924070048065,0.6079775993768183,29.281578299954123,1.43962813211327,424.1747518885005,0.0014240406877685128
0.19101816874237973,1.3529433273258267,31.35798334718207,0.8220666450870332,267.616842722221,0.0014334054576343217
0.151431050112684,0.2657523487519623,38.99861795357422,2.1359506077633976,103.22347039379757,0.0015726806841399028
0.2805919234166645,0.8988383808467643,28.537313224481423,0.6288601530736474,467.8501172179284,0.0013982503408110714
0.2969509489025708,1.5902521573895745,31.573097017508022,1.2193737582442419,698.3651083380889,0.0013998836795979567
0.29263075639539055,1.6306633516547449,29.271482233328662,1.0936744373988814,709.330017735017,0.0013844169131250665
0.4726293818941162,1.3686371288639478,33.818134308122005,0.5682159604515574,629.8196913152739,0.001432980021504057
0.1416846444655206,0.01620444178075848,32.66898134813375,1.9988729128423666,555.1430719724087,0.0013357616984887486
0.2866605916841592,0.021563994254547487,43.01545349883947,0.8271127693336467,548.1197423091754,0.0013971638203954576
0.13844035101951727,0.041278384711536685,45.200824766528726,0.7474429083271222,355.63019643537046,0.0014629609753679896
0.33477984024453206,0.02483938773689225,46.62612330720133,2.104530932574943,723.7221049156808,0.0014101841882955706
0.10770860152822898,1.2336931198483927,27.604649323981814,0.9215789457007094,189.14028925546558,0.0015908581743330054
0.1515400253575784,0.744744745115675,38.25178020303053,0.4868564428520592,309.2581809503211,0.0015425940966103458
0.23546505352446317,0.1804372792381449,39.73110681091082,2.4835848179969795,744.7051433957877,0.0015325619912117175
0.21275313593112638,1.4187004793282614,28.503706878287495,0.474068283446534,370.3472253233367,0.0012396015780040133
0.13452642816580554,1.4390901830886498,33.553962118728315,1.9805886437826934,271.02516266761916,0.0013935957989922537
0.1103822209667939,1.0102441308858434,28.064383628567725,1.15017927019632,265.8963488729715,0.001374710219992864
0.1301719398877731,0.4642722946707233,38.56803787357623,0.7640915132763709,261.16695995793725,0.0014232627839595472
0.13056928493570935,1.0325357164563527,37.07519934082447,0.5772549932051727,456.9747804825272,0.0014594089430968414
0.19366613446604802,1.549331875465424,25.354966681429456,2.6545747675435574,87.7745767022826,0.0013638657400233808
0.18864345258907608,1.567330551808926,24.894780789817638,2.693001117281695,82.13052631584983,0.001357253975356682
0.33643158030048165,0.22831288205894068,28.947080621002048,0.6456459823170556,246.8030561804976,0.0012392587670678416
0.2767222053701998,1.0173665282498485,31.044900169970408,0.663141235134296,532.9388442421114,0.0012704209325867773
0.142517403175228,1.543167538690334,26.20819933595495,1.901490832520706,350.599688070154,0.0014303411833667535
0.1251989031126716,0.4433237703749608,26.83900451606519,1.270506234702482,190.21958933129446,0.0013066125718665567
0.1519797921878578,1.0263730174899925,28.73156086280117,1.522820921209802,1205.1488601122533,0.0016397220291691193
0.14995184981645845,1.1527979284186165,30.777676405932638,1.8330083015199223,861.60913647662,0.0015927325679211959
0.15619629957113587,0.6968936324107889,30.63797539422393,0.6934578001572408,187.63810321131444,0.0013033740063728952
0.10040309132990279,0.6114569746621025,35.59189823213884,0.44273943765121054,851.6673753090337,0.0014545977933873159
0.1277299656475379,0.5734387273419712,36.28465740972968,0.7075689310430027,436.00224290110714,0.0014067468107257885
0.20936583514213605,0.6381545558993358,32.56924601216126,1.6517355037257704,675.7096948543165,0.0012496880945801535
0.305387959324785,0.6068624927674067,31.017049257282633,0.8199379361669472,202.32872941254755,0.0012569403856895038
0.17109684102626113,0.26126976645497124,34.76845522113135,1.3775909942848419,1081.0512353156066,0.0012572233651710575
0.32672558099122767,1.5269506360148901,27.248797770235797,2.1554285599304857,401.18160089270026,0.0015154238880055499
0.17466528216313187,0.23869891424131406,35.153422396813596,0.6889843495319362,653.5502900965713,0.0013041065190965713
0.18084810481838784,0.7552708808188339,30.3734502544147,0.6241506555534475,832.2769501529068,0.0012999942465580614
0.2615118421191017,0.9384374345244622,27.23717723390356,2.1045167008681127,319.39229848692446,0.0015482053751242533
0.12412409426263772,0.6559821677892995,31.129097228960443,0.3268951143800088,607.5870777966869,0.0013338662389142143
0.10755703481774856,1.35076966539826,32.89424028817987,2.037135866821773,505.4712409325995,0.0013621559387938327
0.07267605976932837,0.5567673607917242,33.55702243530718,0.7209253810527962,1021.6704190909556,0.0014145811452928635
0.1697942490862622,1.11140271357354,37.10501783371638,0.7782168043076825,523.59288502847,0.0013677450195266126
0.12233748838073709,0.32930120195143137,31.30731914200885,1.515673130453663,562.8244888561674,0.00142808250072967
0.21635426983296208,0.6798198619580162,37.10479038205245,1.775211789854844,501.43178215461194,0.0013456814371737155
0.2168358860934767,0.6593084291746555,37.45408659317016,1.6807172377237665,487.509871365931,0.001344302574506712
0.2362910783177004,0.5700000430966053,33.28621033480963,1.5609523999299808,452.34326651463596,0.0013536475461908542
0.17689905563542851,0.4848193478100532,32.77152280324759,1.4775371980167538,425.02650861293404,0.0013616725835894614
0.25862878052178756,0.23679530355674833,35.48164057205425,0.7613973417201017,808.539950520506,0.0013855027883221934
0.0646497757378434,1.9533296580404846,27.040861774116788,1.6884338045230798,506.15447722305464,0.0014016253035621954
0.09397510046992749,1.9971092724180282,35.05968205032297,0.8428665949997862,296.814300612417,0.0015825541215013028
0.13594701467133724,1.9834285901641886,28.431655252083356,0.7433697837582608,665.6169793536042,0.0015491205776904206
0.24446026718800917,1.996380374424145,32.15739573144204,1.032097451011646,420.01081183348043,0.0014952388965790368
0.25074912984496495,1.9962670058167113,26.586817971939706,1.260131243756067,231.51467364851047,0.0014580531671647204
0.14075996104266092,0.01990825519866449,41.318713390103284,1.2800548452271425,1084.4350822405804,0.0015446922394116375
0.05020579419865847,0.029302500287103576,24.36032660978782,1.6908418217932328,160.16328792409473,0.001338022253920951
0.04942873162747158,0.01268859947309761,29.344472701588796,0.9305268978956258,175.98173023585406,0.0012430583311590783
0.22070654438504336,0.013233787279413916,54.17647583440568,1.4074219352740038,1142.4004957337277,0.0015146147168038655
0.17956782380313704,1.9372473774605314,29.6604124852847,1.5271470958598599,44.51753281046746,0.0013589304502709186
0.12055566075170535,1.9415671334107543,35.562537302879015,0.8692569717399292,73.69710162646768,0.0014284253491855647
0.09714610192966443,1.986038833141138,31.18413745898123,0.9043784453980255,124.66229906709276,0.0013767831804820288
0.08969163078473198,1.9118244122605381,27.504918350243,1.1772853391302391,244.76041126728578,0.0013562651088405253
0.07132404380905104,1.9217256387469412,33.056632770532374,0.8019626799087953,858.7304813128274,0.0013513562980936437
0.3422713608359949,1.570759381127731,29.279063582395953,2.4284990883328663,269.4352627845907,0.0013759048187180442
0.32384032868062346,1.3012267173712853,29.571480756027253,1.3898765287821568,217.50616823180576,0.0014292465984294517
0.2760515953394382,0.3019352010901268,31.509712882914275,1.2702327834407243,334.18615267519226,0.0014439511811578996
0.24457950371294276,1.047136759393796,32.30152628662427,1.6379799019515227,22.822616702846297,0.0013359251953237597
0.24541494503228256,0.04139188755301827,38.53522097354818,2.1984341385101813,97.15846146668689,0.0014040967133169605
0.19650541875906036,0.016818357983790676,38.541287965031806,0.8033368510478778,595.694393619085,0.0015022272816381222
0.05535330760674406,0.02944437903652278,12.86008163583909,2.1309525285330397,500.37071899054615,0.0014150756269911311
0.05090723630621988,0.039489678112176727,11.789318217414252,1.9739169190573387,534.1153789286533,0.001434063177499968
0.08221481840426041,0.011428170713044916,13.083159496157663,1.6194138628669124,471.34742688302106,0.0015106988686288303
0.18542208121566484,0.011574551463239286,28.863786994124066,0.48384337244205516,551.2242246649615,0.0012626166092556236
0.20240466885233502,0.012744255422511909,30.75353130237809,1.0876647793001173,155.82082446519732,0.001293553637446551
0.12144005143229161,0.03377629115231072,31.993167072369346,1.1078741733781958,344.8898180809884,0.0012622458665959564
0.179096005530443,0.029939622958486425,16.305183914230177,0.7615158770724979,1.8433736326284829,0.0015339929628679504
0.26136214704549304,0.014168462811242795,31.01998788807202,0.2893395735449192,15.76060260009004,0.0015677022520302908
0.006174800320817766,0.015740892180734097,23.15749692763912,2.5761737321400693,10.859028080061288,0.0011883137876237033
0.4715158746118013,0.023819702284232497,28.171197062746458,0.07808812803395489,666.6124027669853,0.0015873542133101601
0.125457712538371,0.014652912787039155,22.15485892517657,0.12508611431078007,116.92224823000502,0.0014741647242966216
0.19171250375455332,0.014735480359326836,32.11503197905017,2.848933323581991,1119.2821125200064,0.0014279314156199255
0.17220685228996574,0.014084141089128683,25.504065670587288,0.1346041757557468,123.05508336110502,0.0012692219979620874
0.13299821602855316,0.012497126680844592,7.172116849751447,0.7543215819107327,317.0755902272947,0.0014706420334462617
0.1176813168926664,0.01989207251627896,4.298463247514129,2.9347354869394215,389.7098585005761,0.0013295081746023379
0.25306172958122714,0.010054978173079133,12.33708240015727,0.21162501076002363,497.2966245209764,0.0016432220317863751
0.29824854358982766,0.015542401818650818,6.803514591801574,0.5138775104037007,874.8499331067087,0.0015684876059439065
0.17622557242342993,0.018571290473797512,7.973813034083905,1.504405284875886,248.05897510418748,0.0015410733875870835
0.11336153756807268,0.027008326573769174,17.2003456680429,0.9124277159280253,522.8302149459788,0.0012102605208371214
0.07692207393006242,0.014713315198118242,21.77480489083222,0.37321990652844367,691.9933340074124,0.0013625837995622
0.16383752656554146,0.02526318009705663,10.328234254768653,0.9821331334097387,238.48042443872228,0.0013755821211628777
0.09740291948892742,0.026517844953475395,50.46740907281694,0.6580736318924351,240.42488793967468,0.0013748191776045563
0.1741842256700953,0.030389650151229648,37.3176294484834,2.7242516023129566,760.5575194175212,0.0013722124091828172
0.2839769660236247,0.024505245082316465,32.3670417490193,1.2732777463710345,602.8590640523016,0.001558540120761802
0.20819333838692533,0.023404867163048904,32.29346842229638,0.8219485100890674,370.13163141495664,0.001480275519153226
0.14699174507588514,0.018329761214499123,32.20147061966922,0.6139328855791829,1075.2335850040236,0.001581731839925007
0.30655885890294937,0.020514879727036382,24.516710994868593,1.5298756790552965,224.80488000412623,0.0014537811922582804
0.09923213793194102,0.028791544330055364,42.17417640597079,0.12662043180649388,139.0458297292043,0.0012369223938766428
0.07492872127668074,0.017187227513865203,40.50183379435457,1.062711869995139,413.30094150031755,0.0015984001599453237
0.2916713396500872,0.023044210679165147,35.138823661935895,0.6942849446079102,401.52570161608645,0.0012544697033331936
0.1669022661433608,0.037903251160941,34.94575275311373,0.3423321859237646,829.4547628878277,0.0012741002137952647
0.2504359217672726,0.02506447248593127,36.33698324776796,0.6691764742962545,190.1955383211746,0.0012325735652292053
0.1871152412974217,0.037977752279324366,33.60947424236025,1.2050556802441232,169.6321991775787,0.0012308320698846474
0.0696688796379545,0.02829145815201005,24.575856748565744,1.2453345974103311,408.4342223499164,0.0014304757242323998
0.05090406158032849,0.012607028873028132,25.183959089776806,2.987002891513348,437.22530868311964,0.001442177466167786
0.061928510366905214,0.011600299026547172,30.192382273795115,1.1458647104698576,155.90618214626178,0.001380243673346373
0.11017423592787196,0.019888842293490593,34.89559376122992,0.665665335229264,75.49400571935092,0.0014376077280236193
0.03710581222462192,0.02489548620551851,41.911627968307464,1.1939769758510717,26.98747232091978,0.0012715954466624548
0.10460767100100728,0.01090646154771118,48.26175556836091,0.817498882418987,1.1363640541284168,0.0012947497298952857
0.28990277091886363,0.03806675871530009,53.19340568295794,0.43290000052542765,1.9747025780490919,0.0013494051631939784
0.21745424507548983,0.015664033381154966,57.285004326934796,0.8925564764105379,1.1041105344416078,0.0013389829181186539
0.23816654234938314,0.013376628703460174,56.37772749800083,0.8256363582525678,0.9843563407926441,0.001310703956038959
0.21707864198713683,0.02770874297002877,10.376360632061939,1.1803420890643255,29.189099652889062,0.0014833387730532788
0.2007784315630306,0.013322097911753426,10.560164837976089,1.985211941259653,19.733943501372412,0.0015294179066498454
0.20235474067274803,0.020906740090469077,8.752475042226,1.8134832852830682,89.71054362306027,0.0014681144180098465
0.1399420243119798,0.018537637751434934,7.181700532526447,0.9217794934120992,255.8857929110901,0.0013679795879141322
0.13716374650602955,0.02557615198627767,7.162226182077681,1.1792405224281248,115.67667393296969,0.001366023910641511
0.0675194723699871,0.014561932917641763,5.595043660116624,0.7918664579625254,371.27118999583377,0.0013967140903361384
0.024627607395554026,0.042682291617905446,17.027897003436568,0.6444201545566463,495.52562431714694,0.0014053031388261406
0.020894997443210474,0.013360154366919558,17.049773404035086,0.556421537644438,336.2247740453053,0.0014355182278200126
0.035687798076756344,0.02564705681137416,13.253727530891995,1.9433826959505265,325.7506970501451,0.0016705581245100398
0.025898811288874668,0.016474479692845233,12.19120006421463,1.869745615048123,323.1533154830255,0.0016861706048907261
0.024010882859115814,0.016018489685654853,14.83808376006514,1.492008807601847,274.90672802247497,0.0016569552819391566
0.024508255885833677,0.02567150749157801,11.135744151089913,0.669328961944288,1150.1061242827307,0.0015689561728845021
0.33032285320456817,0.014431948930355267,1.2215425492147782,2.018513145968371,66.46744101404524,0.0012242692508954642
0.09065927579345756,0.015390625547178724,1.7701384129551272,0.3928173248417966,213.16265284659235,0.001497348338506644
0.08964030987591172,0.015019211622155625,1.799974451868275,0.2385385374229695,869.756445561696,0.0013291419844083429
0.11785026190425442,0.016584903071505508,7.252946548340729,2.5960866424870357,211.73320793756739,0.0015641288079941283
0.13093056711585832,0.01283931090588773,2.482424084386089,0.29540426872226916,242.17808459209488,0.0012307193023500685
0.1953832343192938,0.014431050471428994,12.745170295535985,0.029311001065013016,301.63540990599694,0.0015688056861815009
0.028227814355105,0.016353204641366748,28.855128382579494,2.265104104198987,483.4142552303264,0.0013153811924435088
0.0785643006150952,0.0302727157966307,33.77398887239095,0.211102397869484,845.0111619196877,0.0014215628721865816
0.11486693953197406,0.01850280321195277,32.34144800698592,0.3369080330219636,825.1105937005675,0.0014252382280064454
0.20979182779104805,0.016276036468072273,17.20120067012703,2.144195274242998,211.28880582932004,0.0012034212354146505
0.1898094624879762,0.024435068383875304,22.408662243085047,0.5429791069985165,781.0309422951169,0.0012087461584707375
0.12949090029443733,0.018224980031196915,29.72366871855682,1.1218172280644265,624.9199888982781,0.0012184252000484836
0.11694743985444025,0.02797022087673972,20.002917138612396,0.9267686355237754,479.66767339556645,0.0013096210802392202
0.09327371917617958,0.017100858694933847,21.23931098083293,0.8698362010512373,593.9975248789245,0.0012856399161143045
0.304498627892295,0.01920008904085847,21.818117801628844,0.40760436984110804,294.43304733790643,0.00126637820286623
0.36674554849219765,0.01460382833130029,24.051188966889637,0.5173598071516089,807.873356033213,0.0011837013437343037
0.22656187958310695,0.02392526667898302,19.119189149190145,2.1449337214821855,258.8766015814965,0.001296101525540622
0.19283638735071854,0.013334532278925957,12.23566449350331,0.6521136595695957,182.06906232530275,0.001266127089968749
0.23645696566227914,0.011988678568947569,12.107383053218918,1.5596689711549474,422.0255582974742,0.00134502325533841
0.11502856380127378,0.024682579161394522,16.079909499025394,0.8436641342459326,493.318848497625,0.0013978291227738232
0.1088742038899468,0.022715295973780025,19.144226013677688,1.000375725491268,230.09977891405194,0.0013530179511153898
0.05648398301532668,0.01038095776695112,25.919478863220398,0.32319235939717245,1039.5761717135983,0.0013911865807550656
0.021556625185533175,0.021662492263815943,20.59984720932368,1.0207461185399693,246.3049600882784,0.0013759920561525923
0.025778194342650263,0.013614009790756616,16.832508582239512,0.5977009911768224,158.46924501432503,0.001378131808654563
0.08820558216716988,0.01672479281953367,15.09001161188987,0.9037882227075192,529.256629585153,0.001342147192100205
0.31414574161415537,0.011170013633749368,13.352865098822475,1.4073868844198798,74.3308431920045,0.0014851251551437836
0.20217472181900267,0.032155130882203814,20.46274301750312,0.7365940017289809,35.71734864826827,0.0014382465291434194
0.19748006014331512,0.04323563200134415,18.175726845038305,0.7505207365699877,28.74037564492188,0.001418330317238603
0.3287801563321724,0.010638375170935984,21.588747796935507,0.6764185389031011,21.091639465802917,0.001339545149796844
0.1255319564304672,0.014738571385606093,15.155504302905074,0.34123347160335804,55.97574648447143,0.0013059009059602478
0.24571142373911598,0.014671724942051293,24.784919418967622,0.5411039363711383,1415.2439960735148,0.0013133726854465287
0.3328738367082642,0.023971815394436335,19.060716195531757,2.145549851041056,132.01977536219434,0.0014045750160216301
0.04667256961677635,0.021946767404950697,16.31434907852142,0.3220214608171898,224.746129738945,0.0014485177949857793
0.16833539357052502,0.13876146277401982,44.61588907126877,2.807694783747482,633.3262210322048,0.0013494847642284698
0.28180375475189867,1.090303710400092,25.039682235272068,0.9691201371892096,117.41204395504182,0.0014569390769492716
0.20522515118146417,0.48358836715340564,33.349826499901816,1.649975654741151,31.683520703581667,0.0015061735005742058
0.17320035551486218,0.27555668911737735,36.40412156361025,1.0622470467668654,1330.3279995742141,0.001270352953182366
0.3714510010433837,0.5007419903800002,26.495520824867704,1.7174945796014953,164.08516758912918,0.0013630366152289591
0.3217241744352033,0.90157802473595,33.17879653517788,0.6960516510277996,677.179858750602,0.0014089462179954126
0.08637140446295113,0.5319303518066733,41.03850904165974,1.5722542515352975,126.03700491871886,0.0016316931839869514
0.1408976701889715,1.2952287269835039,31.983334796549215,0.4872621627662161,1034.5750747586003,0.0012606635180478724
0.14963917979585378,0.6260968880601583,32.72332513690025,1.3353237189097364,210.77490695476453,0.0016338073779597008
0.12178151821880477,0.4004594558621323,38.89174058539235,1.1143963146374931,427.7385621630855,0.001631508655176939
0.1468138476884453,1.161790228940868,29.43797474026381,1.078977716400266,773.1541510322495,0.001452700393858813
0.10925523306942019,0.5153675599481348,37.66002036075953,0.8738617304112964,930.4891434190457,0.0014622674214496215
0.15446649918095598,0.7430763829948853,31.67086492609069,1.0848238707639943,674.8281367668676,0.0014046876836792356
0.19331772071717052,0.8842093806570944,30.95399702842855,0.885215589560212,1088.0390472883983,0.0013866377285291017
0.21751302014540688,0.28949332341300077,34.64352415782179,0.8851879005788752,518.2288929658389,0.0014168518365135353
0.19035036148406473,1.1411065775167546,32.36853053776921,0.4550517480315976,1281.600862163021,0.0014567483826383246
0.20135661837636395,1.0597733139565861,31.30862493435051,0.4729981366048928,1011.6704831110078,0.0014635490960112339
0.17843510921672123,0.24703542708548837,32.48682276016631,1.8965173549928758,182.9435496283111,0.0013451633205893766
0.1816880080221022,0.5511945002658614,33.43740980459704,1.8443467155091315,171.86887970587293,0.0013647284089481637
0.19041237346339515,1.8071114535562596,28.45140594286653,0.7899272712271153,466.506131618318,0.0014173580629972442
0.14139769853245912,0.8895624244284903,31.697043438299826,0.3955144078277236,926.6147452435933,0.0013243302928033361
0.12491529130075289,0.9854077829941855,34.963742576886474,0.2409780774171502,164.77341726076332,0.001388975157765883
0.09875875127844141,0.9956525618836539,34.7368339782569,0.38014856859708185,352.56358146247806,0.001413149681374359
0.15754069911179316,0.4583513239154063,35.43359405124848,0.30802432895715565,839.2204349058973,0.0014568998811436804
0.13958980916348673,1.204161806825222,30.60344577497451,0.5630916416577464,391.07034766795846,0.0013839388701335905
0.16453550639271466,0.6126118697151481,28.747512580780935,0.29020077064223143,374.5430891220063,0.001405010792055851
0.19370965530564405,0.8871756936524873,33.10765214026183,0.3600152813590599,494.34110707207617,0.0013955086149697398
0.2340020956684271,0.45944218343418336,35.57742706173718,0.14889581738836308,497.1998387642969,0.001510795857965595
0.19105941144846428,0.5914883267483567,34.95436682768903,0.015853067293027663,428.32663988079236,0.0013679581191168764
0.16069853306854298,0.858611419317092,32.70502526084639,0.039545798269120545,748.7819138324826,0.0015980136391759814
0.09615699960226899,0.6032438398782785,43.498998938585814,0.028029249955890775,428.16238837400886,0.0015772819119429524
0.09810371683194088,0.9921636653136244,39.380237984369096,0.027816252471612853,351.43887392615244,0.0015722458004043243
0.2757498421784381,0.7019773112958705,31.66751521218591,2.2375409647291886,377.84203966244183,0.001284647007986449
0.1674663478782862,1.3218717375234066,33.58546240957815,0.6718422220399872,521.6280712469344,0.0015494662223118879
0.050295160267404784,1.3908102727371834,31.68768065317737,1.233437489594252,575.8174599355316,0.0013797910891409759
0.04675358878725857,1.002061192395946,37.06470815465174,1.703653503747667,633.2464526536469,0.001304667695761984
0.04878774979118071,1.2100618253719277,32.820774523063356,1.1486366559601298,612.0755868827487,0.0013994135215500887
0.05256158492211463,0.9655000072214032,37.41825697044886,0.4151760027159162,737.876655478356,0.0013391121418838605
0.09217675671209057,1.0122575866170314,34.728037011879294,0.20412202258728035,443.50398846962884,0.0013310524496133347
0.17663347779414443,0.7404675324587111,29.77553751642349,3.0167975352517895,730.5836915676545,0.0015538879550713645
0.09367986051869674,0.545646654249727,31.420059533906255,2.9555732048995518,585.4908177811812,0.0014993334325103247
0.17951118910371636,1.2442025607685674,32.23566479567515,0.3194079897589793,83.21322877817197,0.0012811126483618616
0.1509746769038718,0.43884849515508484,44.25470335073591,1.3643068168956087,310.31204338217714,0.001792553095022948
0.09500651031311115,0.3384876314107434,37.518585629490815,2.2488418435731004,1083.2798425477508,0.0016989855814846684
0.10226373033999106,1.1164181039862069,38.39384871586159,2.43041958822148,454.87922612158343,0.0017042852803885705
0.1447887083142113,0.9625779378710785,30.728598355786172,1.6670587742952667,526.1328072314968,0.0018783872206081758
0.15572085959059867,0.7434642230177299,29.905315111804857,1.7145127853578783,579.6975814806111,0.0019100473640280378
0.20674265518665688,0.21878118295183735,41.88718125836669,0.9020350528006885,579.0615413863338,0.0014698614270769136
0.20428729034277843,0.22222611233585485,42.003852411535654,1.1895339557953941,1280.9570998345612,0.0014668371275688805
0.20711115573373282,0.3344761080169421,36.627303942316914,0.648105367053681,480.5874300525942,0.0014216763458598117
0.1511078527206424,0.3085775694290929,46.5545619408997,0.7210223198074807,677.8237134150953,0.0014416102855355738
0.12638322515751807,0.3578463124563644,43.663360759275385,1.3454090631574884,910.8658769806976,0.0015437925308205104
0.17025388887246287,1.0182027380567418,33.922994757811864,0.3263853191125444,261.0166085747332,0.0012642325265800718
0.14937306306404993,1.2329267883658999,28.768434818498964,0.2825708432949303,263.62070131116684,0.0012615092016093274
0.16864071490326635,1.513964116441061,28.676223175075783,0.6684475611772358,157.49927523492235,0.001288684285590082
0.24482853909759034,1.0127571327007516,25.985613086521663,1.8763792004195712,997.8115087155172,0.001519255120808207
0.23636530098674965,0.4286063766761261,53.821149348812824,1.4529320059158193,139.14032130095603,0.0015923751752869092
0.13565005256599555,0.23134170080290117,46.182240330710016,3.860814422438636,27.581999556254555,0.0014509328828166297
0.10533273023110833,0.3168378738514267,45.67883421884582,2.4659625528538354,35.71269961638675,0.0014375907964310328
0.14165832621278363,0.24679601178461788,40.44957878194118,2.592199374536875,64.4713880385351,0.0013939827968964395
0.20799820653221943,0.1686522165651728,46.19335235003068,0.3083185055190687,449.01940079822447,0.0015228445565769334
0.2148872244450533,0.20659125651819815,46.36028171830896,0.27703291813962566,540.8018674141439,0.0015297067892386385
0.3729213464961168,0.2154710138792879,33.45726665699665,0.5772023784688661,744.3237000744623,0.0015476304406701448
0.3001373507649832,0.2857326971612595,37.97516022770717,0.9752801681494965,583.5661584756616,0.0014578960041332584
0.2589106132208369,1.0147447348577034,27.03481826108879,0.42272459975550813,497.4349635871097,0.0014770672899577426
0.08051175558571204,0.4248676994936752,43.01028696918658,0.578352335735058,500.09240797254006,0.0013745131418854406
0.09375334143887114,0.8637705697174871,33.997697350222225,0.6018549797030556,721.9196466660155,0.0013623673266252795
0.04514430713792713,0.7469954952116538,36.042413813227505,2.017311131516977,453.1878772142381,0.001482263830743381
0.18960598040164298,1.329803263967317,30.17395935321258,1.740780935284973,969.2512409637966,0.0014339102399515778
0.14237416893549024,0.4797989554810513,32.65953988832986,1.2066025729042131,253.2792343078469,0.0012255856433985505
0.27066520501110686,0.3900059761147304,34.98936409480521,0.7867130401848913,206.15120304524945,0.0012261624547242579
0.29808296989053945,0.5035892185430296,35.73793691780178,0.8874051020291379,86.64521445864072,0.0012297372023853392
0.23707379236363543,0.2734815676281952,32.88653768703924,0.7822123556176785,122.72864634014198,0.0013496736199312851
0.038134087166137344,1.2454424987367474,36.775596208602785,1.0825083482755347,410.4947214880009,0.0014384869472326783
0.3860023247196865,0.13702347445835428,36.32323528292616,2.246076394901082,225.70072882634327,0.0013203076125139841
0.3489367425385812,0.16822265668506095,38.76520138316308,2.0289325991261644,593.5162920597666,0.0013193368101491875
0.4105769932784315,0.1478185364464359,32.5990145263314,1.768829207468906,494.97866398556204,0.0013770758054711151
0.14406637483778972,1.3515680373615784,29.809641805972834,1.0368505526991323,182.4500510348725,0.001551168921346799
0.18257957155981666,0.7021223494048728,37.54408057842729,0.8295521330966339,980.2828352430167,0.0015865015571187124
0.18156085689341192,0.9765120719977345,28.266205164178047,0.9757966656125162,510.49926013949613,0.0015458907853191201
0.1864317336522375,0.5476688092781008,31.61228809403919,1.2150068720372738,346.2918517740993,0.0015452577295573167
0.22460896217954987,0.7798165928538973,30.70205404791788,1.4847403307715263,713.9316300692976,0.0013031367103150822
0.22974413729183882,0.7627572727398618,30.000071818139425,1.30318910732562,559.4226391634326,0.0014294642858108534
0.11578978244873832,0.6972610768483671,34.390900303121796,1.1516739041752615,491.0892240425312,0.0014205661346474415
0.2802251008628948,0.5953762463130428,32.2454936683097,0.8750082600860295,447.4085696243524,0.0014173664879304345
0.429430570132821,0.49295500546934434,32.005008316109844,0.27804089695970524,385.1581026948352,0.0013699197886380729
0.15522646461508902,0.8176418873438697,32.896470378054005,0.23117968127893174,339.4832438451449,0.0013196878033796666
0.2433362973839971,0.5439775090523103,31.176518199433108,2.145686100103787,300.83304759051777,0.001477603193420309
0.16749830547875813,0.9354130795776979,35.80921535798813,0.9747270227508904,780.421768348794,0.0014376708241264887
0.08500320112205464,0.6958448203098145,30.325138787780308,1.6373665552782917,501.07014468216124,0.0014720026785884595
0.068799041417835,0.7320955813230735,41.828385139414905,0.6917069406787346,596.8665498496196,0.001418691630806585
0.3691289681374564,0.6607991513955018,32.715583550960744,1.727316113311991,460.5786008983964,0.00139932761045156
0.24585889543491501,0.5198127439736535,25.580562678090473,1.8868417691143113,496.4695951710064,0.001372948975116903
0.0922569790024329,0.4086662138373323,43.42388157694127,0.7547949637009885,786.5700331003263,0.0015131630962606961
0.20449770261589942,0.3350076087548514,30.644667636058315,1.9266774938979574,719.8961973924213,0.0013119913828223044
0.22313159849165565,1.0294352169386134,32.0953855210868,0.5820691983764233,264.7204892781361,0.0014676357977451804
0.06871838119291052,1.7886843970543185,31.79591149605315,0.5393602046542779,1033.3930731621626,0.0013331900541455849
0.12397538771372668,0.38198513943140155,32.9270050234526,0.7325703371997863,218.31487176602425,0.0013956824816971757
0.09824432640242271,1.8982621354282185,30.8318802897557,1.0154398783296052,169.56837875037246,0.001279285644280592
0.10531151949316114,1.8510577356682636,30.780235073415362,2.4488602720508577,98.5904351990662,0.0012128405043756712
0.3478750390150814,0.5641152758172536,28.867847150243232,0.7635717758651266,80.14155485014119,0.0014311698597125318
0.2485515765893776,0.4709241966296789,41.17859016708249,0.3126102128200046,21.2284102367821,0.0014678943648886041
0.12312608836658276,1.00731519858026,29.92298013517475,2.3384830929950917,41.030289814968796,0.001448401224560091
0.12707785037217448,1.0860127689104524,32.360047625617895,1.7490024757256315,92.29262920191582,0.0014715330189464368
0.07801601356778765,0.9197717033327945,33.334657598229974,2.1605085706022664,109.42145862854349,0.0014522962179636507
0.10527581308445061,1.014158426246447,34.332644966879606,0.5486219581792848,6.254320843024328,0.0015875440818243478
0.144605608310921,0.38863338183157964,32.456307935272655,1.9911256802679753,62.70809524677006,0.0013304744782235498
0.10894423605889517,0.9457619139334944,32.97461627215657,0.28249780416524617,110.01555249284618,0.0014725137677969742
0.0980581902868047,0.36882541810625075,42.765017949374666,0.5413554446350792,573.190650531216,0.0014755600015470033
0.1474532751328144,1.3602619944826904,30.50749360272259,1.305486467115362,252.90774110885565,0.0014872205155616915
0.223006368679195,0.3316083120346471,32.870170272647464,1.1096790458649364,45.9351110723771,0.0014354006776539014
0.22749813874269786,0.8494729445397728,31.491303664836163,0.7923918077267341,61.00565420887737,0.00139167011484756
0.1800996298116162,0.4843987979934325,30.811924373088374,1.0804694629053104,13.45593453763041,0.0014243501489071843
0.18642154569814315,0.5092792368544006,32.95598415313533,1.612895198009919,142.45267626475882,0.0014867665379977016
0.2961570665204209,0.7400813144845195,36.21694943794577,1.5698219294731537,2282.306008060433,0.0015474770302697195
0.34114351114621566,1.5989664711515115,36.31074400225613,3.08569715523248,178.70036445135415,0.0015097951540284388
0.2171866613291267,1.4250605936371037,27.372455150923965,0.8339174209288787,654.8705454517776,0.0015357623403902231
0.21302088876706024,1.132522216155916,27.540810725075417,0.7075401316224318,702.0862411219734,0.001528504933315244
0.30726718852256213,0.130421358119141,38.47942429054224,1.1548593259908428,422.7567740532127,0.0015497282480128037
0.21617689162797812,0.3834373554953793,37.80148461421684,2.238214239260189,570.3531540475387,0.0014082475019071019
0.34500203522720024,0.02676708712303074,34.586718756599076,1.0104663087861794,536.3001934874,0.001274864352185304
0.20454327173191234,0.04432454212153909,37.50011052199729,0.4987463594072254,1376.014065926465,0.0013034026668923117
0.22345339918953602,0.021957613945421273,39.02705608615079,0.8116626598768721,261.6057478175978,0.0013945862581751524
0.08420287866185056,0.010374341615206617,22.318331176755837,0.983644835272385,380.0802809459849,0.0013651180369140747
0.2073515779850861,0.04622445365038285,27.84872972861882,4.1954254001603015,584.5919937210322,0.0013689107712172477
0.2035868792972673,0.018186368172067095,30.636980547874142,2.486282681791566,542.8477974257818,0.0013561711155442872
0.12883946160336346,0.03414647888765376,35.62249294113841,0.8933935964412901,556.2577313851009,0.0015009495297695964
0.21697557268291381,0.031310076612413966,30.329949098520096,1.3074635959748242,248.9095567885263,0.0014842578050071153
0.25165600578672176,0.22464413868272465,43.43093514754641,1.3441332578888043,882.9009279907845,0.0012669901120100505
0.20505523022179423,0.19961998261576763,37.41539320162731,2.3936045685510283,651.9354120310348,0.0013790951876151672
0.25862107895807274,0.44539409074106734,34.50558751393099,2.010714010376824,1074.706124345173,0.0013768504261132465
0.20767222636381988,0.5625200158883974,36.32435298169145,0.9979700088652024,768.4400874963179,0.0013907861464846239
0.2945709740851584,0.21456720810695482,38.13955186937579,1.0163359056342203,586.3673949269903,0.0014006640281298201
0.11552583359676599,1.3030935518603624,28.481492570697334,1.2332711231544444,329.1253986716116,0.0013173047709348243
0.1103923442576843,1.5432794352174288,30.576683511467586,1.3088135298743624,313.5255780369527,0.0013069257043533066
0.0839143617290705,1.3381421539974474,29.110884604456288,0.8546254551182861,789.485247841764,0.001327999313016133
0.2595519245579584,0.5424393314864419,31.64432724327564,0.5375270672639603,304.9154870323253,0.001527087824972764
0.1630308060530315,0.5955040703590246,35.94548506139678,1.044732077663826,778.2595550819566,0.0015190350639671924
0.18098176321500292,0.8972103296209427,33.13973019892725,0.29684845544355454,443.2826482520111,0.001419932255776432
0.1578598280214556,0.38936752822054027,35.45857927599791,1.1830334253887143,681.1337143061221,0.0013311175421647184
0.13411248761732072,0.3366881367120611,37.67841557153338,1.880906038705202,736.7696123953615,0.0014180147322942415
0.0778772155766308,1.0812377527115686,29.38350458990009,1.2823770552974654,487.83208774801074,0.0014208821551892341
0.07787155762900178,0.9278301050832523,34.72813118280791,1.654769913339418,370.16629055868214,0.00140106145410419
0.26603817505537936,0.3940616928879993,33.159279025741306,0.5376451148290545,178.33011369500505,0.0013238298498011605
0.10055182658776494,1.208643074844364,26.537282241187356,2.344407976598801,6.903896677821437,0.001379023394752458
0.16209195338805782,0.40635834280474503,40.06988889727982,1.057367942106399,43.45653124746175,0.0015501212428149023
0.1579145739845479,1.032633595837316,27.203201949552565,1.784975945630521,146.84202509960852,0.0016052860352743117
0.15501895083586198,0.4504725830160927,44.35986465708168,1.0285054477683773,1032.4760248865177,0.0014754562240601463
0.3211867204066961,1.1613630295564512,31.307037995273244,1.9628075046315545,24.095834543766063,0.001331367999889302
0.23728137010488343,0.4605758791897752,31.122927504412395,1.186357915914645,65.25636765558743,0.001271964128564417
0.09668249202110832,1.3349659892269345,32.78753444126312,0.2842117527477727,1460.2483309030135,0.0013215322947570643
0.09948363596710032,1.4085410080141563,28.855983833709146,0.31366115389119253,1283.0815659777788,0.0013214496023159555
0.4341217172956584,0.9804728619228272,30.49614807665806,0.21764155771682336,103.9122062698325,0.0014035323560510906
0.16999074192580024,0.35261963725698264,31.515703384274786,0.7595922648856503,1296.6043740641624,0.001261624667440847
0.0750397500215209,1.4513086730666496,35.15283308390045,0.893591451016732,94.01782635640623,0.001517425906019318
0.08582671023156777,1.2366634170016735,42.90826568036545,0.8467116194646206,104.4688668074746,0.0015088551813371568
0.11899888667006532,0.49302679987336734,38.04810027206607,1.8461762429623108,592.2681583070942,0.0015130303062633546
0.30735241881509,0.2058243271177509,35.623118738290636,1.2631504651354795,164.00113868681964,0.0015488395363572058
0.17169752105675723,0.591814437813467,30.728513861411823,1.2802810863259886,1216.9713347819388,0.0015036590724607527
0.2022051923065439,0.9552803393514184,31.526984927722076,3.41079719759759,543.8764928765175,0.0014599872670417757
0.14096242684387017,0.5456529389136828,32.663689538823654,0.2158930656263343,423.9279129370322,0.001472298036656805
0.2933792008637538,0.7698346909782061,26.892613291491042,1.0851179567867646,387.3307691477521,0.001520969579011444
0.08223595349861842,0.7251105068054592,34.78542389368225,0.5444907179778499,770.6914997586553,0.0013788376828722184
0.10798622309742033,0.7029741983899304,28.39018066094109,2.2255518872310684,262.21806929928704,0.0013544011205490892
0.054831496706935726,0.8079140499963331,33.89581756466666,0.7341156006799496,140.1546655840796,0.0013596227667006418
0.05187039124879,1.6800586150581986,36.59798755045889,0.8483607227219367,226.45928184385963,0.0014177708991639604
0.11930432371834666,1.6934205975025176,30.527809937432952,0.7836770519805498,284.7520461029699,0.0014208417139022697
0.0853564119111339,0.8659532897188221,37.69350758521351,1.2179193161175077,410.553323799957,0.001423670687131444
0.12946878656786556,0.8084334677812666,30.021760266336944,2.0645584353732445,230.96795827191355,0.0014495152488053944
0.12881835432646052,0.49755191253094344,34.62715634814481,0.6068335824663588,771.8159057904109,0.0014015612002612247
0.0912005942803824,0.9703820349677749,31.83090462873917,1.5164414420992842,610.2979034317532,0.0013788644000087894
0.12808038066702165,0.2959418921084866,37.369002745763645,1.7695222082027018,312.9121773655391,0.001457481193488287
0.08247556490005435,1.3232536725537658,39.927513429235326,0.06679304130341893,566.8053172287556,0.0013624419982464354
0.22062191696753083,1.2741938423978678,32.095331887658354,0.20975843365256183,562.3712064452512,0.001506762355446813
0.2623694042239041,0.2389646220187977,36.689883966956174,0.2971103099773911,870.4770195287139,0.001447688028996247
0.22185867426771974,0.33097620979179876,34.01505430583789,0.802758638871848,621.556604069231,0.0013262346871213036
0.2665240356294995,1.1477245105257472,27.228806936222263,1.9671309496610887,105.69914730035914,0.001220469682601507
0.26389485683912955,0.5766767575746158,35.61326571910718,0.5932161663779446,401.35675640785854,0.0013951665214980544
0.2537452388667257,0.5091118450763071,27.15448739038003,2.085521866082654,316.3635149259651,0.0016200309986205315
0.19916258592932232,1.7038585182999075,34.87283900167097,1.656754156094269,69.4541780468829,0.0016271100416139007
0.18662892541205178,1.9637315913411582,27.44880517703308,0.7055173897532673,51.50920487762494,0.0015687890623413711
0.11468585960749668,1.8940847757490291,23.219011911577084,0.7937116258638757,20.651657502079154,0.0016015269810218463
0.11479704336817277,1.8895049320978232,24.91517466925835,0.7997964191454002,22.049359043204472,0.0016042343394158788
0.16499872749895267,0.8117292112782953,46.8604703401388,0.13660699556212874,16.758398835083597,0.0013271666156571618
0.07098786781062454,1.940675514369096,25.188153940930658,1.6425177419343322,87.3953043371861,0.0014423618419454223
0.14003003988185386,1.5704041874530228,37.60638336006567,1.2768431716924225,116.94572319260035,0.001420255688450778
0.19993369126395577,0.5818292935261218,26.61580257473097,0.5866763861735238,321.68525350398926,0.001356793722003603
0.3390468865702875,0.6727810109867471,35.86807208906354,2.2205772948279314,305.5895667000997,0.0012933609895181782
0.042372139256069745,0.010544586626608414,48.46141808945354,0.9388498476229998,650.1548505307622,0.0014354605761728576
0.17846094218421288,0.14060485645318174,41.90617852274458,1.9802061617791884,278.88341818743316,0.0014191832272841796
0.21825062185766173,0.37995514605767977,41.57594417538837,1.2385673393323313,279.0105485788206,0.0014359098688379926
0.2615536811583423,0.07421625473398406,41.1373244142212,1.1300525200032752,1101.4285604585125,0.0014117018167256038
0.35851883989856986,1.1022583348759307,24.841686963887952,2.719050992018936,319.92071163668777,0.0015563155135090048
0.14583189364231727,1.4122207098926103,34.021672698012395,0.33230235963671123,650.4865167443354,0.0015346071557172274
0.053528603691643216,0.8523048815600303,33.565297376118764,2.991385155859496,402.86566939174276,0.001463797652468627
0.209596022770191,0.9253253583424598,33.563475518997464,0.25841578168187873,214.6483211008371,0.0015229495651877594
0.29922330969234173,1.315710590505903,33.68007911423427,0.7442537140129815,145.15701426784736,0.001389078848934433
0.21339631322585836,1.0412429567648949,27.66344467498083,1.3820439604210661,345.45875730782154,0.0013871432912253747
0.09419252322227699,0.612199873159566,33.36753639457145,2.07465789420787,313.4623434444388,0.0013140667875726365
0.19740457753836801,0.8655385158461909,31.243793253347597,1.1902017411864836,822.7693995386526,0.0012550214311456383
0.19507663128833622,0.48185911218005295,29.462006162423435,0.9739340291275294,791.3996647399147,0.0012467734028184904
0.16071059104774207,1.120007651861329,33.03076873677532,1.3899687853810456,486.25608952243533,0.001547556453593331
0.2589669916932464,1.3405506978787862,34.962506320490824,2.959185413125107,837.647184921388,0.001535039879287732
0.24038563668994167,1.175277328053604,35.3649557514977,2.4528882349085297,688.5574381624693,0.0015343156743130094
0.26120357931826094,0.7731231590123243,24.849272269021334,0.8786575645638156,281.30522993210985,0.0013595926604393505
0.21594114096713035,0.2849229998237152,40.377174087698485,0.8019183405226568,755.948289804702,0.0013520789738319357
0.27441713550664965,1.4869615923848334,31.72856181156151,0.24620512400969422,285.4700459681781,0.001330103661619205
0.23560520963244164,0.4049465143982194,31.078535074311866,0.2321205035430107,1156.072082877423,0.0013206722807975254
0.28458551356948025,0.5965614756813811,34.0661033571646,0.2049351132269421,1297.2775334146377,0.0013434601910722029
0.2517415338369409,0.4042028982929305,35.02534687550435,0.46754154744828974,317.40529567409294,0.001333955441276837
0.3906921587235179,0.5298469443181552,28.775137628124302,0.6918720734006721,179.91677976278262,0.0013047453356403221
0.07478044864950753,1.4627010431207845,33.76009057694414,0.6162634916912267,55.063888798644285,0.0014174312781684041
0.09550052808950227,1.98648269565075,31.273137312066364,0.7144000113300045,216.21912139709264,0.0015831395981873693
0.07802102580757751,1.9866804040008157,30.232468267718705,0.8692368207572168,145.922035173393,0.0015991139604600371
0.06658053106133523,0.3557097605703971,38.346019176552424,0.3844628289100267,1248.558944247898,0.0014590262572852408
0.13041162806763595,1.9205823997652636,30.782012652553867,0.11562921548742093,327.68617957525964,0.0014406849147930066
0.31753983119048246,0.6085462681836631,25.072724393788743,2.5200876560316514,932.097702073791,0.0013457087936230353
0.23095804449589083,0.473101828948655,32.80978418218312,1.4908913729037572,594.3257441735916,0.0014215919273028932
0.14812377632095985,0.36820627712534115,36.648426590018346,2.1112193234074708,857.843099433362,0.0014242717133091298
0.162294302028516,1.733772797662763,28.72178921360426,1.0877771384867398,279.58684324559795,0.0012519648326382688
0.09776476257416242,0.7038044505635155,32.67435367650322,1.573580627228692,1312.0024700183042,0.0013244271424515824
0.09505345438499328,1.4409807652216142,34.78207164376941,1.0356350275429023,210.85147100247426,0.0014143280020222702
0.14386297218974128,1.1191460083723488,28.24236926287614,1.935708469310873,1241.5479062884353,0.001411715837459969
0.17097009566389704,0.4020865621652879,38.58643148252273,0.5487863921011127,161.7230945057237,0.0012995712651477482
0.15291014676605316,1.1007056900737793,27.974145618743417,2.0859835542342036,33.18815356608037,0.0012989026159109622
0.3352566338420025,0.1663999775179756,38.920757717494226,1.356386235196364,234.32359708376416,0.0012895228368097738
0.28089656300743143,0.20600534909688845,40.302272127344395,1.4387293096999152,180.81340868027488,0.0014345379957001957
0.24689313208846383,0.604950366833731,31.445862285380397,0.5935622277424001,409.5966312391487,0.0014932730730943082
0.11860240538738882,0.5211873455602446,35.71754959098035,0.7739618094921294,297.2852519984643,0.0016209492360992168
0.11472552451530207,0.7699766612791631,33.932572613691754,1.3196679485654679,349.2334671987426,0.0016974736311268328
0.126999698634227,0.3492123604595153,35.30880029742603,2.7954532727978982,298.0056227246917,0.001741899743025132
0.13959168232320762,0.40529359090715433,38.16454920507126,1.9884179309442633,448.71998237048876,0.0016867241764349534
0.28759778355835014,0.19374392854300834,35.51237649778309,0.596729432858213,520.3719830496004,0.0012410214447991772
0.0635574540474623,1.3339866836572882,32.37832493337253,1.5931146328603638,710.930726331483,0.0015517951480827853
0.07887275830742306,1.1147991797822223,35.14789351493298,0.5942786177488963,680.6880865636685,0.001592168476289515
0.1330467004640086,1.1003838531077015,29.31969595259205,2.6148188794129594,341.2368908717897,0.001487472725119228
0.09868831671785357,0.4568018259475135,37.196659322011676,0.9421710264278067,529.9548863764268,0.0014202996041565914
0.12100248699704878,0.8700688392855054,29.699947667688527,1.1660471147683436,216.63537392009906,0.0014620115582689428
0.09961164585735709,0.7202488700274714,36.01768637392591,1.385142296601316,337.19039553286166,0.0014835166032854785
0.1440614015478524,0.7603584972287051,30.506074570497898,1.3204747759549749,228.4907339297934,0.0014814259509119514
0.21799047263940757,0.832484229739518,29.856039148898343,1.18449365580916,321.8731840502343,0.0014618456840210562
0.2827273035399081,0.4084936688791065,32.42907957253967,0.9086918485054067,1587.110682175424,0.0015378484283785402
0.06680967959563888,0.7792908217075946,35.93592875236575,1.0859770027751543,271.3158350076943,0.0013972123643517609
0.2968997493924615,0.28824775091931176,34.191877263601214,0.4205278216051477,762.7146787214278,0.0015233637309746814
0.23359716081377765,0.9213937588791877,32.408661079565405,0.2181256523372271,270.8440755703451,0.0015601951911127774
0.20460728318146632,0.6626709733384081,35.93555037154106,0.41167619084259666,688.6347024637945,0.001429830920870298
0.23098775873520813,0.8336421953955234,28.751707458548296,1.064353696815118,538.4896288011222,0.0013443445997583393
0.29783357398372473,0.1895874945368556,38.18055008339943,1.321223948669693,303.93914942623894,0.0014003155585343902
0.21734171933098165,0.8513871557559556,28.50091595208558,1.743527146186848,596.4689460700669,0.001582061391032434
0.22619355751694634,0.49817679364439554,36.27735403818918,0.9582313679853364,352.59511762238515,0.0014525904576858774
0.20726984212881233,0.7785906805955085,35.39502753231582,0.9554897816404451,523.0528338244982,0.0014472394479001969
0.2023756777212833,0.9503687188969925,31.930811367164093,1.0935176414079764,249.44984122084037,0.0014816611882930656
0.10003142618361131,0.9190817694492075,27.31768588483084,0.7585476392560486,557.2193145336067,0.0014870391809265727
0.33795104318169866,0.042136724265431046,44.005835289148784,2.38522106376153,598.0433010301549,0.001422798694958721
0.3448820053008437,0.043427990533164144,44.20244453561584,1.909421441250644,374.8343651543604,0.0013900486696018083
0.2513993383282758,0.030279461668555843,47.74777023825946,1.7519985584159055,108.86775327497301,0.0014165241916580576
0.23043560351341574,0.03597100472011175,48.77518502035284,1.7210302748660575,401.9096463934666,0.0014426874072948717
0.16354427797691912,0.021173028074739246,45.11489612622219,2.090475418873086,665.5788602074829,0.0015373409081342808
0.3329769277548341,0.012937167912009757,42.99524648733835,0.38456298604880634,485.5521040270097,0.0014832376914072558
0.05136354268140868,0.016314530690786064,41.72534533573312,2.0873453450498864,694.0624293329396,0.0015074031129252618
0.3597772317876738,0.012288779791966593,20.446723928704213,0.44415329133141507,140.784021976229,0.0012533253936659362
0.07830374655051908,0.012048648469349164,44.39892266197725,2.3531927376146666,804.0844975483031,0.0014318058585263077
0.21409546486470513,0.019590998117661202,42.444727628611275,0.6490050755576393,378.82663777076385,0.0013259458472911748
0.1812416183442114,0.03136269808574636,42.80670758513403,1.17835230078188,254.8402111211106,0.0013115599386315858
0.21129061427164017,0.04993333906066604,40.7934865287383,0.9067870356384075,195.05855195966095,0.001257428917672088
0.12240534053139096,0.016269705077442635,34.79620338028619,1.6172198769814854,143.7127069825231,0.001365956899479672
0.2987521752003334,0.02620464531105107,34.69151548500157,0.8712154459377764,1158.992530125993,0.0013741943949383377
0.19135203037289059,0.017418207230290264,32.270506085570425,0.2909897617156712,520.5624311553674,0.0014475624952869238
0.23899082687115752,0.062415640120350765,45.88567720492134,0.7137140274576869,784.4478709714722,0.0013189732436648875
0.32133692267814823,0.03834459886443884,37.20831065679876,2.7709797796173627,436.698356187532,0.001309478103088175
0.1953990653030296,0.02300567029190485,35.11196419428806,0.5304847145816337,838.0767185470318,0.0012403967419306002
0.23686994301937184,0.016267294602679228,44.386989527855114,2.215056929695535,206.77046464631556,0.0014885979652590016
0.17525424120898603,0.0170506449253772,37.43382850457484,1.6416192775776206,418.8278691898479,0.0013034475722039076
0.2290542742257389,0.04920051057632666,32.33744648293865,1.6986558037345527,1140.8221082220925,0.0012535664564333367
0.24001699821352038,1.6456154275225203,34.6162689936737,1.6690866317130473,301.95928228482126,0.001437679392541694
0.17098732009145398,1.5694667513787381,33.0524649148771,1.7624328831491582,176.7913268193333,0.0013812937079987586
0.17568212764574376,1.5560644765608014,31.970698206635333,1.3406303546709706,195.2832629637368,0.0014039615973264542
0.2100852915628863,0.42302266281831774,29.539626576914547,1.1657249692414786,776.8052507124582,0.0014265953553694996
0.20991549169479848,1.251286091618055,32.0683971519108,1.5936970583124375,300.48652697416185,0.001353733533925774
0.18152797344111432,1.4186139735039078,31.4251157601098,1.686254703608285,188.29843223312892,0.0013478249501375017
0.22426326044661643,1.2427700477597503,29.153851536356076,1.5687197296495152,141.20669749381025,0.0014781670125789711
0.2128260706360021,0.38119455580603895,33.41930997166153,0.8487645342355573,64.84334378558147,0.0014202386087241218
0.1842098149588747,1.1986393482899886,30.67480264725279,0.5726155154515616,75.00291879435318,0.0014150603588983911
0.18832973931293703,0.9655593993247737,35.26832579995615,0.3257652767509722,72.8230040127911,0.0013534580906172174
0.14959155944086008,0.9997251438499779,32.36257767092122,0.2782996922667847,56.83064384779858,0.001386807684520331
0.2839636809704678,0.5154074629087507,31.6835924643223,1.558519001737996,60.07544395663566,0.0014706917956334407
0.29235241296504055,0.23794711322946535,35.729713322534096,0.9241054036150049,82.33068079309407,0.0013724454237474927
0.27837054253567906,0.2018359834766981,35.74660463771549,1.2778981468333594,783.5894403879702,0.0013831964197680972
0.1385739739466104,0.8353565435083518,32.77717805883003,1.8949822846250866,233.63802900525212,0.0013290401344235772
0.08667102025015984,1.3629881157039068,34.37377489184961,0.6751291194962616,518.4963859134353,0.0012868786472626978
0.0640791226397204,0.9143789538559493,32.33976522881121,0.6700898493596206,1176.4669425342113,0.001296828940049405
0.04310839462317118,1.2390206718496914,40.361815220652524,0.1271340315522132,353.56388017816585,0.0015039670991893047
0.049528210082384956,0.9907453908111948,43.586062712993076,0.10796380699225505,341.31790953834604,0.001504270236053679
0.31058916682923016,0.7441229336782492,33.2885753803718,0.7429412614172837,490.9852500281799,0.0015431604908658742
0.10363770515801349,0.6723626117621213,33.3651866618609,1.4132814329917207,742.0345479635189,0.0013126593391422877
0.2726027103411699,1.1786126352164197,33.36387862583858,0.8355358587702115,467.339715426343,0.0014609632518027581
0.22037219182522547,1.2797103992356498,30.509876063753975,0.9931363271665008,661.526541804941,0.0014835463480517873
0.0914805162390884,0.4472182320353615,35.58565156266404,1.4585840752943047,436.7957128695106,0.001449766800041209
0.25897227318883315,0.8673560362184076,33.697042599541874,0.396849988740475,510.26282156394893,0.0014992126082616474
0.26553267398838903,0.43458297121386474,31.80604122126712,0.5470187617818504,61.61993958121619,0.0014200660490728085
0.12469427917297109,1.6845921899099363,37.090495879498484,2.1429246110893265,27.52303478669806,0.0012044174190353285
0.09528346861587636,0.8974583742882193,24.815700107361888,1.8500821246783743,104.06167584021365,0.0013567354753327482
0.2480809328684714,0.012872272169899555,31.994626254694722,0.7473342920827678,578.006134424784,0.0014494250130844854
0.27742937780682503,0.2438026537263061,49.87568959627153,0.943345180477044,614.419369775583,0.0012653929966741737
0.27396527451138153,0.1761510051171076,50.21796652599545,1.2565240452773232,1102.0085954366962,0.0012646175521476225
0.2909445465660836,0.10074076992362581,38.97472029498459,2.8823214334559673,432.2980751177729,0.0013574234023059012
0.11330609634032957,0.8258086685714642,38.532496924298314,0.24139599298190512,310.47928639635205,0.0014413610312157036
0.10617432342757306,1.455950925227593,30.6283347550707,0.22533961809420477,326.135659891881,0.0014657862428656908
0.20673249519129527,0.33381007942926993,39.86988729124507,0.32469999030418545,183.95330230509458,0.0013846510073145509
0.17252431181723896,0.4811068080558414,29.249450860002813,1.4235521253177568,279.7488406626564,0.0013654857190391614
0.29513285210931256,0.2395830834820165,32.19313974248302,1.1480646178553404,360.2683150303481,0.0013543059601656099
0.2454194797742559,1.1567146545823583,27.63102857950667,2.736897435497196,656.4989286609289,0.0012864311187913923
0.12993671789732883,0.4599882811607149,39.02002586804211,0.289859344861159,193.40524615865854,0.001482717646316747
0.2712264383483633,0.5704322340693728,31.477142783493964,2.4018004088687075,200.29722536374476,0.0013944830183827946
0.12493537596439327,1.4490225858893646,34.558017264964775,0.20633222801029386,141.86823156220274,0.0013490621029163912
0.15753358554915867,1.355922131777012,32.83004980243834,0.2205579179783805,347.2174191895051,0.0013867699701592463
0.10362016007141354,0.441551806086454,35.46378374671342,1.027912752463586,768.7502257289393,0.0013024360854506905
0.10173361842198721,1.427540294679668,29.947855339198014,1.1017243323681911,501.3269346347771,0.0014233501871419737
0.025896254833690756,1.3083989429615128,37.08757092677988,1.4784815705551073,666.0197320268823,0.0013915684312725695
0.032828708931944665,1.7407273877819351,36.98622044375338,1.431353198090718,480.8950958027862,0.0014009364531522325
0.0376478814122118,0.8504640542499171,36.532463646908845,2.1713649966040984,1354.091846094105,0.0014417701080168938
0.04276923828390357,1.2750461588803554,34.163857332061774,0.9270688668618566,356.78057273972655,0.0014624627717814787
0.07338121860140605,0.8697861260196625,36.256140359454946,1.1149444878048271,703.8316245488483,0.0013777803929106438
0.10638273568944756,0.9972867753035782,35.769758761736234,1.4004315850521225,613.3456055695959,0.0013942822205697016
0.02615417164398702,1.3471320365494066,34.54943447081567,1.7076461576991706,430.4607043467154,0.0014758906003919335
0.05787481084675781,1.7702227470867504,36.99998096385047,1.3546505354705969,539.1704824273356,0.001537231988489834
0.1038697122168517,0.7775152658050365,33.28400386838539,0.12442603607525954,744.6507143730097,0.0015182232505474157
0.14145915780251342,0.6762687041777888,38.88957583674665,0.01938737058759122,529.7527238410173,0.001368356731220503
0.279612991151222,1.1477689717666597,26.911938905411095,0.013394121121313926,1051.9205278430727,0.00132362868870569
0.29905730977711237,0.5081224358906836,43.59321836202491,0.035731826110735714,77.21673357829671,0.0016320470193679978
0.1870732645019142,1.6534537593641117,28.305146834472918,0.059571032742281926,239.36670397778892,0.0015866134202642056
0.2508610364633064,0.13562308794513553,41.3385968253345,0.3497431222849245,904.8413152272435,0.0016145095449855526
0.24657355139123383,1.328515512626433,27.496269234589906,0.7877036450625154,113.62222492028248,0.0014175786735716135
0.18365359015434335,0.7466940950141573,31.806932165010135,0.9151233739655688,278.8885250536443,0.0013302766729349819
0.1669354274479971,0.9340507895048823,36.437104490406746,0.6947917719018056,542.1011576344149,0.0013647264160990904
0.12891410301060005,1.3017313280104248,30.14710067912447,1.2707091912762818,272.7445557506212,0.0012104477731314
0.12644207319625456,0.5169300470339989,29.201802791931797,1.2787047136303349,431.2271900156539,0.0011899453469836744
0.1735558484441893,1.5617657033847814,30.211347327914122,1.0505497238462271,680.1876915415173,0.0012322024786672607
0.17050705870849342,1.1482717389164157,34.23017760631385,0.28872180667045094,376.13962592911713,0.0014750855616676038
0.14040936386670314,1.6429918226353306,29.129335893234767,1.3614917029912226,342.44268604564843,0.0013676351354167556
0.15776689584392825,0.32592974710515016,38.39603876770937,0.9395214479572145,1509.225836563254,0.0014015275141097468
0.23561348970865034,1.0828284370400214,28.281681177225988,0.9827885034450196,39.04234232027614,0.0015276106223211278
0.21172659648852,1.1959465788754793,31.37922287258757,0.9975124924988645,38.63495792624747,0.001417564930237641
0.1623704538433097,0.49279270015323723,34.32116717352183,1.892358596665353,31.847346744454985,0.0014544481438163244
0.2870267226402554,1.53767517292594,31.20683776366789,0.7217467194720917,590.1946948906813,0.0012952009993510544
0.10172136215016983,0.9834966300181428,36.289200614241004,0.1386076963157219,402.5662397171147,0.0013519180250727528
0.11636700358744206,0.9169415746390984,32.98418624869802,0.09174256349387865,932.5804890207683,0.0013307608878737297
0.04200592897069588,1.5146334155264602,35.50106059856257,1.0222023199304808,188.7105315300601,0.0013956755226232
0.04263104611071162,0.8993277387981141,38.89064627604988,2.0999042222384983,1095.0203010395162,0.0015287081282211112
0.12262276637162246,0.8790798890446628,33.12221296121825,0.6730894524184614,180.88834889516338,0.0012755474076133425
0.15568509530451358,0.5437155697730103,32.070824234270795,1.7617414438327121,277.34456319691975,0.0015814247052236465
0.17565025596744685,0.4311053554732292,34.15408296973003,1.5221347818812758,297.5960943637897,0.0015713606102471169
0.23328631063527622,1.0319917732770572,32.600900937895105,0.15133188558796043,829.7695814217464,0.0011988097860959075
0.383336158467393,0.8448045209486693,33.767230321857305,0.42983720714331963,614.1672761879506,0.0012510200017241862
0.16029696533918542,1.1553414154428125,32.89726485507291,0.1733338193467916,265.50828645778824,0.001448420623109498
0.07141875905295698,0.8089100313283132,29.27377744723747,3.359019988787237,686.6866030566648,0.0012685189592863764
0.10074938131730728,1.6941180626105565,35.162541793403115,1.494899610210262,342.18909722807757,0.0014119200512119688
0.1864139102740199,0.6471083876090208,35.42498457091699,1.0143821856201383,690.0348552045896,0.0012903981467830066
0.1702298880761201,0.4159164584187472,32.11651814459113,0.6998236398213027,525.2125899693909,0.0015526081291240782
0.27276319027099505,0.7616205503375884,32.437617216882856,0.7904414522483042,388.9200605107459,0.0014148270282998679
0.27578186474736704,0.3535122011516634,27.902242381762584,0.7268690602134948,263.5150843561247,0.0014205540528368483
0.29367135493947694,0.7159230212510426,31.70513075636684,1.065161482512229,232.81769680803464,0.0014221330210071569
0.11329683181459999,0.7914714943077794,31.19097274760267,0.8276447822880219,15.870435955776651,0.0013012223786628004
0.11111767104491749,0.6352548189589942,33.92376377917074,0.8793050969071184,116.00990378936908,0.001359409990276532
0.10054060359986862,0.7031169146983913,34.18973798237412,1.3382004751700187,281.8456184687793,0.0014631375843944432
0.1142313430262674,1.0209568046370936,33.2875524574974,0.7744974735179272,773.7641137509426,0.0012730853780096197
0.10511121645665787,1.204377701133008,28.618927408059765,0.8408293237533122,689.9100839580324,0.0012785016249375375
0.1007695139336075,1.5656879019021954,33.35465784200023,0.8375122289344765,435.0684113003261,0.001356820020759712
0.10376475499710346,0.4961488071988411,36.440826871695435,1.2278482883981336,889.9298200574236,0.0015085514511866155
0.03802638278079154,1.342340979875167,34.093470872323245,1.2377037680421605,516.5181179019073,0.0013665639495719095
0.23780407232460968,0.5989001189616607,28.14148662099985,0.624133738956577,571.1909264837865,0.0016244649296789939
0.37737686790452746,1.0432140599579354,36.51794320578125,0.20094835813539258,427.246317468905,0.0015146139458190792
0.34270780388424754,0.6981922626304218,28.724651710084924,0.26758496677352944,513.3328931698369,0.0015051032687023102
0.09446880724204983,1.0250781029974696,32.18785861404924,0.6727719900834915,569.5728107616678,0.0013700499668441108
0.1621905003131584,1.2304045180289602,28.564172287276854,0.9172296721956458,432.7270297482474,0.0013619906900520532
0.18067431471565404,1.150159648842745,36.09269314792364,0.6479825016448031,744.2528558320381,0.0012817486570565204
0.1849686060744958,0.6537479002480705,36.24416754429096,0.6333754181564591,707.5415024482179,0.00127044010842575
0.17289599150529336,0.5883367667177142,37.556318808130726,0.8437809505437277,682.4902070112875,0.0012919779801632972
0.10296016186422093,1.2624300568382931,29.59620482550237,1.8556224571975521,422.95283088494205,0.0014864813870934244
0.07800305992975763,0.41559670075094385,32.290925028592625,1.1196921080972564,746.8800499445591,0.0012343049071283927
0.2822481752861248,1.1000482745015896,29.74204788346336,1.6378960794354147,249.32754888590685,0.0014378672839884454
0.16761347854924383,0.41092851639905703,33.30915244502244,0.9648021721175858,131.68910168566603,0.001270983111278425
0.1671159767752373,1.1567140329290733,26.411101149819252,2.176719612967503,1404.1480330118177,0.0013573660480385619
0.207941710321939,0.6693245011806479,35.29922599160693,2.194803211888337,538.9600702504105,0.0014608315556019409
0.15065033190521823,0.5975072227262225,29.629054598578406,0.809133960095366,425.26690212691693,0.001376966783379952
0.1667259793303261,0.5226467171095477,32.599852617079314,1.3578155117437751,1091.384527469084,0.0014628860406646427
0.13571384911936107,0.6935849982903496,30.079294195622264,1.1737121984340868,176.76179346009837,0.0013529630622676249
0.1632072607164905,0.9229736641655528,32.255383509001334,1.218322367072064,91.70442703329705,0.001336068167261444
0.2393148639152778,0.6798094869130065,34.759230429828044,1.1735009219743453,500.48255058506567,0.0014355185067832642
0.16965603568996573,0.974787430416951,34.26873336348874,0.22518611299000546,817.0121404591229,0.00125086250329794
0.1638584670579607,1.0849472770355661,35.09976951280767,0.8084410088824955,404.561444042715,0.0014970370379258032
0.18053574527654206,1.2762433104496813,33.24144958969318,0.801031853066493,686.5074702235511,0.0015032706250916856
0.16392335665424473,0.27851314662787263,37.536859244376544,1.1748979540301798,706.2732540645915,0.0014880719018788408
0.23976886862790026,0.5069832634415924,35.667013684260596,1.4425764438323376,100.84638670854821,0.0013987631273122297
0.22285059522227588,0.7187300493511859,26.714846735259286,1.4115164350909324,269.7730052621996,0.001338888661775152
0.14124530264880492,0.7571289937758953,32.61480243505226,0.58736605475926,195.3850031355064,0.001444370804635383
0.1676316919623478,0.5226902778846347,36.0850255811015,1.8885331662801477,1004.9355167631785,0.0014712960644060052
0.25530991334827113,0.5026452404782347,35.0508473811297,0.9454927602805459,147.8912281727607,0.001347725986819432
0.1482788240729905,0.9404899367559642,33.699005461753245,1.0835150817858183,43.35830965101738,0.0013566611103124043
0.20594387719536997,0.6529739709729528,30.891417996227986,1.3102992065231154,52.23273101760959,0.001200660761785446
0.1498592395605129,0.38683268019690653,36.86227124442753,1.867956091763875,358.54828617322244,0.0013611847327256019
0.1581719556467046,0.25237486199167536,35.92891156660487,1.9665312279003169,365.9466395124988,0.00138366228741166
0.10911157487960445,1.3879535562508225,31.64054409468623,0.625770546273772,640.0345150324742,0.0013438803398597367
0.07720200851691374,1.1630732955508025,29.754945093423405,0.7724802034957405,711.8908895997465,0.001402602182352502
0.08732404296343854,0.6597549575198419,36.30190934165679,0.7446097019428559,728.7996620847484,0.001378263416198591
0.2565014724014577,0.8510674011779912,29.36753929285381,0.93848175541005,442.0919014882728,0.0014054857601184965
0.11969506886613977,1.245246147232503,31.262257624286708,2.0084899862947965,1055.2836615192848,0.0014166402197083232
0.10594029601673689,0.4991273965741873,35.36781856906962,0.35317469913919997,774.6780625837116,0.0014394407119084917
0.27428922593173444,0.9674822568921977,32.40378251516927,0.6320561785944894,345.77869517833375,0.0014603620177978446
0.18945542642042965,0.5725102500729158,34.55005317041386,0.8275034473714711,1334.2908224632754,0.001464358988697557
0.14542943933601807,0.6830544789044494,30.685335532775586,2.1615307534799344,932.95279379925,0.001456771304114427
0.17711021738314942,0.48052362878204224,35.31818998320154,1.8407071572998672,710.6178326593697,0.001511926547545424
0.34188005302117236,0.3404224370668039,32.93560362710197,2.080068097783671,116.60874752905592,0.001411367472512223
0.0895771958396474,0.9830071447829606,30.23265211761132,1.1528554026395923,49.04096689134578,0.0012946468238349703
0.0647603645302971,0.4831601679726222,39.839640895664495,1.7409502693412784,365.78513240868864,0.0014372329957442517
0.337507178503255,0.8839488141956529,27.564399351176718,0.9954763413403759,788.982606746228,0.0014257355313242294
0.08802859888193984,0.4678134582250683,37.348908348497766,0.9081078937781947,295.84638862395605,0.0017784979157150274
0.16550814283275497,1.0956246845345698,30.375450501064208,0.7951423454218259,78.7547137067056,0.001535427991951509
0.07267199689106059,1.2266336724294162,34.7151757981773,1.2352741671819258,45.907904490670234,0.001483973784234632
0.1497129507674343,1.2462226583957985,29.204625738333334,0.9437959036247894,65.32442849589687,0.0014523569690556525
0.22559813674005558,0.19040027034050214,33.54918682614892,1.3986491767390934,273.30480478065766,0.0013543215127339817
0.27684879370425414,0.7621774389698956,33.70353634229477,1.4923534804515508,802.6564150348241,0.0013661248923748435
0.09736451477695993,0.9178231668318002,33.09928508841162,0.6243809068434886,299.8138862338092,0.001309275244726763
0.10518175180282954,0.6235780774044041,37.62345158137592,1.4662414293469657,238.3673254103789,0.0014382391858613224
0.3391935715818098,0.3255450624254185,33.866263261707545,1.382300781086866,514.956056645783,0.0014379970167259686
0.29534459887734954,0.8397732014369548,32.17239463213277,1.5810001479724514,1168.1339346833581,0.0015000187336593578
0.25741371905271143,0.9487574231578594,24.859851901555434,1.7805405023589211,933.5886668297435,0.0015286923224237105
0.04616655170324758,0.6529786351494999,36.066433145800424,2.3664858576512007,608.9847216360231,0.0015424172856578562
0.07741821308068149,0.5305888676397014,35.117039069495604,1.3458681701253596,179.9187550686344,0.0014158495014580772
0.07675636902446437,1.379782619398671,37.42530170579683,1.40205118304915,170.15117887606922,0.0014720992199074336
0.10476065462564878,0.526534113051507,30.877106951354644,0.7797642962063555,474.1354774341233,0.0013715458542864535
0.26907577610214606,1.285028380739263,32.608062933398,1.9273344572166407,280.8758708013454,0.0013698969895666214
0.12555413154034484,0.7056393303659327,29.505473517189284,0.41536683213622105,152.85362047653095,0.0013884407657605356
0.1601273610093998,1.299574489812919,37.89874303359657,0.3274076724148885,125.64877583278832,0.0013674129288714784
0.268887285527815,1.5942315716446318,26.27898171264646,1.0204071957645464,1253.7444326112013,0.0013947117120491149
0.18843122082326658,0.7781383101675184,34.4415284951781,0.8147242535637205,646.8996665614792,0.0014542086529735262
0.13959272083927396,0.6517651484953708,34.52195636192056,1.1403171427303045,777.8232679813051,0.0013981838686236028
0.1870337170291443,1.230031367012793,30.274717222862293,1.0769918755450507,85.70207406797313,0.001295769830441895
0.17697839281635402,1.0147950946007247,35.4518560901482,2.414091290140531,1366.5996918929839,0.0013778606049427789
0.21774030420500828,0.3741530569861469,27.51814095343669,1.171703349577444,536.0942553161813,0.0014251353453080783
0.28661114209561434,0.7984256388268391,33.43601603089069,1.361539283778085,483.4651018167937,0.0013942150883863194
0.2150926160737925,0.830232168856009,28.47445926226509,2.0065485341988087,619.4339500152627,0.0012853549670475972
0.3307648754554614,1.359267685310566,27.552674897916464,1.338829737149975,659.8449661476417,0.0012654102219341917
0.13874837097199577,0.2522374924138251,41.74086496962128,0.6197860568921153,362.0933524826222,0.0014368944986553839
0.29100018188609583,0.3279128810455848,33.22512387727818,2.2030997823744265,530.4829294803685,0.0013226043609052612
0.13813204564324716,1.35726042838836,34.41324363798166,0.3131865771097505,282.64417527408534,0.0015327308642832367
0.08568152916606873,0.7791433694361056,32.61528484263562,0.31584054690803265,249.1043244239793,0.0014295518553597212
0.2792377852900931,0.5338200050808926,30.68512900510909,0.22807954974684283,1029.7373846706412,0.0014158415148115382
0.1343729394256944,0.7023276483360389,34.23833773170905,0.0783238005469442,285.92975937704716,0.0014132295831199519
0.37366656558114364,0.6540114061803155,29.12734799311723,0.12269245925493646,185.59228072768784,0.001305262194733724
0.07714546944348563,0.5890532440190055,36.083400890923826,3.4329976333801593,887.0552426649816,0.0015370697993828141
0.1719024896792439,0.5633143913768712,33.37550639728682,1.1697759788362907,438.02561100324925,0.0013836244717005616
0.16386732057852002,0.28941519649746256,47.74210296526611,1.6751364492985539,261.06657525902534,0.0014491303994195498
0.06640149002829357,0.6889006965082991,34.99711988754355,1.360816075044883,637.1102762933914,0.0013575552181059104
0.3255158886001833,1.3856568470053032,28.208479419904922,1.295626606205536,303.90866869665456,0.001250091836094099
0.15001155258880494,0.42332632211763843,30.500568259394417,2.331729906631291,406.5095120158268,0.0013338606052947784
0.20233721860264953,0.7169348131163892,32.17450485374185,0.5833194508379175,721.6660907939898,0.001338027559715499
0.08680826885147128,1.1438231282933558,35.96781406249241,1.2660787500623214,393.3758685460512,0.001500994723416574
0.2820565392047346,1.0138268813235782,30.22274782154362,1.4960385463956014,706.0354507368098,0.0012883957682408738
0.41715535907212264,0.3807453157939767,30.532083752497755,1.5559839717730433,547.2985021210754,0.001225959185182496
0.30382441175058517,0.41172087308504274,30.22752969748615,0.7802207453071794,437.9055170562863,0.0012086718112762672
0.17962561158436974,0.34309881286557403,31.841978211290336,1.7084106335434257,28.359136320920097,0.001279419201078304
0.27279798837660607,1.541393801202369,32.40547278550742,1.3044649016032093,67.14105863938566,0.001346193417438989
0.23749442288653635,0.3301619922913712,32.47914111407009,1.1830254000389266,28.63862140231268,0.0013681141031104277
0.09425192099182489,0.9998257051565642,33.16139034347231,1.31513583209433,74.55000459550223,0.001399162011150154
0.13921102273176567,0.8781010687206469,31.24917653682282,0.6383448315435684,162.27840934932905,0.0013355761118269054
0.18824148876818497,0.5478486295432208,35.350923975346326,0.3630805995878304,532.9125978674426,0.001366738289468336
0.2759429522643636,1.4529760497274609,30.996255658895578,0.11467520326152435,410.0336847956166,0.001283594951131815
0.31856636762339163,0.4975992483287438,31.640171857252867,0.03154242758206898,620.0865137389895,0.0013248734334932676
0.08025537380629,1.04138122372159,34.93296924639852,0.048275641735374936,540.3039847515104,0.0016015689894481847
0.08181587748141321,0.7163857935801924,36.49826810041352,0.024042569276651937,992.6513122746869,0.001568747046915358
0.10640050599750556,0.7150052917690773,37.40366090780572,0.020791739178789483,898.3998948893467,0.001581316507312624
0.07605380656270998,1.178737108821795,33.993258540726245,0.5831768655659261,201.2436388144085,0.0013625731648243544
0.24014913720565303,0.6148472568954453,35.24662723130078,0.9544529130443802,79.04157027783624,0.0015498230590422772
0.04264433679213503,1.5756885196534454,34.05737185746477,1.6667230866017362,656.1910819336528,0.0014444216115332622
0.19677249701677507,0.38714892855419003,37.23457816388097,0.21025264880051311,481.3876132256023,0.0016521338771884337
0.15009616073828513,1.0157328423823369,30.476174186959653,0.18072064053917122,686.0339848955006,0.001410523082035309
0.32599244705051184,1.5079192026409212,35.291970264658744,0.16554093753607413,500.14244023111826,0.0013286697481143985
0.27345726398416453,1.0026679880734801,29.193652273686766,0.13182505301879513,517.1043308476642,0.0013333081680460255
0.13018852675683154,0.6181338256784971,39.66781597888982,1.276752626520865,205.90559990485994,0.0015651955553699225
0.3384155403548258,1.5937369909785795,27.81960141960464,1.1836467355856053,140.3979214871736,0.0012518470418517306
0.272935114403782,1.9767869606470008,28.677659929483774,0.8165671784620899,222.29296576249146,0.0011934159448056055
0.27229869285319724,1.969845113158149,29.08962683055239,0.8670315105318871,185.0519335371837,0.0012190119611662107
0.26909612598700433,1.8800700938060753,27.30749111447673,1.4917435575987033,138.9271648048905,0.00135441868473138
0.19135825397707618,0.22473143263517395,40.32078716865893,0.853051257811591,172.68271776096302,0.0013761578609592247
0.1563859155389697,0.3485778833148358,39.164842860716604,1.1594596152755183,202.5304761686417,0.0013525916901312865
0.154034784198997,1.4111671348750945,28.31114059139128,0.3929925646841604,468.43025269205003,0.0014538796399066927
0.09225005085821063,0.71596945787146,37.69058010888636,0.2982587943886768,1050.105814129185,0.0014654510280908877
0.11910907770037141,0.8104041372576173,37.07081737699997,0.38550110917501484,586.4605704924029,0.0014528196708560035
0.15147641947975984,0.8426466788354724,32.92339663697716,0.29768156546444086,461.01338081612863,0.0014222496538287015
0.1452167840611711,0.9427080120223349,34.246306278669216,0.15354275618320415,344.9726812514614,0.0014979589505490476
0.1599483291821368,0.5397910159031061,37.82544949557042,0.41323233523146496,410.00752849039566,0.0015497381297470232
0.23644501116214123,1.0109590266320045,29.215740284558148,1.1521739466044265,259.4471082322987,0.0014012035656833352
0.14711618643823862,0.4586300662623552,36.492328165121705,1.1348300580661685,835.221140460479,0.0013847964447159691
0.14732935997280783,0.4875405344780603,36.75342701719833,1.158254255494105,844.6687752951846,0.0013844511510074588
0.2110701782791158,0.3711880564931988,36.05339446921418,0.9498185332258339,542.1107004063002,0.0013850252877815636
0.23047708462517125,0.3861798855607493,31.67882582648088,1.4025896687376964,313.24868710279816,0.0013449583676249741
0.30453248776735176,1.5078459482551667,31.143364257037042,1.2479284283289063,434.571574854569,0.001430420414147885
0.08563385120521795,0.46168018428249835,34.966530506584114,0.9898826976080837,479.8061804850772,0.0013482194032487637
0.0711632646083138,0.5845097974216819,36.57862881594608,0.9862655927591994,602.0385108816703,0.00132032972695243
0.11085922412027133,0.5453324170808278,35.67785642412573,0.6483320118053859,946.7553990707636,0.0014253710390356254
0.1276912261149476,1.0048736418857673,32.2985002392443,1.2295566804176181,306.1152699742043,0.001467787078712244
0.09751201315073398,0.6249847555094457,36.208867167678974,0.9699790298607878,811.9166151536083,0.0014610536788107651
0.1335905378660919,0.859161828636413,31.67448220948871,1.350974126602119,759.1773174930901,0.0014022238173766115
0.298821496038187,0.9896399631317921,30.06759453141446,0.7802434567789909,1066.2040589419098,0.0014523434369731686
0.20328501194799606,0.9316111982738217,29.6295929720463,1.2413297825394751,530.8422451822399,0.0014836608465068016
0.1263063812631683,0.4743695886958838,33.754274425449985,0.9982214379527977,216.90283506575338,0.001454750272647026
0.11913644172779515,0.6866400874122847,33.395814340944426,0.82596698720905,159.37952705555585,0.001453534928177045
0.0714594684859598,0.6435656537642163,38.929240113355085,0.8774666764615523,159.334609394642,0.0014526648363242809
0.06380223866709099,1.266024835357351,30.459694850869543,2.1694269925096608,89.14157827104991,0.0015629824913966682
0.13237729458274167,0.5953976174648588,34.89585857168291,1.589784162245203,171.15068655955216,0.00157236310177787
0.22070189078558344,0.6279701427726057,32.66815681178992,1.3346681579980133,807.313142388195,0.0013189754664421252
0.11694252167034175,0.49121804539119324,32.88221636669255,1.6046387486094045,326.13115814661705,0.0013818512403500497
0.10853616083458065,1.0050039521390093,33.030701797406884,0.3035711148336437,91.01322493826557,0.0014132270549527593
0.07219486377577533,0.9691177261559389,38.548704705426374,0.2416770384759218,54.18595672422077,0.0017120204951237756
0.216626029688751,0.5375400880765443,29.777010865863623,2.2953242894942814,39.67537750364509,0.001256843738604526
0.13148362277020775,1.4027534195589582,35.21538046158335,0.6421404694620081,1724.052993286903,0.0016042015650912012
0.08138621605636208,0.6135087915937207,32.846482533644554,1.116301165464981,417.8564923357092,0.0016462301724303745
0.08927124428409744,0.7418453115093007,39.826977282749745,1.6615336456170602,286.2454767594679,0.0016636403457490094
0.08414097321355897,0.9059410808237397,36.68097825762499,1.6425499984511132,269.2878140070752,0.0016641080503036628
0.05740140155616837,0.7134246671469275,33.70398704515037,1.281015844472018,356.06523403490934,0.0015944559022572388
0.19255779538426385,0.8424130755839068,33.39470952711246,0.8823434552577184,99.21269062838584,0.001384004776059597
0.23020782865581307,0.699588984856523,31.446114435769474,0.9350637211383548,116.2123152400956,0.0012525666919756095
0.18951645131881156,1.763066606748356,31.26949310385418,1.8629849802067013,36.369120448418556,0.0013806380586453518
0.18545710151147046,1.7993950204154963,27.424263277649715,1.2228622303732641,42.6931546292957,0.0014003726121922183
0.28782012970059717,1.6452462688818899,26.22791941736673,1.1990844678903427,75.30061551993012,0.001397192659370873
0.17610737165307697,0.35001954348152103,32.88752335258311,1.7040838496176778,1034.6720646342185,0.0014692163727318174
0.26490545058723475,0.855539258563498,33.74150990657771,0.4071848336104795,248.81175939790816,0.00142219203383436
0.14586062759109317,0.8602089282417917,31.649356640770048,2.240316419796032,804.4783136970009,0.0013269346981209028
0.24597702820082326,1.0334480956928203,33.75158396768977,0.4212091420145628,315.3012817510501,0.001430754012625483
0.14971051576568675,1.487407910672883,30.860227260868612,1.0123720285146298,638.8245393808407,0.0013510135720510347
0.1929074693265368,0.515437885650309,34.457973190470575,1.237838447322813,153.7079834935854,0.0013219769480993066
0.10129528617838006,0.6827752008979863,32.61736939097146,0.8684202770336522,205.52417627388266,0.0013863813903646168
0.31197348940453756,0.44286895345384103,31.159430164385007,1.2229301880711883,557.700671408605,0.0013948219806308863
0.1781354004262104,0.5761228455591955,37.5246033464765,1.3450777377915297,482.72028321675936,0.0014176117996740018
0.17508149264556483,0.6934340666658317,38.555448290556384,1.6381811926870518,495.6008653322157,0.0014282032420292108
0.28270302314069995,1.392491025155111,31.443407789825073,1.4333346483040543,846.6835908796962,0.0013170490874265535
0.17315921339315202,0.9594238185423565,34.20599344456694,0.9390237447709978,255.47737788150476,0.0015923813859770766
0.1191049989591072,0.8744839809279297,36.87838879266799,0.7805506795464123,48.78712548189461,0.0014434776806925647
0.12357696578281162,1.087357656774353,32.26050151124384,2.2913269549706614,14.372685759538703,0.0014555398057298212
0.2784193795520798,1.1888928980441296,32.79953177916407,0.9899454720278694,7.208227531212346,0.0014161499158523503
0.2484656577182046,1.4869743892637903,34.08859777596121,0.8281451636300157,11.676770527835266,0.0013717160038960452
0.20876460100048636,1.4443832544904278,32.96803338941131,0.8188783802835066,12.838152596271788,0.0013699961637285835
0.28978538690087113,0.714200787970316,33.732015056142124,2.3168095854000534,707.1170431107125,0.0014076289373612413
0.2844497798740999,0.42400539353470446,31.28774110330908,3.1170720964980974,317.8717450044915,0.0014314290761437791
0.2835440988843354,0.2990658507648721,29.191718860699115,1.7462749246365088,365.4960147259027,0.0014414111567786843
0.3272587873892829,0.5146605745877405,31.03108813445987,2.131123026821402,402.86538317784306,0.0014496458811674158
0.0800934553098674,0.7417990636154629,32.49019680793761,0.5230321672564439,736.2504273777548,0.0013502879907321163
0.023939748151565857,1.4974157671608324,35.80471471015536,1.2441401262558947,676.7699329622583,0.0013019094349441718
0.07496785657723397,0.7996445601537948,35.629674904733996,0.44950599161573374,548.5510693068517,0.0012909479727320728
0.07320269547529057,1.3290539239194274,33.15722668356336,0.6217971567104095,1082.3161160593268,0.0013504150780672406
0.15438561087914446,0.7094387865409582,36.169456018163565,0.20315130873191634,287.8675943192059,0.001299227834815633
0.15911768135452195,0.5314132081984041,35.57396797666022,0.07207802271209997,282.5964242387308,0.0012631895347238514
0.13656103239045025,1.3339531093954209,34.67574439361206,0.052863923159187545,701.638966485607,0.0015745081281373589
0.1103694699657689,0.793493691580452,40.5220930165225,0.05815277344277229,803.8883241030052,0.0016259695739369328
0.15834036550402733,1.243593626378312,29.830045503543815,0.3749832242811098,401.1712330827866,0.001391245910048032
0.30986094319991,0.33170230267566986,29.99593280432147,0.9776156417676292,432.0207259623252,0.001278942366745107
0.08456193833042686,1.3241763464486036,35.49236216015261,0.8955802018925074,722.8934457196028,0.0015221924044253041
0.2842671360469783,0.2635021737737791,33.11217458292296,0.9290890058735358,276.0425905215183,0.0013476344428414873
0.2916837055600195,0.14937218041987693,37.48516690698333,1.397135360291066,435.7106325560395,0.0014716916378627151
0.09253329552033156,1.4888673925327136,31.039769861950287,0.4774700000779141,537.4717205761457,0.0015176564756016657
0.08721420359144068,0.7930086408297342,30.72263879210111,1.0927200219817192,699.0258451140154,0.0013126034031815561
0.1517468883752815,1.0450238568055388,33.62090865872253,1.4929192016986363,314.1750981474811,0.0015992335777236535
0.16135596283675527,0.5999522220615856,29.517924938818933,0.8177655970007283,853.7185795544408,0.0014013556256665673
0.23163284005809057,1.384096367304964,31.87630718890732,0.7217135855705795,944.4365381193205,0.0014159555234512064
0.164962424511151,1.0383708002435532,30.367448895589188,0.42140637782200263,724.7672535979158,0.0014307541298261934
0.2113440190326883,0.4181702723310289,35.64767645185586,0.3491506421108325,143.54677750329873,0.00133613046439376
0.24470074657697563,0.6938413914438885,33.283928739594366,0.7442592132367389,249.9268173124076,0.001469980552301806
0.19954474411178216,0.7062616283215071,29.059175674134025,1.4286622315725903,373.9037965403908,0.0014640340959661434
0.17528887106365748,0.8403171500421235,30.167682087379976,2.5585608181760193,841.0093401039203,0.0014035815041281872
0.17041748581053692,0.7811386501909966,30.625739452679248,2.210155125985369,1117.728660476579,0.0014143758689089728
0.12460411410899913,1.696148077310113,30.22906778664695,2.0696560966838637,1241.5823017032988,0.0013643526945678486
0.2835654678807159,0.25620956931100747,35.41133387134135,0.4871863292133248,103.06178634755729,0.0012924267347876586
0.19463023915861646,1.770207607564711,25.78802147438764,0.2774934126635427,180.17860211122246,0.0014957825685193782
0.1529915424442523,1.5131514058904227,36.31350705820932,0.5061684913199576,455.2725457212745,0.0014098775331933726
0.025697670052393363,1.8044681264076834,34.15490096760753,0.8405539707339102,294.1060137002245,0.001421888473271616
0.1510226146846022,0.4336509402904458,41.32735748441308,2.1704588133136786,1217.1183842348996,0.0012597883447005055
0.22339878756402068,0.4705648209805164,29.337622246259983,0.9163952591366025,67.20788273044197,0.001482855447395529
0.22098599080608608,1.5696617350982058,31.34260170886391,1.807302751783197,222.30714727790377,0.0013667040385140078
0.09301693361686647,0.7180413801361598,31.629773355178155,1.0127156218841677,43.98035132773073,0.0014244319950999006
0.0805037906722592,0.4102018577142975,38.72467070532389,0.7543917568888792,88.13504502506383,0.0013616174309574647
0.41373639010864466,1.3018127695277943,33.68909154829798,0.904392028247551,983.5614522230003,0.0013628716698114547
0.08036933902054257,0.7644392631526395,36.40208682977479,0.28676665558254294,60.129982375925124,0.0015395373621755178
0.16169114608963825,1.6460907558945876,32.61090223286354,0.4995875139915842,388.0613973964923,0.0014917911317155765
0.1335956088063355,1.7885002143096345,29.982609204258022,0.4322215992138588,300.064308347398,0.0014657678231719223
0.18797122114742873,0.8764916370108233,37.00118291337463,1.4526890628444165,371.0109295072306,0.0013520884442262955
0.16931858583997772,0.5728900509176961,31.744209539665807,2.1400923411142845,114.08227587848097,0.0013681622936342532
0.11878407980989983,0.9592471260473778,33.47476442965685,0.584067943290321,803.2563642160849,0.0016498599847249262
0.186297039477949,1.2861605851517208,33.45289878507149,0.6134745726622969,599.4327603261208,0.001495294723075091
0.23627991887585947,0.5286271824034984,32.89301957586648,1.4345083746077696,685.763897936751,0.0014051406027161951
0.1733885638553114,0.8687780131123792,31.91121770117121,0.4838513874217904,20.988493157861676,0.0013468618304315488
0.3027262287682318,0.37213761997602635,32.39221999346177,1.5322672442967376,43.21769692273365,0.0013668497416067784
0.1571397942683422,1.3242839783854388,30.440811055115176,1.19465909054381,600.1341405841191,0.0013956071787438072
0.23361838295402185,0.670638578823051,32.3061366317882,0.6181031043568431,439.43491805164354,0.0014649596500617595
0.17604621017901978,0.5211064760882451,38.601161047193145,0.8903717028211509,240.89491273921675,0.001444244857369037
0.1451405215138149,0.734602910149046,34.44000424804992,2.466714085824243,261.4317100843785,0.0014223780964513744
0.1942570852454703,0.34368773060455415,30.067656388565734,1.8830395607736718,651.7322169362997,0.0014093035255940225
0.1920550085020003,0.9195671270537972,27.825696308596715,0.9566621623027585,613.7456620467507,0.00131812823324335
0.16952176595456384,1.384817817984323,29.209690326374936,2.5559063876023247,807.09410164256,0.0013165771668815665
0.2993651397169288,0.19652122129118585,37.33049857475133,0.6251883150888562,271.6449969213707,0.0015871094567691155
0.1961905450641416,0.8910100345091453,27.19537342414316,1.29799726818619,524.7703627251649,0.0016257623618335993
0.12849782467708948,0.31261898552476225,35.844902360957,0.6611527844738183,811.3626578363007,0.0014937490664238245
0.12925767466907856,0.7617467525987196,38.566333584378384,0.6434741612739424,924.2479686079539,0.0015041797030261777
0.1541567075338063,1.6422595717947486,26.356463941379307,1.2929858402227956,163.16690047654575,0.001247989146073374
0.2834051551119667,1.5989814819704768,25.228813772798237,1.4299904519254516,913.8394556916163,0.0015035526947891427
0.19654899943800944,0.45827988937875885,35.46628301420031,1.4394113974623088,531.5565039315254,0.0015595752553084652
0.1862734794296808,0.9072793722728179,29.460109543720534,1.179000807310281,309.95263391782083,0.0014890022551412698
0.16890514010886712,0.3205977808561781,36.622037005430016,1.9213343806578804,288.14100088080517,0.0013953274084283446
0.16177282889349207,0.3181035241680987,35.366767151232594,2.0165616924133896,256.4901957718719,0.0013956703603059837
0.15798538113113877,1.3331793403891559,31.467768759236936,0.8947671343966558,489.48911125636147,0.0013174486970029754
0.17979792876302775,0.5710081808081287,35.84076268515612,3.1353379293695713,384.04589512556674,0.0015081698053018933
0.10522366812584046,1.3707588322418967,31.702157784616407,0.5031193971328694,917.155375949275,0.0014059484791039865
0.1269193015060322,1.3346000763235681,39.77216175802225,0.5723492729833147,383.0158678939458,0.001346158971713883
0.13131084896404482,0.9247784942224254,31.33435556995279,0.6027535455368881,234.31106909567362,0.0014472532818739538
0.27713533362356085,0.9074231739902232,28.82636420645543,2.050053167464098,770.6919478184544,0.001281165917320826
0.23533903388321253,0.35702881432699873,39.22664367382837,0.7621723465221706,356.60909642596215,0.00132586023588609
0.28518508962915434,0.20719954128354928,36.38163857237391,0.7577055087116759,742.6205734118489,0.0012517710394572695
0.16433185898819516,0.6139936917618748,33.86657478661465,0.19120116430814518,272.6888645508006,0.0013221162182178105
0.15276571098303873,0.7644076128231506,33.11063467408709,0.18144863298373962,202.17705050721818,0.0013308585341094345
0.25031899860214785,0.7062665287071302,27.232373254215783,2.6524842503504438,283.7099681201943,0.0013328853505080792
0.32383375144563786,0.7928176852308587,28.735104604658986,2.0011660321999334,491.1654478017161,0.0015429512796159084
0.16293154837093635,0.36527686651166863,34.221376592295705,0.9190924573645681,602.9943701228694,0.001352138419715396
0.11096761933365988,1.146653150137402,29.29498699384946,1.7599681485818501,365.609887295417,0.0013268003872622621
0.09916872504532205,1.6130310849788696,30.574059458349424,1.4535805852155494,238.94981433600628,0.0013668156135790577
0.15713649258584475,0.2581860841648276,39.586431629145615,1.1589689715368188,45.94636946537326,0.0013805847814476583
0.2805498383496403,1.0205757956858827,27.51230532427153,1.5410917588994786,729.6830752972245,0.0014081154678989368
0.263351074032552,0.944389553015807,26.640659459898025,2.430189153640415,1016.8710412643601,0.0013691204978715332
0.4174012010983037,0.8711734916621663,30.93821691384892,1.4056479091376626,629.9940324622955,0.0014613371039368902
0.0568076151436237,0.9510834777109056,36.2218253026687,1.2515977063136623,283.6803568399089,0.0015373366840870603
0.04296105453949352,0.7768154137706564,37.06884340581062,2.7809901568119155,570.7943092601009,0.0015570552349019795
0.3798507469587596,1.0022759691983283,30.706834944967635,0.21867150324428508,4.200689798102672,0.0013939880469033628
0.3808644167740654,0.8107697867982064,30.084092587705072,0.31781751150684734,5.660456442903872,0.0014146151798543939
0.3134147925221531,0.45324310548617097,32.24215263774687,0.341996592371036,7.903763434590897,0.0014929407563944884
0.10254955992530101,0.6050721162700937,34.447406447901734,0.7554650716677576,0.960306870262436,0.0014587507230003414
0.10039067254980513,0.6648059478722838,38.95746178556516,0.8366607470529724,0.9305651094038369,0.001449774688545347
0.307015100029363,0.6437540889655259,29.537886851035903,0.8174066567796535,0.5151172446049096,0.0014243852099887783
0.12563827825884408,1.1154441857758228,36.89486562435751,0.08570165887683662,4.354678062802188,0.0014920711763266165
0.1441863102743257,0.6324587671941458,31.14237445793514,0.7756149432465737,12.574830146056657,0.0013076633048688172
0.2376966585945968,0.32120455148507243,30.758041993290007,1.7556929256275389,156.91793296700234,0.001527035259422643
0.11455293575456446,0.5041294903111613,51.00598154640925,1.9617166675981537,124.11743401285004,0.0013372282992543361
0.13776447269093806,1.8986736555353643,26.953459122761306,1.5833883490397256,469.780569569143,0.001348067069388232
0.1655453134159962,1.5659717519288507,30.546121267257664,1.2054223539299225,915.0438167672894,0.0013455585277768758
0.17226369776929565,0.37035660858967173,34.99696821086414,2.666819659961935,368.3974413417031,0.0014637309455832236
0.15528296822813492,1.5572672290155907,29.748545073791632,1.3126738237410247,433.4605906585025,0.001572535984386417
0.15372450452128972,1.3355756693340868,29.938789312569934,1.242580186794907,455.54317325895363,0.0015772721425940152
0.1721238309288697,0.477404938511677,30.879080992902537,1.0696416368833515,574.9865780901957,0.0014475432155518072
0.23036574226334638,1.1479452185757102,30.72344796452413,0.8897831666329966,1032.2323237952683,0.001399760325853469
0.17490296356733562,1.177838304517224,35.588482080223024,0.5514186272246864,1051.7103652272883,0.0014371597689235747
0.21611821931524278,0.8900654598017195,32.343772632801766,0.5835580107750576,1096.0267514129532,0.001404719374746196
0.2713232988327021,0.32504199767935615,33.328352456863826,0.7940915892743812,203.1483691209786,0.001390913365601361
0.1497720204295617,1.3703317964580548,26.56297546160194,2.4404349050907492,363.7957880208228,0.0014118109011902397
0.35685330646576824,0.22402146034507386,40.67543388058187,0.707158411040691,119.78877633399902,0.0014607621271833181
0.2392214764526548,0.5014367945377491,30.8263464701065,3.0696079564280554,20.67914540008852,0.0012926140288049108
0.15861473494798828,0.8328828917151916,34.412540438617306,0.05124280005171109,1444.9166935570704,0.001329746546395956
0.2388169100511583,0.615963574886674,33.9779963570985,0.15390416717460717,1030.543099366811,0.0014720816403298908
0.20205922549223976,0.3023799552192269,30.7870421923182,0.11316791069560413,1029.394865225785,0.0014342741622613803
0.10782297925416309,1.6210792085756796,26.270579928743462,1.185362242718895,153.6041190591896,0.0014753200181590342
0.21882200801162688,0.4511373728672196,31.720160011821022,0.46714742903552153,129.0826223930177,0.001520446293818976
0.2355046211034593,0.6560885052128529,37.59719085766003,0.37215219382816234,106.64515462536053,0.0014551790379017469
0.24683196383395078,0.7365220278988769,39.936939162844936,0.35789987215237823,118.15524915493178,0.0014292151117111466
0.23460161954390962,0.4213020748064184,37.59304656970567,0.2850158067167452,156.0628795750705,0.0014102017915050894
0.22463901401425673,1.035726772139179,31.37757834442435,0.1616292652320005,125.06095485172756,0.0013777372170970161
0.13229898909951496,0.781740614197693,40.31197947293086,0.16513899590839357,72.80977648627191,0.0014360631650423797
0.28866639213570217,0.9051654869422777,31.338507833588686,2.6533128891719806,149.929018695095,0.0013564580178522198
0.1979700085666934,0.49454944667598305,28.841320093319467,0.7645226298225417,1563.403217109355,0.00131220995777751
0.2041597386592532,0.6981707310934854,33.66053459871876,0.6721074784935089,41.105167888202324,0.001437540114107276
0.3757956070986935,1.3523633170730822,29.46491687515883,0.6435566580484572,28.4124005686813,0.0014764998555868414
0.2871174223403508,1.377255221693159,31.682211129660722,0.8268425727113392,22.708980441951084,0.0014471965893232608
0.2164487806345801,0.5277430126584958,31.247072579713397,0.3144479751085317,67.53931487563496,0.001443315886437706
0.2770238192974036,1.4411496566454054,33.96119507826037,0.9644057551961818,166.1147020744293,0.0013892462544625108
0.2822078411318736,1.417179416249739,32.64928369610195,0.8023176353430829,196.39862549827745,0.0013901353785784128
0.22985852302741464,0.4282485341444486,27.788158840923902,2.313035809709699,149.99315670439483,0.0015407364539305381
0.11161767313348786,0.7954361144273501,39.47127071742217,0.3746051735377658,347.52853777032044,0.0015257247554213336
0.1005978025031695,1.3880627831786803,30.836024618055724,1.330198037690084,896.3828308489119,0.0013942009818513098
0.10203849642649997,1.3270066897166641,29.181705601542806,1.4356907765840177,788.9274335095423,0.0013930804874795468
0.11504384859495369,0.6709193414675955,37.915711595715656,0.7152669019899383,1110.0692367015345,0.0012693123542464571
0.1107984891345429,1.4849346928115121,31.180030872733024,0.8910552028214771,273.66006182050586,0.0013196512004811825
0.2993951317772292,0.22337097144574847,32.95407994163331,1.835825820619956,554.0670105266262,0.001404648427667457
0.17223129605054616,0.554076962449612,33.83980313313594,1.3555981508583785,531.4631958078734,0.0014619330702705774
0.2515909017873929,0.38718621479738513,32.48680839226861,1.6000200001516185,574.8684811058288,0.0014709569789875983
0.2134697799274889,1.355919263789832,31.68926159657502,0.6267153666498249,515.621169125875,0.0015709771707181916
0.12656118400394478,0.7886023782057993,33.328349628177946,0.9995429505504249,31.107958542022352,0.0014424511720034993
0.26547413345403326,0.44003437103592424,29.936763507257968,1.7844036599970392,122.81027934606215,0.001376549884049017
0.21367044611303349,0.5610348352657812,30.146360401286817,0.7512118488854105,353.6779998342681,0.0014088256784519173
0.11986424338796817,0.5897331602933454,34.31581246808202,0.6082657488769854,371.70741617382936,0.0012940103362983283
0.09541601792034878,1.3008341336266898,35.24814272123034,0.1874391479739281,586.4383935453321,0.0014893918542003368
0.276441601595989,1.490930027380686,22.96800134589593,2.985450751328931,170.75293709888155,0.0013374137807109169
0.2763880175969302,1.6146802741725168,21.869279509579872,3.3470687951324543,155.44245244699277,0.0013401556018761151
0.2812177678569006,1.811477270857169,24.710885750752126,3.141953980432834,104.80396890087793,0.001336269468865275
0.22277427979012757,1.807461345739449,26.576205790922952,2.8067185368285528,87.51401408028869,0.001340623009636369
0.26317947887770043,1.2690358513609912,26.08014534630547,2.299572558505858,174.69389821451006,0.0012471985721752574
0.23083168483097377,1.0117183598529689,22.45575056930762,1.4703919417396778,220.9004679067148,0.0013119734316248011
0.3074504948931975,0.6390852674936314,31.843802089452524,1.760868450539947,192.26480101933032,0.0012519705079348435
0.2480060226091698,0.25286419493890794,28.24528621800365,1.6831759585628372,207.65177991906685,0.0012680644037041003
0.29967583547582205,0.756078059198808,32.88182269461028,1.7189069461561022,194.40572053585578,0.001277539777240264
0.10864780198122846,0.48879720223345435,32.0525716846093,0.8375790366126242,925.9129140245448,0.0014836537259251105
0.07580083341490401,0.8762227199940407,36.32205197584766,0.5260744892098098,152.41878925822155,0.0014344972487428187
0.04773037996245416,0.7462837651274496,41.09471246852043,0.8318361659412724,379.66080206621064,0.0014019618467944978
0.18889191818610246,0.9000830593646292,28.15333635007308,2.705100428120752,424.91652717431526,0.0014886871448532336
0.28756348877451976,0.5210921050228096,33.517362390541635,0.6236549391083933,782.3479303479198,0.0013575217022701242
0.28067487583548184,1.3107936679830494,32.56729038000223,0.5047893712475542,442.2942875994676,0.001412716293986478
0.28949847552314084,0.43844330863736397,27.31904185751845,0.5195463470472107,499.6816668669959,0.001463003713353036
0.2720661509779277,1.078693271146692,30.10225944991648,0.658061296755242,550.4735239549226,0.0014698841388144151
0.09492568784052671,0.7280891635106822,31.992971126956153,2.4123137601777866,568.9481265022755,0.0013150821099678495
0.15757478444269885,1.0134446437645408,35.320150354148915,0.6614158662102362,733.923732040355,0.0014816911658005513
0.1427270965081546,0.6662179922876615,30.873630357604334,1.5319108042146108,784.1171741766101,0.0016086252177714034
0.06943365276683229,1.0054519230256154,37.388018142448516,0.8318481123064156,306.09727591105906,0.0014832242328903526
0.07553017388042509,0.8171260957749914,35.2326818900816,0.2030912878791674,1242.8487015373346,0.0014447926579089774
0.16753069028231612,1.7140044557157694,32.144178438860344,0.5395759350086217,285.32209670116663,0.001510910967987162
0.20126007865551512,0.4621844015128971,29.725598897908554,0.2531539499218201,629.3792694296313,0.001504854300364198
0.1530501621663322,1.6940829930304324,36.86594530856084,0.2824530788203009,1105.176111269112,0.0014958544285619592
0.1724279202402919,1.8191849622773075,29.291596635746945,0.24994870187406934,837.1610304138558,0.0014579285128007143
0.06139389290433913,0.632950308971235,37.425529098705674,0.8483017665851255,278.1153539236724,0.0015155383032982328
0.15240033376132558,1.0189986715194048,28.98751069344933,1.6527626467104475,547.1468193053861,0.0013354377884973374
0.1548203880730988,0.6013022351411492,36.48485520240097,0.4868442014735019,594.7459436833415,0.0013719389559081387
0.12315514891501628,0.5967070897288586,34.387952776483445,0.3939965613060969,655.6465007505761,0.0013316842781273986
0.09760668767859933,0.6889803777130019,35.94616528903011,0.5369927317976128,522.9753189967406,0.0013594296107262947
0.32916005086181166,0.4806194467103935,33.59575968899742,1.5725098707211485,255.0832175520526,0.0014695116546635338
0.2565572876246607,0.4052166062538689,36.859117133704714,2.1211740066487774,661.673308841585,0.0014362094027680619
0.2647831816580614,1.1632192421964043,29.621264521797354,1.1575630466340951,335.20453359875984,0.0014935590075265117
0.11445556017270254,0.5557799402550287,35.082783957316636,1.514451879952176,289.97264997649893,0.0013571786406275336
0.18264765230431074,0.46734726368080565,34.71498492902344,0.6175584455885677,76.75906026936144,0.0013760273236765744
0.18415641046375592,0.5842380285520017,35.08491183801185,0.6523542401426827,78.46895657091004,0.00138203070758463
0.16747442925207986,1.0858346855307708,32.77236265236087,0.4403149124987182,143.0944645192793,0.001346146325010552
0.15299045732206532,0.9813891238759573,25.65545829081672,0.3977025986584323,167.32315030493717,0.0013708744767561842
0.2887976925544673,1.5643463335927519,35.22716272796343,0.158725190413621,212.48028478887932,0.0012745235833998524
0.3250103690265714,0.7228838317541256,32.91696175548878,0.11431795706354733,150.86097384622803,0.0012550841515100244
0.10743021232539178,1.5962402375836287,27.93623605238206,0.035499870816016195,636.542738489207,0.0013514857114554463
0.10827390262773541,0.7610178465751604,38.78078642460035,0.038043330778290835,1014.0816327473759,0.0013126749978911272
0.3181323384069391,0.4600822147838429,30.431332033952287,0.013204774874663953,187.13176041999114,0.0014633032329516545
0.0817515168245455,0.6102841010277119,40.39056591211931,0.4710523228575525,319.06966108988235,0.0013757903509495648
0.09992679073346794,0.6662009738985715,33.75305365484766,0.6841798299159719,895.2944833791131,0.0013911907110972066
0.10442497426611369,0.8700928667444048,34.777580179969355,0.7250146130382714,806.2899130695012,0.0013887250249258387
0.15611663949915416,0.7000964254882026,33.02637806081202,0.42071782370462674,384.1709375758837,0.0014383462199706086
0.17543990143255664,1.1669833084258936,30.82027917465932,1.0205282768413575,955.8666295435793,0.0014098274155816457
0.24051151373207472,0.870126495483347,31.258275339687316,0.7045819764695317,914.1583858215664,0.0014962722038673207
0.344152544987893,0.7498574624463543,30.168609808040678,0.9401300948718843,586.5226537871945,0.0014564814456392737
0.1857146194829724,0.3508792001123889,31.162620869960524,1.7816338003315773,123.47843451182928,0.001379583002858748
0.18121120601623525,0.5491954255425421,33.64777506917649,1.62048446925134,85.54327418342021,0.0013915583500455713
0.2633733130660484,0.40805799029898265,34.76298368035922,1.2101678801304088,892.216222947468,0.0013443859828443116
0.14477558916564054,1.0068832584016874,38.61512260571817,0.6381822424667827,21.488215856506443,0.0015011932217430916
0.24925354346300216,0.9959888603544017,26.026010425761296,2.2997800445832155,424.19301730011,0.0016531836481141838
0.27865333161860384,0.48071181201332935,34.14809242797681,0.7389569224853442,121.5368508066187,0.0015908394408950394
0.1648487300191493,0.8816171193413672,27.72819666173077,1.9647770499071664,562.3136056168465,0.0012098793354596528
0.24386478177270268,0.926526275739647,27.184928773345728,2.2474044206718387,424.7353446478813,0.0012351313333735631
0.14346736316946376,0.4435200514526472,38.37886560877581,0.4526119200597735,206.87726784461125,0.001554877699629342
0.15273849961307837,0.42423296568588664,37.8169424303849,0.43955767314157296,218.0463073348108,0.0016030625016069877
0.0729981572079573,0.8501184077683216,35.022762898344155,0.3920585312140359,281.53378450979557,0.0014575944477571118
0.16576743483008527,0.7872609000587141,28.74205326799985,1.1663974238300923,694.7720210500314,0.001339695427501789
0.14279235829084488,1.3004526049865708,30.499028140928104,1.0801251283537392,856.0775289681055,0.0013312187084623494
0.12071381262240805,0.4111455853239375,34.26734199361986,1.7631062676192284,291.81214092851735,0.0014049390600300558
0.1348568276157314,0.87844546917223,37.69594579410073,1.4849946124435824,298.10752736763294,0.0014162092959055525
0.35153747975396604,0.9391941789810672,26.854584558737862,0.8081843690690066,391.8649160896707,0.0015315520300664886
0.08707050817615838,0.5003722674918121,37.676639915172395,1.8336148046155634,434.13596495067213,0.001465260468256162
0.1545473937493957,1.0228272959696774,29.574740398135855,1.082627788729155,226.12164130124486,0.001546101186747393
0.16725091294364905,0.2745206197558763,35.124740375308356,1.397848362217985,616.3781311286567,0.0014522342940992135
0.08400102910262316,0.4155149637378348,33.91938666245993,2.3344372616214324,147.87499222072614,0.001400684649619916
0.15692242668446707,1.9465078440661576,31.845967876361023,1.0308601612117962,1349.1534963616941,0.0013762701244728465
0.09609362687203364,1.6301614720910427,31.543029731633034,0.4337195066990466,493.64922120089807,0.0014247614860249645
0.27706316600130515,0.25545208110268663,36.558662744245865,1.387541888810056,233.20901555396605,0.0013064765296564836
0.22188095688849013,0.14690029589709128,39.80433204602937,2.021118258608726,223.4774605458718,0.0012760332438131751
0.0797258840550596,1.7225368430257404,30.26771861396503,0.45053932670151114,51.76425937869919,0.0013961564090234461
0.10584478151872781,0.726432971497612,28.802253988022642,1.0912788451116509,29.335597712113714,0.0013218148825586502
0.17496949848294147,0.4976864040723714,32.09570932193573,0.4448394597195346,62.66449544986663,0.0012807289926529313
0.30561874398928934,0.5028391292905992,31.59627484521643,1.4239307515984703,236.57808095813434,0.001215129315576633
0.288033959745262,1.8858162399393363,25.873443590026447,0.8952706615673155,25.97166458562104,0.0014279484768297207
0.19599765205259717,1.2237338857956417,31.232082676638452,1.158439764852529,81.91938842997197,0.0014364020214806005
0.3371781768502638,0.8537470269066647,33.101686091584426,2.0250088867251845,990.391439015752,0.0014046770574571317
0.32674865072463544,0.7410175621520206,32.20741114392166,2.4236953412816793,891.3279026478646,0.001397521199592937
0.3145118564210779,0.4953127050599211,31.55001372293792,1.8525719508008116,806.7799480537207,0.0013924680704674565
0.11275728527596539,0.6974590786032663,33.59502825372524,0.7622707439161278,297.8540797246662,0.001637096532209481
0.22613132377120482,1.4412913380973047,31.362856596937366,0.7885879840378087,666.2473094402869,0.0015388522177471557
0.23256055830538055,1.248370533520995,33.2130471746136,0.7391112797385802,373.8936457990887,0.0015221596203940733
0.22322469155945132,0.6326636705543904,31.473039515429047,1.3151342762939022,322.09817417502563,0.001468573551763629
0.2791794274183924,0.595266779944304,30.370507933985014,1.4743932109803335,1019.3283309213525,0.0012853221114776723
0.06903880829802339,0.4973353145475977,37.285931325736456,1.8225610271340056,165.93007753660746,0.001564058054251862
0.07336760707702487,1.1033258234211816,29.95796513864021,1.8359445288040044,245.91020321566774,0.001565138107122218
0.11596224247575408,0.3795035798071071,36.66633498482895,1.1888827919704192,718.2330222416844,0.0014187708443839575
0.21691935596344677,0.7721134731608337,30.251300664393607,1.2668595011560468,415.000266917243,0.0014743277572647107
0.1342396967473855,0.38073743524781095,34.98998594697487,1.2094222159761137,471.8988560196014,0.0014776425757529867
0.11689971383572247,0.8601081375209892,27.723385964748275,1.5636796161826938,396.4113129377625,0.0014130566730238161
0.10812621421882672,0.6416371388931331,34.339535801951016,2.7446142677248453,281.8339660107844,0.001403492052074877
0.14236315546837772,0.8606784886455059,34.319571420991636,1.6704855809814485,199.7501902497736,0.0014494286145476164
0.1878723257847312,0.7766482925359277,34.692267471748266,0.892485888210912,539.9105272545634,0.0012778383467921051
0.20867571721286696,1.3081671306545917,26.88182083412746,0.9709106989581119,707.3686119365809,0.0013436600120936512
0.11226799601667482,1.389263418422884,33.348240770880075,0.6778006876358755,839.7510007643851,0.001308619307492318
0.30242806669427924,0.7669848696009827,29.73160140167908,0.19401557802118838,254.51679589553333,0.001544163359615376
0.28594653632893385,1.0967423792203466,37.55453211891323,0.15946607238020405,520.7502193016526,0.0015882701927806523
0.258811914020464,1.3149380496423528,32.60263746466814,0.19276411261962004,628.9685547803448,0.0012659644322975273
0.18086782476100502,1.2780468599108032,33.303042390037895,0.2636335332923079,283.1911618098257,0.0015594442334811531
0.314587406606478,0.7067517657300414,32.80497758524243,0.9992863347269918,952.6964957351656,0.0014251913609160827
0.2025840033931592,0.45232674547266355,34.68735186000808,1.8403069448752862,499.42993736353776,0.0013413863098378964
0.2502862298414946,0.19148364395751602,29.449605189097863,3.49531165141591,447.34510171293135,0.0013503718438450584
0.14245153873731245,0.011308497883865364,60.29558183408784,0.08252937518877956,267.0866049110828,0.0014487745588493567
0.14677108822082655,0.013785724000333052,61.29815317384326,0.086741943149779,259.70572200355286,0.0014281050124035654
0.2017352017455298,0.027888684648959945,60.45306504536968,2.9593869464886504,562.0390896671371,0.0013205338417390548
0.12169116744125669,0.011800218904541073,50.28746085085021,0.384522772982583,694.2843962821381,0.0013617596355319052
0.18043572273535233,0.01156543362532208,58.75644384604499,0.13965580296579397,400.559504144183,0.0012823748961310016
0.22936030138693667,0.015137673198510079,63.67207717796804,0.32556642381762163,785.3324928862686,0.0013092044640837079
0.10779484388972967,0.027039893760303232,34.261641306530706,2.3063847025267816,334.6477888850071,0.0015129011831165402
0.15457487275895704,0.020930528205718054,47.52530404380195,0.8605966871825249,159.6665805397672,0.0014816648063595832
0.1842854238528884,0.025452909271006678,45.53446012242362,1.0652339699138953,40.14892736498036,0.0012502375158621813
0.34155828732971183,0.05598506345606656,40.33065470837879,0.24521853981748906,1578.8324793605834,0.0013940608244742616
0.30013504525499635,0.025876995885014565,35.77489718506247,0.1884798062429504,358.8866231823106,0.0014151905946888548
0.25331447725665573,0.023265266507474427,33.86117310074798,0.6136228968532088,425.4862581231944,0.0015546221476488565
0.23493540452389225,0.03479168420160225,35.99547953777649,1.65540948163969,449.4057142155343,0.0013584469125985858
0.25488620668974615,0.04073943595287585,47.37241632213824,0.9772889157197872,686.0616300641998,0.0013567840291249917
0.297693627681653,1.7929496673771268,25.742458312123055,2.587430236739337,296.47743043633477,0.0014868660903755793
0.3105236322096443,0.19652159175298983,30.9405443817627,1.4947168181408355,349.7046925921311,0.0014751008471671078
0.12502530525947467,1.5637350108249857,29.8022566921423,1.0436831686593668,72.10935373453523,0.0013967696585569414
0.22007136990116574,1.6379687020291416,25.51750147291661,2.8539168908113868,22.82016997952936,0.0013508820894244582
0.27074184292708436,0.19472970206347356,41.87931464646464,0.5579840239484706,45.63927039855363,0.001285237739552155
0.21803707078821621,1.880572603693083,33.83857733411557,1.7922966151470328,1105.1567374800352,0.0013892647453447734
0.16079093017756851,0.6094794120042775,25.970589633229167,1.2987708251960066,626.9530037915882,0.0014790824706692799
0.3467675083655026,1.2857077224243618,36.636192808806186,1.1759876348738942,1083.2885381000779,0.0014234395764201302
0.14017143140751856,0.670541965207093,29.14830394636687,0.5377175340554158,246.46632889776947,0.0014129677155885582
0.1792883142683778,0.4210408471694922,38.22713043973603,0.12821014578446244,897.8466856475935,0.001381174508352021
0.28823350351384264,0.5431556679095598,32.60485176931033,0.06953311341122882,450.74944237177255,0.0014079183518252462
0.08103786407654064,1.2816198120819353,32.91672185740984,0.2410175315679325,656.5680879958971,0.0014088622931795408
0.36151799004349444,0.34007806746428765,35.99299856380673,0.09493648181291492,403.96035079276396,0.0015081847754575986
0.43864527116292756,0.3090136130180071,38.869640864906714,0.06544149758981978,239.42322348127945,0.0015456510977919795
0.4368994054584826,0.2441966144980914,40.27550216802295,0.06904407845783755,216.0205989012417,0.0015724640836490434
0.08354747347816029,0.9007674992145333,31.664606821103206,1.026760036378873,1181.3300172463753,0.0014800726386607842
0.03781272383199185,1.0354656179368436,39.34385871812711,0.78404586312686,320.5052676178359,0.0013955663078778907
0.27961100904817976,1.1527008650174242,29.970305808311846,2.065193571164685,1072.5855835519992,0.001288302000652376
0.2515585530315828,0.6634970040741146,32.382416319003305,2.1010832064549727,459.39595105483755,0.0013119016762884724
0.23534441669556405,1.2808967210997992,34.217075490870265,0.6173410982252556,535.7287176320887,0.0014653085474792445
0.2841428866594719,1.6010112316769098,29.498982935450666,0.604902464022159,335.27589388118133,0.0015546172711863697
0.5123164257844833,0.16344159232287858,27.430689809577988,2.563854129977499,233.4617478682966,0.0013906986565870101
0.2406697005850399,1.0129954409122697,29.374475445982274,0.7849537960576161,153.69142517627677,0.0013267715525575765
0.24767757910827662,0.9419227178078531,28.03944473605149,2.6458201231237917,1151.1988591433237,0.001381000558721143
0.29051379038814434,0.3581696555595024,36.47525058046754,0.9485668611136151,322.2726061679518,0.0014832446926501524
0.1685357295304779,0.34254902166403195,35.726397985598325,0.8640265227235518,711.9917034662841,0.0014954770040104442
0.29656323591968,0.7324196787970605,28.006817894125543,2.1590418345351536,192.03438545258626,0.0013792929604713562
0.2731046420837165,0.9630204039350571,30.089895689529612,1.2717259654959343,166.77040505914673,0.0014626193078769807
0.32291131141949164,1.8798063336478097,25.87454849293107,2.5542355002320125,71.51337501638346,0.001429429311897303
0.22188591671645702,0.3081398887074753,29.133532632913923,2.624475978891008,140.96493643228834,0.001375478201551702
0.168211261237981,0.6517328079097804,33.68582474791235,0.23527474705856513,260.1603371143971,0.0013674517704938172
0.1793191460351967,1.245751098905459,30.384500310677762,0.2837072547980755,1496.932877188272,0.001373330970362301
0.22576243710811192,0.7295397846072348,33.0031945546214,0.1993864375932367,842.4128128635837,0.0013910412146040647
0.11677939908453869,0.571404918889209,32.601896404114285,0.8864049224870273,670.497030048786,0.001447476843244362
0.18316469456948226,1.225003414429604,30.72553271016805,0.44337565526083206,143.9857082625158,0.0015113990951045272
0.1901086624882136,1.3552269914950963,30.471548136661692,0.4290251285576914,171.1815382402334,0.0015570938238729664
0.2613853054043963,0.5167762353889243,33.412794568746875,2.253281110830298,728.2346393119597,0.0014854950349990751
0.25788211690229323,0.4803712724416782,31.0688762233518,2.2063524727189026,913.3749830962681,0.0014912571486126827
0.2112751666814576,0.5258021548472199,30.97087216625219,1.5416722310812523,613.0961285085883,0.0015198101989246158
0.21267672428773343,0.5286716947075472,29.854159283379836,2.8495775692505054,541.710724316404,0.0014792701962809702
0.18687745474646197,0.7888265091100236,33.00037442513825,0.9203653680358782,473.5205373973673,0.0015672088081217614
0.14913758262982962,0.3056003239617864,34.490006493075654,0.6886438376727743,753.1741449530249,0.001577279806216065
0.29135124163972415,1.3575582038700245,34.06507304391029,0.8723439251601781,251.22310206195854,0.001308867553606653
0.08689360760433026,1.1064340121664087,37.24908898166309,1.360038023911449,1048.9672346962996,0.0013970051002985615
0.11246274817105834,1.5952375923961657,35.87505127223087,0.6933976720219317,246.0106909614754,0.0015096473200549524
0.05556852230150062,1.4845958042864411,36.64769800202216,0.7778075618067244,151.96981953025124,0.001447698824926447
0.07951440061220574,1.285285200809405,35.68794033969464,1.230599181663427,961.1161897092722,0.0014668823807036215
0.047729482126299974,0.9523304113492249,32.90857696495047,2.179590692962954,559.1350019278221,0.0015022352820098018
0.11058791197830209,0.9125183493557998,33.73605659693907,1.0098138207694791,181.2919074047707,0.0015442460909911426
0.2174546202095057,1.415657398994343,32.2487643168094,2.061259047989184,1229.4965775597389,0.0014279405341445905
0.12516846411350585,0.7497203437933869,31.400935160964444,0.7385117514925608,373.64707231156353,0.0014246072505745958
0.10463627974440531,0.5971409127698524,34.86822006048139,1.7021340037834018,500.1260811020763,0.0014291021655181775
0.23057582361586268,0.6176686167262533,30.465193062763287,0.5299514443677834,176.59902071703132,0.0014786412926436944
0.2042836305013821,0.9952133325221055,31.115062055585227,0.7146294402571933,159.12416934007925,0.0014539869285076453
0.16977075345022258,1.5558768957733813,34.06689073234598,0.8937242277557104,583.4058171718193,0.001559492806004121
0.14263632858692563,1.5105430901678285,24.786889398177898,2.223851425744766,208.43764457653756,0.0014669577905540455
0.19843267530023398,0.2999621824778135,43.021250003993586,1.0027921361850234,39.58812522132911,0.00139724196447687
0.2433074065413677,0.3116626772811137,47.2639985872811,2.048206621063224,40.34852243483948,0.0015225274864212224
0.31093386520520006,1.6665256716170977,24.518933629937017,1.2012288269418416,441.81404926820255,0.0013761189828493253
0.12825063716612198,0.011353786983036154,47.14658675272101,0.6786384524276031,421.7016962318249,0.0012999439607086303
0.10724422192795421,0.01118739245176059,47.309275174607066,0.726208160402565,577.1045295987266,0.0013086758224669572
0.11824251261019074,0.03515953591478003,62.67931894064416,1.4826642088648738,155.03165845708915,0.0014239230636826578
0.1829954562989547,0.010610555021650531,59.5202264275576,1.3839511052811906,532.4277441470128,0.0013921786569447829
0.24356249888315137,0.03882462884217391,52.08451531117875,1.9245120959129125,168.47044369779368,0.0012328659373350963
0.16885943129376554,0.015819514321329994,21.82134948511613,0.6093490488164066,369.1668240384908,0.0014759765824037612
0.14005836719280704,0.010780193563649567,13.21138571429637,0.5168874248638933,938.1957048540485,0.0015897434579877727
0.14877167401442912,0.010092901999597335,16.093884762653083,1.773253797029173,320.26192894301033,0.001446561416521688
0.15463311554112352,0.011116019564227392,24.095543107668785,3.2082874229343665,1067.865775465178,0.0013888188241040248
0.1683183083120755,0.011642020502663001,26.093215191368355,2.587899940465525,1177.0434500446431,0.0014000137284474598
0.21265977730227023,0.9530133425711309,40.0663032696546,0.8681314992764249,166.81005742352562,0.001357174803615847
0.43954691621057196,1.7336274212140186,31.755557788298397,0.42172340064521213,784.9316417304195,0.001338445809458258
0.4099027816766034,1.7785218154766904,29.64489634574817,0.47642791458686645,569.0018997089181,0.0013304551617680498
0.35399114204640636,0.7562316258758398,29.34397719339826,0.5759872654854642,320.3670486716701,0.001344518282599225
0.4122785312906765,0.9956991395139062,32.701617776200194,0.7038559155798707,273.87445853545,0.0013489152344110097
0.09949846563030021,0.7993058291261343,33.788008335164754,2.5112734983933676,950.6324509768018,0.001373440876478561
0.20270693786004568,1.5394975139264515,30.84933259286935,0.6224590328998479,297.2912188087836,0.0012786909274606893
0.2739007517692003,1.4351342388794917,31.13366201502879,0.556669221022703,470.00290844622447,0.0012923615083565861
0.2633715218543716,0.4894790203765319,35.22067829251495,0.7588747460404416,464.3731308775078,0.0012796360086736876
0.2627112876789654,0.6675895786723353,34.32926339205409,0.8754152797697967,172.08334597606535,0.0013559679970654985
0.2166858540640892,1.2325886050046662,30.7419209864813,0.6582529238990936,247.35386662835546,0.0013653526425783788
0.18229222106796486,0.31324186825164796,36.434322897918506,1.8374034636369232,845.9563859269,0.0013428111396120623
0.2625047474897297,0.3620066122389078,31.674126179054568,1.8296687703927612,1119.9344647648352,0.0013801737823507672
0.18793093813202016,0.7576016587603001,30.80434837679875,0.8504951635890595,195.07089509813176,0.0015024302767136734
0.20323082736968084,1.2101735978541999,28.771831188972733,0.9141267901998924,314.8265639744511,0.0014831845446072406
0.21131634871010682,0.3477191387179966,36.59642092060398,0.44885895506661855,424.82809798691096,0.001441538504643348
0.22904902020227672,0.35040969870321254,38.262434621019814,0.6593070580099709,378.200208195542,0.001438973081334692
0.08529596836784659,1.310351987274705,30.756312247360974,1.6813657311183383,250.38051553412612,0.0013717779632579047
0.25440858134591876,0.3047858929392535,38.0503282715529,0.38485815940244655,487.9936939650971,0.001410177203899856
0.28248212101984704,0.4218392696266615,39.23745938478728,0.38409372423797056,540.5619884152562,0.001416749662342434
0.2389530030968717,0.4582655695163814,32.64093818172992,0.3433114951352459,547.3670138230469,0.0014177132542181454
0.10425187923341012,1.0318750170314193,32.60674036876204,0.3758592749106095,93.45921248062352,0.0013633523920287193
0.09430752720878685,1.0237034858538256,38.29006300209189,0.3990678065960804,47.66633751648889,0.0013597671242308721
0.07874512211037718,1.1898521638740929,29.81532256309771,0.3881572137459278,1790.5313823206486,0.0013678279343188825
0.07321886013386084,0.8936704750411518,28.855290699515923,0.40937990779676164,1954.0271941634987,0.001370908866415527
0.03476480496371099,1.6140256974432587,40.0796844643193,2.3914346401951203,131.41556220981875,0.0014110577811891544
0.032795093091700464,1.5982663578366498,40.086814356607796,2.314958547193788,127.2684527392176,0.0014090181024100203
0.026785272763224826,1.3525166300274614,35.531167624395124,2.210565574767951,140.62940847182333,0.0013980287011362846
0.1478960147680527,0.58342393562144,35.061071567879154,0.4564001441772843,190.30327232812343,0.0014380079724504134
0.1071807861511464,1.3620297411124267,33.96659194461412,0.8598893775635518,46.93442423293457,0.0014610313138251978
0.07858693180806338,0.5442402442008131,40.675135527026896,1.8549122255231547,1530.4982063234545,0.0014762752391421898
0.09372455864700882,1.0665969096771921,31.813907014807747,0.8460837819657495,144.73499138282781,0.0012926741215374279
0.23048938751880466,0.32794773430374674,31.87513188533619,1.2069698679058616,910.1142066155138,0.0015074647677888852
0.05131692956110778,1.4515462258607839,33.94579248064174,1.2159471874181593,240.27220701909806,0.0015375727175627751
0.06171487716336906,0.9912659111416011,40.71956350089596,1.3399499071988565,570.5068186217649,0.0015534420896761386
0.039363751815841036,0.8185684170430746,33.892341112324615,1.2744139701944026,649.4854328582301,0.0015626145360467122
0.05494079116499376,1.784443470476537,34.408911202708765,0.9449023624637513,979.7539482171015,0.0015575089067350046
0.03032545600787878,1.2896513544495547,37.12476492690776,3.0111825931613847,447.37786049625333,0.0014236025000169108
0.028761701021337543,0.7710648725062107,34.37143765878078,3.3152410535964054,408.0102212975788,0.0014350521228022291
0.034979109405332436,0.8593803154467382,43.2487010535358,1.8543222899134808,762.7759189118875,0.0015006816290863791
0.0631727012690359,0.5932020028202115,37.85611657260051,1.416347985964407,660.1156875548215,0.0014780329673747268
0.3738396782199257,0.24881391892487725,32.416938187937035,1.22161948005371,273.6123814585435,0.0014087094545511699
0.1618437082954483,0.4711671375022628,32.32905119510714,1.4718422681720509,170.49452980907256,0.0015437924496512212
0.09876193801068828,1.41243198879732,36.20595321380335,0.3599250422107876,124.06009928203325,0.0014195465750769577
0.10079219661692478,1.2336879113963461,37.945997428003366,0.11753212234157712,239.53886932521388,0.0013825876991594025
0.10214018737356426,0.7616366508264735,38.98456661775798,0.09363201128618856,237.2705883832988,0.0013057777359390265
0.11880650778217827,1.0483414984662256,32.19263845433185,0.1293742345502182,200.88572162613985,0.0013035065315832313
0.41550329145285086,0.27640334996130245,35.24377834008496,0.012099821374464687,1238.353924405536,0.0014955195668782389
0.14631558926130164,1.5313982282062426,31.79832065138543,0.001530030401071966,163.16165085352765,0.0015266117538382162
0.1633149322744119,1.6851153626132511,33.72719149165086,0.0013853937201621569,178.57610732832933,0.001501242180277493
0.21437840971612657,1.1500518397587303,31.92189428895976,0.002151952836191382,81.15441008819167,0.0013997399492214299
0.23287960160169505,0.6621473777708776,38.0125688374047,0.002168048190639799,420.4289730956194,0.0013712911567172758
0.05392641052134872,1.7520016660330948,31.35901189001777,0.29848671023319845,495.7999991251518,0.0016407538014478547
0.05490477031288361,1.8514032299812735,38.37600692020035,0.21400980319941043,458.9023929700855,0.001642146746245807
0.0714785685765627,1.7343019914896605,35.75308324135449,0.1753160532854872,426.3848229003503,0.0015552957240821028
0.14669771688728006,1.5151060561163634,34.98258733419257,0.12371936802456547,249.918475300985,0.0016004843459513532
0.10885301605812414,1.2884061535189724,32.943115383644546,0.16438843117087756,280.58995219880893,0.0016324746100263802
0.06600145229332717,0.8062327562430237,41.72328970036847,0.5810708417483755,301.71490169154424,0.00166333850045523
0.36079075813711753,1.1320827840677596,28.41569396142999,0.8758551566576699,461.61355048384485,0.0013334661567492878
0.30991575038354885,1.512449575694051,28.093533963753167,1.1168293532243134,282.4117952183615,0.0012969258075185277
0.28555241051549574,1.5489217349498108,28.075155514139514,1.1890669205677238,319.9594095203649,0.0013047898618536256
0.18803304198917042,0.23356251075806875,37.85507026147673,1.9359930667205976,207.2022801725926,0.001364319973402627
0.21328535758011605,0.34267094423866146,36.65798222075637,1.0789829798542083,447.4703434534856,0.0014261573884260552
0.24078760752632167,0.20973225119585606,36.40504478882257,1.3572769608942876,465.0225002216221,0.0013599160062845754
0.18348181334556365,1.0853331839173375,26.31436760924972,2.3179376894344097,486.73528501424374,0.0015204152013163252
0.1591039274979974,0.2355685989573849,46.070293439567436,1.190345953999506,387.6700367785868,0.0015389658115893083
0.12105303371280944,0.42067650203974016,30.961698983335747,2.152793865855409,190.12930600760785,0.001453576141916818
0.2188731164369377,0.6945807955179992,31.627573299680073,0.43003567203733345,48.944954885117376,0.001465711569816624
0.22090155699617237,0.983754105701924,34.260448159039754,0.2618153085280552,149.1121535703933,0.0014598635625591694
0.19400040381302916,1.2760417691352648,32.18232837761648,0.11407287745914237,202.73299825798904,0.0013925516575462185
0.2110365552018018,0.9519757384305938,31.3091936016345,0.6742997705014069,202.942138766943,0.0014735878797650784
0.20312533869540805,0.39955249924466285,40.14542905981882,0.6173178720865945,745.0898879088497,0.0015125279445287166
0.24756030069438253,0.12810818718937605,35.420609110131586,2.5369318419766183,545.4456632706028,0.001291943313141964
0.19740387664257494,1.5679343113886084,36.23958624970653,0.33347249049116234,291.2959218238311,0.0015564000981721495
0.12793835318272523,0.6959339329346952,29.571845681728615,0.3131345249593203,697.3355805786566,0.0016063058536762527
0.21174923454512184,1.2144018221017667,28.428222895913585,0.09688489160368807,392.478026207355,0.0012101951328087847
0.06975254236280741,1.20606910023347,36.49767165650796,0.3359100177666339,430.4654181224804,0.0012457674670143441
0.15280948030191255,0.42117821118312837,38.97618440781934,0.5254590241139725,536.1908450140647,0.0014231856754200246
0.1417709861935246,1.499337836541308,28.05347388697551,2.2326910511523868,434.5880657666081,0.0013914789451169446
0.20915073435479511,1.7857388495948556,27.841295618243333,1.5862944964729224,414.1751791339861,0.0014281476541030966
0.19598632730094603,1.7129852153902887,26.685425328727487,1.2367173588583238,792.74183063622,0.0014376625152999777
0.3871410463117456,0.11409608376028647,37.02878443410849,0.17457418621660045,373.20213155770796,0.001593043809886044
0.3437192651094867,0.6704096612750602,39.625313073600964,0.14336984489683274,366.7115812725631,0.0016343020322778657
0.3015578539498287,0.9344989009175939,28.608884212998163,0.14815254156376972,1050.2833725050536,0.0013901414069884099
0.22519792003459316,1.7186011222468223,29.474923279874847,0.11528720689317346,496.149334798757,0.0013937736294626136
0.2576058610598961,1.189918938879614,27.75026402287292,0.033326954898139645,668.9939831286392,0.0014477414406341956
0.19206982761622843,0.3941200899351301,37.52316683345646,0.004678578609980647,438.38160087982874,0.0015692055848026533
0.1855650723908242,0.3759005271358893,36.55527247048268,0.004533617129152353,386.7128868097393,0.0015643827839990844
0.25560605541064135,1.3141694701403814,33.6085453639187,0.027210036867808315,218.30293523728247,0.0015641113916603378
0.25338812552143325,0.5934087514911633,31.26207047541854,0.042877526129427745,81.82861398933068,0.0014138051837361992
0.2552471046996858,1.3265625982015259,33.4510280876314,1.0394292535950043,61.09985642898743,0.0014137323199249403
0.23530178853286698,0.45855513266766684,36.15037470745341,0.5562876249556312,1261.3971142083965,0.0014192935643983285
0.2801083393039066,1.2903984763221996,27.19387334976246,1.335265969966934,363.1920125974353,0.0014229787087970173
0.35614998426698524,1.0466588872614289,30.883395847342936,1.6707451436524487,570.6290067397288,0.0013881396091996502
0.37479160737621514,1.098794986289033,27.777260018489915,1.7768824341444067,648.2987911254482,0.001355594143520923
0.1425245946186629,0.5083473417169517,37.25467091451186,0.9745989820904218,123.43406282031694,0.0015067850983715293
0.24820365362185426,1.213807850138458,30.271668101832145,1.9515920459205933,1156.373089906983,0.0014018874244954176
0.1419246013220411,1.6696862026065515,31.96050339978225,1.192019734182028,164.77648738310714,0.001401126329512925
0.10827269635275426,0.9649887587941092,38.95986991753987,0.8621516809645438,439.5635302229855,0.0013619269389314043
0.07492420797271632,1.1721696059688087,26.648102619248892,1.198303799820504,585.512010627489,0.0014235660765886094
0.3484118793438054,0.017973867636906393,39.22311946546799,0.9053730960895375,623.8636490249709,0.0013706336574133694
0.39918441867694815,0.011499713303031765,41.33590943735941,0.8397000320813719,652.9589881061249,0.00140143891676324
0.2560434203714453,0.023720799143310156,40.47767012939154,1.250566153074186,393.7263659824557,0.0014472272178850296
0.3267712112694765,0.0374190257544971,30.9651051972523,0.39360970030752385,996.5922593162579,0.0013327934543250052
0.0534299014644214,0.011792949261227318,58.247981763326855,1.1655341416775076,464.88729851135093,0.0014773679281585253
0.051491101097820846,0.011212885130474635,57.41279903638615,1.152607738995602,393.69879900752136,0.001470658145954501
0.047592628091400586,0.011719124011166848,28.038640839917328,1.4139833517037639,399.4198826646127,0.0013459969443252744
0.05719653021794932,0.010517444554310838,36.537635669938915,0.42372266822387034,456.2161035866055,0.0014721289430876337
0.05576092655593915,0.010241475954640897,39.274716964932814,2.3003470329074975,825.7895789832907,0.001495913080659544
0.22923712841175242,0.01089158860826713,53.73736543628811,0.8395230461068961,373.8883471874027,0.0014040791147823077
0.18057467720081058,0.07206750192505684,45.97723027022306,1.0830699163018833,786.1454966279613,0.0013879889391073723
0.21027134652245733,0.6145969439997409,32.232124989864346,1.7236040801781922,568.7727413115427,0.0014234691990794538
0.11984364195065228,1.1600545679836898,30.28233970661385,3.357002466604788,553.7312124904024,0.0015334892798370466
0.06085230394181463,1.4526591598186627,33.687698390896514,0.6270644568214978,533.2352696659018,0.001425652558774166
0.14728067993954866,0.5487095346440798,38.769537040104666,0.8255099678308055,794.8276264633184,0.0014858003208581016
0.14177160884064224,0.978331860404055,39.37648308430281,0.923167317732867,588.9141394199038,0.0015038365135764988
0.16871384755854202,1.0656604782195676,37.81817203789672,1.6032531259130873,1060.7727025004097,0.0015064267381791874
0.13961991789197456,0.871115948717401,35.38535143817133,1.4639977385412688,703.1777118257075,0.0014176538235966298
0.22241699984464494,0.21861139113971678,35.38566386694545,1.1183011335794553,507.0882018528875,0.0013212168540884105
0.28682992153279757,0.7320614870083971,25.20836004844425,2.0485194929191906,951.0351960761793,0.0013771723253272836
0.13717035424502522,1.3472103898358765,34.56217631335416,1.6711967670139307,402.26813080391975,0.0015861579794590175
0.1028974454462262,0.5604440091992509,26.998864121399,1.916788342229204,597.5546077922327,0.0015718472988999266
0.33570877825544765,0.09248824594169845,42.400969024398954,0.6173680127056301,694.9701446450644,0.0013658139423746113
0.20649940368259792,0.34745732288426723,32.90825998818555,1.3115481901070112,880.0323086332708,0.0013454268559331295
0.31096251690082666,0.7056279278673846,29.63302928671441,1.893992261263417,240.6086038912442,0.0013660975816410894
0.3017841678235566,0.37630015624976726,29.75904173477084,1.3511583511735543,164.80897525668192,0.0014194620500095827
0.2664304827223233,0.5747047133419805,30.847582587670797,1.9415062964567709,228.64242053602325,0.0013751276380089216
0.10331001403703173,0.708732786246734,31.19423800637282,0.8599002428949617,982.7870043888613,0.00138176021480082
0.07977750351962866,0.7812401515644509,30.98464413814609,0.998890797507569,277.4999858752197,0.0016667241302272076
0.15587885334484142,0.868195192971261,35.270029039173465,0.5855440426777947,814.9722331908459,0.0013304422138057236
0.06886192653792572,0.9030844888728737,30.88887187397041,2.660212739609725,369.7478786504834,0.0013889463179193554
0.3289920750638505,0.37877764309018075,35.557158426440395,0.23860638932823752,651.4270233383097,0.0013335040637344371
0.12517308127777693,0.4446225612114106,35.200080342828024,0.4565871898534961,724.3880910213903,0.0013975701528402603
0.259033820548105,1.1306385184197512,27.287338067461643,2.269337613261254,444.99143164402705,0.001521153617361438
0.21330155210624827,1.0498150640989443,31.68452114104461,1.594680979931692,552.2657562876906,0.0014952193318700812
0.1706380596597128,0.8237798994281809,34.83529195175869,0.38976817684757326,160.5416373847829,0.0012648673666745924
0.2136995204428083,1.067162330339143,31.990530071742715,0.46330599234523345,319.7247953871078,0.0014623154119096093
0.24639019841700827,0.3270185085758226,36.46996202522107,0.6869093346428313,801.8513646054407,0.0015428437715451293
0.3236724667814079,0.6705485687594923,41.869251075928226,0.5606211506545526,931.9343772720127,0.001563306605182595
0.21074332659283568,0.7252135529826474,24.71345138786379,0.4097418029006591,487.29730712005113,0.0014970363068684423
0.19439360796383073,1.4457983237400078,40.49397779330867,0.8188600175795112,733.3147089163964,0.0015913038680292584
0.23221729850910813,1.0143438610098925,37.46451892260027,0.9126443561970978,566.8015983131459,0.0015607941768743616
0.11933834232052766,0.5083845184332562,36.814283794961064,1.0770521259176298,690.2495086826353,0.0015262235658184986
0.16511703813744547,0.40570656511172787,34.09785620296395,0.8094787588591403,181.6458827638856,0.0014242559280643466
0.22087235516627082,0.8457639766687347,30.55726982606685,1.855937497208144,480.4981527746186,0.0013286400231421998
0.17289291996320352,0.6544023605875909,34.2793035294929,1.187954284410402,419.09944216013724,0.0013583269713154994
0.24859981971389614,0.8774809249088616,28.23378314025198,1.5512869363143753,517.2663300704924,0.0012801548727227048
0.06088584465768901,1.1052895125007924,32.28689380286347,1.2401678711925033,706.6267788895634,0.0015427133264135648
0.11926501610733081,1.7082836097778378,29.69121558839262,1.5454718004666539,547.06792760483,0.0015166209188728923
0.1776017486207251,0.4342608811750643,31.654572620688143,0.9711961263030915,794.0377015500842,0.0013948691068386685
0.3000621113079029,0.58741302214225,34.06228992183347,0.28380601771760006,472.4656953747309,0.0012732013591404113
0.1693071241403348,0.5242581563859846,33.48855629146871,0.42080462575447636,409.45963870887743,0.0013395206506343006
0.1013908498190289,0.7271474681515533,29.16964966717998,2.1866299106160003,757.520914904378,0.00155937782896449
0.054223784306996876,0.9838071190624689,38.42016098440138,0.5047690988684539,427.10436318801885,0.0014312197197581084
0.07564241936440597,0.6430563740832096,36.41109795554141,0.8424133188288047,871.8432271027908,0.0015045288523729181
0.08344577720549849,0.5489027432022349,39.4364384419888,0.6727644125998755,1467.3206555826894,0.0015029666313981214
0.3100867464512374,0.967197172476702,26.809838269279354,1.6532022351701938,46.60606081636913,0.0013922157602688015
0.21310665871503554,1.1840399281669431,26.742591438334987,1.4771609283862586,29.304758922541396,0.0013587862064687094
0.29399143653595866,0.699612369565137,30.64296000238945,0.995761534299852,224.5124796887336,0.0013033628039468594
0.10780267105840081,1.2249008024891788,32.557450195615566,1.5141768710875536,540.4588212511402,0.0014073965349759095
0.10528809723792476,0.8540419067350159,33.07611502571414,3.0642789823633976,662.2574403574051,0.0013985471207634166
0.08574003702543752,0.7472306348583057,30.73272864638752,1.8044201504529822,1114.8997838974353,0.0014661562144765087
0.09449449256249681,0.7065926783049197,35.96351204646764,1.710825923631888,499.2783143092729,0.0013939481284004685
0.06329825828819172,0.7219182993334634,33.25721933726591,1.5398140368856836,565.0829960435168,0.001377000892299982
0.116339704056932,0.4042719938246606,35.87611604369616,0.6135374055383489,429.28233463059826,0.001411249219271609
0.07794114682051506,1.0705698861045372,40.76893347841098,0.7602391468624389,450.5662959175308,0.0014107472491225047
0.3433791610154622,1.0907241082652441,32.05881827986743,2.1221282066585223,181.56518085642904,0.001563269510794661
0.21211901647586573,0.13735213829191645,32.74929187162937,3.220002972141984,177.21717492204795,0.0015336897279149787
0.2688569600763147,0.3359950433868907,37.94415341292983,1.8111650424810883,75.4972877407431,0.0015958921451400567
0.06296150264590646,1.7984809518957257,31.90129702274057,1.1884584339927178,876.5205621620022,0.0014615338025612975
0.05671629421390852,1.180620777254418,29.58777680881886,1.337745205714273,655.6292452805245,0.001382090046761147
0.2116636007690738,0.6326159911765118,35.23719379976434,1.3749078509252073,518.1049417950976,0.001470541466373001
0.13729155092556133,1.3524938925484653,32.0211173603623,0.7638453989645756,226.90658378471892,0.0014523865635758754
0.11336259909440796,0.5897918642744119,36.174090806602024,0.8223207466617721,1070.1845948081605,0.0013968182573151173
0.11182834354525219,0.4441781693801183,32.99990158568055,1.9929503425703443,341.6488941950771,0.001399312785630386
0.2901298697690375,1.3254489540594159,31.96017142965927,0.9703029537216286,855.1563335258463,0.001327585835853659
0.09945271684009219,0.9699782925602755,37.909552670564416,1.3677153589061872,332.26725181823286,0.0015410932697239386
0.15330875241929812,1.0046209933999581,33.88334542161695,0.14567631963018143,558.5795135630358,0.0013182894458272517
0.28757334316512445,0.41984978611262996,32.78702751484841,0.05301358211415376,426.21187685867267,0.0013739300866041073
0.28128268382112365,1.2627526357329344,30.989463333817266,0.3386069848630981,462.5730370997734,0.001312884303280039
0.12745994992037932,0.5982587774031431,32.7379072945699,0.2263895710850344,445.3660897255266,0.0015082523152816349
0.29874264233034026,0.5309992315788277,30.708383199613625,0.15193677754807883,376.4393328217896,0.0014433776873215092
0.12565738715271363,0.4554355079410954,33.978617763956045,0.5418574347196021,930.661219174182,0.0015493973744711315
0.20764316283054474,1.347131814063592,25.365957927844946,2.3836939069840777,409.36631679686354,0.0014644377595274506
0.20657725896319828,0.6363465105150093,38.01229440072204,0.3108533454215598,179.97312762933768,0.0012834783363431304
0.18665594902995575,0.8103320567350423,34.118750889279816,0.41107655186637304,181.66297932590987,0.0013655058511343142
0.2667238399473289,1.1948177290289763,31.15365800629178,0.32079665167283133,304.4051553439108,0.0014785048394051472
0.17539193866785485,1.0872726638491583,30.919163778972155,2.018897458618265,1050.9739117084043,0.0015622435206500316
0.23617801103807995,1.8506105745561494,34.35654074144052,1.955262607090211,1076.5268398780797,0.0015127305689790261
0.1973764597448195,1.7171486042215989,29.128672022393797,1.0472197753757286,898.5893403795139,0.0014157754325525439
0.10232975047511882,1.8743722922498047,29.88278069709874,1.5844286172230624,577.3079239641162,0.0015480988955219105
0.14859473055202374,0.536582016891927,37.08043583648593,0.2475023869865354,654.2685227983844,0.0014299741149745443
0.16665851342403418,0.4230981160987414,34.48903447981284,2.174881281917492,392.1640538318545,0.0014594719147154366
0.34457181125323766,1.296197860545973,31.63742192179959,0.9796870848872626,700.5575592391568,0.001502251035916978
0.099316636792581,0.9742847717780516,28.976898757264337,2.721949372279019,249.72125477306994,0.0015060930905724367
0.1443380475511289,0.4614071250754199,32.2067688338541,2.249109643006786,168.80401507426004,0.0015602972531874545
0.155906051131888,1.3394394486689476,32.58915003951457,0.45055035536882365,947.7864972555947,0.0015362202956538506
0.11604404274653646,1.1956227764765743,31.841724516177056,0.5666769349336102,871.5040376181021,0.001524921300294432
0.14186693558464014,1.5639371986691615,31.478131320087524,0.8958702208168026,747.9839236172444,0.00141060366006685
0.15744341004518206,0.37263065837095966,32.32287629670273,0.9567205033965164,536.0326897095159,0.0013651670482901597
0.14529218088575988,1.1898928666506652,35.5608473249861,0.2545330230828193,518.0100377613172,0.0014434636289892713
0.14313738360951472,1.1581387689427907,29.644906100227654,0.28205169469749714,1170.216264909321,0.0015081081771270246
0.3049848084918157,0.5275569579246628,36.13855714035261,0.7288341636151937,124.42221339896096,0.0014061452525104454
0.24672859983933826,0.012352292915806702,36.16730705259296,2.642983619690169,120.82012867606778,0.0014455477742830502
0.31956673915164874,0.013666976894401843,39.46282849867244,3.3933206791017514,198.28685691662756,0.0014480124276611732
0.20947799653925134,0.028666721651353838,29.731433626343073,2.553724835473113,121.13985486702494,0.0013690720735216357
0.17733942879968861,0.025574434199871827,39.28053732565178,0.559927948655812,416.9137790897918,0.0013503933365581183
0.15422426197866992,0.02829933891494899,36.699812620966185,0.8521063324312117,585.7966821695238,0.0013323527311597076
0.18647238106534314,0.031933926987804104,40.285647704846156,0.3601072447578837,492.16619001338915,0.0013437530599449802
0.4772449831198882,0.10516917101926454,42.46992410748476,0.8077716145345475,819.1021292524405,0.0013003779889139216
0.2670325001563719,0.16615351472814008,37.28251834144401,1.3353455022877507,306.21689941313673,0.001311314357097806
0.16724324174222438,1.5117861910459953,29.764520521116644,1.1788543579321726,254.63531717995568,0.0015752983411159755
0.1271488558869429,0.5510359140564282,38.748693744552476,1.1391241384224067,19.34053643876225,0.0015594859900763523
0.32445881650227065,1.1216122441695977,26.260753441675252,2.108004901598537,3.887793339011989,0.0012947409957854478
0.18907043182780242,0.34429613568881334,38.08353035141545,1.5378512338986234,77.76713742846769,0.0014685327063830634
0.27692444818807677,1.135629188881167,29.181409023740553,1.2531875726003359,154.7845957952678,0.0015131385346628552
0.31356260202319325,0.47462848389066215,30.374985658442462,1.4272756167529888,388.97961001482577,0.0015538017308751085
0.12934209838984345,0.48493328502223054,35.80529073797664,1.3348530712275553,786.5718257187771,0.0014837442996824375
0.12732937006893846,0.28639706884779276,37.40096681184416,1.8384443166713944,692.7419214090548,0.0014807900597359949
0.1965901209617549,1.1545791494939823,29.850082462798913,0.48791603157194097,413.32806102343676,0.00158036779026658
0.056260196998073074,1.7924612710532877,31.38822469138554,2.120845698693866,838.5239574032468,0.0015251447020710645
0.11739689309936809,0.6014920362485082,37.027083507909765,0.9394679916014714,180.56801421722955,0.0013501186685260726
0.12264188149091428,0.9201362830115539,37.263108714342884,0.29642523079511035,37.616133688937424,0.0013747650943617604
0.1824664238348831,0.828726026098342,37.518193952061296,0.28989497909484163,74.02553934344627,0.0013247380899420954
0.18151142497978198,1.5143405268572943,29.87334169283923,2.1223696907874445,382.58912237487465,0.0013872580359423417
0.1651126648821851,0.7595345883221557,28.939958808281055,1.044381130657494,451.2939762210691,0.0012668168615923292
0.10612021800093605,0.46375533532898594,39.93373819637758,0.2557003924914917,656.2365249728018,0.0014184177115133794
0.15754810626899404,0.7137645808642304,30.55319104672134,0.771025373686023,536.1977239054968,0.00157755602107109
0.17449050553620896,1.3342034547277053,29.583097433126156,2.039134306606451,498.3445541330382,0.0014760589149610446
0.22914054878819481,0.2755865516323664,38.915754627536764,0.7995805787293819,359.79562217484465,0.001447897970563058
0.3878358008630076,0.2136851182437203,37.91802181883247,0.47211652635022916,187.4394066013545,0.0015227194810975943
0.458292040755604,0.1581702313801179,34.66661104780675,0.568624045980802,485.2783380753439,0.0014673521971724506
0.10228407242564849,0.5214744694930192,29.899754981889586,2.695136344268014,803.0662773829511,0.0015493887576418194
0.23229284498108627,1.0849959882615536,36.96739529510866,0.6014645012219514,724.2466872029587,0.0015923277896531796
0.19668473007916037,1.4039480209924209,29.870627474152734,1.7528432963115825,393.5198688881808,0.0013367128410714287
0.17188230715242844,0.22000518199709387,40.777924210439416,0.75774993786749,440.8950790294402,0.0016378178629417523
0.24874158793207615,1.1251064959751695,35.18532867065713,2.157272609719481,116.78067796597304,0.0013691539160079643
0.19947067100008248,1.1701053226057299,35.65311843923537,0.7607947533249461,111.22310420730402,0.0012908704759700337
0.1831909491583479,1.7240487932868118,28.43160842056112,0.5511096085662348,284.1873618075043,0.0012606570104282575
0.2796975608617055,0.2680199637875242,36.060727034317104,2.0714011425130465,362.28068602071346,0.0016999581726550716
0.17672963842391307,0.9452662854273703,29.864475203736713,1.6688624637138052,544.5561587780246,0.0014772556244191683
0.20620611657494356,1.146642625658608,30.53725114718903,0.9369279714437405,104.22475227061085,0.0013709649743193358
0.26789187665443437,0.9079641906437169,28.172492847070988,1.0871137762081042,262.6213504188304,0.0014560025218022404
0.32535083705432943,0.5113559866486185,32.3281684440911,0.9355732680708516,443.46606589559235,0.001373519850598751
0.2936900996361458,0.9523033761138064,30.97146063210536,2.301867187036769,597.9170547076562,0.0014837839766212624
0.1655766908195983,0.9910908002765233,34.8083744890945,0.9346561586497415,621.2944300225229,0.0013119746567678398
0.3079038858893086,0.8301431389119995,35.33106992784988,0.44700987217629057,814.840253693699,0.0014391676918093098
0.21394042153574797,0.32710646847955316,32.40622429325852,0.8407523530401902,413.0640838855098,0.0014174242845047813
0.22853645258088032,1.3583324975016684,30.959324017870845,3.1694892266267387,251.61500181551685,0.0014905159275760377
0.16321673510044468,0.3911501107662891,40.88500576721108,0.15170978929964052,149.08271619271483,0.0013239420923353937
0.324153246683898,0.2323428797278658,36.29566447365538,2.7826166995912143,1148.9164422113508,0.0014557777651046035
0.3048675690132,0.16968141642773807,34.06842660315094,1.578735538855907,1034.5099494443164,0.0014742592129757556
0.36634827704712347,0.6150398194408073,34.29217091605288,1.3414819920875403,1226.8481715159412,0.0015669537620019197
0.295845224345348,0.35963198104142086,29.17445292170712,1.0311766990421425,727.129831085841,0.0015112460937395135
0.2800202369630506,1.0326910772772717,30.90735490497479,0.09205666264824756,269.1525774429195,0.0014378704884204728
0.352863679106433,0.8942080891705954,30.10297127413525,0.09853971916647276,450.94944800507415,0.00141991261190445
0.3124070798572032,0.23803770320139186,38.31767387563054,0.1513170602439177,470.59597108362163,0.0013149200542689208
0.2452590138205652,0.21430445061603454,35.05650319608607,0.4039157776947787,1341.3253674254745,0.0015060169261168477
0.1950382671274032,0.8960236532999726,36.030800118997334,0.22307814159992004,727.8890735437923,0.0014331478598112245
0.21834313441154343,1.510201374791714,34.18679142038902,3.145210534609943,558.1992094633496,0.0014226802539507488
0.13329297361146805,0.3892041896041898,31.681371962135273,1.5582399736296744,536.8420734964023,0.0014663723368018924
0.1962345315959167,1.0358879383637822,31.36684881377773,1.8740576327718694,233.05832332374143,0.001580544113513938
0.19523905941923556,0.5351723713205693,34.886189921679566,1.5547416420895643,443.68258455317414,0.001477125621212408
0.06657588862892039,1.3249375215492867,29.366576895689555,2.199871187823493,222.4461279867887,0.001411471913758863
0.16001781207095417,0.36195140992673663,36.23406337555426,1.0667084914322293,1445.3679177973013,0.0013838385481373346
0.20801633686018456,0.881855042428037,29.453968798419414,0.879873383370501,51.64971541460075,0.0013088516673658043
0.22559918187957412,1.229566977629683,28.569175486462985,0.7342135885079936,98.40783288236365,0.0013400944307119394
0.114082374050737,0.9805603197661281,34.196081021022636,0.5165371507823702,82.11547882586807,0.0013328345697074086
0.3147506105003408,0.2839353869962224,32.15995158992689,2.1809553837414812,325.5268797066524,0.0012920775092995567
0.2860273823984649,0.6027077233063458,30.013399468044916,1.0281287148383351,210.10967769173826,0.0013842866523429297
0.2377332867003801,0.3741058175450134,41.63839474466853,0.9082590639238283,166.52086416088105,0.0014122625998936533
0.23491666446723772,0.18908392590604262,37.268434247910925,1.2385153705372982,206.815186071025,0.0014137147843586218
0.31196198839477074,0.1332134701576338,42.12128476781407,1.465331918246408,578.1119229683278,0.0015068619577233325
0.11530139957461728,1.8119119289771342,31.76087390458786,1.4683061235451567,117.39458064855884,0.0014487823208380341
0.1613381884372095,0.7438381314663296,37.2361963184077,1.281489318078848,147.94148093401893,0.0014946401817628927
0.1811567838983421,1.5975052281792497,32.32994191502783,1.0894645574973776,577.0199768671599,0.0014163725608535955
0.1865510970672484,0.35968584899956735,42.12661270600064,0.08392288861987596,236.79770675443754,0.0016520614065905518
0.2276112284080313,1.8084005839438324,25.02504121287415,1.9350052282096861,169.95060308278093,0.0012326554999319557
0.16757219928273076,0.32067995513605146,32.39587275197371,0.8514836663042695,240.73206682656527,0.0014439200989254768
0.19376492878722767,1.4403021615319826,26.250927729596572,1.9193328896688349,707.5844275306106,0.0014109703579966975
0.24461523561839574,0.3626267162905118,40.94870406445573,0.9282150885762259,342.3874926563122,0.00159021586770586
0.2428159738894244,0.4043535079778316,38.58169216737236,0.9779313485720375,853.0444736469443,0.0015413719532065876
0.14514126741219766,1.0905569380767306,27.62700813876865,0.6777893193704896,636.3040416489079,0.001650512832049495
0.241644373925257,0.21289745134133095,46.979475381948745,2.3375854096561315,274.82334982375295,0.001388243150669468
0.20994673105767833,0.12063031512429179,41.96636189911572,1.7186695107983507,253.2789742182862,0.001381626015089818
0.21828153785664317,0.17973261844803243,40.533594918547536,0.9584022760623324,549.1532280574903,0.0014262530151220403
0.2623426554807087,0.22002096187149844,43.22163083621271,1.0472851448979983,202.56577107154135,0.001493989023604569
0.18103573250485683,1.9694098359529748,32.72645541702246,1.5139166354878015,1137.46204184753,0.0013351498957762757
0.17476255481116373,1.9517115095013833,31.435871799644733,1.3005634686595966,1039.618139138937,0.0013248135457298198
0.2140675021077486,1.0072581447594187,24.625599290380656,2.132388486729036,226.86281239986295,0.00138342917456433
0.2083807334367054,1.0369169894856611,26.386452161112324,1.8551883695299176,229.4428381642924,0.0014078710562166262
0.2106300675750269,1.1397908751723393,28.737038982584288,2.2656921750309222,449.40151331502375,0.0013870320903151968
0.16157197756958216,0.6153154278020668,31.648997908495062,0.9123570278363664,399.04917023666866,0.0014022602849251662
0.23248467015541024,1.06761128758062,31.447520483351617,0.5256097089175487,486.12546682090704,0.001356080784351362
0.23074417858577417,0.6950214563563727,27.12552851202377,0.8053856942188276,446.713569694809,0.001291682678942274
0.19645018632243536,1.096148755230646,28.15948871982549,0.9851631921099191,484.5760032905298,0.0013404867269223406
0.31827583359599404,0.14233463911623329,35.955514221513035,1.8628561960112708,252.04431182973673,0.0013067388574290757
0.38431745400853773,0.07953992400892276,33.86910152068607,0.8760725882317562,241.7784716299375,0.0012740476666954013
0.08128886406770952,0.018171250881144577,40.735761760779894,0.19571934581285635,391.6246111489341,0.0015367375053257847
0.07592298872437113,0.016936339841870384,36.7009519591755,0.1851195169965919,492.87767355835814,0.0015314285193655755
0.09361627342455926,0.01974606438179241,46.0776106791139,1.7125475462265822,472.6840458000619,0.0013398775445930136
0.1391862823511991,0.025543318232006285,43.24501489333094,2.36093063461456,330.9812161122806,0.0013238915055718136
0.3928535569373631,0.024644583432571834,41.68107886364135,0.2994334848055083,366.3475071681929,0.0014054454327324388
0.03398128741731148,0.021199768134955263,20.673466201237066,0.01951958033728784,740.1126987446479,0.0013888712185808653
0.2553052532239013,0.014669189707443379,17.54185254705778,0.28059320481008293,207.07241287702485,0.0013980187361438288
0.13782637800257608,0.030711106331010894,22.911415561307265,1.7131862286577795,950.843467086308,0.0013442954112972106
0.3074366476589731,0.024686286126456174,51.261851253194,2.2936649019533597,182.12843332180708,0.0015087422896148258
0.0844091431334098,0.023207540115138793,44.24080012629073,0.5121650499467425,908.8813435950634,0.0014111944936862364
0.2146686079094413,0.016269102266996942,35.3409438264017,0.19600951995210567,429.6551769562626,0.0013303124302898469
0.30436567733921693,0.01117782803464648,55.65449856862389,0.14873811052430952,672.2081972932135,0.0013449044478874644
0.16840040695377778,0.022028805377956838,50.73073992637618,0.10856857612347587,397.2628021349439,0.0013946177766456258
0.16316951580703548,0.019727541491828853,49.36194350692643,0.201519321704678,476.34914596066415,0.0014038616147208228
0.2579982423797709,0.01900073959191244,26.87434529591846,3.538381985167712,529.7882014398177,0.0014945079317461316
0.23676374465500533,0.026773891608350944,24.23681624380822,2.5066610307333654,716.2123378876425,0.0014987521530588775
0.3694276775110632,0.0921366690913406,42.54204876463416,1.6902631095913312,486.0865174534424,0.001601436973452207
0.11499138741713899,0.018892006709521358,35.92063642369564,1.2914450992478852,215.23294023966858,0.0013387899056971472
0.18006128348607447,0.013871790913266135,24.2405257683074,0.675931409672416,1066.1465102515372,0.0014845754814125636
0.27790423140226117,0.06692309813773631,39.90099393337648,1.3466447857161308,80.9091796493532,0.0014295526090709872
0.1563807038818261,1.0385427195890136,25.36690796720856,1.3065973117268193,73.32889792770416,0.0015397439564251414
0.2979438014425157,0.11517343571099115,47.05050314664902,1.426664840919256,1401.4657871768939,0.0016086868408998279
0.22513282847775115,0.14448653235706246,33.99645308590724,1.7120356921059492,235.8402576785415,0.0012160323857136458
0.24717322083890167,1.7738507329540985,30.764836429915402,0.8207132343920557,5.655636949418824,0.0014877537488599485
0.1614542850524334,1.187132562077799,29.42072968167847,0.6661129208145075,9.411804084791989,0.0014427915822832881
0.29005917926708835,0.9884860389883442,31.64718783987929,0.33980485299194846,34.240834363595425,0.0014269357889083664
0.18375523665936136,0.6952178838970469,36.64823797864675,0.2651416896950314,8.232987975657842,0.0014483491623338003
0.25521072090174557,1.4068811418326534,30.162424927080647,0.38743338919292686,61.76879398099793,0.0015020569230055822
0.20827508087126212,0.4543848001644578,32.56021025420695,0.35565082307862916,418.3134782229788,0.001337774629477752
0.16178784748385835,0.9450398010903308,33.73695388370457,0.1146442996083767,170.7837188636903,0.0013669663953775918
0.3702142599906316,0.7912039969558861,33.9185254109884,0.1875493221768017,173.07481372624133,0.0013492274996553212
0.19565464742414787,0.6699212484984566,30.12187825062989,2.1583176442355105,427.42677348192353,0.0012729455753542817
0.1143156255324984,1.0288579591066889,34.27804503306816,0.9160750502650368,502.40459965068925,0.0013986286606643382
0.06509945982384097,1.1469372765504058,33.642495248485005,1.721082629418546,1041.1468923067043,0.0013893421146509953
0.08036457786957876,0.8034823993175623,35.0360368697395,1.285082944735033,256.4086041543607,0.0014423203341771078
0.3275355239301282,1.1626540236092047,30.8035688606899,0.8350109991406369,7.881604227569608,0.0014829386148498677
0.2831619497700582,0.38280458963244735,39.6590199978747,0.6170206431266274,1.9453675198238818,0.0014016862087236886
0.28618156554889845,0.6791966418993926,33.53684898302679,0.8228939605539476,1.1384014293807776,0.0014229671787422743
0.237433784915973,0.891184020064429,27.920081469719417,0.7182448158036487,0.2451987760738869,0.0015068820617082546
0.12790959866670368,0.2876220801102978,37.70594613354491,1.95859139172296,4.325714479431331,0.001456352068631847
0.19113862031780204,0.2777202662314574,41.449367579425704,0.9321364265446718,369.0116902653885,0.0015486142407630226
0.11600709285730368,0.7223916345206078,32.72288139447525,0.9572983448367206,470.96468569997,0.001604571422522605
0.08929005713704954,0.5818045900105847,32.343862803302486,2.3996202075596873,389.29266018286745,0.0014756763076963404
0.2169639292471205,1.3294280449467555,33.005546583416915,0.5143484038559094,1238.4291326939697,0.0014800415358189223
0.24290643098459128,0.6273830050633379,32.05865863523329,1.2052395802689022,243.51471670547457,0.0015690070389627825
0.2942151694079614,0.21714491057902105,35.47510061647561,1.1443183582646916,662.7405261951311,0.0016213074877955188
0.1992409430107633,0.9703558672628114,29.45716924727501,1.7406521053573756,800.9519165797866,0.0015592577395418157
0.12044335579918539,0.669363829742525,30.812284171546395,1.8147918737729363,220.248791722651,0.0014819008841958844
0.10136752391023329,1.1890938716513753,33.129832516126704,1.11223270276872,212.71264314710885,0.001502197832878089
0.08780281262470041,0.9309688350808729,29.978204895458862,1.4408786726368898,62.046287900982925,0.0013430749038121775
0.10608750931410174,1.5720897621234287,32.8447035861468,1.911115802457077,79.59986460218803,0.001310584375285021
0.3827400469392084,0.6199996011873965,35.58658832194047,0.8700948474018032,271.09253297353536,0.0014792169287956443
0.2033904339742956,1.134129185037658,32.27763540846726,2.0212246699819407,507.8238105588593,0.0015511354001866804
0.12366762781924232,0.970966282267738,30.400471159310765,0.4531870509715043,472.6877885191859,0.0012855143657558403
0.28311109344874097,0.586237292688279,34.20557490404012,0.3651116705446795,408.57234894098855,0.0013743810978014443
0.1115779401104327,0.8397541043572869,31.58171297708566,0.7497519159902724,272.632164592964,0.0014232894249706263
0.0637153066029247,1.3864561424351072,36.56752385489063,0.4632142671089372,870.1089785589147,0.001420831228504487
0.15754368019194162,0.9586902908669442,32.09228382404846,0.59149912483965,588.2661530951925,0.0015709746935326362
0.257670724988647,0.3374006280094146,32.72642032561935,2.117653968133213,354.5044928740185,0.0014451055744801843
0.09516670334633244,1.2258189749411794,28.756914575735397,1.3643332670804584,1027.469352071146,0.0016026212136444153
0.36438346283615525,0.20116330889792747,33.197092417022105,0.9807862771546596,163.81431108535529,0.0012590375922292816
0.2720433548898741,0.9570928455359382,28.803900510716716,0.8384487043362173,586.21325744422,0.0012464565958299743
0.19601176095517137,0.9621257488069028,26.26190061790075,2.23191311679975,564.3032854640938,0.0013815766641519255
0.14358687787767077,0.5978437235722823,30.07930819016718,0.5112138191140964,741.1589508647272,0.0013931871957018021
0.2855733052520774,0.4670699380812089,27.382485475453063,1.5504987909996175,395.1648769150452,0.001516273911584408
0.28616091556171097,1.423306845178796,28.854781235715276,2.3596277199243048,869.2426591989753,0.0015362110502741314
0.1353882276726343,0.3805609427600071,41.964275690353496,0.7974503541753218,195.30775987881773,0.001542881923768245
0.07558404610157723,1.1741904159256389,31.33492953868073,1.396478249336392,271.2062350918659,0.0014274141416816954
0.30778407619583814,0.6923292522671313,30.507618850266876,0.6309775673095146,408.33443434641873,0.001397907945896176
0.22523620263298927,0.1585484881814015,39.151413806567646,3.030090700125732,742.656148752622,0.0013588509564489582
0.18199436733305752,0.3146088918487687,34.32860064204156,3.215432551725719,1339.9184791777689,0.0013422617798871939
0.10871400280119606,1.4106819940928723,29.09149874455176,1.2107252720302348,258.3049950427383,0.001484319731507103
0.11534746289308337,0.4394269210139824,35.538480715716986,1.5077249000070896,1336.2026848178864,0.0013234130382496186
0.16840036046083126,1.1912359064376425,30.285409966854058,0.6809865016390192,26.56796327559222,0.0014983537995137898
0.182675170487972,1.0007341037738497,29.41296220407792,0.9024652246767074,36.16918632045673,0.0014928890822876236
0.15410116453622652,0.7168058640708262,25.983049175749898,0.8002634579270654,47.6484977242417,0.0014701636454269966
0.2770153644339792,1.728774800282138,34.62828828677816,0.23359320549947063,1457.2810290756584,0.0013864640791937926
0.12281049565065881,0.7853857927534281,28.14628431590363,0.047626746045767304,388.94340238036364,0.0013973146729942712
0.21140150047442233,1.4068491844819628,35.1565011797681,0.05887713527895701,404.5635392491577,0.0014157480298227652
0.1919371680791701,1.9819927255621028,32.935594032124676,0.102469887274602,666.4915392831688,0.0014853947516885709
0.20818268537025547,1.9499830013353288,31.26998856841089,0.06038933228375615,1270.903507191535,0.0015323770500669206
0.24822757914099375,1.6297268410934767,32.12100197434635,0.11433589845351075,523.8132880137659,0.001492460529287725
0.2364124408675163,1.5923065478899814,31.439928878869573,0.15883292993495962,400.6308017472451,0.0014808071196195786
0.3815817705810839,0.2865133636010124,36.66669096007546,0.5562329001062029,414.9819439977255,0.0015214586299244477
0.15046741897695878,1.794573508647699,30.956224585410578,0.0631861714726658,207.47159013733395,0.0015253645863685388
0.2410778781608311,0.9318932043601504,26.94862955984729,0.7833680488495204,981.9539516362761,0.001401781389073376
0.23868506887722019,0.9098940589545681,27.289029707676743,0.7866959715314571,933.1583381459187,0.0014027280516003826
0.2242322417771537,0.6343818140238273,36.64983738444796,0.6424354758013099,682.6122831500749,0.0014133726006582484
0.2256285641856478,1.2641531419428578,30.855249777909126,1.279027102276332,433.04426868398303,0.0013503114197362376
0.2027399337696595,1.140926060297617,28.46150856352358,1.6239553155334032,933.3455178452487,0.0013706148868713858
0.1973412981905836,0.2932736796933754,33.90815052861959,1.6638161890371852,236.99507916101604,0.0012573875395089627
0.28260260410384813,0.17202963825338854,39.13087893168755,1.058592046648852,107.33409865522347,0.0013028197831589845
0.19357086682723657,0.23601542281845891,36.63127782456111,2.950981989379283,39.984720407227464,0.0012501629975649156
0.2993520493270273,1.409875139614481,29.687542289379255,0.7382496622258073,19.75421788502087,0.0012756282643468786
0.339837167566125,0.7596965934684955,32.33822092944992,0.7015487968897758,11.741770092626542,0.0012648459527939816
0.2650477158118392,1.9099799357292822,36.09071216772345,0.2170299117815691,5.356968737708476,0.0013312482500888662
0.26031912352041076,1.1032425629836968,33.52605430677598,1.1083452912983838,212.42570201517506,0.0016310714267137746
0.11810380653987626,0.6778505095841236,30.07465982673677,1.411405029327654,50.64221956618939,0.001403817620871924
0.12556029619234033,0.49906287268920446,29.770220986568127,1.391086603383359,55.21139237079346,0.0013978323963885623
0.17563375841467363,1.2286011369273453,35.50079470695514,0.8955297786279427,106.89071927487164,0.0013640322116796346
0.18106095333787098,0.8645923457938602,34.419750395413395,0.7643870186771894,103.66799936246878,0.0013604677123507784
0.1749532911624275,0.9443841705625896,34.03079788709972,0.2626302842084286,40.65794991857487,0.0013922389546024477
0.1888770260642411,0.45929186873548056,37.746945867982674,0.5251061320548207,64.70676150321572,0.0014434130356148697
0.1894656333383375,0.3987656126759516,39.39566957161658,0.32644867085408913,105.59113334682904,0.0014083626641019076
0.10542800769872483,1.4885656821674291,31.660556022390022,0.8880781258610614,261.0721379203919,0.0014907503705071609
0.07812974554287196,1.873733206919754,32.2919162684265,1.4245447462159513,106.10319726800569,0.001548751350102947
0.0848822087630421,1.211603780574877,34.364183406535446,1.1888110112886006,134.6873927772648,0.0014760365636082612
0.06363136524059085,1.056656117121691,35.02682795979005,1.4736702744094192,233.16191202748283,0.0015160661972261084
0.3036512133598029,1.1079344643810223,31.71538175982502,1.7504116861966563,1100.169309054301,0.0014595245190279658
0.14055825197227823,0.39034509980034876,31.132890585407544,1.7134290710398736,632.3631238767872,0.001578794031924975
0.290339947389092,0.1315353291497608,44.73425668078398,1.0480607336860184,272.4438960463465,0.0015326360413718686
0.21479721178657604,0.4196783510360761,32.907401018443494,0.6074129921915614,432.586889470522,0.001385240627426054
0.3270892311829331,0.17789099621653282,39.65659489737745,0.324821506427905,599.5087193909271,0.0012138176608114315
0.19169000467931022,1.7907819342698699,28.06664085790607,1.6045048589302486,431.2052165820713,0.001405887337308781
0.17520188400714912,0.1586227556864467,42.60328231298137,1.6126634696210578,333.5380066386405,0.0013754785876307208
0.17091214614935474,0.16792818069100257,43.255852083540425,2.0917228582751752,224.6711682433339,0.001302596339709092
0.14277028862198052,0.33782246404010136,41.46036894399832,2.2910308916799016,163.69047691973012,0.0013637818052052563
0.15351177055589763,1.8137156861621913,34.606624723811585,0.44262120995620424,733.7643030872739,0.0014458134032710006
0.1293938335293439,1.2732807700747506,30.116321548120933,0.41727394464788176,671.5442407747454,0.00143984255010714
0.4430458027751334,1.0170762461115528,30.18416931117719,0.7622089719382424,314.8554390660903,0.0015545335725236447
0.3857620318033352,1.7607283590271592,29.145463479956987,1.750948113902086,1391.0732094489836,0.001482407117461403
0.3394740888790604,0.9355136527734171,25.614919382001677,2.243324727098043,212.48568317771839,0.0014806462347513006
0.1297315319741106,0.3640307818497428,41.17907575314866,0.7699081423167632,45.35990718249648,0.0011978679450183423
0.07714364339037817,1.5493028862708813,26.98642922452391,2.5744227377137854,517.2227045145564,0.0014013965895446363
0.07430730271159032,1.4141348344006006,28.9209125006704,2.5754043878594413,587.5507868965555,0.0014017810875613943
0.09537245344490868,0.5849132815257736,37.987385151556396,0.44672566941402586,434.16766115466265,0.0015945876020249813
0.14382239707698258,0.709332797753599,31.49106679368063,0.2788747561317521,825.5799475128874,0.0014227912319316922
0.16439784334293353,1.1215302897675539,33.43856663746734,0.36349482073937844,1000.9323274329436,0.0013884286210558683
0.17439092824546112,0.9640231317813103,31.20814026337846,0.2802350253261026,485.1253210740088,0.0013461152498103624
0.2386182210809746,0.5031514461711256,34.862201014545825,0.12193007661143877,645.9785537677611,0.0015071602441207505
0.18668270202594353,0.9883363126442043,34.64170238796265,0.06430604328006626,432.1010014816832,0.001390596288227185
0.17477731026375418,1.141084882496146,33.19940975096779,0.05125994168271837,265.09256247146317,0.0013564584563389615
0.25761656524341303,0.49984320869316984,31.921171688702252,0.1450931873014716,168.95911951470208,0.0013997664675391834
0.1708197524398824,0.6634818235706966,30.716060517046706,1.7556036110482112,1199.1370609387732,0.001398295990706595
0.15247748410118933,1.3240891227419966,29.537406366234883,0.6628702331996542,585.3094926730471,0.0012617968682258247
0.13973602757147977,1.4108347698135433,28.84059121264289,0.6183879760707609,748.5105007671241,0.0012469331423758914
0.17363591705169648,1.5043314774611916,31.270992203416217,0.5808232414909648,382.1528221411816,0.0012612785964008235
0.19759066273634562,1.5781663218213242,31.46243658994471,0.5652183222632264,449.92032027351655,0.0012945265151055655
0.22443033712698884,0.3768567171871366,42.730069383076014,2.1577128371120993,588.3801705186273,0.0015121541451832581
0.3116787296420045,0.02058222020811568,32.236635866130484,1.1895363889960622,133.92425710632793,0.001457230730591653
0.41885629551726533,0.036897608013644556,37.725145838657085,1.0921754041026313,321.91101548401343,0.0015565341553171364
0.3057835739081349,0.1923906246689367,38.79927605033871,1.806924706519724,494.8394292820814,0.0015209015760219106
0.13408731781384642,0.014016154529160997,41.87332820959019,1.1780154013546071,266.5481341999581,0.0013449367865827546
0.1772755155950668,0.012540921586881321,39.65097636247083,1.1000337276623025,354.4447323644538,0.0013703252648334782
0.32476833366956215,0.11463773666059884,37.986565466773904,0.8600663866257148,176.78310824158217,0.0014064182792628231
0.10188256920541833,0.5278545979732039,37.2865397244086,1.6371670096601214,531.728299060829,0.0013365046981459127
0.05552597776185776,1.1808528001797016,31.864109735057045,1.5078882363365003,164.72706297341355,0.0013852964162639903
0.19771421254076113,0.5564041858904474,33.241648281724174,0.3784091768614962,917.2980998993005,0.0012208018450045907
0.1507725942272625,1.1155700056753226,30.933175726329328,2.769008349712459,76.187050597037,0.0014648470821148228
0.1625960230091107,1.1998488630030235,30.819585336765158,2.590463014654971,93.30102225829678,0.0014366545684901303
0.12888706342562306,0.5713747360612663,36.82279532272567,0.34647169964568414,224.160960953229,0.0014427356143214929
0.07834862305912624,1.8588432549010443,30.898242234927643,1.7302553636666471,808.9892164550863,0.0015121361345324974
0.0931065351510362,0.8638522005284962,31.892224652083446,0.8997225780854878,800.605852477448,0.0014893889049012747
0.12653354590359497,0.3748112549026683,37.86464921858879,0.7667245741812633,497.71565020831747,0.001572216857695225
0.16142810279702452,0.6534456310498205,30.385600788382373,1.2076678670224215,128.70618632826537,0.001394865166748303
0.16234102697141595,0.7945102766171375,32.61568235433821,1.3730043900102669,158.50708469701004,0.0013833640488369445
0.20977958215782702,0.5301308935013117,31.021546212180613,1.2309691668165608,1027.3406878871517,0.0014851923246362456
0.21618035612757155,0.7015012318081466,31.965410061965564,1.3054345936735021,871.313606639176,0.0014834381094777512
0.27929252096757956,0.32233493483160025,28.609492013552682,1.2654839197297325,367.4460922691201,0.0014244168700791875
0.13210287161242168,0.9607667914411441,37.513357191081155,1.322877383193936,195.84182222481968,0.0015193267133810115
0.2016023392994952,0.9846268073700756,35.75336367285721,1.1618386609861953,815.1599719064285,0.001607579642799301
0.1908442306874468,1.0542473238048473,38.86017790798884,0.47437194679396516,899.6042320121662,0.0015232777703252402
0.10525398308352626,1.1998207526397238,23.679900445262607,2.142541282818856,370.10850898003446,0.0013486631869855307
0.1856343091508659,0.9345660232413325,37.54804765907999,1.0876108949410481,1935.9820893781205,0.0014023904702047756
0.13398817709646133,1.7657660491427645,27.467666216277706,0.5903599950336621,92.72213909350928,0.0012492349312238247
