r,a2,a4,a5,a6,sigma
0.166440976567365,0.892602963187819,23.325974613533923,0.5416765352852384,197.47381841806802,0.0009963375536533815
0.16764933106918112,1.005406843800689,25.622157138402358,0.5088008664023199,140.24931613686644,0.0010394509274798654
0.1038333240128843,0.631461748711027,24.38838172812798,0.7780506608723264,147.5773742968448,0.000893269808257013
0.14634442286588142,1.2347439627324157,23.76037171893933,1.1722519307174915,211.533244196285,0.001049131296277582
0.3022342018506824,0.20320523906102564,27.477437775129815,0.3430910793926461,532.6255515004507,0.0010233831360636598
0.04864236063721444,1.3065585315907544,33.472938257406085,0.5012331446020871,282.8830008971218,0.001013533481557501
0.022523317135798478,1.2581838697996783,35.9974233545464,0.8178443633925878,442.71794997877777,0.001103130972329187
0.041406019085900796,0.6785774473115292,37.63792094930091,1.3629244016107767,239.5830606167584,0.0009115150201594766
0.04438007158518815,1.1172804165032275,29.261527310437668,0.8197075411674766,614.2016536230999,0.0010180600549744893
0.07932872840631777,1.7931769622947462,20.41994805172761,0.6187776932641184,181.52353292193393,0.0009430421689449599
0.20809115730234398,0.39809450435169114,23.55857138979321,0.28404474492217374,723.6125427634432,0.0010285010583230174
0.2315418281000342,1.7044687389407231,22.308488430777963,1.718966415591004,390.5145253362759,0.0009579190463054347
0.18786406195058925,0.38298432399904736,22.560076460411437,1.1211470360493399,847.5770977694141,0.001069527137021726
0.3514265079288402,0.3855475699282087,19.03850787501693,1.3416083802095298,773.5701286268384,0.0011463790973869506
0.22359612800166523,0.9521397168878539,22.68222373583484,0.6262678737831203,225.53830873704794,0.0010790861739722133
0.07319554181106276,0.8426982962378504,28.284806731256214,0.17533957345030085,745.7880065883581,0.0009313514145651012
0.04135408172237553,1.2887219422926086,26.68982176320328,1.3129365646952829,468.53567097547165,0.000995066597632728
0.055876549893301264,1.1934911288888028,26.55248346888959,1.0622420444211682,433.3637238753626,0.0009465015640524194
0.13539538110553992,1.8649991609280265,20.07476066075466,0.5151478129407435,125.20606783807297,0.001078374092073805
0.2098618913516657,1.6191381154394155,21.865935428756696,0.3195216150460665,251.37340140290152,0.0011924522224632732
0.34169248132523844,1.892874676409704,26.403018887263947,0.26793605460115355,785.2326449496572,0.0011153882342021773
0.17855421293989748,1.9808245189382017,19.334557906597865,0.8316794425120891,451.3666731968538,0.0009744953676244264
0.20492038889419603,1.9740683418232239,20.70943578182715,1.5333998121696126,341.6419185791291,0.0010215547669686583
0.16947432352206407,0.3891309543699424,24.954841999031267,0.3100593116862423,429.46518862365053,0.001098624227558919
0.10175499843043229,1.8775185921720388,18.83313411462503,0.17298675590570706,406.8843152376679,0.0010737660151286174
0.08461252190842171,1.7192857464073896,27.356052952896654,0.10582175197541724,176.53732934392153,0.0009532003286134278
0.13779427450151419,1.7638224495578476,20.328935573687186,0.9046632621617037,174.52660444438067,0.0009640873819253114
0.16639336574595648,0.42212858111352125,25.3223251004855,1.0854376996193875,933.2266137652364,0.0010001607363432493
0.1322519889219345,0.6330444244533159,23.919718255244327,0.5043287106327502,541.6461889180272,0.001037023789180243
0.10041654037712734,1.1166507565808392,25.84701180863028,0.031017928786294825,549.9330239481825,0.0010427927462433768
0.277064868117071,0.8250444369546696,17.542463924898428,0.1264172915494753,163.38075246465232,0.0010552586211069017
0.2088568756813453,0.9421243323288238,23.784158704172526,0.01407289896220439,375.3427316696527,0.001091641217640901
0.19640343552025238,0.8014389656003847,24.945305668693084,0.012762670927870515,232.53597720830626,0.0010425060189327405
0.1849915420619144,1.5760001330539013,23.2404455328633,0.1251806900265676,140.1051465871144,0.0008955973649485814
0.058235402702259284,1.8459146028221036,22.107588531574567,0.2446521029556847,754.5066867905217,0.0009133078446443101
0.14861980290739024,1.392910103097971,23.629786413934916,2.303631021792617,266.9958303522451,0.0011339746699362406
0.19873180515089287,0.31559216625616804,25.021045080975323,0.3370232706306013,549.8382980718268,0.0011383871807561755
0.07127518027966114,1.7431016770572958,23.418577457904355,0.37195331846240026,155.29929549685116,0.0009095879554211967
0.08694183815423996,1.6937556985012898,22.90356096350107,0.43612689462092186,221.07983965611476,0.0009164902181877446
0.1757771000913961,0.7621149739414562,21.38258276614306,1.0280583494557265,437.71253138556534,0.0010383893098384659
0.11029137207803581,1.0171534097076569,22.54802010746145,1.4841691323174098,413.14156286555004,0.0009663493931021534
0.09637864323475288,0.32656375832422957,25.846493936903563,0.6293188213266233,370.4505174716555,0.0010123776345176724
0.29265705756520205,1.6563735096327095,20.244550722737053,2.0362182304922065,312.7445700856711,0.0009563431661887337
0.22732851202020146,1.4094201512131104,19.662378377526004,1.7902853955181335,700.9494282489616,0.001010247929006833
0.09545240666898941,0.7377344566903938,29.574448320384924,0.2416925456216848,117.70079274189804,0.0011652302516326873
0.1211383779859768,1.1854450154846885,20.82822557180652,1.3841987221109764,970.9748539648893,0.000986560962159647
0.2570584017358924,0.6094037897517435,22.53091912555372,1.1178772602713405,197.85834292533428,0.0009178303769805111
0.27509536055481776,0.539731094817817,22.62004516602854,1.081153667244022,193.39290180207362,0.0009145661698963719
0.2758774975469838,0.5413430796750257,23.408818314327593,1.5503497508429467,426.13559368336195,0.0011129958724246387
0.13269818245258333,1.049595259875334,23.587356132287415,0.3088558458547823,527.2318944792734,0.0010167695976334198
0.03796658480266326,1.6324280141798269,27.05894073694106,0.5393760904460854,534.3432796247487,0.0009104322931309664
0.11910996556607624,1.098571119215652,19.53924194960641,2.4316462043580795,269.005231956718,0.001018844152963502
0.07628803194559654,1.480787525645309,23.694573744494036,0.8030575178445681,206.44642166072998,0.0010252995825535496
0.18873062430500093,0.6151411778824273,24.45050764417259,0.7629124147603316,71.95471822723071,0.001028879852483265
0.12950632375177584,1.0264521898782792,22.29210990830454,0.9648596074192308,67.84862478658643,0.000955729504703978
0.09646411364439093,1.239419239717035,24.0890950622752,0.3832937849215219,291.4318024563468,0.000933617479535489
0.20167044111175525,0.45407999543725125,21.86099229437629,1.924329533538424,348.6605785632496,0.0009975123543182873
0.0761981996780692,1.0813576660935587,26.322716640572402,0.9745791936438909,149.2302505321625,0.0009610491157545133
0.14223190564512908,0.37030548346238057,29.711519768127964,0.7412425369233888,29.946613509120333,0.0010729416607328395
0.1379070542983727,0.30989060622841014,28.329675464387822,1.1340422491600746,26.662049865708745,0.0010905301270420784
0.10985019720061749,1.575096444295491,20.360219811556103,0.9107204433542414,1169.634088029734,0.0009322581264744785
0.19202222490110887,1.2034026272068175,22.342618286318,1.5120945667219463,93.37880949698004,0.0010938093845264548
0.27756300389749067,1.7376675716909291,18.95205505236812,0.9381886067110082,61.018271816841064,0.0009294195266145109
0.23419376781193724,1.7370396142671334,20.652008121399614,0.7431148198116156,68.1119235723903,0.0009484982558746985
0.09769379591300217,1.1111684301680498,24.81330530776258,0.9229438947186196,407.03392545818036,0.0010634979523108873
0.09059704270661807,1.2554189088905445,25.9287390875269,0.9097848781123495,383.7276787205764,0.0010703153845110361
0.0934493554190155,1.032045407593133,22.52632612749946,0.8405376732996163,791.7860573392317,0.0010878498385454055
0.13553410756024445,0.5575026468315392,25.91122491719426,0.45544772037324277,463.020746987486,0.0009468027406989109
0.21584834644532783,0.38342283745690825,26.910831999740196,0.8750444095859741,555.138773427502,0.0008301299574717043
0.062480325628773134,1.445785258625017,21.80083790423823,1.4528262735902848,289.19326168629215,0.0011619098925171154
0.21488447858010534,0.23920142138021816,32.848445219123136,0.16309573000697006,883.2991830644453,0.000928313353906716
0.13525357078174685,0.7214617098300787,28.994581188175264,0.2796986292830168,208.9848870025029,0.0010148541872923337
0.24862700764643586,0.38757572012314306,26.96655550114973,0.13119754872155137,744.1984806774338,0.000933546779115821
0.1775052609489545,0.5264833357575124,27.653154409001033,0.6380538916131717,93.70572955750374,0.0010664223780553104
0.24286830118590416,0.49427499174674483,24.701432258451963,0.3537164084044817,87.17889734129083,0.0009429975527234203
0.26899897672109063,0.7383832499103193,23.642756706352863,0.454283622324945,110.13619745101587,0.0009616507301032308
0.16787443919138242,0.42602844627124564,24.94677225845424,1.2351115547400973,355.89689093862324,0.0010577634772973813
0.20550392643152482,1.3591267306122947,20.6582266656971,0.8988123695549749,544.9550273318146,0.0010382068084410958
0.038899902331320235,0.7041446836475578,26.045953093177932,1.4754918065930254,483.16131420500903,0.001065160308667762
0.3250812632809071,1.5202022642802129,18.468602183981037,0.8756027257492764,32.9667934130824,0.0011825891117036203
0.084833916689368,1.097740322960522,24.304631273667884,0.5136887412316999,1257.237296854452,0.0010326041576991637
0.18078592652800513,0.4684529199390146,28.8976823195912,1.0027177712151358,72.57562950800782,0.0010612974235982005
0.17301639495379653,0.7413535527616019,28.09517729239965,0.9384808551617448,73.25070776547737,0.0010551613852875779
0.15089269866780636,1.5201678754445307,22.673113479060337,0.5417557317718347,303.0318411587169,0.0008540274340649661
0.11690751779750888,0.41018253586653125,23.81953081207929,1.0572929545893124,620.2061383934491,0.001138196718882014
0.08122053687421246,1.5796122478594614,18.812165172454716,2.2494909479140177,399.9619849343797,0.0010805225338075025
0.1794032769816946,0.9907809596416708,26.204889110329567,0.11138349529284537,497.85668732228305,0.0010203514199741042
0.18845101392651978,0.5762025588987855,21.63242879958166,2.684454702756263,788.5803834469001,0.0010323813936094512
0.1898384679083589,0.6728780476597593,21.292863345484406,3.1945012039494305,599.2759273241921,0.0010501183761699273
0.20404869778179424,0.8516086839378598,26.691502558283624,0.22894140754618234,324.8775739043573,0.001221047787466403
0.1956290862978792,0.8720744408300598,25.513437432332204,0.14139263959874224,285.46771765920084,0.0010856594723866212
0.062327324727972984,1.927975692765941,23.976461377732385,0.10867065612040719,202.90493264109958,0.001039494544184856
0.14094809605410524,0.7381103825848189,24.819389023080713,0.14086757751881968,651.0105652447131,0.0011050151735768799
0.24542526194609157,1.0750116275312351,18.710164288930674,2.062871950105571,507.8121304739133,0.0009584150314208656
0.10323868768336499,1.3298969014695883,27.132352095277472,0.5397219289005188,286.83424120792995,0.0009363981439758493
0.11615420440803194,1.3534345725174182,21.84754571490889,0.7608595879272844,527.6605421193627,0.001039848262422459
0.12986633954948978,0.9192543481580158,24.722570613943983,2.5849054897736066,194.54913905766585,0.0010896043305112073
0.24525717832942456,1.2755415058118782,17.946046688759978,0.39869368252954746,63.58553989300692,0.0008575220197569636
0.25871987924771445,1.3754418822121022,17.22907692960697,0.5281944985905203,67.90266643214676,0.000876400982868711
0.05264777969936064,1.3672617433229848,27.763928519424375,1.5517347677543505,17.255990422907935,0.000974914388828417
0.08763544515833772,1.4410647976340112,21.557546313185494,0.47943033858572104,12.285145955080097,0.0009411513738498327
0.07193961804187558,0.9711297531273629,27.8358071625321,2.0979099766557248,322.42711403180544,0.001066318411517985
0.39894489886677714,0.10305380632499456,31.881409185035157,0.3595464634559089,929.1278638680234,0.0010295366532056976
0.09577831399063265,0.9497362616685294,35.75806939909256,0.334581350848619,149.71593944690684,0.0012034793263651167
0.1688976021830541,1.6577227078469559,31.868511290564378,0.33326631316457594,52.07262942506728,0.001161799857388979
0.24185248592738975,1.584580430641803,19.952077762683615,0.8905597390929265,61.84067755443905,0.0011517337634795398
0.3770695633879521,1.3523526352923434,20.522381081999264,0.8922615205150194,972.0776029859513,0.0011280212050172526
0.039110066371247844,1.9010800938875547,24.19770166768125,0.8981503871906149,213.5093491768534,0.0008792570444585181
0.15231642778227586,0.6758726370471148,24.286083314215134,0.967134229053175,453.31622357991273,0.0009847170143217935
0.11069603488333746,0.7361667838303373,24.35500651057075,0.8712304002766885,170.07786387996168,0.0010467596405626491
0.1173018647431684,1.3571006246353614,21.017793928148166,0.8182259362592973,253.74294389500147,0.0009917505227458661
0.24615233092283123,0.4057963194621932,25.944386876102833,0.7598935554083985,425.61421828497146,0.0011766070955201312
0.18520263734539327,1.079395122352802,23.228335014240038,0.06625482593472362,467.16496162629517,0.0010404004692885125
0.14569515845877481,1.300553810565247,24.251094863593654,0.0685454442744588,504.1322938888843,0.0010666911355209946
0.057242336071965376,1.2582286420872024,26.74343254427831,0.9031463163345779,754.0129449243892,0.0010369871013044785
0.07644712018468137,1.2678626455940378,22.310146898185543,1.501436068920634,661.1624462276933,0.0009865540324628067
0.10036563021229442,0.7941537110915025,23.6641822433253,0.9208581757741064,88.53936054986578,0.001159811990910529
0.05469056298928767,1.5769655343157094,23.681533762037603,0.8837578298533318,93.45810158510287,0.0009823427149557365
0.06273603051271479,0.8837797441016989,22.107231193754586,1.9350224167371521,38.86393244096931,0.0010517949556216092
0.04491102314477777,0.8930814499628824,33.19375860141349,0.81979685808862,157.9029282628033,0.0010176013261130616
0.050460290068719785,1.0320527199329355,31.14090139236898,0.7859428908849538,147.52983978555966,0.0009938975547685285
0.2279241705371697,0.9540925704438405,25.82000135730219,0.7028213172151406,77.04302676790778,0.001022606598263374
0.244057373742153,0.7596871052631433,22.545336008578357,0.1690844920242997,104.7360054240041,0.001048700257234739
0.1814978302336522,1.2954420038613084,27.14748075377735,0.04658226903214804,25.438354006386533,0.0011454501650643657
0.12115348974696885,0.9083324324219499,26.677857920573867,0.1749468665225253,131.74352885782622,0.0009114656688880198
0.16396172398321876,0.9013531895822741,24.138047981799236,0.8654857184752901,266.04133054478183,0.0011851314528658562
0.17877668698445998,0.5380725496458585,26.761363833166257,0.4369166191033238,1048.3491110372875,0.0008823993151515833
0.10963618725339637,1.139064367415753,20.038366265237304,1.5203355744332685,101.99354548107698,0.0008921302136213514
0.12443186110703779,0.7187959332568606,27.444716277339133,0.602255726980229,105.18426147678677,0.0011525984074907656
0.20624752425864246,1.380703165884482,19.06871010071389,1.088203738699128,86.86999910359205,0.0010791519234036153
0.037248478894956735,1.2918060922775811,24.56188150061884,0.2742655536981428,191.69195731216826,0.0010579328344861485
0.11455363852052122,1.4619939344627155,20.13028303839445,2.18953646934385,243.32389814057552,0.0011948782109850386
0.08681348704628365,1.4934875887778225,24.04657429339181,0.38081782288732086,553.9185138139921,0.000956366209720885
0.07941401693195917,0.5536043199148348,23.927887799264433,0.7607191475168259,442.9836593405558,0.0010267100778942493
0.22242984267245866,1.3979453000800537,18.591180831852796,2.279612436826795,507.531388245076,0.0009891859946403677
0.24112687157111057,0.5629705430430592,22.2554207798999,1.1479795254614718,488.68807257907207,0.0010329523511710334
0.1743172468365711,0.3043160781259842,30.863997117676746,1.0759307619713134,116.56302363362069,0.0009340568054113918
0.20382208647141203,0.560697615071719,20.495745309223075,1.3827791844065664,1093.7717256076185,0.0009172397360286091
0.27542131102621625,1.1683628960812804,23.073976139552183,0.7946099435664093,120.23066274639933,0.0009068903039366846
0.12364352807807062,0.7503551542050658,22.07670847853772,0.7468434047630444,212.13882259625686,0.00105810859009322
0.10373062630619426,0.8403197074877883,21.343513156614225,1.581948608586601,211.74307795332214,0.0010293660527042738
0.1702584929547627,1.1217366313587733,21.374378810134353,1.643384552870183,112.7584427406424,0.0010147187694154005
0.1909522687671747,0.41470107765085984,28.619136187570597,0.5367690517861532,999.2528838038891,0.0010487308115463062
0.24102703977108422,0.3045750634306061,28.894673227423283,0.6569806412300205,453.9191702652505,0.0011673868117191217
0.31408425667347084,0.24835500263200516,32.2953036416909,0.5266187261820752,116.89155473587128,0.0010655179417108493
0.04077939284724379,1.370180919611047,21.16783482045258,1.4976746220709143,744.6363243127506,0.0010367296201700472
0.05135364379292646,0.9722402398734513,27.182984078064063,0.19686671696457303,201.25578643744012,0.0009608519971350001
0.08474120116778991,1.086924864620619,26.868586945715236,0.40671808468534587,644.9448937383698,0.0008896219729732096
0.07414314320624354,1.8661416696977589,24.156943881171422,0.2924712112525045,609.4029115932722,0.0007769436035324582
0.0811391642903107,1.8656337223714459,23.148381744649587,0.30673687432932295,605.5494576746192,0.0007785863201398007
0.12968705821056145,0.405189755810556,24.185437360258067,0.2237012073355533,247.60173091113018,0.0009274557639782963
0.2999865891728944,1.4155968181047052,22.76751632925169,0.6911507647728966,576.2592322364912,0.0009027205257136472
0.2865302488812678,1.1656129509696156,19.377490452860105,1.1411428244279909,1215.6448856519926,0.0009356507423616227
0.33329648289018365,1.6078261692971108,27.686234029971224,0.9755930359140818,208.04626326523874,0.0009981214600710282
0.11652815864116059,1.4986569288968699,23.760551608429722,0.7523481661792478,477.52501708712157,0.0010048415130369717
0.08114697006131336,1.2035864540921086,23.845038468733055,0.5625213450105442,580.0419162556329,0.0010027907921639106
0.08356061503572652,1.6372474117017672,22.922708823540503,1.0145085988172502,392.8557707328826,0.0009599609799886166
0.055968836457073054,0.8962109710058757,21.18196834788321,1.842351227676138,429.31534570156253,0.00092871710779229
0.14510077961263543,1.2149884784096006,16.57280931120844,2.579494339933145,168.17740105478,0.0008568128606157067
0.13582118413765415,0.6406166921730235,28.10819992248598,0.3845300227834078,718.9066553294367,0.0010808497159725597
0.21719585150435647,1.0766319160685607,18.03114076903942,2.2183335261987183,60.83291895487294,0.000824905931963947
0.17376501262489613,1.4863132041926084,25.03125259186537,0.626038776849585,97.0701196480695,0.000999203817050037
0.2394726969357302,1.50137122341376,19.799856950544722,2.0563456918985548,261.81321740702106,0.0010660200572532915
0.04895889565431179,0.8553469612747358,27.483935778476134,0.34594284665947356,859.7193843708866,0.001026935723264878
0.13664401151190467,0.9594937603800312,17.9215011974196,1.1393074865217674,321.8005463908204,0.0010169641060849613
0.09305460105635889,0.6527298667045843,23.399597476231794,1.1163307758987113,264.73764613000867,0.0011290251508118507
0.13143677491100453,0.845836829064156,19.67508763731851,1.8773785963642353,303.4034594783449,0.0012801545435959813
0.11338070174649406,1.1353424885975059,20.6806916359934,2.347912176918987,373.0890659469389,0.0011912035192750661
0.05822305798799962,0.841720372862348,20.53919928957633,1.13586250177847,321.84786425650776,0.0010433681966176714
0.22687232905135535,1.1710475748435152,25.034044397298413,0.3445735506164025,408.69890813956533,0.0010395556888948302
0.2281964410599298,1.3194576681909786,26.165350992620066,0.2626068944751145,250.71021388619116,0.0010325453593361283
0.1670229189812931,0.7779685525860323,22.29621427747403,1.844302905561599,1001.2683452823734,0.001128044061304075
0.1665307056301633,0.7395805211483607,26.186481543323065,0.43841783693320024,119.12497251699301,0.0010349626250638882
0.11279488617529707,0.5272745180966364,25.748519583114287,0.49733187585725674,399.0203310926996,0.001043690652185592
0.130189153406019,1.7194362648794357,23.338040223357247,1.5648775368112742,112.67271911992576,0.0008748554940324714
0.3296022914574634,1.143622556755872,19.91888010344872,0.5083181143185396,327.9356109661447,0.000986069426423777
0.09187811156038306,0.6045702648302398,29.227442774204206,0.7839864366068762,923.0748672509674,0.0010999741655458239
0.06085621423601626,1.1510164037552866,27.336195715299624,0.410308516725947,387.04808111732444,0.0011241746361552803
0.09495347994337276,1.8792232448084167,20.129755217727958,1.415258387748175,543.945475687424,0.0010010829656909121
0.09831187931980201,1.547550008791893,24.450913725577582,1.582050857421508,523.8810575519145,0.0010113665945972903
0.10539554899457348,1.1410690217359556,20.366392232479942,1.7014595769181307,362.2017766546596,0.000979423112359455
0.20745433087236834,0.4501576839001624,27.29847964578315,0.46736129233543156,527.4372714357403,0.001034116147651773
0.26661583882179,1.2354280503974664,19.415258193210093,0.7872186767692627,593.9019962751046,0.001065858893688796
0.2661107563780362,0.3991554595323585,21.529607228015006,0.8979383807014673,513.1243781948405,0.0010375481407441907
0.29782284367319994,0.7088684552413419,26.166931320198074,1.377061798111612,733.2075808113643,0.0010370649623000947
0.09680987556517709,0.8933311451150159,19.425540456239318,0.9868107664386527,268.43868404891055,0.001013424822873028
0.08961723949629728,1.096809510794917,21.66938316250293,0.874447328801596,347.2019706333329,0.0010307417943416434
0.24215378319748218,0.2825276030258937,31.55605413503376,0.5191353550834811,625.9568596235912,0.0010232767207099841
0.19399500065272768,0.6544365072353103,21.273382697436265,1.7568018779627854,285.7487852488162,0.0010730797885970596
0.14118238171822978,0.818881942120871,20.56590973953098,0.6265309178582588,141.3218740983444,0.0010147931555229436
0.03407649979589925,1.3261654272682535,32.59091280101286,1.037691756479606,462.2138178780091,0.0011698660333551015
0.08793348240909987,0.5349984063488612,33.49456871966033,0.11287089921299076,563.3776577297889,0.0011532836402096385
0.03939821127202671,1.7383565396705027,23.026633706706633,0.12899981023426413,353.1962151053448,0.0010058622477563974
0.14410573848097571,1.3908955055069074,25.360001401023922,0.26346637541450385,729.7538342179719,0.0009364196250392432
0.08426003284381293,1.8830855187282038,20.598307622624162,2.4264941742883814,100.89279409173949,0.0009563948764010357
0.15784978249809656,0.7202757535899222,22.87525977433101,0.4024298735518291,953.7640076895266,0.0010300869359448517
0.19363167047173527,0.6756959131399675,21.59883504130092,2.6924206291975,181.72171197118337,0.0009500024299993512
0.30070903321475834,0.48283470859817335,21.658356674842686,0.7269282396113449,190.57979181191888,0.0009630281088339284
0.09661104163587142,1.0201559380232077,25.565808194291584,0.6856658220113484,743.2114963082289,0.0010118265872371805
0.15865647418385323,0.8783816690406859,23.514992739572843,1.24977485417841,366.2041330835172,0.0010555392568174994
0.14561311272351382,0.5446300814342645,25.81451804273103,1.0450911109278982,165.01274550157487,0.0009975860643493628
0.17410755017190668,0.28440506165542256,33.23766710217049,0.6283760248658952,654.3555565094052,0.0010162993048192092
0.31899821460945565,0.31382402102080587,26.866153544387767,0.5253898246853056,458.39970689169036,0.001105593165926134
0.031078554786073402,1.4270305827816054,26.09505129425079,1.3102189586885493,380.168302872045,0.0009100025784500533
0.05946272833572843,0.6940824758504525,28.65656928675665,1.1525778824732196,840.1520096533009,0.0011484290804163945
0.02821943701296667,0.9590824993919788,28.637245572185616,0.4927503318363272,520.0995115982779,0.001164025293844065
0.07875018279128213,1.6352137662059036,25.218916793395067,1.4450421273224652,494.46049331698384,0.0009125258276681704
0.04181840548385795,1.7865754825466633,20.286136196760104,1.7627076354188234,399.7284684710862,0.0008626794092353702
0.27191385992500317,0.23794105456052045,27.816912367106116,0.3383454825621851,187.28614890181083,0.0009714196925892527
0.046464379114901595,1.8076910666756143,23.229316254819786,0.7895258714652243,147.10696663986118,0.0010736524079441988
0.09171788014127492,0.8172072622613632,22.680263092611334,1.770983588974555,858.9972645737267,0.0009567998380147301
0.18685648542281844,0.5254784128026238,24.0128370140019,0.8985669237911348,763.2557131500424,0.0010126252849141
0.10581394713388005,0.8672837027003548,23.39977148320595,0.9264336640712982,232.95100987590774,0.001246542566282861
0.13366069235372627,1.0401729325723814,18.48144585801453,2.3995829506627517,301.4175737178943,0.0011938307546410453
0.10778082659577554,1.3318726392381925,20.900421636123255,1.6013887054502685,206.49104648817135,0.001236017811082515
0.11607797401940999,1.1293396608352382,24.040853474806358,0.6606866997311501,427.0737245374652,0.0011524152589252278
0.3607074238027845,0.2823398202742894,25.650156106063086,1.3134641498976876,340.66121996544484,0.0010605085700959014
0.2872383315836387,0.43458103762721784,24.012988632361647,1.0117870856922373,281.89012236149654,0.001090314511364208
0.2076939175021158,1.2487823444410933,23.92541018905956,0.8214112379081524,826.3174803338608,0.0010646499177824266
0.21097583327346606,0.7342656575340186,20.451141220663285,1.3721493085136076,507.46837350170523,0.0009267068451564654
0.13460767042107163,0.41791767506778943,25.146985576668555,1.1457640900273147,538.8949232067669,0.0009415469568172357
0.2439193622045194,0.7222664640225946,27.302285003166528,0.3942370151526731,459.2895637042299,0.0010546155076154567
0.12102404183938985,1.0006302397015383,18.535964536244002,0.7331011309443584,229.2307521591584,0.00121370876718348
0.14290370706077354,0.09849757299123017,29.714888261078485,0.8216613444775668,721.627976364003,0.0008715313609606579
0.30547075510615945,0.9994289530077349,30.946695481922095,0.34109289783094854,89.70346979671785,0.0012102857250577178
0.10534708773467631,0.4609920649805227,22.896126349918394,2.3441408498827667,12.558259513506899,0.0009513113177482493
0.28703276664952554,1.4042305268344741,22.653541794177837,0.16167605275592375,1182.7117347098851,0.0010003890804713572
0.16434270466548692,0.8312626903599277,20.915738766823424,2.871169958222893,110.25000588133555,0.0008087026651177365
0.1332020065723737,1.4458306359239967,27.115448604922545,0.13474515112903862,298.1194652678203,0.0009894811432569685
0.2281865377651986,1.6593180447734541,26.29744235637371,0.07103137066455932,269.6140975788577,0.001022795555425096
0.1764396041852352,1.7089471628273576,20.52747602995617,0.10240522898024063,680.9483594940162,0.00095089932078913
0.2708966035096649,0.8726066678341274,22.945876545239226,0.08090877501089952,105.26428057920421,0.0008705275046169251
0.178766990199028,0.6468447909709496,24.961580451066347,0.20470971485567763,154.64375718515555,0.0008794730946353992
0.08361474348463162,1.6721668956944833,25.558522915402197,0.6770505336166237,95.27773785172779,0.0010607774853243117
0.14659293260481368,0.39260161303986757,22.34977568198539,1.7501042668150237,183.1384230136485,0.0012025343465355536
0.2629798101050672,0.971624501194667,20.10165130617707,1.3069945433458185,96.25009355809478,0.001087006708290821
0.16391561170601632,1.2450120145430037,21.433278994760713,0.5577340607841011,16.87602680282455,0.0009973659410956062
0.3059982378022394,0.9216953019621156,22.722087437805403,1.788195325194439,491.05601132060025,0.0011153509554885372
0.1800640405964193,1.316362425937184,23.92694242418814,0.6776866690981503,363.57039967550276,0.0010209866737771137
0.20799223834075606,0.8875788176705036,24.971663088107057,0.8803448506654062,305.8162476376322,0.0010585488908901092
0.2696848763537375,1.2952137400720964,21.67797467573752,0.5390272208667629,203.81765548618966,0.0010978684599327654
0.15800403947402888,0.5358874554596385,24.568383766477528,0.4096399904992241,329.37429849574966,0.000810428096611632
0.22352634729438606,0.9134239153313669,18.32102532139147,0.2865321948355491,99.22831495866046,0.0008333332148201632
0.11732056648779482,1.130519147066859,25.748851277753143,0.27595748612826754,6.119364311789337,0.00088217709286228
0.12428153538063051,1.5496195392679286,25.637071348852643,0.11421337764292297,12.23971205005313,0.0009267398727087319
0.09446923468112006,1.2900325854853547,30.77428893947207,0.24667651479208133,1.141534715876404,0.0009605358466558872
0.17263127397506953,0.5896440138997157,26.345962372060438,0.2957594390221546,3.0584108320722883,0.0010296519492657124
0.1650382844438587,0.625939551584134,27.1560600602307,0.3032748617656409,3.4673842920790263,0.0010152436887498955
0.17438047597010145,1.1279416117056764,24.625107605657735,0.0839303909362394,7.156439848777752,0.0009617289768653575
0.16130232144078133,1.1234706801438898,24.373654540682164,0.9840905066770358,1.948935723023681,0.0011329468670942945
0.3012919334606077,0.3666303428734304,21.05572951427709,1.0678026591104162,1.0488350647175386,0.0011067867992344894
0.05515135323203391,1.8164090294359387,24.965001607375044,0.607120333640901,4.981086530838476,0.0008968609789064366
0.16977739746217038,1.1388616569168322,23.413357616120706,0.41273946448958215,14.959063019220832,0.0009024234307864872
0.04335935359005523,0.7933536450183968,25.90596732252385,1.825712675756389,810.4090192216237,0.0008637447878466321
0.16926275470216828,1.2283962070263335,21.372660067867017,0.5210496469207399,136.94324390782177,0.0010238123812577403
0.15881521913921356,0.7469425327411907,23.6986944636109,0.5231367530748288,814.3337648152221,0.0008514882510468731
0.19036073511850288,0.9134873268529509,23.957405512608087,0.16660437663273298,408.5274627089186,0.0012152894610482766
0.08792246282079551,0.6529744407012028,27.547807600034947,0.21929488479662462,389.4932909575349,0.0008948885442144277
0.05772846744138345,1.2770171154998966,24.019414278958468,0.1710012211495643,973.5023039093854,0.0009534372707676739
0.0649305004003864,1.2329516087084793,23.974388072029548,0.33544120843902336,493.01629833620194,0.0010122938797337525
0.11814291664363749,0.6679709035845908,22.485968669457005,2.1051103208796493,499.37306583814234,0.0011558534207070478
0.07577108537983959,0.9714050100956824,24.516246261956674,0.8938401554492658,364.7363120378793,0.0011271791393957465
0.2135833023292287,0.5935181055006955,21.010372917901027,1.5219144909786373,531.2899718132621,0.0010782885522372671
0.2598489335155101,0.8132550163673341,24.43849350091181,0.6243001763748542,303.52507855139277,0.0011256761100310263
0.11364248052747865,0.6075306396998555,22.180647531878428,1.6004830609498473,719.7210792032888,0.0009544922392092207
0.0822392266395756,1.5708273027214361,25.380075590169785,0.4809275828657292,162.1870946038205,0.0009509779698604933
0.17530152323279757,1.9697883445454696,16.683525927433273,0.18367748407988702,666.4851367329802,0.000893112144411978
0.13908237877222507,1.923010314936377,18.82294721629443,0.12625876841204883,1117.7290556676555,0.0009325246730400061
0.12102228973193582,1.94266438067493,23.077233098940482,0.04653421708913143,252.14598193065666,0.0009456507814091194
0.05918608933534997,1.6697608524920158,25.85096372788289,0.21362051122116005,397.8566945071651,0.0010573595721042924
0.1396178185585587,1.575357078819506,21.234706141887436,0.42532829861636695,457.2810160572493,0.0010707243097037124
0.2219576542627674,1.5168164245110907,22.41851887003596,1.5000209338331916,306.77872947081613,0.001170342622913859
0.13382470033278077,0.40934746852600384,23.539857277579053,0.5200411169057819,693.4520351104142,0.0010199152018070133
0.13994544485798444,1.6338035703317277,17.270010022813363,2.3706323812180696,319.8106028248432,0.001093423918758608
0.19941358932342282,0.45936187509859533,30.2810528798805,0.4642553538179477,497.0186108385496,0.0011845856677125323
0.13211326552362684,0.4319129662309379,29.666911956498485,0.7930711376762901,460.6794789706878,0.0010078570551888529
0.1111040915307541,1.2092496047944872,21.267359554263777,0.9251750902282116,485.3240009872077,0.0009195625279067512
0.21454182386831638,0.42815380050701496,20.51898504856287,1.4136632767086899,935.8712096817923,0.0009199316630290414
0.06143276048425952,1.4673381163704196,28.279257066046075,0.6341120828977314,79.64795665321772,0.0010118935858140056
0.05497405481938447,0.8328155941943861,21.7343813499512,2.112498747151668,58.24668890003015,0.001022300723705978
0.2751240825784089,1.3820762966484095,21.131549274148405,0.9435546528608333,1259.7867911758055,0.0008412317295316815
0.24021326502114068,1.2522422573394945,22.33798768223476,1.3406572936922088,836.4813566075746,0.0008814971001097139
0.21583478819953786,1.15963968297567,22.480931205853913,0.6787512396906016,451.32236394703267,0.0009384691865092821
0.08661238378006304,0.6500139604716437,25.41347566073233,0.7825091605897172,101.89448324164009,0.0011194536768789941
0.22755317383837373,1.2455911183206432,18.306089991879137,0.8954329462218272,309.4139800047569,0.000996355131530357
0.04241814107696718,0.9325811892046457,34.003338541320126,0.225280379730975,632.1839698896148,0.0010330457810546314
0.05284474342079514,0.8611348341766688,29.021696257048337,1.3081467504885447,688.9815795215205,0.001042801977715571
0.05238006223103367,0.7734674516343656,21.5977178768562,2.269262209189356,692.1687887213507,0.001003406635210155
0.1313937067084019,1.308871247268078,25.43091511996437,0.5662211781841404,316.85709300849715,0.001049010453671114
0.15017417313748058,1.0004178677039703,26.36305687230907,0.5042764232464104,303.24932281836755,0.001086097572825935
0.12298304989825211,0.7606052076064628,27.273867034647914,0.9869581801535285,462.86133341469304,0.0010194570014948623
0.11757267520725202,1.025864759150888,24.264915823242394,0.8927490377862838,27.36651520655529,0.0009262894575709692
0.0506404049326052,1.0366997859138254,22.8316478178169,1.6363332970647422,1469.5347056747853,0.0011139548537456635
0.03564057647080222,0.860299651855835,29.586350934932852,1.0586392276162844,281.0181825132158,0.0010871033848615143
0.03924862991103579,1.018671808218023,32.541839616188746,1.2047665568816281,604.6492067061496,0.0010579989996498803
0.027188786675131388,1.8762158364389152,21.353637902778807,1.2687276645808643,523.8260721002033,0.0010554783468559525
0.1020102237457949,1.2334818950277742,26.83917099419642,0.6137961350121339,282.0761786060427,0.0010975184515072773
0.1184181036881843,0.7508516506379445,19.03243215537235,0.45713425902649085,734.4845567592569,0.0010126017521178386
0.10141534302583259,1.2573034583348675,19.47915843948245,0.2644521202736016,728.2095060259284,0.0009928456516768336
0.10085607781407963,1.006253280486991,29.74635185373298,0.47226759587014755,181.3977558043859,0.001033589716810806
0.09845377048419225,1.638974481776579,29.50384894595977,0.05127459520644393,55.4650544455547,0.000982562846229599
0.15269927253115442,0.8860069399320898,30.79296174057059,0.03827874975968629,157.45575025709562,0.0009742118741281233
0.20721599571096178,0.5004772404683221,27.786131125752213,0.05490127761989388,358.3129543372876,0.0009306239222815745
0.2398931405935321,0.6540624673534371,25.200894061500588,0.06115593200858848,331.39957712024335,0.0009631590190625288
0.19209370403817308,0.5567876476837406,26.257852523879315,0.131151855180074,237.51029096426507,0.0010174439838180813
0.16033320876759016,1.3352803295333997,20.396611834403068,1.3323465690111942,97.33721305060838,0.001072965310694696
0.2046903715266003,0.9741981512053522,22.479625804559365,1.1798734553901105,1017.5324069989874,0.0010835042301732772
0.26659251359555625,1.4311238564581905,20.561252506949266,1.5358836386281218,372.98219179918243,0.0009735191237493984
0.22183657047765312,0.7220322457411231,23.66491669847838,1.0419693269801487,692.7459904124821,0.0011335345687487502
0.160463389340324,0.9868569503550082,22.185653600093087,0.48518118234320057,357.94598036792775,0.0012059006335764393
0.1262660569239345,1.3620660862540712,20.96519572428473,0.5588828374810256,1018.8436232015156,0.0012062163349604446
0.06899254834796242,0.6215252377740568,27.59637333950303,2.4581885901476057,193.53245649077783,0.0008886597450980615
0.19982739333398233,0.39749364625327255,28.923173857929605,0.25435489950293105,717.4333600569513,0.0010470482351412549
0.1676865403541338,0.8511448246798625,21.460571551184298,0.782534457609567,463.59739691850064,0.000947505020564286
0.1466623206730527,1.0125740704517212,18.70970591863311,0.6438431621045112,440.4119642263608,0.0009517500483078407
0.17397450450948293,1.4440762738915547,18.53596954512864,0.7871303003629039,652.7837846363243,0.0009072600190368361
0.08425446465236834,1.2215762173337545,28.718254905655982,0.22542010773550958,522.4924597836564,0.0010246787096681567
0.16624007963013038,0.8914368521239615,23.58034493683995,0.0716506855133424,94.11505720072977,0.0010053834207147162
0.16197235184548095,0.46288771261044026,28.683191176899577,0.03803679730996069,729.8735969729518,0.0010721588723080944
0.16071272014134758,1.532695435909854,19.235579212370784,0.9320895010445808,499.9008962347507,0.0009753714170471562
0.07090746151286376,0.7549832721789729,27.38802070470221,1.1578090538561576,422.0026458885516,0.0009340043120328353
0.28688605868609,0.8057953028288046,19.097955848327544,0.9638827771226282,152.69737782983432,0.0010329856402496018
0.35379064222618056,0.8740938665300427,18.37495002584963,0.9201608715413798,130.34393010088584,0.0010135887508159443
0.3524387118842496,0.8875343403451874,17.972641002026233,1.8965487321608359,193.05392656995755,0.0009619789052653371
0.06922621485813917,1.1059894205226137,30.38842241787963,0.15449620089214017,4.6979114488663205,0.0010667957286967413
0.2756261147232585,0.8276113273927151,18.829190437172482,1.806268268313081,2.6887734867280506,0.0008424766439112289
0.06450787832048938,0.94812121041585,26.465425214337206,0.5866473879114675,33.366825234507395,0.0009448568133420614
0.1534371922070419,0.7861485127526789,22.61302529813965,1.360103403025759,50.116595512365805,0.0008548933900471523
0.15080959052385723,1.1825645647463727,20.021165572978152,2.252602428110329,112.42944371090854,0.0008151541285214636
0.12842845142935544,1.1155336540434262,27.77095487794175,0.17963715454214627,846.3594058578974,0.0011276656304418599
0.07318700676204594,1.6150865790169437,24.176244230578988,0.6012051669444228,586.065805707237,0.0011555347004899197
0.06491282268506106,1.519556156512359,24.19896299544856,0.8042705972725096,838.1642038135898,0.001157465175252068
0.19342191814189283,0.6390461305016293,19.186774233823236,2.4188226406995947,785.3041200282906,0.0011181169985186909
0.18512914175239864,0.426050366572953,18.24614135358498,2.7521386594817305,1182.313903607055,0.0011275184626465882
0.09416895830879439,1.4214904617705477,20.308084085866867,1.1974624561541947,372.49066398040713,0.0010542690760345517
0.1595617953995748,0.4019802823384854,25.334173687486302,1.0001969552938452,712.1390994155197,0.0010225020878946419
0.18202585950749686,0.3886070870734034,25.20836510453849,0.9101556795899887,843.2709236844324,0.0009889769042704878
0.06766393529037595,1.326288034622332,25.35072074175396,0.6695842418566675,161.84699722703772,0.0008719383972560189
0.1052953889650447,0.7032911395415865,21.460683404628345,1.5820356886821472,326.24285020252137,0.0009478784181325733
0.22582004878694564,0.6993940442749391,24.127513232178337,0.5942496290740374,717.1577514107714,0.001057238562423384
0.2958855643641237,1.3468275951751647,24.472188411557525,0.13311792982366175,576.6504281412381,0.000992466726636442
0.039549832628030954,1.6452496755203132,23.549624131983748,2.477194533836496,362.4079683250958,0.0010797381016158288
0.20821075033887151,0.5325355094009154,25.77174585067535,0.23112767132178355,622.1448639200407,0.0010252721974156683
0.20919771076737134,0.46945715414717804,25.86340720697073,0.30225138700927623,577.8519956651933,0.001023752435555247
0.05658424709266432,1.1715534462560406,21.468806738241973,1.5439715098979179,643.9362572435261,0.0009814423496882691
0.06428535208679752,0.7390447277864158,21.881887157549524,1.354153831797774,376.92307189580777,0.0009949528785595972
0.27477051047430084,1.1801748920201929,21.797707816018395,1.0177415157562453,349.8733086641679,0.0010908905844751455
0.2790161821871797,1.2093125166571566,21.979367245118674,0.8870918949246096,428.9840241107051,0.0010888183134439623
0.24933182472556786,1.681960052550133,22.486478831767347,0.6423213069678275,709.2652700560113,0.0010571471659459888
0.23478268028973145,0.3698816183641792,22.96513557836289,0.5735768476452898,471.78261364122415,0.0009305140804742895
0.12599966475358998,1.564023859137108,23.486487414828993,0.7680299403304437,403.71129872499205,0.0009433043849563058
0.04078584396612518,1.6651971953317128,28.260535600159894,0.07897408545172552,642.456169792266,0.001098478465949693
0.27684355125313714,0.8509810749974321,19.773084866167995,0.6662009091069186,243.98782573531614,0.0009667342288680804
0.18107052698283416,0.7867195363654381,20.18228742361669,2.4556746562788505,111.85436747365911,0.001045309131669676
0.3923805314960832,0.4145515932361516,21.540599885738278,0.7712777639881144,475.0482178100203,0.0009963985637029538
0.3332438534129325,0.4588869814217104,23.591828958903655,0.6504403582749444,799.1899239630013,0.0010791338664779028
0.09642816039466982,0.9803077251183748,26.677491641866983,0.08815015467811425,487.63881262708577,0.0009458968217129888
0.08391141340339002,0.8944160364320604,24.046714776001878,1.3390800632227666,311.5138222892138,0.0010867674809273702
0.09350197417678334,0.5662301271311605,27.650703736903694,1.2528215408363421,332.72763693013655,0.0011645078829160649
0.159334720863687,0.5409221668418587,29.814354871383685,0.6135304394928492,482.06872181172895,0.0010146989552436232
0.23961404992877,0.5018305107680343,25.374893528654454,0.9509208532328334,591.4545071392915,0.001094234531915112
0.06879221192142292,1.5965269491439857,21.826469245790413,0.5028096299896747,562.7828443731495,0.0009304636354401252
0.07137386344181874,1.7969148138287996,26.600289192697545,0.7920438487346586,443.497384032819,0.001008166742237336
0.0457775155575172,1.9642774497611828,18.605719508861164,1.2661674415165731,116.61551841446361,0.0010658793052431025
0.18012259763745397,0.12661797583296616,50.93559868138825,0.3521448620055478,139.66904155508135,0.0010371299203844756
0.12671816801904878,0.02465973208954199,46.22231256830989,0.39245892537128757,888.9011438693474,0.0009957063236812665
0.16786464436880846,0.541556239103801,29.124415216185948,1.6840507200404917,236.45582743620056,0.0009801684082868657
0.13685503019321602,1.6941255359618141,19.82000713902559,0.6378089305385415,384.092133358123,0.0009520820807557529
0.1890150639664777,1.0085238239824839,23.39939446140656,0.6593167970420784,330.14432657333873,0.0009064214521588607
0.09131601007604047,1.1051903720099976,24.71355448897868,0.9936861578193453,500.22366051306904,0.0009828630904527402
0.07237358498266791,0.9848670987555757,24.515615500289226,1.2301324316621836,372.51607872165187,0.0009038134995171506
0.13809469481545691,1.6829185674406775,21.257591553312427,0.2698671762655122,205.5615832951917,0.0008828564197959082
0.1222296766923289,1.7708726001165995,21.37354329498438,0.38874992453112334,426.5813081229501,0.0008478201471381166
0.17387730408806576,0.6481121330360821,24.760496298948475,0.04462073590331219,542.2806240441815,0.001037014507248757
0.1659564619304478,0.33082950363444,24.699116296676607,0.06864895900196621,616.5157209970411,0.0010228958683783974
0.08992643033210079,1.8679754331578193,24.03294405936454,0.18350012822292566,304.44029753881296,0.0010959305941977626
0.15666666523407705,1.7879603424265087,20.990331176337104,1.1892641104976667,425.5735742346091,0.0008798857729095246
0.1722690615540002,1.7531559585365943,17.954807219651652,1.5292883877730947,324.98910566296263,0.0009476826941661571
0.0911919133644358,1.1257982005807006,24.992763542531556,0.8305300600747277,840.1812879596434,0.0009166757679665224
0.0855258081930488,0.40172255934596407,29.10252927590908,1.860794619222667,177.0195062001654,0.0009278713246684971
0.12807429444574245,0.6533981075743848,26.948112305397387,1.085905950797864,365.7621429375266,0.0010344876656578955
0.14326578295130438,0.6667804417294648,25.238019839158138,1.0682336113934223,372.61362366404245,0.0009659923860539171
0.0898225983780433,0.8454523528999991,25.244406686145798,0.5942974788821505,688.3446599175517,0.0010493490065734447
0.08125640076897866,0.7868152373479458,26.609413867809455,1.4848644393660737,317.5836168702659,0.0011582544558247346
0.23577664925460268,1.464164737717122,21.66060891564929,0.5375602897887777,631.173498952407,0.0009059998569964968
0.2226489085400545,0.9925123920236216,22.58943670327358,0.5800835676447219,1472.38127511505,0.0009198717372444649
0.17436819146981491,0.6559887480707043,20.77798801517805,1.0412803545924463,233.7184236449837,0.0010047842270791796
0.1123903466696401,0.6311155982321677,28.999491422404493,1.3324295792029697,936.5135950044033,0.0011289153457631344
0.24495993683006265,0.48242060210331555,26.543376919359762,0.13478150823469948,81.31714985652222,0.0010231362139852744
0.07748256113585396,1.4830737068370694,21.222368464486127,2.5016614770198893,138.98575056497555,0.0012531765949732236
0.13406042522313324,0.7222141283609279,25.193445525990843,0.1187680133349696,89.89353286928674,0.000873224547152865
0.23692563819743453,0.8823911923576184,23.65035339539317,0.11334263560955701,140.86831043218652,0.0009511154690896384
0.07128273652679408,1.043798893623996,31.699522813131807,0.028164053851923228,148.0289701953287,0.0010799326494095086
0.2710855600599915,0.44166608122628737,22.237333805608298,1.0210311900064315,837.2393608835582,0.0008862122953858183
0.14847127270438193,0.8112205562672118,24.22639494177587,0.49425244684432085,271.1643522022878,0.000882498512565269
0.19947372893092216,0.8705741996365323,21.0208862755959,0.23343725638325954,752.7569307444,0.0012026999061074829
0.06394350080247024,1.1807694241804054,26.72808002364249,0.29440936603615153,104.58737733757583,0.0010720019630549873
0.10467670039025023,1.5433508416513273,27.121456638760677,0.23925376252157612,401.29269571092414,0.0011009577915635281
0.021912879877967497,1.3942804346684594,26.93988146142175,0.27737722699842043,538.3250665729391,0.0010288961385588715
0.06267479829698289,0.9558624579173977,21.40925234842208,2.6629460802793963,602.9170750086138,0.0010024946487190028
0.36156775801159713,0.6223306660677801,24.021743487129317,0.3266790278745536,477.95348267521507,0.0008420226961885033
0.33668950144324916,0.7735291714405058,24.348343050916288,0.3249434014889563,1118.8883969962965,0.000806676770137608
0.20823216875508935,0.6911886014318493,23.81397533045128,0.5986068730972329,68.55866734259777,0.0008793503987664353
0.24589767695451134,0.8505555421356511,22.533430103358253,0.41714745438545586,87.82341588015059,0.0008805534161840345
0.1444223341512329,1.9720378899598348,19.476412365889008,2.0943796490165223,990.7071624853727,0.0010679056157031027
0.08674481090467423,1.963897673776614,21.223637146940195,0.7558884926810611,235.08757444368885,0.001057300941889338
0.26911795618256656,1.9918720022199188,21.13438370656867,0.7250178709831262,424.01860820782645,0.0008867690449175436
0.023131119198704825,1.817914836959087,31.467277210796112,1.291496377524591,636.5219016677096,0.0011993305328184519
0.026860271792001227,1.0036647008952717,35.619267043334375,1.3889201926700707,275.3000784729374,0.0012164406307721626
0.3352206234961739,0.41123064912743434,22.508703742529026,0.5426066633079923,769.1401331113292,0.0008552324850641096
0.049327143509610635,1.1026035882507503,27.926796179355303,1.1909907571122227,263.07402032673167,0.0009722992508918668
0.050357368590077826,1.1742653259061413,21.182909659675587,1.3844691121407688,115.50554735501045,0.0009414255495204306
0.06164860432289355,0.986074648296175,23.984614137891317,1.3749781400834475,87.50904696922166,0.0009746595859317716
0.05674704432039279,1.0374096630243768,21.21173608376399,1.164312502672134,50.6679603484363,0.0010297116154452707
0.20379982137480812,0.8364887768789736,27.308863879039897,0.4790655924033367,56.27306673479411,0.001133476899402036
0.19140898957118999,0.8337691410643113,29.68860741866082,0.39777030281363807,45.44751717584821,0.0010960206921691944
0.08839590770720608,1.2737790337582504,23.882650167099854,1.655877500791012,1330.6492784940006,0.000944931983103003
0.29294763056341083,0.5605701849777754,22.579412471000985,0.24747756832966628,48.36151947372525,0.0009978262222946792
0.13577877213283396,0.8757087556989404,24.389915008797654,0.4296190687283685,168.50598471274884,0.0009404717457114946
0.0845805768739061,1.6986694707707322,21.946814807936136,0.08708833728977969,783.1841526117761,0.001046926607999827
0.10725455748989178,1.0305523723083179,19.907056717786126,0.14913907656457717,413.0812685100351,0.0009968260417472828
0.08053950997634667,1.8391860418625856,28.832998029735364,0.11012877323087546,112.37457455917435,0.0010527123270077942
0.07621285048010092,1.8902725857697615,30.321393659070598,0.11809708493076299,77.99810407923384,0.0009888638211191843
0.04995274298353652,1.9001189667936929,28.759027369167264,0.2948225146197215,99.94350958654503,0.0010412541894510498
0.042433194213112174,1.8561750586268615,27.77963925277947,0.4901384122355059,108.76515321090537,0.0010338195236243724
0.34528853130453985,0.13987845924670972,20.85393290187236,1.607094206633353,935.5020573975258,0.0011772924564541452
0.0629872622564125,0.9386168157997299,33.256913732980735,0.3324761282532038,96.6693548368535,0.0009002585492851322
0.10350018089821049,0.44952873531384313,26.265346849639048,2.2377671875527474,640.5199235173885,0.0008354121118797159
0.177942518344063,0.6035045234862138,24.803244492422394,0.6756668652075601,26.975842656276786,0.0009688246223672174
0.17297119918878795,1.557086135210974,21.436607477948847,0.760632099128764,12.588788048412987,0.0009816134811810834
0.15916434940421686,0.48157263632432423,24.617120315935345,1.0500171180410756,60.164209335543475,0.0009655583701733601
0.16931374405823596,0.43439771358688767,25.19416427373877,1.0663102428144242,83.81837248095158,0.0009821328831733918
0.10220096565057815,0.8459704744433352,24.606816338998712,1.7012347862942967,168.88972072449062,0.0009613922665836593
0.14091832055691073,0.9307866638447304,22.718565267496288,0.5683470353511957,93.46904587361588,0.0009806152202965239
0.17514907439939859,0.9166138575471957,25.660699167282708,0.3193513713648142,115.44030298137704,0.0009651860473822095
0.2329128717405306,1.5378038536918097,18.480015960420257,1.2356007254353936,451.5554319100676,0.0009534895920582206
0.12198174304672495,1.5759351648035245,25.95895257407556,2.4474470220328146,72.09490420026552,0.0010089285590439217
0.2251743213083098,1.3733760722263901,17.803659280963917,0.18545703798283622,68.9054472534521,0.0010518531254935673
0.2428379273330669,0.3929252217495775,25.75350771380271,1.921119412086326,100.64571995383093,0.0009436965978638163
0.10390802981155908,1.133779505659034,21.031860002734543,0.4250507679689225,507.7282026311585,0.0009312407773798208
0.13117774900556375,0.5313866396460176,31.343792785208663,1.3246553496449023,440.533140244991,0.0011242774891781343
0.2301043171835165,0.14655503382675938,36.51732827931099,0.7562293402319572,544.1882127351465,0.0010937439736516956
0.24329772036095768,0.3772545698188681,36.23940486707617,1.0532396030447142,135.5978294603969,0.0010743508610577756
0.12252550153754266,0.988577861150652,17.10665633098505,1.4213334347071538,488.07285164817966,0.000984343610496173
0.10476897893172173,1.1773105789544815,20.569316481370326,1.6869124212186186,159.83387303773284,0.0009694724180472035
0.12262614357150453,1.7522688376307307,23.513709159794317,0.6642852440816062,531.5679096919706,0.0010687451460486659
0.05869351719667652,0.5340568958127623,25.767315172332978,0.8054521656062786,271.28478672638295,0.0009442914144878774
0.01944389846756468,1.376049556652812,24.18061216851427,2.0055450435181155,133.95759584671347,0.0009246693132632323
0.025675384130207063,1.3970936465668564,25.586851123421628,1.448518773017835,60.02212063437134,0.000930796713313464
0.06225989008453433,1.158580639312144,21.656076662046573,2.208479274082621,58.08759114310326,0.0009273901582430165
0.1133594357295633,0.8283277842817971,16.02751013751367,1.9113009626964568,56.3536188643044,0.0010024900741419395
0.11891552749984079,1.0895039974096286,13.670395044306208,1.5001550770898169,63.02230495842484,0.0009634403853068311
0.10323882813640858,0.899307046376941,17.911344488424493,0.5387631416988734,117.72245867097593,0.0010109686988628223
0.2796526910541518,1.7245649215845473,30.811225326101013,0.27662242919045893,52.04370083934856,0.0010817699116294362
0.15617457158769865,1.4715012028724497,26.021594434628003,0.6398075405629292,158.74353663553418,0.0011488770422230904
0.0663109089776011,1.484224141373638,28.65444602901899,1.6441388092203801,109.39646305137067,0.0011887094245815173
0.174867956770613,1.867470792612565,23.67334390817082,0.3982278336387281,3.9897184242038874,0.0011024850253433943
0.08331590632927059,1.792015952608248,19.455349960511228,2.7127743119606063,0.2893908777574041,0.0010591207147203025
0.05241552632279177,1.9144427083755058,22.981689359620123,0.5117133355048635,1.222568274395917,0.001055461129481638
0.040071587312063034,1.5855061733246811,28.39731187782387,2.0537562918422942,40.2539645762161,0.0011024785638779756
0.029722214440298832,1.0296840602601571,28.802078642965498,2.9627043335622187,37.55412688260856,0.0010988197158281886
0.029208740746476333,1.387882116512919,26.909328056523556,2.3847904256453716,70.17917470816926,0.0010642561926797827
0.06294751946144204,0.9129441511301117,25.721098151119655,0.8958170635401927,77.4909300648862,0.0010990114991718547
0.05540030335449398,1.7647122004832685,22.543725297690205,0.7493190547935554,86.04742533578873,0.0010626021899143078
0.07401152564417837,1.4693347455376569,24.534527029215827,1.2405299103879863,274.18628636962814,0.0012826496931655329
0.09139106352396661,0.5292552177532552,26.906812590646208,0.9867990118101588,807.7356886387411,0.0010482472291402007
0.22036215073713264,1.3293315104639654,20.900226573109137,0.7960345546122003,297.5820256667562,0.001031698527805118
0.1445358271966156,0.7365918276550488,25.996083815632073,0.726661413487493,139.1353139781564,0.0014265998929242226
0.19634312601855136,1.2757917051120151,19.753749724437007,1.1199379045667515,257.25331101356124,0.0008486035295053928
0.10778425167849279,0.5987428428836998,28.939759447153307,0.9695524565938103,289.0740149049001,0.0011933840037140705
0.16182283953292703,1.4084441764521367,17.549634257099946,0.8709979429237035,499.61226957463845,0.0011383634397427497
0.13908272956957046,0.4779503521156589,33.071339074648414,0.25862176557717853,251.02124864594916,0.0009169937745908906
0.11687680685126413,0.31694823381563897,32.46516251573885,0.6675853508636121,219.7661515541887,0.0009314708411181176
0.0994683228819022,0.4045968907565053,35.447416782677976,1.1386211831094974,259.26495230129154,0.0008958859619667197
0.15411532721194782,0.7163426903911153,27.214054998775136,1.792508732363793,210.95225319210206,0.001226289898741707
0.23246152512849033,1.2037004225053118,27.671351897977683,0.7011964314729485,50.53325396709922,0.0012030767014676634
0.11905410746315552,1.255173522998131,24.520441542322388,0.17496267019604902,173.73482140521898,0.0012663240467754647
0.0845630102225088,1.7177632846885793,23.38490521059407,0.3990279691716065,229.73643289777368,0.0009598726330693546
0.04342385184603407,1.4920510490171888,22.215148977019584,0.7388119673747466,364.1973518033431,0.001003016078957694
0.05871706996244265,1.555902935105936,26.064357205024553,0.6306097746910122,407.9330103215137,0.0010767818736850986
0.04045606873194993,1.476325130905826,26.014974553290823,0.6338938052816668,343.2595942101119,0.0010412228195563126
0.3290706260546754,0.5603414021459776,20.670730841149265,0.9852866396723055,540.9175769904995,0.0009005069369037248
0.10942080268193421,1.8713469036772161,25.359210510747847,0.37053136067373765,177.20037867222555,0.0011901351581752497
0.031690742040779665,1.900915372305309,20.403518436095315,1.8423074296450577,1209.4312069814002,0.0011186039965753382
0.09100329267128768,1.429439773418769,18.98134295123529,1.0706474464347366,296.6913270814467,0.0009803672535857791
0.22997232641449145,0.7779498094967014,27.78667509751457,0.4729804935952263,231.94017571038862,0.0010183204794417251
0.07519458420606362,0.589299476315543,27.301735898233826,1.4374699029031874,155.85106517202237,0.00105569588856241
0.15909535407263806,0.5311026712301721,33.133663009654384,0.703024717237312,418.70593532788087,0.0010871754993733024
0.29329152773035494,0.7068703577484973,20.041966869060843,0.649261523607722,330.2708401910544,0.000868871866752286
0.2630453310754081,0.3808775061717186,21.207639639652438,0.49264090875385963,270.1999869933824,0.0008850165847676191
0.10115015050941012,1.577571547865537,26.287682816164985,0.5068826141573721,797.6931597457651,0.0010922546665858377
0.35073204457037926,0.891192761865258,19.684667801762366,1.0451702816449568,595.3329633411703,0.0011893264849423342
0.15676786392148387,0.877428281197579,19.510857337959724,2.1678548495287226,218.8705336223907,0.0011492050856968476
0.029679995292513733,1.4160370721928446,28.028825529385383,0.29408847955312356,715.2308346319086,0.001139501325396905
0.09303513883724425,0.6406930307570232,22.336377828685237,0.5928120419114462,613.8157375917857,0.0010627094645400531
0.07667496005041438,1.204090359517131,20.110433202515615,0.9435323720643809,535.9355513723258,0.001003721662049883
0.07026164948571618,1.4056548278154142,21.77299759945263,0.7674402559496762,619.8383521740334,0.0010259755228786038
0.11861015132230648,1.298759004370594,24.737440778036625,1.4647887026788673,96.21607980641765,0.0009286280745434336
0.303285714380805,1.6952312495128834,17.458644658472014,0.5304116823053476,242.47254989010403,0.000921951469547358
0.164779507273751,0.27504217079341986,30.029936006543508,0.8953225694124266,121.63482879146852,0.0010714363089901458
0.26324223784855105,0.6384271145057097,23.496625883171955,1.2448867981163405,388.8821580563129,0.001052301586117763
0.1777569124861261,0.46774826139690057,28.565546249305747,0.22034927672709115,309.5698006033178,0.0009721641332317163
0.0998114529205088,0.6124116336379901,23.827260272462986,2.2014497796340997,586.4976741149954,0.000995638315356306
0.21780951663701895,1.3981745041949352,22.068411968261874,0.4700896467552308,244.37081151014385,0.0010007520735998675
0.2613942061047448,1.2692869312877726,23.429222284448045,1.1591409520082019,1104.4537896563202,0.0009426013068717158
0.35086844846445836,0.9135159011769132,20.813978623209703,1.735708941846797,325.2505164956407,0.0009559405836943412
0.08331651201445374,0.9369717575294155,27.503783705260044,0.941847039733082,80.34274893364991,0.0010160850666481884
0.09536400004062451,0.7919418692497127,26.647088725414907,0.7492178350900839,102.30843781808937,0.0009624043604891337
0.22407757434294875,0.5551552744593242,23.261439634627155,0.9452560973137967,1259.5752491624041,0.0010235908744926918
0.12816609082804734,0.572682964290847,36.275941085215024,0.2109829465361727,30.98663368589796,0.0009910692365107132
0.15057640782375598,0.7037497548260492,36.73001785967411,0.021903310194106854,169.31758022034643,0.0011981451140031362
0.25448913579772936,0.9937579231215329,23.761899095075194,0.05757787917094487,12.557355346940716,0.0009200445865287781
0.20475626766895966,1.5910212136020259,24.51776969037361,0.047108830510336375,15.90361661762159,0.0009003589402843963
0.18131492400220317,1.8701106047383493,25.155997166255652,0.10088731495758442,91.07262871408274,0.001114630179531408
0.1521543117032368,1.7682548455015168,19.62191224091609,0.5641024792317968,21.876881773958505,0.0011653614211844434
0.0880874588661733,0.44464318710552614,27.003523829762837,1.4775304414004735,229.69120984697003,0.0010718429108667554
0.08264095776581876,1.4897989529949855,18.66575198623737,1.4115191208797817,1033.9539095026337,0.0011047790789128326
0.11514627338788029,1.4066059267045172,18.250952277390997,1.000316388019283,585.2475660296486,0.001129514428007598
0.09324703437091528,0.7194722089243958,31.196088418101432,0.2946422494633416,306.6780507811597,0.0009164238749805438
0.07216227801516921,1.2742364125133758,23.172863758255048,0.8775488874201813,152.54786194882138,0.0009565789273035206
0.2472324290240912,0.4695736695080391,23.17274907814066,0.8504394719637178,936.7963441323315,0.0010433446454248317
0.2727445722570065,0.6129023860989182,24.669257976555173,0.4655435411307931,413.08401653418446,0.0009833878279963718
0.25438345996734635,1.4943968855850653,25.385740234679194,0.4131531587686061,377.16425141780104,0.0009290336122843414
0.19636906352898445,0.736460687800532,20.72034812871617,1.9523896601422035,236.29696888899372,0.0011424621914394209
0.08393091016296082,1.4043473064983834,23.540449010741806,0.9601252764035245,262.35567916326636,0.0009812411386814482
0.08803212637895971,0.5978468347339806,25.37806309735002,0.9663321069513879,401.0110449041911,0.0009347301057690531
0.18267210845730322,0.36858652017065263,25.585751028770233,1.3686480894205988,596.3430907172483,0.0010443123719586212
0.19736640907677053,0.574364845023158,24.94975767828189,0.8828309012154427,143.4694096560773,0.001010247944408451
0.265116093235944,0.19907818152332535,28.487365705896146,1.1573489921752904,80.76999311079693,0.0010351793293752825
0.27071587392233853,0.5289465773726134,29.951741941262643,0.3990026437990957,65.56443309962506,0.0009533213746926489
0.2388939136009715,0.30988765231354026,29.987193109050285,0.33538554678180954,62.79458537065917,0.0009518101828784407
0.27976769663611806,0.8781186069572474,20.991680502414575,1.9033226799071141,497.538138464578,0.0010631839387507218
0.053669442600403586,0.42454374328771943,33.19921268381502,1.433084225802301,620.1994604417537,0.0010535749866958071
0.1752095798509117,0.6809271611837189,24.530118025364075,0.8510720023487307,218.74112872540258,0.0010289036658110101
0.15155478480564,0.6791536274874934,25.583421986858387,1.49355940974575,393.71976620716083,0.001036313878149679
0.1489166696089111,0.4961651571127496,25.69615393328134,1.5324137787975738,397.0638334146813,0.0010549230208127657
0.2379653131295995,0.6685667630804488,20.848999956408708,0.6513586694510075,449.29974399052327,0.0010725665938078137
0.1958606169680553,1.0976190283985936,23.889372405513576,1.917163223040504,1340.7767542806928,0.0010803951113185582
0.16141803227868495,0.6783654698864271,23.473700997748324,0.8500759719933232,71.8363025215898,0.0011400921713323742
0.14168189168909337,0.7077344631078957,23.843149644815675,0.4431388983880703,139.71155036370047,0.0010919412450751708
0.06962230779081761,1.4175535998784423,22.549110778329055,0.47355796017669666,140.13709988947858,0.0010518893224357282
0.08618116774675813,0.7875036292412622,28.467244980252584,0.777339070401019,382.83427067960423,0.0009955731090888556
0.09261929431313926,0.7743927743882191,30.026551701229824,0.7548258498569484,539.1859700858314,0.0010735449621526475
0.12532833013755523,0.5929002420740687,27.692967752257537,0.21197632229638033,654.3942523231557,0.0010361193299207412
0.26661655202576,0.3867838927203124,26.477147697859643,1.3671554315049694,303.669528033399,0.0010652378664366205
0.07862104271917095,0.9853557519862939,24.921396385154633,0.5528283558165785,533.293570705518,0.0008719708528167171
0.2391281167734314,0.4003723248342401,22.7297522240708,1.22614591038681,591.0801875653691,0.0011649740312194964
0.17297193380948458,0.846034426236093,25.741639797409658,0.8492053236199166,434.716837664265,0.0009737226407910665
0.1169485060810232,0.3632926343829145,26.379050526039173,0.3758243231861545,175.22577263447027,0.0010194561826963875
0.12624407132746895,1.1649618048688424,27.529364038765294,0.5801951317416488,399.71882390872753,0.0010150028465437538
0.06075320134379837,1.4972321268437412,22.665235119319302,0.4944224978800382,466.5073315238768,0.001039921805348512
0.23970205567397024,0.23291482623993842,26.035269340235168,1.7984801856371129,489.06905513349943,0.0010216620128633896
0.16409900402062833,0.37906781974246295,36.0101836478774,0.30040102547391545,341.64386204985624,0.0009940061038628907
0.10632475689147854,0.46347041116063403,33.20217262088122,0.4401783243934163,223.7522728099273,0.0010147165413852961
0.06453883274153269,1.3562066643966564,28.58234567026201,0.2515936715476829,230.97427872023468,0.0009791588542357578
0.1820306370699333,0.5906695441751189,19.935995192915836,1.6673205202702726,191.92485731000806,0.0010515180318789827
0.09546844977946381,1.6329219056082298,27.64652586984127,0.043913316949387084,69.35181129013549,0.001018180461084704
0.22614290087943117,1.0158609216743286,19.968324500724464,0.0394633114631152,835.2096997178433,0.0008849138509397946
0.13319029250479103,1.3105502096326211,23.225918410462207,0.05363057492651128,909.8241489856584,0.0009897385760891126
0.220429795246965,0.8867131212844603,26.079035619979784,0.022851162151057886,123.00358365923718,0.0010580416406467076
0.2561665577304452,0.9507313271153583,24.3208842641724,0.08988463853692764,31.726445197196366,0.0009676264434485266
0.11089343193197493,1.0023363887485301,22.208427050948252,0.9786202064327599,213.31681169997148,0.0009162557466291961
0.19546585955471238,1.0734603634658506,19.865428007818544,1.5435630492713228,29.886305781095995,0.0009813302959599055
0.19595492674062862,1.0883791062151316,20.92133413344206,1.4368127493256697,31.436166381904055,0.0009742396242533076
0.1058750778932935,1.0984283492349027,23.090757754881587,0.4101645389419679,16.204524962701544,0.0009987584464738008
0.06858247828607378,0.8173506054307073,28.00135601472241,0.14413977121482857,462.1618849165973,0.0010644379316902058
0.01559238717059405,1.7134180486613437,36.93225105922039,1.4627948225339222,624.3700317684466,0.001112924729737897
0.017107845266990145,1.2280427874647286,37.168459738296164,1.5268724844405053,1188.2520888291706,0.001094127045755042
0.019482853733791633,1.2024738184696537,42.23844672239485,1.1616676884419093,299.2777897365247,0.0011795694574055508
0.08871309663372379,0.908998099946707,30.692475130688454,0.4616435715175217,542.3332417583672,0.0010072383737217564
0.102703248764985,1.0316668366879242,29.563731652705094,0.5551109013776706,517.2342514365646,0.0009876603440287684
0.12162739456084458,0.8402576063962663,29.1845251257954,0.5702385393797074,741.9976312787227,0.0010052978478580358
0.34095194157357794,0.3812785561441837,20.12830422694986,2.089252202894795,238.32499650137123,0.001123710024787576
0.023023810356962562,1.4560862435325868,28.66439403175364,0.2851527336707705,653.3975934194352,0.0009445892019810069
0.22315373325585164,0.6097573879793289,22.13042038468934,2.2531243310296873,223.60655459299412,0.0009817094311814155
0.1175945458155165,1.0102831691933651,24.213826022792116,0.19303534467735653,520.2688369588942,0.0008766577559773894
0.13285215716610066,0.7401320817171875,25.776309250215167,0.22388718904990249,655.9492757119883,0.0009782556718655165
0.1892807905529622,1.0454736531310282,22.164132922101725,0.13294851712047145,418.9446787514797,0.0009196586293357212
0.07760403244092001,0.8235970793335861,26.733578855251295,0.09275891696522257,485.3532680774864,0.000927643950897562
0.1061028649489022,1.0672630140875885,24.46345444084123,0.10550419493661867,740.6508133592614,0.0009410320780398218
0.09243334156361077,1.7384993185924282,23.666998149443195,0.12129258759041488,216.73491983658062,0.0011366985774617614
0.12046314836407784,0.9065190982828588,25.7969341310053,0.26047317694859234,105.1563874718342,0.0010899621291625078
0.24687949077416343,0.4720716066918307,27.35970375512966,0.3709243001010543,846.8604957061331,0.001079379715870743
0.13176091932407588,0.42993820993028325,33.87908482111547,0.014778335147560627,377.47279731380394,0.0010146453664798257
0.2520365223696276,0.41900682257857363,27.289594395664036,0.0025385319482433026,386.9932684432787,0.0009413914937064841
0.12002121055360002,0.9622610393316952,27.47845811989767,0.005988031978322872,320.9270133577636,0.00099593442314932
0.1397883136453864,0.7413554770562939,23.45083165594555,0.0015524874067642364,601.30174503937,0.0009338770299385218
0.13565723853463685,1.0174192808618532,27.6348558211902,0.02153399734705456,189.6498852548292,0.0011613420717620372
0.10597711150394215,1.106894471895188,22.273858410835555,0.29066925817575684,709.4509347333568,0.001064068249696225
0.05644487449220873,1.8539355724766828,23.51305643964163,2.2589798925655176,159.7199909872345,0.0010441486289844842
0.1150113642018912,1.6860658002327304,20.092671222404167,0.3401652108941853,334.4182044319945,0.0011267391939269896
0.09990168243321255,1.695908713105895,21.45659204069345,0.4299115848163204,662.0050964744285,0.001128604202492654
0.10185410934648326,1.400003253406568,26.203470075107763,0.660325890427452,349.76234111387316,0.0010945166775916824
0.057794496750757395,1.2471067827802567,29.454739010584717,1.3072922174294308,785.6056491574335,0.0011306264584892238
0.03436754276661459,1.7321347766310615,25.65747665926704,0.8046339192761599,60.31255429956278,0.0012004095021862103
0.03121039735730166,1.4095276025239203,28.58757767620286,0.801537842684793,93.25019723367652,0.001218606500371674
0.13817897440246082,0.9900882341400613,22.232226008312978,1.0538614039727086,448.8378610905909,0.0011633217950977048
0.15876684710326883,0.43418318444522913,23.880608669803912,1.1781926803580345,434.5636538403456,0.0011261918845468107
0.05681108142670871,0.7128815742804325,26.104558485204677,0.8663587841423184,572.043757698864,0.000966449355880299
0.06519099152423133,0.9390326088737487,24.299457428111193,0.7022914296862646,325.9399056632771,0.0009354683270925228
0.04232868746027571,1.3171670265971889,29.46471061315096,1.0534453193000055,857.0469261256568,0.0011453787500177901
0.03407006311845274,1.1661686385982317,24.884148688482387,0.7225061133991106,281.3334356700806,0.0011502433683545199
0.4100096870808732,1.193967252024192,20.925942864033583,0.34560275383582734,9.317350017679379,0.0010645291176885918
0.10169478161668481,0.7394931866168385,25.143524599276155,2.3059269472399664,50.80202142915226,0.0010765813099068095
0.11055865531497752,0.29339697323000224,27.06512159184793,1.4845796684745372,62.4278311129586,0.001009572794854157
0.046437312397238965,1.77312721678443,22.209867844857204,0.8880869097705385,238.16838799062268,0.0009563865469628917
0.16857725830165857,0.37175516766792505,23.189098036297352,1.5065013864991634,193.29591207579853,0.00091653847557977
0.2358284329888209,0.8224077644220036,21.75764434168667,1.3187098810089717,176.11816479201644,0.0009961372896808657
0.06794680486879978,0.83563406739086,28.233290158014483,0.27700401505758554,1014.4635796343914,0.0009644799011706795
0.05833628913186709,0.520408194963439,27.184675139640554,1.2537596645160347,1050.9422311470398,0.0010305834061470644
0.09190120166149462,1.8672422038624257,18.417722321801513,0.3539188531984665,216.30840343479147,0.0009380378668581997
0.09619582124171455,1.8210265276150706,20.326765512634957,0.3560101233404171,105.4232234855428,0.0009522252284007642
0.08429428861330675,1.9473123992213306,18.60405204937416,0.7196634464406513,197.95592885316415,0.0009596542638035716
0.11604469917336355,1.8741843841260386,21.214662083880622,0.4644656628933171,408.8828013071325,0.0010186343518091563
0.17826266108193892,1.779838918597828,20.857320379956516,0.3878701239435255,284.2716286316317,0.0009862721278455012
0.08640359407598444,0.6581112297256655,22.93144224405069,2.0714126754273874,717.7824642969648,0.000964826028673142
0.0494504120068634,1.1213684225164797,19.322114640888238,1.233346923326502,493.3535266990057,0.0010409910182675522
0.06555722021689595,1.3490647881808928,26.36503787714196,0.9333468657564238,477.2745170408038,0.0012593557055580653
0.11464950179524178,1.478487512495387,19.55252188661569,1.422203534780972,606.1328664220335,0.0013376889572311913
0.2529301947541091,1.7821696428930205,17.788881959563124,0.7987425912925685,307.0274880736086,0.0011999019068603836
0.13273344731766967,1.321239996536899,26.64461033338765,0.3187245504337793,52.44095885082086,0.0010727943935080388
0.24243903060237482,0.3589805245308733,23.16859622177916,0.6455575665608665,351.2454082863935,0.0009579658155285956
0.22721009224460867,0.6945197713309342,24.849878047386287,1.5066513940923048,902.9297310321726,0.0008658016052127475
0.269675750059516,0.9096229562927608,19.782040283680356,0.9895186070812046,275.99652470145213,0.001005227054253198
0.28360906292796684,1.377882596825066,25.899664728009032,0.11735849066290824,158.7011901841066,0.0010427174643566114
0.13135826474054918,0.9897903641604832,30.1789094509707,0.4072928066870517,121.4544428355628,0.0011343488890878152
0.20996727517819755,0.5334060975910355,17.70454250242312,2.6502665805369943,116.31236835536771,0.0009516424218391019
0.13953538983062974,0.7481761241838449,26.14244178620583,0.7108785548403344,269.7054052828273,0.0010377809572857028
0.18363252261765142,0.8373392357164186,26.35286360143067,0.8633691859346633,310.0686804118901,0.0010703488068435861
0.272421078548573,1.0113144074863687,22.68615263295591,1.8211822579355794,456.75307188504627,0.0010547108056457228
0.06834519839688705,1.3096269189707594,24.443692810643675,0.7323608999411021,599.2746177582466,0.001092338196314105
0.1577275105278586,0.888117499821851,20.116129815810503,2.632815295046898,776.9223829833749,0.0011655491347992298
0.286786651941406,1.483072947832004,20.1715314901846,0.47278656090154375,103.6889701952654,0.0010337577844478545
0.13821010016972007,0.9860405328663022,20.562483474211753,0.6984440836676054,32.4842262724803,0.0010098535741617089
0.23499804365508953,0.7556702566094005,18.58536331465764,0.9103122086482087,26.006431982797263,0.0009344811454644089
0.057277309997998155,1.2138558442307417,31.911935767542808,0.09868522665173544,202.59749868343872,0.001059190950305019
0.05996455219528157,1.438608534608835,32.18429711747094,0.0879871326921934,412.375844601236,0.0010646094358800879
0.3156524231203384,0.3364658064093059,20.997583236619832,1.2130231994573548,30.273425361426764,0.0009831794397970584
0.18616490340039604,0.6068400454661084,25.74201350313629,1.0599852670941383,31.82425084362008,0.0010575449699416438
0.1546122463718583,1.0381848069559263,21.645837471669644,0.9489011419131759,898.973255349677,0.0009928413412932705
0.31238510596380453,1.0382727520446553,18.037393591209867,0.8702163997386505,944.1249803022233,0.0010000642133368585
0.07262762396247285,1.1807537099245837,35.84185493392672,0.20161770351863678,50.79945603596662,0.0009357081985226159
0.02366967611799391,1.0692995643683252,35.16981813911868,0.9748940031503792,604.0794792409488,0.000980077252616012
0.045958961245630675,1.3893686037196507,25.864665203785385,0.42326523589883197,470.2754777068153,0.0008853827582407538
0.07648371281768981,0.6274554768602798,28.94745798772519,0.9110366164989767,631.1825924343266,0.0008838710152150047
0.02577080096826498,1.4109732298300193,27.390214131212268,1.2502531052129753,466.588786743245,0.0009191530160384148
0.009709487561565092,1.4608484897873477,26.469030944890825,1.380013297762293,346.047518842391,0.0009669973243258719
0.03098190760062239,0.8547301662463241,28.73610181945673,1.2439929271779908,148.165309219845,0.0009796261373371748
0.1244883836174213,0.7757609613212143,25.904098653219457,1.408995718975506,621.2303450613293,0.0009896486969064552
0.34372322974088687,0.7953742920000453,24.351043156182197,0.7618668944679038,266.48818630204187,0.001091793687483056
0.23360654921453822,0.5836001243703878,23.52645817687808,1.2508069544361244,444.37112236760913,0.0011547710003031483
0.2488760032505466,1.3051040035973358,23.70498877079307,1.0422001806655372,552.6945398084015,0.001064952950568284
0.23102741412022376,1.5334020659162642,22.948996842918135,0.3498395126346649,695.2597419720464,0.000914114183813248
0.09782019718372444,1.3531150455517178,21.76304683944526,0.4974323296912682,292.8977692581004,0.0010099235718634607
0.11660428995183271,0.7708984259539132,26.721990899149667,0.4257528768642761,140.37765586124883,0.000991334743919899
0.3487628882831558,0.27316286066429335,24.287216216060283,1.587115570145463,387.02264820830595,0.0009010737096856188
0.09244670354355977,0.4659300771718188,30.47436959350708,0.5747341285927581,342.24522312365895,0.0008596844894118702
0.20699090763761707,0.2805350958401083,25.219574312170955,1.2544966429477062,632.0234900690565,0.0012100660305276038
0.19240387126530684,0.6795130516075718,24.824115341056242,1.196511244493812,1063.8036120966315,0.0011426330745150698
0.23430707903639034,0.6343241801933704,23.478453291888624,0.6813216655431538,138.21668318225264,0.0009902645112716954
0.21898765305108953,0.7950489647251068,20.927967470427614,0.5150095078064042,202.94069092296667,0.0009153892135998862
0.12597259542395575,0.8850210605488595,22.63161087719399,2.0689491354831993,241.9182434767164,0.0010797187412544382
0.11991980588162353,1.017891155430483,20.396354775667984,1.8469108273721948,89.92972867313885,0.001030238548595935
0.1700619853944661,1.4809779803635612,22.042888033130136,0.5611328995852116,1111.5998920067036,0.0009391014477599471
0.23926129318946254,1.0631043422448692,19.77159706656653,0.7028932078532292,380.1050181064674,0.00101531339411158
0.18429621776819052,0.36519569627961046,27.942903545555474,1.7145930185532234,468.44813272226,0.00111702568260706
0.09928267841905805,0.5013463884731055,29.301481429843395,1.7882991930080296,676.9989038712595,0.001030479406361374
0.24076399797962775,0.7238427727885114,24.424754039726427,0.05582797406036124,251.82019640526198,0.0008909363908674034
0.19358196176778708,0.9739280443508468,27.40926016448359,0.03406526990180963,652.5774911610197,0.000972312774113086
0.23084142974725907,0.55225262622599,22.99293157864348,0.2529756204625235,590.5573125244631,0.000891604847312834
0.1196737808583575,0.9910937590744436,24.04732896385369,0.08199334742562239,507.79278791740524,0.0010537458861046593
0.22647345229461616,0.4793154472023997,23.800480042100567,1.81533895125016,83.64571031373242,0.0010265261509915947
0.08752715249862605,1.1467919934912134,25.760063713149815,0.09339441890951793,544.2335861245698,0.0011030070821176463
0.15531006544952816,0.6758648933640989,25.356395964242985,0.2065399545638479,258.0667658285064,0.0011176675616341677
0.14366903313302906,0.8312602245954482,24.146025213806187,1.3251090694316083,884.6624086779977,0.001064550746560039
0.2624770011858409,0.870094233248975,20.092008283110317,0.7713603299572451,183.5693682510971,0.0011343641040039
0.11092638759626698,0.7545633083900403,27.771168170932174,1.1304518789374378,631.9955121762534,0.0011616751079010145
0.13229531635979655,0.7803211262275861,24.964614322795256,0.33021984664782117,393.7993342517351,0.0010062842561308028
0.07071863957277509,1.3506676311340693,26.519530239168617,0.4457529997939338,46.4295111876715,0.0009192867573500545
0.05981523976587049,1.3421595150460086,27.093670587224004,0.8884548050629365,40.34492946934532,0.0008791187770608113
0.07405642945018198,1.2254352211539534,27.605578930531244,0.34326245609363026,140.14042120709365,0.0010083311801235956
0.1989095253139544,1.053721410073186,23.604183693541124,0.16420369838681673,319.2214730265354,0.0010177027791162792
0.151210421345555,0.570953029519911,27.010294540101942,0.7847694428400378,733.3130530621941,0.0010278744488010074
0.14353096618893163,1.2398916654070051,21.086004882876242,0.16712876976887064,207.14457219076365,0.0009968940208735383
0.12917602332336492,0.839438646348464,28.48637354620783,0.10859254908828274,128.74737683936434,0.0010975414568797953
0.04649675156631487,1.3212503226591323,23.878301217948792,1.9788641518183157,151.59194334035922,0.000960489054404911
0.054318520101986144,1.46278476940789,24.462031648304336,0.7825812751378151,670.8511878210533,0.000939823421152566
0.09594413567142478,1.5378540493713657,22.552815391758983,0.5496328689584612,538.9046986280521,0.0009448283147516303
0.13466971764784835,0.5691146825555844,25.627157187458018,1.4765440123826552,292.35013774135416,0.0009775214059970486
0.06906519156438622,1.5771303248362356,18.855848083168524,1.2805258154985968,311.8842391453363,0.0008852494633765642
0.3575629701748815,0.6703180315217114,20.09296926782611,0.7906981792393211,626.7227975159356,0.0010107120676763042
0.070981172149849,0.9134299803098275,28.476001695453657,0.7024562909593146,203.04646140411754,0.0011388024902365466
0.04204292619866108,1.2792827443085042,25.548726901104935,1.1454615148266494,275.8922923755044,0.0008326729985374151
0.1735958480022328,1.5257827103290922,18.10613716125173,2.088352691514388,223.1052302159749,0.00113550805472842
0.08170179401454432,1.347540664735206,18.684268745934276,1.254788502676273,220.0898026709668,0.0011545110388838952
0.07246608346380308,0.9075875131091241,19.82002902936853,1.179603349623924,219.9554309668173,0.001195573970521674
0.24484259452739293,1.1429762134466364,24.03827769998256,0.6019177055831203,666.3152063743947,0.0010258128005787585
0.2263209935795243,1.1374869938679135,19.911155237771926,0.6013767411329092,321.56689263533104,0.0009561630339292643
0.14243007455904252,1.681152450762185,23.406124538626184,0.4323667196183474,1024.6063923802617,0.0010314496195375862
0.05169746380173581,0.7883246434263613,32.151718415866384,1.0383568854645895,28.60470550551141,0.0010207681515865352
0.0588209783996371,0.7454042192104327,30.63184798769033,1.163284982303114,17.251108725654806,0.001020236084555768
0.037149007753531194,0.871114987327984,31.145225207156095,1.2047610708698617,14.887337029449993,0.0010154053664413033
0.12639008792341241,0.7099474063534356,26.344180012372238,0.6884386043364644,96.35480556070056,0.0009923704452202862
0.14737863113532926,0.663011985315959,24.95481097813811,0.8269771664703748,138.18655981915865,0.0010062549743679679
0.07595297286278507,1.2404497476389784,20.61077492513385,1.4235155522450924,119.97648803669911,0.0009337409217868259
0.13914121280778816,0.8008016115533941,21.579131180973132,1.2983759855091153,882.074598707805,0.0010082797902981513
0.14824127691323,0.7940010717471905,23.36086307075153,1.5830386606120739,870.4804896217328,0.0010073316823100715
0.0938297470377744,1.6385968031471794,21.060304369390654,0.30124941007986017,242.90598719986977,0.001006554996678311
0.19430597925591264,1.9711959170775728,20.943124447434233,0.24302611922253267,452.5576709324258,0.0010979774963082
0.04337784579030769,1.0906444885937085,25.366851900201375,0.09533838713328233,584.3037128591187,0.0009496922381735326
0.3545011376064544,1.7999372508537475,21.734874713468116,0.031034836620620964,187.19272882399693,0.0010518815038136778
0.05146117282761474,1.6376438721977034,23.576262682326323,3.1116487541652993,52.005438190747455,0.000976921009578363
0.06401879802044907,1.6729148526851503,23.59898640352663,1.6676695344423875,52.697109073848665,0.000986549122368663
0.22309658671849664,0.951503720466611,23.079814651971926,0.5631821338986522,1108.645056152925,0.001023782255310878
0.1361528267418697,1.3109389689266002,22.1001911327111,0.9572569130371218,407.3502011344934,0.0010861658920562872
0.1508519415100165,1.0288726988689516,22.187671008011485,0.24368168437624363,55.49621859347645,0.0010262422682224116
0.3079389292743804,1.183794470676512,23.62041291650901,0.47637151388970944,569.1989309294103,0.0011334750577654596
0.22046029735441555,0.7978404345449359,26.62876875994087,0.6853198763293503,377.46033820821725,0.0010502359620437277
0.17945766362580867,0.9207662331562777,26.608884192648688,0.7471472878745914,805.6720186733526,0.0011421882106682842
0.30396330145855494,1.5889353404314324,18.486512447421678,1.1846685265376984,216.22544123451232,0.0009934224729685923
0.01976839439119263,1.979219663105892,26.53359696784455,0.6692361369317891,750.1543327635092,0.0009364111707516705
0.047841313537078475,1.948966312291109,29.046824058445146,1.6075369164676168,718.5409703844961,0.0009858558325445792
0.1701101765617263,1.9796110354791026,16.9024978432545,0.5221261983007544,340.50787318133064,0.0011477153993470289
0.23056228281884522,1.6837317492027972,26.633712499172884,1.2684949860793215,197.1818839094343,0.0010557536123185927
0.07468737589689058,0.5687244042465084,32.955577399858655,0.24387402910254996,829.2283654710639,0.0010509372911473554
0.06411608125004191,0.7414396318369292,28.045864252520552,1.3115297064888085,194.35461166558724,0.0009762051097818058
0.31244522310047096,1.1877646279417073,19.76791298919345,0.32745643795372514,248.45287413562016,0.001042179601156063
0.06695497199533235,0.5761343235514271,35.00919634127057,2.380811832029836,852.8297019025666,0.0010140278459110463
0.303353288356952,0.7765462414883094,26.24592235571153,0.011080194638848535,178.77081387597298,0.0009707909295583841
0.18472145982003665,1.23362504773678,27.506172473610537,0.02064572083384019,239.5551726867883,0.0009240411919970966
0.09570433045668487,1.6752638582715693,25.15256451987417,0.09408761093057587,375.2973683977661,0.000996974241279241
0.2214941817189357,1.705743116338549,23.448910745550148,0.07901536369210026,746.7968248833089,0.001081043922613038
0.1797559942896326,1.4699133431073217,24.737451820946877,0.1021753168583795,705.4138491777583,0.0009978042208001895
0.20172122204241935,1.5342090875280212,20.429231689616195,0.0643518176424876,424.094613721062,0.0008643987616463921
0.08890684175197348,0.7232635645506568,33.61739051826341,0.04166336991650081,793.3578740339249,0.001016193453966294
0.07364220264694495,1.3737354592372668,31.19503879882398,0.11227140340433726,207.39037340451952,0.0009839270143475454
0.27498429854437034,1.3202087139393828,20.959125342963205,0.3781805001540691,462.4686035282719,0.0009426875337680019
0.1031064540361306,1.778718319172942,25.70877802006428,1.0210853832771225,873.8493191270019,0.0010969362161219259
0.11985377291453536,1.4643662781737774,28.751317905817217,0.925327773865833,358.00673997363674,0.0010947799160593349
0.1404946013519106,1.5014199613818966,26.93367406891066,0.7356881316740781,634.8625088972873,0.0011490250772485558
0.2537789706338172,1.5024172006350252,22.2981626611077,0.33713136697738216,249.7543926806674,0.001089236260454019
0.1240525157600225,0.4382000485451274,24.32667192635987,2.578588051760134,296.16343126814996,0.0009690376988581485
0.09688937544229557,0.5028244877955547,24.755788368778262,2.506807262534413,149.79788341810837,0.0010015961569800628
0.0516863094698887,1.231751467611549,24.961050656022383,0.8109866305493344,55.08023843817549,0.0010325890697983927
0.05334386502435876,1.0512035909037791,26.552234625159546,0.504150379216351,23.917088439277343,0.0010570570611438122
0.042552321504125176,0.8534906154354481,33.81906913867906,0.6509074990686406,29.129855861532235,0.0011743498915780773
0.05992629702293337,0.9932700580747009,35.15886468215177,0.5287823208045265,19.655366696888066,0.0010968600511737064
0.06607304081125992,0.38666099026577394,32.434750782821865,1.984059102194488,14.017291574163622,0.0010325388098979095
0.08862814869790589,0.4688699108096421,27.535692184301883,2.356263090538489,16.046564126464038,0.0010229297693884493
0.022969614725079447,0.7976924778356662,36.608992186352246,2.3098336969511952,17.057350053310692,0.0009931886025705532
0.2396889578916562,1.251184819239562,18.661078887886738,0.4947911060716625,11.83546319915755,0.0009815938138651515
0.13074585421660376,0.06582653856516868,52.848992409158534,0.23037652683585547,1351.8095401596718,0.001039241844167633
0.07752499469333217,0.05948877648328886,50.25567006491258,0.4145680831948112,68.74571590418236,0.0010382430379820033
0.23642036343984188,0.2183158313992693,36.605194056332564,1.7443893598850342,1115.8679350306884,0.001116641562882336
0.10157449095501558,0.07155651874815339,37.69599195635307,2.181920172287,51.5032431361739,0.0008520939775902724
0.12615627497656945,0.056329940190341814,50.75842333515179,0.5733258189314139,904.5486345715087,0.0010939417580145573
0.11793609833020205,0.06742779597471278,44.49005966794161,1.5820861404951607,214.56210357886056,0.0009147454094899957
0.22434487762719477,0.9622226644667912,18.300491582451944,0.3308098431034912,165.38527641346616,0.0011167785189572204
0.16319262525270756,0.1930338747991343,38.60721729537576,0.015390614359802612,387.2195257171815,0.0010980537542158203
0.1327316838729556,0.17933207310298582,43.35403593868438,2.252739566259144,210.51802317736173,0.0008994351621841006
0.060397507964498144,0.4655605499481738,45.797439684188326,0.6061854725092958,663.3053244585352,0.0010631070464970959
0.09382939777478778,1.3085599669214698,20.811523050271315,0.4852174311014324,120.80007702623288,0.0009673774359624705
0.05959330262813694,0.8349099874876108,26.01421301281579,0.9359923942646466,1067.5682580201205,0.0009606743189534622
0.1140736133203942,0.7368595946607838,29.055527575945995,0.35482539073913383,197.0664411778649,0.0011269093011147164
0.13732783966721765,0.9255469927215898,27.9952850723172,0.31755437479826965,244.37933138918524,0.0011329307341498569
0.062174761306590956,0.7658118087089472,27.754062819431585,0.8326770755610186,147.07800641841197,0.0009907481506968567
0.12792542888318986,0.9386383821113193,22.23060758224485,1.3628334557403337,139.8520989605778,0.0010082703660172516
0.1776109975631669,1.1153086689398426,25.115597124959223,0.2904632059885544,147.8408927367376,0.0012040920138715783
0.2032300495826616,0.10227896706127262,29.22675249034487,3.347292866434724,364.3207677720567,0.00124685860641934
0.28018319597964597,0.18519779807516484,31.873050959390955,0.9731965134980113,166.89433145382213,0.0012490352537189516
0.05295434799997689,1.2808542657037734,23.150471517126192,0.8298706439391834,145.06480216863466,0.0008638552808328311
0.15301856132232455,0.5409997631173217,23.933678557061505,1.4421704200585121,69.3136056657283,0.0010020373692608076
0.2049720573817359,1.0447627083287032,19.037338619149562,1.0375261181469346,33.77267896239404,0.0010876387136675527
0.14283759842848232,0.8393837763508404,24.226420170968595,0.8306790916027612,24.28263340151235,0.0010076400453715858
0.13201062156306584,0.8543728230671531,23.46747690092561,1.0958889273965475,38.300189623051004,0.001000958688859061
0.16297252042192822,0.8451187301840398,23.199600676686558,0.3367719299224369,57.165422896149046,0.000959143898604236
0.21362959843886253,0.7481174454452378,21.635978825838595,1.1511623380750737,24.37170227853919,0.0009945426712788712
0.06482030063417549,0.953994814527421,28.266584904757003,0.9118206402328205,119.1376934833228,0.0009675229930829265
0.08841233500540649,0.8918064244619412,22.172237853695695,1.2202264226718007,791.2707161313249,0.001026728659451878
0.33150215062977334,0.40946895047132564,27.604686775991453,0.19974639663896973,189.94716533254098,0.0009893946904509286
0.05055103228139933,1.1766321148582408,21.88938778372144,2.405709501702433,53.36547629225519,0.0009467018948818526
0.051007265720068154,1.246268733114118,25.98500465302341,0.8825790779292525,46.41452568921939,0.000996554950531172
0.29344529207798836,0.6021447318246282,19.624841644192603,0.9052804512427909,20.19013923169673,0.0010399971065824757
0.3324652544532997,0.9363860391523363,21.50252539257199,0.4772779961310915,3.1614613780215297,0.00113412655993205
0.027630291119442672,1.8751473397757006,24.293183374181446,1.9073517470195938,58.11113137377834,0.0008945131763333532
0.08324886287116728,0.8710315915575095,26.75194115469981,0.1548768095104912,1071.555258923744,0.0009376543992331299
0.08687150821562639,0.8658901160074965,26.50292232491485,1.0757640717006798,211.76182808115664,0.0010495782188001714
0.24267832427108585,0.757350240492724,19.21758114254726,0.7662667018570096,654.4258123221416,0.001029807220705558
0.13939764838350108,0.7017493488795479,24.904698215809756,1.9648881405408516,356.85703456804515,0.0012377125987983663
0.2678639427565971,0.7023127974262122,24.80444096121375,0.2792998485777118,251.8522357887558,0.0010040566941975646
0.07118397589838464,1.3139642170024983,25.492804631896,0.43389422770109237,224.90062800376157,0.001100802584857789
0.08551260495819016,0.3927776922806774,27.241680292011537,2.7943160434795113,183.9189253464206,0.0008990898197837201
0.35991716025443266,1.3535573040574163,20.9065094618853,0.3753702625920754,235.71225694085302,0.0011495110672058524
0.1893609915573155,1.0341523209625048,22.529683163089256,0.9070762533666376,822.5395121366555,0.0010931051464713013
0.22307733411042407,0.6584766185378363,22.618827058110107,1.3313632398334156,379.0483681029416,0.0009480791144040287
0.03457167983633518,1.4663271005486276,28.920253234008193,0.09701154233053101,139.84960869154963,0.0012195000577344996
0.13084175732349637,1.012131494898238,21.82670630044391,0.1307924078485265,166.64034558909762,0.0010588703541725517
0.15399687716715194,1.0508043690217352,19.82640984765695,0.10331586474840668,126.29781051990224,0.0010224044171860723
0.20662122186670678,0.7625515483111676,25.119751034487667,0.07717098932044511,236.75586071180382,0.0009298937324079411
0.29791751169106173,0.6041755812831738,23.750276646109917,0.4430789855112735,236.33797137384477,0.0010450153632580203
0.05981314528455744,1.2622607986081544,25.710795609130162,0.18524110996596813,560.6810949894491,0.0010445796798590977
0.14326621199411876,1.0190415301278914,20.560084873306554,0.46010010842767973,644.0764460128598,0.0010368364083080484
0.23591306576118898,1.0386809105886445,18.625468700142342,0.6984487826236107,449.12061570997986,0.0009083424847386603
0.10434303134217059,0.6153847667037984,24.137132465223438,1.781803893590218,371.86738372628184,0.0009594551942846934
0.09124049820107144,0.8111005233612748,25.685087005383988,0.4239232239193898,423.3211655767324,0.001003561910639881
0.054944505305430165,1.386096872407888,27.485667277841543,1.084988126184608,374.3249948183983,0.0009842700680180757
0.06755005924269585,0.9803193639494597,27.71459432508881,1.763751088929901,654.3406102910357,0.0009646923422971356
0.11418195359514724,1.314487817157332,23.932512914305654,0.4370299844976876,284.3004510787898,0.001076194084312481
0.0797942593507303,1.227168863516857,27.9001990602888,1.5759307172793373,277.831112721261,0.0009524647473378165
0.2623947997269526,0.6778601048438236,19.546326053717166,0.0882223451170578,717.968152275235,0.0008571779129190589
0.10290537864621202,1.1875732829474477,30.540379660363477,1.9459526524220292,146.94820192758831,0.0010072165405684568
0.11871281822956396,0.3328331942253835,23.837656515301976,0.7145525416170951,772.1080386378156,0.001154321043571478
0.12310685140388034,1.6688242653520602,21.56394320268757,0.8978517256370312,456.93975827440113,0.0012129589459592837
0.28662219292370184,0.3674081164809212,25.127962632492203,1.2657352981012653,260.1743391393061,0.0011163859933424438
0.37113791856471173,0.34691896346181894,24.296619018473606,1.7777576751155981,306.6841029214101,0.0011111226887523785
0.12995836818016945,0.19322628547740586,36.28424642946436,0.8773998469933122,57.92201117719184,0.0010993727218448276
0.26937841124631295,0.05159783844374616,34.76911280749286,0.2500377052160465,35.118955476353825,0.0009971528036815
0.1364805377343484,0.04129520541089577,29.328050160804484,0.8485756879342164,155.46828143223533,0.001122405141471323
0.2602434185487002,0.368100236130265,34.8916959274547,0.45808558204260963,414.39342548952607,0.0011309313088768062
0.19349435327136488,0.2408636785344062,39.287872259128044,0.45448136882799456,275.7202093713906,0.0011529420541378566
0.2538007132145942,0.30773905865559076,32.5251579546384,0.030717141649766015,255.5674254732454,0.0009964629153440324
0.3483240531602083,0.3352855280863195,28.205782192005127,0.042772535604401606,862.6824498713647,0.0009436412876932041
0.05335336713999296,1.7749019969292896,23.585319625443837,0.11024704799524322,288.07362112438,0.0010314738453870822
0.21692594553350283,1.0951592678185713,20.482679973289397,2.6069644900129707,168.23458920198243,0.0009584768757639271
0.08225793341326983,0.6587844363231325,30.30264467898517,0.07246116550023557,1351.454216258332,0.0009793935349464154
0.08694660635440521,1.2582821708174659,29.43131090685853,0.3102143164560851,183.6993598737787,0.000909538629501957
0.14159042955867746,0.2702140494911593,25.825090022050716,1.5321660406751358,796.8576188951467,0.0010072255917053128
0.1223663044759476,1.4576329635288654,18.741525561824073,1.3152430492405356,152.2987132358761,0.0009738098688187031
0.1809320733435985,0.4198576322417268,23.46408416004961,1.090785836697129,879.1421646121338,0.001249992197292909
0.2101478553279129,0.9246853033372601,24.450217783582733,0.7126693238920144,380.98355040273196,0.0009953990966621142
0.11783776698697955,1.1210475973027292,27.800842648375742,1.1143901161364766,551.1313793007737,0.0009829710016016784
0.1371999901378216,1.8338121347318583,23.60631337627378,1.563362832318676,689.748233730486,0.0010446444212779907
0.22247627328499725,1.9564127001328524,19.03927534588408,0.4851984501356003,197.8423805658694,0.000887181931839471
0.22040328744881826,1.962072723169404,19.180882457838305,0.4758046958681139,190.59967060383775,0.0008801181112596482
0.10103470443897786,1.328099483803826,23.375364087266068,1.972668732367922,121.26078410656808,0.001060607389594694
0.16799313706867838,1.029876694858915,21.772438297099367,0.1575370380334315,784.071081490588,0.0007650635836980944
0.1645023003174651,0.8250669556973703,21.483503811546615,0.35763503685305437,504.51316444583955,0.000823428412458771
0.1574108346436861,0.8853654513950023,24.06452693992929,0.44064905562032736,64.79970466504544,0.0009022368474350494
0.12938029096886783,0.8170044410186308,18.278405571569028,2.7463585851239243,38.57773065419319,0.0010120409653804157
0.10860289772647794,1.5212105944247987,26.41056593888502,0.3349889578254628,11.54288790584325,0.0011025981995077482
0.0946707248198988,1.4365525215230261,24.941588070741794,1.1078103532820218,72.22316097369912,0.0010870736104001417
0.06618967163954144,1.6042349283182604,23.258984764126478,1.0035169208609696,61.88277675367173,0.001080633062362628
0.12577904440026283,1.4630312947054358,25.053049910303194,0.2171421969880291,526.407297613723,0.0010580673852275315
0.07599597351938107,1.5342322815969662,26.22322363036246,0.24241689090910784,185.26005597579612,0.0009334972969363219
0.07806770163240942,0.6546924154099124,26.134134757546967,1.0532593316094072,447.96865213417294,0.0009115642627198392
0.058032816460320644,0.6622688900033804,26.490524565149894,1.3575772777608195,1088.6208061146972,0.000901273184978176
0.20813980611443125,0.6032117007313043,22.654979829739116,2.2025808112293563,255.57638214808753,0.0008902718659619531
0.05989199463537064,1.0855633962497746,26.16796669575377,0.3576435567151243,137.20086401107616,0.0010115983296126788
0.10574059193536409,1.0397159578320085,22.151503590026167,1.0742661375417952,568.087004699495,0.0009481574723581694
0.06313726163499575,1.135603399919026,27.283924923817384,1.7559106906028659,725.808212061125,0.0010103960557853362
0.12007357837523949,0.8535503689557032,21.54811679249764,0.3940656089021048,300.3713016828373,0.0009880122181216324
0.052844816837220455,1.206712844773294,28.540342264751214,0.5878450956137271,316.76630767738845,0.0009806735618600427
0.05733052019739922,1.3263985115023567,29.657171770856603,0.5229698979058636,773.608722049271,0.0009847746373776816
0.2775340045488434,1.3729501890237281,17.176362080277723,1.5489083565093849,7.390470664332719,0.0010040059346101964
0.06764709152272233,1.5673446016090127,30.907255318185847,0.48748813634627364,126.10037562432717,0.001027238718346014
0.03264758762862815,0.9330875909192488,26.246027122055356,1.6974659427319911,164.68295957325557,0.0010824653339908028
0.14538584318911907,1.16183757260388,23.349230777473025,0.7370006159805689,1014.349174554025,0.0010501750806690463
0.243570831910926,1.329643667151167,18.71752144023467,0.7464719905404334,196.53335790217884,0.001016606148253341
0.29558652454273476,1.1826215316038877,18.530336474237576,3.1794777612381107,719.0483604944299,0.0009825341453061243
0.1713815248204913,0.9645603493027541,26.318174431753068,0.18656305785378066,295.1672162720708,0.0011141858942470624
0.14501881738570402,0.9823236371122009,21.46010363019691,0.8258707658588645,256.8774365539222,0.0010515053239560648
0.14574324264059627,0.6793928852616362,25.545776589952503,0.49349195237725485,450.53445831406344,0.0013385355090822356
0.16053764754201383,1.1912652088458726,21.60341568985971,1.1566778949498442,317.4916162806923,0.0007540539444240008
0.184152763518637,1.1155268863638284,20.593518581797976,1.2437655003287909,162.99356803311204,0.0007639540704836988
0.30616085012784466,0.5228810951694219,21.40709252725263,0.9469657683823348,66.15993060631342,0.0008749992300027255
0.19041011728737492,0.48032019655927094,27.349487285340434,0.04000212742897599,321.85647238860537,0.0010198042986730594
0.030595381871205286,1.4448002877094168,32.317743963586395,0.00985822145843714,496.11704261492235,0.0010642132520335352
0.08231847176356119,1.0491804848796895,27.47648013429823,0.02307975933583899,613.0964098502535,0.001061569569708064
0.11790936988246019,0.49512850595999924,30.858349416676347,0.7429024670666188,213.83295576624084,0.0010231435865370076
0.03840739201461686,0.9455896208990228,26.538730324710983,1.8892597481898765,595.3188766882033,0.0008676486840019817
0.2760338035691949,0.9014025144624899,21.524678374101725,0.21966876329853197,305.1005447708098,0.0010451247070199907
0.12782480853038766,1.2257719124086015,23.899922536630044,2.1527826867088007,628.2196830038047,0.0010327421996200634
0.23677299019375028,0.9625658090693727,18.901259158507514,0.12523566569995584,70.15222988791815,0.0010682978583206608
0.09269517745569951,0.9011533923989818,25.350233514297,0.19903216075004704,1192.1027253420725,0.0010623472276995063
0.06337516479290012,1.5692570006242303,26.090295856238104,0.42596936498630056,736.8425554834286,0.0009329655590376736
0.16523973875117906,1.213027434078607,23.897437963262973,0.227369831981852,625.5593011576133,0.000945449903078567
0.10503184918251654,0.6441637185716784,21.09626001096156,2.352343991590253,124.30243383589787,0.000953665310790157
0.14262055578062274,0.5373065174729962,23.315194066614445,1.817557497562148,489.2704069534318,0.0009988781258783422
0.11034744606032673,1.1784460964082544,23.204326113135615,0.48318593391725545,442.20228656713823,0.0009568980375078259
0.10138276763613405,0.9996966758902919,23.376991030293198,0.5219419752061564,494.3179026127213,0.000940220276812464
0.07733487185108247,1.0680411569129629,29.48803227747072,0.12094304334096226,402.47891529519,0.0013474304404179455
0.20497782581762505,0.6429691574503978,22.915214481300367,0.11553035923245715,452.5510021240605,0.000977822490771033
0.2658163452428513,1.1304863502707647,21.368010441063575,0.570662173236066,167.87711718210954,0.000910506709077384
0.11415361394688917,0.5890271819112565,25.926632536985842,1.2133285158376987,594.262936326981,0.0011303973139769833
0.21230317457782252,1.2372202831443215,21.232095525471802,0.47808788177550154,269.3858849049727,0.0009210609011587677
0.13306562293197993,0.7099463069905589,25.336376709249475,0.13677597532395425,746.151277535567,0.0008359101670036486
0.032101879432503144,1.513583526663378,25.234042969412066,3.009964107056871,365.53742076495456,0.0011995178910031328
0.025499836356081957,1.422907959065472,28.352103585507574,0.9563397351677652,45.0247702334205,0.0011956405499915252
0.07286557053368355,0.9912773629463336,27.109537240288486,2.1056377586445922,192.01154569361617,0.0011205200233718672
0.10752479287128684,0.905715974288012,23.092279471490468,1.6913782790632286,424.53234008105926,0.0011158598474915805
0.16024839253995474,0.7907855717860857,25.555720542293958,0.3323289172030979,596.0609398810949,0.0009280476841939541
0.0589973794501744,0.8773664238532274,26.137848854446926,1.1885784492887015,512.214734884852,0.0009613712072073399
0.025614063651856155,1.5206960037780601,26.88720577263615,0.9067727579954745,375.18286229708343,0.0010566347414834737
0.08328467506665128,0.8716176842800775,24.14651012019579,0.7404776538527826,69.71879108749842,0.0011470317096877911
0.11181866029413062,0.7992688745989472,31.767891303475974,0.2522255068451266,734.1176516233903,0.0009291740779958447
0.09650492795181342,1.0593284232474376,31.48291426431412,0.22360937798181996,680.8483272679754,0.0009177652529958843
0.05139942409060958,0.8205248694985314,25.92327576819652,2.120215022365937,315.8310362046259,0.0010099814203507055
0.04924429545451076,0.8345248258277823,26.538028030430137,1.0924157508310859,264.515594422856,0.0010047033241020412
0.07395039121405896,0.876849431129211,22.582566930528436,2.0428514160832276,329.53441919731154,0.0009395860280719762
0.06255184843569898,0.6098095737206106,24.17267406597974,1.5004390988024439,130.96315159979122,0.0009932433454801618
0.08449604342906838,0.6499742206747208,24.022853853341967,1.389180991794231,147.0270487146879,0.000940224122341334
0.12045796030572853,1.285954841094488,20.445045091702177,1.1825920694965792,477.7163774236813,0.0008798823051113276
0.10946070827712766,1.453646449810442,22.190918857525013,0.8277357645896485,143.71459749074162,0.0009522573260558145
0.1801888759331199,0.4030356692385892,25.01376023479395,0.5453185338515487,518.2435165862887,0.0011749649776855128
0.19761964761904988,0.3836461447812525,25.056354285841643,0.3713995187085174,589.5129915854432,0.0011944285705503684
0.19324745182731334,0.6629583871066975,29.74753170094116,0.09909621551130675,407.0425910724648,0.0011498125511061824
0.20379718620767331,0.253836289693888,26.00290464598015,0.27402244586177393,655.402874390188,0.001133060148921065
0.11030220509405225,1.7822298133786934,23.13569915963082,0.8224241311716067,354.7170946854599,0.0010163434420962603
0.13347065515517437,1.704884532217156,24.53923729953163,0.8960800905801201,397.37329662013747,0.0010465547047455621
0.17446466175045663,1.537717693024547,25.496559750244046,0.5261692789771878,1049.128275555914,0.0010584293670004644
0.23285118039010158,0.8444303292292222,21.089388166000905,0.33545036516604504,233.7202723020466,0.0011123041310054749
0.10596766610307241,1.3426308043375876,26.96141785180791,1.3896581914483457,602.2245725226524,0.0011201618557806195
0.22305400434971398,0.38690632207160625,23.550717314945725,0.7055932049702244,420.98180159713985,0.0010391418359650783
0.0998587891232078,1.1793822342070617,23.06259736183369,1.4230410684605708,462.7052192220734,0.0010371394265300108
0.27918346915674314,0.18483872039694138,26.600028202213164,1.0001192688384204,432.10794577128325,0.0010236905671994398
0.17729929771198336,0.47335324368937415,32.98865046270842,0.7079851392619466,411.6086269255111,0.0011435454607121591
0.2086476388513462,0.11364149940412792,32.012583011075996,0.838105369042438,648.7280463025456,0.0009182431268178558
0.10431025907252134,0.3388205098577534,40.11399238289007,0.6954313046891385,225.04120272117135,0.001082827459196984
0.10252072216028309,0.21323210349062524,44.26240323871296,2.218837840206807,95.78565896683236,0.0010620410755977751
0.07258735861076848,0.38139778963667237,39.8675178880712,1.1873774873116052,30.86496255086956,0.0011145587132435717
0.17065554826518864,0.7196192161591931,20.887449411279885,0.7562990109189258,23.335472192750732,0.0009116482998054848
0.18678464395346633,1.1569013196792153,27.907757743147606,0.05116088979067254,51.71852461441541,0.0011791296912133328
0.10836025023415916,0.6187162216261916,22.52008109287907,2.4786574192338438,171.99571502194607,0.0009208058544269205
0.24117229599091355,1.160541443396787,23.72182419941842,0.2672789050092237,836.8638834074175,0.0010212713671292934
0.13038838207133796,1.3170862986028151,23.19573744023201,0.1891275797803104,459.4809614638737,0.0010040532371236434
0.24950733860329896,1.6839714644807176,19.670531899801738,0.4594613064454019,192.12881370575747,0.0009005314752654488
0.12159737813565762,1.9162620972809936,22.451347272479445,2.070799208149341,831.1638974712541,0.0009834651767898924
0.08153294715783566,1.7943710583992134,28.812339275091535,1.0818401709899537,567.1388280594491,0.001001272616417799
0.1081870223510452,1.511967159204197,25.142081279422268,0.8201418164040225,662.804661498842,0.0009357263070303898
0.19895412447626618,0.6866172579501905,24.464362317053375,0.5485296373309145,261.1012492255125,0.001168790098003023
0.1794772772640782,1.0524750498966173,19.67022988516055,2.5389426170129026,204.81606264389455,0.0011479195503490633
0.17993673986081077,1.1092116774283802,26.561713006299197,0.06790314477622443,282.7984531570962,0.000935583632132286
0.14142906237380617,0.726468840767067,23.38126048800804,0.2688525623647395,389.8708439969523,0.0009076848625687602
0.1313141516708357,1.0572807134923556,21.39233501330147,0.34377230285482996,496.06516590153086,0.0011228329682396762
0.12484617385033803,0.9671040948045172,22.883465949682932,0.5229558154112917,919.6831125933173,0.0011611050354557598
0.0792425597976574,1.0584149810630314,25.23301049069654,1.3973668758312618,269.7092271150896,0.0011517629419338347
0.07380507458505976,0.9860034851360577,25.485889706510594,0.7557676061979575,880.4041153814281,0.000916214398910648
0.10056361076060114,0.9532534645023081,25.05330564737537,0.5986504670132133,48.18498260584908,0.001005183976776421
0.19413602531254193,0.9429117680205138,23.75003166179985,0.11799087617400801,1185.7868241931305,0.0010461933465660514
0.24959174070249263,1.7057798598966167,20.808254904114232,0.2992104835938003,48.657270211012175,0.0010113851391994888
0.08698197048175894,1.0294176843011356,28.034049576845256,0.42976747779303714,280.49871788118105,0.0009078734521589161
0.21232986277626315,1.2073354691082758,21.092516510146552,1.4884032686524076,512.5366489438917,0.0010835346467155708
0.191693718106212,0.9010599526478275,21.836705164575342,0.5419097857320485,299.4467067347373,0.0012456887495533838
0.23575000448562414,1.515725994391242,23.78193097186298,0.6715850651557619,783.2520005161215,0.0011442696408427216
0.17072012488521002,0.6866423428212612,19.587014160945976,1.5658390174628767,243.6236117950852,0.0010372647974992097
0.2273133115952492,0.4197854832563739,17.200258863429816,1.7821455474712207,291.58603201445266,0.001040693276943397
0.24200793109552513,0.467177126406919,17.145329655029975,1.9526866340197409,431.27346889098567,0.0010630028556676751
0.22467304173489752,0.942147269848629,27.18968161562753,0.9635471825229625,146.5369699206845,0.0010551322684633907
0.08295431364856444,0.6942462197418782,22.989878868129694,1.3441862503276905,27.133228412497015,0.0009734470168745519
0.09369174017285599,1.1377174911065402,21.916524163478826,1.8769951033310162,39.618460958455486,0.0010275753748560767
0.13340223590818143,1.4568096335141691,20.41523589250031,0.6773935087702708,63.636997314258366,0.0009710529783180863
0.16123424200570619,1.2860225396374563,22.309374254999423,0.5855484550839846,50.247566268668436,0.0010390415776967137
0.18122647059690877,0.6241136068955266,23.63156439984308,0.5942656751523828,10.648771924635245,0.0008490251850061619
0.1405349035152317,0.9461358449881879,24.208916973282598,0.7917129493131501,12.998590957572167,0.0009305645954706388
0.09632791082975249,1.5400498510280463,21.481568825853362,1.3668382105018522,22.239468999640398,0.0009765287663602726
0.12571725916437562,1.4405593627496187,21.076095348016917,2.521110980462138,104.76878012671489,0.0008822899184063626
0.06442734663532242,1.4516869892632918,26.573448678327768,0.9831518793406211,42.409059309438746,0.0009917790249475453
0.06925555714602082,1.0732913152063506,21.40765637558269,1.282944389230131,21.393119099228805,0.0007835152435702916
0.07883507137499664,1.5025685451248045,22.64906739810425,1.4417988827726484,13.768699071793359,0.0007407593322307269
0.329663125545912,1.1146773350863879,18.306344302782314,0.8485799556730703,18.72122282256716,0.0008372677053224427
0.4174194102372245,1.0235813700023135,18.246691404956884,0.9140656714139902,10.452488157757925,0.000871926313600785
0.05511723521842444,1.0851601795934052,28.243725188361463,0.2810066464385599,104.1247444739763,0.0011293392121278108
0.3946016334129302,0.8121224695025817,24.133389217183066,0.07304766341230988,305.9697486224575,0.0010246482775208587
0.20514586689206,0.44240111017613587,25.82531032217811,0.42838129904340166,184.81166946214032,0.001079884579039743
0.18178371069618424,1.1700538697332836,19.349685013580565,1.3716905712059326,405.9031962817361,0.0012123171946977981
0.21930850874608698,0.5590829321581727,23.640091340741968,1.1449723825347715,448.4107872390651,0.0010820765921921442
0.35459641792107854,0.8036990021890532,20.03986905563964,0.9352886123500435,302.6877806455999,0.0010761641718907819
0.07534976423412437,1.0925508609885242,31.03653037345894,0.5639323542108767,741.2911711192461,0.0010607730360973021
0.17244996045331712,0.690757838770604,17.012059452866957,1.056359268968503,68.01531322938725,0.0009475150347557186
0.0862135454835693,1.2410615659624569,32.21164615179274,0.48695092237749943,334.72331911353706,0.0010600904534865878
0.12578735196251026,1.305451609632518,27.73200577459522,0.17175899100762454,688.8102097149557,0.000980292857650685
0.10823466111733365,1.158101726047409,24.154857935181354,0.5888010132042464,342.87622216832364,0.0010102769524370947
0.09939282749167042,1.3593299668616385,24.267718793181192,0.5032405306006618,358.896002983252,0.0010152745268298842
0.16533818518180127,0.2577103747313751,24.937568513737947,2.1983180260336046,491.1499425637326,0.0009232694543705604
0.18976541241426628,0.7800312912117531,23.258617680972197,0.7254104474482251,396.7983123354871,0.0008565734270459584
0.11090323084150258,0.8153242538808243,23.20482529714658,0.7543291263501234,297.2524936580448,0.0010004830552132506
0.21469892141994096,1.2961706229314585,24.292520238375616,1.375610908671805,553.3546654601406,0.0010271598446880041
0.21366910911122344,1.675230235918951,23.929744818268485,1.1343322897468924,536.8186619557051,0.0010761421601191098
0.05848710595955176,1.8112876239406734,23.181463651470423,1.1790247730064358,36.16198515671985,0.0009326742260921319
0.07518740039195622,1.1717798121410892,21.654353878262437,1.0643301288738658,155.65717578436806,0.0010289909817716033
0.18877521627587307,0.5123955449010917,26.678592718509623,0.8414768969028377,922.2940796293404,0.0010286266330124124
0.16589481271954423,0.7859696465953725,20.92525621078915,0.7424362658971713,142.03331862449542,0.0008824430318735935
0.09384806031365357,0.811831297894091,29.85959278056831,0.4698606706974534,131.29571829046574,0.0009424309991839025
0.18130909579902438,0.7985964668521056,29.467153374807346,0.10423149908758564,75.80632831341286,0.0009518509135769298
0.17335810841013508,1.251062072761875,20.404668074103768,0.45302878397189217,42.731157938349185,0.000973730913460597
0.08470203834936872,0.800595761358851,27.844344579629734,0.36611137345912514,928.3584819317533,0.0009993276178226506
0.25277407592697904,0.7453745974990537,20.522690693108157,1.6055780501417793,120.21621901381226,0.0009644671568755271
0.12931614843882758,1.2626527063890483,21.09226682403699,0.7909866035266616,329.2497331978716,0.0010605756595977872
0.15749627115848416,0.7528641642024099,22.648497802086116,1.1378069060051912,221.2833359463221,0.0009853449479470687
0.19284821750452222,1.159311208948522,24.70657782785109,0.7654858293899757,736.5421732316328,0.0009261251304430759
0.15891222548424813,0.3902336910915894,22.62658419698792,1.555480020643057,131.43916313976325,0.0010104691453004363
0.20599041825084785,1.8591153958693654,24.54902147137535,0.0565707934763442,90.33960571297976,0.00099727818027586
0.09573084987952266,1.6651740213030135,25.11652292686757,0.2698338757511261,696.927172545097,0.0010134101181390677
0.2539329933305556,0.3749988600741426,21.894948956243887,0.9497431303268029,277.08552559702747,0.0010306252657246797
0.2919017617897056,0.7385323907960887,22.699464238641664,0.5943226021448297,356.5651882234915,0.0009999431484522283
0.267418494912997,1.4209349890535352,23.23632444268596,1.116830986098054,256.3548857163637,0.0009982269414492166
0.3340237323483792,1.795379985999892,17.904973106236266,1.2670091226697993,270.75225921311346,0.0009454861040169571
0.1877833810022666,0.28453642969032295,27.9077652740875,1.2364269898141087,755.6808421532072,0.0010177137392540685
0.13913746687859757,1.3961803312557086,23.059815176150654,0.1496209524700087,23.99847569586275,0.0010331309026606903
0.26915715372477195,1.6840129645102337,21.992326996988243,1.4550378341387653,47.07561840337016,0.0009773147261706886
0.1512434932922748,1.1319307847585076,22.659096208033066,0.4822957834925971,433.08660514663273,0.0012194002218624254
0.06497783136355854,0.6199567432308017,24.666638301071767,1.5290256660492973,156.82908019441132,0.0011182584711721109
0.1238375374028585,1.6748993902749194,21.9401131723129,0.6422507732375512,181.3104597780947,0.0011320730039183226
0.10383309936061433,0.4372153936918146,24.149808794664512,1.3310158809744508,417.21405081681934,0.0010445770413104708
0.06473616852361481,1.4495339126423339,29.08443485315605,0.957470509158281,104.26876856292697,0.0010755428722228064
0.05580828803384628,0.7280018706532214,28.67068884451038,1.4835119399461976,182.93102864075556,0.0010882801618890222
0.09507862035271683,0.8543845270087581,23.675442413120226,1.427147811600547,268.60978788761054,0.0009993207461129912
0.14134187556814448,1.1297964599429897,23.04997100100369,0.7926319435949527,738.9217568425008,0.0010077919640387885
0.1575356121424145,0.4339440686711409,27.24545997994523,0.6532912233944155,602.8354621842366,0.0010265480995510449
0.17270694576231654,1.010105861115145,21.892746680418544,1.074192684120054,438.28335929951675,0.0010037793339156015
0.1583931170466675,0.6617037556752543,21.106703370508033,2.191199740308907,715.1259759914057,0.001035647971275372
0.17411363871953164,1.174936374835115,25.863718690316286,1.0650525362423902,638.978961862002,0.0010343706051813251
0.14051958686289392,0.9492449441916917,16.83641103587474,1.7051352358399154,207.97752299994914,0.0009430952438100823
0.22649170256742418,1.1537868239698923,18.41391123961528,1.7812383834158996,71.83642098643355,0.0009512504557072313
0.2736406920916151,0.666735876813462,17.61042118520399,3.584214554078067,99.21328877725739,0.0009329030916737967
0.10324263428543155,1.3142093217589235,24.323366844174583,0.20808859752808667,260.9695317241003,0.0009779897426694256
0.0895146110820552,1.2363948275631278,25.55818516517078,0.1009533286562202,433.32387875443027,0.0009715575417851598
0.11257898237849215,1.0663171021900146,21.964222309841148,1.7345073648213214,626.3719919615311,0.0009167236728753011
0.3008437373906286,0.5315337705269311,23.320733249981146,0.5246389253732815,190.08203753552937,0.0009218413868241054
0.08593620745312935,1.0969238324911241,22.82866860943211,0.6265676617738322,238.98324557100443,0.001069509412038252
0.10320947703743315,1.5972727828666016,22.33281607062931,0.8846963024583605,556.599256284729,0.0009945788976509344
0.1247295849441521,0.6226339067595753,27.18459305910383,0.32294551351316864,269.20964787669675,0.0009723402268238064
0.2139447377246093,1.2962332160126164,19.96101092507907,1.0059426487845264,35.675401611758595,0.0010527433074826848
0.1303664206038745,0.7124095029209029,22.206646612969173,1.1438658267534128,1574.4424428510322,0.0010532785644001385
0.06431012895184668,1.5918316069393343,27.564968870825652,0.382481349664537,110.76189606724967,0.000988143666315381
0.029818877612007195,1.591142860925587,25.630446522978573,1.027277093089914,395.28117093824915,0.0009594036841612252
0.09073312701751121,0.9117306948158475,22.84120111246803,1.3077540950350277,420.3380910338632,0.0008716470684644321
0.04487609471791956,1.587237981134935,26.64791598338671,0.2405139599771308,541.7247448020908,0.0009557259763041482
0.21782014883533152,0.2740510206869905,26.632743839077985,0.9356737178694702,301.5395810921692,0.0011078269628484357
0.09456706051627736,1.2375132822371373,29.51793169476803,0.35353958526129,558.3147606599867,0.0009588746864160675
0.17153769292522633,0.6280704426489686,18.98895687595626,2.4493656989158703,191.41414613840138,0.0009003496079314855
0.198349255044822,1.123888360620508,18.907070712318244,1.48591992438066,147.3368434052772,0.0008966284319493702
0.19327298211086774,0.9909550886287299,17.951004465051366,2.5106981866285967,174.13433728374383,0.0009223256234887726
0.1908826963730604,1.2026734976575366,23.04877884186945,0.29547473355876247,45.7051847078647,0.0009038074685977371
0.1311232808334301,0.8250927818411992,26.886895485509815,0.11744134714580452,376.5240045519281,0.0010092819381507284
0.09423477979282323,0.8071232336465385,24.24677075322153,0.4353190286541313,1056.1489887045836,0.0011332435484834374
0.1503488872561894,0.9536684770529542,25.271363409688306,0.2261500903241698,554.041349333837,0.001058465828936942
0.14761534905862034,0.8332850059641919,24.986279908817167,0.2148124945185629,553.4099028813673,0.0010582496096825315
0.2433562656630498,0.847344809445583,22.38602336223234,0.7662709080291392,402.42218596094375,0.0010298071765836264
0.09268794842676281,0.5727479242199076,24.51399201328213,1.6146209976741972,230.47473093683612,0.0010439026269806382
0.08495253419808897,0.9413758572751494,26.01791741579478,1.3545353941061806,197.17594088335932,0.0009862751079309899
0.09978885756697432,0.9451119500599848,22.969411907540668,1.1548854736856626,146.0224990293911,0.0009259157234217139
0.2491914784457659,0.7977652744455065,21.406417521130884,0.8541074568492478,395.248581980225,0.0010600797658379987
0.09076511333211895,0.8928293337037753,25.943281960109726,0.9564256802039456,436.8470966118931,0.000981060705441231
0.22127897808435748,1.1082781651906093,21.902051583947774,0.4845940188228223,301.41602674319944,0.0010252185981546673
0.1543087589006014,0.5176228290003089,24.22122528495623,0.7030154588800295,238.689614801166,0.0010887619371235365
0.187692641890701,0.8173973779285696,24.851750906983547,0.6975983714058026,611.6191811801345,0.0011138876854974692
0.04859484468539249,1.4031241211597454,26.628888659775043,1.3182801472988395,353.2421362760117,0.0010477562747558317
0.06980454226977625,1.4542784481101776,19.659339786107306,1.9381686342723754,278.82256494738624,0.0009812562883325807
0.24446581403102516,0.5785975013928621,24.218448611846785,0.8059870804268852,1052.1232682318905,0.0011158114508293447
0.19235277517610547,1.5452856253952656,16.72791286811317,1.7507370905181474,458.48116337014056,0.001045806619106652
0.21004750809915118,1.302475594914939,18.98108436522829,1.6056619403601227,686.1384712316227,0.0011068699615712416
0.24543133622740426,1.6339973948290194,24.652142089959906,0.8803648346567611,267.808374360485,0.0010870694317419351
0.18273325270994661,1.019419337564495,24.81373561471184,1.651857671494923,444.16421009470497,0.0011164050043147007
0.14342482606700543,1.3739123129185318,18.695683745789736,0.2199720881509604,477.1281584341489,0.0010312641900768632
0.2753122061254846,0.2163040706177272,30.901643198091595,0.3695451324107995,269.10453259241973,0.0011323385099552491
0.2997801122162296,0.258914708304835,33.00725187510246,0.30441568163808824,490.7810149331739,0.0011089912512524988
0.12405064327002487,0.2748025745020386,33.46824877772937,0.7951561013687106,459.57740671693307,0.001091958300045884
0.09628109297417549,1.1143901109610292,21.16400294863403,1.2368134315168116,367.3256029176719,0.0010733396014626741
0.07525343553772625,0.7231588029497259,28.86214857282365,0.6663328612199194,612.065602572537,0.0009877912803791529
0.19753226708596242,0.8304974299587156,20.778377221065057,1.536632610794335,379.2040340393426,0.0008441060200709732
0.2082345241832926,0.7962107598544256,20.517387520885528,2.765093609440091,531.165235328208,0.0008268529867944693
0.07564470764942156,1.3242461088558939,24.19633023277874,0.4585056700976155,267.06674908909775,0.0008819750944286935
0.12990521340038808,0.5658023799318245,20.481186508419903,1.7209497653917276,307.1864926180806,0.001141571137380368
0.29409182883787605,1.5708503689476276,21.353262610899648,0.44253951924147805,620.7824794121204,0.00101167278336301
0.0387847042982598,1.3481352777966547,23.171477675467788,1.9039742393587173,565.3985120953851,0.0009169240408565074
0.03076077104829141,1.4152713845526788,23.786313300122767,1.1987688204581985,932.0495952981987,0.0009657331026228372
0.05007451077524582,0.6899572213581846,23.97716526887006,1.4639550047718874,1034.2446728957511,0.0010044644699645164
0.05206742796395429,1.2745764328761378,25.122636681968178,1.6923709296505531,868.965046106408,0.001030737835456673
0.11488878984435817,0.9537278019864195,28.01329659291372,0.03189931919003917,281.16862329125206,0.0009218733909382203
0.14934683810917987,1.37279880777911,23.401375627572293,0.7104718005226809,178.12346441643882,0.001107133179966186
0.07245309878799462,0.7478869480756427,21.95233374898165,1.8012039188561557,1038.355829488557,0.0010159491137251542
0.15854442648555084,0.6016326784390522,25.47040034083383,0.42120386099943263,63.504699243761934,0.0009642379245021149
0.11118766962632534,0.8443544095571042,28.808812130792546,0.20124518641244588,334.8813797237533,0.0009568074704761432
0.16661495862647246,0.8776205779577371,26.206198583772768,0.22573623925111694,312.53849538541147,0.0009520465434491621
0.23325460389567942,0.8174904988067618,16.62625712214739,2.5256766387466882,141.33266193967532,0.0010284253921510752
0.06968117489543554,0.8427652331552842,31.661122630025172,0.17043834471077587,190.27188991919255,0.0008920836776003928
0.3531491551935028,0.9352635374747943,21.40988752694853,0.044307336045873634,75.6717784200076,0.0010994337214807403
0.22595489599859267,0.592629110904541,25.444618572185522,0.06804233487700591,145.70626894957894,0.0009264795302946704
0.15375008267195528,0.9192678981754988,22.051376528751803,0.5908646710263014,414.1199501677122,0.0010927136388361178
0.16623889080753282,1.5569920761892835,22.05579445048842,0.7947203509271553,236.9493306291074,0.000992658117544103
0.11108587072851739,0.43571915929898414,21.85221102307626,1.428084403806322,850.3916335811343,0.0010163009523300858
0.11970615576037609,1.3807118206627214,32.81181979661922,0.3648843335035073,239.80897929259928,0.0012341590087227975
0.08138064066512994,0.9577475041211196,32.215680342336775,0.3434944669668508,496.00830554873124,0.0012138663269409655
0.17757899916765085,0.9317812826310738,22.97844427397537,1.1641550722549745,506.85124869211427,0.0010719473588525913
0.37620286249370355,0.1427267599610171,25.177451254754416,1.7483230947617303,966.1233215587823,0.0010572735452358986
0.22394343046168058,0.6442286333924571,27.827528027642117,0.9947056502264574,543.1286346516471,0.001044587780150054
0.10588988938559732,1.0125555325850846,23.982813383496737,0.8990876421839024,234.26173813590322,0.0010325305896911956
0.07974415030191266,0.9093879561189334,22.897673748044365,1.221304735452895,408.866817925186,0.0010106911556322247
0.13920118205740942,0.5079402480983838,25.787605623622795,0.927352250883549,269.0738870728932,0.0009562953815921634
0.12364608205873426,0.23275383842509376,31.20474609273405,1.3624414457193281,287.6010271101187,0.0011450952862618717
0.18126816770952886,0.475262504809784,23.15824630912845,0.3924151105072713,631.1565536740228,0.0009051075066038998
0.13039581313987214,1.084746135973629,19.252946769844076,0.7592570741418266,148.42272630217,0.0011851373268805256
0.09655121714444415,1.7341584873768858,29.641895157150792,0.6543188495579177,534.4732342124421,0.0011700637575498623
0.3200425292828024,1.4498529694699698,18.539415137086596,1.4065941100926835,772.1105671875916,0.0010304469508374049
0.259943431154562,1.145845403179699,22.35433228804471,1.29740514339104,753.690869062982,0.0011231880073409894
0.13167321570575152,1.7609536998205766,25.332723690399607,0.43978037205854786,198.35489286798995,0.0008795383315452193
0.12569403523981917,0.6670456876227314,21.63024909077903,0.33714726095257935,30.143629381496023,0.0010191980679004852
0.16748364343690864,1.2769819539101281,19.36547112128971,1.2172986569494457,255.21841253416082,0.0011684627097745379
0.04523152361374104,1.409437504607916,23.054310569679494,1.343881731200214,74.43149635927776,0.0010848161108384293
0.31748445884988646,0.6421593107090275,24.80990815930387,0.9072748677474303,817.6323476210841,0.0010442614949945374
0.11879452745732584,1.7152219485823275,23.76168752088313,0.2958912055956948,50.659013035701385,0.0011229315390825533
0.26502427355205616,0.6079770466260126,20.895355842330883,0.6155547099160958,135.42639066116158,0.001132811027696709
0.15217864870152212,1.5631872994033116,22.176106816109524,0.6977863193564016,198.5675003296716,0.0010573033119383394
0.07966633193345743,1.9378748672077974,21.97058598929897,0.7466361322173928,562.8269919333535,0.0009900923805350043
0.0826438626918176,1.8688929128142002,25.607182320328267,0.5024373650416759,938.993443983337,0.0009900158079006005
0.11517204285012425,1.5788678886016916,20.6853387486496,0.2555646583216423,136.96349073972172,0.0008892241170295743
0.14972382711609708,1.126226095073064,22.821478559135134,1.2062150366186508,1292.5535872160779,0.0008960404227872141
0.08888900564279466,0.8555305454036644,21.588166515710903,1.4302079236465566,245.7512204099263,0.0009318046869007774
0.08762371619868267,1.0161228081761347,26.179094535163518,0.7348065488939817,291.62310577223917,0.0010289213381883047
0.10093340636267495,1.3846236806551089,23.01919493951182,0.4536519770957623,114.17765332230165,0.0009633941076444302
0.1418602421382884,0.905199236261708,25.60999677410008,0.7343296883320197,49.57631319278571,0.0010195915778131153
0.2176710511516817,0.7221626378859364,22.22045252497596,0.2821976749135278,91.89138170151044,0.0011232935355292213
0.20586582835273795,0.6229308178872499,24.329388393871866,0.9495786958017007,99.28879916395154,0.0009311216112295905
0.17988034752822366,1.0505958914901048,16.87543008324992,0.6386110856487641,120.94537696476836,0.001122729680242356
0.14984596457047997,0.86939423660662,28.657167856953407,0.8785638690615121,117.15461849970502,0.0009878726110309924
0.16753255262740605,0.5891679983238592,27.337793802825544,0.1499828221933709,59.06627390677553,0.0009501844597390538
0.15458126425008142,0.8564672188891019,28.545796235401365,0.1895739098033407,50.61087126097438,0.0009629253966817704
0.22265403304978085,1.1959859899259913,22.56621208050848,0.5681294465061701,288.4722158791753,0.001092805895648719
0.11173056182458159,1.0208759270511405,26.782314022062533,0.6234561515171039,134.8482327882001,0.0009581781535616844
0.05826773755458687,0.4608819446629914,28.774880073653986,2.051257893922177,75.02218995745828,0.0010577399545659127
0.16232944757093032,0.9133608775198544,27.67953933358178,0.5527827203618382,16.62340714942101,0.000965230105746242
0.16042940319945093,0.8511522717509501,27.21179481146648,0.5848842769490801,15.270666502334608,0.0009634517247112402
0.20375189934460458,0.7865469198531515,21.83540689803963,1.7775514378797959,30.586568124683602,0.0011059267794813678
0.23255841290624588,1.0488134493179915,20.01806045259172,0.5001748785326909,3.5952228604912504,0.001058680044095467
0.10918850083174189,1.357710761940266,27.46316017433228,0.260215927436487,10.22077830683065,0.0010869518380537586
0.1661123926570793,1.1089798089812142,21.207736304264564,1.210922090158282,0.14609779118587946,0.0010064169324381024
0.1447703898403914,0.8678547035920812,18.60010315141174,0.6681308032548527,0.16842742149006174,0.001059754603039894
0.12978151026731652,1.1557816286969913,17.970618142461493,3.478790236130089,0.4943085517007029,0.0011565292431602568
0.15602053611553013,0.985896476864714,35.23555800744682,0.070532383653817,2.6348716114237525,0.0009268741443723869
0.2270748096156776,1.3704725896982695,15.634778057376261,2.1127149506680656,277.36023135879054,0.00101893386104956
0.19927847409508875,1.0127165795095552,22.013852460265312,1.5711225319118263,275.7460969907771,0.0009387135198613463
0.0711213361992367,0.7386730221364599,32.997063039899956,0.3394603337306385,600.091869137592,0.001089106699248326
0.16090160026400338,1.6580226356781587,18.250350406294604,1.2182138303421801,26.691353881407125,0.0011146390595226994
0.25957459553753764,0.27750076058377593,24.716805018596904,0.5489668536587216,165.67600977583126,0.001016109277273775
0.10512612083462117,1.057378351723777,28.4328302132988,0.25815693801599066,76.60461066514003,0.000995074766811371
0.08826057703789904,0.9425705632142167,28.35970620581611,0.41002829876924857,72.11656056175188,0.0010095681652558678
0.09412893558250753,1.064822162789096,27.643188602092263,0.32468268597639605,100.64215126076022,0.0010026512072423956
0.26382025512802293,0.8906709671493219,21.086826810240428,1.0129767754160746,803.9227953962221,0.0009944840041668738
0.11800940460336341,0.8960701632635215,26.073711294897418,0.7555537262715986,73.99931695124191,0.001193806116974842
0.26630162278540037,1.2379764426643305,18.898272570592592,1.7435658561444896,8.995583470741728,0.0009808989152443816
0.24762133791315086,0.3475766104130653,20.070625723208337,1.6696062087032053,92.89893875572164,0.0010005762512130243
0.2064689710194911,1.3959100911217115,20.909288164748347,0.6096126253015455,486.51773048646766,0.0008278678063105929
0.09269334795671341,0.3074448206846675,26.97001796796871,2.2678746307348687,381.79021661974866,0.0011626088156364578
0.10089870159436445,0.3527688375305393,26.231494414962455,1.802638505248766,471.9115015019236,0.00114245056556454
0.20990562732637053,1.633606337537014,20.331771809996606,0.21848586578129395,391.051974479984,0.0009007201361011004
0.1644845044653113,0.41037985712834385,27.747339396536194,2.5548237922105774,72.13835813326241,0.0008901324660890521
0.13610796219463608,1.2439100419244271,24.28902383960415,0.2551595179496426,1349.3612010397746,0.0010519779472125473
0.13984403601610132,1.4271994450409473,24.65747514212829,0.24424994790992308,1139.6606659057584,0.0010594324341246495
0.06943894988946595,0.8852813807168476,26.460311212257,0.8731641150823336,110.60174994179847,0.0010213737362676618
0.1971868367154357,1.511903697779734,20.508697587450413,0.49748826423394904,41.673460931170425,0.0009379816758853074
0.15712275032366804,1.7031237049473027,19.084267053154996,0.46686441682176383,44.27031908907156,0.0009378227450661893
0.22392120634233378,0.3264562202357365,32.65234298275771,0.17509723179991019,117.85032326840677,0.0011562899720148293
0.25738915881882685,0.5612912986111828,23.272778518338416,1.3174595722508866,124.40439614052866,0.0010727153870066643
0.03819118634858589,0.9375645831534465,27.33520005138174,0.6387473465010769,949.25862651699,0.0010120049967852838
0.0928273523263932,1.204486474395395,24.82160290517991,1.475068710651403,209.6217815973008,0.0011702909459510005
0.0717455390013998,0.4976676134411484,29.373725395393524,0.7847471121788737,288.9632444531473,0.0012515465014121458
0.09420636998705098,0.8238639311167396,24.23392142809407,2.6349169203475094,712.4742824963263,0.0012492333323975468
0.09858318739330271,1.4668826336674523,22.812631034751234,0.11677900934085131,327.50613184312004,0.0011180618824526418
0.09144454573024483,1.6287864109332795,29.877289487270048,0.804582642836638,711.8282956547204,0.0010550339973819595
0.1812258036613661,1.3630578237524378,20.877297120907514,1.9969172046692834,69.67294807413772,0.0008779288648320899
0.09820022328432226,1.0817988591470409,25.133373946905174,0.4162742251405496,49.38242623695983,0.0012114621942356592
0.2359308546251915,0.4689995204828702,21.09058364981036,0.17220911616254836,614.556165043776,0.0010758226249251031
0.21345228439225944,1.5124484431357545,25.03043897837508,1.5199599513749007,692.6712914090454,0.0010759423464289754
0.20944321432547222,1.5185772708768985,23.5618137801419,0.8154432747822062,812.3320384698649,0.0010776884689717677
0.1297592060806731,0.4023082914101693,22.97529917710409,0.8264480028635367,208.2279256244996,0.000998797930516779
0.10122204865261127,1.259005003768588,27.130064491028868,1.1777841997213394,533.0758599384479,0.0009188267405057251
0.17999268611405284,0.6458436982401761,17.4648577190623,1.0027953207491433,872.8817688084708,0.0009518575598758376
0.17600239834542392,1.7899476493442146,26.21338679488644,1.33628813347134,445.9166123369773,0.0008988022286146158
0.2066103774934073,1.6105877347219482,23.517619003530463,1.743315740840264,353.49298017782,0.0009314992761494459
0.057602466920370334,0.7342011675231418,29.272814354886375,0.09147832891694785,683.8391046554469,0.0009322913558090533
0.048757512499111165,0.979357928366619,33.763081101074306,0.07064989564355052,707.4629475272409,0.000968551090675696
0.23941370907213944,1.515665454247359,20.305548936784522,0.8558640637129868,275.1788666770251,0.0009805884629696632
0.11975609835212706,0.5845090724297749,32.12892169752283,0.46852063140970546,742.9808490069424,0.0009726029699842502
0.1963050989347542,1.276462458337118,21.347462894584012,0.2995690645853425,192.33734435764558,0.0010338581808546903
0.07171239332135693,0.7735031742355745,30.10345336096813,0.33474099579269934,756.8397404253237,0.0008911536710402623
0.10530548017509624,0.8911526980235296,25.646238208749953,0.24192076073211022,435.0738191755722,0.0008539326737138317
0.1313519453726344,1.104120511017341,22.692861142889925,0.35768342380245943,179.2393983479568,0.0009433577061383724
0.08521456962349573,1.216751601230187,25.992211369424332,1.0357423720486023,220.36494922690002,0.0009591835997641654
0.05218058479601791,0.5997588679664777,27.375124469997225,1.861344129776145,375.1510844518461,0.0009544687082269468
0.04004010576989724,0.9601543539647319,27.680873895705783,2.847076565815952,397.54504439961147,0.0009442852059537208
0.025743923047170325,1.7879292811037233,22.2940225244437,0.5132365939668628,242.99157940985114,0.0010323647666905247
0.054948159249018226,0.5716515138587219,27.817057949814018,2.860405011936553,644.4948347037591,0.0008894852004514933
0.06365590794974288,1.0280111717393339,28.95352217516933,1.7560735558805938,459.10878501144526,0.000892425290294147
0.17866597615513852,1.1964482430006271,18.985112825845693,0.5673815302201981,261.9456884236534,0.0011440915721497116
0.05413264655863538,1.3269266043100232,26.678599758837077,0.1848195765544906,542.8993767474091,0.0009847300487247665
0.18752714020142314,0.32155156893280507,29.16197946518979,0.138909070714258,271.09951270858795,0.0010393100312518562
0.11663921929578737,1.4853391736234949,24.739480832373406,0.23092230191873261,116.62275296959707,0.001075941178884893
0.03774723023890832,1.2637110602092718,24.716981813040466,1.731755479560415,457.38790065676346,0.0010122586014380322
0.08493150512237128,1.4173171787526129,21.976634851305672,0.8595421475460355,634.4538806653229,0.0009609225270605177
0.1456838565307766,0.6961627904469536,29.35874743628464,0.5989887212018099,157.36809353616056,0.0011311169157702512
0.2876409776370446,0.7609667634896291,16.998577231683637,0.8135235128624512,113.51670416680038,0.000969296148157486
0.1969139054115701,0.7401860682260849,27.66368898567466,1.8383991283096992,433.23490556770935,0.0010317714858413913
0.21407679814676284,0.46691202966229284,26.704215176625357,1.202922556022101,367.03243899226857,0.0010354713810346824
0.14514013308012585,0.8536853707043797,19.837143232345248,0.912116534206059,940.8067053425301,0.0009641789592656338
0.23866846234523925,0.4916413665788272,21.630728607833927,0.8117422962157801,85.7574381534817,0.0011592109567863428
0.31119144686741257,0.620262672157614,24.71623981972888,1.3884588064429617,92.04840591654074,0.0011630516400889682
0.08814051173571043,1.1574707231656236,29.149692635311595,0.021247570748572968,568.5587140212567,0.0010592793837402063
0.13706072243454145,1.1281338903027778,22.251977091108174,1.1955749213603686,444.803796845469,0.0009611222953077746
0.25053309527874473,0.5735563463437635,21.792579725498115,0.9095297984432134,497.15721609307695,0.0009810700879889474
0.12724319140998208,0.8227535932072072,23.617968160160753,0.1469381917219583,374.07521443337254,0.0010302956545038405
0.13672408734304564,0.64337690453924,23.59676381611741,0.08285350290663819,547.7031506627807,0.0010622804251156639
0.14108410463722681,0.7846879714174637,28.553955708352674,0.28322077580804234,240.6644976238942,0.0011163916194955415
0.19642958653647632,0.830336938353496,27.349124027605,0.08978326169540464,228.5426795368358,0.000977692153795493
0.19820346518777224,0.46437468090403133,32.493480180696125,0.07664282568235962,152.57695029230348,0.0009217539324352918
0.20136063483811928,0.9234953064949505,21.08431967562725,0.0663562279792016,133.34653614564115,0.0010460168467000919
0.23445835444515967,1.2478456767186175,27.328235395216385,0.14496995024714834,574.8192476793836,0.001066869384814641
0.1865152336306369,0.3160232814732628,23.236848749565933,0.34029616485383807,481.32837348488414,0.0010125439946710446
0.22291781142576772,1.843443271908482,21.27940718617356,0.3432976987505428,159.09700067590128,0.0009305169241411339
0.08286404584108699,1.8435984488273025,18.316874853105666,0.6413269440228972,174.55552354750924,0.0009475673372321674
0.20151376463583429,1.8415351838453065,25.764545451565866,1.488027125133705,673.0093214453824,0.0009260883806442556
0.40109676479419537,1.3230722348016535,16.570250628507157,1.1740787874358554,554.6310150043903,0.000943462317842978
0.39080500206343016,1.2384591416845638,18.004908697055928,1.0608336200439348,551.3721505677913,0.0009425869959392595
0.044542751533295934,1.2481031628043393,24.456933339095244,1.4029905311783384,327.80375045569104,0.0011270430430255114
0.056209187722361956,0.7462508573431056,22.727364705716585,0.8006105678108002,610.966639832494,0.0011229650309899928
0.08437807237210491,1.1638860807192888,24.126067852417364,1.4069375264126165,669.7608825784104,0.000977293615393255
0.0879009757721318,0.7037982433245897,22.902622295156657,1.646723346022237,791.6289595747305,0.0009982109745601808
0.08632351582335007,0.7686690661837025,22.97517881895428,1.673107910034576,761.3998857689847,0.0009985586768049915
0.10370644475595318,1.5065826250719123,25.973453111334837,0.4723323544569942,229.65729800210903,0.001100133194817902
0.14408929147923177,1.141617767040425,20.789596778836753,0.10059042468856771,319.17199961994305,0.0009671555536118551
0.08828752790139617,0.5786974987094808,31.23168603354455,0.5728536889031789,144.15915358943178,0.0010469808045686297
0.07027917877310205,0.5671025711707013,33.45784500276973,0.46691088591965396,344.4180707495175,0.0010489053646812116
0.03356310554087797,1.862444886320073,23.292133775996884,1.6684215049490327,159.53829009483513,0.0010506500545897097
0.15973732583440597,1.727022249174241,24.552764799818313,0.37136117375909594,1283.3236781833355,0.0011256119425584747
0.16651012944510193,0.903585873124043,19.49158094533443,0.7212217125658792,305.9100365219459,0.0011689824102128325
0.22083046015124794,1.0160972579039753,22.231191518742392,1.2610814128709176,138.51940297502608,0.001014193028547128
0.06748233614338915,1.1458605784047595,27.296381729619338,0.4535172399279979,908.8088724211647,0.000952453714929952
0.23771234709648867,0.832608177635836,24.088758215571744,1.0275548650810111,166.30869605395452,0.00119676338477136
0.2726085121923685,0.1802626103200983,27.512582247257313,1.1437136401477292,860.8879641387362,0.0010089106733210105
0.08932578285552838,1.613686290418659,23.715235478591886,1.1346240670007595,92.59410966979254,0.0011026471500486575
0.059111351118277235,1.5327625133593807,25.472781809488065,1.7866716203663695,293.1745425292832,0.0011242350679027688
0.03340286811947205,1.1208495653915336,24.042005254102882,0.7072750670992625,179.76717098572877,0.0011221826294348883
0.33439161155977665,0.7846773411113146,21.472797422908126,0.5482676869494866,121.85162160509067,0.0009790997103746083
0.10015591498879482,0.9033726879462722,23.016385483179004,0.8147234606468765,80.52582667327242,0.0011176631615756323
0.27436680475680125,0.8147582316138214,21.563607511308184,1.0259208069465682,66.04074024034102,0.0008934067583102797
0.11141250782849851,1.1918041812818765,27.500907427083987,0.5441482809333092,272.5056036261787,0.0010657711090782574
0.09666905691264817,0.972797430374566,27.202393858527014,0.5433582486460601,269.9727463290657,0.001042363705271189
0.05279069061585222,1.0448879359699264,20.900303853314213,2.57173134817765,632.422436253956,0.001124747469735306
0.030021768493027425,0.8651077610071966,22.558324136829764,2.212777054687739,472.8668575166816,0.0011964274630718937
0.226839156543657,0.6016039361847726,28.270447682388475,0.2295146028464757,549.7692393280627,0.0010794107150895475
0.27424611187397624,0.8752757657850173,27.640111012079306,0.3801944576558519,411.28193345336433,0.0010833211137819343
0.06659417721806599,1.6899863730621316,26.639983777975747,0.5830257509528604,158.92915915049826,0.0009011152103970952
0.06978038313512115,0.5514608113869748,26.91022629260356,0.2753863940272229,171.4646622217718,0.0009475819455087468
0.03459713570982585,1.9136307304504072,21.81946813623332,0.5196462717093301,816.5997793867691,0.0011195985524501883
0.10817067198837077,1.5616547067489202,25.115044337295164,0.19483018698579227,118.33361237507192,0.0008951602316430051
0.19826892752445474,0.2201087548177486,29.116239605350398,0.880807268078535,773.2667387286424,0.0011888811978625084
0.07183193004563444,0.0927451087592284,30.182746944098913,1.1163314154622264,239.72863018850984,0.001067505691008565
0.09051015698206294,0.019767683026241923,28.096412765894872,1.4149365390480622,239.6088115964506,0.0010185169551475085
0.38696851156040235,1.76018256323827,25.233286333006976,1.6738707680157707,973.2029421440254,0.0011222884415713562
0.1692229237735597,0.8916529095449642,18.95051743201927,0.1770485965607041,202.4496918918884,0.0008897815843498869
0.16621479774562545,0.7601192718590433,17.80840558798387,0.21460171105342063,209.68055535990086,0.0008999958549654818
0.1249943370856639,1.6205725914550364,28.15570807404026,0.22918964283761328,185.58162742739466,0.0009374517238423458
0.12143513353892589,1.6381527234430218,28.746417681562743,0.24066716100069035,153.65366382979917,0.0009615564807688485
0.1262970834440317,0.6258640196817286,20.828162561885026,0.30947305274056297,834.8826653769647,0.000858654665848113
0.0739048590517616,1.2633086450734332,23.700457545167453,1.9236319521063043,98.57143256191249,0.0008894819309447262
0.09075124605443119,1.0100177668148338,22.038519272617634,0.6041920749001488,99.83408886446786,0.0008880078776894933
0.13316485349139387,0.5528345189072544,31.224115250201564,1.5894199951038044,44.58394194354328,0.0009531553420268412
0.15204874541438335,1.4426916476573777,23.272310259042527,0.39455993972776626,51.08047915766806,0.0011187093987845723
0.18748339844911702,0.7525542018332715,19.894232419473443,0.9951275396145884,592.9953277463943,0.0010178717957201697
0.17705201366375392,0.8949418311303198,23.268140509862164,2.776513043532092,546.229982888858,0.0011184895044826766
0.1704248187066014,1.3412247557119314,20.112556310174668,0.26651420174512486,464.5041805767683,0.0010683884206986454
0.07960628331901182,0.7268114107622067,26.63880419523327,1.8965374974928393,614.2463575624947,0.0009397329934999449
0.07682249353652287,0.7884509524225121,26.405498981427442,1.9213058333887902,692.3929630314301,0.0009408758632079594
0.07412611707458618,0.5023824695353134,24.03659055061142,2.018811948284149,546.1240617802619,0.0009303886140935699
0.1148974535143892,0.9580165778166669,24.838320314641066,1.4464388300825632,680.0372538628556,0.0009265730361971278
0.07898956517797188,1.678304010460498,21.890553789822572,0.884084219616782,889.5676841756512,0.0008531153028399559
0.06824695506868779,1.7383931046377945,18.435555490608667,2.7769143106455783,520.495869835719,0.0008276991943463664
0.089975634930185,0.5592582511510955,31.63780355283683,0.2514181281197963,195.40894426478224,0.0009457934426330951
0.09524150285984342,0.4191909908104446,32.18424499979766,0.23710095775558374,204.20346291778,0.0009314270308531861
0.212260016253195,1.5670139090121775,19.77675881864713,1.3366005237195266,904.5479333734535,0.0008640530055993095
0.18517955519896598,0.8689051430391114,34.60354295629526,0.02481344509092678,92.08826193099283,0.0010214121977119481
0.16817031600363277,0.9207248861244216,32.15505150378321,0.029827135045531576,81.37994065958232,0.0009911206396945869
0.12594566188999706,0.7037510723630345,37.36609912100493,0.06607519141279869,80.73215107338166,0.0010450389574864854
0.17446784617924696,0.38092697911369183,27.799863834077858,1.0262556119764124,127.30423667490076,0.0010902216028993727
0.1900712919497747,0.24632115501056404,34.29977063066577,0.7619560355399145,381.450436006196,0.0010946098012994461
0.1986375627871542,1.959382851841402,22.097782876695128,0.20381619292233802,381.0619368159466,0.0010748364726746798
0.2571089039178183,0.15354894750504297,23.857693205507186,2.3183010493172267,455.2663913217937,0.001137205726396916
0.23349929456757923,0.2827659771545874,23.41453747735939,1.8480905198167221,282.37716034839275,0.001090867625190472
0.10725431463863994,1.7826700479328437,21.66906352104404,0.5152821840875811,60.1059176606734,0.0010669118506515692
0.14923846958478243,1.5263188463347561,24.27518561204752,1.8082783203309065,69.62792033749437,0.0011846792886479743
0.18219978187353175,0.876073549354821,27.036922207124,0.4513379136252299,739.4098660989893,0.0009821908984829371
0.11114977546169932,1.4491704681420268,17.759543563561547,1.7859314746847395,445.35720954151844,0.0011374246841646906
0.144821767977174,0.9421358304199202,24.08594945691828,1.807430108171445,684.2805362801067,0.0011708918832166954
0.26172154150481414,0.5118655169595426,26.588474063452797,0.16990173707992084,364.31942089706666,0.0012216576525008048
0.3594766613324105,0.48645924468528073,25.830437201084735,0.09946558944863612,609.1111039759144,0.0012679501999170546
0.05056409535847701,1.3558372338575546,20.102898692180123,1.470064624259387,273.8704470479362,0.0009240264814404085
0.10575680279609455,0.77803078634946,23.898961323133214,0.5164124371698381,280.09967914347004,0.0010311864199117147
0.10641407131198324,1.0429115587107403,24.42191062356475,0.7510165820663517,883.9855455348415,0.0009068175834870982
0.19494774994281644,0.8307662154005336,21.157346222371498,0.4951584895476362,177.20407147569938,0.0010826853827991174
0.34336354428771054,1.3029898463081984,21.891789726336594,0.6689926016484183,122.88801342249123,0.0010515579280368625
0.1803491943988916,0.6077564314345811,25.344482950085496,0.18805588188197744,64.63317508882997,0.0010463826873241316
0.03137602562277467,0.8954000332247961,26.130628665095866,1.0120134244431653,1220.2450288519651,0.0010607512162433914
0.11480110990991965,1.415324002694342,23.21852141248631,0.9208949986817949,104.71463088484835,0.0010765613433843825
0.06773107165172468,0.6748649357968558,23.723469269073053,1.5808741211918134,582.7380073886641,0.0009835239043132543
0.15752088338647824,1.4425330579098001,20.973221172705856,0.9560714468143756,264.4113849847241,0.0009997791564983435
0.24081283605168452,0.4055286632002117,23.29139189789827,1.1488519961237156,635.6717183854787,0.0009191748250146933
0.1827733243098639,1.6131977178640853,21.264629422105987,0.8509217885738203,255.0562096976231,0.0009830213758155266
0.10947395628375468,1.6514171271422535,23.055301710757462,0.33192914035363585,579.04865909394,0.0008812135861016347
0.11746183528339792,0.5092948052030027,24.267198670136175,2.0709125520018605,320.29759866224117,0.0011671849104061048
0.0732345185642361,0.9074914250006421,27.432891688498213,0.28135325502421843,561.4360063087049,0.0009948361645960285
0.08355415028367881,0.9887699110548582,23.68885443246153,0.9146446472064367,333.2629797156028,0.000896048167195136
0.059647324354023416,0.8708937390063926,27.458047423394156,0.5965591115019082,275.9032115728689,0.0010829857986363772
0.20563680598828243,0.5813509346894327,19.3288234800434,1.4134725566457245,223.4134275726037,0.0009861141459763176
0.08796220520072374,0.9880364250634093,24.655166032891035,0.46767203095413795,421.28323726675836,0.001184586452288192
0.09678049563153973,0.46307324089810475,26.71025531258207,3.027222031139264,193.98684726240504,0.001067600790012453
0.19074265893524428,1.588697290289501,24.423223205699855,0.10511036207195346,52.58565721417099,0.0009030060068542793
0.17275824864132347,0.8709916209894755,21.755001722904126,0.3150330798600812,59.15042337064791,0.000994815197707147
0.17987658725451172,1.0919335585196825,20.857338657228635,0.9416421984956241,203.74157913999775,0.0009712811909980794
0.21902495148991996,0.5678962666893602,24.947424461273652,0.8834048169292472,122.17320514734287,0.001186683075797306
0.20658744957268094,1.0527147525569034,22.783204283746507,0.5251831385513415,34.41164653137956,0.0010647777781130402
0.1427592681076945,0.8604623730950159,23.12213933747953,1.3538512259991782,1333.1277504106897,0.0010697738853090578
0.13881268672370245,0.712680342196209,22.84433077162416,1.8461204470601098,809.9985892881921,0.0010409936407071998
0.15092053371746925,0.3894324425859121,32.27273604334729,0.6718273187050188,61.019248625204796,0.0009025348437485364
0.1656583919742397,0.9405646622255552,28.05202847052839,0.8953107115950706,921.0673155229489,0.0011810925460514462
0.06780139258866867,1.3788659837329604,22.24239308985128,1.48866460031462,100.23539442385294,0.0009949073421003428
0.08153245786727567,1.3498056667237477,21.88584111232469,2.448861079135841,87.35494830114231,0.0009687699903713599
0.33016987949588045,0.3886658798573413,29.015795734770556,0.34813112930786955,142.43363148541047,0.0011102588107851905
0.38639408521852076,0.8038988350097865,32.5055433585509,0.6481576054921911,115.57463671579923,0.0012208734075345334
0.09682268764796016,0.586238650040523,17.926769008963767,1.4469256330985134,264.2225298056063,0.0009185819113699946
0.10002772703478169,0.8597809028461811,19.57257659436071,1.4095752003194268,194.47855642667852,0.000942306304448278
0.06623447972220578,0.8126662351649334,32.14561493822449,0.08196713396206717,388.20780123191685,0.0009999452472187133
0.08840779831743599,0.6062636857797383,28.557985173616444,0.015575319670032327,692.6843659640972,0.0008498135447981038
0.09479020443359269,0.7627302681257657,28.77258405086909,0.02223820453452658,702.7374119937174,0.0008793675854991284
0.08967707111191728,0.8405930766795483,33.27306106323307,0.030550727665504738,259.62619450597623,0.000949766320317873
0.11580393015632136,1.6208463429187894,16.19494858500606,2.6128434707939148,122.54593638301158,0.001052219114206093
0.140531248957841,1.1788692050113334,17.898457479358786,2.8624788792322815,139.0505634757533,0.0010808213816645908
0.14306620487081095,1.1383162273264802,17.859184650642483,2.4068661482553924,169.37250225170217,0.0010754590617992714
0.2880955613181152,0.5000943506534146,26.510861169933424,0.4061243254016997,518.9714896659095,0.0008447117884538483
0.09858000006597417,1.3095642029259074,24.545358406918503,0.0349419352618951,412.6413417088885,0.0009976622151128898
0.27458921306335504,0.6606544628673117,24.377349764967004,1.8305624166330776,273.0619556587796,0.0010601575711476248
0.28041613847808106,0.4346858076232667,22.497655617971855,2.1062825555077906,302.02518175862906,0.0010805006946901592
0.1696342242331642,1.137854591130482,23.05758884570626,0.2965159935764814,135.7967909706712,0.00086112269200671
0.06570960828920733,0.7995834879913276,25.16463865730612,1.9815602884610286,101.01813500481946,0.0010055219407852074
0.06758295325908183,0.9564919249433637,24.505545781291676,1.3271318547113589,97.42204249475891,0.001018281115323473
0.046913903391171886,1.5468985641704658,22.25154322885308,1.3479968828093922,114.84984580466914,0.0009094827164801517
0.04200246069033047,1.5347983697095442,21.67983015656635,0.9617975984449659,117.11215474948858,0.0009091754600116977
0.10219214619179157,0.5770196522369222,30.30055752183303,0.7125983643912487,371.7873971890835,0.0009304129580902516
0.09089797053170252,0.6456262998663542,32.85643065265093,0.2995747795580877,485.9054810495702,0.0009811310759355158
0.1590617331868854,0.31113439002219373,49.95202874883008,0.4174849524332813,923.1463822785431,0.0009949086982652697
0.0348026900327005,0.6327285950162772,36.18849448685627,2.1678468639499986,250.45639597025388,0.0011553503161675792
0.13152843342373077,1.10781973416546,35.83901754168416,0.8595478750877038,1461.4640649748583,0.00122578146597275
0.1786498795165486,0.7586288059319133,21.668471843805932,1.1823714787953097,417.3773120830166,0.0010499518483802497
0.1896293057514655,0.44525210968623385,25.11498539174906,0.6949854456353446,635.5497818705802,0.0010785677241961192
0.1400128899421457,0.8594867974349699,26.13058816662849,0.19198706709127625,364.71488404779006,0.0009985442106283356
0.3177640588972983,1.093900619459933,20.480516062438017,2.274298584256261,135.62295649014297,0.0011149921397321722
0.33438555205801884,0.7941221173266999,21.23503887433515,1.1889893443568422,218.00919892303193,0.0010624050183224787
0.03734622922605575,0.7912961237369739,30.175341068335364,0.18556341360216733,372.07128906299494,0.0009441013609448371
0.4419677868593598,1.1517456928710263,15.597717646451343,1.1268365846892647,5.393335444768287,0.001119199068459527
0.21637224458570872,0.36256334288743025,25.843353671832283,1.2628084348990594,4.969325627880663,0.0011093812555696312
0.20540722323872787,0.7481257137954337,20.3902852110129,1.4276045576994816,6.370459819054883,0.000997470679986714
0.16876734650165762,0.8028428350149077,28.509952708231822,0.4705815394045834,55.83445837930339,0.0009244490094484349
0.05429493255934851,1.3183192018677754,20.462912309997545,0.9164075825453488,108.70156783489583,0.0010421159234414187
0.13401428302589272,0.8301060839064054,18.60572452857875,1.5012193338395756,118.48813608694486,0.001059396825590038
0.14511904670511636,0.8839719531142826,17.904699572049022,1.4000011947318194,112.75942728129155,0.0010749560873325183
0.12868258615972294,0.9755051026893171,19.022420129317783,1.5290626732833468,78.13226081980025,0.0010855820124572545
0.26797147299534035,0.32978181144083996,24.634007571448194,0.42829465474788186,361.16759478440287,0.0009260183660246588
0.2504405957162617,0.6278834183558992,26.029829176161837,0.6018494715670096,437.0535674011624,0.0009494675967625109
0.13230161471218263,0.9588450858007513,21.607181614552402,1.639782606329059,665.2462134480503,0.0010229586213658928
0.14518984014336442,1.1583679719682491,24.341690013208854,1.2515714572883616,1245.6271064776308,0.0010148379394827039
0.25177792602138444,1.0477703695745417,25.253182611722305,0.07881755509968037,88.47685619954416,0.0011283911284104705
0.19157515758078533,0.7979475883989966,24.79216553763531,0.3146116974936202,1141.0749437644656,0.0010036792319487544
0.11173754424907045,1.1798197039652756,27.660825679787404,0.3202663333083544,135.74105859533586,0.0008877818921150355
0.0872373706200059,1.126088311244477,25.9174685009294,0.3858102614530274,158.1302110617151,0.001019940027861172
0.05074187615849762,1.363600922598011,24.23980555968557,0.44478364114810787,85.62526633820438,0.001006745288736484
0.15585969073274372,0.4290942724705481,25.735037778672584,1.6608426780876266,17.402143381096014,0.001132147915918206
0.16628621522558287,0.40306763433961035,34.461601667368456,0.4639786264729471,4.238392149638026,0.0009542754136048721
0.22997536483894462,0.3013002436238707,24.63072045515101,1.5075161248189883,130.46244439600878,0.0009623644571335169
0.12601435803314487,0.06557381876589644,24.592697431766606,0.4112223486640949,1040.7362040913276,0.0009910889300469852
0.255247825591551,0.06002774100413786,23.69227228124982,0.65154385162113,214.60311533418607,0.0009565316619763119
0.32369013824583226,0.04867611168304027,12.86279850404029,2.6080749898267443,270.44394039355717,0.0009113277096553794
0.22092481808777373,0.057827933381291226,13.574294520627001,2.377078423170715,777.4577097443379,0.0009700664772335426
0.15474197469291284,0.060846799653621164,33.47052915672527,0.3387793082496112,235.97699223529906,0.001202706944059058
0.35647373545268435,0.0947755383799642,19.2811967519083,0.7273975248591036,918.6839607353003,0.0010385882502669445
0.2596895976906353,0.651722815434736,29.73798588742411,1.1845383517134214,403.4268685173264,0.0009603226848877563
0.12903674524213268,0.37100496490921203,23.356258222101896,1.2079268585458227,220.37699689094362,0.0008868261953806838
0.13613193964120357,0.5154244718724558,27.042503850743692,0.6667808300700755,289.2882423457389,0.0008912158881481296
0.2202100918220121,0.7033621421559771,23.790252199499843,0.7170919750855634,358.7128396493715,0.0008634918847714472
0.14977346039757689,1.0119722776578852,23.7684961976814,1.3473347449773028,603.6370366610831,0.0010935476657962851
0.08558038934929037,0.692870138798821,22.430768272480062,1.3994390992327337,659.2211501813775,0.0009181906689825352
0.16673349852994906,0.8607845895334377,25.650218777703742,0.9161309330276302,812.4152995780798,0.0009577969523913315
0.1630793015794672,1.0920104683641556,23.6666639686831,1.1594290169603265,205.18064890128016,0.0010785513886617346
0.15429314474450248,0.6652516270512769,21.89616299658289,1.717703857101212,140.8587566423646,0.0010309972843159621
0.18358408604493381,0.42787300849757304,20.772431252809398,1.48558426681177,90.21572394957319,0.0010094886079708568
0.04167007127170586,1.2909812447671511,27.933407998899057,0.6728685719947345,245.12486463936546,0.0009135572941858093
0.12495659881402983,0.6623609615503002,23.705471657671414,1.0643600564108961,112.42178470693041,0.000934793609799978
0.11389763052657018,0.8910315885076634,22.37140927649419,1.0514992632248763,54.47294136390929,0.0009111485355723033
0.18338712411547167,0.8334895124590574,23.121048977085106,1.1424732828658075,833.1694578509112,0.000999773411836794
0.1522917753435354,0.9138789453652229,24.311322628071622,0.5767108729286429,184.01904804080934,0.0009875445953494964
0.23145659335478996,0.6165775239292608,20.620154439246388,2.00186245397106,202.8501746971186,0.0008315926966749632
0.21678329783619124,0.48522445154740407,23.5145527089461,0.3950154951610527,404.9024703326606,0.0009550691140392801
0.3291832082559839,0.9270450297362082,22.32001609522615,0.08355486711985846,130.14001902298793,0.0009150920100586468
0.036353539018081686,1.5296155150790542,28.226942964923914,0.429502801548988,537.9402775917307,0.0011366683680837835
0.0485929058418135,0.5784425137531668,25.10930785148047,0.2621199362997844,623.9241973693826,0.001221475570384886
0.04455705715304206,1.0676133235027407,26.266266304625006,0.2350435823482869,467.51153599772726,0.0012676827939282528
0.28064979195964135,0.5718979543730626,21.207955549758864,0.18968775163871632,393.6460340577353,0.0008586265269307325
0.05380989478825676,1.7478023853299578,24.83330856051134,0.4194613584597714,442.31386851738426,0.001139427121320511
0.053814479392641855,1.3208793745779108,24.606093974796707,0.6937152330663612,557.1695572505427,0.00107265921535545
0.027752045142249313,1.5334331100506549,35.990122437214985,0.8746576719987015,638.6037129957716,0.001140732206192021
0.023575735009187426,1.3643834960772883,33.38002452390029,1.248027988068129,647.994686571864,0.001102029626329954
0.04936269156732581,1.050987899297411,34.33098079281732,0.7916989878754555,185.58865628185694,0.0009955089635876827
0.2769753364167255,1.5705363335507811,20.139430322418796,0.13421255814944547,568.872220077204,0.0010140463687356685
0.30205057222813264,0.8719124392723877,27.519863607771676,0.20273577965879053,591.4028561602793,0.0009468689932570623
0.12805289736369616,0.5946873937355315,24.311749378259258,0.1266142565710024,100.08045072673578,0.0009889263769090352
0.15551896747183322,0.8963985882341252,26.223505356203383,0.1969265770507505,138.6180257664658,0.000988237957185342
0.1420842427716428,0.7132896243146297,22.74312643037673,0.4349960676392521,246.86047795672536,0.0009951713360757323
0.14221000315280619,1.3765801960724728,24.353965576668305,0.20947045383238985,1167.0120117997935,0.0009465949667299565
0.1411315802311229,1.3424101576580791,24.73652053673926,0.19761484589552705,1367.1882163257824,0.0009554785568638087
0.21541825550429516,0.4977599570633458,22.216506062823452,2.394015741534984,55.8323015314659,0.001041681502554851
0.10233052508977673,1.0764837495242907,24.575860557807548,0.5061464181180034,953.0795854783925,0.0010959286089510555
0.1771234005451464,0.5084018118073258,23.434470758745203,1.4966223038780098,132.011872411831,0.000869377644125056
0.26466779329369977,1.151894555368403,21.118931166527112,0.5444979547751614,57.941573225657095,0.0010136639138075502
0.07539799118985406,0.6158600705180668,24.212297302700772,1.5449831684748982,192.41537134306756,0.0009979821093011997
0.08073025790038484,0.8818710250119647,26.823253656586694,1.4356821288961066,331.47125378515096,0.0009949004151386305
0.2244892867274986,1.1716724401524123,24.89945753437513,0.4801048827392595,563.542528151339,0.000966926838176439
0.22547037891588217,1.6173023800720683,27.128732152038747,0.8181541967029502,559.7867544625891,0.0009353277456227147
0.27430224555427457,1.0262946803509942,21.31355663579143,1.3665322740790666,1276.7663818581655,0.0008982162097189662
0.3062919814380341,1.3851680580884644,20.635560754089905,0.8312274588277266,243.09496979161102,0.0009322846893288918
0.18076036264070366,0.5179187152303225,21.39450120123531,0.7813355111079494,608.7467579253778,0.0010263504858494352
0.20590861113204292,0.45255408481238557,29.947983698728528,0.3933043758185092,366.20001523267536,0.0009939091831361027
0.13596357402325338,0.32768505745432736,33.055818816463955,1.5431488777478781,680.7855921200282,0.0010003322108342462
0.12621192669428433,1.2575214973518798,21.734830301073927,0.022276882111601337,117.6833341396996,0.0011166482983530008
0.07741683979274674,0.816841431856672,43.9170854951224,0.04290601538600435,205.89095096953238,0.001011087929771312
0.33285531704540744,0.2336442933893183,20.795002462519538,3.0122868072666638,156.44293794770033,0.0010528700258347298
0.07504307241385108,1.5968561997632094,25.844244124432336,0.03170696847756711,20.25843825376393,0.0009795516164018778
0.1509482130017982,1.0892640698600053,19.692779479842436,1.5069425409316393,1386.8103932544568,0.0010440318592989629
0.07695203026324374,1.065038958497799,26.1328061565709,0.6189594118194458,185.08330589731705,0.0010179269998544433
0.15131621438156892,1.20406601719164,20.335579572140944,1.053522716909486,449.77434853158405,0.0010234648580340674
0.29515241014302923,1.8475131745162212,22.034677814622004,1.2316666376880336,884.6957393520827,0.0009647280965573241
0.30090071576776656,1.7681882529346815,19.833557438749725,1.3050419086603253,409.9845816265511,0.001001047032704207
0.38071987738383256,1.90799576557488,20.51716645520257,1.6884272444388366,562.5701408023475,0.0009429208325492783
0.17842610599546613,1.8476743442028438,21.328439067349063,0.8076553098949492,745.6141764620327,0.0009324925678236957
0.34056212662373003,1.3887721925039427,20.00225749927127,2.3362004426308314,654.8591266494765,0.0009942042313783542
0.2380665260047126,1.3995629248063377,21.916067914701742,0.7926377292552423,531.0189087692158,0.001149219047066817
0.17726075850337478,0.5791518352001178,21.146014935740872,1.0479999108500757,42.38892324933074,0.0010575500714618317
0.08441393606480396,1.2382663837395105,22.258385356142412,1.8721646712967037,70.99267595018506,0.000998417957037893
0.13934433180300113,0.9296403351560742,23.21170852144332,0.28380981716371817,68.83513341140224,0.0010878713669970103
0.13773802507412994,1.366761907833022,25.964333297376538,0.12483927768918864,186.46216491831825,0.0008479383512982574
0.13858202313038032,1.6672526614416918,22.08013253064157,0.2565391865363455,84.50142779820982,0.0008451921164956714
0.14346044803526142,1.6366887744266785,21.564605952771547,0.2634048674814979,98.7485906903878,0.0008518560035366248
0.10336603431428212,0.5298324913986151,28.108323561405918,1.3004983364148353,859.966601520809,0.0010332930592388968
0.08049526899406413,0.5947544996596388,29.829729607876914,1.0486215328751065,485.722609075761,0.0011153130993915
0.1979154708896338,0.8522569201757595,24.63478022688919,0.3253616159954939,472.83395620679653,0.0009217999230627374
0.1692095293916831,0.7843081706598494,22.84173850673499,0.7653212752087982,447.2315676044534,0.0009881863226375556
0.10863787787963047,1.4322500931346263,23.746456460472906,2.4174662131146745,695.8428716630642,0.0009222032263523179
0.1294133770141281,0.7564856465298183,21.270673650942317,0.20311586127082382,417.5019431996129,0.0008331656511729355
0.12747997352638296,0.8709410353115598,20.242406941505195,0.2516759548292872,526.6474633631451,0.000834210476668707
0.14775214392488367,1.5376523157376605,22.68856536925604,0.4004001795826706,371.46675257912915,0.0008859957404120743
0.2361452512928918,0.722206046848224,24.987055756263985,0.1524445671743825,23.231377391341013,0.0010237400054277858
0.08291661726091103,1.5262434431245713,25.199650910290735,0.2247794870445011,347.53546412798636,0.001166517429637159
0.026983374098376034,1.595780089266653,31.390957739065016,0.793362123452394,117.97707350592947,0.0011506404700209886
0.03168579632074572,1.668838258519263,30.896161066095885,0.8329396451427081,81.70471380439032,0.0010998755655130489
0.04022489661100797,1.1350575006801182,29.432663058275963,0.5034691661921243,108.4393868497651,0.001079481838490237
0.095108881871014,0.8732294559485684,22.043977309417844,0.9117419538821921,75.70495801186176,0.0009107912949719786
0.151797025707406,0.5541902412296652,23.854383920083436,0.9042425258485165,36.143132235914464,0.0009104365585197539
0.10699863568060393,0.7718377033661173,25.367108584174026,0.9364506795715157,835.8323402055389,0.0011316160821667077
0.17422978756055849,0.9301415784264824,20.569272632409636,1.0674873498104123,195.61828005342667,0.000931738328171849
0.14527920470230027,1.1595525082934064,20.396331846584992,1.4446773907581514,126.58594853333796,0.0011006596560369864
0.254097714413653,0.9257007825696344,16.830674069792305,2.217939265530742,106.0622439376223,0.0009717752688807468
0.1340703386413902,0.8522761598710077,19.674640686848697,1.7582959839234074,138.907508666557,0.0009947555822366783
0.09700572322594608,0.7800281021887746,26.6962423223869,0.9101171012706033,187.60686047402484,0.0010781661260485923
0.10346941833134081,0.4258403696110014,30.218478320190286,0.5052725642912184,796.0521769780239,0.0010357464204394842
0.22553168313991132,1.6816073683797852,19.539579124790265,0.9946907462493837,175.88313965249148,0.0009795272643459351
0.05392126457102313,1.5719196024067386,25.971335256858662,1.589765568217834,118.47572929214081,0.001076874539203694
0.02761288669228649,1.1141201160453191,28.529179614672824,1.1017440208643812,856.7107940218655,0.0009734549697495299
0.04234694940260312,0.9818886671033443,30.111178548068995,0.41007507748388966,865.7324999061117,0.001044694421601643
0.11843303799113512,1.1188425947967002,24.6367900936762,0.95708563439808,48.74520099753955,0.0009629688081342293
0.12864938605151388,0.7730996367226922,18.945084617916045,1.441653757054408,77.01003820267914,0.0009253740444301621
0.10544881821115133,1.0051282991413895,22.23239207678846,1.450754263829554,60.16098127205544,0.0009852160513622776
0.16393844353061696,0.5019507254655404,26.436399437028214,0.9813550638580464,220.48392028148035,0.000992484310858403
0.19021851962139533,0.511665364031093,23.341143570316458,0.6911988829726144,269.2707124140173,0.0009852443883781967
0.12200890451279497,1.2734610864733011,22.252359341561647,1.4714669675683456,666.3759568707086,0.0009994386285348271
0.13879248392502733,0.5768046245257642,24.577013471627577,1.30529211946458,348.57771635645184,0.0010830281348166413
0.14393872401620303,1.3985985620517212,22.033476953222056,0.7581221212691461,590.7045312826326,0.0009134263082113643
0.06535853235385904,0.6987752681625109,25.585611670560723,1.3411535470926248,599.8054022282328,0.0010778663643049163
0.09956042313258533,0.884547226387843,26.85508337081735,0.6888508012200578,530.128790347506,0.0011897705586894607
0.0721211168110101,0.8397423539271552,23.365045598621084,1.6916595835929935,736.3991030287294,0.0011004648620546458
0.14365114714379815,0.7120264283777683,24.426008129802717,0.4731824572685129,276.6998216622075,0.0009103137896218599
0.16877809554628365,1.126983879806404,17.78690641016142,1.995727345155017,499.4269759569413,0.0010000877833315637
0.25405390747270074,1.0063368048812993,24.563857386033654,0.7162596341585773,365.3319483781051,0.0011008133684295486
0.27022248430599854,1.0209250313503493,24.657514859606554,1.0540298534896904,588.0195458157989,0.0011483572658332513
0.2283169050336944,0.5650461107327517,19.15193407405948,1.912345289870343,532.7501106321936,0.0011041082433181067
0.04973949481765996,0.9442724755964453,24.511245432416732,0.5920258967375185,118.96250431390969,0.0008929745270653607
0.09552662482511307,1.2915409577528323,25.700834651124072,0.836369977947789,90.66172352481675,0.000976952068100619
0.06159157916455924,0.87810724021642,24.843848384878683,0.3367368183687851,91.86159774358686,0.001033941590827197
0.43084584562450046,0.7857734238035055,17.703810753569655,1.7380008238698015,197.4454120809357,0.0009649739376022133
0.1844136043543696,0.6783140762352354,21.86816320166692,1.5495772130212344,246.55824552564752,0.0010261239982227318
0.12132313004974513,0.7051090473084807,22.97035890027552,1.0281925845071076,967.4448423554915,0.00102064425211541
0.15310007453798924,1.1724492174786456,24.5069667592706,0.25895933591147213,355.6281943190896,0.00108516796440735
0.16193727181227527,1.2177275936395586,29.55832911063242,0.16414496580728016,266.1045354104888,0.0010776196690262011
0.30449875403547483,0.6864513865075901,20.449595174066683,0.15654876618485053,1127.634938066271,0.0010417564340252984
0.135697359397472,0.8121433995034124,30.58322469830006,0.09331887127005377,396.4680247295452,0.0011023442839913822
0.15074114242152167,1.4920705070372904,19.03447235808777,0.7718515368520935,441.86251403058907,0.0008932772102025158
0.04462641803749081,0.5898728611348726,31.440952550968806,1.727218767697535,239.31246732759422,0.0010190107891811361
0.10145467578103547,1.0938941292260587,22.790068973072547,0.9249619359425473,39.410081324384954,0.00099646719238251
0.2594964224251602,1.0915424183752065,23.933163892205922,0.034992213999167666,332.8401603890153,0.0011483024044664047
0.2119864814724125,1.0243255268997065,21.231895724141683,0.1328726672293706,82.1572961297995,0.0010929863808527413
0.1673703321034729,1.3972548597119923,20.57580357547132,0.21606420771956653,384.96797819814856,0.0010313812780582312
0.19670127865816925,0.8730181019977888,25.895117449189794,0.4998400167214404,27.758742600193674,0.0010944864133384665
0.2990043403250088,0.3324997923547784,21.14576361138068,1.4316823070113578,109.99285159534325,0.000971863733696418
0.12493477558568915,0.6153721865850516,28.593816699818007,0.7263153134705947,897.6730681203044,0.0010571764892815252
0.06097829792296534,1.273924485021729,22.739527657097195,0.0795993632717269,496.55962643688406,0.0010263317226157323
0.0340382137258921,1.265110556102616,30.307947485278476,0.26815474942921946,300.64111157144526,0.0011943913049686054
0.363875335342405,0.6466399076774006,21.426321398891886,0.09003318239036806,751.8229637443791,0.0009929573335047902
0.047378337484497046,1.3782671908318462,22.860839956703067,1.5224238413609013,188.94186396015934,0.001137351980220276
0.2697585685568785,1.1196839289397194,20.70665174895739,0.6842187812694257,985.915600539011,0.0008982408186791459
0.09851587224456289,1.1329915576201808,21.972389062655473,2.009188615126266,348.4151995676945,0.0009546690757605473
0.03901657439899967,0.7823909901282365,24.795425451468375,1.5412851083203871,352.0048922448361,0.000982856902335651
0.03903676452869696,0.7737017247463618,21.838547266475494,2.485185007375123,313.81088288116246,0.00099368574031596
0.0346544294559598,0.7872567564359358,22.385007951828545,3.4982720240613454,219.4104565944415,0.0009395971172544332
0.03702175039232764,1.0978396777414996,23.289446006905223,2.4032080188652043,291.88270146191235,0.0009446631899955588
0.07455471919478625,1.3980851158357424,26.78068509375403,0.4496568160742097,490.0530950103963,0.0010234395990092863
0.2620521692692216,1.0066461549842851,23.966559370303536,0.004739437546894767,209.54367815766545,0.0009352956054649235
0.22726941154969288,0.5047087896292083,22.604887748940847,0.011434573562491002,563.3313205193813,0.000963892717197906
0.07122543487424765,1.1573540044076573,24.03829348873076,1.1554873216735406,434.1925946160432,0.0010937467050968616
0.27847434062021825,0.487648585682009,22.44411842713304,0.9112348946420812,516.2287149790174,0.0010705940867201044
0.09364404748536502,0.8409762362305166,23.80857569035195,0.914982573689502,212.1591454614409,0.0009725283608782033
0.1946972004843312,0.46468960426714767,21.541956629329594,1.2603522117261992,181.33754002554628,0.001021471724378218
0.07617027096774666,1.3051724505704307,21.472803555030346,2.2171276904283235,87.87437027587255,0.000996907556058068
0.1970116091551341,1.1463316849642746,28.337020464642485,0.19270997459621658,97.48483950268498,0.0010755101693632656
0.1721817756090036,0.818401873426452,31.40610651486364,0.22519200096113273,108.13852026654735,0.0010890584003112312
0.1088927379854042,0.46891465650440606,30.00987085917746,0.40409255157169605,159.13107374597664,0.0010509355954497128
0.016112517465123058,1.2037863361143049,20.771517608421366,1.2352899974312617,730.0242244779239,0.0009954154563497173
0.15078150418211042,1.24365661938773,27.881119541134748,0.46327654936982926,295.73533653048077,0.0009443013034394557
0.18646380544144184,0.6308220290349676,20.876829892297355,2.1380495709644363,533.5259319814543,0.000995298133648033
0.14396571653332124,1.4405223499278055,19.52133133315028,1.3987538541653444,654.3978007469724,0.0010323715103140007
0.20473414687348096,0.21939145064672755,22.552695067368177,1.584342181678089,406.08972603675556,0.0010222419403299787
0.13844421023974376,1.5721242300819407,25.233039666171166,0.5908815464734873,406.12137414205205,0.000935571290031944
0.1500156561366502,0.49639888050340836,21.083538559655974,1.5122650076257573,777.4967134333742,0.0009566103670842341
0.16227617829522492,1.5405932094018073,21.215171858306874,0.6653102931608634,192.9131591514602,0.0009332420971502439
0.2650745649367658,0.6437874130953801,21.503694622680385,0.3019270462026181,60.22088574133181,0.0010017953992683233
0.20487232182483728,0.9785270226996079,25.77687336057232,0.3153311582554545,95.58699322029416,0.0009682336460313947
0.17381135242567336,0.63972468341368,23.323688426341633,0.21281658674714096,218.33791556786636,0.000989556828100684
0.1763035382072662,0.5276072658392138,32.49797982422144,0.2060470450313195,143.46688950502607,0.0009732060930165506
0.1881908836062138,0.25368787442794716,34.22106258968678,0.5694826358856778,99.31768958606929,0.0009770051528840075
0.19502312297271734,0.3687192020370543,31.953376759966197,0.503458059438141,56.76723101215636,0.000981319326155308
0.1662756164974163,0.34696448404676994,29.894788887383992,1.227949928829569,213.09772064008234,0.0010337012722118116
0.13501434730653242,0.4510808240964277,25.800286236241526,1.2809235232050762,498.3986400075704,0.0010015164071018963
0.19012303186506382,1.135610465943155,21.40959564154086,0.6984829105144977,165.35732862404407,0.0009329849450613911
0.11122463193433885,0.5071947425448855,26.143818245571047,2.145347447780328,55.54158938956032,0.001067385864010274
0.29188655077300735,1.2170284786602703,20.617034880263,0.18436649121853643,85.60805663871292,0.0009783322666655607
0.15759078939174645,0.30877001012588023,26.40135780164269,2.5251380667644407,301.5476624756892,0.0009546372481536075
0.20484551591498204,0.8415492151322219,22.705271016352746,0.6044385142299443,358.419076769679,0.0009163641800120606
0.1974811722072403,1.1279006810774885,17.99058583404777,0.21409568786046446,551.4923551828354,0.000888255304166862
0.05676856495541519,0.9643205663179739,41.52900779854181,0.17020504907001247,339.77259631121797,0.0010729682592102152
0.07119385062728578,1.6022021390539927,19.50766855782964,2.5235509310922977,728.9757086744215,0.0009043485973485612
0.06493791426865067,1.6908174645265508,24.255199531261365,0.6672531348962201,883.65010254662,0.0009475085626876431
0.12945030474488634,0.6960862056197916,25.158168759677416,0.7104709800370673,165.9759716284109,0.0010392777622813209
0.1269316366722806,0.7923009140728993,25.065400034988354,0.6277186189650173,150.24117053960532,0.001047810849792369
0.09541540078780178,1.0790427930048827,24.969527707279298,0.34125586413186726,221.32986328332717,0.0009815446163526564
0.11493169997650655,1.1350095191008813,24.160672107948933,0.20673505345079318,808.8575664882236,0.0010757059088438144
0.10423545510617896,0.9449594384402099,19.160342084409912,0.4099153435805586,301.99583543448375,0.0010615219870422675
0.11510794590605007,1.462033059066697,26.714212324728102,1.43826560271056,456.3526871504812,0.0013340131498070541
0.10083250312019604,0.40580683430235776,22.665316876232122,0.6396873550413221,393.9021011598711,0.001216645085106529
0.1497395045155043,1.8887921412368072,20.724218831618337,1.3206527414517453,227.44881487638654,0.0008380901695194564
0.21502774325472573,1.6237149221556437,20.952863006998783,0.2317641038810119,81.63300013718077,0.0008726929001942905
0.27066882524292973,0.615595689601485,25.287892928887185,0.09257703031366112,108.33239718157279,0.0008854839608269267
0.026750088933254767,1.548092643805598,24.161868807591308,2.9247098257621302,232.459071876134,0.0009703095997692081
0.21971262261034855,0.38323477118042654,31.024226032304973,0.1048480213589921,200.83533231660294,0.001116147499956362
0.14266291486216243,0.5949945230936555,24.188917262498283,0.2612048666876411,1273.0608348609562,0.0011265630565464675
0.2775323223696898,1.3790187131276672,20.812648484918476,1.4154283272552863,17.820077894852027,0.000971406434046987
0.04524199471002726,1.1087457689607276,27.79927949262254,1.1002817526173065,133.95292996291116,0.0011553241157450083
0.09112150687627145,0.5259199939821699,31.578827849191562,0.7613922383595448,160.58368913162272,0.000939709959524607
0.025602217247941237,1.8743829704502268,22.962819825010534,1.4350299331392222,727.7129209507904,0.0009768055389022957
0.11420253688626263,1.2485590739472217,25.10644353193445,0.8421079116180257,274.56795324923627,0.0010465952522605668
0.03259344361112415,1.1755122011375965,25.67503197274163,1.2723933659045406,650.1773472482771,0.0010889811685112728
0.3759589217878805,0.5861582635535069,22.752131781664925,0.32947308558153865,232.24732066464534,0.001008354877529157
0.04287881414281958,1.2876869402929374,24.648412308553453,0.5831736615368522,273.87816686680145,0.001028008234957954
0.17640225497770418,1.220017716877082,18.048559789974302,0.9158590307007141,444.2648830759705,0.0010311765546659475
0.11913647723137102,1.4025663575778997,16.414716469489118,1.103837590542247,457.188430674755,0.001008329394467904
0.07709753342284334,0.9768088321619722,26.086563937648023,1.7347198131282315,434.7032896244015,0.001137706873236086
0.07687992025821132,1.352786746097603,24.9108485199859,0.1230878744647508,234.87458989529307,0.001013025263225261
0.203623900742701,0.44452096085318926,27.45881529671377,0.9051925894210915,287.3192531981068,0.0008687791628818511
0.14527281671655978,0.8004140757766829,20.558812496930603,0.9609467362432802,673.2060515633309,0.0011234930979149794
0.06871659182049449,0.7111923990937825,28.86045429626887,0.8624355258974074,340.809269773044,0.0008923107071973837
0.2714137257907273,0.4369722054459323,24.324972790852282,0.4140613885045506,197.98975632747064,0.0011445990568201387
0.07691754756127,1.3052608922659783,20.47123208439004,0.96585935619485,823.8965734509852,0.0010900178970903915
0.18692775414076432,0.5679816412392604,25.20059183399912,0.3000848373291741,169.47164309057507,0.0009920256577324981
0.3202739149169537,0.5129275723606715,24.115738468025576,0.9123089494979688,77.3698710251146,0.0010289029150793432
0.10722614609644675,0.8827610914633388,22.230970692209173,0.958711210117807,391.819769670078,0.0011146285215172707
0.3001955745199947,0.3165184820139199,25.16494686857715,0.8375766030398808,570.7969683912916,0.001033682476145685
0.05658341215673467,1.0442117312461967,24.62282197360485,0.8336192282101192,499.0095151489183,0.0009011409597818318
0.04556841564634135,1.0163779593237914,28.437420835603113,1.329462158930479,805.4917863659815,0.0009091311825706858
0.051940756425539476,1.1817832241079993,26.77028281820567,1.4920697210786256,362.8244829886173,0.0009242758374919162
0.08377317067424507,0.6295750533527954,28.916940930617137,0.6532127896450999,724.6090554196978,0.0011136942544655573
0.08249391220276645,1.363062282583214,21.25124242006911,0.771716703393653,323.65483111634893,0.0009649049869571362
0.16870026915473801,0.5030839182295943,28.589005004255853,1.0812237426959828,205.03043584537602,0.0010286300985612885
0.08777666086063499,1.5140272059113227,22.03458391301911,0.7731307840712098,167.93667594069677,0.0009853523609758667
0.4206753969764911,0.39658264708865654,22.50763681198205,1.54532654795411,435.7603278138916,0.0009385225071272792
0.07053500102539144,1.7274400307347362,22.645581247443417,0.5566090252371819,84.94598792116925,0.001030953675305404
0.02323842393719795,0.8882210165216788,28.84832865952175,1.7414157314597982,645.3952050762833,0.0010659209713147907
0.19010921088465424,0.5521800909955018,20.700446812430982,1.4613505008488468,241.04691832794992,0.0009648124507497762
0.2772861585428562,0.6485186539606409,21.791644168166524,1.8905358107821215,309.2299318576675,0.0009814462833360258
0.24379284295880305,0.9184434262251343,22.293655975708788,0.13801455365648313,592.0500291908701,0.0009937895489537606
0.29984590760700663,1.3716370921389511,21.481156920513797,0.16163523651823328,285.5022175646253,0.0010146743136162718
0.12541626395582325,1.8295174854068785,19.359734180574332,1.7440737232057233,589.6705826837131,0.0010279455700440729
0.12042149061286521,1.6652530149317022,20.941341186955775,1.0675541388487182,637.710109391254,0.0009832194989193078
0.22390681270453155,1.3298780751352697,18.815438254134627,0.9304822391260262,126.7964709220684,0.0010287497035399477
0.20132032044164952,1.5969420353297175,20.74520797103677,0.9438337633549098,164.9239844501596,0.001162522661830982
0.269558738809073,1.9334029878960906,22.424421347667124,0.8983203505281057,87.42313014000398,0.001175685064901487
0.14778390525755222,0.4231324532591516,21.994260707942384,0.8080020114156169,410.1824825039029,0.0011983130525173218
0.09355467959753692,1.469297970439277,25.506043267251233,0.8053523565828634,629.9629996087571,0.0011284112366472328
0.03007691517333586,0.9727784224187941,23.14116649803825,1.8340843711659065,60.0580232488438,0.0010853263709771294
0.0678177679587041,1.3454313684725776,23.513628610991937,1.2004732717744575,101.88277224050415,0.001071713709239844
0.18779904916923582,0.3955121008108817,23.40280028641787,0.9916594588920621,1085.340435354966,0.0008620808896771823
0.16388091168854318,0.7747074742470461,21.347985910754605,1.0939435457418192,229.8611053935533,0.0009419625353404122
0.13140363330587276,0.4713619158588171,29.473778210237278,1.0130457437922864,276.91457812298904,0.0010292979855215996
0.059104823408692775,0.8882109007405755,25.08785175294043,1.3196565886344545,552.1904027839554,0.0009904361419218338
0.14393175341558054,1.032149020533921,22.227543509051028,0.4808559951984639,38.01954506219712,0.0010976734704107303
0.26457167339926707,0.56062376263951,23.782052183064305,0.4155014553936793,208.07491846314642,0.000936218290862777
0.07698513619511813,1.3142489375499073,23.724882206872465,0.09942167156850411,640.9709150565429,0.001127777966013373
0.054582968613977566,1.0890510998877816,27.34335672626827,1.110778954474544,333.71497759306345,0.001013835387258872
0.055660866820454444,0.9087177438438635,22.95763552415727,2.3798743413586942,208.20859742154468,0.0009507785386799853
0.04919468517638994,1.2320502070941957,29.299764095764065,0.16733165173430575,842.9904287747112,0.0009644580899630196
0.23666813532216252,0.963270324914155,25.34899566619432,1.0119407444053365,212.89274063022063,0.0010779969364966809
0.07094194111032132,1.5076170900498826,26.048783259337004,0.7928505219032015,730.9572016161925,0.0010034428988958861
0.17191605194078882,0.3030258139210085,24.141771686188346,1.7235359363866416,425.222627153238,0.0011024797224903373
0.2092709747679104,1.312814949689484,20.67447503050826,0.25768672979215246,19.86197574215609,0.0010009788527460134
0.14939822375072667,1.1600073861162992,20.022997058886542,0.19473452059542035,20.529698052167692,0.0009899896503216966
0.0869003203514655,1.1185526411364377,26.032904386814494,0.41243200316430584,75.1114790118864,0.0010443531066506766
0.08642381014065252,0.6006415789502234,27.686554528148918,2.501604090690911,74.24880768867452,0.0011250133382248821
0.12708164669442848,0.767068727403334,23.56362947901592,0.3473034213448831,394.0629810532506,0.0010209848985853922
0.11187411338474465,0.7706453077106354,19.295023649563944,0.2527036496968796,436.4458209407391,0.0010196491676264636
0.20498673240225415,0.7537736215093996,31.53074459721796,0.11059259486003499,411.8811193526325,0.0010488945978300978
0.19826773349583984,0.8686468396595556,27.299975874902863,0.022432691428592617,112.0063208069726,0.0010633074037354902
0.23197432502883017,0.6860816142341696,24.768568476577663,1.1465427953266474,125.1986513338117,0.0010886663234014262
0.17830099457177592,1.127961884051512,21.793369287285724,1.2590019987848358,152.09450146312398,0.001055330213871411
0.22327117291121498,1.2529062224889953,22.49640053698409,1.6852597710447794,389.58475443417876,0.001061263070764697
0.18826564752524969,1.222928010721476,19.118717076859667,1.1868216711327026,485.03660116727895,0.0010659719978333435
0.09663117219995858,0.48511874745632155,35.37443560296812,1.0199546896332878,390.6879302297164,0.001056131791981687
0.26365492496653736,1.9226991190722535,23.46448546051683,1.0271768992899293,510.1743584019474,0.0010062993669803363
0.12753535364237537,1.7850891026098956,19.90395437051,0.39020092699679687,142.631452685686,0.0012025795949397865
0.2983004389874841,0.16107386706706067,24.367673133239194,1.7556175066629662,742.4010137967172,0.0011078065067518328
0.2059097827171961,0.08804969850045453,28.427164295829304,0.4588852151170644,515.3088667738997,0.0011197272743641835
0.19284184340594826,0.09146676564126968,25.703764169754493,2.1290720428066345,441.2136974079818,0.0008936684752058584
0.22362979855222379,0.8128703720717295,30.39230253891871,0.2913280527206314,863.4550158181412,0.0011007660160381278
0.1118708732499615,1.8645757005908057,23.461167748768418,0.4352243363603161,126.78464080295056,0.0009523737692221062
0.10473818425090803,1.082322445197711,29.001991692236956,0.8728281539989886,387.04609605712517,0.0010169326991892689
0.07455303198260937,1.372026009313029,24.529361057655436,0.018423635538900238,784.6289481435061,0.000925682834987877
0.0839103832621723,1.4821802187227868,30.675072063093335,0.007802619304734632,486.4227366424715,0.0009245078000932994
0.27262301377893766,1.1816171223923677,23.23627001003408,0.008202016598871402,305.414503585739,0.001029877713516596
0.044545636523821854,0.8220636045964016,29.942667413327097,0.18921302005189172,572.8734662065388,0.0009926456672456287
0.06751258880371654,1.1288396729483505,28.349559207902885,0.0350280620651659,871.4526188677078,0.0009186009432833795
0.16784805563640126,0.97685372211,22.996390748309686,0.04234941073851414,188.02170157608276,0.0009916021042800463
0.25592674251119474,0.6479071743401913,19.160944979909775,0.17861926575677922,831.0947116553862,0.0009755692411610771
0.18519968649214502,1.1975169862800605,23.586485647838675,0.26297121863229944,925.9528830979148,0.0010181265781980787
0.13379541021052324,0.6316678413485979,24.847329691411364,0.2332382033028143,274.2597606499639,0.0009731046279278222
0.15607678141875644,1.4403548967047153,21.264745514798218,1.2092473664209613,225.5867289571885,0.0011597038080308597
0.0782323268087282,1.5580754521737643,18.385094623637077,1.6603508328665915,1088.2934406709708,0.0011926674467955568
0.06538625703241728,1.990464843048516,25.731987575662867,0.3866378650201559,83.92059817586306,0.0009497515102760339
0.07078192546811837,0.8944239602169767,39.405732122909995,0.6343864694458314,1101.0184653999263,0.0011925575296126492
0.060074861839099034,1.7495608632867796,21.54222715586573,0.7483785298201957,63.60553124327646,0.0009571603477128061
0.08277948427811749,1.9266203960279884,24.43291317262565,1.078611308395931,88.15619052810884,0.0009463327811042115
0.09565951392304589,1.7246730157527612,24.741358824049108,0.3327750342923141,30.73472747268963,0.0008661383972843651
0.3071943689337872,0.5660997960854808,23.527798705303784,0.2089592007323613,144.6354672273921,0.001045028131036195
0.45045166611726395,0.3970312874190269,24.527469414095552,0.5482127132311904,140.1819455197547,0.0010184842305665863
0.03915410011065428,1.162821610467297,22.647792285664522,0.6221431033471148,296.6548373811817,0.0009436140432910256
0.109301684060732,1.5681618667336723,23.023426372718507,1.1956872484106233,345.5767053943969,0.000991093286749556
0.05715455180316116,1.4409251946532982,21.527409535452502,1.5083132968052368,174.87403657223334,0.0010536620056501218
0.08921872847939193,0.9143207046505327,31.336713488023502,0.14981171785869735,665.5906130889274,0.0010148973502140425
0.08253931542366622,0.6944646784823076,29.765162550077925,0.18285262162836535,988.3198500896412,0.0010564740182544702
0.16393438425785117,1.4573006544943634,20.332004769304078,1.4657639657527057,173.5067875898357,0.0008551714378580718
0.16582326540270548,1.454913744239691,20.662348867613655,1.4236552781005194,194.66214294703386,0.0008780127965911342
0.20261114314615905,0.6536101620820003,16.068871751781316,2.4494364806037936,442.4792871560154,0.0009346612558753862
0.173842223763714,0.5680528863361004,20.836403656699055,0.07266364779404103,295.5658443845227,0.0011380905254608164
0.10512616476661518,0.8750059086275891,23.742778072850292,0.09633510330728272,413.44753947681096,0.001078725509017646
0.11455470318170698,0.7825836008627423,28.780770811274362,0.12179578898838982,248.87660957348933,0.0009024016325300695
0.2212086619125717,0.7997092552527229,22.74368624099499,0.2266380724434551,621.4338481577603,0.0009605280376028241
0.22113987053828413,0.8694504031020263,22.872340976628934,0.2629917370039136,722.0620238965672,0.0009677426140467135
0.046161878121573664,1.0316180834101032,22.675144668037703,1.2876897257478577,47.47191996667257,0.0010068887648399631
0.11904664153751889,0.7215542001559162,27.138474520943348,0.6681733023145844,4.131108811158939,0.0009649467528426625
0.11769537301605582,0.8209982184432911,29.625252048783477,0.5389373999558159,7.698689418853549,0.0010172024847306187
0.10298947850373147,0.4274075607113326,32.5737762936727,0.4700124155265631,6.018485782870912,0.0010159309052767509
0.2253517915976066,0.6164830288795786,29.73845351783786,0.7966920647661722,1087.562071817173,0.0011049503454470143
0.09555624749307305,1.044513211722196,26.696069295596843,1.0511836949412892,171.9941013295524,0.0011879921739238102
0.14198917302459826,1.573006454119895,19.88438248986229,2.0182854971974744,960.3296743404389,0.0008681647801262346
0.12221395452935671,1.6807114405387018,19.638816080312644,1.2085561823983038,550.3956700472964,0.0009314397454078538
0.1776993448766594,0.40653311743110027,31.25639249335419,0.10879208179083726,141.20997781612036,0.0010277390418142747
0.13925723038214546,1.181127869892015,26.146225786908914,0.08480049383158725,431.2860726285529,0.0011229623922114358
0.29356751060122077,0.6874271807781716,22.02298435012589,0.2494317330245517,759.5748084678133,0.0009720889317279966
0.23310841324279344,0.7773039424457574,20.910999563242097,0.38285977991698766,739.1198495026888,0.0009790357258381475
0.0564119080813267,1.5096007611336604,25.11693742597998,1.1011961999461124,61.65822946831928,0.0009931827807913057
0.07356887222666394,1.3986809747912954,21.970516581304672,0.7599203303733097,16.91205398521023,0.0010305155252242392
0.1007996750431185,1.3615196094442559,20.06729910341567,1.1015723192039122,28.80840000665418,0.0010460732615405215
0.29949170823397764,0.37658730653879424,27.728625693543883,0.5720442356139285,1013.1168820224877,0.0010153358190237495
0.0700965471402281,1.8380041275672203,31.439585414560852,0.07182994122391126,86.60713125285858,0.0011461164920958426
0.2955751149575902,1.12218296284848,23.071073203287717,0.02596378208054432,228.91222414150332,0.0009173159366648655
0.14930889064875252,1.8204720060981032,22.98181690122221,0.031049914268821272,378.4107121615987,0.000984394592251694
0.2066774552618898,1.7380186658619095,22.19048681644922,0.03007208964012007,846.054991910656,0.0010762069505238351
0.1649867992008324,0.9290374101258393,25.060627485100206,0.1638998940022974,341.08291561929144,0.0009387354859481296
0.20665376907149707,0.7020089263495183,25.747710869630065,0.07154297502196179,218.84473335239173,0.0009715475295915903
0.20459629449855357,0.7229099282954129,26.500667054605138,0.06793211206767466,196.2234002285051,0.0009629297093828059
0.22437172983791687,1.3251138804174611,20.92122438797474,1.3116840544358095,468.0810887705327,0.0010428191064729413
0.03802161651267562,1.0141071270320074,37.6373740414976,0.5690072842325229,453.51565856392915,0.0011580733669564768
0.35913246364265217,0.891011116046702,18.624278837542647,2.647187482126704,529.9847394441241,0.000932829956863894
0.16342100051889535,1.5740585409951309,17.762930446064296,1.9533002744541847,800.8642920544729,0.0009504000194372781
0.1806856985094999,1.4594848527233883,16.575707437456455,2.565518741529794,681.3072665785696,0.0009569033127809716
0.09535332999487667,0.639000420886617,25.91359500015956,0.32765789063421236,225.13976701404403,0.0010713368669402498
0.09263215272296536,1.2342020954778607,25.08096152263609,1.3977174661014362,258.07678953273484,0.0011271809461159488
0.09297651996250506,1.1020848335226532,24.754637665248417,1.6415218868920103,341.95690858084976,0.0011340559258480902
0.04411093585533717,1.6256819342824944,23.57074016344614,0.7423602611017289,1002.0031208010219,0.0010824767996325333
0.02177115426415767,1.5951624012618137,31.388031241331483,0.6849748057102731,946.3622984902503,0.001136164710527038
0.07892751914641517,0.950624071643328,22.542193010377744,1.036685244931326,164.0644136674632,0.0010355975375588805
0.051295475238410645,0.951427530509439,24.273776891267907,1.1347794426424798,388.8431397263654,0.0008407265204572625
0.191656825498585,0.8008772398639608,22.490724772767425,0.16961452337814847,89.22815208372546,0.0011681727800151955
0.09665368278464424,1.422350593570671,20.300120452902785,0.13360393314629557,472.2315079631005,0.0011412179028346323
0.10982868182412074,1.4964964470398632,22.19864312506853,0.0287175768609899,775.3598606941002,0.0010934313069582854
0.09847137976329828,0.6515751276960693,31.68558598563135,0.5910688955922818,92.37750417719325,0.0009192558847220077
0.25729848409994066,0.24918643348096498,28.657011587151153,0.6705885148089319,1383.0705720812175,0.0011769275159934092
0.3727831251823406,1.2290090001347316,16.34599363678868,2.372450529136452,134.686751354219,0.0010391269043069438
0.2951958821509401,0.3732938434977811,21.506857591306897,1.1650883243109875,163.91557378849603,0.001063827048461181
0.041588437068825465,1.201678639231048,33.34289866929523,0.665628310162503,281.21788632764424,0.0009115681802464868
0.04271173442686362,1.0403682583175407,32.69754366637344,0.6201917077915678,277.83974743320175,0.0009191329815945534
0.030096171125092826,1.4518343368003415,29.98554850931377,0.6340403304160953,356.2443195102826,0.0008036740895444932
0.04918156988463711,0.9201472792917352,23.193476549312702,2.6106708652707455,353.0182355433567,0.0009539629486080424
0.07152389749562696,1.2098179666616449,25.62026334120925,0.4299932323094501,317.28121530083195,0.0008928539908342875
0.1835741617679904,0.11248103057144927,37.38015583272954,0.6010213635078399,758.7583877612261,0.000992330287313855
0.27857425927815593,0.7226569581844932,24.950770647491538,0.23925702108065716,314.4642154075027,0.0011173527413247458
0.08720820474343793,1.3377985372276286,22.23436898550217,1.52863820700346,563.9483454897199,0.001035495725881614
0.16479030611313175,0.43411047479785314,24.987321617704822,0.5384193771734705,331.23204992192603,0.0010303655187759407
0.24530853635633265,0.6316907993323655,24.835377650186786,0.2462963703292896,833.8043954212355,0.0010388654850620833
0.22446894274310988,0.5938768040927616,24.95108920276062,0.12527128076252086,364.01836586149506,0.0010057268126502353
0.25992245440706063,0.8326334251030727,23.01592582819969,0.037242414776630796,614.8366936542548,0.0009712541566366619
0.14288741875635524,1.0935658629032545,26.152943468427818,0.15534561983028064,169.99575997556744,0.00096056254664133
0.25048283804195515,0.9378781080019669,22.668344033058748,1.6699539152799137,320.3760326986986,0.0010392514351123675
0.1244155768614042,0.8991122356976043,26.22569181101333,0.37552193656794763,162.00692745408975,0.0010848584608659072
0.21181495144327822,0.9569082620788105,24.522912410542023,0.17476578218575153,193.01832737736257,0.0010881395274960888
0.14124003384446002,1.2282919435784718,27.24964894458835,0.1626139226979172,169.91520310895493,0.0008889616967645761
0.21346470657078498,0.5755457280333319,22.176182403654646,0.061092692575744165,252.0449597523233,0.0008800692594239647
0.1729067985303366,0.6863499960129121,25.97329994542267,0.07566217984664442,218.19618940832737,0.0009923929792067425
0.25716867841319213,1.3064218824104468,23.756376645090903,0.39486086852489727,1084.678457433664,0.0010746424359744716
0.20722812420909484,0.7413056108544106,20.98726893630637,1.435409070507862,381.2111099621312,0.0010376987105101987
0.23114793873522713,1.5642976647175635,20.370645069973282,1.7124005436285819,989.4069785827784,0.0009905207831840987
0.12263446433539521,0.7253742953168116,23.28058084874057,0.5426826792329759,237.30558811683673,0.000970200907543146
0.07273844115503166,1.6114305591416505,20.727008290356626,2.1669476621223,277.92592104329276,0.00116768997383542
0.07826161252739532,1.0271700612670382,25.117855349561204,0.035940460120830214,828.7902413076968,0.0008512540104518197
0.09014056470553804,1.4977930746431978,25.803124937911594,0.005050140211184438,241.97836037184095,0.000996338684302075
0.14881767485844008,1.6514676289126404,22.444310631069953,0.014121052244983622,408.4221135882535,0.0009401455375612027
0.24064968336979142,0.582217949924693,26.27692992964993,0.024283683844485583,347.5136251280933,0.0011693853006097157
0.1454545017567773,0.9417814930882846,22.369857036627074,0.021617669961877625,1113.047651371775,0.0010840038003134633
0.2573591693564476,1.1783782490314851,27.710127955580898,0.08407387987135104,6.282225808564113,0.0009991656842738578
0.14662638015589574,1.1751669657459825,23.184478747925137,1.0009795168836506,3.1089298459933907,0.001038553403749523
0.06467039400716293,1.1834486282841055,27.00678032189809,1.1101894992820798,87.97301719702699,0.0008367237888611334
0.06821159930109275,0.7083597344889625,24.93963326300394,1.5967434551259088,105.5137925670683,0.0008622388884322208
0.03775338551256167,0.3326298695760646,24.024874497395306,2.040107832907578,85.3621611357274,0.0008362545932955344
0.035999906071275706,0.6672734703892973,21.000621309773038,2.534934912448825,81.37837706529838,0.0008314624173677221
0.05683325352659531,1.8632880148653386,29.86390870063322,0.5287252931433707,37.49294451158931,0.0009760186879527188
0.026791934274371,1.4936697188476173,24.299464187004805,0.8880177245552858,971.7965230144395,0.0009998153200017545
0.3745866900287218,0.45120682205827395,21.51768422853034,0.8758095429552302,80.04840225038166,0.0010091781804194807
0.04407126053389979,1.186835364651873,26.475880908225186,0.5306496946495207,113.10392583897904,0.0010804375403458998
0.03828081700639018,1.7757823713516039,23.665375436215193,1.1085255445368085,242.5440826141968,0.0009544840623407678
0.034362966889874946,1.9248976315852517,24.443221230094615,0.9708439686218361,112.07060362673477,0.0009163353573116916
0.04664550409473543,1.9783817187322068,25.58338145794322,1.6999518094079387,272.62265861520774,0.0009546597187082497
0.08813434126193923,1.5780708949486844,20.081507698441364,0.9912718476146566,204.446872992117,0.0009889419352247003
0.07612381964822802,1.8840279722134807,27.27955324161107,0.49003599555453475,225.7291608293705,0.0009514964281895936
0.2407780458185998,0.583087310861204,21.150223435359948,0.05345947263670532,183.56010104370287,0.0009053782288383589
0.18636860507532205,1.0010761402561514,28.806566290544694,0.29641275502807424,420.2997476948238,0.0010091732094274412
0.13782631598843662,1.1103940799474632,25.47373850955389,0.494458650009735,346.62518496308854,0.0010367497799462703
0.17388347944037263,0.44850421489751763,25.310356349282895,0.989691690109423,29.631572276251177,0.0010062532278662872
0.13358390864305003,0.5236270197504884,21.170844318195048,1.1585465071378538,13.764904556027375,0.0010100749955609587
0.09440326203981098,0.8649305132704665,24.340312647214375,2.0630924018174177,30.86058478241619,0.0009780749469407062
0.24324656145056286,0.9727092351362671,32.23069330850485,0.6988750803131498,197.17382237330798,0.0011328838510127172
0.3299086666841411,0.2825287373728319,27.6670577372989,0.39128446081316537,747.3783828868495,0.0010842998585136809
0.20469984408992714,0.2641380795096399,25.183102375630796,0.2490884556448766,1065.0867891146759,0.001091903506014766
0.29217985338572716,1.103728500051158,24.216938464649026,0.16254528640766783,249.77479588795674,0.0011180635812799026
0.05551419767674966,0.6166061553553421,31.61599945489177,1.7248507537233198,744.9217012885149,0.000985283271179751
0.17550275967416298,0.8181703466811316,22.279701768434627,0.3228567783502001,19.46447620350317,0.0010395181356679004
0.13532020322220786,0.9343915818094105,22.745714857432144,0.792119648797132,601.2752087917019,0.0010387242221099118
0.21115283110406638,0.6095407549190632,23.156648317499553,1.3465788310828681,373.93505659604705,0.0009473969070519159
0.16958427721603742,0.6371896766856879,21.58987004967227,1.3903305007259943,623.2352006829017,0.0009056646570138249
0.27701914150491835,0.8028498926438762,23.042699007046288,0.6387112208411947,510.9517343847264,0.0011697332051600353
0.03971158925566871,1.2585956859296359,26.108042444261482,1.5408211902875408,131.86689114097467,0.0009375903629833349
0.08616426343349831,1.2022605100883663,20.684586645676156,0.9309210154627553,91.60724386250031,0.0009296325856649481
0.17662932340920762,0.43018091189924607,28.499718771414276,0.48840551660819137,78.74681060722047,0.0009547146363753639
0.27491976675664376,0.5668778457544703,27.50315748886386,1.1462960160158862,45.34621451870151,0.0010108053042293898
0.14010895921143873,1.8941753275948972,26.028511046613275,0.009807337988829557,52.02512260121219,0.0010700028715807412
0.1799634384009633,1.0767919367803203,22.774540016808995,0.0016260862592245016,420.6947183263051,0.0009373061243061611
0.18369599038101192,0.6599742706286156,26.40279665091723,0.1410861170861553,331.2775491858604,0.001034802124880342
0.20808757120331708,1.3056227697705658,23.30550270314329,0.10797910983919175,282.161785274413,0.0008993512131738984
0.07457026127660353,0.5971797668794998,26.34594086122453,2.4347034288232394,357.44023545468906,0.0010874164911014166
0.1481005147954625,0.5554673721510058,25.9789314239644,0.24899202447962515,288.2854195698839,0.0010741859576850138
0.14598019857815603,0.5258538085152925,26.359350161811633,0.24083365738978676,247.83851903923374,0.0010609729327254688
0.11173485658736994,1.282581464134546,24.511906722071636,1.1058864290478652,75.5295633452958,0.0009706197167527522
0.11433001908132015,0.7356143546451978,23.57641890636846,1.4026563592511982,57.95891538070466,0.0009805596211246543
0.13398655943918342,0.7014178229228966,23.297725414967942,0.9161941928883889,66.59329046513278,0.0009771251324093386
0.1945108475490167,0.18678256306477434,33.453680561832456,2.1689220456693685,121.17808639614604,0.0010901059812638953
0.2579237588221827,1.4977620281225368,23.352636149138313,0.2027818166054653,452.26423016716427,0.0010061918000004511
0.2587717328682299,1.5387761775318876,22.893694364088365,0.2059955327724187,522.0870544546738,0.0010124955520637862
0.17134419979500193,0.4856451227257697,27.815183184702413,0.84686040940488,288.7730288018646,0.0011393046013962141
0.044544947841333664,1.2274400675400374,28.24089914014821,2.094167218116152,481.63306056746933,0.0009852183631975616
0.02789803148430877,1.757962641771533,25.18249469636111,0.5095531349355965,325.8947040602377,0.000923310648234794
0.021157056189431228,1.8216628036717368,26.49149189439115,1.9778970232208626,792.0478817711005,0.0009054728813349041
0.12173547538159013,1.561026357461714,21.39623831113197,0.1265184811612177,173.2379238133236,0.0009347782786502872
0.12635440181816296,1.6877959435828216,20.962677201828605,0.16372125315104333,160.85946558157752,0.0009597882375070568
0.24892728239720524,0.20182542606335663,23.951926359135864,2.1800752475141394,28.600795696609072,0.0009086118388784373
0.08833882087722779,1.2125711667290042,27.38389655700801,0.3336569497765521,229.92651427915314,0.0012180804702455388
0.0929990623315252,1.2214568448291105,24.27145566991823,1.3931153655658477,137.36400649911175,0.001113517671437267
0.15331251125657797,0.2881062572216183,21.66583357988295,1.248154030611777,184.32548694430858,0.0011594915010469588
0.21995027954419596,1.8943024776784283,21.332683314174268,1.0203924899583474,251.69459361173946,0.001429108143726738
0.2480518261894336,0.3326147833976265,21.265156892982397,0.9402542293363377,206.2223658259613,0.000984310199353773
0.19322537897786785,0.6147409473788956,21.858136937309503,1.19875662193165,304.9725335433203,0.0010008540986035288
0.13468023182640404,0.8085739955958101,22.572239280600073,0.7215232062060479,58.18513418687255,0.0009658601731707641
0.11648207824547803,1.0630648375521727,24.938187541379875,1.3189530771257747,419.65962022158266,0.0011070619113383254
0.11418271194569932,0.6448523942396875,24.86999503131792,0.14667890173152848,437.5018601863009,0.0011020173288240303
0.17652136059313053,1.2547201831027273,24.721447672183583,0.06152270381257272,264.7102764709914,0.0011557698649724327
0.19532235840981998,0.6050011750160483,25.7316604840102,1.146528458732203,432.75254242163095,0.001075017275854979
0.232409350670275,0.1276016689085459,23.68487585915816,1.8768110040284103,839.6864150634559,0.0010153265539978222
0.184684980126897,0.5263028183007369,27.344537424852295,0.6025488589177717,909.291974018522,0.0010488226177621318
0.16538310911993426,0.5826740131179297,19.5386258974812,1.644842198104128,452.96344768259735,0.0010261207923560115
0.048923204228406555,1.775246282991603,30.02493912560968,0.431205458088714,240.22101293735977,0.0010989579212291605
0.050780908778562305,1.0215727448630598,18.84108314605838,2.497472711542931,218.03921196896886,0.0010306397100017688
0.1081101179122356,0.5549665472121676,24.763912533539823,0.10837454851185979,385.4355432560356,0.000909376433781314
0.08439141589383785,1.8377462366442965,25.97211083183048,0.029709604965434237,239.02101683220522,0.0008891790351635025
0.08805914155789907,1.4961483910143425,26.418353492800744,0.015810491377680123,181.52916733564322,0.0008737245602661101
0.22268033286530803,0.7263598412870019,20.384335631866293,0.3919636407697087,341.5403633063065,0.0011687577111597432
0.08067702416176409,0.8134529479189934,22.17630568133957,0.5290088451908703,227.08522317530043,0.0008273161439472166
0.06696954898421457,1.6190817472274062,28.12568336758139,1.1965158602113721,384.10781695083944,0.0012925193347944764
0.06820381652561895,0.8709155446543995,19.82835412321848,1.8133118826966381,273.7042600516624,0.0012635813252881082
0.09592491432874727,1.3416831538240621,25.20116688364235,0.9528972167347138,494.2357186632909,0.0011052007182749733
0.19729464975403682,0.7486933990784164,23.76670438010139,0.19975490294378814,407.2577267271748,0.0010523118703380226
0.18489774753231888,0.5480030109868124,20.375870680203388,0.6903380379415465,80.65843870002124,0.0009515682299890851
0.10128931142415691,1.7475931396506659,20.373320509095677,1.7982974062066424,237.8336987846067,0.0011100662639168851
0.0424676267470276,1.2051341566127554,25.870849260454865,0.761434547662635,215.4965312509596,0.0009807518714526333
0.08004431448594732,0.6317019336905721,24.855278434090856,1.263608477730323,870.6946652600313,0.0009605256536385815
0.12889858958499983,0.9180208115984003,27.41215044323756,0.031394063173123515,186.03811151931268,0.0011549721774087682
0.08153528300113601,0.8306940671801374,25.55705117673071,1.0656245971399054,392.1968017027037,0.0010565262873575747
0.06221377999727736,0.5764768645071902,24.74323981987998,1.3897860958617303,947.6151403053518,0.0010865567308131943
0.07206608323280468,1.0398251945782542,25.40154043318937,1.1987535047782898,1053.3224203379716,0.0010306754076097675
0.17907010985407668,0.5698327616344182,24.10048765567552,0.8603152356553305,80.64743907565791,0.0009910987305337927
0.15304139689236607,1.046238907975003,24.81370015559015,2.760540766743188,29.210201720057746,0.0010621735006559427
0.14617292171746027,0.9038011818779962,22.81464332021037,0.13245504859985385,180.54962433833484,0.001132790579925777
0.2536236638723545,1.6970391836601564,21.745997299586246,0.01613765820208002,129.710319425805,0.0010971921648758216
0.31423135618259906,0.4472335210109457,21.299834021697638,0.010980141326244322,144.2527976508978,0.0011179336912769666
0.36695823354616025,1.0040151549967904,25.401808284948864,0.008248069410456126,268.8976943298106,0.001098885617210912
0.34819242030779557,0.41895057769982186,22.359802533846317,0.031847766589365424,202.0000255216842,0.0012013816936685452
0.2795916448754787,1.0741553859424497,27.668053887580854,0.19439510690106465,1245.6771406383734,0.0011043898289710022
0.12489424823139837,0.04679156340922271,31.139795739783267,0.47345159470008014,127.56139918213289,0.0010131241625908369
0.15238517381851172,1.2304891925641481,23.284516339256083,0.5396579786408015,163.51843840925372,0.0010062905743763728
0.08141944986693327,1.1532058739924476,25.26411735183764,1.9407946132085663,645.0018446121082,0.0010446811367226102
0.09347970502000127,0.8937954362167028,21.66386230689888,0.7534541178491994,628.4966816788927,0.0009703818953718188
0.16179356300937248,1.2046245552479582,17.133051992484486,2.199515264438948,714.6668362776471,0.0009572931949256007
0.12209688844649784,1.1088721078149109,27.292781095387813,0.7306418792133422,521.2569682289497,0.0011711303179962546
0.12461231356414004,0.6794083389650404,31.499898483678034,0.6751302922850201,713.4223212883973,0.001221708916878425
0.03566302087187595,1.372907175833535,19.097746193620726,1.670181582149421,154.72347775555696,0.0009147549170670265
0.04482585212616416,0.9338820300440558,26.724175282175995,1.6781203278182084,334.3527595708547,0.0009501879762717392
0.19218008947457543,0.5814804961385089,23.454881667331556,0.7282453839699639,462.960212844637,0.001064057585472345
0.1551125904192672,0.2258365625260545,32.291925873558995,1.814098357267106,155.64565828921897,0.000998795986054131
0.1701172839528338,0.46237461632238136,28.38240018510523,0.6743143337222575,77.21060667072432,0.0009976973976690323
0.02436310332397961,1.4409544899612499,34.40443877200445,0.7015313270991284,212.39827355673657,0.001108565920580228
0.0848085293786918,1.299433085809445,18.67047649545567,2.225873724585049,56.624691584892254,0.0009379652437066606
0.18168247810426452,0.690896809846873,25.177461233683164,0.2684243593009859,17.42035753000937,0.0008939779332937017
0.14862270881493794,1.2365212200455187,22.997453918438875,1.2615774749618636,28.397981437186026,0.0009053685737520831
0.21753179663854735,1.2962398353314564,24.31647630014902,0.715453510791595,117.08616794838915,0.0011376709963492825
0.23984840761023093,1.5015100484905852,23.254593635831256,1.023761213485973,86.98670804636633,0.0011532018094234985
0.20157824010479203,0.9796835404681842,22.260080481981554,1.763444018044929,57.89390406504281,0.0012276437787744339
0.10169676244826209,0.9609702051566423,22.61423884485229,0.6131801471254109,396.46663211555466,0.0008405045721723135
0.1361493750202949,0.7058897722016781,22.493228191772143,1.7182105982793805,761.0616063681457,0.0009473493551266737
0.2058624934487947,0.47906666282769816,23.59197011169866,0.5368986185965304,141.71377109424208,0.00109001877159092
0.0863569060710235,0.8679588747243919,20.015595683355983,1.02518385741991,62.37394043237897,0.0010535290927604266
0.10809801005409665,1.0997233686656205,26.825929846179715,0.956944221021232,909.2977350266897,0.0011278236224474623
0.0928781563848271,0.5378337134394934,23.35530775933425,1.5538454239976383,274.23595156227265,0.0011421331355872147
0.19786349892176494,1.2067935418887925,20.41459121773235,0.3665402291487585,6.500241651500406,0.0008731983650089327
0.23527539911017245,1.5861491476413343,18.691752077463658,2.473917381532547,565.5852357449133,0.0010052582505027095
0.08811903603143904,0.91327878424995,24.02798543132335,0.14035351138124635,418.0787072219746,0.0009784685662652948
0.08263139128173029,0.7082669845198809,24.529708275826167,2.5858979864382783,494.6396603655173,0.001017484536698172
0.09675729350789207,0.8547412862250204,22.67917607731771,0.8803669164649212,183.3143858134357,0.0010543214470268582
0.16793313720465983,0.8409048067289878,23.175361992032208,0.7765068862904809,9.531500194643778,0.0012417676240608281
0.14859520655082667,0.6718947394516396,22.590998960157503,0.9360227178181768,126.0886112497657,0.0009630271500458284
0.10001154380219711,0.5072347088208462,21.981815410465856,0.7135304122957173,104.10465740060287,0.0009762760361273375
0.1010669826708977,0.9735971524690992,25.713885662195523,1.0880134521058433,127.97201708769724,0.001004228237006931
0.16340602881750363,1.2237666093361892,21.627693810212012,0.9155250995309238,127.48412665148172,0.0009345761556633523
0.1176942954365984,0.6036207925740484,21.792632659780555,1.8168727881110496,80.88051472170574,0.0009200520048230862
0.16279058700656823,0.8257937026297163,26.365353512893897,0.7680988908172919,45.120441885191255,0.0010093631062819317
0.21006390555737448,0.551273608082311,23.117942328956694,0.4355593275128926,40.20771955439231,0.0009594880210404776
0.15755537802527442,0.9123007085410532,28.228402734605176,0.11207455011925807,64.62370235395622,0.0011660354695657976
0.1343291674816097,0.5602102230834188,24.21174288686719,1.0255878545184272,1396.101172647324,0.0009992885477395994
0.22854213587699876,0.6434384019618815,24.955387522619887,1.6528235874175201,330.00763158489667,0.0010192871479055203
0.0785440576045848,1.4572017788468186,23.86483218783287,0.4545988146813517,622.3770806825702,0.0008897135345920493
0.05838978959852689,1.9585309018327688,21.985546058172567,1.840547217376511,467.4866577661837,0.0009072965506453931
0.0646313972731722,1.5951876445311224,25.665362864022807,0.49161312009501706,365.52968807252563,0.0011220854498189133
0.036235384049133616,1.8569041282975407,26.828706157358624,0.8870937818354973,229.6057393519503,0.0010847734277487373
0.10891629869031108,0.5457521554871403,22.40381937853634,1.6887264123769512,118.46710946411187,0.0009746329174213701
0.14789450591722175,0.8132359491557622,22.391032248596524,0.49629635783337395,721.3911338291007,0.0008905443878835721
0.1639799953865773,1.0304782461375126,24.21962137347024,0.7448847543575196,297.8831361639521,0.0009308653582386054
0.25403377174691394,0.6428153322442739,21.743994239320887,1.7446593963844002,862.6725067485348,0.0010224015677527684
0.03464031723745234,1.266037809709355,26.028004035047406,0.16588150307669391,146.12707922676822,0.0010738729332185053
0.04733175868814457,1.6662796612534945,32.16146471071871,0.09428515184103048,315.7413281431063,0.001111288722665054
0.22082522220630826,0.82498112539745,23.31317820666096,0.0045789506956819765,883.7210903067374,0.001033358595917492
0.21438547791655463,0.6747501107164031,28.27929870020412,0.023244485534854278,205.6371726704838,0.0010385226448585993
0.16912065917575658,0.9046174465299403,26.651550415619955,0.05199670522082088,221.4800546775379,0.0008952661741266745
0.3508756451005268,0.633783670681054,20.08843358078365,0.24185383623393064,630.0763291856967,0.0009625349686947284
0.08879464123256572,1.099369087860052,23.553714363272395,1.7819036142162679,270.5318760546385,0.0011894032770649356
0.2164726397258811,0.9632308683173972,24.5943834935464,0.39215249116940387,50.61377573849332,0.0008654177356691805
0.11608289418219445,0.5039409793963466,21.982484587469585,2.159389313553011,538.8478345595635,0.0010552960065130163
0.057516591649648674,0.9415121404236176,32.30371440087218,0.301918144024833,66.80497099294728,0.000966987035718208
0.15253270774547162,0.27892924252885143,30.043024372717845,0.7165208313199393,86.68218235274247,0.0010928789831396476
0.0942994506466942,0.8512630239516508,29.747825801480975,1.6289749272061542,197.62387594946904,0.0010313933918179204
0.1195309504670675,1.0354507676200644,27.40195300959914,0.5093836838523925,147.41533702960632,0.0009226259774755128
0.14560868494540344,0.8037831398622345,19.28973456902468,1.0797052059392938,274.89261901445417,0.0009933360918578601
0.21531054906209876,0.977781569692583,22.292278005081975,0.8766501090066599,184.08884892197776,0.0011103112058987996
0.06944127017308259,0.6247469984016671,28.673704056006013,1.5970715523413088,817.3134540114316,0.0009282706123115283
0.07966361261997898,0.9667863922061726,21.566622611600238,1.4981405396616374,130.93129006636275,0.0009124627541491373
0.08630011772115079,1.4459457008883552,33.273126330944876,0.07133846597506836,134.8721865394568,0.0012216228895149286
0.11265813453474502,0.9004215196658735,19.23444008530488,0.13497412032648698,537.101981669828,0.0008711214616528509
0.12637720539813693,1.3807907106022466,21.27334410082923,0.06362768454263272,244.79136156990785,0.0009559291749965039
0.16701024665425945,1.3019139217241356,25.37972422333986,0.07965784490019774,202.87529544356119,0.0010652841604176055
0.24539919488217357,0.8375538871326134,20.887920559324733,0.0324622307770536,195.4641546793856,0.0011760283230807947
0.2676546009308826,1.1718737050548957,25.649675559791824,0.4302321035342304,760.0534723141486,0.0011618358780385875
0.16246348592505475,0.6993637418118126,20.454406791597123,1.6670151787877339,305.71855297846764,0.000861476161387669
0.12142836394965448,1.103209392750478,23.393730524042976,0.6443377652192765,320.82573844418016,0.001111382345239233
0.25381509247603906,0.4871625190328289,22.405043321690986,0.9004156588555892,23.84530471962987,0.0009106787124493741
0.2209718926953719,0.8489667831583149,23.186534172357153,1.1438335804103295,20.594206418619507,0.0009205983225816641
0.19728107692192784,1.2536472873947797,23.13482090959677,0.07423612622600655,888.8073708152264,0.0009630541518973505
0.18543433887851235,0.841930918489478,24.947643801138558,0.0404256273125906,90.3206732956064,0.001101592872056992
0.13787316967949081,1.1028984520283756,26.20395940547761,0.13379404151230886,753.9678160637235,0.0011109065736177458
0.10826103316600694,0.5101147934063246,25.95665959912862,0.29060242550378557,686.9193736747985,0.0010045036171669886
0.1158477209724799,0.5298387447776606,29.155884794356954,0.30729702535009756,189.47386570606986,0.000947506150937802
0.14392724986424396,0.8743782753787174,19.360583461279315,1.1761092760617309,274.00239232901146,0.0011145293347973578
0.1462126493211087,0.4610060444069785,26.286266250018578,1.0465960262684235,945.5744728824055,0.0008052857785700587
0.13859524383636454,0.3094920583865812,27.245745284134646,1.1649497432409817,1053.5480355378886,0.0008119140013943585
0.07157652712211543,1.768043079931523,20.62885371543186,0.38020293580174663,108.07649617099396,0.0010665006834532109
0.23798754278252504,1.4778657549777874,23.752348312334636,0.42704822724546704,45.92669087069141,0.0009992769265262838
0.287283423555092,1.6030419542654273,18.150841663199248,0.3780559124799829,31.867553950129654,0.0010123991901135213
0.36169264037635795,1.4830845019878942,17.510177257636002,0.4567621356902838,35.06687423972278,0.000980063446476213
0.22640466057005065,0.5286730119715137,25.795268809124913,0.8060777797432641,797.529962466436,0.0009364949770260213
0.13241267212421082,1.3489670328460936,20.906054560607547,1.3126891818320512,159.95188008239873,0.0008571706741742505
0.17124118402371158,1.773503604949619,19.277294587744077,1.5792674266303999,244.03627550531033,0.0008429694173600047
0.1068447772552098,0.35742360040853666,25.60998524390811,0.6447977398916497,183.6603312544625,0.0008157011187620405
0.12677266943627155,1.537855434605467,21.658340353942354,2.0185954187842743,584.4400920533573,0.0009035466837373077
0.17492275671591334,0.24035305436885077,24.813524914854128,0.8110621696980084,564.4398590133694,0.0010228066203754422
0.2656273949891187,0.792639290481785,26.918831237580548,1.1966398405632552,907.7043694027021,0.0009680381778806409
0.14700930531167006,1.0348832603238827,21.000354105871967,0.1950275068514697,118.59789501671597,0.0009952151001300176
0.20102429748340012,0.6267060800054793,28.847893866114607,0.06676420064718408,49.67346361691433,0.0010081312788040666
0.13430570789270574,0.9153222073980346,17.989770881625937,2.1751922388690663,76.02246685692536,0.0011670235625774981
0.23018622738127442,0.5245722814619377,22.77011262991222,0.30561366614863855,127.69414295491111,0.0009365256347686772
0.33084487736640306,0.8023156916236983,22.8580870235875,0.6123136820208884,63.898163599501366,0.000863065662912083
0.03562727426164477,1.1992814744627707,26.76118868954888,1.0899251031546189,532.8968347302383,0.001198690315444902
0.023217548828013457,1.568014713074378,25.138143801106903,1.0577832468549402,812.9142216934661,0.0010785363696729179
0.26216132014219745,0.43932849974183685,23.727931015612953,0.850774494442254,210.67538598299086,0.0008874349418820032
0.09582154763244824,1.034802684091313,24.229186287527465,0.6229774725406639,20.309488551552004,0.0010127757906549172
0.0876368625687317,1.0333252759330553,25.814279633017374,1.249910995652867,17.83915500719307,0.001030853910132083
0.1426101436787834,0.6727555804172698,22.59780257611971,0.6924938380090172,7.4868639213832315,0.000969308089567401
0.1893508996734976,1.2844616627206733,21.28162761492827,1.0058058738204105,23.210512515676122,0.0011661279567146139
0.16464703198304892,0.6377656687844434,26.5661819011512,0.8531827835492928,130.28971623445656,0.0010255045742144067
0.03268699685671205,1.6012356680640478,22.767847517967283,1.1058830914633646,146.05619495056527,0.00099966479340193
0.060669804547717705,1.1960235818199743,21.612246385493265,1.4908165374564515,111.83382657905456,0.0010859391197525006
0.2342088641289883,0.9088500389164926,25.693915969980498,0.3517085212647623,170.9738512783714,0.0009108686108982476
0.11898284017674156,0.04570650677855722,40.13247666985709,1.6915704064676158,322.0490723056758,0.0010735736735573355
0.1094898618645011,0.036134029054746664,42.65246815979257,1.5788139503692726,346.20639623426615,0.0010932759392556426
0.17421503197232938,1.9389586653508202,20.158173093578345,0.9293772411560978,46.256549804883065,0.0009478708454031286
0.09753174757330328,1.909204990278747,21.636033177390605,0.2978389551352715,35.836556575305885,0.0009934197115907119
0.0781260548002738,1.8312335596327955,21.175359518921738,1.9960278304293377,110.07757163979355,0.0010568959096793184
0.2931019859749096,0.351094032104427,24.23942698121847,0.2707380628320941,883.7753533282204,0.0008730734235357902
0.08963183659825676,1.6527494765533228,21.800639080430095,0.8986923431686917,119.06373657526058,0.0011949116077244037
0.12355816545350622,1.5623609892489223,22.11627632608431,0.675208230412835,230.3428136696071,0.0011682850640805313
0.16817114180989826,0.41996601348595974,26.130914831832502,1.2871987473737323,382.59166588159275,0.0008708355343587538
0.15884076935948402,1.1074440678851165,24.653942248553673,0.6544259804028116,441.38286410281205,0.0012309805065968548
0.11778469824675043,1.3531383126006196,22.309090811588206,0.3046123664432682,14.615108013898388,0.0009020200814816108
0.2664093960151298,0.3831052351682008,30.436407920584188,0.12375780332649218,140.0306961695605,0.0009094062626008739
0.17485474786819763,0.5187320813599999,27.541480159830876,0.1346100967718671,360.96119876657457,0.0009976550771774622
0.04122761113959987,1.5050414703547006,24.93980147325542,1.0230974621343303,39.7278552191697,0.0009023007345407047
0.043418793388731676,1.6031778322304762,23.366668213359944,1.4424285745141967,33.29547658726294,0.0009123563498983187
0.09082367390226405,1.1820493458620942,24.349071144779582,0.7696140409599143,974.7310372426773,0.0009484084907713759
0.0937714294801396,1.2627855628859426,24.944206890883418,0.7635476542952067,1088.0596163460173,0.0009426464804663115
0.271401111637729,0.5119662537817133,23.20366750186563,1.0639947262191238,255.09181912653077,0.0009484165429891802
0.34601620104221953,0.2371988703058752,25.223211906934193,1.466752180984875,482.43753376772503,0.0009111845978806962
0.3297660494296817,0.3358153417911829,25.18249284675159,0.8600305021113672,433.33757015777394,0.0009254915877946218
0.3657036009994198,0.39146411151787525,23.825444650151766,1.8159067669767768,670.2344772739324,0.0009000197071071885
0.15942549756902,1.1855369042800654,22.194268210601074,0.6077499998318416,509.1494279537112,0.0008825544962544608
0.1373442380867219,1.3455086166114871,21.546950808748406,0.3532977521193742,900.6233244919083,0.0008542395939157345
0.1557401578078437,1.227999374804623,21.57390294870326,0.47654023479237495,426.60388616852197,0.000961473335663081
0.23476990454766627,0.74291436547642,24.64335114085658,0.8251355399488686,841.3633449632806,0.0009467527125008735
0.06080370064632617,1.2074498328189662,23.76329181893338,0.6354141529587285,187.50081300367475,0.0008855637789161762
0.057302648911998204,1.2627987023577347,23.24501011081437,0.8954308822045774,255.8256872401748,0.0008315474454461466
0.18447068311584994,1.0966981899332098,23.733963119848518,0.19226861155919925,108.71290498311619,0.0011737776727227345
0.09039457890010362,0.8485345210576389,30.959841950833734,0.01614274005475502,362.22297073384306,0.0008816040351910422
0.08981676075342888,0.9347880564018083,24.11668875642321,0.46766356616995736,788.4433530709921,0.0010064505980887763
0.09110450514169663,1.3838618319312443,27.17596092437339,0.344155251731624,877.4489499120484,0.001072341487586922
0.21528698444236846,0.4080123225910226,22.118560191792888,0.279328438917024,460.7182775057836,0.0010236952309298185
0.27432379285379416,0.9645099503225956,23.26695354071612,3.04696431205761,1213.6516550760439,0.001003002202081188
0.34365628931218767,0.6015724143277563,21.276446733636924,0.16612542907925565,285.91110613680564,0.0010254009129062919
0.07255153972523148,0.8789781778930956,20.273223614506325,2.645048195543478,827.171411692151,0.0009146903999402557
0.10357295283965184,0.6789876109396591,30.093778065408237,0.17007993487476217,226.93547598492853,0.0010952749423547108
0.14148935368618393,1.2500095632772623,20.17028319015808,0.5479542730455899,611.7022184302199,0.0009766379920460202
0.2531850095096942,0.7513883708375335,24.024918072417492,1.5006906623435727,442.7884639555934,0.0010675160393298294
0.27557414483012127,0.5464044929731443,23.323421529081998,0.9892332404826176,802.1284949341881,0.0011039543342478966
0.2188240150917102,1.3749864390562168,20.023782222629794,0.5183404467629033,712.8737408626015,0.0010745067794953446
0.07675060631101555,0.5400687818939544,26.211228397493695,1.6538721823532267,309.86592493558163,0.0009388609807199756
0.12764575957491697,0.5434952179165359,27.054809209323835,1.644643054426251,141.20765540356203,0.001016087358183698
0.19163892165627971,1.0923253257911238,19.114687778807873,0.3914913522807834,859.0961324956506,0.001067187095605274
0.15698133942308046,1.0436907750245894,26.657598494371822,1.1735744562702488,352.77540755365345,0.0009795569254515046
0.14752723333284976,0.8750423610646181,23.67274121175124,0.9444703211033132,419.6412533343626,0.0010167045721913841
0.1354527153661071,0.9701938745098941,24.302280234665556,1.309525140997388,555.945941380284,0.0009553576530037033
0.1504701644652545,0.6835932169993404,25.48314438813792,0.9696718109421597,306.52700258346715,0.000978702483779886
0.1280178981388583,0.5806227629686381,26.547894595400958,1.4258408284564692,148.5145167096155,0.0008999388059921059
0.07661021638739592,1.5265365856587492,25.187714653786244,0.46803428690956056,253.47205959210328,0.0011114098837820955
0.08254026664611844,1.4426898632956333,24.413588277428364,0.3921804609919599,161.18410208201382,0.0011203070466325178
0.2926514583917482,1.9866147630011233,22.781023134396776,1.7646908315583354,785.8749197317334,0.0010621185042572888
0.1665026382259429,1.9820322367335375,18.295182394049668,0.4507928421063257,241.94165829908732,0.0010475491969731856
0.17418471454285225,1.952882760492293,20.135506461960674,0.6787492396726559,193.05296982289167,0.0011082903684198496
0.04822271586078925,1.6832016197873252,22.497362951082998,1.7438167330172385,310.4130824149788,0.0009649487126406285
0.1410307561640728,0.6759027697603859,22.28465360228143,1.165164567146137,95.7479504957743,0.0010587515698456834
0.22989473292982754,1.5908856577988495,20.629467189942332,0.40285096117590946,112.37822358318273,0.0008969768298262822
0.19551431147644174,1.6399194839347047,16.98172132162768,0.9423857963109552,158.72494109430298,0.0009954711470481228
0.16337548316029468,0.07806819863019976,37.56744640739776,0.7175346152320321,610.1392534581826,0.0011189141572863763
0.15994472357904924,0.04981163202267604,33.87258572777358,1.2176772959087656,1004.9281626491836,0.0011253845034187543
0.13195780680845395,0.2023074365234997,35.55390922683253,1.7713541381966849,487.86984814842504,0.001126212549813744
0.2117842394097216,0.8187094825837162,19.701386177785267,0.49800946377668537,524.2852150680163,0.0008142332946822265
0.0892825018393245,0.7575226094964663,27.02032513831195,1.4119809308488216,239.6370524793703,0.0009351972254268866
0.07542299905338264,0.6430351377649479,28.65139644831407,1.0795384358972826,277.0203309184609,0.001015765221400221
0.02829338410766973,1.3310527131936183,23.364166797939767,0.9510773086655099,500.35938047072096,0.0009685113738756692
0.011125936811193853,1.3622568184747512,27.59361902539665,0.29999437384323197,657.5465583668947,0.0010034868625216306
0.007641864117653935,1.5138577141951848,23.797450954430346,3.676564152704312,680.4619649650614,0.0010552330966963818
0.07066895946934387,0.6896138418341149,32.015595523545954,0.4229322498436348,560.6946116607576,0.0010777167012581284
0.05565854558919622,0.9875121878514538,21.18829349920331,1.9414854670131283,373.06449555004036,0.0010255595073693485
0.2730459645256069,0.4935149148585067,25.156549694321125,0.2937255573891345,122.4185499873529,0.0010522172947050074
0.12438291419557482,1.0205552764663786,19.9664609561096,2.8639160939767963,514.4503964451584,0.000902159744702917
0.20817289124115143,0.7499735574521719,22.50307005172819,0.5401334509293797,104.67803897264938,0.0009532100488164814
0.15093611844683025,1.1934649612386148,21.0522654162423,0.4431273854747591,19.316699889910566,0.000983896769263545
0.1846324128360568,0.7610224448850467,20.42337221618631,1.606547099361371,45.179303790333954,0.0009224415776441907
0.11326026744508841,0.3962090675670555,27.481614050575967,1.1966953671819298,288.29571048457643,0.0010167520305693835
0.07853119722154782,1.4007847322995552,20.696120566216436,0.5297658399189372,234.87006413270288,0.0009217823154443732
0.09019059785569433,1.3256721437510093,27.46768870565032,0.30537416224359015,524.328205040731,0.0009315387755306251
0.11365879696480043,0.6261452229766301,27.033571328626305,0.9436313185960391,214.32976465036515,0.0009161861790286108
0.1170270435955077,0.9878119903301414,22.893890447127237,0.4938542924149162,109.49222268995746,0.0009332152364337237
0.16245875027450354,0.2424531646440134,26.42218947579788,1.7825355595269325,170.5863598051311,0.00110951993897859
0.16101403648352655,0.3506365626126179,28.48736998919935,2.3072517390320995,921.386085244824,0.001164201154208955
0.14100210830177057,1.7664202356552927,22.697587926595975,0.10293480823798527,440.58485013657923,0.0010321920291398317
0.05138202144200435,1.8152801199066395,27.022488074501634,0.08926441851134628,447.01798234405317,0.0011463071981294
0.06214504912585681,1.3499951392535374,28.087865137665393,0.14049720720663172,829.7121582074938,0.0011799176222657116
0.09178662805225805,0.7857616556499584,22.858178288435592,0.5359591194224956,132.20919504040518,0.0009662142032748226
0.32950982112875093,1.3725355674562978,21.49242226475103,1.842628791877876,657.333967913136,0.001191442527636946
0.4079362137934862,1.193692337928576,20.0288458641154,1.8322661220535614,756.5485144547636,0.0012133390090063767
0.3242964092183437,1.02822839914397,22.880998834952845,1.264582133556186,403.75130664616415,0.0011693505756651323
0.42024913889559246,0.5401569968074735,17.469950064602592,3.144952994621574,702.0935927960327,0.0011000933677627655
0.05115092826020269,1.539544500463062,30.623029365702596,0.22422756730173984,219.77000807500252,0.0011253576486428287
0.05415301707995105,0.8074592243729606,25.793888477911857,0.48753017756479833,997.6276952353365,0.0009927506836040624
0.15151319613571004,0.933396633460221,26.56495223173772,0.33186790660299437,514.0224674545595,0.0011079107254732955
0.10889078130578927,0.8094793168709589,25.82824693685191,0.2216899316055942,499.59786201441875,0.0009107277801332001
0.13510979731387787,1.400651470066287,22.100969763860903,0.488069959142166,257.9090333098812,0.001071914620983992
0.11262628436087914,1.0681048126157056,27.907210798725064,0.3345239597853483,650.8999022532657,0.0010938023453814377
0.09628722072175422,0.5915374902004038,22.055168008416267,2.479972980297909,360.4069446706237,0.0011497433925115028
0.2609629278132655,1.3638200453111153,22.185522011105025,0.24204514860170637,631.8092666793667,0.0009979706223637555
0.2886415342077138,0.41457785499882527,24.526149970598734,0.29106589834959173,486.6815769122901,0.0009700359620336204
0.2618327427461095,0.43247908740266955,24.571571933565565,0.30609516466981734,589.5212497511393,0.0009707694206451892
0.05198523286934835,1.1125318636388284,27.873540167983233,0.8895694393929378,522.1790964691055,0.0010965083054333062
0.07264768084283693,1.508512594838674,21.86256467609853,0.7412009685470119,506.4715914335247,0.0012117771684163007
0.1772506664889889,0.7932178507726101,26.164286437091107,0.38656378219526677,496.9423713314769,0.001249240656166302
0.146105859222104,0.6153624957620296,21.892730367577435,0.44023651952061854,958.3753012718093,0.0011899495448844612
0.24936903835947397,1.5668718357063722,23.546387258889517,0.7123043752021199,224.30252949344114,0.0011572577193145728
0.10173658075123701,0.4805719728300748,23.735514490358764,0.4613794129283416,102.75442780058776,0.0010278007301027733
0.14609820636853596,1.3497802497177558,25.99840235998183,0.6390489438526115,28.28581263221378,0.001009798584447114
0.15515630522605703,1.4378381633602622,24.13551546272785,0.7332178491236703,16.159164135255395,0.0010393810742427793
0.11064779265181895,1.1338117555168956,26.02691135746154,0.5836486480067038,58.62287730180083,0.001149522288060782
0.22701567779464196,0.6053451337393166,19.77802871515444,1.652732092474623,9.943754773613104,0.0010233248184038316
0.11249981565618092,0.6134450900197386,28.27391131622455,1.0108088147172647,13.988533177105833,0.0010874291975007404
0.07396270237069513,1.7430177723014226,18.26192458963354,1.1534398588530417,33.52997960324297,0.0010509296090033566
0.11835064307950445,1.2651342933094467,24.206532635309227,1.3317313743275787,23.014621966372587,0.0009393719389704234
0.20339135526114907,0.7490800498801476,22.40788964235017,0.14810285784033916,36.81523013754783,0.001002185495937278
0.17761916997694716,0.49450062181367754,23.92120368752855,0.1417638303560824,35.29322351463135,0.0009859589702738716
0.2458326232986273,1.7525303044445482,19.456522555873875,2.0209683815104587,1450.9457469424476,0.000923789201466987
0.088327166341833,1.5254927894771741,22.95598744749454,0.7030351291439864,107.06328175194344,0.0010113137800315524
0.2812537052156361,0.29294678394062246,25.774364326258336,0.7380695601277402,595.8978704048503,0.0010643586880412156
0.10522001085799763,1.1192022260490901,24.00197548720995,0.2096379604828656,496.55301909996746,0.0008969291128179155
0.03724896102045618,0.8792616207864654,29.45402403218476,1.9577796521146305,289.0082693876058,0.0011911954098591227
0.31849981918013165,0.27922659882280976,26.704945383981276,0.3650342885126611,180.96476809588896,0.0008848734298443118
0.2685970031260502,0.4711225157843041,25.25319390197223,0.34027687693720704,256.3218613222161,0.0008887732092309228
0.28537909091192243,1.2600578581221011,19.525935499037164,0.2595535526059741,682.8665205602799,0.0009879552271592424
0.29768119000772186,1.1679044869463246,20.230362705384177,0.35464472671811426,513.2275631783608,0.0010160878606050683
0.118158182817177,0.48439651459360544,21.03467069116085,1.943948160822165,550.4733639110054,0.0009068824017278477
0.08985394053234522,0.6592700994465255,26.105608842271,1.5622690866230236,392.72142080403313,0.0008794076433170834
0.07696589886123487,1.2005500421454955,23.681961495546034,0.23031938826433818,455.107972382304,0.0008431280502195658
0.2504039356669901,0.4072144059643892,19.99653029746904,2.092808934377461,128.05340258784847,0.0010820659918821078
0.28370283651667344,1.0757797521557495,23.861073353218863,0.9286750092082395,155.9398060393856,0.0010011462651243648
0.34146740075588233,1.0478579091992337,16.7864460481608,0.9998136191611319,270.6431200364413,0.0009632839911406928
0.164747021976424,0.5940282729757813,23.17812585144829,1.103485433154388,324.72657344597485,0.0011003430733065266
0.1867390447983871,0.5620321583397616,23.887998233677497,0.021178653194999054,375.2574465394982,0.0009658999178957341
0.20591087546245193,0.7844994731948203,26.191369984731622,0.0020521299441440704,543.7403284452195,0.0010252866578397664
0.1853166274692216,0.8223311373031014,21.992782494118746,0.23892541877329676,524.5312590207129,0.000885850616611283
0.14059194523356144,0.9079914925267274,25.168267876740522,0.5423689157742672,209.65231572461298,0.0007893910611819462
0.14968920008491948,0.6310690134550704,22.23562074892013,0.5040015063231491,1233.0794032269412,0.0009626448490162181
0.14106326700258914,1.5026241540938625,23.835018123819452,0.8176808862677302,299.97874361593495,0.0011604083294684698
0.19243847745508494,1.4524658747233958,23.882103730332645,0.6104947136192923,1045.3006292956093,0.0011747736841473352
0.11158636404230916,1.0165931453562258,25.47218457539589,0.7059107388037366,265.56610026611037,0.0010489994440141008
0.23450267285203968,0.6680537992253656,23.032988345592486,0.5752020996260482,275.17469818093815,0.0009157246643296882
0.16601832851603826,0.252575040622603,25.613167879746374,1.80891095561383,701.0595578055629,0.0010287880233554403
0.09434316247361284,1.7544411449224153,20.649121669617116,0.4371395680116762,13.858928856752334,0.0010138076078311797
0.05374923294056642,1.2931053032318185,31.07950446314178,0.3462503059074379,108.8207563624953,0.0009220249729175972
0.28330836224906497,0.5333115971874809,23.6978250148268,0.07234218358085197,1023.3994225277472,0.001003585541928647
0.10366785075809876,0.999523169423458,30.122036281890352,0.2784230813036147,219.1417660748467,0.0009813215848861342
0.12555883864618,0.6659056546269961,29.85069217000567,0.4981603867839885,559.8989317011387,0.0011428889524927566
0.20932174688185898,0.6679427172542546,21.5559722032558,1.1463215404683529,396.5518153593568,0.0009819971675345891
0.17901340383020187,0.8830115518313311,22.90821878078792,1.356937729007846,416.4019192883977,0.0009842505170339342
0.08689961691941239,1.2157795695552571,26.0202800897746,0.2566800823390078,459.2167890800054,0.0010185917962734715
0.08779460943414043,1.4671762320768924,28.15797213123204,0.2930726348287122,513.2915976289064,0.0009466377006481913
0.10552044027696234,1.25717370692564,19.61328863639726,0.26590063455767204,50.7114393424893,0.0009796580877839628
0.11047107613707889,0.7431650911195491,33.120798729956036,0.39276142327633495,506.6059442203607,0.000998360378384468
0.14969297454323746,1.1041956389661358,16.71448699369247,0.850551687149577,576.5499715094757,0.0009234143314646706
0.06687288891546223,0.9385145867297058,29.599079681218097,2.255101233912223,125.4836227593081,0.0009075352759652538
0.18722013793302733,1.8596303284097175,19.60547104503601,0.34505428040380465,539.4033680848008,0.0010127661429424097
0.25061174030115974,1.1186781363836993,25.3966002426433,0.32847917988123054,472.8710273077205,0.0009219470725195214
0.11441943282424356,1.091048880639789,27.886079039453076,0.09665048820731575,123.3492930691932,0.001065479751399572
0.09840900497193507,1.1017637371137154,27.310581164145376,0.11953612202498332,146.6957487383485,0.0010603828737399269
0.23674701358871084,0.8889479761669291,20.506697085623642,0.6424192241651621,154.91904359068135,0.0009475107665731801
0.17643250410598163,0.5320263880123371,26.8847327262218,0.42071443999204566,110.51191289050237,0.0009804373886386584
0.1713946318376229,0.7831229468747429,23.406349266504304,1.034343675439348,525.7600181542389,0.0008346636754166675
0.17621797888832685,0.6538524392505541,23.39483834768348,1.5284020440950943,707.3615284625963,0.0009861630296922224
0.2546381415712718,1.7278127959843956,18.495467957086035,0.6606000837061302,107.52072785252508,0.0010551213950579202
0.12351670724619968,0.10929553457691292,32.18561937314905,1.689634005501399,225.05389962138625,0.000950396990559215
0.16999683242190772,1.7838442012480051,25.69418932579136,0.9637864799344091,392.8682350522934,0.0011335493266792433
0.1867664628656884,0.32816104742443325,21.37293368042978,0.19982249181711711,603.6323217308338,0.0009924338950127324
0.10592706255622099,1.6996616408094876,25.116485563573807,2.0003889769835546,338.5874088160854,0.001051742026456161
0.33013324829571183,0.4256920233063871,21.837897911332966,0.7718707669662076,447.5298331762132,0.001147345685041942
0.14262849528488064,0.894645972519322,27.62247381054175,0.8557114208703434,203.98490199993807,0.0011728991296946305
0.2624063767973386,0.047925682822181334,26.06752385007503,2.0563418021876156,1009.5900571658624,0.0010586952207651363
0.24542491570045105,0.14141553453365863,21.169757979883546,0.6568625538713387,324.709751266854,0.0010910193597151883
0.18535678077773024,0.02205107497435066,21.51596306918809,2.0661773920335396,238.97854710836734,0.0008961398673221309
0.23955827987589662,0.02303286603356864,12.156630715675519,0.44049744184595724,461.60787736489397,0.0010608914655425826
0.2624919990082272,0.025509141932862734,10.959843063739022,1.024752950582458,631.0842683686799,0.0010821174035792187
0.08856453099775023,0.17990243055495678,42.29734387124882,1.5527369180627477,747.8305467289343,0.0009693849355833123
0.29703377441406664,0.1374035682159577,32.49830158755204,1.099519245142144,282.55000121956107,0.0011552312709505628
0.22209029496785984,1.2208080724418604,22.37791239533686,0.7293335720748152,421.2154474110487,0.0010551685793957334
0.13336704042238834,0.7247003984829171,19.62587564009891,1.7289172865507856,398.2957452505919,0.0011029401375112218
0.09712039859512742,0.9657172794034731,26.975125614862982,0.9940143677200273,861.5505370239779,0.001084446313987716
0.21363923809989643,0.2254490350777019,25.25679842472436,1.7699225834843901,293.54487142298694,0.001096347255661441
0.2319695631477361,0.36527832632969137,22.177985727789434,1.719986192456678,368.51130750693153,0.0010883471149261497
0.06959771965046205,1.4972945635050796,27.91661587788173,0.5568005886826568,252.34646636922923,0.0009109237406386647
0.0431565118388831,1.778663841035147,22.151619325509564,0.4372598337038983,294.76048889169107,0.0008684496633740517
0.05024481946015619,1.5167383670829901,25.83720028110118,0.4665615853965133,227.71019281515268,0.0009101866693225324
0.14310772951157663,0.4666749071904826,27.99421498712443,0.16293556002119583,585.922647791263,0.0008643439995988639
0.2848001532424142,0.9972075610205094,18.268373569230036,0.15951540012825907,713.6623472326602,0.000787889301653498
0.32694688460327975,0.6493412595317584,18.317824311213407,0.15436165646954128,682.7661171524626,0.0007985162934571865
0.07165143975167526,0.9592819231507518,30.89928923940502,0.2110666351822903,293.5738689546403,0.0007545114492942594
0.11342525348488329,0.9170070592317807,23.633383507930915,0.17676956904085478,545.545913807174,0.0007917638136903395
0.09617901542175582,1.4225759455246747,24.86818701144598,0.08494748030008586,637.4509455853154,0.0010585847140197981
0.21885539019357717,0.9698694408950593,22.429624371821035,0.1621730711624168,516.4472503860628,0.0009384374002197196
0.12915358584549752,0.9203649833246371,24.36093720769911,0.4926245227396411,759.5888078061441,0.0009963363095536696
0.31191709884758045,0.7094255028545332,25.16042293203718,0.6842726469654827,156.11018671530348,0.001035993383683078
0.0369484443681628,1.3683494120909352,27.578876720447056,0.7590611164050585,645.5382211374769,0.0009150355235485168
0.0335990646008583,0.9550593632105673,24.45927499827988,1.2335894660779878,390.697679698161,0.0010602987671646466
0.03472707166164671,1.3393094216883326,25.979760722895644,1.1063490440344792,414.0234857108513,0.0010641446172674645
0.04116375523398381,0.9995390250895935,25.848524110927293,0.8857192744328106,1070.5455824925498,0.0010281733625089593
0.04100877462466315,0.9120560203698006,28.261932734368177,0.5254551322435319,574.0374224586595,0.001013126233107447
0.05223441682826186,1.1117530468560022,28.561234703400686,1.0878211006244265,577.0610256995157,0.0013256071814674167
0.25081838792339795,0.7063003686573649,19.170878002260586,0.7939521367060574,233.39729814771744,0.0007875154731103707
0.16098325370833713,0.47792654344323027,33.752902371099765,0.9111453791987707,220.10369213866187,0.000877973031880282
0.15144227459926135,0.3104182549703386,26.962913025438315,0.3362536246746302,1272.1529988669956,0.000933233558547125
0.21489178544304458,1.3093049741632616,21.95531958033749,0.04041028045258074,17.345059542051146,0.0009991508077810116
0.30815205552544944,0.9249235055875963,24.208493088588455,0.10913757853448061,23.00068224999647,0.0010820586671266327
0.25701886274966734,0.8529676843918842,21.28891529927329,0.07100686146597118,9.685782753499995,0.0011302656375103168
0.104867209689852,1.6266625821178966,28.55759823413342,0.22550389072372992,1078.2447537944427,0.0011310327407963942
0.11336238457286632,0.5538591963906493,18.92883647610203,2.4455148692084125,68.2172678694805,0.0010187048279007409
0.14123091323470593,1.4227213289913159,26.474057540538855,0.12270274894895414,728.0407166396612,0.000914949097633167
0.18191754545278038,0.6234482781745643,24.99447533031531,0.07634601469892313,318.87842864788905,0.0008912330946545782
0.1014044852176992,0.7957463212533672,23.057710277221048,2.5803605748033522,415.0726878239185,0.0011410018796595613
0.2584459348090537,0.243152048297119,29.170172729237564,0.4896918221871798,840.1907630307898,0.0009837459216240887
0.11303942803204012,0.5978718156562163,37.79735818678831,0.416930838894834,41.6766813735911,0.0010322997955150039
0.046928232514372774,1.6465391674965473,17.432898660533326,1.7170287285920354,223.69680485991717,0.000939014436127189
0.06533737363640228,0.7237535602928226,31.413758381434103,0.9549857196778695,49.839233871249235,0.0009992014325586845
0.07871613370508705,1.193383290787414,26.334444281643698,1.2739572783105948,57.69363264552597,0.000964410564398351
0.10009236702305493,1.2052272316326353,26.974475204210943,0.647194633184759,105.86803907151214,0.0009353876964955781
0.10257427942804251,0.7815257520786866,23.755184033125364,0.09643118150859542,1096.580250647371,0.0010958630172339724
0.18566431115483573,1.283776112430692,23.5817050345121,0.1541664375755959,182.25782966203388,0.0009629420071215519
0.09853242688792654,1.0575376198694204,19.332650948476193,1.4128186064703558,313.32565608779703,0.0009923645314818396
0.36679614934256743,0.48264915778129563,27.028681003072656,0.715477513432363,515.6047616207388,0.0010339464403782924
0.2050389228528901,1.0341496202634157,23.166191282347413,0.9609987180968246,405.2973009791743,0.0010232027514688053
0.0594153644993562,1.4294781985184486,23.002028470875114,0.8214355116767124,386.47965203845376,0.0009760804387178861
0.0808956446290089,0.7962707578931003,28.148076934102598,0.3457726597918417,174.1612108437372,0.0009195513888858754
0.3573396291075895,0.2917592433912713,25.360409309456905,0.34169516118405024,345.44369175442864,0.0009538549004160685
0.07215002440613459,0.2982059873878054,38.90927584947268,1.6229567786195291,674.7010907073118,0.0010491919304005592
0.05663097685974448,0.40377612408883856,34.63116853165225,1.2039721131198853,249.20445735290892,0.0010505698868647998
0.22983672954130846,1.2220731153483373,18.31513314402776,0.5549612441313464,442.93811726503685,0.0009377776294601594
0.14975590196403954,1.2286299506679332,23.990389941766058,0.6825036302838543,472.7235513572787,0.0010287285057020861
0.30337109022431313,1.1759489350159253,19.023332583221574,2.2065161217172977,538.6940509557452,0.001042033066943187
0.24798979423237216,1.4822644616789153,26.735864287699023,0.5565770391243804,357.59850663868485,0.0010438963170393354
0.23099343156748037,0.929359791519367,17.0963334064325,2.1247745061082393,285.89728501027196,0.0009570603244418525
0.09556599001934764,1.6435799956020458,21.69211266269735,0.6901944314901546,179.34987666884857,0.0010510152151737952
0.06575873023054403,0.5997198226971181,27.706263932182594,1.3929480979597828,113.3499958386321,0.0010064750971173016
0.1969273944711745,1.020050419872388,21.077510917106295,1.0405537937920328,147.21732345856628,0.0010092633560369456
0.10011853949343258,0.4418543514793967,28.994168268250213,0.9219776616350527,567.2211815140275,0.000957061485554199
0.07116450332148214,1.511721754359512,22.283277161054986,1.2164545126774515,544.1140545673765,0.0009434732942561914
0.06743612187527236,0.5643526473392041,25.580693749217712,1.4951751870089687,376.2836839950428,0.0011427730913943438
0.22923141142503028,1.5346498481736368,19.482627076934634,0.8076556503655374,237.76462994933468,0.0011358055673984118
0.12918734873517732,0.3605629664237102,24.58114174348063,1.7978813664634503,487.0622263569571,0.000957879300036549
0.08199947675396949,0.7870904068560818,24.616785228061804,1.4234770384755575,488.9824964628477,0.0009285872522684585
0.22947295097949105,0.6606079344283126,22.867575080084386,0.6037970162940622,348.41840112679847,0.0010267331798550345
0.15936815499902793,1.2191106765006146,19.03703725842055,1.5858286776631434,121.38493122956788,0.000972798269828199
0.15151127923183252,0.3679567772631547,31.023903330157495,0.4330843122343307,952.5150723670037,0.0010741013964642812
0.09885804288194415,1.583037003257709,19.816210167475568,0.9281942686600808,184.2604004235108,0.0009212507573500756
0.2613396978675463,1.021934070651306,31.58749083224945,1.1001443906673265,406.39522834977555,0.0012894547430526704
0.05369325908575418,1.1563866779389187,32.38190335011891,1.5077292693806692,35.83112914695625,0.0009173716706680014
0.25842021981089786,1.8657536334213087,21.76655814674266,1.6930046573457525,314.08654100435234,0.0012094349480389656
0.1886332745288834,1.813709112492107,18.801494158700653,2.5861405277677307,303.1068880535707,0.001139409903008778
0.21931791332625244,0.3178084311433069,25.049743136686782,0.8174594699792155,405.7075768790742,0.0013049262393316228
0.2246745714588024,1.0031216614225325,17.523087578477234,1.061444963419329,670.5669265514478,0.0012197787336651702
0.2741146104714227,0.9713227806748976,23.45312098112045,1.4842084192112328,194.93505687673755,0.0010645974180284062
0.1513853735294084,1.181907601531001,23.391503195104058,0.6220391136128173,718.5456750259212,0.0008582635696422767
0.1509549342820164,0.5630046639026512,19.708771193842818,1.8537629485129734,146.4792490950566,0.0009320909920881805
0.25206515206258695,1.1607377505439913,22.161900019339505,1.3003295991010582,175.15251051749019,0.0009797852308540088
0.14966648893250062,1.3203077484605168,25.679510903406754,0.34851866592834424,659.4593008704632,0.0009463360197392373
0.0615718397245657,0.8766727800761975,24.116470031675178,1.097927576121516,291.83011908495916,0.0009866302689779858
0.13101444540897972,0.8095752431837426,19.820431163747557,1.2679539109340845,152.98791143023672,0.0009839779231726566
0.16038824942704258,0.53940428200365,23.646663678681353,0.9796205372771186,222.8024231836626,0.0010592472550167993
0.18611133528982227,0.8222075182618269,25.459666422261474,0.9974099484371098,125.74072597678995,0.0010294856170192798
0.22574387630813877,1.6207614388942737,18.988492381106916,1.735253674470618,651.3514090710643,0.00110367933558653
0.2416347536891991,1.6521578622900956,18.830411269232815,1.4228593105920553,755.6839224763762,0.0011218439193744541
0.24904399763197715,0.32125836422522513,21.068550844907975,1.2594225856813244,306.85659017940293,0.0010832876404069684
0.24474392051846747,0.8116025559640022,17.516525510692393,1.9204022374879277,1153.3258614714875,0.0009523941512490368
0.03260986025789571,1.2319128385368325,30.014815056022865,0.6155660457226793,74.95270023437422,0.0009844864223999686
0.17742714687686098,0.5898845754022739,18.041443205062595,1.1358306892689807,211.80395593172895,0.0009403365177441482
0.17775656903132087,0.8147730777694767,23.418535194967003,1.8507650342898068,345.3726024424369,0.0009282023179436674
0.04344965187433618,0.9747036278103627,26.753670048630298,1.3539324451669326,614.6985438038554,0.0009357103980620473
0.03311419398881332,1.0735095279612294,28.84566749359822,1.6280078138450227,630.735071844985,0.0009239524485659702
0.26443249884191206,0.7287483636851773,17.655777393581847,0.8162978134612511,184.97508759906117,0.0009512237307156106
0.09952675053963655,1.433961161116199,27.508296203650342,0.342426850962965,624.525932248171,0.00112314239469298
0.10910735329738469,1.2794666610182757,20.200528370712945,0.6031185568898121,271.3258743150898,0.0009359007360044515
0.18235033229727676,0.3170430500218185,30.04194345435336,0.6578814145802885,574.1498510245398,0.0011382022162322316
0.1284189860215504,0.6049036946480236,27.388521617540647,0.6251739465225231,363.23267845161246,0.0011012945092244858
0.14135816941063306,1.3803865683793775,18.624871625664305,0.21766603013045704,227.75117487434034,0.0009527028486960439
0.14401595141426776,0.785664158795401,26.427702237210312,0.2779617943608628,192.38336197180953,0.001039359756606362
0.08712215134096231,0.9688816042219777,25.96455165029035,1.7569489021267504,689.4931724855059,0.0009482425357528059
0.20853749882876563,0.6563153828902005,22.17174514018758,0.39815319626185663,462.3717832559734,0.0010297987425902974
0.17628157215204351,1.3208228243621627,25.88921205327009,0.4988169918379112,300.971628655481,0.0009662834749857038
0.1807157263270545,1.2140395182237202,24.620907362264457,0.6909963832023397,178.1132217756153,0.0009493064429543212
0.13474208844712432,0.7005543787676047,20.605137035666825,2.123621788530912,321.32528231901046,0.0009811478840469133
0.17437273142941903,0.83898448798063,19.086066023923173,1.8651888971307389,1090.2743299940055,0.0009558047829350973
0.3118322776751377,0.9423220759761259,21.847345649823165,1.1309480776273508,147.65104223178957,0.0008504498046696485
0.2127353365128075,1.3129488149120527,20.9500785999831,1.5091409037495411,361.23754537503464,0.0008441581268162971
0.07371174198356313,0.29461639451636384,27.672555926196555,1.83485007465068,726.2989979529874,0.0009263252257010994
0.30003419690545463,1.6764065217713633,19.753254225391206,0.17571452271230148,296.0118208069936,0.0009159537752977091
0.0882448874944893,1.636615397213926,25.60201637056218,0.41377515347215993,51.17979303085451,0.0009450770727735347
0.31050261440322535,0.5038637305533643,20.110651908474374,1.34545562258485,406.63230987387163,0.00097846041521074
0.28589742200837204,0.6539151429455093,19.79687452089585,1.078196119026651,530.2433395076622,0.0009971303651688905
0.19050935966990518,1.7043238809028534,27.508394801056962,1.772653877753367,477.23726717217545,0.0011236715355295594
0.10616193696475426,0.8477444268628689,35.0116933873859,0.857433029179951,104.47501550905389,0.0009328953459998219
0.119064359153903,0.685001331868195,32.61417047410295,0.7456465502643838,158.01897217221284,0.0009549339040600738
0.21429601437065918,0.14994201085598652,25.886214536318963,1.7001530138476684,1272.4112074917496,0.0009221586084635082
0.3585610462895529,0.10074782976581376,31.45544937069558,0.8337146834981147,327.3141868213462,0.001003655960436873
0.20340147043494175,1.5325041119296583,18.883998962366025,0.48941919768096454,92.4515830893883,0.0009382845602553623
0.22475502998942798,0.500702688457163,24.49595543768994,0.5686570435209384,261.75449383099175,0.0009840847795046825
0.0789104412229712,1.020120452282609,21.466217204694008,1.9252106815810754,396.87929033532197,0.0009667806351699767
0.11835728094145731,0.9235615288245362,27.327926220851325,0.6666251834828834,345.153438793765,0.001072029289407073
0.15437034988494747,1.0627989750643976,22.5887978760378,0.6512930676209516,208.54830966470664,0.00102984689162244
0.1525167165114656,0.4069276757355475,27.553286659788757,1.0744845606133522,497.1772164916564,0.0011268244863865953
0.14683833283945746,0.7834946806792172,23.397084792625186,0.7747325531779108,663.1014650711384,0.0011375282685657162
0.10880397707665095,0.4815409532261472,23.704394788464445,0.7908104765044855,392.23558116346396,0.0010302072500321482
0.2397498486116461,1.2655492234509975,22.665590716379352,0.4620096897696701,774.3001661570615,0.0009343073658906211
0.1678873916269028,0.8601281703179234,17.461728809987278,1.9283372663082081,266.31459202014247,0.0010121310477636562
0.19353796781258997,0.6384603620735974,22.907242103593724,1.250567433796539,80.80906908676683,0.0008937563281717018
0.12059258302198146,0.7107054192727547,28.0240402292512,0.32899217751852855,77.48840274818237,0.0009443375092665792
0.16297509249158668,0.5105250368507649,27.514247731493445,0.9672699273418761,147.73630583944745,0.0009775219235445406
0.23120778562263306,1.0992292662515983,21.048839186428477,2.297023333353279,1336.0634229406219,0.0010245503688837596
0.2291761202856012,1.8221859611098035,21.72229704244249,1.0660442854855978,187.01892924715622,0.0011217583235316809
0.11231564887664008,0.6150975150793102,24.204909807519275,0.39156502328931014,784.8061351299484,0.0010210708060488015
0.28378040656153275,0.9283042037639396,24.278340255681844,0.0054322592775387524,370.32160637544393,0.0008543868698847865
0.23918671550949666,1.4865172847206218,21.00160922419572,0.0015170831885358098,326.0567411775873,0.0009279364319847354
0.16061123086941592,1.0616162071434503,25.118734201771804,0.0004546950808656529,614.8405717534295,0.0010669094557454433
0.12173854208223368,1.0570546360391582,24.32366419239723,0.007427185514648846,299.0544769834526,0.0010587951534186365
0.06826926630150353,0.8802004815699255,29.47738262229313,0.44810903292522525,612.6640488252107,0.0008582936534134296
0.0740593832341502,0.9343695382047377,27.65607585766332,0.48815837082864005,689.562088070764,0.0008359083848434882
0.09048052380787613,1.0990931954235077,21.839087496837948,0.6777351501237403,277.37781769162274,0.0009856862353399701
0.17567823935291849,0.7212397732471174,25.81955104827082,0.7721779052458574,72.57453253820871,0.0009029578540741428
0.11261712879596285,1.1799553491022219,20.630657285978614,1.0512830893419347,231.61857038507966,0.0009926914741988221
0.27636120358112165,0.271405827188587,25.772373859964652,0.9963036106073366,683.3334016504036,0.0010288320202527907
0.015367277752475542,1.4765681872888112,39.456678131188596,1.4071875871905377,165.87182253780227,0.001031806095880718
0.2778721877021008,1.4684797104881453,15.857659601259112,0.8551447257039237,510.14753511924465,0.0012375254006718626
0.18543866175673204,1.3210172847967026,27.42558992205967,0.42603432250526324,451.567369412018,0.0010622941234793432
0.1579074885998335,1.4651515046150616,19.346705741222607,1.9904735642656413,1078.5550874097312,0.0010402795559965009
0.08240139667560127,1.7247339913371704,23.199691778275263,0.9149383637829338,402.4924962189837,0.0011540296296935267
0.12734137831000733,0.5314348867774993,23.97454693237325,0.3315888044229181,184.89178603797188,0.0010898801934862853
0.17269258569345436,1.5329657499214113,23.35530179491586,0.17377796048366997,1048.0762764532587,0.00100009421575857
0.2621181415626401,0.3281141637441337,23.73977260658122,0.3534381887963437,234.52780333956068,0.0009944016923382156
0.1328478203897345,1.4709681209771153,23.14660147140625,0.27556317044841194,809.1880973355851,0.0010763192234099998
0.10389493595289173,0.5501026888894481,24.148698080524902,1.7789017775909937,339.0873632394981,0.0010944099609349145
0.10102643438721597,0.6653331110583366,23.730787249977087,1.9378580763370032,630.953508099089,0.001063226631360044
0.26045973748320017,0.5925918392167503,20.30552833453414,1.5427680118599032,333.751474691567,0.0011029116748655402
0.19953624854777932,0.9231041504291959,23.005958798630694,1.1075241897009591,150.9910560449373,0.0010267618477529871
0.2315736776783277,0.762890578149525,23.777902801899657,1.6127410103912208,107.35072287433044,0.001021297102214852
0.2765155137486796,1.3755569468076942,17.394662837938696,1.2138621913594498,73.428509109812,0.0009660409707198611
0.16212755877083876,1.2675294030544668,25.686657721939117,0.5539333944974105,538.5017958866324,0.0009984408890480773
0.3041077903686102,0.6790474211528109,18.622953541319088,1.3967915724063764,5.814412838275627,0.0010122959290919907
0.23744448816452654,0.6216594825522387,24.14621271562073,0.980494967009611,6.148106899376586,0.0009893945078008066
0.15442933092508374,0.8312990438756985,24.252693967599445,1.0179302413162317,48.934213093721,0.0010591621415489798
0.05157937475672532,1.3705262653500827,23.422356636528978,1.4170454756336628,100.87799097449405,0.0011031511847929328
0.08306213673510363,1.6104618429599504,26.209897001702462,0.3388708483077715,43.38361240291235,0.001018819630035246
0.04310112107861195,0.6517977085361389,30.386321465864906,1.234273155972895,49.513708311597945,0.0010523142937536385
0.10855903094308028,1.6144167873720539,19.799106919827253,0.8927493555720013,253.57778116971414,0.0010506590255826948
0.17634496835717622,1.3096703891660955,21.193178589751483,0.5642685160132516,298.3041884161166,0.0010355748466983699
0.16592812292329684,1.0297237266530768,22.832137991991218,0.7108080307294423,256.42138884336447,0.0010420366656601894
0.06387619585209887,0.7993721557876708,22.847977403800854,2.119340876287619,308.0733734169663,0.0009718378207471944
0.04848989491091225,1.622645147524021,26.17425279683844,0.727167984974131,142.72542059362087,0.0008836969065676455
0.08718178679111069,1.38662833879246,27.737320527668686,0.9170450142499125,112.80829512747452,0.0009383216127767068
0.10614714089200543,0.8235319049876385,22.141101773873384,1.1226657014507693,898.7170859753626,0.00100442912401212
0.046504391883271,1.3091401188301324,25.244648112048885,1.4791567051872927,215.5729453171956,0.0009378191517898492
0.03123223980998261,0.6286828789891237,29.158873982546442,2.1494166475724654,657.5421298586251,0.0009951166134813435
0.035721829948017085,1.3616363684858164,34.80043336041512,0.8391069881574365,361.84490996552904,0.0010104181652955187
0.024050356690193155,1.059996839796638,27.96537265888968,1.3757027928285301,444.41006616265366,0.0009084482768144872
0.053128691339250834,1.465262830981474,22.169974703236075,1.0814718782956219,284.40813876220096,0.0009999518368932188
0.1643662241798593,0.5281839617495677,23.80571057692271,0.6295726931435568,1051.768958516102,0.000938693511564885
0.09947043729673072,1.4742684908840336,22.76115925596092,1.4413605808244645,202.01745857427403,0.0009273110836274295
0.06261716062469382,1.4415701848365194,26.837853891519664,0.9239132831924739,1133.6690282010609,0.0011268643540481935
0.0706204282180081,1.4336159347257027,24.435322490940887,0.5766246902289162,557.199711522178,0.001095404637946174
0.07014454504518283,1.3212206987302033,23.337238819101426,0.562156385921597,664.1785486020058,0.001070428387061977
0.27957624840872847,0.37840766029518375,27.4705681285023,0.12361285303079565,174.88455154731778,0.000988318870731251
0.12376585561100738,1.4604610385875667,21.573449810412576,0.1604379419929766,1044.9590503237025,0.001136418574100163
0.13770454854321468,0.8622857742938987,25.72130827363491,0.5915350306842108,594.476157406994,0.0010724491242558966
0.23244454673067208,1.2620965758356515,21.07383780785495,0.535663230741317,159.85284805428373,0.001034181538643874
0.13608419528384488,1.4963405203864428,22.40390369272291,1.2659622583958487,624.5993083904852,0.0011383597665732528
0.2659862233749857,0.41702089156998595,22.72145830916244,1.0141314437019395,391.70564564533845,0.001075627997968205
0.20710668706963964,1.9397917178711546,21.497739454173143,1.3221292287868427,482.0553332376267,0.0009280210762673525
0.24929411189401915,0.9217986589281061,23.908632389660283,0.33672833627074783,260.36081190726946,0.0011545818392835997
0.13907032485498147,0.5829076739700217,23.287811136722002,1.6048563359009393,842.6051072504271,0.000849056781487682
0.10254244814142151,0.9337596387776951,24.09607775639626,0.6826757318153035,298.7760856220443,0.0009828384255874583
0.34132337183511924,0.8275042675004077,25.73874142460395,0.6105771916756508,549.1130106552662,0.0010048653754502403
0.2825886970984248,0.8258542321656012,17.816310233327105,2.1173400603539676,412.4489564111708,0.001004200469915674
0.08586632415560447,0.9782164269415515,24.542679599305014,0.35165005274733785,1264.9982642887294,0.0009743434633360471
0.22659909705731926,0.3540597677567632,33.980148155473785,0.1558966806168943,63.74713091072835,0.0010433876715447803
0.2505436167802827,0.2543424971082302,35.16713808737986,0.13593548913041786,52.301745209177774,0.0010515610160042304
0.2542449107225767,0.7604060314634599,34.25731963959575,0.10315474211844057,188.267604323978,0.0010671215615343924
0.2210008636039712,0.27767126484806476,35.21457174988974,0.1859401472988393,161.71910149465458,0.0010947966475687528
0.06935917953664628,0.6495990391690286,29.41081629840169,0.2035378726733101,1032.4234939776738,0.0010413329056485096
0.05770525386953841,0.5402637587360176,34.22932168668066,0.27092780023736024,1153.195872380316,0.0009982706312478592
0.06757427752494845,1.0857826989077113,29.790679271475224,0.17552252434763035,376.384984111528,0.0010462778999562054
0.16778296445069402,0.7683764441579363,21.344151454407935,0.3729956428798125,302.2998683554314,0.0009962547297908233
0.18358332111346645,0.7586225330717444,26.038729452005114,0.06935820195517359,364.1166982379081,0.0009847646623653437
0.25256661332910163,0.47721973067943224,25.924329347187157,0.03425001225444786,299.50317204062196,0.0009984390059190136
0.1897723226193063,0.752458651506819,25.66652547187659,0.047349048670380034,558.7933240821128,0.0010077745349371344
0.1891795408943718,0.8777939302301158,22.681343603747255,0.44874956798676147,114.05778927923579,0.0010251890001045207
0.168088583832005,1.1760261101568716,20.86613912647298,1.7560074959722378,994.2499352509528,0.000911652409731456
0.23033636002393038,1.1976351494250077,22.284993773263196,0.9949735882615081,1067.554407031818,0.0009360976078904141
0.1923571611186679,0.8838876461617065,20.433821932093416,0.9263006978336228,148.911151998731,0.001079462240820844
0.10515967844072335,1.0571216527539202,24.16133806591515,0.3361538878138776,226.57083125693302,0.000948445828208189
0.14001773248495117,1.535278337171214,21.02328270982743,0.22699533936367056,154.7563166751461,0.0009895401220147892
0.1795188210671258,0.22412330760146973,27.156690752988645,1.5179534949203495,973.3830487036206,0.0009953374929131164
0.15356112823414195,1.7214002633219212,21.023941150187785,0.7087880468761846,134.10811435798684,0.0010840379232569532
0.10437421091907138,1.8549273214923472,22.017414308244106,1.7425804868789538,525.408117999243,0.0009484596229435367
0.13721596719989762,0.2916157533533204,29.13865501673175,0.7739343327851175,93.9291294125416,0.0011724092270288399
0.0797545347117346,1.5918481985056798,23.65111753637679,0.5788193476473662,251.92193508913402,0.000909375727767208
0.1801366820636966,1.4859610792174973,27.261364708240237,1.3116122577532956,608.8713398110888,0.001096864545141901
0.18035371045606854,1.0535935877763138,26.66295296667883,1.4546817407971586,852.4142461056451,0.001086279207423774
0.13204860165611026,0.8345626090668643,20.21919295358684,0.19340163432082552,153.33325928926033,0.0010522577417257722
0.2935299113568157,1.1523439600243752,25.14960884972706,0.8683274845654484,768.4074890058246,0.0011936181811604085
0.1082793520168065,0.8744957332211678,18.955825101796496,1.0638438991644632,119.8755604175888,0.0008925459072767419
0.10053545350173908,1.155642308497379,23.38188990524423,2.096473535782571,400.86026155208725,0.0008803410947898689
0.11092225792352908,1.0577560813509124,22.894420249154816,2.0074017271720384,376.9833556763782,0.0008685391026914865
0.21704023618274013,0.5032060178702643,21.30415656516417,0.5349571580247732,85.126247031684,0.0009547531653968057
0.20731858220388746,0.7190788108446168,22.153745019196503,0.5871104285529003,88.45655346810626,0.0009835441869182476
0.24814643206390746,1.792777943335246,21.02897792347013,1.3008987749147018,1315.18254539434,0.001092703046955662
0.08906779482659201,1.0730714610515224,25.75661521144007,1.2121213584104402,45.92226317111209,0.0010791812528016657
0.17345612037495617,0.8374150381829563,18.35707781557835,0.34110674883475156,56.65658463107522,0.001139230242622119
0.1502893902650039,1.2396953905708188,28.928292044222516,0.0724571673238763,1097.0785970689221,0.0010941284045067074
0.12727266863283396,0.6716115623489616,22.119509562695292,0.13205551889084965,99.11325919510345,0.0009145732071797168
0.1351153126504492,1.424345772997011,25.00699660746139,1.553164782755745,1247.4553795274417,0.0010635628394853082
0.2874865930153497,0.3032979984728712,21.23035541240339,0.23168512096797908,151.91998555044114,0.0009417630030286393
0.15529443473538937,0.2980752455575213,26.95891122285875,0.05908301508166515,994.042081474714,0.0010858274947782162
0.14214872597682746,0.4599114704313468,26.922975587855305,0.04430657187792545,719.2217535138991,0.001100402065197166
0.2038938376048798,0.9444120434714687,20.790734493378572,2.0551306582417395,248.99984632436568,0.0008346996269014659
0.14164532553011844,0.8565366988805024,21.757840423224398,0.9437550369967987,369.8484893094074,0.0008121412371998903
0.08105861047520335,1.152333562959665,24.345696294613028,1.4823685385436463,531.7601376627587,0.0008950027500531421
0.08435940484763133,1.0597127280278071,23.80424521185003,1.5840283075004844,902.9618692985937,0.0008984092377288661
0.09010320454109302,0.7693344798471405,24.729500239680696,0.7979184530617894,133.42886153399556,0.001133034377479722
0.09636456895468441,0.7340815783139185,26.49247617782937,1.8898570271201032,233.25878036758823,0.001138476709305121
0.11482773600483014,1.0703512378318742,21.331137977295466,0.27475681689694337,439.89516958605464,0.0008827860505176601
0.23147030601865654,0.25535904527301234,30.59806615639701,1.4716529007200883,540.3324693577106,0.00110665115345764
0.375850210977212,0.7434405744213067,22.622010010479464,1.3392993179741743,530.5690765670198,0.0011073215202525805
0.2790097073245937,1.5223421050219543,18.982846940966542,1.9143980349916863,220.76079416874921,0.0009999099853044678
0.17842269900244043,1.444457364951572,16.46593801377844,2.1281930812055343,203.28929863990993,0.000931106486774568
0.14870872264402882,0.4268591830445716,29.681755483002195,0.5046368191658355,943.0319749626753,0.0010497451915511893
0.07996240883188654,0.9941705598631884,24.065491693031568,0.2973980905571979,392.57581693170016,0.0009626763071881277
0.06747410985068096,1.1104148625811823,25.20115458180667,0.2687253427840394,264.06114597400443,0.0010172391338877564
0.1579224873719867,0.8325172537948319,24.14332515199612,1.343001708637846,742.2890018998007,0.0009524407421365027
0.13347459456970667,0.6531287122672648,23.954587825098677,0.7351312302892024,814.1917907998076,0.0010003281838183557
0.2946225468936107,0.8254014628900257,22.610731617779575,2.1446718058424628,411.4629190461807,0.001008181912315062
0.11014154850909331,0.8740104454436988,24.445549728513985,0.3729181639781621,287.9258294010962,0.0011173857684330251
0.0423379292935133,1.2079976140664668,26.23282658549871,1.2845795156760098,743.0984748152255,0.0009587992554194424
0.1346746093911136,0.4080329804757194,29.107541190222687,1.2178301074082494,170.93223651189015,0.0010163431228942164
0.05970486425113907,1.127679632066424,27.919435903482718,0.6578577884095693,1323.0340168747618,0.0009492135678758155
0.06198527602623951,0.8040151190370697,28.627263815177496,0.6423210761115435,1080.3865081501733,0.0009300870473906083
0.01855345058776015,1.0838523777885782,32.4398789807589,1.301897017334627,686.0815659247452,0.0009560957094787939
0.21646726983504108,1.4106511417160335,19.22760147446993,0.886191062994086,303.707481562149,0.0010145674733370357
0.20767087827451197,0.9043560512764228,22.295642670110464,2.1139106483187238,480.5747028720033,0.0011440619470077225
0.2771947104559552,0.32856846572362025,26.941036892212907,0.3808866169590831,500.5138181904607,0.0010442763595928184
0.32496167703020884,0.4601389255624977,27.688509420393864,1.2223230371287588,425.6407860470288,0.001063205894943119
0.17457459577753748,1.0633199332953398,21.4145053981883,1.0810611811060453,888.0190098306763,0.0011936860441959223
0.089424333836635,0.6629994196615171,26.971112706671757,1.1968528212639695,35.359097331545755,0.0009281846763565442
0.17887996788761604,0.7881106336912573,26.260138064001733,0.6031409358160682,173.4168218996692,0.0010351297967439808
0.1690225603182323,0.7622224853069284,22.458443640827202,0.7838596578646349,827.9898788778304,0.0010489869428416043
0.1132480457553994,0.7845376685116933,24.979808633287,0.6258780407876952,155.90631338692953,0.0008979922849706422
0.13435581563001264,1.2668024582982595,24.96980234938093,1.0172961359936983,838.367032475905,0.0011432533803067489
0.1834012330229494,0.5349199719857402,21.42813969021444,1.422677548990048,306.38996747612674,0.0010218545393896764
0.1878512730544908,0.7432613242547016,22.86200689278918,0.7888845393176412,121.69982713658379,0.001088735988592121
0.2193201245337057,1.2278242292890436,21.399733380367962,2.0437238758531855,1036.5819510627846,0.0010973319420567345
0.08883465826799149,1.7677814098619002,23.178251939888288,0.703775754183925,98.6513037001523,0.0008738431474811564
0.07044369051804233,1.7381182921531093,22.361966926925177,1.4698586119117005,1130.6437649474094,0.0009316198769720587
0.1513150976732394,1.2538160292961913,21.983520990935258,1.3324329592002853,243.4435076121868,0.00098188391229736
0.15457324607972356,0.35409136109148187,24.639802545287267,1.691380681880038,217.68886106292683,0.0009670470550586355
0.12372754721398288,0.9057819118536674,27.464923794873055,0.8110831289835252,817.0426157119481,0.0010800371547932156
0.10507059543088755,0.8013094953946718,20.961234415571795,0.8519963073212762,210.97818204586673,0.0009534364880955352
0.10594636757269452,1.0945794780029594,21.366636009192906,2.0560905623858337,335.76012386573007,0.0010064733823264749
0.10113519206536126,1.088442653348442,24.07379113576671,2.387981380558868,347.8660106139912,0.0010247281515109916
0.11439773933449773,0.9479322174750808,22.55260578771607,0.6718226292968514,611.1206409748131,0.0010145696610436667
0.14668369105843176,0.6458704906496566,21.96433327069061,1.0916482660076092,1511.0803271892155,0.0010770840088023714
0.186961106696943,0.9388457416130419,23.87717031215062,0.1778300050720201,12.746769098403568,0.0008295984904012701
0.22192465976132375,0.6439517493023649,24.062302320235375,0.13908241576717947,17.20523526736476,0.0009260723270855901
0.10037033401158667,1.4476541473865414,26.356053228739583,3.3672948773188542,139.44196206889868,0.0011365481759005808
0.10325331436373343,1.120255053926563,27.842557476175113,0.25149566441178284,80.87111332172043,0.0009567507020645368
0.08113808319944381,1.0544341492643492,22.430348753842562,1.464807055552126,29.369880384200766,0.0009321967152777714
0.13009411267881277,1.2855503656521718,21.241081541127375,0.24342781143845033,187.23768418308254,0.0010788053963157514
0.15371335103328485,1.1972197666628746,25.479450128125272,0.3435219322725916,303.50294674435844,0.0010439166611273805
0.09742305663484632,0.930537354738513,24.91301733316927,1.0261167582961828,190.6044428230262,0.0009477848456392181
0.07534653511855909,1.1007502050271845,19.37201718323064,1.7155057569182577,73.10548406129152,0.0009774071524442734
0.042892688530252215,1.0657974556164542,22.89691913362032,2.5748397377390395,262.7599249459514,0.001022611373892654
0.26828289249989556,0.4700305688783522,25.104384893793124,0.7097347257414486,140.5913679094571,0.0011384981672461908
0.0725867592459124,1.1505288198764587,26.899671734173236,0.1994865980858782,770.4602542480335,0.0010236891964095123
0.15374680022640197,0.9354043913729831,22.159278376553512,0.6984763964481244,217.22004942701264,0.0009329545605497059
0.05201115046005022,1.2590700794359757,26.83018982281344,1.5883569006615412,13.855092049695138,0.0011375054146975099
0.04646938379113883,1.3105231286528674,24.21992891427867,1.99683811457582,13.432609458049098,0.0011316763524005101
0.04412943339948229,1.342836884495251,24.446963122694527,2.0039260139875523,13.083641446131391,0.001117580659743035
0.030497252429763134,1.558070910129039,27.577631012582405,1.337612627744571,5.204106000896986,0.0010347228546785368
0.024561222315723177,1.2177648772893457,34.84281087540869,0.6057756900895934,5.080868160536433,0.0010308235736547545
0.16129033950284372,0.963136391874022,38.295343730124365,0.007249312580915864,21.01683044957452,0.0010154476297811726
0.33556238737864974,0.34751535123972893,27.56107721349969,0.27827764224175977,94.58326566365677,0.0010128195684917644
0.1378427034553067,1.1026803746032663,22.450558412420282,0.38502473074105437,78.09001606382108,0.0009538727453983548
0.22266898286071854,0.7225791800611309,22.578003598763033,0.9361429628989356,1019.4857724762206,0.0010195416980535777
0.20721021165950596,0.7074011943212901,24.7196026909903,0.3248615696721014,247.26839523206817,0.0010534225988170387
0.32575982907744727,0.9702773821977646,22.98811606072237,0.19453267482548783,94.4954585011809,0.0009196981645963583
0.2036702907133321,0.5987536155366613,23.651815536106852,0.06745341251580131,1016.9366988701663,0.0009096903960149765
0.21440793848946532,1.2983242069285539,22.79434875107553,0.023844934609100334,397.60975307389157,0.0009573258546525241
0.1880923636991256,0.944384498555824,23.89932794258168,0.01887281985764129,219.04946980874595,0.000999154900360824
0.06778574225872248,0.6687287225263465,32.54836658200829,0.024395968638578666,773.4300901195588,0.0008905737013441728
0.06437655180083163,0.9878723462226201,31.96844453858841,0.021405573499386057,178.8580015925284,0.0010285056770895937
0.07483039561472253,1.733008298146995,25.50305365252285,0.013403849349422505,781.2594235903343,0.001010654969267423
0.0415227840074364,0.6605900594912141,26.871495852888568,0.07034316917512455,466.8249042997865,0.001081027263779527
0.04250203423046065,0.962786603086991,24.333097871630358,0.058433259966038924,355.5344868089508,0.0010466230829349714
0.047179315992047346,1.0598249058146885,24.36605698667984,0.0674099599308994,422.94078847647194,0.0010017415926114868
0.10992391569129237,0.8306461508789655,28.976995789090548,0.04519347742794765,721.3111424372776,0.0009092406940885546
0.058734066368509516,1.4005433302258463,22.243806758017094,0.12583637238215542,466.3460682941516,0.0011852059620061383
0.059249737165600065,0.892586510029774,35.41466599873275,0.05922075719815929,571.928560661286,0.0011177172580865637
0.07036320650211729,0.9477064564411739,23.983620323238807,0.3604505781522755,766.3898517430408,0.001033770550440799
0.05186953556411814,1.5013944915410142,36.81452771955939,0.1920828901297704,269.1298160696005,0.001333527077208248
0.06554032438687246,0.8826736651814312,29.22657391452943,0.5127112323215776,219.91306168823982,0.0012156746217231564
0.17321316307382367,0.8475785230180617,20.31001252343845,1.2993109120843902,570.7216875422492,0.0008237484659373074
0.0679314770103721,1.5091365843241378,27.14163912245839,0.20894727463400736,125.88403474010322,0.0013038123204717463
0.034150691160802014,1.0446914520015094,41.16803838771547,0.031896475953526175,949.9529188282207,0.0008964057664906337
0.036050027150265035,1.2689752732945963,33.26182140040207,0.07239185555196413,1045.904568006138,0.0009058001431421755
0.1448460138383591,1.6617791060619773,19.2417183139941,0.019306921367911654,151.93313978589828,0.0008464944459132041
0.09819505203425281,0.8941621761088906,28.54858647621237,0.01136504619668877,73.11072738235715,0.0010169625861577959
0.218738977871713,1.4554071530307904,20.113445091142232,0.013554364055751021,733.4290469226997,0.0010852529137870242
0.282807301582236,1.1820095622019604,26.376328614767033,0.021767675539955008,223.33277701773258,0.001077248900009991
0.22053009284060604,1.4333605492747208,21.006929693829782,0.06242519367913634,517.1937437958255,0.0009569768821945566
0.10191573403890518,0.6929813320562493,26.889172180248337,0.2962160748945416,167.42498923169506,0.0007756377679516408
0.16033372278538946,0.673171945674337,23.80886353583879,1.0410264976752672,466.80971504876754,0.0008220348650699086
0.3026504849425466,0.4262040586271164,22.881501189999486,1.0834422321081505,812.4012343460103,0.0009692971179622058
0.29805427730802964,0.16458050045526462,25.458956870086197,1.4714485985664723,756.1685848739259,0.0009799592480935289
0.2963056847432246,0.16198675031239057,22.245112208967466,1.2447117391600109,961.2507004160829,0.00095381885069204
0.44107214045454834,0.45528444017354613,29.68794595771639,1.8805111279625801,436.29083168122287,0.0009995525508975603
0.1635463358058104,0.17544057940017257,26.332587886946538,0.5964534900486894,868.0365555479673,0.0009516231513439789
0.3169160222374212,0.5035860826262879,29.51408003737474,0.7383214588051089,318.27636251773856,0.0010257510063340586
0.22888056927165662,0.8940511334898993,17.775756207414684,1.8137519722346038,137.14062785746097,0.000964951322617125
0.22647538238776604,0.5338122206219974,18.780596830035588,1.0593727917079863,231.91825707876453,0.0010149723174831503
0.2093835984482629,0.9690230513508805,24.028943448083155,0.7685861948438193,688.7656251491791,0.0009816355621027869
0.2384476666467345,1.8126224920477445,19.23677384691919,1.7186656469652357,279.30830972782286,0.0010465811825532956
0.12298855755024328,1.8617364351188195,23.521834757242328,0.3414097050488106,527.1250748330037,0.0009120745652372612
0.2950726670134121,0.6217589436715288,20.76999713171802,1.4182371061869075,418.31472554999704,0.0009219738121795046
0.27354178244863747,1.1504113168880685,21.99919989817268,1.3567493601566474,265.56367996069184,0.0010778315810517033
0.12338972326823801,0.6790074683695787,25.663193797022505,0.43288868577758466,682.7745113260218,0.0009184222405946102
0.23748835892140127,0.7715769846901053,23.413895544967534,0.4041017288549692,354.74385056547374,0.001061362373275494
0.1804907119109237,0.7057733862760387,23.060325657291436,0.6212081074570763,87.8538071390569,0.0008824392788409159
0.11650783285237766,1.0592252541390053,23.885927305335844,1.286168288613675,891.925376706894,0.001084067799817955
0.22400677826854237,0.5498065784778828,24.422034702913844,1.1461846551652877,104.2030768471454,0.0009729826678169954
0.0552331463369709,1.3699847692549945,26.029018227316705,1.2279291506661936,412.5528218176055,0.001078908922226429
0.09021111026650588,0.9768501044318265,24.131830145948193,1.227362088906725,97.6226687353083,0.000863064187622835
0.261744178270919,0.9104470890200281,24.08441196461572,0.21468907621837147,3.645656743658027,0.0010473098652422424
0.287591369400205,0.7898840492350229,23.99421801391578,0.1920310670188895,5.800954097165469,0.0012862798421926851
0.11825099029108661,1.0972130372087434,22.885309977903727,0.7991026361178241,2.1748010704541882,0.0009391142702550932
0.06139605331836024,0.9530743318700942,23.813291486161397,1.7204521138812507,16.44565065760907,0.0008098306271381565
0.06262451143640384,0.9020465169137101,29.683556376867234,0.7634187268748519,36.85633888014146,0.0008685033101582871
0.15391601954160677,0.07201667206618921,29.42901039196549,1.9407827374243598,120.57026662507644,0.0010732376096237682
0.43548341799907064,0.9526367904471088,23.66529421077147,1.0943495169214121,777.7446151187155,0.001176105336338671
0.16557957797583883,1.809320543335742,19.305450353249775,2.0796980562741587,314.1819420146832,0.0009905543334713246
0.17460951981347883,0.17982868500391258,25.826482044471007,0.5591329218254587,778.3217104498452,0.0009651777395286913
0.18518241358468063,0.9855455429399291,25.84086626617928,1.0744312289232554,412.8163935402049,0.0008364070355127157
0.24568316423314823,1.1830619373133962,21.24147176408007,0.9510569685829358,548.350147035866,0.0009586045594509703
0.1759909936584069,1.913933978813353,25.75364648867282,0.09953829096076977,705.5240121067362,0.0009966742103219072
0.05493306009840506,1.1301464466189286,22.44593017458223,0.05768808850741321,144.3064116648739,0.0009838150009948284
0.1695063367786358,1.122710082583293,21.898203843593393,0.007845118480197985,85.68918131905473,0.0009085093212840736
0.20765721389066236,0.6135666935322697,27.12976477486878,0.05587210632460491,1517.826266545131,0.0009523261375679617
0.24596879966437746,1.0744999844479348,20.623997243188406,0.02940328065644985,97.0787921929643,0.0009403737717797864
0.21694516461787347,1.150721230327204,20.94862721777097,0.029179534481922027,106.45236181407502,0.0009464707191421394
0.14939318441837457,0.7608883550706276,31.12273151901432,0.4436745085490283,205.22320760262383,0.001041066698850342
0.18978799222399273,0.8460946706221502,19.7705549952752,0.5949088043828278,634.3144593196633,0.0008753043333001799
0.03621107661526724,0.8023529079133378,37.661254801877,0.18897976093663602,271.2559066049614,0.0009182234205786833
0.039626132812017975,0.6897416296551155,37.10055017522392,0.3857201450682887,353.60223799391383,0.0008864160134799783
0.263904964750204,0.793835799176934,32.1343867691927,1.0574496591851201,246.31227217266886,0.0011902431604659707
0.18056115377771595,0.37159643094666717,25.471492303443068,1.1614834442119417,699.5179260451755,0.0013203410981469962
0.21167935250136302,0.43781737620202876,24.662389124216766,0.7154071979768858,957.5798236252385,0.0010825115146949227
0.04274902403217589,1.02887800970945,25.96349975134513,1.443456698958174,106.9118125487327,0.0009610083243481476
0.08367141863062924,1.3900331262259273,22.703111580978103,1.0584732742403749,145.6680659090927,0.0010549043372914512
0.2128155207157867,0.7408201703137728,16.881741153219213,2.2330473713617804,233.43600515129316,0.0009615084124307116
0.18523683984637374,0.37643238784094624,22.8283283019977,2.230289514134083,213.99382795466244,0.0010216321351164367
0.24123856067222166,0.2944250875028527,33.74751245499322,0.40614214942367644,924.4830588439677,0.0009721173065603133
0.09766444073730171,1.8386740667289412,18.924185576539205,0.07227930395085612,39.005498438350784,0.0010312177815459346
0.35089974084952896,0.13984346454912427,27.8165787764061,0.22157884006226547,164.10154328187,0.000974172135640699
0.08504264716833909,1.9642105518061042,18.860584210777372,0.6156090087118392,82.73363018782337,0.0009069606260083119
0.07501612776669686,1.9734701681165587,22.57506077156606,0.5680050772400145,45.47489803367299,0.0008855701373954688
0.1750804408216375,1.9933513989115461,22.649673313299747,0.2570921256890607,36.312127090077034,0.0009429276766559323
0.18210680452871064,1.9778498899988588,20.744091359351664,0.35453605940817806,62.49249548957451,0.0009328572526098615
0.15654995241585268,0.9211113794214545,22.11880851714976,1.9011871731658598,129.7453985394354,0.0009141602970982442
0.14562194131858713,0.6558471770974438,25.022208335127146,0.5831337719998014,1079.7725159730812,0.001117955178119555
0.18077586498404197,0.6655923668446491,22.063748769014083,1.0937135016913653,75.94403607322785,0.0009539859241244451
0.18666776150072428,1.0655706317983868,21.87924282678163,0.7282033499020243,126.82572088698738,0.0011272298015376331
0.12958082254977907,1.4296477419656803,28.69695135801741,0.547641400241753,342.9598335086535,0.0011981340260644074
0.1330429398667372,1.3040119809262123,19.999268637320423,0.07861529198134351,540.6778961519152,0.0008596635787404784
0.04739702584836638,0.6040017143480645,35.24304891791044,1.1636715959583244,351.77701680314436,0.0009905265180531423
0.09284484417834246,0.96824194237362,22.815788173488052,1.2674134531688512,283.37345073646,0.0010097930473223786
0.120260237409297,1.3924480344790866,18.29478954967248,1.2501920854385207,369.41935776799795,0.0009905485375143752
0.31046864853912937,1.4110623376525546,21.72258206464141,1.8132157458316267,65.36084450296524,0.0011192545878247028
0.30110228796729827,1.2623144552473289,24.091502579964235,2.098479900657911,67.71489133440086,0.0011073709261059247
0.13278826719102527,0.8003783628070889,19.393313222530814,0.5619464378449943,121.8719884882894,0.0010305292311950122
0.12114687073757827,1.0380395691961135,18.4550336489209,0.8105286156310136,82.53192159946558,0.0010002866186531547
0.0591797979201808,1.0956845100956965,28.753418470196387,0.5444305617496653,143.39939173982594,0.0009793210139642673
0.14077199531067286,0.7744318593693345,25.591263399116546,0.5019390572271949,202.0425398445219,0.0009230401093351364
0.18557240752713644,0.6569905311915395,22.86508716197204,0.6763964669952189,283.04400336813075,0.000972913070433297
0.08073572667581469,1.1372419691801696,24.76485942887877,0.7851719071624673,462.6601027259621,0.0009691672869423402
0.3602462654389832,0.5689695317090884,24.828759543370477,1.2782291689778273,638.6836832416312,0.0010142028043458983
0.10195130877197292,0.9364637622166215,24.726492996047824,0.33998015418293986,267.2310039933587,0.0009216406830819384
0.12370384831371181,1.1814422605773098,22.171253679969748,1.60477268535544,78.91171508287526,0.0009759074605021547
0.16657145533946674,0.9806398089044793,22.205702571258453,1.6505325385034082,38.22647837197438,0.0009721221548157604
0.09637471803604004,0.7530648227903076,25.972214560767505,1.01775068997619,1198.7247273759835,0.0010414583642536159
0.05437462459136556,1.1106493361255945,26.40619897687184,1.457788798567996,36.18002160648903,0.000993389009544146
0.08483899593207665,0.6950132735169902,25.775049525339153,0.9925063467115978,276.91755006140176,0.001051574608096129
0.34995071665922556,0.9028341468551506,18.406260562661412,1.4419295936689276,586.4150658889114,0.000880452497402667
0.3769215042320629,1.021109903438345,19.71029611274104,1.1081983466137337,391.4350893162183,0.0008687289848298126
0.1709351313607066,1.2826253284433338,21.68524585548514,1.5144556130892672,835.7044544305969,0.0009230069281099516
0.17356139370087995,0.7926454612152731,23.87540721963696,0.7192511223031826,169.7575788314431,0.001034736853384074
0.23359809621703814,0.5235897112839024,24.435497186395068,0.3511712784020825,450.11001783105485,0.001041286695068391
0.09243806797806084,1.1654784256746291,21.20796560385624,0.7976871779308231,152.88313386302994,0.0010614699431179355
0.22518408137878254,1.0691081066454364,22.634560165813998,0.757800861063994,451.88479003130834,0.0009431325007512337
0.2596545272334843,1.255670656830213,19.217412976078734,0.12618618745289203,231.39415617484707,0.001037686901925038
0.19215462068388914,1.016609986587606,29.20477404750353,0.04754181408299823,86.13515286085594,0.001150480276356811
0.2723790831960295,0.3649059992562846,23.70138356407515,0.24579481113864407,850.7842502168244,0.001133337277072333
0.08449368090028517,1.6429739985472658,22.65260845620909,0.5431589957383375,138.38166855654347,0.0009168233803235309
0.058257534168665914,0.8016520649416352,29.156745390259555,1.0079732300821749,50.56806139167205,0.0009920796283751827
0.19782962662211173,0.5545394569589098,21.678830952744132,1.6636826749018891,125.88680310414851,0.0009479672323316553
0.06541660829443008,1.4861275203447033,24.181822307835173,0.37755462832205866,611.9237171603103,0.0008986586622161837
0.34136260350149417,0.8201909902958462,19.164483959538753,1.26282183957162,314.91883988579,0.0009815042916612338
0.2665016194582585,1.1966172679506033,18.996881187460588,1.714911635785407,235.6312989402607,0.0009364836902691142
0.1641849026448668,0.9064639375057618,22.81086706615519,0.392421421307067,565.9729179550142,0.0011882077748013324
0.16142680089298095,0.9097223909612471,22.130640397349953,0.8917542346580034,650.857548735879,0.0008567195842778911
0.13185259046041076,0.37441326470445285,26.25130349508607,1.9241645648058578,289.4731415330588,0.0007916370740096967
0.1592367636989154,0.38712791361096377,26.27851280386055,1.4434609523835842,434.90466979771236,0.0007970410871934716
0.3549533835902204,0.5228576090932836,19.604754932744957,1.5723354694926648,602.5141374973247,0.0009039293906425566
0.19939305485624415,1.5306214181531321,26.232465014814274,0.802106371178932,142.4554519078133,0.001003537897379571
0.2910992661497497,0.8167640626224317,20.06410500279253,0.7005104300073376,131.45158049389823,0.0008781581829535005
0.09126581720341863,1.3499164289288272,23.031334570710168,0.09612882113872559,901.2099131650723,0.0009289312827148962
0.16162825304486944,0.507882162097735,25.921906197775076,0.08141032124439188,382.74019018156275,0.0008381402596643535
0.09385281670869432,1.4440761518228507,25.045202530092503,0.2603383588254739,85.87564638683419,0.0009406485709823768
0.17191548367079532,0.8951657373233372,22.448810543006925,1.1154810612048505,24.100112839586043,0.0009234262404292939
0.10416176018488107,1.0051702348215827,23.05648449944377,0.8016475402081831,146.01393701724166,0.0010226580640581135
0.1215738675747353,0.6822624047340065,28.581648989511365,1.1005567389229176,240.43834962106078,0.0010606625311601508
0.04987047960977663,1.387358721587311,22.329803520111653,0.10628295661843888,317.74084644360414,0.0010513299535553997
0.06911816555543891,1.3329748434990085,24.333326356834238,0.1385098105907786,355.52839633492744,0.0010695765086814822
0.05400578513516091,1.698582993749992,24.680916347718696,0.13788568916895555,857.326977287326,0.001036225579820564
0.08532949230133498,0.6926187455318561,28.347229260733716,0.264205432206631,238.96792201410426,0.0011417463345517757
0.23754426278803772,1.3223130043801414,19.930749290380735,1.5504239103796316,122.72916895050733,0.0010894920891037717
0.1519205232298879,1.68984862902092,22.398297438879442,1.0292390478095728,974.3128871152119,0.0009205110972576783
0.4449660054341796,1.2787679618673884,22.423170250129573,1.1783355930035984,390.7851178874943,0.0009238650200786282
0.24759291240913947,1.5640322479762083,18.373218449899944,1.635799109647838,891.7835262007446,0.0008730212049287396
0.25745873035951305,0.7015781689775172,20.573296206400425,0.5887264493634821,324.83842403857096,0.000853874092777878
0.2896214971167402,0.572493925539419,21.234069426926794,3.034203174338976,117.5025522972514,0.0009423095896790213
0.2263200601060136,0.6262705719420616,27.504552531867557,2.1561711317009635,213.2510230458604,0.0009084954616696245
0.11889342187525963,0.5714451255375749,35.0378140005342,0.011539476968603447,218.94520202135328,0.0011762556542353432
0.09528409262629277,0.5364011963161218,38.52994969495773,0.012091643667546188,493.31887296808446,0.0012075154709523474
0.056673599994152245,0.7057062633143907,33.226768339359225,0.3039761243738343,283.9125260667827,0.0009059906191129579
0.04568311559047993,0.7221364740597488,32.31841997237454,1.2554265122203574,812.1788693379946,0.0008877996997159534
0.07245695856920356,1.226345352749147,19.98112985046214,0.877804599273434,267.5278887964357,0.0010361251278733848
0.4549776703921504,0.21621678920212328,27.985640254776673,1.8159627193024883,613.2533978312154,0.0010755881634927533
0.188066323554547,0.594960313359756,22.69919655112527,0.9396323913318905,427.0313584897799,0.0009040974890441178
0.1425512324664908,1.7828948832432094,21.84363359646507,1.0004420866106458,676.9605368496739,0.0010728626433868433
0.13889884455226503,1.6501007606657419,23.871799867919165,1.0018094922287242,436.38906315427664,0.0009214151312894528
0.18477296959362308,1.21538745909033,21.706693784326976,0.7905115942886114,481.523676506403,0.0008968088596131654
0.16837780884881018,1.4267507443100222,22.660993572012007,0.7995005632885884,296.5334740563356,0.0008321843872921808
0.2302813091322924,0.4408686671632942,22.74039655372591,0.2751137500180477,450.4958193986006,0.0009023934357906761
0.08886322684999984,0.8574874594058884,27.5026606709752,1.2798804284833765,530.0052502969619,0.0011646456878782988
0.03659923935881131,1.1456520070187202,19.724867005135852,1.6191497525081406,233.59712433965038,0.001033029728805277
0.01875924338243282,1.6835882597393046,21.995373401213424,1.2172778102655484,162.5401052735544,0.0010500292558158607
0.02173856308657233,0.6514866929469463,20.564952198779512,0.7273695204931744,46.76663159966711,0.0011671465090590787
0.023463699958482354,0.7198889693046231,21.453913544387532,0.7067696355334058,45.52582967229313,0.0011994122652098174
0.02163971439547673,1.486143780551274,21.08074750064045,1.5993833435321505,127.44045237432593,0.0011228258274291582
0.061626947372771745,0.656600033273996,28.808771466897074,1.824051852965804,112.43979668606121,0.0011383696159118705
0.11088227040118175,0.7745785376493808,27.390198513931463,0.838593295058229,103.20110934136784,0.0011466087737458913
0.02810767090666802,1.4404795730283753,33.07694870318848,0.5154313882226788,151.26080209387058,0.0010234474595453573
0.33098656774906293,0.30257558399050577,24.669925284448052,0.7309472595834752,388.4372199845048,0.0010763079301792172
0.04862018771098177,1.6650330929285235,21.191313713428904,1.9593579535038987,76.28892052925866,0.0009614467916650638
0.10290513995190227,0.5332415031256855,25.95936171480614,0.7996490475523038,65.6321653699303,0.0009305031235009814
0.12002502497783954,0.8596483465060318,24.94093718312905,0.90331646030608,59.969750023082206,0.0009593085153574499
0.055205034266023044,1.018788854646015,22.30369659687049,1.51637665526614,202.38711117956836,0.0009703320782321388
0.09998802614406525,1.055793845978048,25.477563152249616,0.6372121829225987,165.74926786043554,0.0010477237134097163
0.05513930431815356,1.0865894430756888,23.401074173254955,2.1031865320576504,423.4916389870396,0.0009509986978853835
0.17084065103702745,0.3998890876991914,31.83118130344394,0.6467522151738373,88.68248598091209,0.001065429121418753
0.20737390178824056,1.1770217283040234,17.321058573102444,1.7190362459147415,33.86967685685455,0.0010578227276551702
0.16970306385840794,1.023047352783473,22.571680829128525,1.0232960712381136,82.22294262964115,0.0010685374143923855
0.224694764079686,0.8846753316079826,20.129933128357514,0.8213092080473156,35.119343676090686,0.0010193937751811163
0.23427844858704772,1.268067040692309,17.700633255532065,2.169315415340118,248.1587174217718,0.001015198223773816
0.21782979515664477,1.2720164549657795,22.57782819698315,1.156919352807805,112.13851584617726,0.0009685662192294725
0.22333364427039923,1.1014832836847388,23.459249938248032,1.1612249661306102,100.21280895411046,0.0009751388252531227
0.11866571676681903,0.7539627599604594,20.870638809335013,0.8705068774958944,136.01954942317238,0.0009334046039392639
0.10554529586890048,0.6178023181331797,20.13741309429139,0.8945138160669852,208.0755242396587,0.0008929214554884981
0.1738525557186927,0.7152873501056061,24.163420160579797,0.13835344180433784,176.6786851754562,0.0011585244422670777
0.3451074984488122,1.1561134619345124,21.54016144258862,0.3017891958044556,549.0085443628844,0.0009143731248879511
0.07534495125550125,0.6581793754053066,25.03567888308643,1.2468156349712367,462.7055721198062,0.0010049906059942382
0.14011968896772356,1.3104650352207918,22.76207987372659,0.6994084732454982,1018.6842299473612,0.0008966523534262817
0.15604285003671037,0.8362738718815603,24.982300754777967,0.08480099416348749,200.2058712622855,0.0007702663540568266
0.255041274038686,0.7179519902698681,22.381524813723033,0.09246741548276051,944.4142037614079,0.0008217872593505262
0.08141913301741367,1.3519934834028775,28.475821112126795,0.022300336211117523,63.02393313195159,0.0010822247754270443
0.29573750148053524,0.8207389590810136,24.922817705781387,0.5803090155815028,983.1365946474949,0.0009185738609386051
0.3116411305478131,0.5606503966760229,23.990636769072765,0.40894666676237107,638.9149969176981,0.000933985070351471
0.0813241916090605,1.0607851565189548,25.39245343928938,1.2975921801474168,223.4607523220383,0.0011118627021922285
0.17037440234955278,0.7081444813520517,22.23091824127861,0.9734876890120344,789.4867587190245,0.001021216017252193
0.2640331477992304,0.9310518764605021,19.778057769897476,1.2174663701187383,291.4777397267963,0.00097755997637696
0.1672077841520459,0.4315863644128944,26.41458847912717,1.3648622853962769,619.965088525295,0.0010039798048923538
0.1104548098678002,1.0478201275436225,29.307175410903202,1.3115912269557455,957.4227558820494,0.0009668679936191173
0.1973803317241795,0.7495375690752645,26.46171153168786,1.069660439296029,265.7370317743306,0.0009368480136330477
0.15182360552122898,0.44011026537428866,26.413597224718433,1.4245743523872454,126.84962372587802,0.0010001723753637233
0.23905258447508937,0.9817416420139459,20.84981667483125,0.7647598803209369,144.708881349532,0.0009457336700708468
0.05264202411957554,0.871107465806576,26.48525364167713,0.9560303016898151,52.60434273906313,0.0009124165927279027
0.13209514727036598,1.2097489290757173,20.61383488931811,1.244806117084556,1438.4967630061287,0.0010243964266691843
0.17420733372847802,1.3870344842308273,22.26810564788692,0.7057169340351573,512.1511070878374,0.0010113594265536033
0.12184208597812136,1.1349987766686391,21.261361087816645,1.2403076443670065,261.35687817474513,0.0010176393085543447
0.14757982240392803,1.0735598439494611,23.53727526795094,1.0422285741692496,214.40688614275425,0.0009980840405127698
0.04591608677881352,1.758082347204876,23.72404130572632,0.7163123628114916,1074.2026042700006,0.0010676832581427008
0.04770253862241162,1.7454589033250996,20.558535457397284,1.0705847303426417,588.6403344765288,0.0011097841816154225
0.05800855893645578,0.45873949828876565,33.3971597216305,0.8612561358714819,369.0358096676245,0.0011656207670846467
0.08608512946974048,0.9238809860139984,25.096514066879497,0.6918511143308532,427.8796266219793,0.0011498129941602821
0.18268811920069722,0.5820922358936576,23.02014209735631,0.20539265418961922,487.2166290894903,0.0010161602786275144
0.1053043301003549,1.065675021895597,23.73211175990768,1.8798639180696208,213.94226961513448,0.0010973337009471378
0.14452627925439912,0.5441203910878603,20.02990316785304,0.9604531239267078,395.97105960570576,0.0011089518622304396
0.3372882228955405,1.357857169343351,21.555001460763638,0.4327609761437686,526.5707973820997,0.0009437962712521439
0.10695542590119386,0.6757410291822994,23.622900226337972,1.19405642039117,364.49138705304676,0.0010537897689969207
0.16798938784496495,1.3251214763382233,23.057781812385823,0.671274938140923,538.7378231093433,0.0009855747627331114
0.08584148822273736,0.6378228324832163,24.97157700784383,1.0148027407604747,300.0742085198249,0.0010025464309169666
0.11493697067598349,1.5798908026267577,22.46690857423477,1.0286001800002902,594.4740172314424,0.001092386098672095
0.09957399473617147,0.3785554262029584,23.448130106497313,1.5534048057564787,575.8845701615013,0.0009978888025556282
0.09764870672984578,0.5962461956393519,24.24254738363374,1.5838629840953897,656.6435633108464,0.0009944456004123091
0.04967831169629676,1.628234923935745,27.942476814881644,0.3131563075831113,287.3001995582072,0.0010714882638562496
0.32323569700693366,0.9885361187063034,22.97475056493553,0.04990567188054467,100.28726411977473,0.0009277117699410916
0.12091505193379695,0.4974665208064338,25.26706485297235,1.3496694653142265,1008.54079274605,0.0010640224189826402
0.09597477594904434,0.6068551190655734,24.310104407346838,1.4181774768099586,723.0882980247093,0.0010879311724443026
0.12821959944946285,0.624337158456406,25.331382116473584,1.193003983935867,301.5645741990105,0.0010441250104307198
0.26906417338312566,0.7874703651422414,21.908102793710338,0.6364672841572099,445.44015402877733,0.0009370194239523417
0.1625950940828163,1.0137417369029218,22.655069053042507,0.8688980601675618,602.8621349515946,0.0010295509742618213
0.09866198577056959,1.56718610572919,22.127376634726854,0.7868770719439854,258.9711938154529,0.0010693310628667762
0.08214504908802758,1.2171162582414643,25.304087449387698,1.5140922019849243,584.2461686467244,0.0010984036727979252
0.2472648823198881,0.4407785792884087,20.3891432690539,1.4134225403144436,380.2059075225134,0.000970284054677168
0.15322440845467397,1.0452189774933676,22.21039653454036,1.601543496023738,408.14185009904577,0.0008521929116106432
0.16391067383111602,1.0367226978918813,22.91541585068795,0.49300402743473615,499.34383722726415,0.0010277716403483783
0.13136323230353622,0.5781782676656513,26.27736243489712,0.28894367728185777,543.0486509974567,0.0009069631322870042
0.06580357559791994,1.187328007552127,26.706668162268056,0.5060406247478711,756.5362988899526,0.0009036158469313265
0.06868510977030103,0.9108835927674805,28.47597886538712,0.49151483862231526,672.5195267128106,0.0009173518241849356
0.15801113172303372,0.7041649411585909,20.774528726902847,1.423237871048515,303.769577271341,0.0009799319859738786
0.15225486547582742,0.8435220736797918,24.61175042612653,0.3690505767960578,495.6338644599275,0.0009532127273160304
0.1345781155863981,0.7583339987927075,22.373557871232734,1.1668727916455521,274.4754784899533,0.0010494111804075388
0.20254092845182112,0.9609869687984672,20.19343450579475,1.4274471071350376,239.70999910140787,0.0010846095365384001
0.24010916951421146,0.20276698822633485,22.173740992740456,2.1375545957499877,192.00102073358713,0.0010076461978950138
0.08098236921362019,1.166999612715922,29.71453723901067,0.7355024415114706,768.4580959417282,0.0011096950079246153
0.24566448788388523,0.8268607302511424,20.527609971129056,2.052650234623257,201.5116371838413,0.0009996864289854115
0.3363464249144952,0.4384085565430379,22.530114501417707,1.3097958324179195,738.7083544794526,0.001083597139012837
0.2657438725377556,0.5862741868860198,20.947606472993762,2.2549966408504356,591.5997657428782,0.0010943603695880097
0.164146567191033,0.6267611139313766,23.51588834093648,0.8874195131953392,126.93163381692935,0.0010064156058817622
0.27089402237835225,0.5894482347199015,19.146087692637266,0.3456705463403552,546.256266253153,0.0009699833915375444
0.06969761007764562,1.0816587200612031,30.291386940723164,0.37342090700570574,472.75460573522815,0.0009611960820003771
0.03783417471035739,0.5974458448442408,32.8894139020437,0.4380336209084865,1199.8384966879391,0.0010435980405707392
0.036191503702275724,0.8644275412765647,34.2197695609847,0.5530873512624123,738.4200605838981,0.0010499641827485
0.28125184713181683,1.2321916132459096,25.34303840060015,0.30001600803277567,124.9142103819093,0.001039520407355023
0.12125804041040522,1.071852324551922,19.649109323232636,0.47260198559580774,446.2689228127621,0.0011041873447206396
0.042879297910260156,1.070741130773742,31.998992217113983,0.8728329014950236,262.9389051382999,0.000977766308360406
0.039119692476686355,1.475763004053473,23.354068523759523,0.6016489027005129,159.2845792372673,0.0009434615978733809
0.43031851894063755,0.38943128588934,22.426274898352343,1.1023096457834705,64.84740428549999,0.0010907627446201998
0.11633543971593496,0.7851903646534379,31.441082947893374,0.38110263018213986,1528.7538918941368,0.0011424553890739828
0.10685500386296208,0.7238236807156105,33.677064448513875,0.27239549052267414,801.6712607705924,0.0011207629405976724
0.05078328823723175,0.9995440104811387,23.45494100778347,1.202118680797725,534.7916934844018,0.0010756113710433124
0.07946895864409229,0.4132764552283866,33.47856971933815,1.9044192506012545,905.9426977553468,0.001131616026216569
0.15167061557817377,0.800451215859643,22.223116664758706,0.6317851172691498,302.85842382921294,0.0011443012129760278
0.15575547856323815,0.9574843356767682,27.51496931828904,0.09319050715912788,108.5849451353005,0.0010282900459315262
0.29406919460941333,0.6698668519306198,20.00507726289523,1.1413502436340257,187.81586784833115,0.000930011024284796
0.24166823237437948,0.7977395892273752,20.42685936279255,1.2648201073163736,181.70072634400032,0.0009502740528521363
0.19961044791824506,0.26676217305329347,26.878101361882617,1.351999808562643,1704.8725392162448,0.001051836142654062
0.26816491910154167,0.500074097409072,21.971964047188806,1.2809008940132145,828.098974818282,0.0010516801852320506
0.04018091694863843,0.8643521167107758,31.44772157304331,1.1626107070871794,587.2419869031585,0.0011848364351825025
0.21987784742889166,0.8657220053528184,22.629574027487713,0.4927357308805539,205.6972351634109,0.001053955014204887
0.3473520245750201,0.8711041295449596,21.98305419589047,0.30518973062909527,809.3120389282204,0.0010351207800543226
0.06598415695010848,1.515917569581839,26.129549240575326,0.5920039058720304,393.7333196169628,0.0009240735974738715
0.022926699810274547,0.7686659133973447,39.38831858230989,0.04927407911351961,1063.8786729865417,0.0010236656341818466
0.04618070472704044,0.699757601773296,37.223990310048244,0.042227538503813646,897.6043638068361,0.0010610097120392421
0.04679677472372197,1.3371755277021866,33.63826760424039,0.024182261358087962,369.66783761337706,0.0011617464436984408
0.20503763698915156,0.7580547166085382,23.049495777123614,0.16797276088305166,940.7185432800327,0.001088802532977391
0.15759487699816252,0.7192823882213918,25.97127615907384,0.5913952628789517,216.96231410426637,0.0007084773330240503
0.15975807738280484,0.7060760188322145,22.42118243587623,0.9919515329952242,646.1166247270144,0.0008930659107034113
0.1984658116821677,0.6104818666476072,22.14879949992341,1.276809186660916,633.3531642860935,0.0011287748912557718
0.16423063239606722,0.9184369077922767,24.840002886498294,1.5166736836862629,366.8335618795577,0.0011535964492446558
0.13454314443892904,0.7155367015604486,23.024772834020585,0.9448151038892637,219.99600789835446,0.0011106900052939071
0.2654543135403702,1.0353523609570927,23.034356350147416,0.5957163461901663,307.9593266207798,0.0009864540906110598
0.12744123966561896,1.5838587755464568,20.706555084583393,1.7336722050669564,666.4880841275799,0.0008816868840985093
0.14243855728442342,1.4373657342832036,22.25007580783956,1.4750321203200956,604.1378862426127,0.0008862338690311688
0.1306648461747834,0.44607612878463165,26.48299319382407,1.0027774218632204,165.8865558675572,0.0008374495961539992
0.108081891759499,1.4552770106570467,19.621526847831223,1.395990398863748,707.9397350301696,0.0007930500975506556
0.12417001362659842,0.4385462625638032,26.487532358356333,0.849925104619577,471.2921766147285,0.001304475577333597
0.20045596280116287,1.2131448741188156,18.832337395583057,0.5164706686414267,736.953003178189,0.0011641250023590015
0.1657754143400516,0.46142251571668724,28.939634446277054,1.2744799330552965,205.14816528888326,0.0011985367919495596
0.16509136431656016,1.3412715331959915,22.003775044165284,0.44940056705130904,39.46174675666698,0.0009978890285680091
0.17231070195897244,1.4714383707900798,21.739306355350177,0.4193716817230884,29.22576809751252,0.0009836671389527047
0.224096980382543,0.5423380577143918,23.907075545151443,0.3497975595745551,9.965042517806038,0.0012542444352634343
0.2146175748198868,1.6761904374782928,20.52900793993755,0.890048403915017,41.81282539689442,0.0010736517465799876
0.17526513914024386,1.1520877508918133,22.901801416129988,0.9789455326706243,280.0623588338934,0.000993984819514586
0.2979929984821574,0.4315892751144334,22.432903891545706,0.5065142288139157,830.7921225618276,0.0009973631896380182
0.2232071241837908,0.21916961545941083,30.07832313654359,0.4884081968871823,433.696323745955,0.0009409016774785448
0.1293365677977574,0.6207301471806072,26.94874725271381,1.2184343837349376,898.1168595154554,0.0009084526426972418
0.10181806680910277,0.9792402776434235,21.81346331120733,0.46678188338980764,251.24099224212634,0.0009781527284439995
0.09990720620396124,1.1387452370070315,21.49681926164096,0.6529727780157857,285.23297129077963,0.0009916015447362398
0.3055517888089653,0.487559493144473,24.111809182405135,1.5478110208949978,665.2525059867905,0.0011033158818028275
0.2141540016832916,0.5605304490243421,22.836679093466785,0.8352200081513479,622.5382816241631,0.001038008482398472
0.20176906349832352,1.263227844490908,21.6146225855613,0.3845907785128027,69.71969284380344,0.001020471168575052
0.18724720729109695,0.46821824759923064,26.29606712367196,0.3232915442322109,335.48994605758537,0.001078241395500339
0.1290701807567652,0.6599349885144996,27.79403416781621,0.4726043713913793,425.79616538512386,0.0009804341726148988
0.1108737321275635,0.5907956138510244,24.664981861404687,1.788854326429986,591.4007149864806,0.000880158282778522
0.20757519935121638,1.0473360058561378,21.306071355843432,0.2614483240702617,232.63448611567674,0.0010808898111967277
0.1342474263902584,1.3678735613301938,26.81302368970216,0.8859443642428857,596.4010001710787,0.0010144988019733453
0.15342711646212137,1.1325742828367336,24.113809680426414,0.9483153881681549,1259.4653874665507,0.0009846178863479845
0.07487676773498027,0.9325931879355923,23.996898090634016,1.218779987702561,33.58896684870605,0.0010491910897401497
0.13695785542129965,0.9262687941522015,22.09485533516372,1.5296936219999122,20.413387568142895,0.0009174079990852639
0.11868353863535107,1.6275790606298106,21.525829825256253,0.5565253361754494,88.65012155500396,0.0008345781351669845
0.06757281693440666,1.2565288152432637,25.10919896763884,0.7726753745055883,785.4172508293095,0.0009582737512705382
0.04049542116400996,0.7817881910236231,29.249129851124984,1.8685133408184105,181.0595248419414,0.000964723627505146
0.08143900590249357,1.0552122723217672,28.701130216849506,0.42884360066147376,115.3358728765684,0.0009443152764043195
0.05692044835172808,1.178208548349635,23.598787147752954,1.0479340122455192,1082.6554830528537,0.0009081171308150365
0.044101589918690225,1.3949252905378873,23.67276159609151,1.2835553078114603,1127.619309008796,0.0008973774272250686
0.0958159588263965,0.7433388452506662,27.385912124451377,0.4004495396001209,47.293728804658066,0.0010347295887139659
0.055663908011022195,1.6097510529160517,23.4209780174017,0.42546784600039433,988.7716791548755,0.0009158102629836725
0.11416300679073801,1.7140755106072443,26.291032410032223,0.5090237614501901,393.4122882824419,0.0009488960157514688
0.10729936224505196,1.8068359490696224,24.667463930184507,0.6090979517553585,558.6199996281625,0.000972878278588345
0.1635508251586326,1.9312911538643596,21.744800651907664,0.7526331884871017,777.337027426235,0.0009472573149712908
0.15784411102497253,1.4897281753121185,23.076089169677147,0.25883310713301233,203.77732007020734,0.0011082415411505946
0.0752544634050848,1.0132147058098937,20.03378389063457,1.8509009147489557,750.417215286821,0.0009218479787527104
0.08591489688103983,0.6212361484865563,28.637017462028638,0.6723100025435248,714.9340729110271,0.0010152426544421877
0.050845762042337,1.600304100596676,25.6267614645497,0.21548914827570864,268.3775537753853,0.0010407997510552254
0.12027480851754137,0.4638816601826622,23.712699417063114,2.4040575751994826,756.8982905518408,0.0008076960379930396
0.243536285289732,1.180904124490998,21.294480739137313,0.1201739504265619,154.91995718674647,0.0009594093766460809
0.07900929912165042,0.6328191093508482,24.870428823783385,2.5751446998019545,529.1102135443118,0.0009376072321162096
0.2507724740919143,0.8509284441707263,22.429705342239824,0.05993729100301878,393.7644869838269,0.001077892517689652
0.2794245760292856,0.6353633629882695,31.876403168333304,0.06860126963811927,174.28454124738016,0.0010894376707179679
0.04730180602530361,1.3972074874297553,27.702588914212477,1.2024450857568862,698.1883961719892,0.0009109989830280905
0.06127736833197587,1.1362935608360918,21.323455349091123,1.3231774246247263,349.5363670460787,0.001062921944873747
0.12151698485332957,0.7514581637688414,26.213613946629206,0.8778382141151776,177.52539083313778,0.0008813739928449466
0.15671763026631091,0.27756992511890904,31.221490704553972,1.106651301357942,62.009071705163315,0.000996894872926738
0.16856233520340594,0.505985893291604,26.320464939548362,1.5711000554198709,83.65454161896128,0.0009679789832884376
0.1858237659766833,0.4901488531900364,28.35089097187452,0.27897048928423535,347.96134963404705,0.0010499339045710108
0.13359852769415148,0.8776184916507368,26.12766772556286,0.8358719704706639,221.96672803984978,0.0009351028261039306
0.06512820629055686,1.3140954457535468,19.223417485304655,1.3265533649432086,10.100053212737032,0.0009793255746503493
0.1421259213963675,1.4717387287601724,23.710215023868084,1.1803414294899592,899.2455940140217,0.0010783694365803943
0.13625509346751483,0.4830321591169529,20.712689379758437,1.2880483848136406,91.04938767551849,0.0009760852865856874
0.35237916503198796,0.9372009661631394,25.11913169652866,1.1164093532232575,1363.1178142838583,0.0010148789275285534
0.09809829130518433,0.6036630372812468,20.85417486370431,0.9215481318015895,130.59951812360876,0.0008700254920652004
0.4094641537805416,1.3768163232265773,24.173764697734168,0.7230720059975587,353.57104888045257,0.00098649957343983
0.4157422847808789,1.106988667410152,24.838212321762192,0.49275352998327254,773.4708792187176,0.0009962194614901176
0.3795966703722057,1.250773818716526,27.36529799051183,0.32745704670198805,646.1020709890984,0.0010194047146695922
0.09427337962589004,0.8558883195933373,19.887007525957344,0.7814648652729709,329.435929771958,0.0009242875857725587
0.11260816575747126,1.254550827239353,24.975321244257778,1.0660040675220666,368.9033623394771,0.0009038534293110366
0.036884306207995286,1.5031959168356201,24.744649350318813,0.38494806642402857,879.1031546453601,0.0010539490936837942
0.04841046419654098,0.7127810542367182,29.39066423726614,0.357904290929448,380.0947491927832,0.0009491862143301687
0.014748521077902973,1.9361596082402663,30.39560161817963,1.5130987289519615,491.0134714325857,0.0010248117337768022
0.011269755331113579,1.5930361857860322,33.968068626749094,2.358027655228644,389.24055716876717,0.0010474465114059175
0.03490087292827216,1.3553800109287901,26.349559814479573,1.1741508912336902,184.94994953476734,0.0008853020167078864
0.21659356703648353,0.5393129695014344,23.416213386597253,0.9272958007855422,629.9239126562101,0.001167139176582296
0.15154717481429994,0.5278673168806357,25.67702764945228,1.345988366703353,475.69224394556784,0.0009719106866827575
0.2360800833021053,0.6424601897600052,23.290972324427486,1.02848088240083,188.80297570020687,0.0008961493946943934
0.21732180043617272,1.3448723953502009,24.128765753543423,0.7289167594846219,45.098966423795126,0.0009798240545203843
0.032367347864815106,1.766769657099182,22.585576230098148,1.791876293019278,1495.1471395063222,0.0009974746738348542
0.03755920406731189,1.623165620193158,25.320560398483966,1.3065036529685223,1316.6817980585074,0.000951442356950963
0.07615477663025941,1.1308795025457996,21.80437681254882,1.299389686855578,63.21857302391421,0.0010206042073955396
0.07777123383345022,0.6018491442614363,29.392348339419982,1.5243741335377774,145.14933483597306,0.0009665539715243045
0.10737550322953333,1.2934616810037334,19.50681795571689,1.3564718433461775,168.4478375496511,0.0010206705566317936
0.0633144262890134,1.2512762951123955,25.566273043357263,1.3816589468558746,189.1134955719684,0.0010967214346482717
0.0965158072996994,0.9109126448049938,22.00505657284244,0.8121406518505567,546.7677137593765,0.0010184870726810188
0.2487739837906381,0.8861299068463991,22.344771287379057,0.7883257037321418,106.36731304035706,0.0009363154103945604
0.072404862954844,1.3702690174003385,20.70771836369113,1.1149748935300674,933.9414078169748,0.0010584959975473128
0.09601262967489436,0.792885132225718,23.246517418498605,0.9761899510726093,800.5812261294296,0.0009892512270335344
0.11771099050649136,0.7362471168783178,25.943414904948746,1.2601813360189849,362.7064074083225,0.0010355726274529063
0.2490969213184857,0.6062334212186324,24.21028408138268,1.0014268181105848,491.26453794072,0.0010036121638104616
0.3131549303610788,0.5175942467546072,20.722439669441847,0.8860146956142493,377.60623406385685,0.0009944063978596742
0.08738731715098658,1.2741274870745798,22.351108881699595,1.7737724044839491,86.06595643404735,0.0011186646745596199
0.2614587768009893,1.270499482268677,22.536666039275776,0.4522813709478715,216.5805540295546,0.0008824446599679941
0.10742572091746745,0.5081650923917818,23.78816718222017,1.9070457199487594,449.16810065314553,0.0009676389782885986
0.21832745043376095,0.9530135440013675,20.560566456521595,1.0134033692426634,596.6415696018938,0.0011163934820423874
0.2020479490148967,0.7640922306025616,20.703076156806745,2.031947217594822,172.89909801601746,0.0009861815222445218
0.1402948339267003,0.6256693688858416,24.927975237557877,0.4157152647236058,489.06514176020545,0.0010067476109460929
0.23804510206072999,1.073038632420362,21.618711400818135,0.5687400489856724,395.045608411132,0.0008857586892578631
0.16085800613498621,1.1266621459418256,21.697759609210078,0.9524002432335835,596.094586682656,0.0009208879321348006
0.05425581908541759,0.8054522153891284,24.364054631517565,1.7807028033648233,370.56089303983015,0.0009493907648364558
0.06462021946794465,1.2422254921844846,19.662766256517298,0.8676429932671632,211.4020870624934,0.001012167665048154
0.09642157277342442,1.7407186771153218,24.215937979910176,0.7731185731476189,347.26530207521586,0.0011216794218605283
0.0992934090787745,1.4521030987624919,19.53784023427749,0.6852623850620431,435.15701200856324,0.0010486626874912492
0.08555765023192238,1.3501777663074437,22.80499241769312,0.9109555805512599,396.8427876270385,0.0010661227368998114
0.09552515400687794,0.7341608450587362,28.967216493230676,1.6087142623756026,164.29492968497578,0.0009064948188701636
0.11251193052796737,1.2929637033189656,20.666631214095077,0.36698993772608796,185.3540847366319,0.000982633474963994
0.12228194917577546,0.6246064946791966,23.450935689007675,0.6013961805089489,591.1493719747116,0.001014683372812449
0.26757741903698345,1.0970480367869415,23.73861307797834,0.65855737908335,348.95467456117814,0.0009128291162863235
0.17572790160595408,1.2909552280046863,19.513649081012492,1.0558721280829844,286.2422725457388,0.000973837857135287
0.21592970613353887,0.6670077836161729,24.43064329354736,1.2605968042185605,709.9981574769297,0.0009804062134155028
0.20435738793645516,1.2962142794368643,19.307264965963235,0.6576708514246333,188.88102662338517,0.001163461345413069
0.14940123626502602,1.8611336588119787,20.74107462599961,0.4945487872724264,141.8703920109183,0.0010978907154657349
0.2535036638966842,0.1142318503815831,28.163029240913403,2.449698998069876,882.5841371216158,0.0011165276897281663
0.15588705610829803,0.8572723831434323,26.535731330939363,0.5575057914033731,219.20607106635907,0.0010496515673227979
0.23590415029822986,0.8598310291800996,23.07129877864221,1.612143371463928,9.556726890217307,0.0009878715744336404
0.10599140532331816,1.60905435348516,19.43331622153215,0.6488107896073163,190.96167373439704,0.001118033597284195
0.10345054820485555,0.4264988383346859,29.4989189305792,0.8190670909625842,225.61036530623505,0.000963896370118763
0.23732468217972172,0.5477722861874008,26.424197772708556,0.7807657396801957,434.66084627986135,0.0009715877508947664
0.24338681008381838,0.7301551037396312,20.54396316562333,0.7537763303312639,651.8998884759307,0.0008865439458926149
0.0782665272637608,0.9304037478961938,21.60957220760409,0.9416072565854103,320.8712903535441,0.0010432902522844166
0.10417449913137428,0.7365982861721007,24.634638724536718,1.6961990961273663,860.8049588409183,0.0011444127622780495
0.12736410348241223,1.0629448512858908,23.56637787100664,1.4715412342557754,160.81490455157706,0.0010081497730212135
0.16833990972900448,0.8132753843078341,23.068358772403503,1.6945446597900173,323.891441652404,0.0010944938205752189
0.054363817012201554,1.0396200999452867,27.962005182014884,0.5988731924140391,325.7750449134277,0.0009031895521760279
0.06426109394196924,1.3240201417797208,21.438358727837972,1.3688532884114695,233.5795335544847,0.0010033473961712739
0.05199578306029485,0.29670531738171757,37.36527101782547,1.8516885369930804,1191.7460023897822,0.0011587966932413726
0.05974745007501734,1.1536607930462204,28.040263677315963,1.3790600805514035,254.5195101381631,0.0011214041681356865
0.07677749208969181,0.5521845976898804,26.909483317530288,1.5165941137469117,1033.048748398084,0.0010650188464925495
0.07553231012659399,1.267229176191375,21.701214837486,1.144615804863257,149.9102609593618,0.0008694195119058397
0.07680022832115155,0.7577543259050665,26.271511097136138,1.2731344818938317,506.2800282214752,0.0008883866292195011
0.049106192832562866,1.1705109237242406,25.58878281193534,0.32710149997215643,910.89001858722,0.0009251653324483724
0.18566554691511372,0.9028268969915269,22.955149627161056,1.1024232814919936,105.54789425291449,0.0008926768816634694
0.20171121069367937,1.4594747472707583,18.355496570707714,1.0023928838811562,615.8280361360271,0.0009566709245689641
0.1638319302481289,0.5463806034370171,26.042879805023446,1.8401101895880385,380.0866436246669,0.001191009405316375
0.28929209970019587,0.7917662578294271,19.870776252116094,0.5772439966290124,673.1147050196612,0.0010701692173134731
0.19272351849297775,1.3900745328876405,23.65802703459827,1.6131223812242264,204.02217303061596,0.0010595070997868898
0.1992438124889817,1.1332948661290263,21.515048066050657,0.901248819967236,79.02808707022322,0.0010213984621140206
0.2520944576672875,0.26260799594982176,28.361086076294583,1.727871677532552,315.12553851583954,0.001015555683123273
0.28621394259299293,0.2629074119940454,26.941267622214617,1.021515495435531,319.8748476329739,0.0010247924278811084
0.06618205414664277,1.5533144293694907,19.98673152053984,1.2219428988453018,117.46476926489231,0.000994333018719012
0.04665962839670934,0.9550479484502697,32.241050078175576,1.017887672789035,1089.3737046115414,0.000910144367186279
0.04540692926327336,0.9376121317760591,32.45012528186513,1.094478031339888,949.1469720839424,0.0009040972047025445
0.022630977090093825,0.9895658751339312,30.707935375367438,1.1993038871301338,702.6261415302333,0.0009050240488870389
0.041238754951368826,1.2148306542635585,27.06590501850957,2.0353903539665326,831.4560621066311,0.0008371564281934448
0.05169202692912921,1.6245499781172261,20.260517268616574,0.651918774325786,411.7712061097302,0.0009179089784370244
0.03152120233681893,1.6090575831612586,32.14241240255524,0.8176482858117583,280.6902535140831,0.0010226682489442738
0.021152876265857382,0.9418420638041154,28.586685049141376,1.4208768279938069,858.9479058280062,0.0009797067740926133
0.019782036003363767,0.6201086290143614,26.22790960110258,1.5461134480012038,850.829681249583,0.0010121629432510032
0.023149390432391358,1.5333268178240325,24.3562156521554,1.8019380241478151,681.4962288649712,0.0010269846735931354
0.021423903602700994,1.0308145342728934,30.804283484258956,1.8131782325002332,206.64492872573922,0.0009456743857194296
0.16683163949229315,1.079682102902158,19.02640329127752,0.600406586357627,382.9795577058908,0.0010711515826825294
0.04545222091328747,1.1813234333760283,26.003697409833,1.3178096612672452,220.84814512873442,0.0011183434111713263
0.03053626704827372,1.0006104161968974,30.8348743673362,0.46810088365985114,1034.7254607603272,0.0010956926371565704
0.023016942633363298,1.4673479587047282,31.524992381858358,2.236137991803337,245.01739160735596,0.0009475178793106087
0.021494678968730696,1.5139353970575922,31.12703772344621,2.3410004066362884,255.05043666801615,0.000949014023411714
0.4237134338071375,1.4765156002299438,22.93854937298263,0.029832551834449186,55.46564958698373,0.0010657198417354176
0.397738884059173,1.1436176359849868,24.863827575982764,0.028353222017598947,68.05564312336037,0.0010414942647011902
0.17033750154006563,0.5801098153125184,29.934832694789847,0.01234925924537488,114.02191951310697,0.0011101901330738502
0.13952598130140997,0.8537950554254439,27.09960816504951,0.2857143162556561,61.08398332633798,0.0008540782913830865
0.10911838947503909,0.9055996060701321,22.2226332501431,1.1308258227969779,121.07486262640815,0.0008668551212323168
0.0738370831258484,0.8099609462940605,28.97718599847752,0.4252381624332007,663.9492704354718,0.0009162356789374072
0.2634586598167367,0.7242226942759746,19.48495136752453,1.9542969520226583,276.3209013062151,0.0009769381993807616
0.16360971319041803,0.9041752507871021,22.548658137988088,1.0120572839225541,184.11853162665398,0.0012664385375343633
0.11830187608642495,1.3415786662628524,23.091183203385917,1.0811476875963413,273.68888529490937,0.0012721256378245018
0.19771213033578292,0.7531618016640489,21.064821927384077,0.37205329547568,130.74654522666364,0.0011653843091933437
0.22617652800682422,0.9014820421556763,25.78687573149184,0.15218324058900226,274.1855491702111,0.0011281318073812939
0.10986097981095955,0.939383300170131,22.335995210248193,0.11455172363159434,561.6935992065661,0.0011094145630394536
0.07514048317067762,1.319884065811288,25.888572048159688,2.885181901005451,33.560975286268075,0.0009325649258259329
0.09159921115162696,0.6549045892514855,28.602990554760243,1.276495075394142,10.729415773701872,0.0008758235021151695
0.08314516500179181,0.7282159341204717,28.641879089260495,0.7674234919215789,1253.0215921769902,0.0011542772803732405
0.16293885316459622,0.46203909968604523,24.901311725849034,1.3726081776194285,198.00238511800296,0.0011306719886751103
0.19947453783866495,1.002200862289173,20.601462502202786,0.9304159326010029,235.1766331567366,0.0009468189606283779
0.15741933559763507,0.4942858425124331,19.880818666669303,3.410175781611633,479.52827411123593,0.0009437419840164936
0.15597835962012516,0.6399520884572104,18.451133970239052,2.3009245769887854,402.5099457280734,0.001007283539799377
0.15661957641631447,1.2483521828790534,25.516642658154684,0.2524646477547477,357.3572852010135,0.0011188662814771216
0.1802062390753895,0.45132832711120163,25.239208265426875,0.0713694982969234,898.4707173806752,0.0010763388689760788
0.07782027489412095,1.5721029355759228,24.19213852003835,0.20382392829798324,310.9769558501429,0.0010277212650519948
0.09233349806772777,1.085091168571084,22.16306518678003,0.48305525932389926,525.6117260206391,0.000997599850017312
0.08768543919656023,0.9224644347977773,29.537865354721408,0.9445780047504404,14.69653384357509,0.0011236271050476553
0.16964571248153554,0.8712062935840406,23.83277122837065,0.3658945200302641,38.72058426731773,0.0011324965604856277
0.10676166619625027,0.9149744830208544,23.386216370383238,2.408155732705735,115.6586362330761,0.0011468807072933804
0.34346252326972404,0.6948824185873878,22.060549934006207,0.5534332663344197,55.152446678414535,0.0008949633390763318
0.08894484755228836,0.931410077005284,26.610769883570484,1.2570416138972786,873.3147238795698,0.0010229656506920931
0.13836940085029933,0.24463940862892644,26.17699501425368,2.0521010711525403,322.1964653351085,0.0009790043518050516
0.2748477070629929,0.8952562971933572,25.712682562246624,0.45079099735593836,631.3805382186351,0.0011020080738171887
0.022078478547239697,1.0909730599883165,22.200820292502975,2.3809523533322188,296.78235038607926,0.0008419083481395564
0.023118016644857207,1.1755242747259966,22.930946589069887,2.172103193153131,263.4123818575065,0.0008474168419046546
0.06690950483710523,0.8411816507376684,26.10683320517167,0.2817229990320498,172.91575558166116,0.0008471883024681844
0.23398965523740423,1.7041539951420706,21.116054425856678,0.23725525404220205,402.0523616902081,0.0011896972314722235
0.1748669204882619,0.7736913498119276,24.54533256461837,1.167517801847424,214.3712075640006,0.0008846842920289542
0.20396923976523978,0.7849104633662967,22.26140790954489,1.1889155371392734,772.2255304335963,0.0010084019634751299
0.199156180879995,0.7791768113218449,20.395061657768643,3.078563420653286,379.7613980981629,0.0009721373048807249
0.13762038482507344,1.845133829327994,23.755441392178763,0.13062099854254608,517.9694526637602,0.0010062378670476994
0.20739408225281813,0.187232758332716,24.642856019899565,1.6831802636189286,264.3452914216165,0.0009451164805250153
0.17639171511114474,1.0086390503453238,20.002402255031697,1.8921195163701239,502.1204821979292,0.0008489268283804014
0.13938242790162683,0.6355088421970732,22.661774160067857,0.21688870371968527,265.7333497869199,0.0012051868369534877
0.25316409880104984,1.403937093695621,25.383548966131322,0.7105392459664764,845.2863933346661,0.0010864919423125177
0.35106774416865105,1.272388847839976,25.144074888308523,0.5033502233984388,1648.9162689938414,0.0010997472019564545
0.23295373388525603,1.3511913842719345,21.71192686332741,0.19921428582207132,70.74616419579561,0.001126218827130772
0.031415140293261395,1.364481310626217,25.435851265884345,0.7653793829143958,612.9731775407195,0.0009196269923020866
0.13842830797759922,1.266329205694526,20.273832783798635,1.1879359134654461,181.18581718447354,0.0009358034143867631
0.1323768940286144,0.6030517000958034,23.31998123659748,0.9883643760930589,316.5393843328113,0.0008643906854236902
0.19678699336206715,0.7277747115110299,22.65632024922192,0.32232542200546127,592.9057568154257,0.0010822014226306695
0.11588766202622428,0.5893207491348971,25.62029428085292,0.5951711122279553,653.3413261622994,0.0009937863155561953
0.08908712298795092,0.6495793403918283,27.142088445769232,0.613983012835786,969.6397400443581,0.0009952380727893493
0.17934425573728696,0.6703161862609524,23.691785629795294,0.9708505886017882,303.0429677680073,0.0010058353311424952
0.11212080646637124,0.9784152986207076,23.445051734000135,1.2177875884719358,479.8757897211988,0.0010695959867659444
0.11132530116524146,0.8700294438295123,22.91563718579052,1.0790026922306315,312.64076006606825,0.0010512847612044569
0.06520378932680236,0.6397907411519492,29.88180680999873,0.8425599080325917,231.7351934421807,0.0010518228558576272
0.0478682189598122,1.3836226064144035,23.336289913159007,1.561422448877038,734.203128048579,0.0009141346035728407
0.09161877227423015,0.8360446942800265,23.90017485292252,1.050378392079427,556.5177896658438,0.0009903493182797946
0.12017496358035291,1.0754282544041467,22.7897045253585,0.8113901699649756,87.12399578231894,0.0012254618929422435
0.07796227022986807,1.2228763390936503,23.506590212437267,0.5408114895548431,225.72881563143977,0.0012087941134623658
0.10768083085599127,0.6163582097550718,20.955700202021497,2.1748535880227133,962.0244527409471,0.0011850095813354094
0.09227866646222789,1.0124801935007637,22.411368136457025,1.2998560016356049,131.0664336354866,0.0010425906091183204
0.14843072739730317,0.8741282456806281,24.333922342627535,0.4787463688348181,118.19330248316494,0.000939692698796535
0.16931928009094088,1.002634250993905,22.542981638685966,1.8239449593177561,128.44662677663138,0.0009076673422033273
0.1714390234249573,0.7779025121802234,20.451511530726076,0.6633743823910646,346.0759735261126,0.0009214202816085053
0.12923420109736006,0.7347861368652051,28.999238963903196,0.20797775408918392,563.4371920291661,0.0010583472925291798
0.11639880658353638,1.09091155146604,26.19055748756746,0.3739359587168312,192.85357740860238,0.0009439354244795973
0.03710572666270059,1.1091829877991561,29.78277588370048,0.2460120724335043,715.1880313487143,0.0009154082706439774
0.03999468390759991,1.12938136548063,30.753738684814188,0.10670242113458807,436.94987718081825,0.0008625317798342058
0.06681071767926475,1.0593631913613573,25.215888852696203,0.08829950284280998,370.82049493287894,0.0008606389364371676
0.20798851061967147,1.0973743809462484,23.87801325830315,0.029967917118337514,838.8379559137384,0.0009565823645880104
0.08472729850860274,0.5168646452247426,23.948725937070904,3.3810632485321945,129.64991418921682,0.0009977928940049139
0.09566607898657652,0.5250637802185619,24.649591298753528,2.131183919083046,142.18748683850697,0.0009665610326314992
0.05181285881203301,1.6197410947933417,23.464569841319005,0.4755450618652262,417.5842337600815,0.0009015278648609918
0.05271657307877079,1.6456313585869415,24.326480069940093,0.5844316884605723,1006.5424106990117,0.000886814293696272
0.11624284356946993,1.8180731703571742,23.348093896100224,0.29132433570959865,171.90118879229576,0.0008499770141033181
0.10133418827035309,1.461239571092885,21.62732170627514,1.7835053750084804,534.1968166848483,0.0010856147255645992
0.15374572632067496,1.5210737862795596,25.448098715838128,0.424509503981454,1101.759284146458,0.0010789674954504824
0.2582929121785157,0.11809257985112352,24.483860390042878,1.3843090377309217,209.04474437345965,0.0010098821507285069
0.10260237585798966,1.9726209187632806,23.59491400553077,0.3985226772075279,251.66315528979888,0.0010454728294435175
0.07058896237618094,1.9798287181199017,22.195987267528274,0.2356087635798736,99.52350417368977,0.000860268964672494
0.04549184886527425,1.9827887949783352,26.693965404060506,0.3100677701330117,53.880217091219805,0.0010081670576176315
0.13152040468879742,1.7178868315639717,20.961540142986006,1.2136546981273444,270.37523552700424,0.001085504921050551
0.13009784255832602,1.7664760511130935,20.79078995910981,1.4096623619022521,339.0709705402465,0.0010980214473052502
0.23502031619550887,1.8233924286550702,22.495443891660216,0.3661255010010349,370.96500389612476,0.0009893642944991594
0.1499851040063234,0.33426896051383415,25.410874295124636,0.26317738046126826,370.75991771637615,0.001050972260078753
0.17736585527483267,0.2381622513303578,27.313576810084562,0.22599520188029776,594.5275967458423,0.0010708052304266888
0.1567968053541298,1.872328871404776,18.49022064831889,2.358326045028488,273.44815506685757,0.001116386658424286
0.30153786989601983,0.5978814950384398,24.173509630560275,0.5830592840521759,66.20852000505823,0.0011914602205909683
0.129438897545759,1.7185076010315241,21.41306496010053,1.4469471144572246,1195.2705681044454,0.001113195825035486
0.29767507851355596,0.3118875558076996,23.391676378257365,0.6929339382645411,112.54892409388079,0.0010547064892150635
0.18820434148758478,1.5133676697131548,19.544828489616204,1.7999095477439897,203.90986484552556,0.0008676730543988766
0.10464920426941389,1.2244477254332555,24.901505871636054,0.3046627335105268,131.3305141040296,0.001142188821196462
0.150675527475075,0.6945201439031841,26.80314579927761,0.3924379009708818,144.87923327556348,0.001150092165663304
0.17888885352801073,0.7199788858645252,24.42130710018235,0.4470834598793459,183.10019857099817,0.0009162448921918499
0.06504666061774847,0.8462188943560186,25.95720179896227,1.763649153606726,96.463319818457,0.001006859192096488
0.15362014910469074,1.233179470075979,21.019621339073524,0.4098727018867022,161.90153446309253,0.0009404237080905612
0.1082930945691651,0.5849206084955397,24.04677661269004,0.8885321317918382,853.3362158117799,0.0012207793967625364
0.23701802041257317,0.8842159086062764,18.98697164989937,0.7286440801293481,88.61950130532185,0.0007458127516016367
0.11560287738421594,0.8506933164422157,27.18196826839259,0.39046974543016116,364.7837870561199,0.001099203512864067
0.1577471119806045,1.038218260669048,22.53965235455205,0.13827320042202626,545.9901502056504,0.0010633590737067228
0.16218185920169872,0.42567951824741385,27.595139540971473,0.49708728471635194,522.9705682171178,0.0010395829734441292
0.371250854109241,0.27607912292202264,28.74064926178157,0.22648697770859808,851.4109162286827,0.0010196157587688249
0.08595727154587395,0.0734514868160701,22.17172980768679,0.2121081076200401,615.2847931352205,0.0010621476406762176
0.0699142181416318,0.0509557190882505,20.921588893680667,0.37090842442587785,509.9842916444776,0.001017004632943056
0.18772887187484938,0.0778660257617824,31.577749233174064,1.892891239933559,230.78312997314873,0.00106598354002858
0.16192891475963672,0.11042093466380686,32.122018997617495,2.8685992554077484,613.2719891276327,0.0011025491569110727
0.15123423274081085,1.5245831460438422,18.877446795068884,0.15445331601132406,189.4201432556458,0.001146945668865511
0.10686539827304299,0.4007637879475873,31.18260183420231,0.5156810789117161,420.99578692892356,0.0010149133055373605
0.17691308641041859,0.20666573492377216,26.852868549306248,1.7881344861827275,522.3699722067365,0.0010849934953067483
0.15402317385021144,0.9140679587368659,28.45144487554453,0.6575413992037165,127.81339870960453,0.0011043493411683513
0.20779346039303612,0.36532228220114826,21.419649065053683,1.2384334196742346,761.2709654823675,0.0009108020302307158
0.1692605151710072,1.1676706872797395,26.856224329486732,0.2225759031012231,314.7982763579531,0.0010765596076774337
0.17041551592263143,1.0464840937267477,22.68402060678712,0.42827865899784456,903.7667973465439,0.0012003380376040102
0.10219987398005813,1.8705154733591822,22.41327841084309,0.5224479553417213,411.41415155673207,0.0010621173486213737
0.22693161676103676,1.5347553456256116,24.66127003834388,0.31551058380722996,334.82983214288623,0.0011125532362634616
0.23001413962653142,1.5710462137177705,19.81760452349634,0.6016534466683032,199.8164223013599,0.001021234392167352
0.13449066885687982,1.4123007045771765,21.656724867265964,0.8660606508975564,177.83675274614836,0.000956845485157371
0.11700161965549734,1.7972071260606388,21.45610037378571,1.5457966393572435,97.28798301085304,0.0008878274815707402
0.03614454815493665,1.3338405303285212,26.97025167286473,0.7446691997162164,77.51910497359275,0.0010609584742207773
0.061454275123580926,1.3218398570548497,26.38642256766715,1.0426682213432061,206.72501496462468,0.000954312997051852
0.08417459617384845,1.079503824329079,22.702752407349735,0.37088118020037697,775.191430088145,0.0008576321599789165
0.14695596714516454,1.6391078763385383,22.71812599662077,0.6499077447442867,60.16886802195192,0.0010096317866196529
0.19704217608886987,1.5294483332836135,20.56757695094749,0.516343668679175,64.28556301403358,0.0009877273893691095
0.18802455892119144,0.28054554528104764,27.33189671041824,2.354537364684071,315.12435690677256,0.0009131275709726933
0.14530042609648433,0.09467005111810362,27.862276603700384,0.4293218264874777,613.809538145566,0.0010904122897696493
0.14774016025869857,0.026096190550386058,18.871998017906552,0.6507328209398245,640.9071365268876,0.0010701379196063636
0.14128935566038786,0.01942441501090043,3.9671147682526526,0.969048975377107,223.8821461917027,0.0010518161824602012
0.10869616783802075,0.044411146301792555,3.7872683315047255,0.7611689301456368,257.67500446568283,0.0010956779642298181
0.05526715350314669,0.05472918241327742,2.990110346199688,1.1710115230847242,772.8690701619197,0.0010325973363625757
0.036074958189237304,0.05053570575929438,4.995625149211499,1.3092409952024697,387.94470927565413,0.0010385124327344098
0.2506356308953766,0.04820646588304489,1.4725875206322854,2.217980102273732,360.88330609363584,0.001025851705779715
0.07906185934385747,0.05499399593596017,1.3153117419511102,0.17049494530396458,517.1621537370447,0.0009402534667744099
0.2607990047659948,0.05219038199169162,1.2293765989120367,2.2587627490087705,330.12474425149384,0.0010105612552667672
0.10820145557782163,0.048208611599175104,1.3810220041132517,0.08339609347834202,233.0792545908919,0.0009312853334699652
0.07953833683485098,0.04688119168526884,59.56499929094855,1.672403354690458,73.22074448616009,0.001077000731622787
0.25425880551920665,0.1220555678682005,32.82219211259592,0.5997327024363799,753.6692218472414,0.0010920804523276777
0.14976847992800793,1.9626528937286554,19.230545524139277,1.4595038859708436,246.28398213532108,0.0009099140308420732
0.19631478525822205,1.9916702449686507,21.183993301811938,0.36109419287583655,34.06709957072248,0.0009760444987285655
0.08069999361842739,1.9114580577313514,23.138557628894535,0.25822427577259477,1245.930785484434,0.0010139867459037159
0.0723704001964746,1.930352594925164,25.950229505527393,0.26915953621058264,219.82892606300402,0.0011316194890404149
0.1718792669469901,1.3023864474732996,20.109858115166308,1.2787078856922882,62.7036165058819,0.0007847956765250478
0.013897094458688884,1.0695214521195555,27.235612498186953,0.8314124296797419,539.8354458275886,0.000857880764422128
0.015566904891572683,1.8064721033660813,27.521211686518743,2.3961114042246963,587.05622792947,0.0009545731735070075
0.08492627928667755,0.748136402092312,26.07109116274604,0.6072736305608086,142.39462026713906,0.0010966817272055355
0.20796738708156862,1.3829711958099031,23.711044909167143,0.3929159683594931,55.83913258979109,0.0009445826964272619
0.3237079167455478,1.1534177852715861,20.57574795937713,1.617124955302413,518.8505274275194,0.0009455913429287942
0.22899005300402636,0.537286127712706,22.923542520869642,1.1485209895616506,211.18818129164057,0.000995879172171269
0.23198514814538318,0.96021155103409,20.2390116666094,1.055863414537762,1148.4380080454655,0.0010847002335866998
0.2625951212459145,0.6094843811837222,20.450192903771654,2.024115834890666,846.7883688029968,0.001067700100811381
0.18861876094204164,0.7215619172235823,22.8950747474095,0.05544336247243093,470.13792277847716,0.0009552200957889421
0.059612197921035844,1.4567400469645309,23.957116977636638,0.10101756967799261,386.9148567386479,0.001244029951542244
0.07721832481972889,1.2000968752223895,23.451753127766604,0.10722437114565858,278.88622255986246,0.001250957200696172
0.099451952741439,0.6908853695933271,28.83897017243013,0.4257126643989339,778.5956780213075,0.0010084371191848983
0.21804699047750745,0.6517776372155532,24.796354412095948,0.08892504089838711,257.1229487034389,0.0008984074811423476
0.17085636959320047,1.0490946425182763,21.26412160406667,0.3728179518590571,732.4668234182578,0.001009676458752786
0.18393551926442217,1.5250118120412637,21.96972987946533,0.6157094252560366,653.8816444312345,0.001027429710952366
0.2218412697380297,0.9518170048308272,23.602044243722794,0.41610161751124874,718.3064718407222,0.0009046419554232885
0.10156557838683752,1.7064512044892512,24.623066054832833,0.04423457698121473,389.6582992391398,0.0009667522360325231
0.11161057637255345,0.7609596519617622,24.365256180934352,1.357908741686017,114.32023294384365,0.001038939273396655
0.14549846798607521,1.109934445482216,24.13045941881131,0.7635935946874538,299.94319528226174,0.0010808600458574018
0.16144059344011716,0.46396613301824335,22.431984911449028,1.6185588977364667,645.7151369156369,0.0009766834702547144
0.18203323640598784,1.2565776864182756,21.746850591360904,0.551935383804309,344.1518634813212,0.000995491769340383
0.1656237959734851,1.103861889484281,21.992691784582487,0.2901846748135568,94.76240853279218,0.0010369922176389156
0.2820146192396841,1.1616594259582058,25.01402573177436,0.11553293509456718,485.51434508117535,0.0008822930889763214
0.20801716347822455,1.345737311272258,26.49040265336912,0.06994489278474197,450.6808178571654,0.0009800743132539291
0.239193357240919,0.49496253719311073,25.24177923032609,0.0190935454566621,287.80492823856486,0.0010583787700923814
0.07820119258814585,1.6351175214313491,21.979728094605395,0.9020840819496465,518.8961344105984,0.0009005382469712067
0.22826979551431967,1.1673985885821807,26.726294572707555,0.29010103824087996,137.45579525111216,0.001145919433007562
0.09515793876452154,0.70260853265925,23.263291434920568,0.3011502990660524,469.8900547749948,0.000977875254946477
0.17194640094499816,1.673313587390535,17.942619686986564,0.8601483119128537,102.13712672466016,0.0009987146868818254
0.16736002185961252,1.6835755343346404,22.47457035323913,1.773718881216551,659.1303662600172,0.0010786570746040374
0.14636190237234725,1.7354422863788546,18.24838585424499,0.8022661954720626,331.6037771241344,0.0010929476217576139
0.13753753163947327,1.7751278763948621,18.85647450877688,0.6522866440102542,361.7494778720982,0.0010872849196613091
0.056970238949931945,1.6497717589387884,27.029464110999292,0.17290040574974444,562.6253297630166,0.001029654231618645
0.20696262485021322,0.518942664888858,20.65773215774405,0.09186099457318693,320.05545743661617,0.0010310040885533054
0.14199103040189268,1.5487819121190598,25.649320009651912,0.8008485361212886,234.53243804516083,0.000939820798772946
0.28569844233851716,0.7262284387390846,16.082921240454368,0.8901345804785563,172.79225857902549,0.0009724284522314187
0.05163781654433853,1.0077365362490012,27.809845890094383,1.0994224361123666,237.57615414643953,0.0009514068915054036
0.1291951514642596,1.025460389928821,20.241650733959837,0.8894752398102144,502.6780025233641,0.001038509770452769
0.126377139962532,0.8876460868529742,20.743872690548468,1.1611558616112556,1129.811324995317,0.0009731142339358774
0.21746747513687514,0.6474017033378141,24.33736632445274,1.1255928982817152,515.9893317871862,0.0010381631840688148
0.17111695492897097,0.974104119332739,19.3341515293167,1.1426446500832008,204.2949048094763,0.001036288309304874
0.051270433368937905,1.1536045874663452,21.59158283872805,0.887770156662893,509.18571746159165,0.0010717918543450419
0.03997164756631179,1.0633033107782852,26.321989758225325,1.7617449592130323,629.0313935008915,0.0010659270292319317
0.04426654083269583,0.860200269070129,30.606688788816676,0.6078625620177989,591.0335756438634,0.001130865347828334
0.06959807565731074,0.8705576072120254,23.85687507729541,2.615811981288556,497.7988026759325,0.0010852745948135417
0.17594823933161535,0.7887853126786619,26.46317950799543,0.28094228663201065,257.5568730484459,0.0011587069465948982
0.2782821473784068,0.31997800303985974,26.651161881263388,0.16388989840789497,487.86723506612725,0.001205229004294421
0.18820436741561347,0.3697520461008734,23.212326030727596,0.2600237663126862,234.77642994590704,0.0011568223693426405
0.1728421778573018,1.3757563351828013,27.83166206876372,0.0362477531588813,252.83416945995606,0.0008812250300540764
0.31091826706551534,0.9899580271128161,21.25183270682437,0.08392075401927045,95.87226851401617,0.0008727195653993192
0.15326844949640947,0.9429603290865696,27.260149716312238,0.026200968620154575,246.2561345112936,0.0009376580187758062
0.19300455786019713,0.5687611615069328,24.233166979502375,0.008492606464513275,186.4621576933586,0.0009537078264368282
0.1112149453656413,1.5083927644417932,22.155321554038995,0.9318239802830376,498.30098224371636,0.0009504547269169004
0.15805026377019143,0.23454394241564508,25.613774052172968,0.6376185953240864,597.9555707816806,0.0011717382565346237
0.23892570401332008,0.2818651220057009,25.198296571469246,0.7588724712322312,721.5596520412895,0.0012446343945142946
0.1637678821471655,1.439870443601529,21.172020140579363,0.55540760530723,253.18322608639852,0.0010173522752771641
0.183930704900049,0.5037664076434035,22.199060985548908,1.0422551343863555,284.01363374626794,0.0009627349414231901
0.12018934818441902,1.457318486171305,23.55234609560833,0.4017261470219724,28.11020738188759,0.001012074837798193
0.18855204534943126,0.7194536925897618,23.785595347654866,0.7004192414704588,51.93316985376448,0.0010209207268388652
0.14082216862269098,0.5701721175279538,23.546658307995916,1.4288244831040182,51.955263042049324,0.0011008167393295667
0.1583308252591463,1.1322755950873664,21.37574093662841,0.5833821949090808,1011.5708014331543,0.0009526574543232244
0.17718839772431258,0.4454070706171524,23.946818010133793,1.68307108030406,134.88173704892566,0.0009716300013934199
0.13622679256309367,1.1097244215936632,23.815358352877922,0.30024982897252417,417.7772332166448,0.001113468843918448
0.1674082530671795,1.2108808070557344,22.9763989246345,0.1684046247317234,758.5919849226003,0.001046936294826443
0.21880494495437652,0.32504375694531445,23.45817396271938,0.22424452516146248,405.09418635073536,0.0010433817384759275
0.2501534000203091,0.6672839418771234,26.06480327091563,0.05716037381991279,672.4872013874553,0.0010501492644007181
0.08510926719270065,0.9483727628307624,24.970538994688237,0.6641420602908336,136.12837772096745,0.0009468364678569064
0.1321107373677741,0.9095629245653233,26.092389985583313,0.22530996257038463,515.0437339341324,0.0010769942646135897
0.21422729876883903,0.543983251706838,24.120826053022427,0.3878996029898196,291.36231678537195,0.0011626397406478224
0.06405771337059593,1.3489592066014624,25.352663548627827,1.7078462259058296,637.9998929204171,0.0009024016556655433
0.26365119191671677,1.2811890099443988,21.398723098966858,0.5229578028058992,5.347507976071968,0.0009975717052698766
0.2685409636778264,0.37140271313093853,33.26656694011766,0.3141735833219624,43.39960018646549,0.0011147552611164696
0.14291173146048683,0.6423285040201485,27.480813971917634,1.1554713813106487,230.48487572180153,0.0011300575417091004
0.20059579061158475,0.7848586356273303,20.125323953267156,0.7310196658950918,211.3649628081666,0.0008976129002407547
0.19660620615852872,0.7324619206298493,19.112745120293997,0.7575729706994079,292.3591421052549,0.0009232771628423446
0.06877289557368607,0.6486937811497732,28.69780062723523,0.7429968358189375,144.19562443859226,0.0010645989240606116
0.08111555916152852,0.8270790129778706,29.389260022501336,0.6942064679594977,194.58664433202858,0.0010984495156426955
0.15386033976085564,0.2585636508717927,32.096454700017404,1.3781647185744927,1045.9839942542546,0.0011889926688455578
0.3236647120851402,0.252787969015872,35.68948468071881,1.1240592924856208,353.9180562478071,0.0010860142151256562
0.08193917502941175,1.1497459456786217,21.70656559054663,0.3277916788762793,551.5513888624519,0.0008736911423337446
0.10381032992359579,1.7061783128819294,26.414746615832225,0.10069340052711305,546.660197722896,0.0009604400584505028
0.038057116450573636,1.4527102287385811,23.54874271394811,0.1237581030025457,486.8729833610604,0.0009939731665707713
0.09968025434966932,1.4603298723012657,23.34944310535771,0.35176258906172525,316.7302106386371,0.001012452299498189
0.14857114296774906,0.7837670344788983,23.790799340436863,0.3498272913796255,514.6222507986259,0.0013106102540878183
0.11270463013987607,0.5575542540282482,27.053860840291634,0.4327156943437114,475.13292548511487,0.0011795472475838416
0.09098002297611234,0.7088130152673813,28.60366456500137,0.4053556297110918,158.03152188829915,0.0011321755342837544
0.23985898465241354,1.095218957006,20.260399702064003,0.36627496965305384,318.6332587374203,0.000896472712480001
0.17910480122737799,1.3990719910665106,23.295241178056553,0.4132017203360887,492.0968353070859,0.0009631209783151714
0.14878949489014134,0.8814147888421073,24.430257199828127,0.6310420169115448,275.30675587617174,0.0010179280602350066
0.22247784010418517,1.1423676685900754,22.57451948954829,0.6886636892254068,311.16927345388433,0.0009756212284839025
0.20627532613230087,0.23215928388109655,26.729300349500058,1.0995565651966446,379.02830546102354,0.0010849244179200958
0.04150319953076862,1.7974519628395513,20.843747734311254,0.7045137386801159,331.381036289815,0.000935717739533953
0.2418538278109118,0.12641195603428645,38.68240804927614,0.6126282702646347,715.5054897980118,0.0011106362915610424
0.22831225891794515,0.046296850962170344,38.399407367614,0.42855659093628373,533.0307467507674,0.0011155047103003708
0.1724901227784913,0.07995849625855993,36.254415420945236,0.496667456965833,167.07049459128962,0.0010645211189813737
0.15929907588196732,0.05221649898359711,33.18703499448366,0.5830995655898207,6.924467985656428,0.0011695265148165077
0.08445602824586805,0.04368252658883931,37.33491713256323,0.42021543248404086,27.2048284210566,0.0008675116876554459
0.09630114380913485,1.9264367866734733,19.259268680019364,0.44826139494204414,85.4483975948157,0.0009988656086841292
0.2831817605598729,0.1610818570197767,25.63326958841425,1.6976075171078018,1193.6565453263863,0.0010239898035668828
0.16784450269396858,0.635090166555993,29.407127293694714,0.43190922337469806,174.3605628362411,0.0008335792642375805
0.2852596367719396,0.29123045303393585,27.838986238006783,0.3820641923818845,36.786346926236234,0.0008093547003006908
0.07901476373479968,1.5028011325212445,20.14891645726329,1.0079098568591298,162.2168442165147,0.0012285445220902324
0.2009611999290244,0.3818849154650772,23.47320944448109,1.8382631498594872,86.49027595625266,0.001090985806233429
0.08291767499760126,0.9664887870433982,21.813068962012103,0.3336014908128957,228.1780326588179,0.0008634097480880392
0.09842479929559299,1.1735242327389939,27.493080114494706,0.22060628235933388,513.1617209099071,0.0010411486815498205
0.054707070361865937,1.0079943546821841,23.340323353317434,0.957180947693638,437.3190046382126,0.0009379113168322864
0.12131662024805227,0.41114339670048755,28.594958925858133,0.9283709532794571,316.6604633246327,0.0011129920432468101
0.15650249268342284,0.29538894825939543,31.179719926272583,1.349112427763291,605.5579714046341,0.0011071717575345038
0.17842554082183593,0.40492742661097436,28.26286039791344,1.109871298413106,224.06328736343985,0.0010405167042419883
0.19416983652374753,0.7122074171272597,23.52286778794981,0.4758308404555717,73.45969543464211,0.0009739467670629909
0.21969092903018314,0.5293816428683998,24.551750432671543,0.9816149323112294,48.29362556360527,0.001052927624480904
0.12122046107406745,0.9369032734818281,24.203070545823184,0.4485361232915492,966.2121177609995,0.001101806477788692
0.1534806797562149,0.655567135145813,24.126000172574308,0.3713339389946591,618.373414819481,0.001099207684749515
0.2486160143826049,1.2283852102850712,22.419079921408294,0.22453725634328628,128.51488559352285,0.000982621078128048
0.18655025996464125,1.444223371700201,25.07708152798941,0.1773425862670431,459.7758370739446,0.000970065937773579
0.34981262597977825,1.2097422540203326,24.313572592208264,0.3453514520727284,173.3093231083699,0.0009426295653552695
0.08767836136819633,0.9359154564688779,21.48728714468533,0.7577243985223829,659.1666911455429,0.0010190903440152363
0.23669422383436717,0.36496421361221765,18.57744998266285,1.0516122957517307,483.33785435132927,0.000989635508478773
0.18444024639213163,1.6914556356742811,26.34589143997387,0.55838400858229,500.98252832227814,0.001112606125967502
0.1725889379638643,1.623413749249001,25.242246229095187,0.24166326096308333,376.5586285154975,0.0012388242860652938
0.24606461319741713,1.7250163669911405,22.317040439572324,0.9742826447446248,351.1416319653766,0.0010806030327718133
0.09895156253227144,1.8930588989102237,20.546022421665086,0.9146171964750986,145.1838671261808,0.001106866117087745
0.08277726521155875,1.8086455305444211,23.874453620116963,0.6081192339343812,167.7320357643932,0.0010386884274241987
0.04195493882777748,1.8675478475099199,25.25900779864255,0.6199070985020149,23.074247269764697,0.0010510108802920927
0.04114816510225859,1.2781744290840162,27.60070914686875,0.8041567821502086,238.0218415505254,0.0011260337869581146
0.123733972445918,0.15846492357989725,35.565514971363676,0.6030480980169407,496.8360445132339,0.0009854243427749225
0.16577297788002182,0.7180960182392635,28.03992345163335,1.5255738283442943,488.0223350921571,0.0010807876688334662
0.15355486027749857,0.8735595208111475,24.39878060305347,0.5411380615603737,231.03664695878086,0.0011050071561651952
0.2798876236660506,0.45921666421859614,24.364011599691175,0.7892935992048168,843.8845086324192,0.00095579919678819
0.06348218451479344,1.478473998309048,19.999906731620044,0.6683805306090638,209.29929001976623,0.0010670852892994014
0.06947356760397498,1.4728332929677188,21.333598901321604,1.430700063556236,126.1859509911356,0.0010167564458351316
0.259130469702005,1.4855711904439415,20.614693072086602,0.6176156466105855,573.4675903772081,0.0010578076597451838
0.2884916929431723,0.7142238069372554,24.446787202198124,1.6149916841050804,637.351526938687,0.0010181124960947441
0.10114632998288117,0.8836152707802364,21.063252076226565,0.46707313026231034,324.77594701372396,0.0010669510765023917
0.1173239638231265,1.0753613977364818,24.283312347976953,0.4307369637990481,464.26224275643864,0.001088015445441187
0.06766567799121263,0.6165868710219745,28.507068738806964,1.8941097201348056,527.4645996018196,0.0010523008539610893
0.15060560016721863,0.5088472265591494,25.18058631480794,0.9079786560687149,586.426365903186,0.0008964613324166364
0.21683369431365068,1.1424281790239996,21.423269638937416,1.1702283566468432,225.73246947264616,0.0010823104097926297
0.24668243085829536,1.4058203215737688,22.7036765227893,0.9365064643969635,119.8278743075089,0.0010052233885313616
0.2158249165653564,0.6763980351376776,19.65258665169408,1.3039857460155704,80.73366812653084,0.001046799164790973
0.08143956566253474,1.711290881434843,26.194702788219946,0.6543030019867033,965.7382173227188,0.0009857031456484055
0.11154729689166265,1.343060756397383,26.890470188515597,0.3253437674666032,145.45326270325486,0.0010940397935133514
0.2232718247534132,1.507554361225429,20.388805822044137,0.30554646980402045,20.256291104333624,0.0008451370942385407
0.1234739524487315,1.0233428797181887,24.16128272456344,1.6393057120681522,124.77317295200639,0.0012771892200091205
0.09051398754743575,1.1159191332537448,25.054790798601225,1.245248182511383,226.3254021681074,0.0013120269837000019
0.13837577111195906,0.6234590582815899,21.33277365172588,1.198511640430242,718.0343752395639,0.000866069043956287
0.0624864135059166,1.2374208019033701,23.80108306042939,1.3349219175746954,52.58993254632129,0.0009673104722444112
0.07059977274248759,0.9480663224285613,27.197900452289,0.7396671174627424,381.90067254979203,0.0009857887983110184
0.31582342577445394,0.6825298624591859,22.711473838700346,1.137961752969542,640.7665931972504,0.0010272130652166395
0.19012922270543223,0.5419077030856104,24.08277700672273,1.0931949079259395,469.43886776338326,0.0009826861912977322
0.20341068627972672,0.990803882296979,21.525791181600688,0.3951553151608448,407.75178216119315,0.0009960884393040792
0.2718373815314849,0.5560996864065535,24.489561131503134,0.3331172224807765,520.620262147094,0.0010410303307574844
0.1804455162976527,1.0031219777395846,19.975632587685944,1.8045025706948492,217.42258647383213,0.0010989854643500884
0.0711571210494494,1.0513275118425436,25.62351456823103,0.3414024111102298,516.3795753544704,0.001127607548927412
0.08931779773611086,1.182883762374097,26.22409865757362,2.1907629380492635,555.8034344593921,0.0009490700934109448
0.16088194749319057,0.8346317162073245,25.690172682027896,0.4188633537395537,150.952990334772,0.0009417513013654553
0.07762525622022524,1.1834436784879871,26.378055277965537,0.06706756442178362,326.1310064271758,0.0009807794406565711
0.22110226660826657,0.8236163252958909,23.955904121284075,0.07694573144262243,349.2836754955584,0.0011010549385706116
0.265984513271457,0.924243535034676,23.714056200778842,0.08043085334884664,365.8747924937011,0.0010481615357148147
0.25893399656815774,0.6478919390948965,24.410793094307394,0.09805011813246843,666.8447156290222,0.0010647280405772163
0.16351979121197663,0.7659442768090416,23.690666913212976,0.261997084738399,308.6531363075686,0.0010442971749938656
0.09591158599281717,0.7127481939792116,23.79564188073492,0.8626002634931127,633.630127033003,0.001020728839568733
0.12424390752291839,0.6271948235193247,20.697181776683763,0.8072226599798329,405.52103597906074,0.001015689816937361
0.24353824534697763,0.46180767882949736,24.066790859602847,0.3546586457063707,582.862418373665,0.0010481562952984703
0.2699223638222671,0.8905375101994838,26.175166678721215,0.20125112762263017,638.9381776840293,0.0011037275147298747
0.2532877594449359,0.8295453622468233,26.753036422810137,0.22156361526347831,225.77684265861603,0.0011871364142522524
0.16049777952904626,0.6527132397322956,27.84535938721715,2.041735410033981,823.5038748061648,0.0010048987805955215
0.2092816139543286,1.5910378069472797,18.08229760782753,0.1937630693835741,187.62833700013803,0.0010446047100375556
0.1500984164698144,1.5288265768364178,21.35042937149114,0.2765038883117448,197.78642183742312,0.001026712204487831
0.14418631409126637,0.5804036860743109,25.1353718985404,1.0867078060236448,337.51031616991855,0.0010939223497696104
0.18183258666036117,0.3500169828015613,22.79542673438071,1.4710845782703246,169.735275374489,0.0010546189857706095
0.15648034962432752,1.7931826743759782,23.319465333153463,0.5930559623243841,604.3234566640414,0.0010313492424238434
0.08102544243397156,0.5684920264242823,23.414869961339292,0.6494722538180404,265.1386199688676,0.0011551251339837066
0.34968488123698016,1.6554263864066996,18.519836733385812,0.22197033155208004,162.6542646154318,0.0008911691957797151
0.09832252508711287,0.324870465743012,28.60497244941866,1.1196044719870804,932.938523817976,0.0011229646001075615
0.08196068356100533,1.8093307476091174,25.80641621734438,1.2531781785308618,324.3308013283147,0.001123149424821376
0.06386738969512037,1.8934392065574164,22.66771393341784,0.3106795705313706,567.5921554743467,0.0008557271615665648
0.13484907866126827,1.7298012047204512,20.143556628752634,0.43050126113127474,575.169679635261,0.0009265985970843112
0.2087172764083887,0.21210751612310588,26.500352376820917,2.1392552129365776,268.6899470401027,0.0009422903874573499
0.16465337314187628,1.346414984577991,22.487699967842797,0.3243309556778887,250.76547404453035,0.0012168080917182187
0.19550970552052016,0.44331907724073183,26.243205397016954,0.3132137564617409,274.82164142879265,0.0010053346274241448
0.10822287389825494,1.0962999790378636,24.16948823432046,0.1271427999817113,182.6749074147633,0.0012134559692831618
0.09434597190535744,1.4546704525426917,24.982666531699554,0.1827019183324699,930.4987937900518,0.0009093280987287162
0.18432981865637715,0.6342875788940256,21.473981220054835,0.4821182057442488,141.20811917099655,0.0010214260490835237
0.13924803400720448,1.1558842811087058,19.844377439312773,0.8223196946407989,127.55593693695373,0.0009745427364666494
0.22845318963160272,0.3696897844229947,24.323973517425827,0.4286876948060374,380.15475666186285,0.0009712971810296242
0.15082802768182818,0.80456002626032,23.255108280973833,0.6292274495051581,335.0098000719842,0.0009120615023736078
0.13386762287576226,0.9966139666641245,20.78854047930692,1.5862756116437902,617.2317188918277,0.001021242939685585
0.17620389598203998,0.8400255626538946,23.70432105629206,0.3484692597482869,341.8255472179089,0.001107570694104885
0.1317246437234452,0.29277792383458473,29.89234877836753,1.6276655333213828,154.55722135903838,0.0009171901462821873
0.21735283194577976,1.2196595272701232,19.200034427640702,0.5485987669047954,344.0572547757299,0.0011508755105679145
0.05374833414417396,1.3604291770789978,24.92411538186056,0.7889069157659853,687.7202877304242,0.0010366995469760908
0.0998098571625279,1.9552854609359223,21.939710916675544,0.8659155675832304,402.7852128583381,0.001005070206620231
0.21837060762684513,1.587267095666735,18.66051861751191,0.5094962036524469,546.3142039632572,0.00122858716568843
0.2303174222056577,1.5912761206131247,18.920169846152653,0.5643176465480172,566.7127643998435,0.0012226836262700298
0.15949223981660438,0.23294238147647742,27.379747091653062,1.4687319765808917,281.82574387911313,0.0009761473488507887
0.12589638392760633,0.19473120578521916,28.425651919879854,2.0545381008468118,216.20855070654187,0.0009622759437726753
0.04027172013274853,1.6425049184460445,23.761234092416018,0.14760099819112768,327.9154036581266,0.001083091665430912
0.04401385135740861,1.6126686292162387,24.650324097806863,0.10353898225044914,465.8507044979854,0.0010557572277044914
0.10015645594497825,0.4796984738045519,24.282830279263177,2.872575008981135,398.39021388464676,0.0010299744968811247
0.1030239470926656,0.5560648255239888,23.88698350678949,2.3775697819973027,357.96792976045623,0.0010154868663977976
0.39011676402546996,1.0230107514204358,19.717018040337408,0.5328145240100588,266.58808835380256,0.0012082629078856702
0.09142122191322417,1.562625405233698,25.359489059605888,1.888279351306284,344.09637580242804,0.0011592932564633328
0.21161148121680254,0.7120063884792601,18.782131560723514,1.082633836954422,480.9449761766488,0.0012105822010639647
0.06504580137031818,0.8314208065707228,29.634964959031716,1.0011504438260004,100.11997005945857,0.0008295951038991341
0.05594908836631354,1.148146001370494,23.697694429026726,0.9427971799490119,366.3065496799069,0.0008123961315880417
0.1832765130424425,0.6388934996265478,26.92507254823866,0.11929720567096325,418.1526954937324,0.000985449417995978
0.09912658224712603,0.6051794986924446,29.0603457630234,1.0383641782229618,150.40735574677072,0.0009781820206783338
0.14270898983212,0.3315687967675806,29.857170017211224,1.253410318159744,307.70153397928993,0.001009891947391383
0.2528677256486,0.11462647511123661,36.30968146011478,1.1753087367085167,700.985004449691,0.0009931619067133652
0.2295364590156501,0.1252348437854418,36.79138702211058,0.331640429847993,413.76978176308864,0.0011285912317403456
0.23976337481590226,0.21449578824789128,36.485339554768956,0.34037440402378083,302.41861805144754,0.0011066247416606537
0.09669728879667512,0.6537319044254147,34.17827194909977,0.6766746701352043,357.5858514438233,0.001176493797268865
0.09607473880827795,1.081334788043634,28.36137997444287,0.8946635280015895,238.7501100750837,0.0011078549244709687
0.03794574466715997,0.9398184451273078,35.610676930784265,0.6936861182233918,212.12222994992132,0.0008887763442434911
0.025845518278759177,0.6982561997778387,37.72573155544591,1.4745384096020229,257.2285983212107,0.0008452285033523768
0.028059268156376303,0.5444076530835683,39.65786057652134,1.5123278111572562,268.8614459937713,0.0008645860462774848
0.06431632263494272,1.8538227459071757,20.772200233222428,0.5502029542302095,296.3533055312724,0.0011398248106216425
0.13124741463133882,1.312983757544601,25.77100710123413,1.4096410126453067,7.166596066545889,0.0010465868220036654
0.16170569189577294,0.770590675369612,27.096456127374594,0.8945888960709091,2.916960626871055,0.0010922768197183172
0.1862106606478657,0.6401416817299814,26.063156209827277,0.6549900546554562,3.3775542716519027,0.001000029107215144
0.07439519519141362,1.146003304982027,18.451389842970702,2.011531862682365,1454.4803632883027,0.0010579129971802052
0.1230861062229613,0.7062369391824516,26.804510726158668,0.8623367957379818,58.183855656672726,0.0009461824793728342
0.17425138475548085,1.0148428662826188,22.521080277964067,0.5863164644076125,314.86890261550104,0.0009365914780056676
0.1827470419232858,0.9643279820067049,21.57127822656713,0.7351580618393425,224.41608718102964,0.0009490087270089333
0.13079396273096608,0.8059504798765212,25.412996274220497,0.19865486177273178,49.943576922569335,0.0010921020492929286
0.13513109742733112,1.177288011385012,24.45560642057122,0.367498137131181,617.2931297484554,0.0010348468078218084
0.1421205238412549,0.8230132602492027,20.915958822116885,2.45010274502477,194.46365726589417,0.0010675550929120012
0.2109589188055665,0.8136994691758145,20.403897784075163,0.5912751534556925,93.59096514732774,0.0012748901731529597
0.1743670643746144,1.0950366956777275,21.938511423454617,0.6059595720614351,124.69072811302534,0.0012450926176653869
0.18974998662256562,0.8928617531384259,22.42118365039105,0.29289579785438996,64.44782763623162,0.0010441210622278466
0.0959652351087372,0.5593858175961572,28.226403822273394,1.1559306767347655,1060.4730256315504,0.000980983915541528
0.18135495132914828,0.4618224792067411,25.242344719164446,0.7732333873629195,322.59022450837904,0.00098008347897733
0.1926036681337221,0.8824414632589955,27.447782589814704,0.4508722118925113,130.09496039689955,0.0009147762769133803
0.13547123573313094,0.9840509534224646,27.727675131197337,0.7071666670070593,198.52091137846637,0.0009430106018923185
0.1107595282683895,0.9919716791387886,28.90290455066217,0.7546871752887062,165.4063840616131,0.0009459555349780564
0.11451106038812937,0.7693349185279622,27.943577907726393,1.2931553401553986,339.7110321827349,0.0009272521115739036
0.2002277117542569,1.6892677774036173,19.864529756767457,0.7297011216416044,193.94200972810987,0.0011190386448522872
0.1565187000546041,0.8508722197746224,25.467285245086348,0.23432309625511216,410.53280441465444,0.0010010157061797343
0.052299620485916014,0.8591733469404833,26.68679993329084,0.8991849486867804,153.9554214412251,0.0010413372576270484
0.07311193989504232,1.344775339013552,20.77320642856572,2.0099311633098673,621.97341371594,0.0010350046640912882
0.08960162894885979,0.70985097064814,27.722368641656676,0.48714752301730024,158.6999768241388,0.0010914389504531532
0.2538416870988784,1.5075047790968803,21.030994995194092,1.3078234583598696,653.1467541614219,0.0009309224189231887
0.14229261191693376,1.5886677494095698,19.45608116927205,0.8354158974198291,158.8840526959315,0.0008944658013635244
0.15567792517028334,1.4536095510432305,20.565239943572244,1.3370577282098024,403.89562791931485,0.0009590450154874054
0.1277525573626093,1.0162544027441476,18.159839132694767,2.3004068275192435,966.5710737022978,0.0009420770584181039
0.09973175809484974,0.9678040196323292,19.262365524355623,1.8040884374725588,919.9593307921889,0.0009523121680645127
0.1702980849388272,0.8712166930225376,17.929234337363372,1.8993562514569435,334.3123873242959,0.0008030601548992457
0.08525226628432181,1.1815888466570477,21.435917587589913,1.0259503779785373,196.76708091800808,0.0010291283247671381
0.06231173392605882,0.9156289172842226,26.482658367128494,0.5623002357447915,557.7155013886663,0.001079227101964083
0.05286146214114858,0.9497629378642749,28.4192170062319,1.1056972906573732,567.0594055357947,0.0011959074199646975
0.0422352789513933,0.8098135970974847,34.17325341058518,0.7775399031608895,520.6199029283086,0.001081773190892719
0.16017489267066404,1.0351152130086934,19.769512683050703,0.751700348483885,11.572458441701585,0.0009753726979393307
0.1280282768253417,0.7099525375593634,26.824006543338317,0.7971522880977094,34.25033529637781,0.0010389182851585728
0.12622464626570548,1.7948760538422353,21.406401021969863,0.34167271561925333,1259.3817369478,0.0010150790929587315
0.19829683744088417,1.5302515372946217,18.49420517091225,1.4161499378042963,172.28102820337847,0.0010731100430603849
0.11493680069005043,0.49265471886471435,23.813890457852764,1.0032300923455213,131.51380133618642,0.0011756519084444828
0.05209218455954328,1.2883991604747196,29.212564832195707,0.6058212536410664,834.0016826683775,0.0009994799911776213
0.24424352094853155,0.20779734164540628,28.82565527599571,1.6409515315445575,268.6315184856834,0.0011764810270405038
0.13262498647549437,1.1109988231864643,26.653195135793762,0.5545197418458757,269.6525032462282,0.000896376459831722
0.12328013442387953,0.6351745927803663,31.02745550519527,0.3818376970291681,179.53003691477335,0.0009963798271970367
0.15545083789238823,0.7925053604455822,21.9631740050564,1.105999814686175,695.2733855357894,0.0011158688018481047
0.17891618815996535,0.9348884072323089,24.025843409765454,0.712864691705411,555.9278045464349,0.0011260749909776599
0.13082192474805196,0.8735949436145448,20.02779692545646,1.4442554936827605,120.9135521920407,0.000992994642951395
0.15267110038129306,0.6491250126866079,29.044173075920053,0.3816378549660713,321.99192145072556,0.0010402676953350013
0.19488701276884984,1.0990154010048419,19.464916659872888,0.47116348458889706,54.25829363594152,0.0010243978445416359
0.20565617738130024,1.151486700110736,19.40307896332683,0.41448154838347084,54.5041272593983,0.001010808096328309
0.07244528076720803,0.7944973618760242,27.299285439640997,0.22397431641625956,572.2918605446137,0.0010604278600206726
0.2168374118668468,0.9301890416757568,21.258861091679744,0.7224564637176801,52.503105046335726,0.0009196677872533015
0.0978803632763882,0.7221954561572197,20.755197345255638,2.154747752831125,96.70201502646508,0.0009197400808887214
0.09126205041500209,0.8073494798446461,23.640872435104633,1.4433702096220398,129.63051590067494,0.000918200717110284
0.19799346124589853,0.7078095338869934,22.19792804411698,0.6320716213940079,717.0606802833058,0.0010953702728497274
0.04625027883457649,0.8104052775881283,27.15211501797303,1.2414152514954744,85.43973010475902,0.0009719594971742131
0.12098909593271709,1.2066307781592052,18.444110568602344,1.6482603706090269,29.541462749747748,0.0008759041377012459
0.06483618753511358,1.482278370735389,26.49340363016154,0.6273219456691604,155.78150649343974,0.0010934592136091351
0.07866724326453842,0.6826495085300758,21.83427213760659,0.8023698275069473,837.2051202220462,0.0011682474967596094
0.2827296258335473,0.3908098538961657,23.998572658397155,0.20668051453591785,213.51455905314484,0.0010196758532170988
0.04844245800997931,1.1183500371498465,30.277534594876194,1.244111461413062,427.9542620569578,0.0010855455587037753
0.2055712263131798,0.8470010999972257,21.028981408883464,0.4372078620381307,280.7002493275307,0.0008767894931446922
0.08374395011983768,1.045809235639265,22.64650032708785,2.1583301095782517,316.48576523838784,0.0010174012820002728
0.05911206333366381,1.1938152381882723,21.136102221941687,1.3039661358949202,893.1426315815158,0.0009655538079658889
0.09079172071688123,0.8112441144808095,29.334599440518293,0.8550031662453156,118.14851849930042,0.0010004092571413757
0.09364891994927067,0.376553817968843,29.663663488885707,1.3711648095304025,621.2591826985193,0.0010982457220754954
0.1317518625018666,0.2755713100916456,28.80083307326323,1.362401139045973,554.9717311889603,0.0009181774991277034
0.2189314805785066,1.1601375234721598,25.916618054762544,0.10461395430668237,141.75711086681892,0.0012014049885849013
0.14256289956300053,0.805950818736881,21.060269248443795,1.9525884577822958,659.1867784611358,0.0009992670736607065
0.15844333426447185,0.8165740218206478,21.982905728614213,0.9073563507671363,293.72453357876907,0.001125816799287995
0.06726932939660982,1.4182990474356785,19.103561505895026,2.071310540755509,250.05558982507628,0.0011357120477742861
0.17288353703290033,0.6772984828359168,24.429785768486003,0.7794419323526569,308.1066609436248,0.0008667356816156205
0.06327649693028076,0.675185138535613,29.997397408364648,0.9050959726941794,61.187724908396056,0.001080281712372171
0.06450100594072382,0.8525382696890063,29.942094078254218,0.5008169199758946,78.51774000674014,0.0011581890269307588
0.24471648782995747,0.8097362422109671,20.560002779089675,0.4390684057569299,745.4993836703654,0.0009620123485453626
0.12490856818336436,1.3035976079546066,26.058915607869046,0.032949136451105476,112.07039471513508,0.0010148953845376869
0.019457493666972334,1.4250708755778572,24.998316263803158,3.130835403590374,450.0198953818426,0.0009341445727676916
0.11264224124386125,0.5276909264122631,24.693814585212976,0.697242885466062,560.4543010040778,0.001108424221468732
0.08064329747396808,1.252824522922411,23.500243061344964,1.8738158458065706,421.87225390422515,0.0010681548250919297
0.2089663257345203,0.5895136754136691,21.14875703836541,0.7161835975016901,425.90318231499276,0.0010450647706610906
0.17051414988886804,0.5907799487387277,27.252881795482217,1.0268612811198514,259.54635040279453,0.000970894719360449
0.13474857599221737,0.37159104298828866,30.223385389536393,1.1763765971120026,572.9929489841873,0.0009871996451316669
0.15035678589193882,0.5113444426143908,29.810370163991188,1.7675641704580962,604.676068498924,0.0009576555236913117
0.09620142777466897,0.7504913881873676,22.769236039922912,0.7397152925300893,684.0554784577868,0.0009765992294250639
0.21579814770815528,0.993233317780818,25.499962489589635,0.39002635352601267,167.23390653296684,0.0010405796706422516
0.14846266438736525,0.6345400486616299,23.240852008374784,0.1292336656062398,563.1583892220449,0.0009782783411706735
0.0904390921379243,1.1571152557036517,26.360139022271962,0.3953342095024263,452.2414782087288,0.0011330714191218091
0.08930560513508001,0.7816209293647074,24.499912183075313,0.6181644363381662,776.5364167040655,0.001011976210259473
0.0860202887661904,1.3451141983189543,25.650387272066283,0.6071858894383249,546.3164480526035,0.0010125153437184006
0.03571436450019473,1.7034150048688141,26.596432658086428,0.3484042193074732,277.9718879501403,0.0010691840897353701
0.09620816580119364,1.2732218252121423,24.407861115539813,1.6597095380906586,667.7877080269266,0.0009981961096434064
0.1015853965061608,1.7935945101244812,21.630325948766316,0.9664977338725274,429.8427997888132,0.0010204507593956685
0.1423491351143991,1.6670860612461487,24.586530800154538,1.0655962472538343,833.032976452628,0.0010168840239972241
0.33306338573353594,0.4374866908835313,24.031276515367942,0.9909191706927,402.4499546710614,0.000992067260227004
0.14264167749987394,0.26834661598870585,30.671045498921462,1.498642923616781,350.1137461578692,0.0010209479665075566
0.11502649825127054,0.3415065041494013,30.618960195083766,1.9127158019238752,181.09221609684744,0.0008729401082690623
0.22048187467945765,0.1685033847472521,37.23758339603171,0.4086576510798174,64.02967670676898,0.0009854045332280733
0.051108027565851075,1.007594448882234,21.46314120930714,1.575403504333601,678.8853672384344,0.001070125305739308
0.0595473608088646,1.1942916421718492,21.82805753189246,1.8736696866646583,265.6484623282657,0.0009666998186347893
0.11607484864818893,0.8432239342116328,23.060348845497693,0.9863516235507672,381.9001661505583,0.0010167498021018627
0.08604809937222838,0.8238984367453692,23.089280464126723,1.1886673775986838,1125.5474967159878,0.0010337024200240729
0.07037841751283867,0.4694475269059422,36.08775285240496,0.8528652186532734,83.34826685260984,0.0010256760582887732
0.05408505823425463,1.48891619475845,34.53196057822483,2.4311197947097023,54.128975649954405,0.0009909092302521783
0.017975872782118894,1.7300882253935945,25.027169669742204,0.24736763888023658,108.61867410430015,0.0009795503018850064
0.21692376569401897,0.3938513866262538,30.578072315536488,1.0973762222455063,1198.62929770784,0.0009673649023650293
0.2701101398290317,0.7270007345100278,27.95408986996612,1.0558834974288893,201.5641762360837,0.000996084965090461
0.21693739339138515,0.8715964207682297,30.227402320655305,0.36612013658006076,396.8790151890541,0.0011078070376193472
0.25811759854626265,0.6685212243787887,25.881051740239094,2.505703938514133,685.893849606044,0.0010266843162354637
0.26412231957036353,1.2908034614795942,21.345967160783342,1.9575730271567104,569.653739232755,0.0010315221832543546
0.2303250645684365,1.2915501447664748,21.999393301686435,1.191938567455156,841.9646964409598,0.00099951559861096
0.15177070911219603,1.5172402728199494,23.57220967733411,1.6264890066463316,525.9855045155737,0.000971896138947103
0.13864750316677082,1.4900070224029736,22.591282495907972,1.093370937105704,524.0517209408245,0.0009286564607290312
0.08680357333309952,1.6118862834808325,24.84089340723859,1.0440804645832749,653.7830612492701,0.0009414392671446175
0.11188932416768543,1.2289685861693882,24.802482319990336,1.8640297116626308,464.3063593165719,0.000939458468849803
0.1343567218187856,0.9116418088808005,24.079211632960824,1.8892380730924994,342.72775789104503,0.0009701046569286162
0.16341351274686672,1.1696849516495513,21.55626897778931,0.5528963446968516,207.92576422102997,0.0009953475455155524
0.13529945716120972,0.3663855207262555,27.195908872933025,1.5203226830509662,1000.3386627069063,0.0009400070894055164
0.11699306118847376,1.4359199970349432,18.262512760887006,1.6270549389601558,353.9303184948361,0.0010301254205351122
0.1270904653717654,0.9431008968690643,25.861857082836078,1.360193375512305,787.7124877805211,0.001059481513356181
0.14551437041128787,0.5463925002261693,27.068798445825674,1.2445935007958848,738.289537825295,0.001054329565140674
0.13143009294575908,1.128144259919431,26.405342491358898,0.7798491301011514,193.53218587922316,0.0009768883443589704
0.16723444704831703,0.6346858158606237,23.594193303799734,0.3779405723211652,767.4975636219503,0.0010885857175842357
0.27225791644328257,0.4689565097774812,19.533458788145204,0.3944119708549638,397.1957665537283,0.0011009677867500581
0.05475888189184681,1.451092838666661,29.968526788808408,0.2615496587753104,352.0937036788427,0.0009619931873724687
0.019746872114505272,1.2449475466629036,34.3919929248922,0.42585287840023334,414.66396136650144,0.001000912786077217
0.32010740201587556,0.5968690647523931,20.175538408526066,0.1911454950751208,464.09755805580085,0.0010185334710334898
0.3449585888922726,0.6085130306698165,20.229494586971217,0.18542934902945332,426.83428746763803,0.0010195466862898195
0.14260187530851096,0.9902780205676158,25.765561072788497,0.6915204780941853,404.5527419730287,0.0011526621901103648
0.16638754977586706,0.49567488836426465,26.89387629933496,0.7105296655489431,898.7989024028965,0.0011028201922397957
0.21006187266350002,1.1274002875497136,18.23308821099187,1.636497365359443,149.72752199583553,0.0009821893166555404
0.09556743150204404,1.326384398354485,24.600748347714983,0.7008739221793645,162.79837570890643,0.0009431884968193254
0.05569603905873823,1.2037543466704,28.221977659873488,0.21599631883841663,511.80334839255147,0.0008786671274729932
0.17882644741317769,0.6768619516742913,23.726264265599045,0.2273724669288077,700.9688179814112,0.0009436042274785194
0.18891501054202098,0.779644986136001,22.94830789338293,0.28001024296667326,811.6858940589956,0.000935119200781682
0.08782045846334394,1.2199531736081233,24.472216351584795,0.4465647472500325,102.79356336199619,0.0010023393859412886
0.25649735904524995,0.7250763963987987,21.86142855560959,1.158524692124987,296.0320022106163,0.0009446490739554964
0.06856058860270851,1.0545673798484507,22.063721411298857,1.1307647922945634,374.62944663019385,0.0010048150125145682
0.06451744624054595,1.3027953188163255,23.84288395340179,1.1549906262456617,566.4788486204449,0.0008243072929645051
0.15769372984030178,0.4092922431571441,23.005877943285743,1.4535452549520202,351.2420952374604,0.0010213931244584598
0.2904952625141236,0.5831221400815344,23.752855410673906,1.3114688826921033,705.5781741763395,0.0010572564172733562
0.14436861851026456,0.45648026728383817,34.325577695890956,0.22269004676419935,196.77824435462236,0.0010825518121431398
0.1501358837560263,0.6172248477614141,19.00975970383673,1.0433758312856927,714.8438832204334,0.0009439879261109482
0.024968419785904486,1.7380671564354029,31.765776051508336,0.8292650680478881,211.74446531484298,0.0009626101772000258
0.05349706509403672,1.7763488032005907,24.548092014948477,0.6460814968624569,6.44690624032849,0.0011471163510666463
0.06601259415382353,1.4831039768634942,30.255364980199474,0.7300169931205285,7.834370391446666,0.001105169404133657
0.0670087861084779,1.3246087563886688,30.12167000207757,0.5393582180728866,5.943512495462996,0.0011270608759781202
0.15770383370084728,1.6128670861592562,22.193277153887095,0.1694761259481919,6.230618576454717,0.0011244197460317153
0.15403306780800397,0.7902363694470922,25.243792232040185,0.5284758504617629,187.2744830493146,0.00103091595490126
0.23358493951627307,0.6673363352660964,21.40078470879251,0.7039826001446475,109.69888638743218,0.0009023142823453103
0.07433308759796325,0.7103204761499936,26.638669839602336,1.0905607051796857,623.9437261734549,0.0009652352295546132
0.10253220493792188,1.1777364730659812,18.910485643906963,1.5371003500266744,352.1210787028954,0.0009058809924555176
0.06563400442262755,0.7330489244545364,29.39526491014663,0.8078698519424288,303.0704119453135,0.0009425798641931954
0.17639320217667345,1.2553576326214202,18.493204580850584,1.2161542537121959,509.53885349200266,0.0010165074008026149
0.14518607449385287,0.6753451097504817,19.63915117211222,2.088804355127093,53.98586685421358,0.0009490416197235465
0.08864507063003983,1.4510896064303738,20.4770009232545,0.8069014580073953,72.33614931805229,0.0009729439345894085
0.1814493616153486,0.5956161339201411,24.444121535656468,0.8945879216965044,78.99163903685357,0.0011024519362691893
0.1404436762460996,1.0629861113444445,21.45761628236848,1.6484417251676495,1104.1913617194305,0.0010384559368607602
0.2578468077980134,1.6689591186405257,24.785177147938317,1.1045991074224097,257.39957763193456,0.0011878461091002625
0.18768839331737822,0.29514620470579905,24.092199069270197,0.518788681431507,610.5541170971064,0.0009011083666125432
0.24327033963140024,1.138224276670793,27.033306651845976,0.20567897856199857,392.96285372786576,0.0010242258847420074
0.09232351148954769,0.7614587243030864,25.13547678178459,0.6698254084649667,27.687842748300334,0.0010436762790411332
0.10792151387156655,0.9065119423700659,26.706960829613543,0.6088894368024412,173.7266946888093,0.001061021477187157
0.2652072968137379,0.477297653327788,21.906032845953565,1.6625863653949393,457.5061641526726,0.000990159094709689
0.1665342673355145,0.6146261903909862,22.193873652699004,1.3317767632414164,1017.7500818986333,0.001007413788324028
0.2738399088289927,0.48657297566259233,25.501619655329137,0.6103583647807524,85.81545535012313,0.0009282637882194185
0.2994133129079148,0.39520536267582246,20.408173835475644,2.0309464283370384,33.724897131421265,0.0008487496445197882
0.0917612878351965,1.4636590184429679,23.9912587805727,0.5951486589614938,891.4664856699952,0.0012102543222748618
0.17854048593786945,0.3624734032010908,27.70717658518953,0.428714663227373,254.8146113635899,0.001128450198791934
0.0705507886663945,0.9734139713868857,27.23921484417739,1.3498370868160259,538.1308078084694,0.0010304522247355525
0.057119567638382183,1.2154065942860042,23.790715331115397,1.985924925094759,551.631456634598,0.0009909930120784065
0.08751525746442862,0.87837073550994,26.34029885910593,0.5522940922130544,359.0142375066571,0.0010951472552916622
0.03361405878363609,1.034384325782629,29.702180498866745,1.0280058859287204,949.359834753645,0.0012172038887179471
0.28004375487001204,1.1088170652687077,23.40747819558206,0.7586835771768786,1110.3132155937328,0.001037088864719398
0.28288350450278205,1.6422470645328346,18.221107920466856,1.1028038148281705,41.18108784819772,0.001110412373170766
0.2403675665232005,1.5706216410737135,22.526879536575613,0.8426265462848982,23.837729401827865,0.0011054924294940389
0.1775919236315928,0.3684590704032483,20.637431023333924,1.5119100664465255,53.98635573708785,0.001055068090744865
0.1667208042330552,1.1216190158349213,19.29148737919336,1.2975089579284351,12.94049248794345,0.0009537190543046053
0.17931782950042635,0.6383599459793309,20.91310505981155,1.3552764112023232,8.301126031135166,0.0009681863813383968
0.132160731585861,0.5339157776222719,30.450677835612574,0.6460258654034376,38.26084425336649,0.0009287561664716809
0.10073923589074937,1.1341546691231843,27.10168995441193,0.2045822945842072,125.36891471347536,0.0010074049786055093
0.19787361335097062,0.24775978240791272,29.86886544526628,1.6861106323419253,27.327323544014973,0.0011114315370366044
0.11667502945476194,0.5348057894213366,33.494428635955266,0.19826139427153025,193.01331390874313,0.0010305610872240842
0.12375016387646928,0.5798389094273338,31.211697193686284,0.6832562274616054,525.4413356715464,0.0009836712513166068
0.09896341198934051,0.6633378398353668,28.66158003647846,0.6684651525696478,681.3536900043033,0.0010194376400722127
0.12324804628422091,0.6610458826897392,26.858813456640856,0.5112083098065906,462.1834902565165,0.0009846943093161835
0.13570850211922292,1.718449635306324,21.80856450886909,0.4908189015867286,27.057232773474738,0.00111752848770795
0.24445595333924433,1.3509583698660235,20.805272482230745,0.6807769170275872,182.49309169750998,0.0008750125243533973
0.18573183827067952,1.699630094446227,19.148012976451128,1.39024549539199,1041.6510299295348,0.0010651112464449433
0.26535854901496614,1.0652588050261858,18.70037282910641,0.9703687970208124,188.90666970045774,0.0010696380169013375
0.3119294137635676,0.9597601287050787,17.964514131004933,0.8587756002170108,103.5146425042105,0.0011202565742635994
0.12541213431349377,1.094413240650045,23.192751951019556,0.23025748602977406,845.4356914725846,0.0010124800774147563
0.08873581380358657,1.5300920984829407,23.615986628566006,0.24130810169274414,469.3958816799966,0.0009860884073028852
0.1364385446553573,0.7790195840811427,34.22429681540344,0.359921384268782,275.6546302939921,0.0010278563318509328
0.24571671479260537,0.15087675145496948,33.942557128837535,0.24507674271816288,257.9512578006962,0.0010808748194476997
0.3273555372221907,0.28952452994118677,33.479096762737925,0.12078240754750108,218.03422330628848,0.0010159322246175138
0.10528041744077214,0.5346231114569915,24.543338042380675,0.9175951952365162,163.24520102228092,0.0009814448877265187
0.21594833170028824,1.1464514147167162,24.027087632968072,0.716830765187849,1222.1292649986317,0.0011239382322367486
0.15785126230477478,0.8886637597848591,19.441017819992407,1.7196862669819533,93.38697967918075,0.0009557513274982717
0.16572678075793315,0.689214384559266,20.16473954786567,2.0686555675471725,148.72162547210007,0.0009424211797567177
0.18155565311327965,0.5846651574467433,19.0673200129325,1.8351376064934497,118.0092389892061,0.0009273592010608037
0.07908786876818637,1.8085494961753017,23.22197139854228,0.767516944397933,574.9560006245231,0.001120959967230428
0.10645771284122478,0.4570097208857704,27.98318066711099,0.032452739818888146,500.2070333835418,0.0009637470261489185
0.2397692080512877,1.2916092249787776,19.44213114104369,0.01829862880077119,670.9324334802245,0.0009519477395184465
0.09741713832872935,0.9549126391158071,27.05730832047846,0.02692558635910563,661.1802180201522,0.0009991173601280093
0.15770816765225507,0.777940311391392,19.914821495897495,0.06562954608442162,419.2874010997049,0.0010914229448000486
0.13979090956013765,1.3731323901629615,27.749249687230787,0.04449165872827216,557.2253367823732,0.0010946014415306989
0.1041589763428368,1.5621280884043547,20.16096286782805,0.08071220483995728,387.323963157517,0.0009106924337295774
0.11635336203114037,0.5303062372227261,27.392548818497687,0.03103119107254906,651.257022818537,0.0011170152725895393
0.06040678157498647,1.4409693033406568,21.612289736985954,0.025806542235477393,467.23138304520506,0.0010322474896731803
0.11948056391717013,1.8027356668279777,21.584749395263316,0.1370603998345492,81.53847270139453,0.00096080506781456
0.17752854966907355,0.4721363557448317,30.589215174647993,0.08713961032349704,194.00587458143065,0.0010240674127393141
0.11760114892762016,1.4328889048290876,22.540970494919403,0.19388362085312952,266.05375421475264,0.0010607041277431526
0.10004948278763616,1.639251980476235,23.422861208259096,0.1019461092957647,643.7954552038258,0.0011163194791299312
0.29732492981717756,0.49900665019702056,22.625045274694102,0.5983968522190365,888.6945400435276,0.0009484602242956714
0.23114608904914274,0.41310028130650733,25.950166092468237,0.5712776912825698,491.66901478395545,0.0008287724168140925
0.25183398693895315,0.2602510965392395,26.099266899782968,1.295721166005129,383.4654763485682,0.0008548676456102543
0.21100887395834458,0.060661149916415365,23.727109113391368,1.3283851595877196,408.89759090931193,0.001161311812771692
0.14772010359978177,0.06361738226200316,21.125597020582358,0.9916644925722341,845.1339014496244,0.0009214509782167929
0.16571155146827404,0.08073873771619987,28.828841281308936,0.23245876727668346,573.6412016861528,0.0011865219033309101
0.14107783731267998,0.08266715642592182,32.48293691547188,2.7068826704126483,235.20669423589467,0.0010664090388270587
0.3928304702068331,0.08729388678032095,27.17359880473548,0.695322627988858,136.2582229901968,0.001141430016157167
0.11815247981970582,0.07536950121613413,29.413146597270764,0.7279486827861879,700.470480923097,0.0012229609780935059
0.10827888518668753,0.09231642827302286,28.381705325275124,1.0406329831281385,909.252346711666,0.0012026285319990731
0.40382911531283994,0.11995948354175295,18.404502939573707,1.521471856560003,121.01463146640785,0.0009296206324180137
0.2847937236269175,0.11022241977524493,21.051204762346885,1.57278992215004,146.17579485662813,0.0009476523348635507
0.2669243183846274,0.055883290095772364,22.890232161569404,1.1532345315232797,425.44135944599606,0.0010240782448458277
0.2596684311660716,0.11872564352170788,29.117182182536414,0.192350960565909,336.34045994446643,0.0010780080236925975
0.08532076853261993,0.037656361192196515,34.5623984311143,0.5073320559129754,91.14549273367406,0.001020971185658926
0.1731266344951458,0.031439243804986215,26.31601937838944,0.05792950602306467,365.81074301039376,0.0011289436308486187
0.1156457674844476,0.056832162182359876,19.10389813824427,0.3923916750236636,597.7995773621332,0.0010202015220147638
0.22112310910417918,0.046395798210938394,14.50235965481952,0.9727329348429056,485.6448488911843,0.0009702051796120748
0.12634041336281207,0.04959594105480763,15.559930756305071,0.7298455938749316,1135.594399348848,0.0009913510563169111
0.05917292575403219,0.05444415525591117,18.399809323924245,0.24041358255672926,32.16831844419907,0.0010028919143846861
0.04817240638387169,0.10728928765220336,18.35869029197954,0.27529223782886064,24.931215981341875,0.0009618234883614123
0.040936022443508725,0.011230594530732486,32.944003889894546,1.9694450319553543,223.2426345522511,0.0011217321619917367
0.051777670262581184,0.013237649444401218,38.215898154011924,0.6093885751523492,174.45906030852666,0.0011097012470884843
0.151901770437652,0.2389727180553366,25.770207626209448,1.9811793514511296,801.0617526126506,0.0009086555711764727
0.31254039767112507,0.4035326721770198,26.709293734498853,0.9857539794739221,397.22077345029135,0.000962065117480224
0.28255041338147985,0.832628801194439,23.53434137714296,0.4594753611631253,799.827910416996,0.0010802120020848148
0.23639782249679328,1.1748637925324417,21.41131196555025,0.9092318192185027,1139.8323601013724,0.001006180952839317
0.17064748233486754,0.6451322613954465,21.872789478893537,1.5407640344664395,93.58791863912317,0.0009139596509386891
0.20124537600226156,0.9647416071907903,18.50080368070123,1.235075577647963,830.379862057336,0.0009010342837862326
0.09654130290563306,0.9417366546731656,26.778833247651246,0.8887289363767921,250.64679894345548,0.0010306857537633431
0.13694473805142077,0.47953795028399987,28.18976441844015,0.24325179420273188,641.18656690484,0.0010555020756165586
0.2085181927686061,0.8708969135461262,23.06274146160597,0.48838717434842466,252.90673626108963,0.0010585193268395766
0.048662618259199535,1.2600036392345508,25.080199516723276,1.3366607649295,19.54838218817099,0.0009122653588607592
0.048450963004140826,1.1569314650626454,26.42395215707873,1.3584592922231653,21.496589606779292,0.0009241262845947336
0.05443578689307124,0.7335624617718339,26.571540427430786,2.042190281541175,22.653833677007565,0.0009185821448866225
0.23717516952023346,1.0955282131408008,20.49925744563295,0.4860623665971813,3.9723370142391325,0.0009999479172992298
0.0829570039603923,1.0968716060908372,29.448410936822857,0.16466256246583963,1136.1362923192257,0.0010234326758720874
0.13757284099354553,0.5870599524193978,23.57335741574864,0.1630383174843154,211.26109393190688,0.0011434493582486206
0.07304147492676905,1.535168279617059,25.508374709083306,2.467801626316922,691.0838000164911,0.0009170951979447518
0.07105611907902075,0.851033956663486,21.4367681913106,0.3562574047327667,461.84168167740825,0.0009974417306884786
0.36713367973884237,1.848140409989198,29.792392192523177,0.08885685498891782,449.4043967265833,0.00105156502354708
0.13712427219989892,1.7839797476433108,23.295208179655557,0.20203539824102923,439.36057617603615,0.001043993492039215
0.2836121690561928,0.16874490819745533,22.405876010259206,1.868963588094439,323.80384275674464,0.0009701110025618769
0.26827087396613836,0.17468531190944864,26.98096502309849,1.3648903259962748,929.6765780515796,0.0010011341152934912
0.10474872785666216,0.6126811305060874,29.445111057000048,1.2332339298537962,49.612623810358926,0.0009338956508656897
0.22992991285911976,0.6376444357233177,21.148035165380566,1.609133888851888,46.49335502241043,0.0009588762780156437
0.1981389182408608,0.2401236075580614,29.10298536085274,1.4561167217261115,17.623771508711023,0.0012322148737998382
0.24590723860840866,0.27279256128107693,31.28537335518309,1.119084493821615,780.2435577429554,0.001026805586020138
0.2773889078734415,0.15953653472723703,31.21776069493432,1.4203983089615806,464.3889543865432,0.0009700379889136227
0.14857658654551648,0.238569787536782,32.20045652328911,1.3759220682067532,858.8726807103084,0.0010201610291039815
0.2071643436128758,0.44422535384220135,32.11245426756568,0.7938686802936482,290.7692421099859,0.0010962746189463381
0.3428406015756849,0.10075028029805377,33.3068550600756,0.43040982160026525,503.02354777117125,0.00109660275514664
0.29363259165067074,0.4298610694787646,27.524392542375832,1.1373626518800122,419.4430134708155,0.0010842860505309716
0.10907783728222141,0.5927891237141961,28.961791961470908,0.803495816050076,783.0082497365012,0.0008601035558533081
0.13259699936209884,1.1497459807130936,19.991782098490084,0.8668962312552613,193.76580295794406,0.0011065453995157386
0.11149257907904646,1.8402041478417188,19.282058724367353,0.7207744199934892,133.3812725347884,0.001112153712189138
0.21996335992161237,0.14585024658539028,30.275256264754287,0.4600614239156357,430.23320801493566,0.0009864500871813934
0.2211642590948459,0.15698126287027708,29.88443135304168,0.4811139409048432,437.57222375265894,0.00098351837766451
0.12484557373462978,1.312496821142987,21.643336963092864,2.076694251114112,641.4510236885499,0.0009261755915429108
0.12350580686199371,1.0440957838309959,20.649028366967645,3.0673621100984088,523.825312751736,0.0009556241101108893
0.13015733022644024,1.128032195342499,21.817508711294266,1.3199604800771052,621.3163726762468,0.0009165533695707264
0.07502388547908545,0.8825449102032704,27.55089182010811,0.6758778728398511,210.10940935666792,0.0010681150430803914
0.05644733337991737,0.7892434213292292,28.781776488242556,1.1132233458104213,567.4371749083565,0.0010355442321871868
0.08063326560601072,0.6209280645172898,28.48870322346774,0.46811935855235925,423.67574211989285,0.0010085709573931152
0.06778576954658336,1.320861278030052,22.044585521368795,2.3567436665309187,238.5795911151317,0.0010716980269273356
0.0313051589288223,1.5568379606823384,28.456144778331954,0.6531402575041672,1064.4453091711257,0.0009891526217858596
0.05576904008335907,0.8170106514382937,32.38829563969351,2.1103659439487363,143.86712252331012,0.0010692538939614065
0.028045173741407452,1.2543058807130074,35.80990048052795,0.5539555671930088,818.5589810120343,0.0011313049388735885
0.03646070181067773,1.7288654829139491,31.58700499301269,0.8640444727678049,454.277549228092,0.0011546912921574551
0.01583088850730237,1.9895376295866178,28.097143765381766,1.6210875542844871,456.71998351591685,0.001100357976931103
0.39384682332707566,1.998797198505234,18.708181848312716,0.5356356068388308,234.234301974216,0.001002285068171116
0.40625584749106664,1.9986141507895587,18.923982924006708,0.46559287627986773,344.34458732882297,0.0010028159724134367
0.2194863936180354,1.9991346255625808,22.65817622655079,0.7784423904151792,609.6641077971212,0.0010666075419579356
0.1291806093193686,1.9984184189726424,21.12203614026599,1.2757290273943236,290.7646799976449,0.0009853420252349551
0.3024275551144098,1.997603367663907,20.161875954545593,0.9482881292171668,353.80554149602057,0.0009866804249559539
0.3027764904297215,1.9978686163106194,20.254688957396702,0.86157834363666,306.4644221077526,0.0009741912367696379
0.13285261654056424,1.9969562684445152,20.7924824386158,1.62583713671409,258.93245969708266,0.0010536914209389855
0.21481579391379732,1.8003692465424301,21.327706186604935,0.39001355285460404,336.1460972539479,0.00113070317518862
0.060692769292394824,1.5028012609022852,25.581068267225856,0.767830237010218,651.372036257178,0.0009777401939531217
0.19988549024520386,0.41713922442807416,25.65094660500018,0.9685533783509057,995.037337109719,0.0010590513502993914
0.15990654369912566,1.3536218554759332,19.884263400768962,0.6520614724934348,206.2692624078052,0.0009720348884942247
0.07076892234984274,0.5224289464549582,23.248036968833247,3.3072866361402724,718.1587590007191,0.001058898897146153
0.055822172767015996,1.2454541927863323,21.389826918793535,1.7511265175492028,630.0932626026562,0.000983618797592127
0.11076505924590817,0.6270158903158467,20.21977426521942,1.4954206390139813,137.9549702793391,0.0009568514862498826
0.22525304976899188,1.4887736846223087,23.400723529272298,0.6896116096427628,644.3707266136684,0.001003252854389341
0.2592107567061433,0.9984565212037642,23.598443418707873,0.92300628789812,845.3061203507951,0.0009128416964201871
0.09120718270043154,0.5633107215775516,24.117056102467846,0.6529776671595179,181.7984214118933,0.0009599889924056085
0.10947340138651096,1.6470668517969191,20.682850867172107,1.6390582630747932,452.1351793164074,0.0011004076523433738
0.23674754407997164,0.7597520080548101,23.739529703354457,0.20413058970466355,238.23249741060246,0.0008215060968668444
0.1289444507894075,0.5359882574375582,28.948295634165465,0.34974756734045054,770.9598090319489,0.0010123849894409986
0.1252131954025004,0.45613913081478885,29.322603908201174,0.4112005194023901,911.7798263292831,0.00102316150833346
0.06821507530065257,0.8072817244373843,33.14159711755288,0.537707431892554,187.82246439069402,0.0010278208444331354
0.046350026818216775,1.0357359151170535,24.943913314189118,2.171832719547123,150.39676214672255,0.0008019078356038745
0.05877722265783969,1.2522149190590406,24.53197948797099,2.1815743506315344,127.4881413982841,0.0008391489609972775
0.19780813303302236,1.6240386786347967,20.802895984446145,0.11262079403137384,196.55599083200218,0.0011209976951215845
0.13717777455108907,1.400080097283249,23.24237254797999,0.5418863644241729,668.6243137617911,0.0011194248274632754
0.18011243299573965,0.6224020293361314,19.49425429581551,1.14975669931694,357.05835577713196,0.000970239615385565
0.26991359163836576,0.7225882300970972,27.89341417603533,1.204938793448938,688.5416945635103,0.001009417169533794
0.24197966231826862,0.6581366081450455,28.235599649403465,0.9083633655129474,312.50904156533545,0.0010252569966207414
0.21869761547869215,0.4097534687787047,23.8926820473781,0.8326084387091429,633.2240259222623,0.0010592818511000767
0.09992625558061485,1.2274671464773896,26.262344430706953,0.9343296825610793,527.183197449445,0.0010382310489959483
0.08290286243619527,1.5418167350197811,21.968434634184426,0.353804057840472,102.02193313757782,0.0010185418062866583
0.17959716046376195,0.2765635124872901,26.637248524047905,0.6487570261373766,1308.7574096678986,0.000923758654010008
0.14959945416428627,0.7626301359466486,24.49338286128058,1.6325264642779562,94.88196231491013,0.00097978761915297
0.09755342966463143,0.6195365638177661,23.060646735768042,0.7159277093512403,633.1156662246442,0.0009862119095214285
0.12635867756303285,0.7153801366587254,24.957591845902744,0.14880837663733543,998.1934902064313,0.0009385120286635731
0.18350466669128435,0.3859126453385878,26.978657901346725,0.11342950695091002,1130.5524836981283,0.0008866201015959323
0.25541618463480975,0.8542903033975648,24.73721032694106,0.19103946666919508,124.28329872536625,0.000981783588913471
0.17678387492605901,0.8099441851674717,24.31005233967951,0.2766628971113441,29.91909720246692,0.0008938656051225519
0.2001086337865116,0.7166001305707441,27.273171998540537,0.1543151744718875,361.93662838918823,0.0008857528987783806
0.0890418518747524,1.0281378953669358,18.507236185992923,1.4119379642346044,185.86012708979052,0.0012086938947834121
0.1418484767979698,0.673995596562857,27.637008443612103,0.8610926474447973,164.57689578195823,0.0008445795415764765
0.21478366205693175,1.0143274701309737,23.16351242388799,1.249704950119559,11.219181177406734,0.0011306064583862948
0.23139947160717247,1.0856533048557913,21.90838557742981,1.4599580083081982,14.934815573796758,0.0011638999453504803
0.06380141456255851,1.1413030529453587,23.26059714357186,0.4632655112473209,336.42768307884984,0.0008928692214919202
0.09963718896189666,1.261425168481569,23.671350307115933,0.3246526178929139,727.4314627279101,0.000885341115613669
0.11093240407449642,0.6120844508979059,25.125434885463797,0.6173155660240202,414.6265331310606,0.0008835129030760445
0.12077003138989734,1.0227980061685111,21.51515408407956,1.7914696122441296,365.7020792376369,0.0008739898748649984
0.10766264388221786,0.6238143543859277,23.22201144441816,1.0823802560460059,474.138908696358,0.0010011073921603025
0.1229724488351214,1.4310923198222503,19.408712470494905,0.35565109076882256,103.86783852175932,0.0009757781391039233
0.12789664836611828,0.9459572079439221,17.53686070760104,1.5170743235849493,67.78528297325487,0.0008864395133153883
0.06072071666182168,0.8746972451245161,30.063645306073752,1.2676942419591668,1464.01128604587,0.0009835671623582012
0.2329203124204396,1.053523520315312,18.434753173659434,0.46099434120120525,11.538542929287267,0.000984618412420167
0.2872424487884153,1.0806692744078112,21.369733038251525,0.21677031619023196,14.468031529371702,0.001058804145058162
0.09601076833678879,1.830899428555263,19.377339759604006,2.9989552367363492,387.36583186438037,0.0009940436418283127
0.3177256860710887,1.3411704640496576,25.563657455190498,0.36034107159548523,715.1163492456998,0.0010718807216828247
0.19126642786133255,0.5487021206137753,19.739614859641705,2.0512797025738774,352.93450411377273,0.0010274029082619303
0.07555752803094107,1.357554819910169,27.780715789270346,0.10426905102344737,459.0296191046984,0.0009488461945263093
0.1389636557094553,0.8520020694053441,29.652575956276323,0.04370114392311979,100.44708874650088,0.0011021959798467604
0.05803456285373279,1.1962722619274437,30.309029451962484,0.053031396533311195,530.6405748246228,0.0010938562168235349
0.03727090624888935,1.954178912799389,30.632290242087848,0.10566646637385341,349.83455819730847,0.0009632202624223521
0.045279841840314534,1.9248831248420297,29.20472991801669,0.084397108909758,453.8180898144134,0.0009637489001180074
0.07815283548015861,1.9906287681210062,24.915518311207737,0.444537578934617,783.4955325747737,0.0009426942881387547
0.09738954643017644,1.9905462662235691,20.250303126470566,0.5091943817208858,531.8696308065895,0.0009553444733423194
0.12422190420992295,1.988549081445818,20.64796693606505,0.47530274601558586,563.0623975356265,0.0009506887674605781
0.06518711155081586,1.995095816941691,21.05100364695731,0.5102741200613956,604.6526539166706,0.0009330053822396913
0.3266642381883928,1.0488765505872681,18.11022645622333,1.0484550504146422,587.5013069146208,0.0010112994366287223
0.21696364136103727,1.403532156039515,27.922236139832435,0.9067723113033013,240.00926508946344,0.0008585364943048859
0.0780876205886249,1.8246947529870674,23.207537739236532,1.8158140929729054,241.98601391701143,0.0012281334493465647
0.12331377600301555,1.3094285814475723,26.685835800144634,0.7268022199803315,742.8638149142471,0.0008623240182521957
0.12818359851612368,1.5440031149257956,24.63349960843211,1.4489339618350205,507.02585973267924,0.0009859480116610412
0.2811475527013277,1.1125047432668915,21.300480197894917,1.501791656685587,636.7081788889185,0.0010894364603246998
0.2929100333408031,0.5963134666241146,22.1194146323184,1.403646926388474,699.9804039388448,0.0010187743058462308
0.02339435531156644,1.9892300272218695,21.152780067486034,0.6165630802155369,544.4051734351651,0.0010350062864139821
0.0719692935066451,1.969047521351765,25.661613181704503,0.1380622341358309,549.5459327947062,0.0010102634808977114
0.14365099513337892,1.9096657633593241,21.49792628534251,0.09301258725546294,245.21492601946903,0.0010531036295895377
0.3068235826344274,0.9733119228551272,23.18854196517615,0.04204675613113421,557.8628154427315,0.0013260390885749805
0.37828482788745244,1.111033721691256,26.55186604017469,0.06162259072754842,989.8569433725507,0.0012963098112296512
0.1316743968862628,1.06562408036478,20.556274480805957,0.6478876801166087,230.69379837798522,0.000969403197669233
0.10102859996970505,0.9942511157775947,22.686641237609166,0.29788885372261303,819.6805129604588,0.0010265013834529864
0.20210583960842088,0.9870862561651031,24.2919719386032,0.18765288984442385,568.6471093740939,0.001165026896449058
0.15821458675210198,0.5027629205904343,23.098686779669695,1.3498110672263548,202.44976927668785,0.0008684990081640897
0.15428152189445085,0.34145970473939724,30.28884814931405,1.4399495411788852,878.7509780032912,0.0010856833385342595
0.04260189819448913,1.6242961151713062,20.877718366007677,0.34264773635266565,167.9096523511875,0.0010793285308421758
0.08679921060895085,0.8536091804322495,29.545036413915536,0.4667378075325979,257.7803516263755,0.0009221683035978436
0.22266362709001503,1.0604462318365304,18.375853351865246,1.0397461178523058,156.70115826148387,0.0011894843014951643
0.20018766755917966,1.3474358658340004,21.490740939148992,1.021018429795263,159.35227946477292,0.001072366165426937
0.1781539217220938,1.4225796631774996,21.589201428030798,1.1591541243293124,153.68212611482673,0.0010716175080007497
0.24700820823386865,0.4532180109982735,22.770468110460545,0.6409074554867155,241.61743281632607,0.0011711818126926275
0.053197216288186085,1.2472005168554456,25.572549214610948,1.3273806432419475,482.92036249665256,0.0009482289384248275
0.18166105602850585,0.6567005278381823,24.96636325444524,0.6059265337191544,710.6520040466024,0.0009370003749571277
0.0839992771235499,1.0600420280194973,24.102229218980433,0.6116316647984185,725.2597483542974,0.0008748467608456557
0.14558993992524147,0.8145515993322219,24.093381583128252,0.36880987766908474,351.84609845773576,0.0009646424772818039
0.11809856253343194,0.9778606247482143,23.590973373499896,1.3889346933065663,611.2851009035061,0.0010926644675633452
0.09429349135287184,0.8201079006862736,22.07953234961236,0.6171738427912037,287.3152640876722,0.0010855569127594072
0.30016694973362007,0.8622379569117751,21.117941911245037,2.1615878270015623,312.6821200745084,0.0011040454222436722
0.04859742067057078,1.5230360974967891,26.99808315878599,0.29989695051998855,206.2800832363234,0.0009028262123949349
0.12249718583151674,0.4468765197218856,22.058407418959412,1.7120889457990989,741.580243939099,0.001058436849381692
0.24024729806037215,1.777755431114609,23.025906110001557,0.4786768228807925,155.01750304052507,0.0010776635458413597
0.16865143289089138,1.6981773211195885,31.243169454841762,0.7756539360515784,261.9806002442806,0.0009426757320195339
0.18282510199941535,1.6623911333228056,25.406293346067525,0.39651856664529755,522.9817766857059,0.0009284699931920746
0.22719680390325517,1.467534984007103,24.717836917589832,0.7872430167079602,348.37088771146773,0.0009311430743560127
0.13485109337006068,0.6784237766623715,18.8376619887006,1.6868461750012191,300.6903649593952,0.0010853801132119237
0.12532779741495012,0.9245759394720158,20.149590411245928,1.6407757030558876,341.5648434012637,0.00108779416290534
0.172097124386298,1.1294937741120297,16.335193051686907,2.4050231247187326,1032.0261423119416,0.0012147248705496703
0.2521002356489745,1.416422981071695,21.07650054613713,0.842457715194559,185.5856841413701,0.0011183048092414127
0.2633609503195222,1.337798242170201,20.581369236085536,1.1835155922224299,59.97997778119812,0.0011602532575227934
0.10332915325955878,1.4662729369622653,26.518333359589406,0.048760248950721514,165.33733898428073,0.0009596493118514451
0.06900928973876837,1.0185829106810012,23.23292514334143,0.11391792893287679,713.3515426476584,0.0010060144978811946
0.06153906274164768,1.275881678281053,22.058584807347586,0.03579255964007325,353.7152685622074,0.000909734354744022
0.07942553851762518,0.7035620194716375,29.65141300990588,0.026837410091618503,944.7781634875743,0.0008984397355447883
0.09612532667439781,1.2869972102980554,26.601077967395934,0.04748011419564697,291.9436656987958,0.0009456473350546281
0.1794021639873901,0.41499331872655215,22.69726339529536,1.8276155739764377,367.59687828598044,0.0009821086905130668
0.15123037824954322,1.3128987637043013,22.578552988532543,0.5095630451062191,182.5831177909384,0.0010382928331274367
0.06787782003830138,1.8349267738122164,25.168032409214955,0.07854947674926226,712.2183544581327,0.0008959010534037177
0.09407403926962418,0.9313432169835965,21.129462581156716,0.1316274672652744,133.26556593688906,0.000889133933228301
0.08155792351859885,1.0830922263785427,20.594666068059343,0.1458380553158969,142.67278141882255,0.0009299312540365511
0.15789194672508605,0.9631119171156525,24.330090611158397,0.8772239652132335,849.8271570015695,0.000922697838774339
0.3173557786120128,0.8954516615263907,24.142538422700888,0.419385782823705,675.8790719549938,0.0008865636015860625
0.10683206022699801,0.5996197467048974,28.845620504740143,0.6297136576647087,343.79793224870093,0.0011615057105616169
0.07438350622917698,1.4704699282924234,28.874717852160646,0.40321934816851723,269.16360949507236,0.001224235677451321
0.06801332247628103,0.6252796112159589,27.1424284168545,0.7599694636303228,702.261676318386,0.0010197437339047133
0.12640348471381857,0.7697708051190842,26.598806209528973,0.5905700560844523,329.43691772118115,0.0010832453537745368
0.15485024567540276,0.3964280594027928,27.55080138432267,1.100539500353416,514.6979974880483,0.0009977382373165616
0.15574364860305182,0.42548708734272617,28.587973806955528,0.936577277408862,981.2804755327755,0.0010758745275262992
0.09957463310346795,1.1405267810979849,19.845773325439033,1.4580696414310275,166.78021926331243,0.001331644046801085
0.06286897294586767,0.7501514947793992,28.49630113253739,1.0657445924700268,43.66875995718152,0.0010098365521581574
0.08249854434538467,1.3829441798484885,21.70065363349038,0.9755571350508075,242.1671752869781,0.0010080296608352092
0.11962173911604002,1.0658467762460744,20.989351525642366,1.3260352174285022,662.0898624693311,0.0009759305238668253
0.18493450293101515,0.7714116516319638,23.402105956716817,0.9589623441332135,483.6247900879607,0.0010169268407913222
0.2181797254502797,0.832890472185703,22.541526016348506,0.7261537727047861,354.0286520512181,0.001015808195083198
0.22173566543022147,0.48938988588358084,22.355186960511947,0.32387388704557496,1012.8580495128524,0.0009720652937139619
0.18276374761121755,1.020362463743695,23.488481761718248,1.047826846106612,161.89785516487427,0.0009294283014352828
0.12282952502861112,0.6811309989707057,19.49784953515687,1.3728434717800546,575.7466540619309,0.0011529972925161606
0.09230664733280478,0.4592290019729049,29.571790085354763,0.7701435670504172,267.7913821827521,0.0010320181914719368
0.0842227664947629,0.6411073311554496,24.664054446863975,0.9905044824060529,380.95876090139313,0.0009687260397039971
0.31202534832242057,0.968280388155466,20.176609777888,0.6787154461165641,537.3056752307716,0.0009434372111293444
0.06902289027228507,1.0440302503674874,29.323639496978004,0.2854052625338337,206.43080807582263,0.0010197633094020883
0.04186282709515829,1.196012855425148,26.693254141114974,0.1541312358136822,700.8958485015024,0.0009244861043155501
0.1367606447418249,0.539926462080772,29.848976964611822,0.3410228256344051,93.21459135505688,0.0010412891797953656
0.1699718371260353,0.9051840740504186,21.875358287643344,1.1980826155749174,9.721841106151341,0.00100030588065241
0.14305959947334335,0.6835100059631947,22.560733299486674,1.0603506223922392,10.95809909050877,0.0009004576384524013
0.12688910453089072,0.445969016000937,25.66013554620608,1.3113339353416955,103.70291249430684,0.0009417107360376907
0.10250438918616143,1.3722234989779012,18.746844463816107,1.2444581314947158,34.650020120209064,0.0010553258364049745
0.3125257313054256,0.37288974710474243,26.299303237829047,1.1150207256856393,1005.8108424332717,0.001019569227615861
0.26468825084767267,0.5979346764338609,24.518778374224414,1.4856139799857662,432.64629290161156,0.001078363095556826
0.3052767432762077,0.5634800791423893,24.738424931803515,1.287989840670425,541.0498480372717,0.0010626930187787177
0.12154516188613114,0.9182858751247229,20.86859701999757,0.9520856877832365,425.45789747196017,0.0008405689465217372
0.26949585871858006,0.7809461939349034,17.768622800252135,2.3693785374460954,105.72039174489743,0.0009220474636732102
0.03781549667758185,0.953763844197383,32.07529534795893,0.36632541753762576,1016.4012677115871,0.0010664666390681648
0.03328235306460444,1.3189314404137873,27.713712212263797,1.2266201696422578,383.81991681988575,0.0009345417470333311
0.049995913989724,0.936686302702782,25.145150521339776,1.3040307506916655,562.6708245890368,0.0008136493832023324
0.10092712820147107,0.8761431212125688,26.04066917989537,0.6933850489610466,463.88147949705626,0.000922034544449823
0.2408239435542659,0.71891268001625,20.55237384670841,0.7064864628250248,506.9217951122088,0.0009478608317848734
0.2415938347329814,0.7532417156851621,24.10496156817474,0.813292572381744,229.82671688153417,0.0009623040995586144
0.14710216101405824,0.9252990034417099,19.17990034376349,0.700709001605893,93.97871477269928,0.0009778534291381583
0.07719774746391106,1.693362776926778,22.16444198197124,0.9636785522460509,227.36880718179924,0.0009123280374266292
0.0958542144485047,1.553777509069221,22.08901202953558,0.8849525686783601,700.3607292522402,0.0008185464921140711
0.13248910870306568,1.0880057526572704,25.536221449831498,0.6420486252837134,372.68649442983974,0.0010000505383878297
0.08829782730738038,1.1565828901032473,23.645579888020375,1.3189584584684109,405.5041184277285,0.0010160341599449215
0.08409963364966742,1.3684012486429624,20.45269497170412,0.9753063247933621,463.0839024866899,0.0010550598328903525
0.20615430553198158,0.3403828601920426,26.466883651084892,1.2922970002815917,338.93577623849154,0.0011908097403378296
0.1528081977046707,1.5501047215397008,19.235052653118515,0.9636082320569725,494.6382478882799,0.0009595992528067591
0.12528071074992683,1.7216175435462953,19.210661603785486,0.9827450914310321,635.7910871770295,0.00098436592567265
0.2163884488177437,1.4525912305921165,21.002324018255724,2.0937253812239636,271.5566430179835,0.0009490011377055294
0.23525379091426407,0.3539473815720554,24.142989575524965,0.4019581241814538,77.8321525842533,0.0009897656404598465
0.20389502868249343,1.0144192022230845,23.192437069731227,0.6198991088586204,102.79130700626236,0.0010365444365819775
0.11986377713614556,0.9293162751617907,25.353847042281384,0.7578482100917315,191.388046979541,0.0009975248776023338
0.10219419976297538,1.0044646611938994,26.599465331740785,0.6391270718649449,143.1400845539804,0.0009751104294337888
0.08532511320924556,1.2537595606135616,27.729780831863007,0.6692788387008591,174.2115055383467,0.001016925074466502
0.03839329556660686,1.2521967924217405,24.195727977194082,1.4018213605184262,725.8023921210373,0.0010354808784505927
0.06788042354480914,0.9099704111733913,26.878229869419723,1.1276821153279635,276.9446251625789,0.0010418872680291837
0.06270825232922608,0.9606249732785583,26.296442494442744,0.7799710305305225,461.40562634854916,0.0009677820992994308
0.05122531466550248,0.9967822643763098,26.78002201580368,1.3507607949836624,265.8119189293156,0.0010842256827515836
0.2607226386620729,1.3560093920387228,21.189049619111312,0.15275287115236333,310.22230947900846,0.000958272890006302
0.17790915533164212,1.3730272243164707,22.20606799067682,0.09427884228799323,309.4116308276767,0.0009005029057123264
0.08391258534551727,0.532416921747731,28.3362940415953,0.07200219492787878,545.8140972352512,0.0010246573258858994
0.13084634763985478,0.5323717552344505,29.23393766300115,0.2595544667161702,229.10429300355867,0.001239501060950937
0.11443323937985646,1.1258369465836982,16.503797699035914,3.9188003014223227,813.7466709209815,0.0010839858757578217
0.1478120838565673,1.070264456438144,14.871047734808947,2.504150278298189,454.8140709576927,0.0011164682359134932
0.17860454300234166,0.3690237390040484,31.42665522556423,0.7514042316255802,428.0780587374417,0.0012296305807495368
0.14712937249177088,0.6010840107614408,25.11812674850141,1.5645193073807586,356.2676177760568,0.0010182482342462153
0.2062103732251293,0.17990472623486245,25.079326778639658,0.7614994929278742,195.4159408169241,0.0009659772690793045
0.18980681805423555,1.172783622067236,25.96461201663885,0.9635973826329185,449.1255298402778,0.0009567498171274588
0.20526537627078686,1.1937727177625077,20.595565555075584,0.3010137050070411,30.751725294248125,0.0010091504397842772
0.1107863230778254,0.8106747441720429,26.916776279244285,0.37299413129378445,1343.533924413266,0.0010723018688157324
0.03808293048435422,1.0919815908049584,23.491607282244935,2.5579053080045426,59.31227134466898,0.0010432941686951116
0.11027765178360903,1.5747491922521766,22.185038537235677,0.6343910280183522,62.075822485209905,0.0009593240870743812
0.05420564078845821,1.1401687572670802,25.33990879201042,0.15763431334358063,667.0852758828245,0.0010246741432554131
0.04478075425031844,1.2471501728880166,25.891793317489753,0.17086843542834332,953.9881542326176,0.0010282182420949522
0.16767984485671522,0.46343573992024073,26.18308070390163,1.0612327135762472,30.743054414959314,0.0010340771280632306
0.1639927692559514,0.9596646013908754,23.783744348634976,0.4434977047868613,354.58934426916426,0.0009709007901086779
0.13064641655071493,1.0004877704541293,21.684251235727263,1.8942487566143154,537.4878129378196,0.001057611104024786
0.1497412293052047,0.38902444814279136,29.90127672355017,0.2746943965866694,428.29199351630837,0.0009358121169712637
0.12397189040358064,0.9111194820451907,30.121832504851717,0.15032405888282085,736.412516910017,0.0009430035679046615
0.2150228652285635,0.20651904177976044,26.683689818378905,3.173044291517939,405.94049404553664,0.0009993391942959649
0.11923072358363548,0.5202706377277927,25.522913633047057,1.5658866603299277,403.44033693830914,0.0010239369793789408
0.07754480385548336,0.8111793878022243,28.861815804647314,2.1116482292593846,850.230211273579,0.0010425480224669477
0.27432605173994634,0.14492352909552703,29.50796639944672,0.3745809987309145,408.6970866034477,0.0008591243173579749
0.08590674142357461,1.3147259049894147,23.356155786865155,1.4124840543498662,608.9736792480674,0.001008986850805082
0.3233414067878197,0.7259419207954038,20.850057159632428,0.7121355383543159,178.62146951879419,0.0009595685231496915
0.04808683788385961,1.132211387273217,24.908592816405196,1.132088486102236,159.49870612808215,0.0009972298896477338
0.23694401772526344,0.6143353278380511,24.12839357542857,0.8312371193534729,938.8561370179555,0.0010988174698292772
0.1609812625897206,1.2431174317549738,23.960755712606005,1.7254645353320284,253.8873572544499,0.0011085481714569745
0.2590476126058885,1.2676345112148826,24.148898797303648,1.1188311606053334,141.25532136313524,0.0011638113072464035
0.21914371763462537,1.2744806256298544,24.774551336180846,1.172412261909211,137.6647312532178,0.0011467898486588574
0.0788832931388539,1.4665846157581894,32.202438431487224,0.6390352800115028,124.55558980214758,0.0009489608861598138
0.060437493004787735,1.0277985503941245,25.332534130864488,0.3438686203487898,16.4499930999752,0.0011691666898834727
0.16215378331174246,0.8888958650337838,21.150560926689902,1.1302742052100911,11.182001602782927,0.001088265826319052
0.06178855015997483,1.2039288100520609,22.428754521764816,1.1465550087598708,8.379506262635003,0.000961560225119573
0.06773055620578555,1.4343697061061356,25.83733349534985,1.0107477165092094,91.60552699758917,0.0009699810487217925
0.2018871285738777,1.1525096226329903,20.09560055716846,0.3543613824852741,307.34227662926656,0.0009840815458022547
0.07582109490407739,0.5309925076780231,29.05461709156842,1.5888008104048152,346.7904877331481,0.0010185376967265579
0.06246790885962753,0.7019941023741441,31.056993086216877,1.0634299583497477,926.4245071419452,0.0011962779158238759
0.24947387321543066,0.9501681047018607,18.875174797868418,0.5203717236196507,59.12173957973176,0.0008065795518892721
0.19512655143292346,1.0850319087233056,20.508284610703964,0.3479151884624774,58.39635827417292,0.0008275392401393668
0.22980578450947692,0.7912119226174487,23.48282450087589,0.4939377456603005,41.43769086302034,0.0007848282281390135
0.34876250334824954,0.36906988496504906,24.559154440592863,0.22889001843771253,331.1008062869934,0.0008965582347440156
0.14433558067172375,0.49421134945913825,30.00632910288959,0.3002582356897795,852.1281487588582,0.0010457568156169784
0.09889337566085683,1.3688034069020938,24.160078036819822,0.3116177482563163,391.0506936489034,0.000948123785216398
0.12278187744174994,0.5469512776755554,21.21826026866375,2.740126540417739,123.4926851787367,0.0010040759374499314
0.2152260178766922,0.8883112625410376,24.569647175253145,0.036105901129358846,285.7856536862968,0.0009623865823715229
0.1953435486828169,0.8982248635149417,19.802950265055383,0.11417852244466906,415.1213264841986,0.000791939540035727
0.1622159460711043,0.83548762639002,23.938845623068996,0.1895218799795157,718.4546727714481,0.000890731012291482
0.22651223165760614,0.5043229614632537,25.72132689044687,0.10146916842004641,657.0351275936324,0.0008975982181625668
0.24559946723619752,0.6374618284421258,24.7797689584543,0.25826127038621566,216.1125096846601,0.0009088501659798703
0.21541948509676875,0.5012983303549511,24.801241003706036,0.13353761302831102,287.5677041306952,0.0009185986189927198
0.06148132671638709,1.1547244580219593,24.66261428761396,1.218707901954029,335.9640589019492,0.001047528616620602
0.06190030503784592,1.9059299259246247,23.793114149762985,0.6500232220968916,326.73912630406744,0.0010260078832329145
0.27677750629225994,1.5584336336987803,21.53057630968183,0.4046515666655713,778.216722136783,0.0010706958945766439
0.3960662649940733,0.9375706025584779,19.05067928567376,1.6952636445420464,564.6545122002201,0.0010173239684305912
0.11153113252258803,1.1921038987308246,24.467016067277065,0.4313117731379751,468.75129503647025,0.0011653727046795704
0.06440090561712844,0.664083489907757,26.781934181680253,1.1441352930434727,475.05258206897025,0.001030109897275078
0.06512782358584104,0.6546398748649405,27.697730478038345,2.8341280548630183,275.6244642928391,0.0010432084398322961
0.27134914992674064,0.4751725688682906,26.081028601305484,0.439707344649038,591.8874196838794,0.0011312057286651587
0.16863251174626018,0.3699596038790068,27.88973446721495,1.3863780522802058,826.6387612371527,0.0010608019163227623
0.14064456704303946,1.2797579826093723,20.244675134979808,0.3894971655167644,317.66618669397417,0.001079479585193236
0.1625854239835422,1.2814576067725107,20.005525002351423,0.4931940247667729,487.28263496045207,0.001199355660357007
0.11897195797546788,0.7320665830102538,24.078304357548454,0.18517753869285755,234.9531752509794,0.0010621266978590328
0.13768574622891566,1.3998646104799035,24.623970681536516,0.49587303346003914,211.0368771570994,0.0008874860921984462
0.11082611577469638,0.9451902875866134,27.279878167549636,0.8303417842084715,335.0576755277365,0.000875083397487339
0.25965403426402717,0.8557808894108505,22.46088047628103,0.05594302541606885,659.0453498704826,0.000912629155136281
0.21379850913185838,0.45382919371748154,23.158298091793547,0.18621324032525488,374.15159223965486,0.000990589314309211
0.14042029471156234,0.669696023381377,20.652374025157272,0.3710963038012998,436.9325359935658,0.001004684665515508
0.17092049447056967,1.5325146955635107,21.453799141971025,0.12822504841082147,465.5885151838215,0.0011086175846040222
0.19560163754883378,0.42899668462226487,25.408409611006793,0.07322643593792065,392.41490695607814,0.0009061315460408371
0.06818219882306657,1.5492337841303967,24.461478371362045,0.2213853318926086,345.59109737207496,0.0011675461064948615
0.03565834397451751,1.7558715380968783,34.842556491481695,0.172662447522168,677.6981639823327,0.0011390705106948983
0.05817844615326864,1.746323225744754,23.60618782423478,0.21111032521241227,264.73177166968054,0.001116817316529902
0.30719683978674545,0.35799382829099213,22.23434754406012,0.81032629081289,459.8740576734528,0.0011195481994131817
0.09518921132620918,0.7395727446894029,29.709005291188976,1.0757402471605968,643.1806479512768,0.0008822349029556289
0.2918308901647466,0.4572108395882327,25.772725928624183,1.7902566374825108,503.84300687507454,0.0009613664739195065
0.2586014867679572,0.6529395846628601,23.4258451690756,1.5685324580827271,489.95494218584736,0.0009645811117699163
0.12527462689595212,0.5787620616645701,25.87213286177309,0.49408320059507266,189.2076263809856,0.001072268914520386
0.24647760011460354,1.2667733994569517,19.405785351612828,0.664831245640432,144.9624141821237,0.000941746557181413
0.2662674326020931,1.4837619313117094,17.877708500516473,0.734354529986527,129.44127447008285,0.000975235595426236
0.1890520291064931,1.1240417097565003,23.379949816328846,0.8505714456240715,291.0837695836657,0.0009748270841402586
0.18983043702292904,0.8490888634555726,24.2747354703205,0.5916698054884174,456.0312652350308,0.0009213713442496988
0.0794142968889779,0.7057071355960559,26.46020942789946,1.6552553544002329,335.0619787484993,0.0008902481572082587
0.10292789320927903,0.9358651983115343,24.686835476927858,0.48125898327033956,26.25233022217412,0.0008448960251093481
0.32834051730030017,0.4868236137002159,25.912781849976035,0.6033142604590848,36.190043614800395,0.0010329865855031885
0.3331713340590858,0.47051910418826254,26.802997181502345,0.9104232187474969,46.643318445555636,0.0010526928378949965
0.1532857002589727,0.3470023676876604,25.82261650650281,1.4629877937073117,272.0974087588843,0.0010270909021535101
0.09964852148989095,1.4999235793787955,21.260606525132964,0.41147850918474665,497.5935189569094,0.0009926959953594071
0.19648026202960026,0.5551712891106243,22.971822485229293,1.2376860087210562,417.69921505352676,0.0010100206616103675
0.14426949943388248,0.8330476319730628,22.865765808311597,0.6084924909861043,256.730881308164,0.0008996660564406507
0.15430769408053788,0.3089565589485441,27.35299074494434,1.3839922808848915,441.81702985740856,0.0011088187303525663
0.19973839142947125,0.5985300193303292,26.625284159858236,0.7835608240725618,414.11824214996466,0.001011337539845857
0.10712456430586277,0.7546464432258259,23.624104491677162,1.208177717395574,62.452849367176604,0.0011094900742314921
0.04152502531262943,0.71878305691446,32.77642539852638,1.5396499035709437,36.54506287688086,0.0010753687296869868
0.06166408780686681,0.43272083843315945,34.21099679475978,0.5365804691579125,1124.7287030663488,0.001036267143675682
0.06770788722192689,0.5736944644339899,33.40825585294843,0.7834778067021676,855.6876297020945,0.0010195745073042673
0.1425953498939011,0.9896346281956282,21.369688631103386,0.8076934695990483,93.1916319710908,0.001065780956431059
0.2718264080760358,1.702625555271134,19.993165619088508,1.3672170742523913,440.0468355417639,0.000972488104884298
0.2653643079902791,1.8957629306604897,23.4581668349443,0.5040265526634955,810.797860839113,0.0008944612741830056
0.22721788420239983,1.8465521601612052,25.27270189529546,0.3597092455533033,995.1307760226089,0.0008973367119554024
0.3543078272798568,1.8876567829778819,17.923687962148847,0.5077757927427073,241.23553499917523,0.000897705601242721
0.2050346200979977,1.147773407900292,21.66416522893693,1.1503722776305043,173.85555822589095,0.0008175114965360537
0.07289969808424744,1.3116587662403523,21.100988993338746,1.349964757307695,650.4114048455695,0.0012834480050244498
0.24154939109855175,0.5478805605594514,20.223418868879495,1.259515402892228,179.10161526999931,0.0008624345607380243
0.09615216443576617,1.354850686945806,19.839289574763335,1.4817308202272828,142.43137594041065,0.0009595693690481003
0.05972460787809991,1.7640287915603057,17.263938966612447,1.0710568704989407,497.3229224902047,0.0009033995831007378
0.06521334828884477,1.2330020630655152,20.411741444599116,1.381238936366186,139.03288700693366,0.001023137568171138
0.06864592723898359,0.6675432109792806,22.626069256568776,2.5917607647569803,582.2374147812616,0.0010060362404912073
0.06741991974148692,0.7991628375015543,23.06078622346277,1.8687237847520408,754.8714026185105,0.0010053823183629562
0.15283233800374416,1.0259948874620746,23.298863230387692,1.406829940003489,795.307700791918,0.0010053557390422919
0.1732095225129924,1.6698089172185564,22.971815663592288,0.10057226064490894,130.07651415595316,0.0010811441285030116
0.1963764752580999,1.145783172192191,21.77799810659179,0.5107519600762332,955.7713562634416,0.0010047049245364014
0.33283875031782384,1.5346892147208828,19.129303717584463,2.261824407952653,236.86738616719842,0.0008734398903391428
0.23094269148989768,1.5459109706679575,21.033420580770866,0.5735700784431468,127.85176174123262,0.00117394391368238
0.19019296384310166,1.2562049113322762,21.631141586170443,0.974335201166326,1123.5476846916474,0.0008951000892650962
0.18739951909019137,0.6673568059048288,18.274026725793174,1.650987207632087,50.64187559169159,0.0009280806311065175
0.18408743040929193,1.0686039429758993,19.99733483701554,1.1889044045168833,37.36017649119459,0.0008938788820475949
0.11246293875092075,0.6972237094791015,21.423359046445132,0.6116803831247215,401.03141006348716,0.0010696098961867004
0.08505764172137247,1.2311677776577372,22.842598985064118,0.8691086245358366,395.6601621208146,0.0010883850237528424
0.1241589203111548,1.2856233623982654,25.75929809873369,0.3622001121121288,582.2995882432978,0.0008601651505918559
0.10675560227869922,0.6511510996416902,29.102921173566177,1.2733226648803169,343.9555062390861,0.0011426707568918597
0.21400122239755345,1.4929389391384835,15.245252632213345,1.2661128890475517,113.25335565550367,0.0009436088978534312
0.13935811833207745,0.8147519004610941,28.84143033861528,0.7047360864308585,297.10800062847557,0.0009786193388274795
0.14653324707261234,0.7938613057548681,27.333082292559038,0.5617144784645483,223.921171812327,0.0010254356350998443
0.3211065294494699,0.9468706464852363,19.116044538758935,1.229249739189938,98.98326525770862,0.0011310689396986718
0.08020617329392439,0.8172746956532824,23.839581393582915,1.3668167691670805,874.4577719192215,0.001041289013796453
0.06964615164399687,1.1958458986400085,21.280948908154354,0.8069069138622943,228.7167974086364,0.0010945327464774138
0.10792174438844132,1.5815192296269025,24.383231176645413,0.6540054713712538,521.8463119432994,0.000983363455985196
0.2803202053665158,1.0739207626045746,18.652968741967257,1.7874255083856307,444.0482928252668,0.0009787118400247136
0.22442326636891574,1.0272584096842785,22.714462925226574,0.30168627953748245,782.7246831393362,0.0009540258646180775
0.1049281793931795,0.4656496244106475,24.988853903870886,1.1694081641633167,198.41549178635546,0.0010472405023613232
0.06890492826117312,1.196806135106954,27.510114552032274,1.0205750844300552,921.7694314642955,0.0008903751595767075
0.16327347487115268,0.08033718300025514,27.830399164752695,2.0309959177729113,331.0900067432263,0.0008483870304351785
0.1941717576745394,0.5963767619237065,28.62675044943323,1.52835982760706,287.7180889632139,0.000931608658064095
0.1274407632013197,0.9336751163517457,18.182216475361166,0.46976324323182417,534.4956001320307,0.0009371164258725965
0.0666447278534085,1.294768931235018,27.14108819613872,1.996480122459886,304.9402433077814,0.0009202559001805276
0.06218258892280484,1.4367119452615327,24.847787905401596,0.5807509733893592,380.24278590742324,0.001037422817879449
0.12153717005371617,0.32860438035522926,31.636060773948614,1.0959017948531629,461.0508068956378,0.0011668518198820503
0.11218116679166751,0.515589505156624,30.170389003594558,0.38173832709447064,455.265224241178,0.0009372419011262649
0.15683191328118956,0.850358390874489,19.926784583500368,1.1365970673736947,301.7094586869073,0.0009595699988744593
0.2488194825939671,1.3290936104865543,22.93351530418221,0.4525920105727796,437.1525342622759,0.0011035168785075535
0.1387068080176694,1.0254769434974635,24.14520847027372,1.9257851338552798,132.4953483457889,0.0009374282901366316
0.09902023280530899,1.0541730263292555,22.99227073480927,1.5930387584796148,52.26343935029993,0.0009150460273946155
0.09159530706101959,0.927438293337936,22.02146132746339,1.6799828977628508,158.83892174139376,0.0009390521800738177
0.11413894126169799,1.2893375101730562,27.36085910875621,0.14391849039343596,17.21964857619684,0.0010107498386393212
0.12267395292485445,1.3960626449226112,26.592351442618376,0.12277138911897854,10.44748581797465,0.0009907263962178527
0.09296968328192183,1.714999262098089,25.634671745708378,0.2051531456707572,34.8743644196379,0.0009489358940157514
0.05380600357358772,1.67951902567946,29.597961933386358,0.2475887070022945,19.165653378368557,0.0010714941989955992
0.035709694265823516,0.5941100587033868,30.87283939169451,3.229642858140166,78.62624880293848,0.001142094329895186
0.10195655207312518,0.7169398152495242,31.623188375808187,0.6174086478487993,283.1789924845244,0.0011254744115235412
0.06767018024558902,0.7938099709953338,29.050144087841698,0.7730110312468284,104.09114795169556,0.0011321756912248428
0.05252586269826478,0.9151344007387944,32.63219726718958,1.0959029217882539,81.99578270499072,0.0009845369549295988
0.14395189397855104,1.3689474309348744,20.35168008102126,0.6833024886838979,682.0717190976421,0.0011099201343624894
0.2213513583806028,0.46822327050842955,23.174445650922575,1.3082666273215926,261.14995277686955,0.0009532957105560344
0.1571149179104139,0.5697393594325729,24.600659236636716,1.9084816554273956,735.5597677199132,0.0010158475841181693
0.07327874371269213,0.33811108235854215,28.476147704580868,1.6218419173601306,637.9250651462602,0.0010043423828465482
0.03708843464596263,1.7810921088594351,25.034409837337044,0.7988301207827786,345.9294156713252,0.0010552244032551352
0.05093952463712601,1.30890610988308,28.563050970501422,0.9972789674364223,712.6584491664076,0.0010343669677795344
0.015626777470364516,0.639144943153291,37.61096304592457,1.7580460690140611,504.5181176538615,0.0009964838502331383
0.027236222999200897,1.8227860830885012,29.469070062042892,1.0821971966431954,106.03885585701447,0.0010651690249432822
0.10958922284200384,0.5733602162566193,27.031499220016954,1.5856605669826436,91.89881080926443,0.000988058345655092
0.27644609906693074,0.6482438880960686,23.20623545084162,0.7569186053477065,319.8016628970909,0.0011500796252824402
0.07877278949688332,1.1921857122707775,22.921181546786347,1.6952801276931146,1067.8547232915578,0.0010046982050747931
0.2725202605193924,0.6643585524202297,22.727390066934962,0.5152585237766303,5.384270114387524,0.0010134744384584842
0.09815290447275928,1.4360076253246847,21.10898248939535,1.369994288776778,30.852055290096608,0.0009350150746379546
0.266846410981018,1.7504739641473317,20.480704921609124,0.7174752031518129,1002.8094212658343,0.0009262762518084384
0.11623288056571039,0.6373663977614408,27.470863336945918,0.33326342824162164,104.04586575032943,0.0011082048557372894
0.10826410358146693,0.9496855881814932,23.35924505800722,1.7294920850824567,950.0662062165921,0.0010543061999695204
0.10607362120169958,0.6123311680213839,23.69472352729235,0.7737922552238579,340.5156773905586,0.0009245009036451014
0.09480019776531949,1.6405918866767268,22.00664756331744,1.4485990661213082,207.06071591554633,0.001066714997851698
0.1313473676994917,0.316699469751583,35.24045239714727,0.2369768055602998,539.9578061407746,0.0009749334207814449
0.14727064872371948,1.3079414205922162,23.049924100443913,0.5053899116314022,62.53146757845047,0.0011696275786620333
0.14510995001340984,0.6345921391911816,24.089677893703602,2.192135712833349,989.4816533312751,0.0009225927567649729
0.1546705181218203,0.8862691156285093,26.575270007245127,1.0701524042424855,853.9682739091795,0.000980854159239987
0.2704532551428352,0.7748767449763152,20.077369258014762,0.7575534125154796,171.33782843079098,0.0011928495675238887
0.05989640155410069,0.90635816110445,21.228537892235813,1.1758036618641718,158.1439415550425,0.0008729279455082944
0.34293861199752285,0.5742530969721302,26.057225840201983,0.8995798830323382,996.6471176736812,0.0011908853418072841
0.06177547553028642,1.3713715847731787,20.717930486134193,1.0948476091776236,123.83687351806962,0.0009164523541809619
0.1884010177346514,0.4585009385941298,25.661055328101313,0.927718197434586,486.4019197258317,0.0010387323523127952
0.10628162490696884,0.4009719147671131,24.549803007146192,1.5215226015538827,1357.2957875212558,0.0009662372777161668
0.26227843447746135,1.0077906780222912,24.470467326742813,0.24573329794839716,96.517739855569,0.000937024685155024
0.20118355480090874,0.4317103458705344,25.648439229152835,0.6236567127732806,1071.278421810204,0.0009714098589219231
0.18619133386305065,0.46085307722670077,23.33090137829148,0.5451313552255851,1555.5040626398636,0.0009035629444640739
0.4007385779526192,0.9404416272700395,21.546295798207467,0.323370115413943,74.03005550195414,0.0009174006725622269
0.23618967624312034,1.0395559137939183,24.748495786830787,0.4879945837217312,910.8621945855002,0.0010376355210723947
0.21239351224141725,0.7988160287205536,20.447964846080545,1.0801717631803192,486.0731506259268,0.0010590479168680767
0.1619042604829965,1.2756812384630636,21.41566056223084,1.536409079501685,69.85311076555419,0.000994009252686172
0.2333803803885839,0.22428438725150113,23.412749490880586,1.7406216416367049,128.7907026781275,0.0009457846757978792
0.30537999249892556,0.3759471106349554,25.190385084576505,1.3007726244996283,234.66886235062015,0.0010338770658375467
0.08685609736926461,0.5981162053769291,25.811944923493257,1.234820096171125,530.2383048629588,0.0009843787628366918
0.14129315233420656,1.4000668265506486,26.834485993860447,0.3831981075234784,151.78126908851684,0.0010618639170017867
0.08008462756803336,1.0623952983386156,26.011605319603785,0.6510783768352945,1036.2148175704504,0.0010347490357536186
0.10077203337853617,0.9110005623983687,26.208851821104357,0.8763708700182311,541.8954568607068,0.0010180398651627833
0.14956694496933928,0.29405902901840925,30.889570071559813,0.4853132238143997,286.85700221531795,0.0011349813793649398
0.19745300099398738,0.7576741427127428,28.771420378230232,2.153385808865286,868.6393993657125,0.0011956022475706962
0.274806403685434,1.013907398412568,26.75261134504804,0.7033475515152915,414.0269462571447,0.001118326688283967
0.08935041630812461,0.8597884716443731,17.54860675184529,2.005183039015288,152.89691014062512,0.000911045354725721
0.09651710560136315,0.9047053759778426,21.308411316243603,0.8908631603885246,145.7009362764117,0.0009143282876821285
0.03324064263403132,1.2986234820311304,24.863679338740525,1.9075338851232728,117.08567728403095,0.0009114142199484265
0.10718418012032145,1.410043686236753,23.214242790073442,0.6098959670346127,1058.346380649618,0.0009988890302592656
0.42775210832535404,0.7624792855480677,19.073830594366697,2.1511385177576634,166.322918404233,0.0009777079648000877
0.14320468673898504,1.4093001602589368,24.123925095843674,0.6235763470870718,1059.2052841003688,0.0009732892796516969
0.23839685163152954,1.2649296383349216,24.048382599785892,0.552336223469511,278.77755832190553,0.00102274120241197
0.2466313290285407,1.504660237780272,24.759865440031092,0.3250669885643458,318.6566865601816,0.0010266880455516558
0.14300747478442657,0.40318984279997266,25.771566595651226,0.3231532615371378,152.15601079165202,0.001185092762723609
0.2774477125284143,1.5781574920048953,20.993667708705928,0.13371229620928085,370.6594296521792,0.0010433402472177027
0.08499170857961888,1.0808837699021718,21.385255864523348,0.6374793148551379,107.89135722131118,0.0008483520020797099
0.07067688833988107,1.4299310472683104,26.71755302291358,1.0096385308607054,689.7203874797524,0.0009550770466240385
0.08366458255627028,1.4815739514883108,22.924573310430926,0.8904250057865428,352.330336098109,0.0009276564027875697
0.2451377062091218,0.25025933383660764,22.047163769273112,1.6542319917368888,534.2519283276398,0.0009780152975269322
0.15442824127234106,0.8470769961494091,25.977941580454175,0.867515051171512,355.27537523637636,0.000994048622450701
0.15199694279365208,0.8863845847258458,22.70761599993535,0.577302580302765,442.3395409629568,0.0009713265937516124
0.28491181969004364,0.40831827809603727,25.73319155353936,0.4234581252555512,325.2418933697791,0.0009800179482862673
0.18264516194377778,0.6183597026483706,27.53085534718777,0.8630750962254959,224.3968542041002,0.0009330666938061973
0.07179861212900303,1.724477358687725,19.55490039419802,0.5110313909620368,116.08332854998186,0.0011219607138672663
0.05791607708947935,0.393718774421826,34.30772441879588,1.373469867335368,1054.8506634850708,0.0009800378768193615
0.0667259467210748,0.6839370163182481,33.63688399950471,1.2011090249152727,446.92295379795985,0.0010223001353686881
0.03977337456679401,1.178686761906877,24.911297841821057,1.9071672560052473,339.157502826854,0.0010648408698343262
0.1935287462512641,0.5574326078257845,25.69916412696011,0.308841953213837,375.84761957310485,0.0009482992368605609
0.14946630516437415,1.6628194699393477,21.260423193171974,0.535733410302358,565.4856172553575,0.0010806583988106195
0.030640671355031585,1.6511985210609734,29.65769719850661,0.8616385929679995,65.08372310770274,0.0009558332533168311
0.09631179833683312,1.3145687813960514,28.44973491743598,0.4439106841646221,84.38597871259763,0.0010304334145844292
0.08324574759501459,0.8612729363147558,24.037841177533398,0.6924678313611536,66.91344809564471,0.001057913037437284
0.22864392480697124,1.0158867336809982,25.616250354470793,0.17242490567451305,477.7590497616308,0.0009519018609585399
0.12584529978786696,1.0797267885842976,21.748053548430786,2.32828931375717,309.4824013367015,0.0010733975566768394
0.22375609649125133,0.5706872176847609,26.40154917612631,0.03567613611486542,560.7531577654648,0.0012056941534501066
0.06994107458130336,1.3312695169546744,24.289125225699912,0.907123841123857,566.5050403725176,0.0009166808713495533
0.15167047748548437,0.7980578000606394,20.101560503177847,1.1395207319659777,276.5969780853698,0.0008969711853283693
0.08856616155208584,0.786978355992369,24.354597471721558,1.6940211457593977,264.7227199363771,0.0010947111345614015
0.21327715909392087,0.6813649861009269,23.179808223583258,0.5906153047988508,761.3770722183201,0.0009229869178215211
0.2496630456371736,0.8876414877030065,24.261049679008913,0.8293093632479476,566.9327890393489,0.0009449988954200576
0.15363672177623777,0.49960433959661815,20.224132350524457,2.22518682736559,409.72775874001724,0.0009618321898146206
0.24989388383823333,0.5427279985718765,26.876457099477072,0.16206781460626035,342.41833367692624,0.0009225800496576992
0.21815418322679808,0.36198793717662475,26.219040719081985,0.1444888129148304,540.151962796856,0.0009390850872950827
0.137036637910128,0.7918550035388977,23.04379594416318,0.18727653539227768,1315.6774189635976,0.001015934188979028
0.23058094747928665,0.7166784739477153,18.411681282218552,0.3031111745194309,157.34654901109943,0.0010029900863848414
0.13186346410663508,1.1180563749434593,23.077296986230127,0.2704698220956847,324.1047984304318,0.0011197733582392383
0.2288623113302035,0.6760241519106771,21.215832433747302,2.215730381197344,482.62614791184143,0.0009137334421656186
0.19476013021474575,1.710814104592377,24.6429893206491,0.07157792480631774,507.3078965076702,0.0010800855659036507
0.12135862227526091,1.381623630073883,27.232684097422002,0.08078986895448764,570.7446834456721,0.0010800426916112884
0.11858151016082508,0.9852942337637519,22.110392994378355,0.26608625216215964,650.0535726419904,0.0011363440278145875
0.14360134432089483,0.8189855096959539,26.587431414847707,0.3804692342405361,269.7044954771868,0.0009275691954783475
0.21113651989725016,0.5324839571212165,25.402594310073187,0.10236238593164619,428.3292894465747,0.0011550098083777988
0.07722132019803978,0.8189672917029205,22.692626082929646,2.209171518583625,130.46041603682863,0.0009001832069783068
0.045061047131561824,0.8282614077862793,30.32562597139374,0.8908883143654034,381.6569662913314,0.0008814917387374943
0.023510970574111372,0.8457480516964527,28.17456130975627,1.3132637243913419,476.23185558907323,0.0007916087308092513
0.03564982155617435,1.377342401608784,25.797261327627293,1.3930027209522537,474.33523499550734,0.0010058803309822356
0.1704089477365336,1.162083643612631,21.7703487394113,1.0557534724792437,493.51181833267054,0.0010375516078892377
0.13477235141227345,0.8624615965782527,26.662827546135173,0.0060449805717953135,318.31396778021906,0.0009062334338667328
0.1751251250285679,0.8287819059430622,23.584473586085064,0.0036882270149148125,279.9410838597397,0.0011848370721769513
0.21329604394491541,1.4085759684460049,23.552219126425417,0.06597117347864544,366.11133208152734,0.001305827056413364
0.08052849871575007,1.471845130187684,22.88836556097615,0.07960197420352454,177.79961491596322,0.000962386121357718
0.28948431023185067,1.796725826822788,20.59070089431756,0.399391383364879,247.0678643178318,0.0010322968185603367
0.08611718158121251,0.34376989988439216,27.18320288956538,2.3876281860984703,157.6081027441137,0.001060561647043666
0.1595804236514581,1.5448219918843682,20.187172338287397,0.46972447777772924,996.2775153132718,0.001107499999918588
0.21200587725579242,0.7165680619198257,25.286909430584235,0.25695975505206003,41.89509189022356,0.0008935552350080091
0.09890429201825951,0.84305854373584,26.2637694819372,0.6732877959625739,129.75278703772906,0.000873331906598605
0.057083828859306025,0.8703499381435198,29.577666456203612,0.2903215785978443,968.3834300423975,0.0009619836249727415
0.08026103819304767,0.9296060782991217,31.365806354843112,0.495489658910761,186.60857916072177,0.0012231343758090777
0.2500077235433632,0.3366455561768473,22.763606621712384,0.8975411331839066,907.5578670384568,0.000907428624583576
0.27454605586493114,0.3122954436482928,22.071368290671202,0.7810237271003456,821.0931344542971,0.0009171802367333501
0.08724245065395539,1.249923993470235,20.137889996208543,1.851458500131529,209.56945281614824,0.0010886931357324309
0.10510353370956088,0.7539761105337559,30.214596402139374,0.4740520912824683,328.6529702225594,0.00095592143133073
0.08964352691590345,0.4414637447557056,32.31152941005087,0.8265755591961014,273.7999651734535,0.0009580165501535864
0.05563358765008206,1.5266034063810872,20.707588240010978,1.1671467321058866,270.7948490058809,0.0010880173410178716
0.12728380823879523,0.6317452291836968,20.61003785674745,2.036508379560438,174.05985666948177,0.0010194372562338926
0.15907934924937475,0.6833615054769192,27.737067623469358,0.4414227993675443,1206.539202554747,0.0011780218406135512
0.20871672218830423,0.49126001847299183,25.78386198986178,1.356314867037212,66.54204190354577,0.0008490726365386298
0.23541178930543985,0.15590798238607934,28.10869923025634,0.934460075647431,51.74759585180117,0.0008512757456366603
0.08261191014339352,0.6382363581673431,46.64646651211203,0.7241127727657594,847.571610516541,0.001271801301000243
0.07275762111898092,0.32450169493612274,49.65013881027579,1.4476966313276167,251.82043861864616,0.0013424778779038565
0.2727024432089669,1.0093208663278888,58.68802187560277,0.482796997744074,961.3828378702434,0.0009247483327157113
0.24900176837660154,1.2412411652625694,57.913435722180076,0.694633366432563,855.2725084300461,0.0008484425246771673
0.16453285494496675,0.7121160139245232,53.41972365659326,0.3835638178600577,344.22532435466724,0.001357437009949954
0.04657851524702272,1.6879997772926463,55.8847706526624,1.4312746956462055,771.9964313024099,0.001091347438197006
0.17647047162335402,0.33232067080009525,53.453004630336004,1.2515340476684085,216.7103004964662,0.0012831047571331454
0.18203136409360512,0.3294736783059103,52.51973143299889,1.4904460174154583,313.6998384557601,0.001281459180801336
0.17465433659687513,0.3629919204362693,52.38955974697619,1.3857130846197847,395.6520888365611,0.0013066502134379274
0.2500841375229145,0.32225156169990626,50.825228719452454,0.8409322908201383,313.5018788602053,0.0014046011411340338
0.3197398764074495,0.5535423983169429,53.12171169623412,0.4437040838032721,406.2921023596801,0.0009643991605051166
0.144953720630141,0.32615160467230114,58.20105957331547,2.0521487762230404,341.65897486782023,0.0011259337260198716
0.16877868294871257,0.7256549269470431,53.471789108774246,1.3861095124605194,321.15669107765103,0.0011989317882430746
0.12178006704055593,0.45687673007128315,56.15380485383325,1.3418042139188564,78.78338459779499,0.0011392736628301503
0.2734447288525584,0.12488171669345184,51.8796933965198,1.8542773543032445,31.247778869902746,0.0009949561865265182
0.10625615795154447,0.17488250375301745,29.12678002968762,0.870156113548122,942.5261354468387,0.0013078775669653434
0.1275940433073333,0.17164160744222373,29.361597814669935,0.2574644561441287,577.6053604249022,0.0012215962806338845
0.15645636187236112,1.975641743162244,26.32116772578073,0.10109097674141654,475.33700949236805,0.0008686257458370925
0.1001736475732879,1.579151530319644,19.170760338401703,0.40475841732154916,106.48002553412117,0.0009345529524553175
0.3071079529706615,0.4525539726685631,19.78835520745934,0.20614134010306587,609.828311674751,0.0009615689417670409
0.3006716620841363,0.4414376541014235,21.397990251759374,0.13943098347077296,685.1643553942273,0.0009529768382904192
0.24213936636404676,1.4797449409926966,23.126856500160503,0.33711549343156266,618.5662892288442,0.0009183495685801782
0.10893149853917161,1.1115271752566196,23.027203932541596,0.5808173551764481,147.0574375393976,0.000891282183608327
0.1442757899738391,0.5061641472458671,23.209547751349042,1.7661089173111286,1072.6773394329111,0.0009310571572231034
0.26534751060605577,0.35573108445958757,21.50981880960793,0.4575442207494828,337.3297135027959,0.000979435435621652
0.134945201701865,1.832905049079613,23.9187680848366,0.6101625452145589,552.0162550152219,0.0011191493288896025
0.2546974462350518,1.1953407204209183,20.32527176176494,1.1655469386593285,429.2841448186626,0.0010409771189548184
0.2745640747447391,1.0690333041341227,22.593553853638994,1.2251429101190294,641.86482715794,0.0010301719298529872
0.09711540290655402,1.0004486487244306,22.005548610570763,0.8788172668399766,213.88917037386253,0.0010037439892696758
0.08408018129663052,0.8494215069783622,23.324759233857904,2.350828763844616,250.7012987877981,0.0008845438005260282
0.08916294769498753,1.4774311875942696,20.994765869377936,0.39632745990971024,842.9431054358056,0.001054984471479524
0.07286511494352549,0.6370094328234566,25.48120441963218,1.8996380645763569,155.91598414070685,0.0010723139430818653
0.21951204158445378,0.8585597906671186,21.02177818705843,0.8080107340097229,472.47802485561203,0.0010035120698321433
0.2500439130012689,0.879207345450512,21.646518489808923,1.0435508940603913,605.4119446686835,0.0009956465760451042
0.19988490087346428,1.254521474179932,19.266217831416512,1.748164688751877,629.692390097458,0.0009801320656454041
0.13763805103893947,1.3102875733790482,21.2242001036452,2.119211064944589,755.2649996196922,0.0009636372697678381
0.12615647902542163,1.07038681340759,21.163781192904008,1.1602152754749218,231.08953041283192,0.0009383669166940134
0.2988072957897556,1.5185575843289698,21.159272372684715,0.8156310500904156,891.108358948541,0.0010099852327064105
0.17837000956349439,1.1929147820236055,22.198004656166603,0.6058297344831954,139.12719493256242,0.00092750511719122
0.17111845060547162,0.8109130607892372,27.960780921870143,0.2763544054085636,145.10768362254072,0.0009859933637598305
0.13705128220521542,1.1434755039898197,20.953341341924407,0.04417668890589679,393.2333556819448,0.0010194871659898893
0.2007941897309633,1.1222528823784186,23.056031119028447,0.028489471258383522,706.6000403380423,0.001088995628897083
0.14466934795020814,0.8316828222029791,24.981828044807443,0.028021307250217474,285.74533761334976,0.0010149124617995888
0.052899299782584286,1.5235511712254635,27.056873548430115,0.2201656786361464,609.4938218129977,0.0010803247900666865
0.03389700822224621,1.7796796376525155,24.639476010375684,0.3664553454330632,411.27292427852285,0.0010964427543592402
0.2817936358995872,0.23849595918807667,26.704079682977035,1.5908225532058684,207.61000584692454,0.0009574037690722962
0.2152514606045671,0.3163573595353451,30.07131086088519,0.958124595983806,41.72360403083439,0.0010159106853516666
0.13247252875884347,0.19933395719620411,32.36453910506543,1.6775788967777971,18.60745169239871,0.0010148492693935179
0.11353816428309291,0.08358085187659688,35.6354670531113,0.2681496776867894,1581.092165907358,0.0010970480841430406
0.11708070072989024,0.08245527985463741,35.73271994402162,0.21453014824373914,1164.525998950091,0.001073376193553215
0.2968890493015014,1.7032081070167293,18.44393254006573,2.3155281489529695,120.57726641648514,0.0009868342231497353
0.21313234225138308,0.44208333107911585,20.414783482737167,0.8590391652572296,393.37535435625944,0.0009677643094709888
0.16646276078959255,1.148493743671382,23.47510343494016,0.19068224246324086,260.2361470238763,0.0010827406066994973
0.14456240034410936,0.9439240680502938,22.99188383393936,0.3336655726030701,134.9838188102182,0.0010402444575430226
0.10506112132532015,1.6189870180164556,20.00451099466637,0.1264996304348341,786.1892774065603,0.0010675273579069978
0.10398451742836388,1.6889600276926013,22.696299206001505,0.13165199596165203,1362.5723370038454,0.0010521848862861288
0.13429693822880004,0.5134848864530894,27.035289865538154,0.49378025666378067,148.4300279804695,0.0010216567178638765
0.07818968773128,1.1716721881237173,25.316378028642337,1.395852028224901,589.529891983248,0.0009835539767717573
0.1672004591067221,1.2238326847791778,23.211241290421214,0.36627353814016395,487.99068521673274,0.0009306084514431673
0.11831439666795322,1.2350207295376516,22.7958099632798,0.6563675528819164,547.6060012840097,0.0009279102124747649
0.23072488167164232,0.42804268981775545,24.2448109944074,0.23403219032973807,496.5147379568056,0.00101990547564396
0.10083342704237144,1.5726115574441033,20.792810236014166,0.45327297875704486,408.218122263548,0.0009676197730942061
0.28838491855731463,0.4699447935792633,23.58928307676725,0.49423579388080174,122.60717324138032,0.0010158028544477136
