suite,shot,method,n_bins,n_dof,fits_data,seconds,resid_pct,resid_unsat_pct,n_imputed_channels,hi10_frac,centroid_mev,n_eff_bins,wasserstein_mev,total_variation,log_rms,hi10_frac_err,truth_hi10_frac,truth_n_eff_bins,truth_a4,truth_a3,truth_has_bump,pred_a4,a4_err,pred_a4_sigma,a4_within_1sig
synthetic-inprior,inprior_0000,CNN n50,50,50,False,0.7947265000111656,31.53162546204723,31.53162546204723,0,0.24136192193219652,22.79203575412328,13.41027929728288,7.86457239893297,0.3519792692293656,0.4117003761216971,0.34545092011559575,0.5868128420477923,35.322072525579834,9.317207329181194,8.187526149687763,True,,,,
synthetic-inprior,inprior_0000,DNN spectrum n20,20,20,False,0.27900490000320133,57.35406693559273,57.35406693559273,0,2.085940437517959e-17,16.299993346659285,2.7777777777778216,14.779986765478759,0.8562500804150667,4.063598843616761,0.5868128420477923,0.5868128420477923,35.322072525579834,9.317207329181194,8.187526149687763,True,,,,
synthetic-inprior,inprior_0000,DNN classifier n50,50,50,False,0.4215289000130724,49.4661634698929,49.4661634698929,0,1.2268000691806037e-06,24.499999999969372,1.000002471671028,14.680655808817015,0.9521842252949106,4.167456765846381,0.5868116152477231,0.5868128420477923,35.322072525579834,9.317207329181194,8.187526149687763,True,,,,
synthetic-inprior,inprior_0000,PFF ensemble,200,6,False,1.8037558999931207,31.41874777671693,31.41874777671693,0,0.4053494511688017,19.838022470767008,21.891324250203162,5.504880531308735,0.18875072243846305,0.35911671787240507,0.18146339087899055,0.5868128420477923,35.322072525579834,9.317207329181194,8.187526149687763,True,15.2315092086792,5.914301879498005,3.421313762664795,False
synthetic-inprior,inprior_0000,TSVD_NN,100,7,True,0.02503900000010617,29.27247962225472,29.27247962225472,0,0.22714963720877204,43.15593379736408,10.461203528937013,6.5239994918623125,0.623597360972587,3.4682025601137267,0.35966320483902026,0.5868128420477923,35.322072525579834,9.317207329181194,8.187526149687763,True,,,,
synthetic-inprior,inprior_0000,truth (reference),200,6,False,0.0,30.19668850163353,30.19668850163353,0,0.5868128420477923,24.13484551744734,35.322072525579834,0.0,0.0,0.0,0.0,0.5868128420477923,35.322072525579834,9.317207329181194,,True,,,,
synthetic-inprior,inprior_0001,CNN n50,50,50,False,0.16221470000164118,28.40588741422085,28.40588741422085,0,0.311853675913941,32.45810280393199,9.879029760869996,5.693418506516013,0.4070384739454305,0.44518120873468164,0.31378136073032337,0.6256350366442643,38.4803137848252,17.027852459492493,10.474010322602615,True,,,,
synthetic-inprior,inprior_0001,DNN spectrum n20,20,20,False,0.16176690001157112,41.77287202294996,41.77287202294996,0,0.0,,2.7777777914079405,13.882403121695905,0.8816517030783101,4.094414379738649,0.6256350366442643,0.6256350366442643,38.4803137848252,17.027852459492493,10.474010322602615,True,,,,
synthetic-inprior,inprior_0001,DNN classifier n50,50,50,False,0.16274980000162032,48.04119956767534,48.04119956767534,0,1.2268000691806037e-06,24.499999999969372,1.000002471671028,15.907998766049902,0.9573581232077624,4.192233102004472,0.6256338098441951,0.6256350366442643,38.4803137848252,17.027852459492493,10.474010322602615,True,,,,
synthetic-inprior,inprior_0001,PFF ensemble,200,6,False,0.77620740000566,28.6609141007313,28.6609141007313,0,0.6742053485787811,26.22911258818671,42.931140004650814,1.9163867230319753,0.06151747293457055,0.07468326067600162,0.048570311934516774,0.6256350366442643,38.4803137848252,17.027852459492493,10.474010322602615,True,15.310911178588867,1.716941280903626,3.3880724906921387,True
synthetic-inprior,inprior_0001,TSVD_NN,100,7,True,0.018060899994452484,28.18393439634358,28.18393439634358,0,0.19020426140384344,40.34564906824437,4.47098731179917,9.046801039856227,0.6969315314831215,3.5802566658764166,0.4354307752404209,0.6256350366442643,38.4803137848252,17.027852459492493,10.474010322602615,True,,,,
synthetic-inprior,inprior_0001,truth (reference),200,6,False,0.0,28.831788297012814,28.831788297012814,0,0.6256350366442643,24.88441514010282,38.4803137848252,0.0,0.0,0.0,0.0,0.6256350366442643,38.4803137848252,17.027852459492493,,True,,,,
synthetic-inprior,inprior_0002,CNN n50,50,50,False,0.16445789999852423,32.586378848427756,32.586378848427756,0,0.40970554760885347,23.77424893122371,20.28621052107874,1.651698218791478,0.1295508704501892,0.1722243347521212,0.04549274853285057,0.45519829614170404,25.071808172898294,17.92769629103508,6.759671281017367,True,,,,
synthetic-inprior,inprior_0002,DNN spectrum n20,20,20,False,0.12819969998963643,59.3207674447509,59.3207674447509,0,0.0,,2.7777777779134976,10.65070336898076,0.7905343638366532,3.916483330089801,0.45519829614170404,0.45519829614170404,25.071808172898294,17.92769629103508,6.759671281017367,True,,,,
synthetic-inprior,inprior_0002,DNN classifier n50,50,50,False,0.1627682999969693,51.576740211018056,51.576740211018056,0,1.2268000691806037e-06,24.499999999969372,1.000002471671028,10.601681955327884,0.9304354508331424,4.032723517016219,0.45519706934163484,0.45519829614170404,25.071808172898294,17.92769629103508,6.759671281017367,True,,,,
synthetic-inprior,inprior_0002,PFF ensemble,200,6,False,0.7519027999951504,33.33510382405827,33.33510382405827,0,0.4353596006036235,20.480131091221345,23.7015798788784,0.5929931924283132,0.023862889447951566,0.04820984249084,0.019838695538080542,0.45519829614170404,25.071808172898294,17.92769629103508,6.759671281017367,True,15.316320419311523,2.6113758717235562,3.410649299621582,True
synthetic-inprior,inprior_0002,TSVD_NN,100,7,True,0.06590329999744426,31.015229730931033,31.015229730931033,0,0.26531502126364576,45.67326069559657,7.303318558920336,7.3646973891564915,0.7011097601200474,3.6014309723683056,0.18988327487805828,0.45519829614170404,25.071808172898294,17.92769629103508,6.759671281017367,True,,,,
synthetic-inprior,inprior_0002,truth (reference),200,6,False,0.0,33.13288400814887,33.13288400814887,0,0.45519829614170404,21.025088958909635,25.071808172898294,0.0,0.0,0.0,0.0,0.45519829614170404,25.071808172898294,17.92769629103508,,True,,,,
synthetic-inprior,inprior_0003,CNN n50,50,50,False,0.13336350000463426,30.065934067629225,30.065934067629225,0,0.15960567438683085,17.81114345843342,10.809226983060581,1.5835102915809833,0.2168991386869852,1.3225916649306764,0.006245626065176368,0.15336004832165448,7.480630507137724,18.034506560423782,14.217974105970072,True,,,,
synthetic-inprior,inprior_0003,DNN spectrum n20,20,20,False,0.14255930000217631,46.28395740754787,46.28395740754787,0,0.0,,2.7777781185161428,3.498034181191102,0.4359359869121595,3.169413942575917,0.15336004832165448,0.15336004832165448,7.480630507137724,18.034506560423782,14.217974105970072,True,,,,
synthetic-inprior,inprior_0003,DNN classifier n50,50,50,False,0.154811599990353,39.72808818538433,39.72808818538433,0,1.2268000691806037e-06,24.499999999969372,1.000002471671028,3.8150961195221456,0.8212182870349117,3.3971730797678985,0.1533588215215853,0.15336004832165448,7.480630507137724,18.034506560423782,14.217974105970072,True,,,,
synthetic-inprior,inprior_0003,PFF ensemble,200,6,False,0.7742136000015307,31.160602715422137,31.160602715422137,0,0.11930020566539595,14.301822791939252,8.864954261561293,0.952912479573783,0.15089548968032765,0.8073690493984519,0.03405984265625853,0.15336004832165448,7.480630507137724,18.034506560423782,14.217974105970072,True,14.758031845092773,3.276474715331009,3.4470632076263428,True
synthetic-inprior,inprior_0003,TSVD_NN,100,7,True,0.02767660000245087,29.683108052544476,29.683108052544476,0,0.07838942789283353,29.352847649946103,9.506553221917057,2.437259245938407,0.293634651027805,1.8210787411507314,0.07497062042882095,0.15336004832165448,7.480630507137724,18.034506560423782,14.217974105970072,True,,,,
synthetic-inprior,inprior_0003,truth (reference),200,6,False,0.0,30.525844413982608,30.525844413982608,0,0.15336004832165448,16.953376735701298,7.480630507137724,0.0,0.0,0.0,0.0,0.15336004832165448,7.480630507137724,18.034506560423782,,True,,,,
synthetic-inprior,inprior_0004,CNN n50,50,50,False,0.13034570000309031,36.17260086341766,36.17260086341766,0,0.02181980778525934,21.224035380622123,4.31329567301438,0.37818195517035347,0.050947231277362934,0.9313245469796406,0.008327716140105712,0.013492091645153628,4.7165978451762145,18.025735860314793,0.0,False,,,,
synthetic-inprior,inprior_0004,DNN spectrum n20,20,20,False,0.10830159999022726,40.89084314052794,40.89084314052794,0,4.0170318019541726e-37,16.300000000000004,3.1859198006830227,0.870687102279212,0.21226720063096782,2.487836145457702,0.013492091645153628,0.013492091645153628,4.7165978451762145,18.025735860314793,0.0,False,,,,
synthetic-inprior,inprior_0004,DNN classifier n50,50,50,False,0.11863460000313353,39.04228917002415,39.04228917002415,0,1.2268000691806037e-06,24.499999999969372,1.000002471671028,1.5579875552267473,0.7725412524027773,3.113501073253092,0.013490864845084447,0.013492091645153628,4.7165978451762145,18.025735860314793,0.0,False,,,,
synthetic-inprior,inprior_0004,PFF ensemble,200,6,False,0.7588181000028271,37.01890590746917,37.01890590746917,0,0.01450371891204446,12.446824846969882,4.6539763135118815,0.028283086847088912,0.00654873818981507,0.06084006678834408,0.0010116272668908317,0.013492091645153628,4.7165978451762145,18.025735860314793,0.0,False,,,,
synthetic-inprior,inprior_0004,TSVD_NN,100,7,True,0.029510899999877438,35.0660884770773,35.0660884770773,0,0.017727549309882434,47.5,3.7964609453251117,0.8449239073293796,0.17788195244654825,2.196429850190633,0.0042354576647288065,0.013492091645153628,4.7165978451762145,18.025735860314793,0.0,False,,,,
synthetic-inprior,inprior_0004,truth (reference),200,6,False,0.0,36.99754043326132,36.99754043326132,0,0.013492091645153628,12.358297599204613,4.7165978451762145,0.0,0.0,0.0,0.0,0.013492091645153628,4.7165978451762145,18.025735860314793,,False,,,,
synthetic-inprior,inprior_0005,CNN n50,50,50,False,0.15625709999585524,28.786242238570612,28.786242238570612,0,0.2208568472451556,25.40569584074869,9.650051662544273,3.1553264901516607,0.2815017773832943,0.3122048678169527,0.15541430232392453,0.37627114956908014,20.354769538932686,20.173381287839472,5.638700884486288,True,,,,
synthetic-inprior,inprior_0005,DNN spectrum n20,20,20,False,0.16180899999744724,47.77143648313411,47.77143648313411,0,0.0,,2.7777785165990547,8.615163790687674,0.7450475698481255,3.793146324100941,0.37627114956908014,0.37627114956908014,20.354769538932686,20.173381287839472,5.638700884486288,True,,,,
synthetic-inprior,inprior_0005,DNN classifier n50,50,50,False,0.134813500000746,40.81559931138485,40.81559931138485,0,1.2268000691806037e-06,24.499999999969372,1.000002471671028,8.60268141244222,0.9154413557966042,3.91767175044773,0.37626992276901094,0.37627114956908014,20.354769538932686,20.173381287839472,5.638700884486288,True,,,,
synthetic-inprior,inprior_0005,PFF ensemble,200,6,False,0.7043862999998964,30.522027552624113,30.522027552624113,0,0.1963809989033544,15.621415442354206,11.876929546606789,3.9605148944223902,0.19301077804872574,0.7969733018407977,0.17989015066572575,0.37627114956908014,20.354769538932686,20.173381287839472,5.638700884486288,True,15.979005813598633,4.1943754742408395,3.4323251247406006,False
synthetic-inprior,inprior_0005,TSVD_NN,100,7,True,2.106676499999594,28.66638613215247,28.66638613215247,0,0.13438494788382513,31.70930483087783,5.767261997854592,4.157002881727997,0.6084202340047412,3.2480978173054185,0.24188620168525501,0.37627114956908014,20.354769538932686,20.173381287839472,5.638700884486288,True,,,,
synthetic-inprior,inprior_0005,truth (reference),200,6,False,0.0,29.095747993940883,29.095747993940883,0,0.37627114956908014,19.392789237490675,20.354769538932686,0.0,0.0,0.0,0.0,0.37627114956908014,20.354769538932686,20.173381287839472,,True,,,,
synthetic-inprior,inprior_0006,CNN n50,50,50,False,0.16101789999811444,37.901054795868184,37.901054795868184,0,0.0033898095876114284,18.87356970573551,3.2257927864733396,0.24558207435391977,0.06585892324574336,0.7723597119709249,0.0028680098861334578,0.0005217997014779709,2.77091045791939,10.3815324733723,0.0,False,,,,
synthetic-inprior,inprior_0006,DNN spectrum n20,20,20,False,0.15082710000569932,38.82599545770757,38.82599545770757,0,0.0,,2.777777780458164,0.3462070132734033,0.23394998752703344,2.579167218970159,0.0005217997014779709,0.0005217997014779709,2.77091045791939,10.3815324733723,0.0,False,,,,
synthetic-inprior,inprior_0006,DNN classifier n50,50,50,False,0.12261760000546928,38.14654415165809,38.14654415165809,0,1.2268000691806037e-06,24.499999999969372,1.000002471671028,0.9461913474921148,0.7509226787926608,3.1486065446965212,0.0005205729014087902,0.0005217997014779709,2.77091045791939,10.3815324733723,0.0,False,,,,
synthetic-inprior,inprior_0006,PFF ensemble,200,6,False,0.7384757000108948,38.51659932548438,38.51659932548438,0,0.0009978303035712017,11.505398724360234,3.006195082671628,0.11769958700649791,0.031146784860417397,0.25717317475639984,0.00047603060209323086,0.0005217997014779709,2.77091045791939,10.3815324733723,0.0,False,,,,
synthetic-inprior,inprior_0006,TSVD_NN,100,7,True,0.017704800004139543,35.80572622113936,35.80572622113936,0,0.015818297264053705,48.550571371483386,1.7124794719587382,1.1648791605160633,0.21346305452381514,2.5828066590071543,0.015296497562575733,0.0005217997014779709,2.77091045791939,10.3815324733723,0.0,False,,,,
synthetic-inprior,inprior_0006,truth (reference),200,6,False,0.0,39.106456278229444,39.106456278229444,0,0.0005217997014779709,11.385455228956731,2.77091045791939,0.0,0.0,0.0,0.0,0.0005217997014779709,2.77091045791939,10.3815324733723,,False,,,,
synthetic-inprior,inprior_0007,CNN n50,50,50,False,0.17796889999590348,33.41721784364966,33.41721784364966,0,0.07903450943521295,16.94824668811816,7.6201902584712595,0.3673827136663871,0.03451767528800721,1.0281523632394824,0.012405482189099773,0.06662902724611318,7.428966407676673,15.805329451445047,0.0,False,,,,
synthetic-inprior,inprior_0007,DNN spectrum n20,20,20,False,0.17213289999926928,46.89129460469119,46.89129460469119,0,0.0,,2.7777777777777772,2.4144272960802415,0.44371153973361566,2.8433323243465947,0.06662902724611318,0.06662902724611318,7.428966407676673,15.805329451445047,0.0,False,,,,
synthetic-inprior,inprior_0007,DNN classifier n50,50,50,False,0.16040750000684056,41.20518057543703,41.20518057543703,0,1.2268000691806037e-06,24.499999999969372,1.000002471671028,2.6889526279689044,0.8190221812581826,3.0471352236760443,0.066627800446044,0.06662902724611318,7.428966407676673,15.805329451445047,0.0,False,,,,
synthetic-inprior,inprior_0007,PFF ensemble,200,6,False,0.8093605000030948,34.03773024447798,34.03773024447798,0,0.081321778395746,13.541953979887777,7.4033348456069,0.12948290317807357,0.022597442430954306,0.16079037734555146,0.014692751149632824,0.06662902724611318,7.428966407676673,15.805329451445047,0.0,False,,,,
synthetic-inprior,inprior_0007,TSVD_NN,100,7,True,0.04581219999818131,32.457586004658516,32.457586004658516,0,0.05622422834670011,25.80308467908016,2.6777234053280154,2.0881958688036155,0.5950613650947294,2.5807904149786953,0.010404798899413072,0.06662902724611318,7.428966407676673,15.805329451445047,0.0,False,,,,
synthetic-inprior,inprior_0007,truth (reference),200,6,False,0.0,34.1978244947731,34.1978244947731,0,0.06662902724611318,13.713704546029927,7.428966407676673,0.0,0.0,0.0,0.0,0.06662902724611318,7.428966407676673,15.805329451445047,,False,,,,
synthetic-inprior,inprior_0008,CNN n50,50,50,False,0.16591840000182856,29.64605973974823,29.64605973974823,0,0.4107722119503151,22.368348429780525,17.938103907407744,3.9035239781980224,0.2007916157066435,0.24494948005823383,0.14499788427768345,0.5557700962279986,32.63420286180986,17.54238389902292,0.0,False,,,,
synthetic-inprior,inprior_0008,DNN spectrum n20,20,20,False,0.17094680000445805,51.98528001069562,51.98528001069562,0,0.0,,2.7777871008023225,13.720512647499886,0.8410968407030508,4.034407281387296,0.5557700962279986,0.5557700962279986,32.63420286180986,17.54238389902292,0.0,False,,,,
synthetic-inprior,inprior_0008,DNN classifier n50,50,50,False,0.13695549999829382,45.03746576347218,45.03746576347218,0,1.2268000691806037e-06,24.499999999969372,1.000002471671028,13.632120966890383,0.9470817370532743,4.141200178591641,0.5557688694279294,0.5557700962279986,32.63420286180986,17.54238389902292,0.0,False,,,,
synthetic-inprior,inprior_0008,PFF ensemble,200,6,False,0.76006430000416,31.41426147831791,31.41426147831791,0,0.2580642552912878,16.678700346069498,14.456780019345894,7.867171862734567,0.29770584093671076,0.8244771293171901,0.29770584093671076,0.5557700962279986,32.63420286180986,17.54238389902292,0.0,False,,,,
synthetic-inprior,inprior_0008,TSVD_NN,100,7,True,0.15421060001244769,29.545390520730937,29.545390520730937,0,0.4983069200226129,20.205675684723616,9.509812202782323,4.994534680398394,0.5316517926682861,3.163405003290844,0.05746317620538566,0.5557700962279986,32.63420286180986,17.54238389902292,0.0,False,,,,
synthetic-inprior,inprior_0008,truth (reference),200,6,False,0.0,29.56983002684442,29.56983002684442,0,0.5557700962279986,23.380004139914735,32.63420286180986,0.0,0.0,0.0,0.0,0.5557700962279986,32.63420286180986,17.54238389902292,,False,,,,
synthetic-inprior,inprior_0009,CNN n50,50,50,False,0.16482550000364427,32.27840644071718,32.27840644071718,0,0.5973039157437525,29.044867840453904,32.88990439530728,2.605056064129971,0.19431818584753024,0.19508855633924677,0.02957041678961536,0.6268743325333679,38.81608685219113,14.735298500086952,0.0,False,,,,
synthetic-inprior,inprior_0009,DNN spectrum n20,20,20,False,0.1273559999972349,63.72905224168623,63.72905224168623,0,0.0,,2.7992326141104393,16.163966963077932,0.869253642401655,4.000010455642633,0.6268743325333679,0.6268743325333679,38.81608685219113,14.735298500086952,0.0,False,,,,
synthetic-inprior,inprior_0009,DNN classifier n50,50,50,False,0.14404270000522956,56.152007193910734,56.152007193910734,0,1.2268000691806037e-06,24.499999999969372,1.000002471671028,16.062454817879154,0.9575920537472241,4.1953835443219685,0.6268731057332987,0.6268743325333679,38.81608685219113,14.735298500086952,0.0,False,,,,
synthetic-inprior,inprior_0009,PFF ensemble,200,6,False,0.7318067000014707,32.21231808138606,32.21231808138606,0,0.7296958028107602,27.77128004937891,47.311862375915496,4.104179813666731,0.12576157423722578,0.1453481749400796,0.1028214702773923,0.6268743325333679,38.81608685219113,14.735298500086952,0.0,False,,,,
synthetic-inprior,inprior_0009,TSVD_NN,100,7,True,0.019482100004097447,32.121009417069914,32.121009417069914,0,1.0,25.497537864559888,7.729662876027827,9.268465539684144,0.816793648530611,3.7317701254774627,0.3731256674666321,0.6268743325333679,38.81608685219113,14.735298500086952,0.0,False,,,,
synthetic-inprior,inprior_0009,truth (reference),200,6,False,0.0,32.66511617650253,32.66511617650253,0,0.6268743325333679,25.086862449104274,38.81608685219113,0.0,0.0,0.0,0.0,0.6268743325333679,38.81608685219113,14.735298500086952,,False,,,,
synthetic-inprior,inprior_0010,CNN n50,50,50,False,0.14571730000898242,36.134960738707974,36.134960738707974,0,0.47011836065136586,22.62358569753478,25.245182783614563,7.005366747668115,0.28393012253697053,1.1538179449443757,0.27639430980189567,0.1937240508494702,11.75192563131843,12.369364340385872,18.767821342163945,True,,,,
synthetic-inprior,inprior_0010,DNN spectrum n20,20,20,False,0.12372190000314731,56.46083189716159,56.46083189716159,0,0.0,,2.7779450863062,4.4855122792755395,0.5971274981473285,3.171045530370505,0.1937240508494702,0.1937240508494702,11.75192563131843,12.369364340385872,18.767821342163945,True,,,,
synthetic-inprior,inprior_0010,DNN classifier n50,50,50,False,0.1618371000076877,49.754304995159934,49.754304995159934,0,1.2268000691806037e-06,24.499999999969372,1.000002471671028,4.60877499746497,0.8679775080737232,3.390402289364116,0.19372282404940103,0.1937240508494702,11.75192563131843,12.369364340385872,18.767821342163945,True,,,,
synthetic-inprior,inprior_0010,PFF ensemble,200,6,False,0.7348065999976825,40.23253925068486,40.23253925068486,0,0.10680034238620996,15.545475804191693,6.494311751711735,1.9016567583909647,0.23359670323970388,1.4450318768621062,0.08692370846326024,0.1937240508494702,11.75192563131843,12.369364340385872,18.767821342163945,True,16.537464141845703,4.168099801459832,3.448091983795166,False
synthetic-inprior,inprior_0010,TSVD_NN,100,7,True,0.12824299999920186,34.87861105874656,34.87861105874656,0,0.07208114263141636,47.386418293040634,4.605377331329008,4.6461456950313,0.4230025149794372,3.0179636091134734,0.12164290821805383,0.1937240508494702,11.75192563131843,12.369364340385872,18.767821342163945,True,,,,
synthetic-inprior,inprior_0010,truth (reference),200,6,False,0.0,38.789324612869535,38.789324612869535,0,0.1937240508494702,14.806798013801897,11.75192563131843,0.0,0.0,0.0,0.0,0.1937240508494702,11.75192563131843,12.369364340385872,,True,,,,
synthetic-inprior,inprior_0011,CNN n50,50,50,False,0.15796150000824127,25.9769534609608,25.9769534609608,0,0.15921913903578402,18.566772169191232,10.521305600316584,1.5431225089426106,0.1964186567380354,1.3998087343735526,0.06809502596771727,0.2273141650035013,9.302681791339733,17.908149696230893,19.315512191882604,True,,,,
synthetic-inprior,inprior_0011,DNN spectrum n20,20,20,False,0.14310980000300333,40.6184761322738,40.6184761322738,0,4.46181854207528e-20,16.299863177825156,2.777777818030984,4.717095636173568,0.5090288458939861,3.119508252449669,0.2273141650035013,0.2273141650035013,9.302681791339733,17.908149696230893,19.315512191882604,True,,,,
synthetic-inprior,inprior_0011,DNN classifier n50,50,50,False,0.1085222999972757,34.11493517659818,34.11493517659818,0,1.2268000691806037e-06,24.499999999969372,1.000002471671028,4.959080934640765,0.8443736627963654,3.3243324597910786,0.22731293820343212,0.2273141650035013,9.302681791339733,17.908149696230893,19.315512191882604,True,,,,
synthetic-inprior,inprior_0011,PFF ensemble,200,6,False,0.7252054000127828,26.859104686856675,26.859104686856675,0,0.11848574939677671,14.64822000791549,8.783342831915943,1.5509020383969654,0.14964132003665384,0.6452649336348376,0.10882841560672459,0.2273141650035013,9.302681791339733,17.908149696230893,19.315512191882604,True,16.13889503479004,1.7692546614408542,3.41050386428833,True
synthetic-inprior,inprior_0011,TSVD_NN,100,7,True,0.10065730000496842,25.68840749157201,25.68840749157201,0,0.0976258614041049,26.255086379810475,6.323966623930894,2.6626240760797515,0.36976380161220396,2.800234327871262,0.1296883035993964,0.2273141650035013,9.302681791339733,17.908149696230893,19.315512191882604,True,,,,
synthetic-inprior,inprior_0011,truth (reference),200,6,False,0.0,26.032709727983278,26.032709727983278,0,0.2273141650035013,17.05457628773747,9.302681791339733,0.0,0.0,0.0,0.0,0.2273141650035013,9.302681791339733,17.908149696230893,,True,,,,
synthetic-inprior,inprior_0012,CNN n50,50,50,False,0.13606370000343304,28.107445286590007,28.107445286590007,0,0.26116920148249934,20.671605920409778,12.911444913164976,1.2664326086527418,0.12718096208029125,0.2380579167005266,0.022575347626651643,0.283744549109151,15.897955976067154,16.58104948221691,0.0,False,,,,
synthetic-inprior,inprior_0012,DNN spectrum n20,20,20,False,0.15181260000099428,46.5271043161092,46.5271043161092,0,0.0,,2.777777777777781,6.58462986213567,0.685679901935719,3.6178713633426174,0.283744549109151,0.283744549109151,15.897955976067154,16.58104948221691,0.0,False,,,,
synthetic-inprior,inprior_0012,DNN classifier n50,50,50,False,0.15201259999594186,39.76629312543226,39.76629312543226,0,1.2268000691806037e-06,24.499999999969372,1.000002471671028,6.62092425243746,0.8957732551157406,3.7533559726598438,0.2837433223090818,0.283744549109151,15.897955976067154,16.58104948221691,0.0,False,,,,
synthetic-inprior,inprior_0012,PFF ensemble,200,6,False,0.7580660000094213,30.432525148697454,30.432525148697454,0,0.14457112017723175,15.210208159737594,9.351379566069577,2.9588581833428265,0.19037532705088722,1.1800513834276238,0.13917342893191922,0.283744549109151,15.897955976067154,16.58104948221691,0.0,False,,,,
synthetic-inprior,inprior_0012,TSVD_NN,100,7,True,0.03068379999604076,27.109158932833054,27.109158932833054,0,0.08823068157835418,38.399661359639666,3.7719328025187324,5.268499948824404,0.5548417488825974,3.2252024964615487,0.1955138675307968,0.283744549109151,15.897955976067154,16.58104948221691,0.0,False,,,,
synthetic-inprior,inprior_0012,truth (reference),200,6,False,0.0,28.65669111448101,28.65669111448101,0,0.283744549109151,17.712972426878423,15.897955976067154,0.0,0.0,0.0,0.0,0.283744549109151,15.897955976067154,16.58104948221691,,False,,,,
synthetic-inprior,inprior_0013,CNN n50,50,50,False,0.14176779999979772,31.243838893889617,31.243838893889617,0,0.014381573613039069,19.898619265134965,4.2294160652591914,0.2908178875231257,0.03022463621037342,0.8525480755880095,0.00899529420984424,0.00538627940319483,3.9152284823843995,18.891077747442957,0.0,False,,,,
synthetic-inprior,inprior_0013,DNN spectrum n20,20,20,False,0.16024719999404624,33.71839022045587,33.71839022045587,0,0.0,,2.8683759506323034,0.642461113921607,0.20829581862382843,2.398178690090381,0.00538627940319483,0.00538627940319483,3.9152284823843995,18.891077747442957,0.0,False,,,,
synthetic-inprior,inprior_0013,DNN classifier n50,50,50,False,0.1144229999918025,32.22505428598129,32.22505428598129,0,1.2268000691806037e-06,24.499999999969372,1.000002471671028,1.2713833831217747,0.7586666192458653,3.1411648100740948,0.00538505260312565,0.00538627940319483,3.9152284823843995,18.891077747442957,0.0,False,,,,
synthetic-inprior,inprior_0013,PFF ensemble,200,6,False,0.7771877000050154,31.569621276953754,31.569621276953754,0,0.008726234138520311,12.270560914024692,3.889088229730088,0.03169369669724825,0.006678707581982521,0.16558837777928262,0.003339954735325481,0.00538627940319483,3.9152284823843995,18.891077747442957,0.0,False,,,,
synthetic-inprior,inprior_0013,TSVD_NN,100,7,True,0.12649890000466257,30.71173116400584,30.71173116400584,0,0.032229143724501946,21.200873549447312,2.758772155691589,0.9095357818979589,0.16965975573497571,2.572826645812465,0.026842864321307117,0.00538627940319483,3.9152284823843995,18.891077747442957,0.0,False,,,,
synthetic-inprior,inprior_0013,truth (reference),200,6,False,0.0,31.644173065455504,31.644173065455504,0,0.00538627940319483,11.957614207542091,3.9152284823843995,0.0,0.0,0.0,0.0,0.00538627940319483,3.9152284823843995,18.891077747442957,,False,,,,
synthetic-inprior,inprior_0014,CNN n50,50,50,False,0.16131270000187214,30.549878068927352,30.549878068927352,0,0.11671582564382514,19.736883772373062,7.725339805846909,1.0943301191265808,0.10723501167183971,0.9898695535289139,0.004162101797256748,0.12087792744108189,9.45106239604688,10.385537896493007,5.471266546750739,True,,,,
synthetic-inprior,inprior_0014,DNN spectrum n20,20,20,False,0.16475280000304338,43.12164536862324,43.12164536862324,0,0.0,,2.782789668892695,3.3971211757332327,0.5274020360108189,2.885350296876444,0.12087792744108189,0.12087792744108189,9.45106239604688,10.385537896493007,5.471266546750739,True,,,,
synthetic-inprior,inprior_0014,DNN classifier n50,50,50,False,0.15072000000509433,37.597520617534954,37.597520617534954,0,1.2268000691806037e-06,24.499999999969372,1.000002471671028,3.586299462184106,0.8455693787376419,3.1875473704165023,0.1208767006410127,0.12087792744108189,9.45106239604688,10.385537896493007,5.471266546750739,True,,,,
synthetic-inprior,inprior_0014,PFF ensemble,200,6,False,0.783338699999149,31.501045685471734,31.501045685471734,0,0.09960325113734082,13.986176990833993,7.304849036210123,0.790961248771909,0.11222629115480208,0.8250667057796562,0.021274676303741066,0.12087792744108189,9.45106239604688,10.385537896493007,5.471266546750739,True,14.654237747192383,4.268699850699376,3.7448222637176514,False
synthetic-inprior,inprior_0014,TSVD_NN,100,7,True,0.02827189999516122,30.356614856922924,30.356614856922924,0,0.07049030582695813,32.152903886162385,3.9936179386856803,2.022741620010649,0.49206949619799634,2.4966254420648433,0.05038762161412376,0.12087792744108189,9.45106239604688,10.385537896493007,5.471266546750739,True,,,,
synthetic-inprior,inprior_0014,truth (reference),200,6,False,0.0,31.138303085563866,31.138303085563866,0,0.12087792744108189,14.318973804760716,9.45106239604688,0.0,0.0,0.0,0.0,0.12087792744108189,9.45106239604688,10.385537896493007,,True,,,,
synthetic-inprior,inprior_0015,CNN n50,50,50,False,0.1524953999905847,29.32025957332663,29.32025957332663,0,0.10980202787135177,18.228650647137737,8.647891917296079,1.2962290862319397,0.21191872590787506,1.2940592839461074,0.046118622552282135,0.1559206504236339,6.2739502300680305,14.896179040685722,7.2574873199606165,True,,,,
synthetic-inprior,inprior_0015,DNN spectrum n20,20,20,False,0.12465360001078807,40.56919399756332,40.56919399756332,0,0.0,,2.77777953635238,2.851390450467518,0.3797524003648333,3.2444977358796514,0.1559206504236339,0.1559206504236339,6.2739502300680305,14.896179040685722,7.2574873199606165,True,,,,
synthetic-inprior,inprior_0015,DNN classifier n50,50,50,False,0.1705470000015339,35.16350656231379,35.16350656231379,0,1.2268000691806037e-06,24.499999999969372,1.000002471671028,3.258867997642767,0.8079604103869169,3.521392514268112,0.15591942362356473,0.1559206504236339,6.2739502300680305,14.896179040685722,7.2574873199606165,True,,,,
synthetic-inprior,inprior_0015,PFF ensemble,200,6,False,0.7140065999992657,29.938087807897187,29.938087807897187,0,0.08490701974777819,13.933483073745005,7.6294608756012625,0.8740945242910149,0.16609409350858886,0.8988296420368449,0.07101363067585571,0.1559206504236339,6.2739502300680305,14.896179040685722,7.2574873199606165,True,14.853326797485352,0.042852243200369955,3.752915382385254,True
synthetic-inprior,inprior_0015,TSVD_NN,100,7,True,0.12347130000125617,29.02906775182327,29.02906775182327,0,0.07836682803900313,23.001988770647493,4.478793200686462,1.8668372302452898,0.13132932936757846,1.7601477517632071,0.07755382238463077,0.1559206504236339,6.2739502300680305,14.896179040685722,7.2574873199606165,True,,,,
synthetic-inprior,inprior_0015,truth (reference),200,6,False,0.0,29.472692640388626,29.472692640388626,0,0.1559206504236339,14.552572184000635,6.2739502300680305,0.0,0.0,0.0,0.0,0.1559206504236339,6.2739502300680305,14.896179040685722,,True,,,,
synthetic-inprior,inprior_0016,CNN n50,50,50,False,0.15473470000142697,39.5383718764187,39.5383718764187,0,0.15946161410165097,19.95253829701245,9.038803924174067,1.2032377486506804,0.09320585864906429,0.9022889885173833,0.029729232161405217,0.12973238194024575,9.827439646209527,14.41375559656174,0.0,False,,,,
synthetic-inprior,inprior_0016,DNN spectrum n20,20,20,False,0.1550985999929253,59.49653005129226,59.49653005129226,0,0.0,,2.7777777777777772,3.6122416566213467,0.5419174856809895,3.0994909575822485,0.12973238194024575,0.12973238194024575,9.827439646209527,14.41375559656174,0.0,False,,,,
synthetic-inprior,inprior_0016,DNN classifier n50,50,50,False,0.12380310001026373,52.53111850053592,52.53111850053592,0,1.2268000691806037e-06,24.499999999969372,1.000002471671028,3.7816341016125037,0.8494050815505406,3.267312439873898,0.12973115514017658,0.12973238194024575,9.827439646209527,14.41375559656174,0.0,False,,,,
synthetic-inprior,inprior_0016,PFF ensemble,200,6,False,0.7346016000083182,41.981985897993646,41.981985897993646,0,0.13011564499397915,14.486641838237233,8.605102535734067,0.48027756948567857,0.08080913144898993,0.6248401631092549,0.0003832630537334014,0.12973238194024575,9.827439646209527,14.41375559656174,0.0,False,,,,
synthetic-inprior,inprior_0016,TSVD_NN,100,7,True,0.048465700005181134,36.92891908088842,36.92891908088842,0,0.09689964937265547,47.71416958680214,6.6830457304344995,3.7690465960275326,0.39299064656168503,2.785609373981322,0.032832732567590284,0.12973238194024575,9.827439646209527,14.41375559656174,0.0,False,,,,
synthetic-inprior,inprior_0016,truth (reference),200,6,False,0.0,41.606610632700026,41.606610632700026,0,0.12973238194024575,14.902736403435293,9.827439646209527,0.0,0.0,0.0,0.0,0.12973238194024575,9.827439646209527,14.41375559656174,,False,,,,
synthetic-inprior,inprior_0017,CNN n50,50,50,False,0.14356989999942016,30.584846486524082,30.584846486524082,0,0.15660226448491024,17.435999134466797,10.46791006996434,0.7383053147100254,0.09148992549201178,1.2101936004269072,0.0038636072118697073,0.16046587169677995,9.479587934307277,17.048699195177324,7.554931702481757,True,,,,
synthetic-inprior,inprior_0017,DNN spectrum n20,20,20,False,0.15732359999674372,47.67382363558217,47.67382363558217,0,0.0,,2.7777919341639112,3.834541003427746,0.5190244351389997,2.9421496934167797,0.16046587169677995,0.16046587169677995,9.479587934307277,17.048699195177324,7.554931702481757,True,,,,
synthetic-inprior,inprior_0017,DNN classifier n50,50,50,False,0.1690387999988161,40.95318000752754,40.95318000752754,0,1.2268000691806037e-06,24.499999999969372,1.000002471671028,4.0408519554759685,0.8440514412039708,3.123744143593221,0.16046464489671078,0.16046587169677995,9.479587934307277,17.048699195177324,7.554931702481757,True,,,,
synthetic-inprior,inprior_0017,PFF ensemble,200,6,False,0.6490142999973614,31.743945533479845,31.743945533479845,0,0.1372175932423906,14.242812504678893,8.01477695661687,0.7260169206502988,0.082640838047017,0.503510545824235,0.023248278454389343,0.16046587169677995,9.479587934307277,17.048699195177324,7.554931702481757,True,14.830770492553711,2.217928702623613,3.442511558532715,True
synthetic-inprior,inprior_0017,TSVD_NN,100,7,True,0.01643980000517331,29.908991107327605,29.908991107327605,0,0.21432267264116947,20.742070814892188,7.245225679767076,5.242086813491177,0.7310251617048577,2.546749195511316,0.05385680094438952,0.16046587169677995,9.479587934307277,17.048699195177324,7.554931702481757,True,,,,
synthetic-inprior,inprior_0017,truth (reference),200,6,False,0.0,31.023789379732985,31.023789379732985,0,0.16046587169677995,15.58105520881736,9.479587934307277,0.0,0.0,0.0,0.0,0.16046587169677995,9.479587934307277,17.048699195177324,,True,,,,
synthetic-inprior,inprior_0018,CNN n50,50,50,False,0.1631255000102101,26.414732003447583,26.414732003447583,0,0.3019990848328528,20.621886930061162,15.584974520553622,2.1334129905365504,0.08651886063438885,0.6563861917180566,0.06529987346170418,0.23669921137114863,13.433730692299621,15.225157496407665,10.75698716356569,True,,,,
synthetic-inprior,inprior_0018,DNN spectrum n20,20,20,False,0.15260899999702815,44.88844915561276,44.88844915561276,0,0.0,,2.7777777777777772,5.352833299041303,0.6356183111553894,3.4084382296273654,0.23669921137114863,0.23669921137114863,13.433730692299621,15.225157496407665,10.75698716356569,True,,,,
synthetic-inprior,inprior_0018,DNN classifier n50,50,50,False,0.13830500000040047,37.85923772192564,37.85923772192564,0,1.2268000691806037e-06,24.499999999969372,1.000002471671028,5.438291001718795,0.8801626063437332,3.55582896003659,0.23669798457107946,0.23669921137114863,13.433730692299621,15.225157496407665,10.75698716356569,True,,,,
synthetic-inprior,inprior_0018,PFF ensemble,200,6,False,0.7626636000059079,27.6977031242444,27.6977031242444,0,0.15592999079883307,14.9166094519481,10.366873964828745,1.4352238810770943,0.0958657123606813,0.46509832878632223,0.08076922057231556,0.23669921137114863,13.433730692299621,15.225157496407665,10.75698716356569,True,15.022588729858398,0.20256876654926614,3.484339714050293,True
synthetic-inprior,inprior_0018,TSVD_NN,100,7,True,0.013316500000655651,26.167949106313113,26.167949106313113,0,0.11891318958925459,28.24412717464751,6.963984233886394,2.3885350864083703,0.37068584905233587,2.659213576421259,0.11778602178189404,0.23669921137114863,13.433730692299621,15.225157496407665,10.75698716356569,True,,,,
synthetic-inprior,inprior_0018,truth (reference),200,6,False,0.0,26.896808801620224,26.896808801620224,0,0.23669921137114863,16.03808984788541,13.433730692299621,0.0,0.0,0.0,0.0,0.23669921137114863,13.433730692299621,15.225157496407665,,True,,,,
synthetic-inprior,inprior_0019,CNN n50,50,50,False,0.1772155000071507,29.553989819471745,29.553989819471745,0,0.12504114611824876,18.162503836502395,9.328236889599392,1.0977103356625562,0.05327500364628475,1.2316502934381817,0.04110253783641696,0.0839386082818318,8.11343340265576,15.12406013878445,0.0,False,,,,
synthetic-inprior,inprior_0019,DNN spectrum n20,20,20,False,0.14465880001080222,44.1110430211511,44.1110430211511,0,0.0,,2.777777784834809,2.7565421220494644,0.4755459179578968,2.844190637801775,0.0839386082818318,0.0839386082818318,8.11343340265576,15.12406013878445,0.0,False,,,,
synthetic-inprior,inprior_0019,DNN classifier n50,50,50,False,0.17981619999045506,37.803747452615134,37.803747452615134,0,1.2268000691806037e-06,24.499999999969372,1.000002471671028,2.9954249899359127,0.8287037547028544,3.030344272434861,0.08393738148176262,0.0839386082818318,8.11343340265576,15.12406013878445,0.0,False,,,,
synthetic-inprior,inprior_0019,PFF ensemble,200,6,False,0.8238903000019491,30.648816389366356,30.648816389366356,0,0.10220259649555248,13.866067682424939,7.943324642299515,0.19973797324828893,0.03774870499893433,0.26642502274936963,0.018263988213720675,0.0839386082818318,8.11343340265576,15.12406013878445,0.0,False,,,,
synthetic-inprior,inprior_0019,TSVD_NN,100,7,True,0.01784349999797996,29.049888717893488,29.049888717893488,0,0.05548622978411157,44.18035342067335,4.917102225594629,2.848724742240454,0.4927668051284149,2.500840443987951,0.028452378497720233,0.0839386082818318,8.11343340265576,15.12406013878445,0.0,False,,,,
synthetic-inprior,inprior_0019,truth (reference),200,6,False,0.0,30.760051867690574,30.760051867690574,0,0.0839386082818318,14.054764386899684,8.11343340265576,0.0,0.0,0.0,0.0,0.0839386082818318,8.11343340265576,15.12406013878445,,False,,,,
synthetic-inprior,inprior_0020,CNN n50,50,50,False,0.17597690000548027,28.96189392969509,28.96189392969509,0,0.20824807175657145,19.133782200645744,12.093004519476569,1.9009495213900114,0.086987940402043,0.943642858915186,0.07875667761240676,0.1294913941441647,9.818559893728391,14.797710892495358,0.0,False,,,,
synthetic-inprior,inprior_0020,DNN spectrum n20,20,20,False,0.16495359998953063,41.756792924688696,41.756792924688696,0,0.0,,2.777777777777897,3.607815148203631,0.5416151424745765,3.0983227217639504,0.1294913941441647,0.1294913941441647,9.818559893728391,14.797710892495358,0.0,False,,,,
synthetic-inprior,inprior_0020,DNN classifier n50,50,50,False,0.1695447999954922,36.116469536621494,36.116469536621494,0,1.2268000691806037e-06,24.499999999969372,1.000002471671028,3.777510914298494,0.8493094801263285,3.2662229689515576,0.12949016734409552,0.1294913941441647,9.818559893728391,14.797710892495358,0.0,False,,,,
synthetic-inprior,inprior_0020,PFF ensemble,200,6,False,0.8169023999944329,29.783075557479254,29.783075557479254,0,0.096555565347354,14.332610499807718,7.031688081906964,1.064614538547607,0.13634991692302928,1.0569475188743316,0.03293582879681069,0.1294913941441647,9.818559893728391,14.797710892495358,0.0,False,,,,
synthetic-inprior,inprior_0020,TSVD_NN,100,7,True,0.022172600001795217,28.290223645679603,28.290223645679603,0,0.048010940006984415,41.60345095868999,2.245119694384005,2.5123381308652624,0.6804741109086513,3.0901909221455535,0.08148045413718027,0.1294913941441647,9.818559893728391,14.797710892495358,0.0,False,,,,
synthetic-inprior,inprior_0020,truth (reference),200,6,False,0.0,29.354749327237112,29.354749327237112,0,0.1294913941441647,14.898377019609084,9.818559893728391,0.0,0.0,0.0,0.0,0.1294913941441647,9.818559893728391,14.797710892495358,,False,,,,
synthetic-inprior,inprior_0021,CNN n50,50,50,False,0.16026230000716168,31.5539687467702,31.5539687467702,0,0.07595766276384992,17.6626807527439,7.021085764710366,1.2684036355971462,0.09257185871822385,1.1652666309956676,0.053376731280749684,0.022580931483100242,5.339167709649739,13.473185780172965,0.0,False,,,,
synthetic-inprior,inprior_0021,DNN spectrum n20,20,20,False,0.1422288000030676,42.666864987896474,42.666864987896474,0,0.0,,2.7777777777777772,1.3695835926224784,0.320717445119162,2.8004194087863317,0.022580931483100242,0.022580931483100242,5.339167709649739,13.473185780172965,0.0,False,,,,
synthetic-inprior,inprior_0021,DNN classifier n50,50,50,False,0.1455266999982996,37.59698154243394,37.59698154243394,0,1.2268000691806037e-06,24.499999999969372,1.000002471671028,1.8005530260494045,0.7840394455228837,3.085457825079887,0.02257970468303106,0.022580931483100242,5.339167709649739,13.473185780172965,0.0,False,,,,
synthetic-inprior,inprior_0021,PFF ensemble,200,6,False,0.7754567999945721,32.26404924310704,32.26404924310704,0,0.06809428214040984,13.99791714811469,6.183446173280678,0.670230830024422,0.054545234080526694,0.40863894952415275,0.045513350657309604,0.022580931483100242,5.339167709649739,13.473185780172965,0.0,False,,,,
synthetic-inprior,inprior_0021,TSVD_NN,100,7,True,0.038620999999693595,30.730810576830425,30.730810576830425,0,0.06489277359830237,28.176010757371827,2.7460316762112638,1.84865070667453,0.4516814910155146,2.353281265030608,0.04231184211520213,0.022580931483100242,5.339167709649739,13.473185780172965,0.0,False,,,,
synthetic-inprior,inprior_0021,truth (reference),200,6,False,0.0,33.798495856133144,33.798495856133144,0,0.022580931483100242,12.669573486299832,5.339167709649739,0.0,0.0,0.0,0.0,0.022580931483100242,5.339167709649739,13.473185780172965,,False,,,,
synthetic-inprior,inprior_0022,CNN n50,50,50,False,0.12674469999910798,29.33887664288169,29.33887664288169,0,0.16933983315826254,17.82464891416129,10.34095503682544,0.7927166484503835,0.08580198828976528,0.39073270857302206,0.02902054987513955,0.1983603830334021,12.39227608360876,14.314050590260482,0.0,False,,,,
synthetic-inprior,inprior_0022,DNN spectrum n20,20,20,False,0.1595073000062257,46.80690411642686,46.80690411642686,0,0.0,,2.777781705387756,4.8845110486866705,0.6156230267355934,3.3770326590506063,0.1983603830334021,0.1983603830334021,12.39227608360876,14.314050590260482,0.0,False,,,,
synthetic-inprior,inprior_0022,DNN classifier n50,50,50,False,0.15438500000163913,40.028670333247476,40.028670333247476,0,1.2268000691806037e-06,24.499999999969372,1.000002471671028,4.983085863912205,0.8729819689970998,3.5270800899020394,0.19835915623333292,0.1983603830334021,12.39227608360876,14.314050590260482,0.0,False,,,,
synthetic-inprior,inprior_0022,PFF ensemble,200,6,False,0.7906803000078071,29.9032881488684,29.9032881488684,0,0.1667333196241366,15.142519951958173,10.857352308816942,0.7424350118987812,0.04988548490264182,0.3264600881432865,0.03162706340926549,0.1983603830334021,12.39227608360876,14.314050590260482,0.0,False,,,,
synthetic-inprior,inprior_0022,TSVD_NN,100,7,True,0.7416798999911407,28.805593473883775,28.805593473883775,0,0.2513586434625168,18.49585419148364,5.781959460553399,2.115576804599783,0.5724179062731138,2.974176206581118,0.05299826042911471,0.1983603830334021,12.39227608360876,14.314050590260482,0.0,False,,,,
synthetic-inprior,inprior_0022,truth (reference),200,6,False,0.0,29.44318230042679,29.44318230042679,0,0.1983603830334021,16.137634797921883,12.39227608360876,0.0,0.0,0.0,0.0,0.1983603830334021,12.39227608360876,14.314050590260482,,False,,,,
synthetic-inprior,inprior_0023,CNN n50,50,50,False,0.13101349999487866,36.11902111743164,36.11902111743164,0,0.017968845366320377,19.04158613657344,4.200374438887349,0.5200155199723374,0.09043892968745625,0.7642763882193452,0.0025629443703246643,0.020531789736645042,5.211571428684547,12.715290022181481,0.0,False,,,,
synthetic-inprior,inprior_0023,DNN spectrum n20,20,20,False,0.15671650000149384,42.091228825888805,42.091228825888805,0,0.0,,2.777777777779188,1.3057855509234597,0.3116937267386591,2.806256204208313,0.020531789736645042,0.020531789736645042,5.211571428684547,12.715290022181481,0.0,False,,,,
synthetic-inprior,inprior_0023,DNN classifier n50,50,50,False,0.14319119999709073,38.313920635368135,38.313920635368135,0,1.2268000691806037e-06,24.499999999969372,1.000002471671028,1.7497167544397219,0.7816899858459744,3.0995431411572905,0.02053056293657586,0.020531789736645042,5.211571428684547,12.715290022181481,0.0,False,,,,
synthetic-inprior,inprior_0023,PFF ensemble,200,6,False,0.7521354999917094,36.118232147324754,36.118232147324754,0,0.02807702716010089,12.828408902328947,4.9887234796323785,0.11601189970460984,0.026548668007371132,0.21827875478291103,0.0075452374234558466,0.020531789736645042,5.211571428684547,12.715290022181481,0.0,False,,,,
synthetic-inprior,inprior_0023,TSVD_NN,100,7,True,0.012110600000596605,34.961805900417936,34.961805900417936,0,0.028166945725750177,31.644798131473486,3.6725060062616217,1.2275923948273701,0.14677304054406223,2.5546458704390096,0.007635155989105136,0.020531789736645042,5.211571428684547,12.715290022181481,0.0,False,,,,
synthetic-inprior,inprior_0023,truth (reference),200,6,False,0.0,36.185241600387926,36.185241600387926,0,0.020531789736645042,12.605778625027217,5.211571428684547,0.0,0.0,0.0,0.0,0.020531789736645042,5.211571428684547,12.715290022181481,,False,,,,
synthetic-inprior,inprior_0024,CNN n50,50,50,False,0.16989659999671858,27.697370707939484,27.697370707939484,0,0.41879892246961853,25.486937380761535,17.77948572309996,2.8107788311963,0.23988533700380096,0.23577351044117742,0.15690821644026237,0.5757071389098809,33.49059919892393,16.60458175872302,10.034504706058486,True,,,,
synthetic-inprior,inprior_0024,DNN spectrum n20,20,20,False,0.14054419999592938,54.941274974932696,54.941274974932696,0,0.0,,2.7777778022698234,13.99430778760572,0.8476075226696359,4.040069256740714,0.5757071389098809,0.5757071389098809,33.49059919892393,16.60458175872302,10.034504706058486,True,,,,
synthetic-inprior,inprior_0024,DNN classifier n50,50,50,False,0.12408140000479762,47.36349529140137,47.36349529140137,0,1.2268000691806037e-06,24.499999999969372,1.000002471671028,13.903648133768586,0.9497872925309011,4.145914849390855,0.5757059121098117,0.5757071389098809,33.49059919892393,16.60458175872302,10.034504706058486,True,,,,
synthetic-inprior,inprior_0024,PFF ensemble,200,6,False,0.7488710999896284,27.572757746376794,27.572757746376794,0,0.6059512876476956,24.392381482809483,36.711380851843316,1.3142363766184824,0.04779150677840055,0.06908205382363199,0.03024414873781467,0.5757071389098809,33.49059919892393,16.60458175872302,10.034504706058486,True,15.47589111328125,1.1286906454417682,3.427755355834961,True
synthetic-inprior,inprior_0024,TSVD_NN,100,7,True,0.03717460000189021,27.25579348014453,27.25579348014453,0,0.9817415395226355,23.282479769792047,7.575893490708535,11.214021794496622,0.8326152650637523,3.6986246178803817,0.40603440061275464,0.5757071389098809,33.49059919892393,16.60458175872302,10.034504706058486,True,,,,
synthetic-inprior,inprior_0024,truth (reference),200,6,False,0.0,27.717940924000697,27.717940924000697,0,0.5757071389098809,23.2081369491702,33.49059919892393,0.0,0.0,0.0,0.0,0.5757071389098809,33.49059919892393,16.60458175872302,,True,,,,
synthetic-inprior,inprior_0025,CNN n50,50,50,False,0.14126020000549033,32.17677619292923,32.17677619292923,0,0.012339107599487292,18.396000098318623,4.032731312081517,0.4990192157435294,0.09574723663884407,0.6896098548905141,0.004885224362262831,0.017224331961750123,4.991876462758969,16.073180562287227,0.0,False,,,,
synthetic-inprior,inprior_0025,DNN spectrum n20,20,20,False,0.16549149999627843,36.71126347271577,36.71126347271577,0,0.0,,2.778719126147264,1.1954807356402386,0.29554166956823125,2.61171471193399,0.017224331961750123,0.017224331961750123,4.991876462758969,16.073180562287227,0.0,False,,,,
synthetic-inprior,inprior_0025,DNN classifier n50,50,50,False,0.16592689999379218,33.25011081949106,33.25011081949106,0,1.2268000691806037e-06,24.499999999969372,1.000002471671028,1.6634804426793293,0.7776261062886459,3.0897358209049233,0.017223105161680942,0.017224331961750123,4.991876462758969,16.073180562287227,0.0,False,,,,
synthetic-inprior,inprior_0025,PFF ensemble,200,6,False,0.7540709999884712,32.16739960572497,32.16739960572497,0,0.01367236192234129,12.328995028383295,4.545069913825927,0.20652378965109985,0.03559571685821227,0.2668819347094496,0.0035519700394088336,0.017224331961750123,4.991876462758969,16.073180562287227,0.0,False,,,,
synthetic-inprior,inprior_0025,TSVD_NN,100,7,True,0.04610000000684522,31.720905362348496,31.720905362348496,0,0.006489614225103483,48.50000585359647,4.760254074878121,0.5274211328947741,0.09703649235316063,2.2265956425767346,0.01073471773664664,0.017224331961750123,4.991876462758969,16.073180562287227,0.0,False,,,,
synthetic-inprior,inprior_0025,truth (reference),200,6,False,0.0,31.94530153262292,31.94530153262292,0,0.017224331961750123,12.495934718241658,4.991876462758969,0.0,0.0,0.0,0.0,0.017224331961750123,4.991876462758969,16.073180562287227,,False,,,,
synthetic-inprior,inprior_0026,CNN n50,50,50,False,0.1792161000048509,29.613285112144894,29.613285112144894,0,0.1044513427495603,18.461223817054922,7.920571231912717,0.49310354375887133,0.052773084446627844,1.234632176183569,0.006679459352669337,0.11113080210222964,7.872317901200579,15.840197516671711,15.012097296469607,True,,,,
synthetic-inprior,inprior_0026,DNN spectrum n20,20,20,False,0.16786109999520704,41.06209635313994,41.06209635313994,0,1.6266246660298795e-15,16.299797679305442,2.777787157736761,2.918482051638314,0.45755858533765054,2.9549914122235,0.11113080210222802,0.11113080210222964,7.872317901200579,15.840197516671711,15.012097296469607,True,,,,
synthetic-inprior,inprior_0026,DNN classifier n50,50,50,False,0.16503400000510737,35.74844101363385,35.74844101363385,0,1.2268000691806037e-06,24.499999999969372,1.000002471671028,3.1901444507741954,0.8248552987929589,3.1594448299657127,0.11112957530216046,0.11113080210222964,7.872317901200579,15.840197516671711,15.012097296469607,True,,,,
synthetic-inprior,inprior_0026,PFF ensemble,200,6,False,0.8105252999957884,30.37563499879241,30.37563499879241,0,0.08649010515934469,13.84900732221747,6.388530241817993,0.6845879997541238,0.07636908907363009,0.5668703312012494,0.024640696942884954,0.11113080210222964,7.872317901200579,15.840197516671711,15.012097296469607,True,14.388738632202148,1.451458884469563,3.5328102111816406,True
synthetic-inprior,inprior_0026,TSVD_NN,100,7,True,0.037082299997564405,29.4961377820969,29.4961377820969,0,0.10300507029036454,18.02553553631233,3.87188189684825,1.6716886677887486,0.42188551940646146,2.47607822369605,0.0081257318118651,0.11113080210222964,7.872317901200579,15.840197516671711,15.012097296469607,True,,,,
synthetic-inprior,inprior_0026,truth (reference),200,6,False,0.0,29.924701091591125,29.924701091591125,0,0.11113080210222964,14.601916185967388,7.872317901200579,0.0,0.0,0.0,0.0,0.11113080210222964,7.872317901200579,15.840197516671711,,True,,,,
synthetic-inprior,inprior_0027,CNN n50,50,50,False,0.14922790000855457,29.997895166171784,29.997895166171784,0,0.3806679341822589,27.541332871128944,15.738003711479063,5.9112176410116355,0.30983667583819974,0.2942877944302599,0.267440047800473,0.6481079819827319,40.72329365284487,14.46779815751324,0.0,False,,,,
synthetic-inprior,inprior_0027,DNN spectrum n20,20,20,False,0.1214917999895988,57.46464163558035,57.46464163558035,0,9.179951641862121e-38,18.700000000000003,2.7777777777777772,16.96776709449906,0.8816726684639358,4.11024383687452,0.6481079819827319,0.6481079819827319,40.72329365284487,14.46779815751324,0.0,False,,,,
synthetic-inprior,inprior_0027,DNN classifier n50,50,50,False,0.1345143999933498,50.218544113224155,50.218544113224155,0,1.2268000691806037e-06,24.499999999969372,1.000002471671028,16.849307781285304,0.9605713719906824,4.208700545254867,0.6481067551826627,0.6481079819827319,40.72329365284487,14.46779815751324,0.0,False,,,,
synthetic-inprior,inprior_0027,PFF ensemble,200,6,False,0.7323656999942614,29.896518301569216,29.896518301569216,0,0.626374939646271,24.953354075944137,38.609219756943254,0.8902223201397969,0.02949240465968758,0.03608432759894374,0.021733042336460895,0.6481079819827319,40.72329365284487,14.46779815751324,0.0,False,,,,
synthetic-inprior,inprior_0027,TSVD_NN,100,7,True,0.021770199993625283,29.25350899918762,29.25350899918762,0,0.42183662686942125,28.6993324310671,2.919705455426044,6.456309472526091,0.8019005621573658,3.7636969783157412,0.22627135511331065,0.6481079819827319,40.72329365284487,14.46779815751324,0.0,False,,,,
synthetic-inprior,inprior_0027,truth (reference),200,6,False,0.0,29.79662450229956,29.79662450229956,0,0.6481079819827319,25.622829009871285,40.72329365284487,0.0,0.0,0.0,0.0,0.6481079819827319,40.72329365284487,14.46779815751324,,False,,,,
synthetic-inprior,inprior_0028,CNN n50,50,50,False,0.1279423000087263,36.5346308327961,36.5346308327961,0,0.00030259966737680185,22.4059613569111,2.4842433786479994,0.07032089486483761,0.04303964099000929,0.23170014325305344,0.0001307415573798957,0.00017185810999690614,2.4498162703635513,11.000223462533704,0.0,False,,,,
synthetic-inprior,inprior_0028,DNN spectrum n20,20,20,False,0.15782300000137184,36.53010115133186,36.53010115133186,0,0.0,,2.7777777777777772,0.3311549510199209,0.2539661562799508,2.4909160947688713,0.00017185810999690614,0.00017185810999690614,2.4498162703635513,11.000223462533704,0.0,False,,,,
synthetic-inprior,inprior_0028,DNN classifier n50,50,50,False,0.16895240001031198,38.16553337695287,38.16553337695287,0,1.2268000691806037e-06,24.499999999969372,1.000002471671028,0.8843807651262711,0.7563586205457469,3.1405757456927317,0.00017063130992772552,0.00017185810999690614,2.4498162703635513,11.000223462533704,0.0,False,,,,
synthetic-inprior,inprior_0028,PFF ensemble,200,6,False,0.7537394999962999,37.06460549060668,37.06460549060668,0,8.544322115922856e-05,11.144441346973373,2.2888939680036153,0.08046104785436459,0.028366156060171826,0.22674207531634644,8.641488883767758e-05,0.00017185810999690614,2.4498162703635513,11.000223462533704,0.0,False,,,,
synthetic-inprior,inprior_0028,TSVD_NN,100,7,True,0.02347909999662079,36.529880153960434,36.529880153960434,0,0.0029708354389292374,47.49999999999999,2.2547455342057474,0.24429293207638114,0.07165961020509987,2.203726340999703,0.0027989773289323313,0.00017185810999690614,2.4498162703635513,11.000223462533704,0.0,False,,,,
synthetic-inprior,inprior_0028,truth (reference),200,6,False,0.0,36.635618680175135,36.635618680175135,0,0.00017185810999690614,11.224908135181739,2.4498162703635513,0.0,0.0,0.0,0.0,0.00017185810999690614,2.4498162703635513,11.000223462533704,,False,,,,
synthetic-inprior,inprior_0029,CNN n50,50,50,False,0.15495510000619106,44.00567481153597,44.00567481153597,0,0.017105638038036438,18.9490658747549,3.8267295545453637,0.6069198406748544,0.1203367956096232,0.764383539433237,0.0011793296637821749,0.018284967701818613,5.06442327429653,12.324959545682516,0.0,False,,,,
synthetic-inprior,inprior_0029,DNN spectrum n20,20,20,False,0.13889709999784827,51.602172245102786,51.602172245102786,0,0.0,,2.7777777777777772,1.2322115453019864,0.3010428185741588,2.806365287719602,0.018284967701818613,0.018284967701818613,5.06442327429653,12.324959545682516,0.0,False,,,,
synthetic-inprior,inprior_0029,DNN classifier n50,50,50,False,0.15782999999646563,46.58467747202971,46.58467747202971,0,1.2268000691806037e-06,24.499999999969372,1.000002471671028,1.6917678860484224,0.778969430839103,3.1090427037263475,0.018283740901749432,0.018284967701818613,5.06442327429653,12.324959545682516,0.0,False,,,,
synthetic-inprior,inprior_0029,PFF ensemble,200,6,False,0.7769996999995783,45.97516364148614,45.97516364148614,0,0.006417835189349715,12.094351270707195,3.885628810426134,0.5790470900371315,0.10050867588098228,0.6789382993411949,0.011867132512468898,0.018284967701818613,5.06442327429653,12.324959545682516,0.0,False,,,,
synthetic-inprior,inprior_0029,TSVD_NN,100,7,True,0.03171049999946263,39.506972473160154,39.506972473160154,0,0.028650110008637424,48.17539664556077,4.220219107721675,1.434345471054503,0.1667498091578307,2.38735778586015,0.01036514230681881,0.018284967701818613,5.06442327429653,12.324959545682516,0.0,False,,,,
synthetic-inprior,inprior_0029,truth (reference),200,6,False,0.0,43.51847318535909,43.51847318535909,0,0.018284967701818613,12.53220717616666,5.06442327429653,0.0,0.0,0.0,0.0,0.018284967701818613,5.06442327429653,12.324959545682516,,False,,,,
synthetic-inprior,inprior_0030,CNN n50,50,50,False,0.1557444000063697,25.27779730635578,25.27779730635578,0,0.19770054999115452,18.414182888970256,11.613669874098013,1.4101543402487078,0.060338409090568444,0.9510339939240404,0.051625902067706425,0.1460746479234481,10.023033818554477,14.416174240728596,7.111432775133132,True,,,,
synthetic-inprior,inprior_0030,DNN spectrum n20,20,20,False,0.16231870000774506,42.57719379843646,42.57719379843646,0,0.0,,2.7850075927225517,3.7349468314426026,0.5437954459916,2.9491383907597126,0.1460746479234481,0.1460746479234481,10.023033818554477,14.416174240728596,7.111432775133132,True,,,,
synthetic-inprior,inprior_0030,DNN classifier n50,50,50,False,0.15809029999945778,35.77753194470726,35.77753194470726,0,1.2268000691806037e-06,24.499999999969372,1.000002471671028,3.909379071569206,0.8509487084350494,3.2485473820818926,0.14607342112337893,0.1460746479234481,10.023033818554477,14.416174240728596,7.111432775133132,True,,,,
synthetic-inprior,inprior_0030,PFF ensemble,200,6,False,0.6507469000061974,25.638811210194373,25.638811210194373,0,0.19065510038270952,15.609008708774745,11.82804217507568,0.8670057756048881,0.06007092476335504,0.37163229272903076,0.04458045245926143,0.1460746479234481,10.023033818554477,14.416174240728596,7.111432775133132,True,15.19957160949707,0.7833973687684743,3.3973424434661865,True
synthetic-inprior,inprior_0030,TSVD_NN,100,7,True,0.025715600000694394,25.163149818672398,25.163149818672398,0,0.20097027263481965,21.90111534166516,6.85355630041979,4.220413921851483,0.6881738549881178,2.6909320775541534,0.05489562471137155,0.1460746479234481,10.023033818554477,14.416174240728596,7.111432775133132,True,,,,
synthetic-inprior,inprior_0030,truth (reference),200,6,False,0.0,26.19925438935581,26.19925438935581,0,0.1460746479234481,14.687046810670964,10.023033818554477,0.0,0.0,0.0,0.0,0.1460746479234481,10.023033818554477,14.416174240728596,,True,,,,
synthetic-inprior,inprior_0031,CNN n50,50,50,False,0.12657670000044163,34.61225221522423,34.61225221522423,0,0.022540509203849247,19.634749453600275,4.287628366430234,0.3417055439472831,0.051982428700717516,0.9379916963708408,0.009660117589927917,0.01288039161392133,4.667842565738662,16.9825766789643,0.0,False,,,,
synthetic-inprior,inprior_0031,DNN spectrum n20,20,20,False,0.14160409999021795,40.614735116229156,40.614735116229156,0,0.0,,2.777777777778009,1.0339212667978968,0.27100588594310815,2.7720758648766073,0.01288039161392133,0.01288039161392133,4.667842565738662,16.9825766789643,0.0,False,,,,
synthetic-inprior,inprior_0031,DNN classifier n50,50,50,False,0.18164130000513978,36.92005111161825,36.92005111161825,0,1.2268000691806037e-06,24.499999999969372,1.000002471671028,1.53962894575438,0.7716466036128983,3.0994250131213232,0.012879164813852149,0.01288039161392133,4.667842565738662,16.9825766789643,0.0,False,,,,
synthetic-inprior,inprior_0031,PFF ensemble,200,6,False,0.6322132000059355,35.93746652897339,35.93746652897339,0,0.008358293457362656,12.196416880581651,4.13169882823364,0.25865992506212915,0.04654565261337611,0.3328227625001304,0.0045220981565586744,0.01288039161392133,4.667842565738662,16.9825766789643,0.0,False,,,,
synthetic-inprior,inprior_0031,TSVD_NN,100,7,True,0.02274770000076387,33.45333533463895,33.45333533463895,0,0.017199368230932606,47.58567322951387,3.461445628065727,1.1777987701747872,0.15131063311581613,2.3294465452374045,0.004318976617011276,0.01288039161392133,4.667842565738662,16.9825766789643,0.0,False,,,,
synthetic-inprior,inprior_0031,truth (reference),200,6,False,0.0,35.33397656942618,35.33397656942618,0,0.01288039161392133,12.333920183552076,4.667842565738662,0.0,0.0,0.0,0.0,0.01288039161392133,4.667842565738662,16.9825766789643,,False,,,,
synthetic-inprior,inprior_0032,CNN n50,50,50,False,0.1469123999995645,39.319653884396104,39.319653884396104,0,0.28442932231202517,22.969194917601364,13.54080232500724,5.054954959344309,0.3391127069528938,1.0357670881714318,0.19083035116597208,0.0935989711460531,4.97585597589896,22.412991333230103,14.316701712585887,True,,,,
synthetic-inprior,inprior_0032,DNN spectrum n20,20,20,False,0.16608799999812618,57.19733638234852,57.19733638234852,0,0.0,,2.7777777777777772,2.5435022697123144,0.29808991557926307,3.364529704330405,0.0935989711460531,0.0935989711460531,4.97585597589896,22.412991333230103,14.316701712585887,True,,,,
synthetic-inprior,inprior_0032,DNN classifier n50,50,50,False,0.16790580000088084,51.019100967032315,51.019100967032315,0,1.2268000691806037e-06,24.499999999969372,1.000002471671028,3.0514106657844,0.7845189868757884,3.626002717904504,0.09359774434598392,0.0935989711460531,4.97585597589896,22.412991333230103,14.316701712585887,True,,,,
synthetic-inprior,inprior_0032,PFF ensemble,200,6,False,0.6886422999959905,43.304901362104175,43.304901362104175,0,0.07907128559728295,15.153748936028343,5.976054114676734,0.9856764192843017,0.1452366267091358,1.2142199994482743,0.014527685548770153,0.0935989711460531,4.97585597589896,22.412991333230103,14.316701712585887,True,16.252931594848633,6.16005973838147,3.5239651203155518,False
synthetic-inprior,inprior_0032,TSVD_NN,100,7,True,0.017590500006917864,38.80311125049931,38.80311125049931,0,0.09111042139507866,34.421255395620975,4.468536854107496,1.6925642166430372,0.3096483183538073,2.9318396721123965,0.002488549750974442,0.0935989711460531,4.97585597589896,22.412991333230103,14.316701712585887,True,,,,
synthetic-inprior,inprior_0032,truth (reference),200,6,False,0.0,41.2304341508241,41.2304341508241,0,0.0935989711460531,21.571841297354098,4.97585597589896,0.0,0.0,0.0,0.0,0.0935989711460531,4.97585597589896,22.412991333230103,,True,,,,
synthetic-inprior,inprior_0033,CNN n50,50,50,False,0.14594339999894146,30.046820665595867,30.046820665595867,0,0.2304431713209979,18.059802044494948,13.244077574969229,1.5193701298251172,0.13035094612146975,0.4857091848172044,0.0954720583514409,0.3259152296724388,15.346629642657197,15.098889353451975,15.212369279455395,True,,,,
synthetic-inprior,inprior_0033,DNN spectrum n20,20,20,False,0.1442461000115145,50.792732532605235,50.792732532605235,0,0.0,,2.7777777777777772,6.294148981747667,0.6737771417893469,3.4077040239514624,0.3259152296724388,0.3259152296724388,15.346629642657197,15.098889353451975,15.212369279455395,True,,,,
synthetic-inprior,inprior_0033,DNN classifier n50,50,50,False,0.11560649999591988,43.55877380773005,43.55877380773005,0,1.2268000691806037e-06,24.499999999969372,1.000002471671028,6.359207540059924,0.8950940357885713,3.552496147006973,0.3259140028723696,0.3259152296724388,15.346629642657197,15.098889353451975,15.212369279455395,True,,,,
synthetic-inprior,inprior_0033,PFF ensemble,200,6,False,0.7256861999921966,30.905711376159562,30.905711376159562,0,0.20810230679467775,15.65807191093814,12.308762874602039,1.4554593323906904,0.11781292287776109,0.1446218723714685,0.11781292287776104,0.3259152296724388,15.346629642657197,15.098889353451975,15.212369279455395,True,15.274584770202637,0.1756954167506617,3.3986518383026123,True
synthetic-inprior,inprior_0033,TSVD_NN,100,7,True,0.01756279999972321,29.044640776959472,29.044640776959472,0,0.4516685444139302,20.300193088050634,6.401580125331385,4.582581739518196,0.7768450177497045,3.168271156075165,0.12575331474149137,0.3259152296724388,15.346629642657197,15.098889353451975,15.212369279455395,True,,,,
synthetic-inprior,inprior_0033,truth (reference),200,6,False,0.0,30.061296015078394,30.061296015078394,0,0.3259152296724388,15.639935798891987,15.346629642657197,0.0,0.0,0.0,0.0,0.3259152296724388,15.346629642657197,15.098889353451975,,True,,,,
synthetic-inprior,inprior_0034,CNN n50,50,50,False,0.14456129999598488,24.973641830953934,24.973641830953934,0,0.4320907397340606,22.399807534678835,21.56553986611248,1.3009059644189565,0.10537564811987377,0.12992062178967254,0.015009613322420512,0.4170811264116401,22.75811538658602,17.499920986543586,0.0,False,,,,
synthetic-inprior,inprior_0034,DNN spectrum n20,20,20,False,0.1613350999978138,45.29629476107258,45.29629476107258,0,0.01933684182869982,16.24135177912893,2.887331476924655,9.406269167661625,0.7511732744265371,3.6042792094300697,0.39774428458294026,0.4170811264116401,22.75811538658602,17.499920986543586,0.0,False,,,,
synthetic-inprior,inprior_0034,DNN classifier n50,50,50,False,0.1448266999941552,44.50130893109578,44.50130893109578,0,1.2268000691806037e-06,24.499999999969372,1.000002471671028,9.66140816525898,0.9236883868468688,3.9873902538153336,0.4170798996115709,0.4170811264116401,22.75811538658602,17.499920986543586,0.0,False,,,,
synthetic-inprior,inprior_0034,PFF ensemble,200,6,False,0.8918173999991268,25.220138915841925,25.220138915841925,0,0.4502187793469834,20.826809642062926,24.66891702976174,0.7756951290938912,0.03359207997446984,0.05922976709757844,0.03313765293534332,0.4170811264116401,22.75811538658602,17.499920986543586,0.0,False,,,,
synthetic-inprior,inprior_0034,TSVD_NN,100,7,True,0.05086930000106804,24.355548088432027,24.355548088432027,0,0.5257824944620985,21.775837516177162,3.5800922864020492,4.340758101367687,0.8253973549238037,3.7571350692419485,0.10870136805045838,0.4170811264116401,22.75811538658602,17.499920986543586,0.0,False,,,,
synthetic-inprior,inprior_0034,truth (reference),200,6,False,0.0,25.442889665502094,25.442889665502094,0,0.4170811264116401,20.34834026370411,22.75811538658602,0.0,0.0,0.0,0.0,0.4170811264116401,22.75811538658602,17.499920986543586,,False,,,,
synthetic-inprior,inprior_0035,CNN n50,50,50,False,0.1597477000032086,26.791075198742412,26.791075198742412,0,0.38937676571455987,20.45425167477022,20.050925602274166,3.963479639494706,0.47382306953151254,1.1609654495359698,0.17168327510342923,0.5610600408179891,10.27771549270579,18.53559268209018,19.82488793392165,True,,,,
synthetic-inprior,inprior_0035,DNN spectrum n20,20,20,False,0.17014450000715442,47.887519036868476,47.887519036868476,0,0.0,,2.77777777778147,9.817296448474233,0.6571652132156292,3.7079877343379675,0.5610600408179891,0.5610600408179891,10.27771549270579,18.53559268209018,19.82488793392165,True,,,,
synthetic-inprior,inprior_0035,DNN classifier n50,50,50,False,0.14125670000794344,41.024281768621826,41.024281768621826,0,1.2268000691806037e-06,24.499999999969372,1.000002471671028,9.990331661259539,0.9032509737384063,3.951898646349271,0.5610588140179199,0.5610600408179891,10.27771549270579,18.53559268209018,19.82488793392165,True,,,,
synthetic-inprior,inprior_0035,PFF ensemble,200,6,False,0.7903995999949984,28.826719698922837,28.826719698922837,0,0.1981958291490416,15.39779551569061,11.686442420433686,5.431581878578118,0.4776229334239066,1.0188365004046078,0.3628642116689475,0.5610600408179891,10.27771549270579,18.53559268209018,19.82488793392165,True,15.715774536132812,2.819818145957367,3.4137983322143555,True
synthetic-inprior,inprior_0035,TSVD_NN,100,7,True,0.06389010000566486,26.431649834219773,26.431649834219773,0,0.5517574685571608,18.32703129619047,6.54822451191213,0.6945483811887693,0.2399686468419318,2.8043233310857643,0.009302572260828312,0.5610600408179891,10.27771549270579,18.53559268209018,19.82488793392165,True,,,,
synthetic-inprior,inprior_0035,truth (reference),200,6,False,0.0,26.46110105953868,26.46110105953868,0,0.5610600408179891,18.2836866082317,10.27771549270579,0.0,0.0,0.0,0.0,0.5610600408179891,10.27771549270579,18.53559268209018,,True,,,,
synthetic-inprior,inprior_0036,CNN n50,50,50,False,0.16918149999401066,26.518745521541526,26.518745521541526,0,0.6649871663916341,24.096339679826077,36.511463444558366,3.5398000297069014,0.18966051456452637,0.21399071860470878,0.10443893648303926,0.5605482299085949,29.847593973520564,16.01937332258129,10.659795461675989,True,,,,
synthetic-inprior,inprior_0036,DNN spectrum n20,20,20,False,0.17003889998886734,41.89949328367756,41.89949328367756,0,1.9979962483146643e-16,18.700000814731897,2.8159244270622823,10.534685300091667,0.8547173470303059,3.762979360221642,0.5605482299085947,0.5605482299085949,29.847593973520564,16.01937332258129,10.659795461675989,True,,,,
synthetic-inprior,inprior_0036,DNN classifier n50,50,50,False,0.12985189999744762,48.911960212965184,48.911960212965184,0,1.2268000691806037e-06,24.499999999969372,1.000002471671028,12.5013737875031,0.9461226672081327,4.091808135958637,0.5605470031085257,0.5605482299085949,29.847593973520564,16.01937332258129,10.659795461675989,True,,,,
synthetic-inprior,inprior_0036,PFF ensemble,200,6,False,0.7866697999997996,28.16277349613813,28.16277349613813,0,0.41975506707034255,20.047760847423046,22.676635271617446,2.974128142171288,0.1436069825189445,0.19423250118330224,0.14079316283825233,0.5605482299085949,29.847593973520564,16.01937332258129,10.659795461675989,True,15.81653118133545,0.2028421412458421,3.4229891300201416,True
synthetic-inprior,inprior_0036,TSVD_NN,100,7,True,0.08709440000529867,26.305380407866807,26.305380407866807,0,1.0,22.729533662645707,12.218452403008094,9.248674764174538,0.7205331764638641,3.299294838511986,0.4394517700914051,0.5605482299085949,29.847593973520564,16.01937332258129,10.659795461675989,True,,,,
synthetic-inprior,inprior_0036,truth (reference),200,6,False,0.0,27.173716368566975,27.173716368566975,0,0.5605482299085949,21.278369400306964,29.847593973520564,0.0,0.0,0.0,0.0,0.5605482299085949,29.847593973520564,16.01937332258129,,True,,,,
synthetic-inprior,inprior_0037,CNN n50,50,50,False,0.1046074000041699,33.29175790279535,33.29175790279535,0,0.007085598967400128,18.668478649545186,3.741781977255772,0.1658360473879545,0.03120202732824002,0.7464772026945058,0.004234202439983296,0.0028513965274168324,3.5101118513773466,18.556586375030818,0.0,False,,,,
synthetic-inprior,inprior_0037,DNN spectrum n20,20,20,False,0.13458040000114124,36.38720446689549,36.38720446689549,0,0.0,,2.7777777778383914,0.5419518900647899,0.21584005236629789,2.676247579155804,0.0028513965274168324,0.0028513965274168324,3.5101118513773466,18.556586375030818,0.0,False,,,,
synthetic-inprior,inprior_0037,DNN classifier n50,50,50,False,0.16846040000382345,33.91324179281306,33.91324179281306,0,1.2268000691806037e-06,24.499999999969372,1.000002471671028,1.1419245580925554,0.7531977757588383,3.1159751948761705,0.0028501697273476518,0.0028513965274168324,3.5101118513773466,18.556586375030818,0.0,False,,,,
synthetic-inprior,inprior_0037,PFF ensemble,200,6,False,0.7706281999999192,33.50961076664208,33.50961076664208,0,0.005833894587970414,11.946848544996273,3.9062416267676783,0.2023621687801917,0.041045395010695235,0.3256407718790973,0.0029824980605535813,0.0028513965274168324,3.5101118513773466,18.556586375030818,0.0,False,,,,
synthetic-inprior,inprior_0037,TSVD_NN,100,7,True,0.015532200006418861,32.343011934732054,32.343011934732054,0,0.010837365134264558,47.835562306972086,3.150746149788601,0.6388724416859014,0.0856572521437435,2.278847212440962,0.007985968606847724,0.0028513965274168324,3.5101118513773466,18.556586375030818,0.0,False,,,,
synthetic-inprior,inprior_0037,truth (reference),200,6,False,0.0,34.09648035016741,34.09648035016741,0,0.0028513965274168324,11.755055923045157,3.5101118513773466,0.0,0.0,0.0,0.0,0.0028513965274168324,3.5101118513773466,18.556586375030818,,False,,,,
synthetic-inprior,inprior_0038,CNN n50,50,50,False,0.14425959999789484,32.27788827740858,32.27788827740858,0,0.0510285962034634,21.252999804513593,5.0315819704258065,1.7793598499394747,0.22890141670582406,0.884812625647989,0.05715297993526058,0.10818157613872398,9.03029102545068,14.292346986455684,0.0,False,,,,
synthetic-inprior,inprior_0038,DNN spectrum n20,20,20,False,0.13052399999287445,32.853608201721386,32.853608201721386,0,0.3040841442356086,11.30001607840553,4.816126475310198,5.548798219819507,0.8446841007294819,2.8839244769921466,0.1959025680968846,0.10818157613872398,9.03029102545068,14.292346986455684,0.0,False,,,,
synthetic-inprior,inprior_0038,DNN classifier n50,50,50,False,0.137864799995441,37.715098189895755,37.715098189895755,0,1.2268000691806037e-06,24.499999999969372,1.000002471671028,3.4132971347965277,0.8403623570286444,3.1636697740305864,0.1081803493386548,0.10818157613872398,9.03029102545068,14.292346986455684,0.0,False,,,,
synthetic-inprior,inprior_0038,PFF ensemble,200,6,False,0.7286131000000751,32.730229998873206,32.730229998873206,0,0.08147811043229959,14.333470863695105,6.534563868478314,0.9373610870782637,0.1334693993653571,0.9830494211870515,0.026703465706424387,0.10818157613872398,9.03029102545068,14.292346986455684,0.0,False,,,,
synthetic-inprior,inprior_0038,TSVD_NN,100,7,True,0.08161890000337735,31.101253062082606,31.101253062082606,0,0.04068186187844716,41.23964419547811,2.245654769273622,2.815927638994073,0.5381836755451829,2.9328096177042196,0.06749971426027682,0.10818157613872398,9.03029102545068,14.292346986455684,0.0,False,,,,
synthetic-inprior,inprior_0038,truth (reference),200,6,False,0.0,32.420112610348845,32.420112610348845,0,0.10818157613872398,14.509797324428789,9.03029102545068,0.0,0.0,0.0,0.0,0.10818157613872398,9.03029102545068,14.292346986455684,,False,,,,
synthetic-inprior,inprior_0039,CNN n50,50,50,False,0.10958119999850169,34.24131871273855,34.24131871273855,0,0.024969510950435328,19.542721827272395,4.835513712523054,0.9149274858968205,0.09125946358976994,1.0091150219090768,0.054787613677087524,0.07975712462752285,5.9151550358777465,11.371835139077051,16.880301488851508,True,,,,
synthetic-inprior,inprior_0039,DNN spectrum n20,20,20,False,0.11658090000855736,41.493694748036646,41.493694748036646,0,0.0,,2.7777777777778216,1.9756946811501872,0.3586394292301679,3.004942167702301,0.07975712462752285,0.07975712462752285,5.9151550358777465,11.371835139077051,16.880301488851508,True,,,,
synthetic-inprior,inprior_0039,DNN classifier n50,50,50,False,0.14180759999726433,37.161368806304466,37.161368806304466,0,1.2268000691806037e-06,24.499999999969372,1.000002471671028,2.3915970026964595,0.7990517214135576,3.294354225363957,0.07975589782745367,0.07975712462752285,5.9151550358777465,11.371835139077051,16.880301488851508,True,,,,
synthetic-inprior,inprior_0039,PFF ensemble,200,6,False,0.8205502000055276,35.085112539734915,35.085112539734915,0,0.016945220825594014,12.459631571006362,4.885813800831372,0.8244772835647662,0.08767169586771728,0.32569978828287977,0.06281190380192883,0.07975712462752285,5.9151550358777465,11.371835139077051,16.880301488851508,True,12.390279769897461,1.0184446308204098,3.516798734664917,True
synthetic-inprior,inprior_0039,TSVD_NN,100,7,True,0.025970000002416782,33.35260591740374,33.35260591740374,0,0.014543945799747986,48.514288064089364,4.332323751943261,1.6438898910471507,0.18167555885269704,2.6116716122893933,0.06521317882777486,0.07975712462752285,5.9151550358777465,11.371835139077051,16.880301488851508,True,,,,
synthetic-inprior,inprior_0039,truth (reference),200,6,False,0.0,34.327033618862856,34.327033618862856,0,0.07975712462752285,12.237752606223712,5.9151550358777465,0.0,0.0,0.0,0.0,0.07975712462752285,5.9151550358777465,11.371835139077051,,True,,,,
synthetic-inprior,inprior_0040,CNN n50,50,50,False,0.16442259999166708,26.599717959627565,26.599717959627565,0,0.27889900949458857,19.6032240074751,14.993096898987904,3.300382378047535,0.1712322633527564,0.2441734666225797,0.15566213616990426,0.43456114566449283,23.83032148493728,11.877981197482088,0.0,False,,,,
synthetic-inprior,inprior_0040,DNN spectrum n20,20,20,False,0.14397299999836832,44.78916669624185,44.78916669624185,0,0.0007245930932971832,16.26467672083182,2.9510481362054257,10.062910763178648,0.7527948381994188,3.6219949751976035,0.43383655257119563,0.43456114566449283,23.83032148493728,11.877981197482088,0.0,False,,,,
synthetic-inprior,inprior_0040,DNN classifier n50,50,50,False,0.13630680000642315,39.74074147705493,39.74074147705493,0,1.2268000691806037e-06,24.499999999969372,1.000002471671028,10.112330617899191,0.9268920138172728,4.010880813213878,0.43455991886442363,0.43456114566449283,23.83032148493728,11.877981197482088,0.0,False,,,,
synthetic-inprior,inprior_0040,PFF ensemble,200,6,False,0.7941571999981534,28.000328400022106,28.000328400022106,0,0.1998635646252213,15.655663676266718,12.099913807849392,5.417080177752316,0.2429193727222028,0.8931663069087168,0.23469758103927152,0.43456114566449283,23.83032148493728,11.877981197482088,0.0,False,,,,
synthetic-inprior,inprior_0040,TSVD_NN,100,7,True,0.6481783000053838,26.196580905356154,26.196580905356154,0,0.3013966613407389,19.580825615034378,3.366283064604477,4.747813000201434,0.6602475327700418,3.448266743436024,0.13316448432375394,0.43456114566449283,23.83032148493728,11.877981197482088,0.0,False,,,,
synthetic-inprior,inprior_0040,truth (reference),200,6,False,0.0,26.353459914860668,26.353459914860668,0,0.43456114566449283,20.71250793834889,23.83032148493728,0.0,0.0,0.0,0.0,0.43456114566449283,23.83032148493728,11.877981197482088,,False,,,,
synthetic-inprior,inprior_0041,CNN n50,50,50,False,0.19499250000808388,28.625812470997158,28.625812470997158,0,0.2919582821975482,19.642446028333502,15.810604447535352,0.7278304909118786,0.06094042373000787,0.19300430968451474,0.029677435720693313,0.3216357179182415,17.641194665678274,14.979387208076401,0.0,False,,,,
synthetic-inprior,inprior_0041,DNN spectrum n20,20,20,False,0.22264380000706296,48.891060219692406,48.891060219692406,0,0.0,,2.777777851037111,7.404539388781185,0.7121323106367137,3.701077724498299,0.3216357179182415,0.3216357179182415,17.641194665678274,14.979387208076401,0.0,False,,,,
synthetic-inprior,inprior_0041,DNN classifier n50,50,50,False,0.1441839000035543,41.54467928956346,41.54467928956346,0,1.2268000691806037e-06,24.499999999969372,1.000002471671028,7.418407317739609,0.904447715724309,3.8315034661475087,0.3216344911181723,0.3216357179182415,17.641194665678274,14.979387208076401,0.0,False,,,,
synthetic-inprior,inprior_0041,PFF ensemble,200,6,False,0.8159192000020994,30.332719636683347,30.332719636683347,0,0.1617646752831427,14.920274502031413,10.618244116292502,3.3852199438061117,0.1822055954971581,0.8685189737452436,0.15987104263509883,0.3216357179182415,17.641194665678274,14.979387208076401,0.0,False,,,,
synthetic-inprior,inprior_0041,TSVD_NN,100,7,True,0.04242349999549333,27.915979211743792,27.915979211743792,0,0.07607284810297146,49.49999832963816,6.111795086441071,4.507335702746795,0.6351974657413381,3.402440406910538,0.24556286981527006,0.3216357179182415,17.641194665678274,14.979387208076401,0.0,False,,,,
synthetic-inprior,inprior_0041,truth (reference),200,6,False,0.0,28.769147476367344,28.769147476367344,0,0.3216357179182415,18.437824856195746,17.641194665678274,0.0,0.0,0.0,0.0,0.3216357179182415,17.641194665678274,14.979387208076401,,False,,,,
synthetic-inprior,inprior_0042,CNN n50,50,50,False,0.1605165999935707,31.7583246706433,31.7583246706433,0,0.08531080140124998,19.117672621589257,7.4029358726863945,0.5968485515492024,0.04129593362722888,1.1959149971140677,0.014568551632858542,0.07074224976839144,7.594971694892702,20.709714408955676,0.0,False,,,,
synthetic-inprior,inprior_0042,DNN spectrum n20,20,20,False,0.1496500999928685,41.85518431663487,41.85518431663487,0,3.0993370812437203e-22,18.699999972289316,3.006341141351949,2.3899637587335434,0.4159422624575524,2.6560596105337058,0.07074224976839144,0.07074224976839144,7.594971694892702,20.709714408955676,0.0,False,,,,
synthetic-inprior,inprior_0042,DNN classifier n50,50,50,False,0.14924929999688175,37.937856247776764,37.937856247776764,0,1.2268000691806037e-06,24.499999999969372,1.000002471671028,2.762770236123986,0.8214512319643067,3.042095228978168,0.07074102296832226,0.07074224976839144,7.594971694892702,20.709714408955676,0.0,False,,,,
synthetic-inprior,inprior_0042,PFF ensemble,200,6,False,0.7588383999973303,32.829070509189954,32.829070509189954,0,0.06719412522416517,13.321308530611654,6.665525984010812,0.3499744833381232,0.05808744553654848,0.47385634035393337,0.003548124544226275,0.07074224976839144,7.594971694892702,20.709714408955676,0.0,False,,,,
synthetic-inprior,inprior_0042,TSVD_NN,100,7,True,0.022081500006606802,31.409620196337237,31.409620196337237,0,0.0247542372120122,48.56878693155778,5.97880898184749,1.57650465272384,0.1435505261031441,2.2921846349646726,0.04598801255637924,0.07074224976839144,7.594971694892702,20.709714408955676,0.0,False,,,,
synthetic-inprior,inprior_0042,truth (reference),200,6,False,0.0,32.54865432161897,32.54865432161897,0,0.07074224976839144,13.796497399650487,7.594971694892702,0.0,0.0,0.0,0.0,0.07074224976839144,7.594971694892702,20.709714408955676,,False,,,,
synthetic-inprior,inprior_0043,CNN n50,50,50,False,0.14536049999878742,29.110672750992705,29.110672750992705,0,0.13019087055495354,18.00124980689251,9.820262578833624,0.4691813256525224,0.03530871550893372,0.7366823825241137,0.008117394765677022,0.13830826532063056,10.143372011106557,13.389519613794155,0.0,False,,,,
synthetic-inprior,inprior_0043,DNN spectrum n20,20,20,False,0.1314157000015257,42.03053885724065,42.03053885724065,0,0.0,,2.7777777875493683,3.7696655470645535,0.5524306216885647,3.1400268768798267,0.13830826532063056,0.13830826532063056,10.143372011106557,13.389519613794155,0.0,False,,,,
synthetic-inprior,inprior_0043,DNN classifier n50,50,50,False,0.15897089999634773,35.81062420765029,35.81062420765029,0,1.2268000691806037e-06,24.499999999969372,1.000002471671028,3.9285801699374048,0.8527357008822768,3.3051395479911383,0.1383070385205614,0.13830826532063056,10.143372011106557,13.389519613794155,0.0,False,,,,
synthetic-inprior,inprior_0043,PFF ensemble,200,6,False,0.766452500000014,29.89142129475325,29.89142129475325,0,0.08514160179217502,13.735428648123001,7.698288920403595,1.15634667957981,0.10200134855366401,0.7767803163466509,0.053166663528455546,0.13830826532063056,10.143372011106557,13.389519613794155,0.0,False,,,,
synthetic-inprior,inprior_0043,TSVD_NN,100,7,True,0.03459619999921415,28.560634144189038,28.560634144189038,0,0.02570004365749104,49.5,4.749039661635417,2.648759570526531,0.4813976373657975,2.9367089111965177,0.11260822166313952,0.13830826532063056,10.143372011106557,13.389519613794155,0.0,False,,,,
synthetic-inprior,inprior_0043,truth (reference),200,6,False,0.0,29.381030301509593,29.381030301509593,0,0.13830826532063056,15.057539317996966,10.143372011106557,0.0,0.0,0.0,0.0,0.13830826532063056,10.143372011106557,13.389519613794155,,False,,,,
synthetic-inprior,inprior_0044,CNN n50,50,50,False,0.12975269999878947,30.91677033768173,30.91677033768173,0,0.08939920547570607,19.239217213459767,6.953131755783139,0.7246725114197754,0.0767766179950155,1.2551192661652564,0.004561730930314867,0.09396093640602093,6.287276234214411,14.832521149773912,17.12199847398921,True,,,,
synthetic-inprior,inprior_0044,DNN spectrum n20,20,20,False,0.15390609999303706,40.9522869877555,40.9522869877555,0,0.0,,2.7777777778037906,2.2901712483591834,0.37802875377109907,2.9835718389509474,0.09396093640602093,0.09396093640602093,6.287276234214411,14.832521149773912,17.12199847398921,True,,,,
synthetic-inprior,inprior_0044,DNN classifier n50,50,50,False,0.1316623000020627,35.7565016548674,35.7565016548674,0,1.2268000691806037e-06,24.499999999969372,1.000002471671028,2.666492897216971,0.802764132277539,3.241752243675233,0.09395970960595175,0.09396093640602093,6.287276234214411,14.832521149773912,17.12199847398921,True,,,,
synthetic-inprior,inprior_0044,PFF ensemble,200,6,False,0.7129495999979554,31.829387729815746,31.829387729815746,0,0.05796097265882897,13.332230803679504,6.190386577105057,0.37335655654145744,0.047577529684104315,0.24977335901653347,0.035999963747191964,0.09396093640602093,6.287276234214411,14.832521149773912,17.12199847398921,True,13.828882217407227,1.0036389323666857,3.4059510231018066,True
synthetic-inprior,inprior_0044,TSVD_NN,100,7,True,0.018190699993283488,30.93553148952483,30.93553148952483,0,0.05283608540521263,23.26999465905606,4.826149686743472,1.3703997924400337,0.2866858390600226,2.699434406726518,0.0411248510008083,0.09396093640602093,6.287276234214411,14.832521149773912,17.12199847398921,True,,,,
synthetic-inprior,inprior_0044,truth (reference),200,6,False,0.0,31.350773563002072,31.350773563002072,0,0.09396093640602093,14.251813572172953,6.287276234214411,0.0,0.0,0.0,0.0,0.09396093640602093,6.287276234214411,14.832521149773912,,True,,,,
synthetic-inprior,inprior_0045,CNN n50,50,50,False,0.09126899999682792,29.113736802373275,29.113736802373275,0,0.06649220771726977,19.230366589088625,6.778604182453916,1.134568459418106,0.11549800775392934,1.206997407131863,0.029802995679309677,0.03668921203796009,5.057800029584482,16.23214932051156,5.939327124799148,True,,,,
synthetic-inprior,inprior_0045,DNN spectrum n20,20,20,False,0.08384360000491142,36.789937118764904,36.789937118764904,0,0.0,,2.7777777777777772,1.4202426361125777,0.3003323352111478,2.987216090455354,0.03668921203796009,0.03668921203796009,5.057800029584482,16.23214932051156,5.939327124799148,True,,,,
synthetic-inprior,inprior_0045,DNN classifier n50,50,50,False,0.08148100000107661,32.28759103284291,32.28759103284291,0,1.2268000691806037e-06,24.499999999969372,1.000002471671028,1.8906654207531148,0.7802015988835014,3.2820437485707834,0.036687985237890915,0.03668921203796009,5.057800029584482,16.23214932051156,5.939327124799148,True,,,,
synthetic-inprior,inprior_0045,PFF ensemble,200,6,False,0.6320539000007557,30.05581903137398,30.05581903137398,0,0.03337640872362705,13.280735677771046,5.176754376203593,0.1033849738200428,0.02040451737176349,0.22779341338515866,0.003312803314333042,0.03668921203796009,5.057800029584482,16.23214932051156,5.939327124799148,True,14.209762573242188,2.0223867472693726,3.492760419845581,True
synthetic-inprior,inprior_0045,TSVD_NN,100,7,True,0.019500299997162074,28.183919132105423,28.183919132105423,0,0.03032267727720281,39.102464428667965,3.5304099270184874,1.4774340915443762,0.18146059545995744,2.7174238925186502,0.006366534760757284,0.03668921203796009,5.057800029584482,16.23214932051156,5.939327124799148,True,,,,
synthetic-inprior,inprior_0045,truth (reference),200,6,False,0.0,29.84870749715229,29.84870749715229,0,0.03668921203796009,14.586729306297531,5.057800029584482,0.0,0.0,0.0,0.0,0.03668921203796009,5.057800029584482,16.23214932051156,,True,,,,
synthetic-inprior,inprior_0046,CNN n50,50,50,False,0.15912900000694208,30.306525698425908,30.306525698425908,0,0.07008038363133204,17.422834107606032,7.179844894333028,1.4568974405523734,0.24484594524527512,0.8881145628870415,0.061678663081103396,0.13175904671243543,4.922941472755558,17.68331463761143,22.146798325935507,True,,,,
synthetic-inprior,inprior_0046,DNN spectrum n20,20,20,False,0.17921650000789668,39.62569654532324,39.62569654532324,0,0.0,,2.777777805066463,2.5927171240467297,0.3012059893299109,3.4700459592504522,0.13175904671243543,0.13175904671243543,4.922941472755558,17.68331463761143,22.146798325935507,True,,,,
synthetic-inprior,inprior_0046,DNN classifier n50,50,50,False,0.11158230000000913,34.77656917247402,34.77656917247402,0,1.2268000691806037e-06,24.499999999969372,1.000002471671028,3.124368017750096,0.7898048303386928,3.7613235492460255,0.13175781991236626,0.13175904671243543,4.922941472755558,17.68331463761143,22.146798325935507,True,,,,
synthetic-inprior,inprior_0046,PFF ensemble,200,6,False,0.6085359999997308,30.924678998791904,30.924678998791904,0,0.06026462272388472,13.817475164149146,6.065422289094918,1.2051988368593736,0.17779854010878124,0.7407735807275398,0.07149442398855071,0.13175904671243543,4.922941472755558,17.68331463761143,22.146798325935507,True,14.775571823120117,2.907742814491314,3.476538896560669,True
synthetic-inprior,inprior_0046,TSVD_NN,100,7,True,0.018042600000626408,29.12229420647579,29.12229420647579,0,0.0518751491021594,30.40134175787365,2.9098621944801937,2.438412051885064,0.2267720856644035,2.403434963120394,0.07988389761027603,0.13175904671243543,4.922941472755558,17.68331463761143,22.146798325935507,True,,,,
synthetic-inprior,inprior_0046,truth (reference),200,6,False,0.0,29.78965793276881,29.78965793276881,0,0.13175904671243543,17.32688564093681,4.922941472755558,0.0,0.0,0.0,0.0,0.13175904671243543,4.922941472755558,17.68331463761143,,True,,,,
synthetic-inprior,inprior_0047,CNN n50,50,50,False,0.10973649998777546,30.86411739442459,30.86411739442459,0,0.23165417427125015,17.506048693761752,12.980021871517534,1.5684291909732515,0.18143753412645947,1.4352264157963701,0.01772401647680885,0.2139301577944413,8.836684464570556,14.7549372279095,18.549255524241545,True,,,,
synthetic-inprior,inprior_0047,DNN spectrum n20,20,20,False,0.1448621000017738,48.88112215992489,48.88112215992489,0,0.0,,2.7777836345450866,3.970714337128685,0.48974293838648864,3.1874696617857605,0.2139301577944413,0.2139301577944413,8.836684464570556,14.7549372279095,18.549255524241545,True,,,,
synthetic-inprior,inprior_0047,DNN classifier n50,50,50,False,0.12930060000508092,42.65594081728952,42.65594081728952,0,1.2268000691806037e-06,24.499999999969372,1.000002471671028,4.239379181973174,0.8381576366988117,3.410472102133437,0.21392893099437213,0.2139301577944413,8.836684464570556,14.7549372279095,18.549255524241545,True,,,,
synthetic-inprior,inprior_0047,PFF ensemble,200,6,False,0.5794989999994868,32.239208075850925,32.239208075850925,0,0.14450579954380388,14.516409394936902,9.650129795646965,0.7734747968385098,0.12750503369055677,0.8932439613350277,0.06942435825063742,0.2139301577944413,8.836684464570556,14.7549372279095,18.549255524241545,True,14.77404499053955,0.01910776263005154,3.421156406402588,True
synthetic-inprior,inprior_0047,TSVD_NN,100,7,True,1.033993899996858,30.582169999930088,30.582169999930088,0,0.5613129607632694,13.31688776739123,3.8075114756009745,3.27745017149035,0.6160273656751534,2.8250067143725954,0.3473828029688281,0.2139301577944413,8.836684464570556,14.7549372279095,18.549255524241545,True,,,,
synthetic-inprior,inprior_0047,truth (reference),200,6,False,0.0,31.516487532956138,31.516487532956138,0,0.2139301577944413,14.56504608179652,8.836684464570556,0.0,0.0,0.0,0.0,0.2139301577944413,8.836684464570556,14.7549372279095,,True,,,,
synthetic-inprior,inprior_0048,CNN n50,50,50,False,0.11128110000572633,27.2276144132805,27.2276144132805,0,0.45834604996066963,23.970760286305428,25.909119124634916,1.456502385694945,0.10247009907536236,0.08880329347591019,0.08881734472875857,0.5471633946894282,31.889283111269396,10.054654138311562,19.087794071475177,True,,,,
synthetic-inprior,inprior_0048,DNN spectrum n20,20,20,False,0.15305750000698026,48.6192944467271,48.6192944467271,0,0.0,,3.329896909438719,13.171483806935266,0.7570625161701072,3.9161992416039912,0.5471633946894282,0.5471633946894282,31.889283111269396,10.054654138311562,19.087794071475177,True,,,,
synthetic-inprior,inprior_0048,DNN classifier n50,50,50,False,0.127687899992452,45.02495063114836,45.02495063114836,0,1.2268000691806037e-06,24.499999999969372,1.000002471671028,13.335806629221674,0.9472264975100859,4.133223769916913,0.547162167889359,0.5471633946894282,31.889283111269396,10.054654138311562,19.087794071475177,True,,,,
synthetic-inprior,inprior_0048,PFF ensemble,200,6,False,0.5581586000043899,27.58251340712613,27.58251340712613,0,0.4753307319760828,21.365234056284205,26.336525865081924,2.2547424898377697,0.07760818942688746,0.13963505573796478,0.07183266271334543,0.5471633946894282,31.889283111269396,10.054654138311562,19.087794071475177,True,14.981176376342773,4.926522238031211,3.392957925796509,False
synthetic-inprior,inprior_0048,TSVD_NN,100,7,True,0.045388099999399856,26.560032388592372,26.560032388592372,0,0.28945553799031287,37.97973938777859,9.17554538950354,6.2689756965267085,0.6522175730539744,3.6081592480714364,0.25770785669911533,0.5471633946894282,31.889283111269396,10.054654138311562,19.087794071475177,True,,,,
synthetic-inprior,inprior_0048,truth (reference),200,6,False,0.0,27.24365866113475,27.24365866113475,0,0.5471633946894282,23.071926569857283,31.889283111269396,0.0,0.0,0.0,0.0,0.5471633946894282,31.889283111269396,10.054654138311562,,True,,,,
synthetic-inprior,inprior_0049,CNN n50,50,50,False,0.15118050000455696,28.87997333735612,28.87997333735612,0,0.18110062189460668,16.819191966880165,11.437355897602215,0.340532519690683,0.03841374472756351,0.5505051509656935,0.0012840295555621162,0.17981659233904457,11.242223776076088,14.689883090082926,8.709335974853119,True,,,,
synthetic-inprior,inprior_0049,DNN spectrum n20,20,20,False,0.11758559998997953,29.823021849290154,29.823021849290154,0,7.755918697806242e-05,11.30000000001101,2.778208695880329,5.118060791621436,0.8877400393306069,3.1804649975276926,0.17973903315206652,0.17981659233904457,11.242223776076088,14.689883090082926,8.709335974853119,True,,,,
synthetic-inprior,inprior_0049,DNN classifier n50,50,50,False,0.11111889999301638,38.727578287661146,38.727578287661146,0,1.2268000691806037e-06,24.499999999969372,1.000002471671028,4.460286395459267,0.8628910361464032,3.376541355636924,0.1798153655389754,0.17981659233904457,11.242223776076088,14.689883090082926,8.709335974853119,True,,,,
synthetic-inprior,inprior_0049,PFF ensemble,200,6,False,0.5648030000011204,29.531052215808867,29.531052215808867,0,0.14431671344627586,14.765775932054103,10.02010369910761,0.5893487331322792,0.04248715210361544,0.21327841862915356,0.035499878892768705,0.17981659233904457,11.242223776076088,14.689883090082926,8.709335974853119,True,14.638473510742188,0.05140957934073853,3.4895448684692383,True
synthetic-inprior,inprior_0049,TSVD_NN,100,7,True,1.0612302999943495,28.387854252259455,28.387854252259455,0,0.11648734381928764,24.36185822000855,3.154589200653093,2.026012208381846,0.6162126733210967,2.8083270176444834,0.06332924851975692,0.17981659233904457,11.242223776076088,14.689883090082926,8.709335974853119,True,,,,
synthetic-inprior,inprior_0049,truth (reference),200,6,False,0.0,29.16601148867931,29.16601148867931,0,0.17981659233904457,15.181878273917611,11.242223776076088,0.0,0.0,0.0,0.0,0.17981659233904457,11.242223776076088,14.689883090082926,,True,,,,
synthetic-inprior,inprior_0050,CNN n50,50,50,False,0.11965439999767113,32.07910235697107,32.07910235697107,0,0.12663882177963043,18.82076367613834,8.200118477051408,1.857984190601808,0.2918424951395755,0.9648727274805945,0.011090895845718277,0.11554792593391215,4.270409340709119,17.958370759588767,7.812375807244089,True,,,,
synthetic-inprior,inprior_0050,DNN spectrum n20,20,20,False,0.1295646999933524,43.95375298270092,43.95375298270092,0,0.0,,2.7777777777777772,2.243530049287453,0.2622256726015499,3.3936240145884153,0.11554792593391215,0.11554792593391215,4.270409340709119,17.958370759588767,7.812375807244089,True,,,,
synthetic-inprior,inprior_0050,DNN classifier n50,50,50,False,0.15376850000757258,38.68095484383427,38.68095484383427,0,1.2268000691806037e-06,24.499999999969372,1.000002471671028,2.8435018238519554,0.7815103685023929,3.70403657315003,0.11554669913384297,0.11554792593391215,4.270409340709119,17.958370759588767,7.812375807244089,True,,,,
synthetic-inprior,inprior_0050,PFF ensemble,200,6,False,0.7370731000119122,33.61391838766974,33.61391838766974,0,0.056131791809272163,13.429030499922327,6.5925408649638815,1.4508925257918892,0.2577647079948099,0.8344834341919053,0.05941613412463999,0.11554792593391215,4.270409340709119,17.958370759588767,7.812375807244089,True,14.202936172485352,3.755434587103416,3.50106143951416,False
synthetic-inprior,inprior_0050,TSVD_NN,100,7,True,0.06910929999139626,31.715163608261633,31.715163608261633,0,0.059164300484200155,27.447877069034277,3.7662123285858797,1.476424753693858,0.1563878185617458,2.32598953985748,0.056383625449711997,0.11554792593391215,4.270409340709119,17.958370759588767,7.812375807244089,True,,,,
synthetic-inprior,inprior_0050,truth (reference),200,6,False,0.0,32.30756400497261,32.30756400497261,0,0.11554792593391215,17.772558140218226,4.270409340709119,0.0,0.0,0.0,0.0,0.11554792593391215,4.270409340709119,17.958370759588767,,True,,,,
synthetic-inprior,inprior_0051,CNN n50,50,50,False,0.13154189998749644,37.65007087057101,37.65007087057101,0,0.11893986479711458,18.69205713866034,8.851712037579276,1.0862349193583714,0.0503346071026147,1.2669631047101937,0.041730655635689784,0.07720920916142479,7.851425239114469,19.910869435674698,0.0,False,,,,
synthetic-inprior,inprior_0051,DNN spectrum n20,20,20,False,0.15069219999713823,55.05361396558216,55.05361396558216,0,0.0,,2.777777777777784,2.6255969548600286,0.4637710406339052,2.828764178121216,0.07720920916142479,0.07720920916142479,7.851425239114469,19.910869435674698,0.0,False,,,,
synthetic-inprior,inprior_0051,DNN classifier n50,50,50,False,0.11874920000263955,48.067101692895605,48.067101692895605,0,1.2268000691806037e-06,24.499999999969372,1.000002471671028,2.877472394131123,0.8251010222532055,3.0202617092906645,0.0772079823613556,0.07720920916142479,7.851425239114469,19.910869435674698,0.0,False,,,,
synthetic-inprior,inprior_0051,PFF ensemble,200,6,False,0.5907524000067497,40.20093048702923,40.20093048702923,0,0.07600367643090074,13.996903848200272,6.8985982031829325,0.36736408129768194,0.06507501457989195,0.48663476363358504,0.0012055327305240532,0.07720920916142479,7.851425239114469,19.910869435674698,0.0,False,,,,
synthetic-inprior,inprior_0051,TSVD_NN,100,7,True,0.022802499996032566,34.988045862831505,34.988045862831505,0,0.06759615651139783,49.5,5.226755732800104,3.7669722159523515,0.5349752280749113,2.5847232837538234,0.00961305265002696,0.07720920916142479,7.851425239114469,19.910869435674698,0.0,False,,,,
synthetic-inprior,inprior_0051,truth (reference),200,6,False,0.0,39.78404437550486,39.78404437550486,0,0.07720920916142479,13.924312462745858,7.851425239114469,0.0,0.0,0.0,0.0,0.07720920916142479,7.851425239114469,19.910869435674698,,False,,,,
synthetic-inprior,inprior_0052,CNN n50,50,50,False,0.11434050000389107,34.16643509920188,34.16643509920188,0,0.5350457216857474,32.62450005027233,20.81004984674877,3.7977475071406483,0.32108936740748384,0.3650990676916223,0.20136037961350417,0.7364061012992515,47.80674712003692,14.763334518744985,0.0,False,,,,
synthetic-inprior,inprior_0052,DNN spectrum n20,20,20,False,0.14933999998902436,42.73841896224058,42.73841896224058,0,2.5246853936947694e-16,11.3,2.7777779090890142,14.782425763037597,0.9250061737587435,4.163594559030058,0.7364061012992513,0.7364061012992515,47.80674712003692,14.763334518744985,0.0,False,,,,
synthetic-inprior,inprior_0052,DNN classifier n50,50,50,False,0.16170909999345895,55.8498086537181,55.8498086537181,0,1.2268000691806037e-06,24.499999999969372,1.000002471671028,20.479485794786505,0.9722526424242207,4.249722581426785,0.7364048744991823,0.7364061012992515,47.80674712003692,14.763334518744985,0.0,False,,,,
synthetic-inprior,inprior_0052,PFF ensemble,200,6,False,0.7634397999936482,34.51348370873844,34.51348370873844,0,0.7081243580032773,27.107257796387973,45.6816797287955,1.3213281024223076,0.04145005183076942,0.04327525060149716,0.028281743295974215,0.7364061012992515,47.80674712003692,14.763334518744985,0.0,False,,,,
synthetic-inprior,inprior_0052,TSVD_NN,100,7,True,0.06427620000613388,33.41951991987883,33.41951991987883,0,0.4110165790400079,48.20111114985549,7.471803191928299,8.414870922035995,0.8071706249487287,3.8355061823036123,0.32538952225924367,0.7364061012992515,47.80674712003692,14.763334518744985,0.0,False,,,,
synthetic-inprior,inprior_0052,truth (reference),200,6,False,0.0,34.36364369678597,34.36364369678597,0,0.7364061012992515,28.024798630293724,47.80674712003692,0.0,0.0,0.0,0.0,0.7364061012992515,47.80674712003692,14.763334518744985,,False,,,,
synthetic-inprior,inprior_0053,CNN n50,50,50,False,0.1547634000016842,30.047305122492684,30.047305122492684,0,0.4566949948239315,21.482892963726496,23.543282115425992,5.428906892438896,0.1827445129381661,0.3728593549316095,0.17064085964408837,0.6273358544680199,38.5874216350504,17.223191984195562,16.67476127378388,True,,,,
synthetic-inprior,inprior_0053,DNN spectrum n20,20,20,False,0.14527389999420848,38.810445391540696,38.810445391540696,0,4.669623247353648e-12,11.300035411367448,2.77800542857423,12.323081296206468,0.8953541678179582,4.051352165457215,0.6273358544633503,0.6273358544680199,38.5874216350504,17.223191984195562,16.67476127378388,True,,,,
synthetic-inprior,inprior_0053,DNN classifier n50,50,50,False,0.18649880000157282,48.54268682054446,48.54268682054446,0,1.2268000691806037e-06,24.499999999969372,1.000002471671028,15.94933962644401,0.9575503966971481,4.192990067648528,0.6273346276679507,0.6273358544680199,38.5874216350504,17.223191984195562,16.67476127378388,True,,,,
synthetic-inprior,inprior_0053,PFF ensemble,200,6,False,0.8157188999903155,30.72645592092523,30.72645592092523,0,0.4025591043681036,19.645778066334906,21.64063278568385,6.916169399676348,0.2368863186373918,0.4289543160598258,0.22477675009991627,0.6273358544680199,38.5874216350504,17.223191984195562,16.67476127378388,True,15.775604248046875,1.4475877361486873,3.4286539554595947,True
synthetic-inprior,inprior_0053,TSVD_NN,100,7,True,0.022840200006612577,29.273169873439073,29.273169873439073,0,0.8004671004670497,22.107447654474015,7.665330038212257,5.54185389044822,0.7605897449451657,3.69420532770077,0.17313124599902985,0.6273358544680199,38.5874216350504,17.223191984195562,16.67476127378388,True,,,,
synthetic-inprior,inprior_0053,truth (reference),200,6,False,0.0,29.4148160203144,29.4148160203144,0,0.6273358544680199,24.897344555648132,38.5874216350504,0.0,0.0,0.0,0.0,0.6273358544680199,38.5874216350504,17.223191984195562,,True,,,,
synthetic-inprior,inprior_0054,CNN n50,50,50,False,0.1554147999995621,36.466670204930935,36.466670204930935,0,0.05420604635121315,17.96875570297363,6.7254505067129235,0.9609570843131879,0.10382182083123809,0.8941597650398365,0.04196709144967012,0.09617313780088327,8.58028023679786,15.154835397628199,0.0,False,,,,
synthetic-inprior,inprior_0054,DNN spectrum n20,20,20,False,0.1355245000013383,49.41125346977227,49.41125346977227,0,0.0,,2.7783431004669636,2.98952447984417,0.4952702932946459,2.8238907125406936,0.09617313780088327,0.09617313780088327,8.58028023679786,15.154835397628199,0.0,False,,,,
synthetic-inprior,inprior_0054,DNN classifier n50,50,50,False,0.1347310999990441,43.08185129138948,43.08185129138948,0,1.2268000691806037e-06,24.499999999969372,1.000002471671028,3.2072925786031177,0.83481867654841,3.099991942060749,0.09617191100081408,0.09617313780088327,8.58028023679786,15.154835397628199,0.0,False,,,,
synthetic-inprior,inprior_0054,PFF ensemble,200,6,False,0.7509638000046834,38.302030113290606,38.302030113290606,0,0.03353747781317729,12.901386051118143,5.870079176123757,1.3457618283111656,0.1392925807894748,0.9252378568300751,0.06263565998770598,0.09617313780088327,8.58028023679786,15.154835397628199,0.0,False,,,,
synthetic-inprior,inprior_0054,TSVD_NN,100,7,True,0.026438900007633492,33.97282978125429,33.97282978125429,0,0.032172033354668214,49.41710865573298,4.990964217772919,2.45051127934378,0.43621150631263705,2.7573431745011963,0.06400110444621505,0.09617313780088327,8.58028023679786,15.154835397628199,0.0,False,,,,
synthetic-inprior,inprior_0054,truth (reference),200,6,False,0.0,36.42981701347261,36.42981701347261,0,0.09617313780088327,14.286787427239876,8.58028023679786,0.0,0.0,0.0,0.0,0.09617313780088327,8.58028023679786,15.154835397628199,,False,,,,
synthetic-inprior,inprior_0055,CNN n50,50,50,False,0.13336390000768006,29.705796316551407,29.705796316551407,0,0.20764787745007446,18.685959672980296,12.414433349056958,1.8047826611402589,0.22489136201549526,1.4631490372227254,0.1177665801561657,0.32541445760624016,11.26415414974668,14.230183713827078,9.170468754444371,True,,,,
synthetic-inprior,inprior_0055,DNN spectrum n20,20,20,False,0.12424150000151712,45.44235515007892,45.44235515007892,0,0.0,,2.7777777777777772,5.258972240181917,0.5830157094322446,3.0617290815383487,0.32541445760624016,0.32541445760624016,11.26415414974668,14.230183713827078,9.170468754444371,True,,,,
synthetic-inprior,inprior_0055,DNN classifier n50,50,50,False,0.13334840000607073,39.51103425769248,39.51103425769248,0,1.2268000691806037e-06,24.499999999969372,1.000002471671028,5.44102704256553,0.870053499755988,3.2600977746576323,0.32541323080617096,0.32541445760624016,11.26415414974668,14.230183713827078,9.170468754444371,True,,,,
synthetic-inprior,inprior_0055,PFF ensemble,200,6,False,0.7308411999983946,31.003379003774846,31.003379003774846,0,0.11616618060756974,14.062144332635619,8.595985090112443,2.2109829683041706,0.21320322355631705,0.504070520955307,0.20924827699867043,0.32541445760624016,11.26415414974668,14.230183713827078,9.170468754444371,True,14.257553100585938,0.027369386758859804,3.4079859256744385,True
synthetic-inprior,inprior_0055,TSVD_NN,100,7,True,0.022275600000284612,29.364516075407142,29.364516075407142,0,0.4564061372016514,13.197815651213128,3.0673039973111114,1.9803877420117295,0.6117349716013063,2.8432284173455926,0.13099167959541125,0.32541445760624016,11.26415414974668,14.230183713827078,9.170468754444371,True,,,,
synthetic-inprior,inprior_0055,truth (reference),200,6,False,0.0,29.65117949672293,29.65117949672293,0,0.32541445760624016,14.133957106752638,11.26415414974668,0.0,0.0,0.0,0.0,0.32541445760624016,11.26415414974668,14.230183713827078,,True,,,,
synthetic-inprior,inprior_0056,CNN n50,50,50,False,0.1437618000054499,26.631923360739606,26.631923360739606,0,0.34283045584561905,18.570682168840627,18.558943902219987,0.31231186408550915,0.03473809157000017,0.15662294418155376,0.004679006802303376,0.34750946264792243,18.293846685195607,17.518919071895795,22.811742739069203,True,,,,
synthetic-inprior,inprior_0056,DNN spectrum n20,20,20,False,0.15484879999712575,44.84883109429618,44.84883109429618,0,0.0,,2.777777786792298,7.607617646340139,0.7176321433915758,3.683220072159623,0.34750946264792243,0.34750946264792243,18.293846685195607,17.518919071895795,22.811742739069203,True,,,,
synthetic-inprior,inprior_0056,DNN classifier n50,50,50,False,0.12615660000301432,38.00680209758688,38.00680209758688,0,1.2268000691806037e-06,24.499999999969372,1.000002471671028,7.622775365749371,0.907290431653347,3.813908592505965,0.34750823584785323,0.34750946264792243,18.293846685195607,17.518919071895795,22.811742739069203,True,,,,
synthetic-inprior,inprior_0056,PFF ensemble,200,6,False,0.6603639999957522,28.02264239134148,28.02264239134148,0,0.18516640933983583,15.360365994822981,11.346305966321758,3.195410303950762,0.17476060239124835,0.7284416752974747,0.1623430533080866,0.34750946264792243,18.293846685195607,17.518919071895795,22.811742739069203,True,15.789515495300293,1.7294035765955016,3.391197443008423,True
synthetic-inprior,inprior_0056,TSVD_NN,100,7,True,0.028806099988287315,26.3389137661818,26.3389137661818,0,0.24489651329786408,23.187989328959052,7.667862956891439,3.1748721229168506,0.5184699561004811,3.2034049847479578,0.10261294935005835,0.34750946264792243,18.293846685195607,17.518919071895795,22.811742739069203,True,,,,
synthetic-inprior,inprior_0056,truth (reference),200,6,False,0.0,26.65831156732461,26.65831156732461,0,0.34750946264792243,18.052953824977145,18.293846685195607,0.0,0.0,0.0,0.0,0.34750946264792243,18.293846685195607,17.518919071895795,,True,,,,
synthetic-inprior,inprior_0057,CNN n50,50,50,False,0.11742409999715164,33.87966795109477,33.87966795109477,0,0.008472983462022592,18.30661699315112,3.963675692687346,0.15287867834418417,0.031190235452733733,0.7238911829834306,0.0013492540518273413,0.007123729410195251,4.127114030664798,15.82534028987824,0.0,False,,,,
synthetic-inprior,inprior_0057,DNN spectrum n20,20,20,False,0.14019430000917055,37.48463089559111,37.48463089559111,0,0.0,,2.7777777777777772,0.7635570144908165,0.22688836458586542,2.7244937555243323,0.007123729410195251,0.007123729410195251,4.127114030664798,15.82534028987824,0.0,False,,,,
synthetic-inprior,inprior_0057,DNN classifier n50,50,50,False,0.1535740999970585,34.72979602545467,34.72979602545467,0,1.2268000691806037e-06,24.499999999969372,1.000002471671028,1.3436947802994392,0.7620805120146525,3.094619776448815,0.0071225026101260705,0.007123729410195251,4.127114030664798,15.82534028987824,0.0,False,,,,
synthetic-inprior,inprior_0057,PFF ensemble,200,6,False,0.6169857000058983,34.098251255945755,34.098251255945755,0,0.007156400428168453,12.005162574551647,4.052387322960597,0.03198142309075558,0.0072832752931988555,0.05622214132139719,3.267101797320253e-05,0.007123729410195251,4.127114030664798,15.82534028987824,0.0,False,,,,
synthetic-inprior,inprior_0057,TSVD_NN,100,7,True,0.036184500000672415,33.43526264542245,33.43526264542245,0,0.007121654260769895,48.5,3.5866445312939312,0.6102170950871252,0.09438086403870044,2.2550141345440964,2.0751494253555894e-06,0.007123729410195251,4.127114030664798,15.82534028987824,0.0,False,,,,
synthetic-inprior,inprior_0057,truth (reference),200,6,False,0.0,34.04361651609731,34.04361651609731,0,0.007123729410195251,12.063556912395681,4.127114030664798,0.0,0.0,0.0,0.0,0.007123729410195251,4.127114030664798,15.82534028987824,,False,,,,
synthetic-inprior,inprior_0058,CNN n50,50,50,False,0.14502310000534635,26.30783239932566,26.30783239932566,0,0.1478101150533196,17.90712748018015,9.736967839130584,0.6732162280848002,0.04320290949193883,1.0157688899417867,0.00701492509116447,0.14079518996215512,9.733962209569741,11.751382090488473,11.544790943024296,True,,,,
synthetic-inprior,inprior_0058,DNN spectrum n20,20,20,False,0.11293940000177827,40.870986573886,40.870986573886,0,0.0,,2.777777777777852,3.543588420239983,0.5354823723479227,2.9905953666611507,0.14079518996215512,0.14079518996215512,9.733962209569741,11.751382090488473,11.544790943024296,True,,,,
synthetic-inprior,inprior_0058,DNN classifier n50,50,50,False,0.14202729999669828,34.44739864723939,34.44739864723939,0,1.2268000691806037e-06,24.499999999969372,1.000002471671028,3.7286360036507253,0.8485500612753034,3.1646747089361282,0.14079396316208595,0.14079518996215512,9.733962209569741,11.751382090488473,11.544790943024296,True,,,,
synthetic-inprior,inprior_0058,PFF ensemble,200,6,False,0.6861562999984017,27.047004261303698,27.047004261303698,0,0.11831525170735378,13.906604338726515,8.273426114525567,0.548816423818068,0.07283148803147194,0.46017239877694854,0.022479938254801338,0.14079518996215512,9.733962209569741,11.751382090488473,11.544790943024296,True,14.200281143188477,2.4488990527000034,3.4466538429260254,True
synthetic-inprior,inprior_0058,TSVD_NN,100,7,True,0.01797719999740366,26.31704522979023,26.31704522979023,0,0.2407455538247673,13.719449332325244,7.173761961472935,0.9693298339650458,0.29411272062428856,2.432675045853148,0.09995036386261219,0.14079518996215512,9.733962209569741,11.751382090488473,11.544790943024296,True,,,,
synthetic-inprior,inprior_0058,truth (reference),200,6,False,0.0,26.78434233830899,26.78434233830899,0,0.14079518996215512,13.865466966118417,9.733962209569741,0.0,0.0,0.0,0.0,0.14079518996215512,9.733962209569741,11.751382090488473,,True,,,,
synthetic-inprior,inprior_0059,CNN n50,50,50,False,0.09988280000106897,35.357768910295675,35.357768910295675,0,0.03323604939904111,18.129523146148845,5.620956886554756,0.7610474916452831,0.08263583087465018,0.9985159059995419,0.022247596751828885,0.010988452647212226,4.508622994830305,11.840436161364558,0.0,False,,,,
synthetic-inprior,inprior_0059,DNN spectrum n20,20,20,False,0.11429880000650883,35.25676361072521,35.25676361072521,0,0.0,,2.777942121526592,2.023103625481782,0.6991128445252249,2.7059722141598788,0.010988452647212226,0.010988452647212226,4.508622994830305,11.840436161364558,0.0,False,,,,
synthetic-inprior,inprior_0059,DNN classifier n50,50,50,False,0.13299980000010692,39.318182694765255,39.318182694765255,0,1.2268000691806037e-06,24.499999999969372,1.000002471671028,1.4804175460439,0.7687493721075119,3.104914887496125,0.010987225847143045,0.010988452647212226,4.508622994830305,11.840436161364558,0.0,False,,,,
synthetic-inprior,inprior_0059,PFF ensemble,200,6,False,0.6054536000010557,36.52476174306613,36.52476174306613,0,0.019143690133790907,12.465127442677039,4.985635757520934,0.25263816459355953,0.03714549081118688,0.2805360371535791,0.008155237486578681,0.010988452647212226,4.508622994830305,11.840436161364558,0.0,False,,,,
synthetic-inprior,inprior_0059,TSVD_NN,100,7,True,0.021452399989357218,34.57968992964208,34.57968992964208,0,0.010376579833962413,49.5,4.592618066312198,1.4012795980615778,0.43764152954836355,2.305859094665441,0.0006118728132498124,0.010988452647212226,4.508622994830305,11.840436161364558,0.0,False,,,,
synthetic-inprior,inprior_0059,truth (reference),200,6,False,0.0,37.27725752099675,37.27725752099675,0,0.010988452647212226,12.254310914952681,4.508622994830305,0.0,0.0,0.0,0.0,0.010988452647212226,4.508622994830305,11.840436161364558,,False,,,,
synthetic-inprior,inprior_0060,CNN n50,50,50,False,0.11472679999133106,34.28061292130224,34.28061292130224,0,0.004114594390089029,19.81820894097649,3.16578661318591,0.13293460124672968,0.038206670697931336,0.6929420168036875,0.0031892199987259835,0.0009253743913630455,2.9786364450678207,14.493678369975292,0.0,False,,,,
synthetic-inprior,inprior_0060,DNN spectrum n20,20,20,False,0.13072130001091864,34.556056703184595,34.556056703184595,0,0.0,,2.7777777777777772,0.3946877895267845,0.22568198861565908,2.6424023734015174,0.0009253743913630455,0.0009253743913630455,2.9786364450678207,14.493678369975292,0.0,False,,,,
synthetic-inprior,inprior_0060,DNN classifier n50,50,50,False,0.12235340000188444,35.39850633479221,35.39850633479221,0,1.2268000691806037e-06,24.499999999969372,1.000002471671028,0.9946685287550491,0.7500071726981022,3.1738335224094762,0.0009241475912938648,0.0009253743913630455,2.9786364450678207,14.493678369975292,0.0,False,,,,
synthetic-inprior,inprior_0060,PFF ensemble,200,6,False,0.6468690000037896,34.300427352546066,34.300427352546066,0,0.0005588320728835051,11.392058392874674,2.7915808735032015,0.09343622208915281,0.024804888080963292,0.20513981896848374,0.00036654231847954035,0.0009253743913630455,2.9786364450678207,14.493678369975292,0.0,False,,,,
synthetic-inprior,inprior_0060,TSVD_NN,100,7,True,0.1737312000041129,33.88051437670964,33.88051437670964,0,0.004674502796607005,47.5,2.250760630487818,0.4849204402237074,0.135892300033243,1.8490511175838489,0.0037491284052439595,0.0009253743913630455,2.9786364450678207,14.493678369975292,0.0,False,,,,
synthetic-inprior,inprior_0060,truth (reference),200,6,False,0.0,34.133391798175225,34.133391798175225,0,0.0009253743913630455,11.489318222504581,2.9786364450678207,0.0,0.0,0.0,0.0,0.0009253743913630455,2.9786364450678207,14.493678369975292,,False,,,,
synthetic-inprior,inprior_0061,CNN n50,50,50,False,0.15340300000389107,29.792779963658994,29.792779963658994,0,0.15453095438667552,17.901256876415268,10.191418926794642,1.0382502083517908,0.09171357533638078,1.2966968158744856,0.029266230809669114,0.1252647235770064,8.554961080316206,17.25427429216608,13.175596454464413,True,,,,
synthetic-inprior,inprior_0061,DNN spectrum n20,20,20,False,0.12650250000297092,44.64351983941624,44.64351983941624,0,6.09723066603092e-38,16.3,2.7777777777842156,3.2868434086879277,0.4865751663967216,2.9310848995389707,0.1252647235770064,0.1252647235770064,8.554961080316206,17.25427429216608,13.175596454464413,True,,,,
synthetic-inprior,inprior_0061,DNN classifier n50,50,50,False,0.13886669999919832,38.41868933458295,38.41868933458295,0,1.2268000691806037e-06,24.499999999969372,1.000002471671028,3.5247676803950427,0.8336519755631789,3.1187778768721293,0.12526349677693724,0.1252647235770064,8.554961080316206,17.25427429216608,13.175596454464413,True,,,,
synthetic-inprior,inprior_0061,PFF ensemble,200,6,False,0.6848289000045042,30.951058995691085,30.951058995691085,0,0.10212601831098786,13.871181710014321,8.207533147335981,0.40810385261481824,0.03969564592276677,0.19075899497792262,0.02313870526601855,0.1252647235770064,8.554961080316206,17.25427429216608,13.175596454464413,True,13.902371406555176,3.3519028856109045,3.4529314041137695,True
synthetic-inprior,inprior_0061,TSVD_NN,100,7,True,0.023760700001730584,29.360062876476075,29.360062876476075,0,0.04295991135632369,47.50000000000001,4.141499866917255,2.7432858692718933,0.5897086920721683,2.7347432363517616,0.08230481222068273,0.1252647235770064,8.554961080316206,17.25427429216608,13.175596454464413,True,,,,
synthetic-inprior,inprior_0061,truth (reference),200,6,False,0.0,30.465300469701358,30.465300469701358,0,0.1252647235770064,15.289728921166043,8.554961080316206,0.0,0.0,0.0,0.0,0.1252647235770064,8.554961080316206,17.25427429216608,,True,,,,
synthetic-inprior,inprior_0062,CNN n50,50,50,False,0.12463409999327268,31.245253289864674,31.245253289864674,0,0.024247610769803016,16.948951761674696,5.249831255143595,0.21370415205755472,0.01852626074583766,0.7672527309303742,0.006454098150753814,0.0177935126190492,5.031075656058796,14.95632371836608,0.0,False,,,,
synthetic-inprior,inprior_0062,DNN spectrum n20,20,20,False,0.14587249999749474,38.26968412581442,38.26968412581442,0,0.0,,2.7777778141746094,1.2155377301318748,0.2985922350562326,2.7963855950576515,0.0177935126190492,0.0177935126190492,5.031075656058796,14.95632371836608,0.0,False,,,,
synthetic-inprior,inprior_0062,DNN classifier n50,50,50,False,0.15155300000333227,34.30876311587513,34.30876311587513,0,1.2268000691806037e-06,24.499999999969372,1.000002471671028,1.6787411287095586,0.7783520017146036,3.1001926975971874,0.01779228581898002,0.0177935126190492,5.031075656058796,14.95632371836608,0.0,False,,,,
synthetic-inprior,inprior_0062,PFF ensemble,200,6,False,0.6461056999978609,31.355281053299922,31.355281053299922,0,0.037041906161845294,13.187542843455573,5.052421949268312,0.1733415306790662,0.02371969923216967,0.2634751723026095,0.019248393542796092,0.0177935126190492,5.031075656058796,14.95632371836608,0.0,False,,,,
synthetic-inprior,inprior_0062,TSVD_NN,100,7,True,0.017757499997969717,30.762631060964445,30.762631060964445,0,0.032708622795975334,24.402724782961,4.212090229178753,0.7856275059656815,0.12809750413513324,2.35227127559532,0.014915110176926132,0.0177935126190492,5.031075656058796,14.95632371836608,0.0,False,,,,
synthetic-inprior,inprior_0062,truth (reference),200,6,False,0.0,31.77718289658619,31.77718289658619,0,0.0177935126190492,12.515533827348408,5.031075656058796,0.0,0.0,0.0,0.0,0.0177935126190492,5.031075656058796,14.95632371836608,,False,,,,
synthetic-inprior,inprior_0063,CNN n50,50,50,False,0.11135139998805244,29.343523091558477,29.343523091558477,0,0.3104775306056701,19.956465388297588,15.44830382496317,2.4339956708996686,0.14954907236549636,0.2027053179542551,0.12273527673843992,0.43321280734411005,23.23516279963704,12.563934920467316,27.054954610443964,True,,,,
synthetic-inprior,inprior_0063,DNN spectrum n20,20,20,False,0.10650700000405777,31.706656716615736,31.706656716615736,0,9.792994357304322e-08,11.299999999999999,2.7777783218444294,6.828239401794246,0.8753699971100677,3.891488300259982,0.43321270941416645,0.43321280734411005,23.23516279963704,12.563934920467316,27.054954610443964,True,,,,
synthetic-inprior,inprior_0063,DNN classifier n50,50,50,False,0.11425729999609757,43.84951003283938,43.84951003283938,0,1.2268000691806037e-06,24.499999999969372,1.000002471671028,9.773822755037719,0.9264629596126579,3.989064861286088,0.43321158054404085,0.43321280734411005,23.23516279963704,12.563934920467316,27.054954610443964,True,,,,
synthetic-inprior,inprior_0063,PFF ensemble,200,6,False,0.628908999991836,31.136647754658007,31.136647754658007,0,0.18576107181284168,15.366760727060955,11.522599941963213,5.34984416927511,0.25835575175949527,0.9530600616422371,0.24745173553126837,0.43321280734411005,23.23516279963704,12.563934920467316,27.054954610443964,True,14.97693920135498,2.413004280887664,3.428985357284546,True
synthetic-inprior,inprior_0063,TSVD_NN,100,7,True,0.030654000001959503,29.281124476275544,29.281124476275544,0,0.46785388535795414,16.874250138722555,7.275212110332216,2.349524253107486,0.58898590268606,3.3590559693378985,0.034641078013844084,0.43321280734411005,23.23516279963704,12.563934920467316,27.054954610443964,True,,,,
synthetic-inprior,inprior_0063,truth (reference),200,6,False,0.0,29.19146551071443,29.19146551071443,0,0.43321280734411005,19.996280853787745,23.23516279963704,0.0,0.0,0.0,0.0,0.43321280734411005,23.23516279963704,12.563934920467316,,True,,,,
synthetic-inprior,inprior_0064,CNN n50,50,50,False,0.11714679999568034,34.1307459115814,34.1307459115814,0,0.07392483249432782,25.399062921357405,5.34871506361213,0.9806739985925259,0.11023471898273243,0.7521457871870086,0.0017276426586966126,0.07219718983563121,4.437334122722309,18.455135187204178,6.663529066372075,True,,,,
synthetic-inprior,inprior_0064,DNN spectrum n20,20,20,False,0.11376710000331514,48.10996216571921,48.10996216571921,0,0.0,,2.777777777777832,1.7390489602239925,0.25909611167880553,3.4038954465122697,0.07219718983563121,0.07219718983563121,4.437334122722309,18.455135187204178,6.663529066372075,True,,,,
synthetic-inprior,inprior_0064,DNN classifier n50,50,50,False,0.12383070000214502,42.116805401091284,42.116805401091284,0,1.2268000691806037e-06,24.499999999969372,1.000002471671028,2.306378080101412,0.7754093306631329,3.714428217976151,0.07219596303556203,0.07219718983563121,4.437334122722309,18.455135187204178,6.663529066372075,True,,,,
synthetic-inprior,inprior_0064,PFF ensemble,200,6,False,0.6617383999982849,37.0713521137533,37.0713521137533,0,0.056416566176671436,14.39143479469558,5.5205296195003175,0.6838535285405599,0.12657717410883967,0.7076990095303277,0.015780623658959776,0.07219718983563121,4.437334122722309,18.455135187204178,6.663529066372075,True,15.469171524047852,2.985963663156326,3.4955875873565674,True
synthetic-inprior,inprior_0064,TSVD_NN,100,7,True,0.06556319999799598,32.80150820465317,32.80150820465317,0,0.04438293116305865,48.50238899513045,4.343101023653736,1.8244819535313819,0.1696148511185342,3.0132817417834734,0.02781425867257256,0.07219718983563121,4.437334122722309,18.455135187204178,6.663529066372075,True,,,,
synthetic-inprior,inprior_0064,truth (reference),200,6,False,0.0,36.205980642988564,36.205980642988564,0,0.07219718983563121,17.84223142227837,4.437334122722309,0.0,0.0,0.0,0.0,0.07219718983563121,4.437334122722309,18.455135187204178,,True,,,,
synthetic-inprior,inprior_0065,CNN n50,50,50,False,0.12997989999712445,29.023382031050236,29.023382031050236,0,0.09666425359600293,16.6379253835752,8.778968340935533,1.4617764913974935,0.21255834064896167,0.9264545168468064,0.03089303321881101,0.06577122037719192,5.457954538691724,19.74669560360018,7.839344847769325,True,,,,
synthetic-inprior,inprior_0065,DNN spectrum n20,20,20,False,0.11739159999706317,39.89689380550797,39.89689380550797,0,0.0,,2.7777778184768978,2.0316447203574963,0.3273682121606587,3.2888814693553523,0.06577122037719192,0.06577122037719192,5.457954538691724,19.74669560360018,7.839344847769325,True,,,,
synthetic-inprior,inprior_0065,DNN classifier n50,50,50,False,0.1588140999956522,34.33447450709931,34.33447450709931,0,1.2268000691806037e-06,24.499999999969372,1.000002471671028,2.473071613483996,0.7884905570847862,3.555990559943189,0.06576999357712274,0.06577122037719192,5.457954538691724,19.74669560360018,7.839344847769325,True,,,,
synthetic-inprior,inprior_0065,PFF ensemble,200,6,False,0.3295395000022836,29.718570545673394,29.718570545673394,0,0.07415171559816963,13.730243504778985,6.299127542320759,0.5817769846727449,0.09234340085097152,0.7242195133793667,0.00838049522097771,0.06577122037719192,5.457954538691724,19.74669560360018,7.839344847769325,True,14.358306884765625,5.388388718834555,3.520336151123047,False
synthetic-inprior,inprior_0065,TSVD_NN,100,7,True,0.02646649999951478,28.63130547780722,28.63130547780722,0,0.05351792215942513,28.042345211918313,5.474462169754893,0.9912299321041504,0.2398504099552107,3.169969163899742,0.012253298217766793,0.06577122037719192,5.457954538691724,19.74669560360018,7.839344847769325,True,,,,
synthetic-inprior,inprior_0065,truth (reference),200,6,False,0.0,29.301511765281873,29.301511765281873,0,0.06577122037719192,17.95665408002091,5.457954538691724,0.0,0.0,0.0,0.0,0.06577122037719192,5.457954538691724,19.74669560360018,,True,,,,
synthetic-inprior,inprior_0066,CNN n50,50,50,False,0.05355900000722613,34.60628292112449,34.60628292112449,0,0.02575328507442298,20.260873949379267,4.663279679950124,0.3995784712580653,0.05003491949848573,0.9245824178911044,0.00703698088217657,0.01871630419224641,5.093328696202725,11.234792312483025,0.0,False,,,,
synthetic-inprior,inprior_0066,DNN spectrum n20,20,20,False,0.061405300002661534,40.89112031475608,40.89112031475608,0,0.0,,2.777777777778055,1.2466642449649183,0.3031559119051169,2.8149698976737527,0.01871630419224641,0.01871630419224641,5.093328696202725,11.234792312483025,0.0,False,,,,
synthetic-inprior,inprior_0066,DNN classifier n50,50,50,False,0.047786099996301346,37.058659293192235,37.058659293192235,0,1.2268000691806037e-06,24.499999999969372,1.000002471671028,1.703091660322633,0.7795044456043184,3.1166781115666384,0.01871507739217723,0.01871630419224641,5.093328696202725,11.234792312483025,0.0,False,,,,
synthetic-inprior,inprior_0066,PFF ensemble,200,6,False,0.23647360000177287,36.2309519853172,36.2309519853172,0,0.00860430841188197,12.183097679357266,4.2429040127321045,0.42189462798910937,0.06876510305734608,0.49397708603281815,0.01011199578036444,0.01871630419224641,5.093328696202725,11.234792312483025,0.0,False,,,,
synthetic-inprior,inprior_0066,TSVD_NN,100,7,True,0.03413610000279732,33.083045990687985,33.083045990687985,0,0.021232227829570533,48.36000362123933,2.844223817218388,1.7914850760993304,0.23492461011721358,2.5348992466647466,0.002515923637324124,0.01871630419224641,5.093328696202725,11.234792312483025,0.0,False,,,,
synthetic-inprior,inprior_0066,truth (reference),200,6,False,0.0,35.42306631296391,35.42306631296391,0,0.01871630419224641,12.546659451391355,5.093328696202725,0.0,0.0,0.0,0.0,0.01871630419224641,5.093328696202725,11.234792312483025,,False,,,,
synthetic-inprior,inprior_0067,CNN n50,50,50,False,0.051116800008458085,33.22849951428108,33.22849951428108,0,0.02176784035688562,17.699627955291888,4.708200008518052,0.547618410788886,0.08878951508811471,0.8168510015577358,0.008985178142848865,0.030753018499734483,5.802123195894347,15.77184614436273,0.0,False,,,,
synthetic-inprior,inprior_0067,DNN spectrum n20,20,20,False,0.05432239999936428,39.876912576758684,39.876912576758684,0,0.0,,2.7777783914140493,1.6010600839762177,0.3518570790708703,2.803550542289576,0.030753018499734483,0.030753018499734483,5.802123195894347,15.77184614436273,0.0,False,,,,
synthetic-inprior,inprior_0067,DNN classifier n50,50,50,False,0.05164639999566134,36.282007914021406,36.282007914021406,0,1.2268000691806037e-06,24.499999999969372,1.000002471671028,1.9890838293306572,0.7924241179076127,3.064340882380841,0.030751791699665302,0.030753018499734483,5.802123195894347,15.77184614436273,0.0,False,,,,
synthetic-inprior,inprior_0067,PFF ensemble,200,6,False,0.24156529999163467,33.59401447898761,33.59401447898761,0,0.021086297405806954,12.480811264660524,4.801085932738307,0.4532824260460103,0.0705562219265123,0.5236001548131043,0.009666721093927529,0.030753018499734483,5.802123195894347,15.77184614436273,0.0,False,,,,
synthetic-inprior,inprior_0067,TSVD_NN,100,7,True,0.005109199992148206,32.2295280196785,32.2295280196785,0,0.012234556526479284,47.5,2.083497041865494,1.5508038097014336,0.6148283534663209,2.6845858193606063,0.0185184619732552,0.030753018499734483,5.802123195894347,15.77184614436273,0.0,False,,,,
synthetic-inprior,inprior_0067,truth (reference),200,6,False,0.0,33.120807580574066,33.120807580574066,0,0.030753018499734483,12.90102597980687,5.802123195894347,0.0,0.0,0.0,0.0,0.030753018499734483,5.802123195894347,15.77184614436273,,False,,,,
synthetic-inprior,inprior_0068,CNN n50,50,50,False,0.04690440000558738,31.879952240742842,31.879952240742842,0,0.21356519951898156,20.714658166021618,13.386788226156499,3.5539671213416106,0.3872533532256896,1.0266621143657813,0.09232771757092478,0.12123748194805678,5.131843994050436,18.28556001611932,9.10711736196453,True,,,,
synthetic-inprior,inprior_0068,DNN spectrum n20,20,20,False,0.04569759999867529,45.82346523372639,45.82346523372639,0,0.0,,2.7777777777784602,2.5856106788333575,0.3119787324700956,3.4781342628058933,0.12123748194805678,0.12123748194805678,5.131843994050436,18.28556001611932,9.10711736196453,True,,,,
synthetic-inprior,inprior_0068,DNN classifier n50,50,50,False,0.04772740000043996,39.80960813781167,39.80960813781167,0,1.2268000691806037e-06,24.499999999969372,1.000002471671028,3.0882741042176916,0.7904113922476195,3.768543126861841,0.1212362551479876,0.12123748194805678,5.131843994050436,18.28556001611932,9.10711736196453,True,,,,
synthetic-inprior,inprior_0068,PFF ensemble,200,6,False,0.23892019999038894,34.07143309458225,34.07143309458225,0,0.07887676124256189,14.158799937364737,6.271903801458506,0.9896175386017545,0.1576531841137571,0.7241159841968143,0.04236072070549489,0.12123748194805678,5.131843994050436,18.28556001611932,9.10711736196453,True,15.004846572875977,3.280713443243343,3.538041114807129,True
synthetic-inprior,inprior_0068,TSVD_NN,100,7,True,0.006832300001406111,30.914149273630734,30.914149273630734,0,0.04642991090275024,49.49999087847671,4.303638212962228,2.6525129236559857,0.2614524703746826,3.2262760880255508,0.07480757104530654,0.12123748194805678,5.131843994050436,18.28556001611932,9.10711736196453,True,,,,
synthetic-inprior,inprior_0068,truth (reference),200,6,False,0.0,32.72448615532167,32.72448615532167,0,0.12123748194805678,17.789559424731983,5.131843994050436,0.0,0.0,0.0,0.0,0.12123748194805678,5.131843994050436,18.28556001611932,,True,,,,
synthetic-inprior,inprior_0069,CNN n50,50,50,False,0.04830510000465438,28.857251331375718,28.857251331375718,0,0.234419915005031,18.80416597885118,13.528612573233119,2.7069773676641162,0.27896833597455223,1.243144691576218,0.07399899358053702,0.160420921424494,6.8201399385106685,16.724088613477075,24.37893138630983,True,,,,
synthetic-inprior,inprior_0069,DNN spectrum n20,20,20,False,0.04603069998847786,44.97493323548629,44.97493323548629,0,0.0,,2.7777777777777772,3.2773239691904976,0.4040863700149646,3.3957839033618105,0.160420921424494,0.160420921424494,6.8201399385106685,16.724088613477075,24.37893138630983,True,,,,
synthetic-inprior,inprior_0069,DNN classifier n50,50,50,False,0.04723699999158271,38.55970301332492,38.55970301332492,0,1.2268000691806037e-06,24.499999999969372,1.000002471671028,3.645697868367108,0.8131706329928371,3.6428921602356867,0.16041969462442482,0.160420921424494,6.8201399385106685,16.724088613477075,24.37893138630983,True,,,,
synthetic-inprior,inprior_0069,PFF ensemble,200,6,False,0.2357276999973692,30.19648908341693,30.19648908341693,0,0.13003747334169494,14.485508934570413,9.330906011879462,1.0754878898340383,0.18340185132245673,0.8755946428035601,0.030383448082799053,0.160420921424494,6.8201399385106685,16.724088613477075,24.37893138630983,True,14.839322090148926,1.8847665233281496,3.409642457962036,True
synthetic-inprior,inprior_0069,TSVD_NN,100,7,True,0.003857700008666143,28.510756291072187,28.510756291072187,0,0.05158152253715254,47.696410324439356,3.2540841467769868,3.0610968914859753,0.5796899002042,3.199344961544746,0.10883939888734145,0.160420921424494,6.8201399385106685,16.724088613477075,24.37893138630983,True,,,,
synthetic-inprior,inprior_0069,truth (reference),200,6,False,0.0,29.678582441850217,29.678582441850217,0,0.160420921424494,16.15246316599757,6.8201399385106685,0.0,0.0,0.0,0.0,0.160420921424494,6.8201399385106685,16.724088613477075,,True,,,,
synthetic-inprior,inprior_0070,CNN n50,50,50,False,0.04826090000278782,31.903781243833254,31.903781243833254,0,0.03663135805745941,18.65788371142101,5.549752611724081,0.4113486679492364,0.04683261341038858,0.9669176375125268,0.0005269402511401677,0.03610441780631924,6.07692223043616,15.887141417169516,0.0,False,,,,
synthetic-inprior,inprior_0070,DNN spectrum n20,20,20,False,0.04564510000636801,40.62214894377286,40.62214894377286,0,0.0,,2.7777777777777812,1.73845842059466,0.3692055932843959,2.8326815227070226,0.03610441780631924,0.03610441780631924,6.07692223043616,15.887141417169516,0.0,False,,,,
synthetic-inprior,inprior_0070,DNN classifier n50,50,50,False,0.050872200008598156,35.72027832807422,35.72027832807422,0,1.2268000691806037e-06,24.499999999969372,1.000002471671028,2.103647629194674,0.7972577291829139,3.0834451953517203,0.03610319100625006,0.03610441780631924,6.07692223043616,15.887141417169516,0.0,False,,,,
synthetic-inprior,inprior_0070,PFF ensemble,200,6,False,0.23785819999466185,32.64372317087504,32.64372317087504,0,0.03095171625465699,12.919749301702183,5.491568736184633,0.250396418866811,0.038963705081028324,0.3069570535519637,0.00515270155166225,0.03610441780631924,6.07692223043616,15.887141417169516,0.0,False,,,,
synthetic-inprior,inprior_0070,TSVD_NN,100,7,True,0.0068429999955696985,31.01715111833484,31.01715111833484,0,0.019293314811781495,47.5,4.633803319156599,1.2864933619843602,0.26808429752272195,2.480959938326674,0.016811102994537745,0.03610441780631924,6.07692223043616,15.887141417169516,0.0,False,,,,
synthetic-inprior,inprior_0070,truth (reference),200,6,False,0.0,32.37475724605088,32.37475724605088,0,0.03610441780631924,13.038393519955937,6.07692223043616,0.0,0.0,0.0,0.0,0.03610441780631924,6.07692223043616,15.887141417169516,,False,,,,
synthetic-inprior,inprior_0071,CNN n50,50,50,False,0.04909190000034869,30.29484629688761,30.29484629688761,0,0.384385605276931,23.821532879661714,21.174919686534086,1.382671760291665,0.12719442649852508,0.12462395457792547,0.0931600102460532,0.4775456155229842,26.47454389834316,12.383371293193797,15.376176584305426,True,,,,
synthetic-inprior,inprior_0071,DNN spectrum n20,20,20,False,0.04556650000449736,54.013347002596355,54.013347002596355,0,0.0,,2.7777777807170736,11.21616278934292,0.8029220443955944,3.943260465354463,0.4775456155229842,0.4775456155229842,26.47454389834316,12.383371293193797,15.376176584305426,True,,,,
synthetic-inprior,inprior_0071,DNN classifier n50,50,50,False,0.04595819998939987,46.75427094394998,46.75427094394998,0,1.2268000691806037e-06,24.499999999969372,1.000002471671028,11.158019872104155,0.9345711617136448,4.057358824083538,0.477544388722915,0.4775456155229842,26.47454389834316,12.383371293193797,15.376176584305426,True,,,,
synthetic-inprior,inprior_0071,PFF ensemble,200,6,False,0.22944189999543596,31.0380338763694,31.0380338763694,0,0.4016868104329908,19.758708682802432,21.67853758767903,2.0352018311890916,0.0758588050899935,0.16890365993274173,0.07585880508999338,0.4775456155229842,26.47454389834316,12.383371293193797,15.376176584305426,True,15.452804565429688,3.069433272235891,3.4173569679260254,True
synthetic-inprior,inprior_0071,TSVD_NN,100,7,True,0.08915020000131335,29.220852372546283,29.220852372546283,0,0.13037120743452404,47.75044144827147,2.2523232852988393,7.548846406444381,0.7842892682645713,3.725507062413578,0.3471744080884601,0.4775456155229842,26.47454389834316,12.383371293193797,15.376176584305426,True,,,,
synthetic-inprior,inprior_0071,truth (reference),200,6,False,0.0,30.490484305527733,30.490484305527733,0,0.4775456155229842,21.363063556337117,26.47454389834316,0.0,0.0,0.0,0.0,0.4775456155229842,26.47454389834316,12.383371293193797,,True,,,,
synthetic-inprior,inprior_0072,CNN n50,50,50,False,0.04757900000549853,33.871962057636374,33.871962057636374,0,0.18331870123672667,19.961271993453327,10.749631831825281,1.330274045636195,0.09068959370617821,1.2137576778925168,0.03408499955865493,0.2174037007953816,11.097313168967641,13.414498047542871,21.107048020496535,True,,,,
synthetic-inprior,inprior_0072,DNN spectrum n20,20,20,False,0.0448191999894334,48.14913541804882,48.14913541804882,0,0.0,,2.9765993534424884,4.235161939538939,0.5422693390847043,2.8659907799167272,0.2174037007953816,0.2174037007953816,11.097313168967641,13.414498047542871,21.107048020496535,True,,,,
synthetic-inprior,inprior_0072,DNN classifier n50,50,50,False,0.04636529998970218,43.78011145986917,43.78011145986917,0,1.2268000691806037e-06,24.499999999969372,1.000002471671028,4.489755227962769,0.8626568580090045,3.19503185109808,0.21740247399531243,0.2174037007953816,11.097313168967641,13.414498047542871,21.107048020496535,True,,,,
synthetic-inprior,inprior_0072,PFF ensemble,200,6,False,0.24183120000816416,35.52951965128274,35.52951965128274,0,0.11648602882578,14.453452613229363,7.415964653426852,1.513019758773402,0.15559742114198644,0.7946049440728018,0.1009176719696016,0.2174037007953816,11.097313168967641,13.414498047542871,21.107048020496535,True,15.258232116699219,1.8437340691563477,3.666156053543091,True
synthetic-inprior,inprior_0072,TSVD_NN,100,7,True,0.011234499994316138,33.72652331110182,33.72652331110182,0,0.34809336087764,14.715323929861153,3.0557786758248677,2.2874784087843705,0.5962485317443026,2.662898796994864,0.13068966008225838,0.2174037007953816,11.097313168967641,13.414498047542871,21.107048020496535,True,,,,
synthetic-inprior,inprior_0072,truth (reference),200,6,False,0.0,34.592137617807055,34.592137617807055,0,0.2174037007953816,13.860650621709194,11.097313168967641,0.0,0.0,0.0,0.0,0.2174037007953816,11.097313168967641,13.414498047542871,,True,,,,
synthetic-inprior,inprior_0073,CNN n50,50,50,False,0.048801700002513826,29.74508647110248,29.74508647110248,0,0.25884937361012816,19.08221635317885,14.040940234270515,2.783185342012651,0.30225992586364814,1.5102298914381234,0.16987233288482362,0.4287217064949518,12.810111449256818,16.938493438805974,5.715094864247753,True,,,,
synthetic-inprior,inprior_0073,DNN spectrum n20,20,20,False,0.04824400000507012,29.844704099479696,29.844704099479696,0,0.4047281015268971,16.30000000083269,5.372644993223899,1.7168334258439988,0.6242351478954838,2.8702615157346707,0.023993604968054694,0.4287217064949518,12.810111449256818,16.938493438805974,5.715094864247753,True,,,,
synthetic-inprior,inprior_0073,DNN classifier n50,50,50,False,0.04561539999849629,42.96737302002177,42.96737302002177,0,1.2268000691806037e-06,24.499999999969372,1.000002471671028,7.490073581455858,0.8867925273549626,3.4821029925851477,0.4287204796948826,0.4287217064949518,12.810111449256818,16.938493438805974,5.715094864247753,True,,,,
synthetic-inprior,inprior_0073,PFF ensemble,200,6,False,0.2524629000108689,31.270263321538096,31.270263321538096,0,0.1650840396797654,14.890396503498058,10.640741369972368,3.4106199121276948,0.29725443982298383,1.003986017386811,0.2636376668151864,0.4287217064949518,12.810111449256818,16.938493438805974,5.715094864247753,True,14.538650512695312,2.3998429261106615,3.414827823638916,True
synthetic-inprior,inprior_0073,TSVD_NN,100,7,True,0.012214400005177595,29.447542013983387,29.447542013983387,0,0.1718671114132859,23.544504523029385,6.342399517194386,5.206012098422195,0.7147790772538973,2.9226587579893852,0.25685459508166586,0.4287217064949518,12.810111449256818,16.938493438805974,5.715094864247753,True,,,,
synthetic-inprior,inprior_0073,truth (reference),200,6,False,0.0,29.950579631569745,29.950579631569745,0,0.4287217064949518,16.531984944027553,12.810111449256818,0.0,0.0,0.0,0.0,0.4287217064949518,12.810111449256818,16.938493438805974,,True,,,,
synthetic-inprior,inprior_0074,CNN n50,50,50,False,0.060358199989423156,32.07271077433951,32.07271077433951,0,0.02718499084529957,18.767339315775477,5.234547738101881,1.0106633765889197,0.1447805170240181,1.1429105747240318,0.02404485212452565,0.0031401387207739217,3.565651192954783,14.178946171205588,0.0,False,,,,
synthetic-inprior,inprior_0074,DNN spectrum n20,20,20,False,0.05074030000832863,36.79178244270143,36.79178244270143,0,0.0,,2.777779239250821,0.5589323486079135,0.21550702742457498,2.7027379277590606,0.0031401387207739217,0.0031401387207739217,3.565651192954783,14.178946171205588,0.0,False,,,,
synthetic-inprior,inprior_0074,DNN classifier n50,50,50,False,0.04705519998969976,33.575360885321814,33.575360885321814,0,1.2268000691806037e-06,24.499999999969372,1.000002471671028,1.1589050837303376,0.7538369151199831,3.1385751705224263,0.003138911920704741,0.0031401387207739217,3.565651192954783,14.178946171205588,0.0,False,,,,
synthetic-inprior,inprior_0074,PFF ensemble,200,6,False,0.23345270000572782,32.73974230466976,32.73974230466976,0,0.008584515165978534,12.114254539303657,4.244388975069272,0.3422956322801401,0.06685087356053579,0.4890884042382164,0.005444376445204612,0.0031401387207739217,3.565651192954783,14.178946171205588,0.0,False,,,,
synthetic-inprior,inprior_0074,TSVD_NN,100,7,True,0.006309299991698936,31.98900589914633,31.98900589914633,0,0.008114499853243185,47.66038033757279,4.047005191013492,0.5751517432160168,0.1352195281410438,2.1204025902690997,0.004974361132469263,0.0031401387207739217,3.565651192954783,14.178946171205588,0.0,False,,,,
synthetic-inprior,inprior_0074,truth (reference),200,6,False,0.0,33.84259201803125,33.84259201803125,0,0.0031401387207739217,11.782825592589324,3.565651192954783,0.0,0.0,0.0,0.0,0.0031401387207739217,3.565651192954783,14.178946171205588,,False,,,,
synthetic-inprior,inprior_0075,CNN n50,50,50,False,0.05344419999164529,38.124619902388304,38.124619902388304,0,0.2029473028209431,19.194006539529543,11.98764749031578,3.336681538284479,0.3196215396599762,1.4808806085310289,0.08626720467222362,0.11668009814871946,5.050819226571954,14.222480295196807,13.672833000882012,True,,,,
synthetic-inprior,inprior_0075,DNN spectrum n20,20,20,False,0.04691429999365937,57.4622179991683,57.4622179991683,0,0.0,,2.7777777777778145,2.073597329922836,0.3073832725733527,3.2729248480005175,0.11668009814871946,0.11668009814871946,5.050819226571954,14.222480295196807,13.672833000882012,True,,,,
synthetic-inprior,inprior_0075,DNN classifier n50,50,50,False,0.053943599996273406,50.594957514595315,50.594957514595315,0,1.2268000691806037e-06,24.499999999969372,1.000002471671028,2.583496579590577,0.7894516990905481,3.5930665012331002,0.11667887134865028,0.11668009814871946,5.050819226571954,14.222480295196807,13.672833000882012,True,,,,
synthetic-inprior,inprior_0075,PFF ensemble,200,6,False,0.22789720000582747,41.23036341219128,41.23036341219128,0,0.11369127173485363,14.495616800531312,7.159841026115096,0.7046213735453856,0.14717325131819065,0.8448643675079576,0.0029888264138658305,0.11668009814871946,5.050819226571954,14.222480295196807,13.672833000882012,True,15.28991985321045,1.0674395580136427,3.5283007621765137,True
synthetic-inprior,inprior_0075,TSVD_NN,100,7,True,0.006371600000420585,35.989491714937024,35.989491714937024,0,0.08079651302739417,48.88553650326162,6.248292321571665,4.070200812159136,0.5075274315708672,2.7479650730894867,0.03588358512132529,0.11668009814871946,5.050819226571954,14.222480295196807,13.672833000882012,True,,,,
synthetic-inprior,inprior_0075,truth (reference),200,6,False,0.0,42.18798591552442,42.18798591552442,0,0.11668009814871946,14.019477434688437,5.050819226571954,0.0,0.0,0.0,0.0,0.11668009814871946,5.050819226571954,14.222480295196807,,True,,,,
synthetic-inprior,inprior_0076,CNN n50,50,50,False,0.04609510001318995,31.665482945764722,31.665482945764722,0,0.07599808860639751,18.54249148167113,7.124757237062533,1.6192774791684346,0.12982591613705668,0.9599814292931076,0.0890542469634921,0.1650523355698896,9.998465557363826,16.577314052669585,9.890202397898976,True,,,,
synthetic-inprior,inprior_0076,DNN spectrum n20,20,20,False,0.04504569999699015,45.866314702811934,45.866314702811934,0,0.0,,2.7777777777853396,3.9264196434858896,0.5380252372457757,3.028876031553532,0.1650523355698896,0.1650523355698896,9.998465557363826,16.577314052669585,9.890202397898976,True,,,,
synthetic-inprior,inprior_0076,DNN classifier n50,50,50,False,0.048510099994018674,39.20955008859567,39.20955008859567,0,1.2268000691806037e-06,24.499999999969372,1.000002471671028,4.111467331587498,0.8497053080042059,3.2007300671327843,0.16505110876982043,0.1650523355698896,9.998465557363826,16.577314052669585,9.890202397898976,True,,,,
synthetic-inprior,inprior_0076,PFF ensemble,200,6,False,0.2385480000084499,32.66501247039233,32.66501247039233,0,0.08079168292064927,13.934827359122913,7.040613892730929,1.5278066901913225,0.12431302123514923,0.7422614059703363,0.08426065264924033,0.1650523355698896,9.998465557363826,16.577314052669585,9.890202397898976,True,14.871376037597656,1.7059380150719292,3.493060350418091,True
synthetic-inprior,inprior_0076,TSVD_NN,100,7,True,0.003756899997824803,30.122004014565956,30.122004014565956,0,0.0340358908934351,49.37038337456985,5.092274180290377,3.1020549314433854,0.45341092840479374,2.874407963187975,0.1310164446764545,0.1650523355698896,9.998465557363826,16.577314052669585,9.890202397898976,True,,,,
synthetic-inprior,inprior_0076,truth (reference),200,6,False,0.0,31.53719832808106,31.53719832808106,0,0.1650523355698896,15.166640297531172,9.998465557363826,0.0,0.0,0.0,0.0,0.1650523355698896,9.998465557363826,16.577314052669585,,True,,,,
synthetic-inprior,inprior_0077,CNN n50,50,50,False,0.04823939999914728,27.905588713032472,27.905588713032472,0,0.07805504264370026,18.92364022305086,6.38571349092035,0.789405887434136,0.050278536878444614,1.193462613622669,0.038711870503494075,0.03934317214020619,6.235386358183483,14.386228426166923,0.0,False,,,,
synthetic-inprior,inprior_0077,DNN spectrum n20,20,20,False,0.046611900004791096,37.1466037086822,37.1466037086822,0,0.0,,2.777777777779744,1.8176890536058634,0.37884455064813943,2.832796745464868,0.03934317214020619,0.03934317214020619,6.235386358183483,14.386228426166923,0.0,False,,,,
synthetic-inprior,inprior_0077,DNN classifier n50,50,50,False,0.04620719999365974,32.311280900253216,32.311280900253216,0,1.2268000691806037e-06,24.499999999969372,1.000002471671028,2.170499270950769,0.7999871215274185,3.076792929245723,0.03934194534013701,0.03934317214020619,6.235386358183483,14.386228426166923,0.0,False,,,,
synthetic-inprior,inprior_0077,PFF ensemble,200,6,False,0.24312990000180434,28.513336153457026,28.513336153457026,0,0.06232359432657443,14.531427030523602,6.042032625137017,0.28436083253521294,0.04495935531461624,0.3481286059778568,0.02298042218636824,0.03934317214020619,6.235386358183483,14.386228426166923,0.0,False,,,,
synthetic-inprior,inprior_0077,TSVD_NN,100,7,True,0.012416199999279343,27.093353119928654,27.093353119928654,0,0.03423757352532827,39.747747081558515,2.407619189942071,2.055305699441332,0.41545065288711497,2.3837131725575933,0.005105598614877922,0.03934317214020619,6.235386358183483,14.386228426166923,0.0,False,,,,
synthetic-inprior,inprior_0077,truth (reference),200,6,False,0.0,29.018536285125716,29.018536285125716,0,0.03934317214020619,13.117597927817421,6.235386358183483,0.0,0.0,0.0,0.0,0.03934317214020619,6.235386358183483,14.386228426166923,,False,,,,
synthetic-inprior,inprior_0078,CNN n50,50,50,False,0.06901620001008268,37.116661115939756,37.116661115939756,0,0.021631315856675548,16.844088879134176,4.964688561110417,0.2140698923061095,0.0323639389281168,0.7351416491677627,2.503471392523507e-05,0.021606281142750313,5.279191991765898,14.049809542472545,0.0,False,,,,
synthetic-inprior,inprior_0078,DNN spectrum n20,20,20,False,0.0528900000063004,45.03255668479934,45.03255668479934,0,0.0,,2.7777777777777812,1.3395957853062943,0.31650023019705326,2.7837057159592824,0.021606281142750313,0.021606281142750313,5.279191991765898,14.049809542472545,0.0,False,,,,
synthetic-inprior,inprior_0078,DNN classifier n50,50,50,False,0.05509319998964202,40.092336495670246,40.092336495670246,0,1.2268000691806037e-06,24.499999999969372,1.000002471671028,1.776592194952778,0.7829365425726701,3.0705599244082835,0.021605054342681132,0.021606281142750313,5.279191991765898,14.049809542472545,0.0,False,,,,
synthetic-inprior,inprior_0078,PFF ensemble,200,6,False,0.27480759999889415,38.26127967544232,38.26127967544232,0,0.0143747849794305,12.350142639588146,4.568356337630451,0.33547283055772364,0.05433569743981231,0.39690935620146967,0.007231496163319813,0.021606281142750313,5.279191991765898,14.049809542472545,0.0,False,,,,
synthetic-inprior,inprior_0078,TSVD_NN,100,7,True,0.006149000008008443,35.48357344770457,35.48357344770457,0,0.01794672153812054,49.5,5.574950848631307,1.1615388094354047,0.21499435192954636,2.258898133541725,0.003659559604629773,0.021606281142750313,5.279191991765898,14.049809542472545,0.0,False,,,,
synthetic-inprior,inprior_0078,truth (reference),200,6,False,0.0,37.398242569048115,37.398242569048115,0,0.021606281142750313,12.63958730347005,5.279191991765898,0.0,0.0,0.0,0.0,0.021606281142750313,5.279191991765898,14.049809542472545,,False,,,,
synthetic-inprior,inprior_0079,CNN n50,50,50,False,0.048097999999299645,30.219305199909837,30.219305199909837,0,0.029928048000713754,17.72152384188749,5.23644974665492,0.6442265777096967,0.08868632921681927,0.9442387459577258,0.014459382406412556,0.04438743040712631,6.472795095039869,15.202487672662302,0.0,False,,,,
synthetic-inprior,inprior_0079,DNN spectrum n20,20,20,False,0.04679950000718236,34.87201464942436,34.87201464942436,0,4.685122870634951e-37,18.7,2.855310903208797,1.8991544366936477,0.3803943613831172,2.60638709897963,0.04438743040712631,0.04438743040712631,6.472795095039869,15.202487672662302,0.0,False,,,,
synthetic-inprior,inprior_0079,DNN classifier n50,50,50,False,0.04551599999831524,32.211382454151696,32.211382454151696,0,1.2268000691806037e-06,24.499999999969372,1.000002471671028,2.271636701613072,0.8039911111920699,3.0481741534497133,0.04438620360705713,0.04438743040712631,6.472795095039869,15.202487672662302,0.0,False,,,,
synthetic-inprior,inprior_0079,PFF ensemble,200,6,False,0.23028819999308325,30.4889408998889,30.4889408998889,0,0.02256680447242659,12.538061097058902,4.673922360946326,0.8287617635666454,0.12091613234485604,0.8245764035379596,0.02182062593469972,0.04438743040712631,6.472795095039869,15.202487672662302,0.0,False,,,,
synthetic-inprior,inprior_0079,TSVD_NN,100,7,True,0.00550199999997858,30.008580087723406,30.008580087723406,0,0.06197699279414437,12.73478531950709,2.878428945200509,1.220006960030187,0.3462949065087923,1.9093254205113042,0.01758956238701806,0.04438743040712631,6.472795095039869,15.202487672662302,0.0,False,,,,
synthetic-inprior,inprior_0079,truth (reference),200,6,False,0.0,30.39422802149727,30.39422802149727,0,0.04438743040712631,13.236243385481107,6.472795095039869,0.0,0.0,0.0,0.0,0.04438743040712631,6.472795095039869,15.202487672662302,,False,,,,
synthetic-inprior,inprior_0080,CNN n50,50,50,False,0.0470251999940956,31.214340340095085,31.214340340095085,0,0.017048964710605546,17.7552674395414,4.6092835897916995,0.18156740447062586,0.021533804680870683,0.8566399815099335,0.00670786409888624,0.010341100611719306,4.4507379512674365,15.708994005891723,0.0,False,,,,
synthetic-inprior,inprior_0080,DNN spectrum n20,20,20,False,0.04508199999690987,38.34579762492583,38.34579762492583,0,0.0,,2.7779401071458447,0.9252900801911116,0.253702658072455,2.6213295722833387,0.010341100611719306,0.010341100611719306,4.4507379512674365,15.708994005891723,0.0,False,,,,
synthetic-inprior,inprior_0080,DNN classifier n50,50,50,False,0.04572730000654701,33.04430658053796,33.04430658053796,0,1.2268000691806037e-06,24.499999999969372,1.000002471671028,1.4591863333287414,0.7677083068380506,3.0873513771910193,0.010339873811650125,0.010341100611719306,4.4507379512674365,15.708994005891723,0.0,False,,,,
synthetic-inprior,inprior_0080,PFF ensemble,200,6,False,0.25074109999695793,31.285070197276063,31.285070197276063,0,0.020200233727237515,12.56553012663034,5.119722079509799,0.34202670477945585,0.05211480912965047,0.3923115076644673,0.009859133115518209,0.010341100611719306,4.4507379512674365,15.708994005891723,0.0,False,,,,
synthetic-inprior,inprior_0080,TSVD_NN,100,7,True,0.008859699999447912,29.29074070976652,29.29074070976652,0,0.012494647614948529,49.480764155960465,5.18392438078073,1.4555220139940963,0.3714534121605697,2.2806548775329114,0.002153547003229223,0.010341100611719306,4.4507379512674365,15.708994005891723,0.0,False,,,,
synthetic-inprior,inprior_0080,truth (reference),200,6,False,0.0,32.12545693927378,32.12545693927378,0,0.010341100611719306,12.225368518727503,4.4507379512674365,0.0,0.0,0.0,0.0,0.010341100611719306,4.4507379512674365,15.708994005891723,,False,,,,
synthetic-inprior,inprior_0081,CNN n50,50,50,False,0.05044449999695644,30.350081210851627,30.350081210851627,0,0.43713282465882436,22.10556484585397,23.57543444496518,2.253974397446624,0.0900208658725166,0.2757422419250422,0.06307218216633181,0.37406064249249255,20.01462750354974,16.120053942144388,17.993563914195924,True,,,,
synthetic-inprior,inprior_0081,DNN spectrum n20,20,20,False,0.04952309999498539,50.91335769280489,50.91335769280489,0,1.0213894630388602e-18,15.968310763134173,2.7777777777777772,8.41182443929938,0.7415540018771783,3.774762287506718,0.37406064249249255,0.37406064249249255,20.01462750354974,16.120053942144388,17.993563914195924,True,,,,
synthetic-inprior,inprior_0081,DNN classifier n50,50,50,False,0.04950349999126047,43.887202903060796,43.887202903060796,0,1.2268000691806037e-06,24.499999999969372,1.000002471671028,8.403677018013472,0.9145605932119586,3.9002333960156115,0.37405941569242335,0.37406064249249255,20.01462750354974,16.120053942144388,17.993563914195924,True,,,,
synthetic-inprior,inprior_0081,PFF ensemble,200,6,False,0.2490685999946436,32.572641423433495,32.572641423433495,0,0.18781275653250523,15.300121612133227,11.30369346565396,4.002006075128337,0.2046067232418534,0.9170701951421388,0.1862478859599873,0.37406064249249255,20.01462750354974,16.120053942144388,17.993563914195924,True,15.779879570007324,0.3401743721370636,3.4002461433410645,True
synthetic-inprior,inprior_0081,TSVD_NN,100,7,True,0.004655800003092736,30.065263213648365,30.065263213648365,0,0.11124428425936957,43.03743663368924,4.869474552027425,4.222718956202602,0.67310282442494,3.36342839360585,0.262816358233123,0.37406064249249255,20.01462750354974,16.120053942144388,17.993563914195924,True,,,,
synthetic-inprior,inprior_0081,truth (reference),200,6,False,0.0,30.6614103009286,30.6614103009286,0,0.37406064249249255,18.983742655985246,20.01462750354974,0.0,0.0,0.0,0.0,0.37406064249249255,20.01462750354974,16.120053942144388,,True,,,,
synthetic-inprior,inprior_0082,CNN n50,50,50,False,0.05061130000103731,29.346515096676395,29.346515096676395,0,0.0815983128340313,17.165234940611366,7.67344940115768,0.7139496513560113,0.03998226380508722,1.1087656409154796,0.027817911557046243,0.05378040127698505,6.891302523989418,16.38758467314349,0.0,False,,,,
synthetic-inprior,inprior_0082,DNN spectrum n20,20,20,False,0.04474599999957718,41.2083621929818,41.2083621929818,0,0.0,,2.7777777793457727,2.145631865665766,0.4160906610608393,2.8354089478883004,0.05378040127698505,0.05378040127698505,6.891302523989418,16.38758467314349,0.0,False,,,,
synthetic-inprior,inprior_0082,DNN classifier n50,50,50,False,0.043760799992014654,35.45743696187398,35.45743696187398,0,1.2268000691806037e-06,24.499999999969372,1.000002471671028,2.4524906402261517,0.8107888431470548,3.055187149227142,0.053779174476915874,0.05378040127698505,6.891302523989418,16.38758467314349,0.0,False,,,,
synthetic-inprior,inprior_0082,PFF ensemble,200,6,False,0.22853750000649597,29.771356535441523,29.771356535441523,0,0.07792145487463734,13.860859988698396,7.23917420018714,0.29031488756130297,0.024164164447489235,0.1223327373133697,0.024141053597652284,0.05378040127698505,6.891302523989418,16.38758467314349,0.0,False,,,,
synthetic-inprior,inprior_0082,TSVD_NN,100,7,True,0.01779309999255929,29.235183850489225,29.235183850489225,0,0.11798423634217364,15.71324424019782,7.185136962528661,1.2723137313373114,0.3464853722978602,2.123562958601047,0.06420383506518859,0.05378040127698505,6.891302523989418,16.38758467314349,0.0,False,,,,
synthetic-inprior,inprior_0082,truth (reference),200,6,False,0.0,30.15320462359489,30.15320462359489,0,0.05378040127698505,13.445319725876187,6.891302523989418,0.0,0.0,0.0,0.0,0.05378040127698505,6.891302523989418,16.38758467314349,,False,,,,
synthetic-inprior,inprior_0083,CNN n50,50,50,False,0.047737300003063865,32.08282863398341,32.08282863398341,0,0.06936387186736562,19.44345117888864,7.021180476457594,1.0914440932059373,0.06806278326313492,1.1811115268279306,0.038256643708561994,0.031107228158803627,5.820889451549306,10.774786980861625,0.0,False,,,,
synthetic-inprior,inprior_0083,DNN spectrum n20,20,20,False,0.0476178999961121,42.45841555601832,42.45841555601832,0,0.0,,2.7777778115000067,1.610443422542763,0.35306810180070375,2.808215357599666,0.031107228158803627,0.031107228158803627,5.820889451549306,10.774786980861625,0.0,False,,,,
synthetic-inprior,inprior_0083,DNN classifier n50,50,50,False,0.04476509999949485,37.496829022825864,37.496829022825864,0,1.2268000691806037e-06,24.499999999969372,1.000002471671028,1.9968489837640437,0.7927580182554573,3.0685348700304775,0.031106001358734446,0.031107228158803627,5.820889451549306,10.774786980861625,0.0,False,,,,
synthetic-inprior,inprior_0083,PFF ensemble,200,6,False,0.2546392999938689,33.073208159394,33.073208159394,0,0.040483488294712565,12.976233309761252,6.099768428575803,0.1629283827606745,0.017208101614617447,0.10820759190726673,0.009376260135908938,0.031107228158803627,5.820889451549306,10.774786980861625,0.0,False,,,,
synthetic-inprior,inprior_0083,TSVD_NN,100,7,True,0.007379700007732026,32.22209862727864,32.22209862727864,0,0.04928022480711423,21.440475799940568,6.413744845934509,1.0344228856548165,0.25695479363019125,2.2381841869437924,0.0181729966483106,0.031107228158803627,5.820889451549306,10.774786980861625,0.0,False,,,,
synthetic-inprior,inprior_0083,truth (reference),200,6,False,0.0,33.34980263723735,33.34980263723735,0,0.031107228158803627,12.910407440546262,5.820889451549306,0.0,0.0,0.0,0.0,0.031107228158803627,5.820889451549306,10.774786980861625,,False,,,,
synthetic-inprior,inprior_0084,CNN n50,50,50,False,0.051274400000693277,29.746638932924082,29.746638932924082,0,0.08221673627649384,18.750532154947386,7.728581486349518,1.160080158342691,0.1909572810210177,1.249684778806051,0.06980827806473022,0.15202501434122406,6.127752777845267,13.825478577947933,14.315830509400833,True,,,,
synthetic-inprior,inprior_0084,DNN spectrum n20,20,20,False,0.050556000001961365,40.48572277165716,40.48572277165716,0,0.0,,2.7777777777777772,2.6642878652381343,0.3726210504947186,3.2366448720698444,0.15202501434122406,0.15202501434122406,6.127752777845267,13.825478577947933,14.315830509400833,True,,,,
synthetic-inprior,inprior_0084,DNN classifier n50,50,50,False,0.0459874999942258,35.228436017394074,35.228436017394074,0,1.2268000691806037e-06,24.499999999969372,1.000002471671028,3.083709295834936,0.8063639253196024,3.5238108481283743,0.1520237875411549,0.15202501434122406,6.127752777845267,13.825478577947933,14.315830509400833,True,,,,
synthetic-inprior,inprior_0084,PFF ensemble,200,6,False,0.23037450000992976,30.257951517082155,30.257951517082155,0,0.09036093440551303,13.969399919505882,6.43639577295139,0.5263193670012252,0.09144635946572105,0.503672675599633,0.06166407993571103,0.15202501434122406,6.127752777845267,13.825478577947933,14.315830509400833,True,14.553759574890137,0.7282809969422033,3.5490357875823975,True
synthetic-inprior,inprior_0084,TSVD_NN,100,7,True,0.00796299999637995,29.410781368521604,29.410781368521604,0,0.08271958452296212,21.38976586927471,4.228588450013368,1.6994263731520423,0.17618306534453415,1.7332915291346023,0.06930542981826195,0.15202501434122406,6.127752777845267,13.825478577947933,14.315830509400833,True,,,,
synthetic-inprior,inprior_0084,truth (reference),200,6,False,0.0,29.848589605742966,29.848589605742966,0,0.15202501434122406,13.718139601050227,6.127752777845267,0.0,0.0,0.0,0.0,0.15202501434122406,6.127752777845267,13.825478577947933,,True,,,,
synthetic-inprior,inprior_0085,CNN n50,50,50,False,0.05003410000063013,25.9704133960493,25.9704133960493,0,0.18182367308686465,16.93624525553896,11.761216862467155,2.098360760843914,0.13769366508464204,0.304186609872148,0.12335340040294623,0.3051770734898109,16.56671397699595,14.829375630515566,20.163215047061158,True,,,,
synthetic-inprior,inprior_0085,DNN spectrum n20,20,20,False,0.04617790000338573,41.685851599111686,41.685851599111686,0,0.0,,2.7777777884303156,6.831117903729837,0.6954923299422875,3.629006092381908,0.3051770734898109,0.3051770734898109,16.56671397699595,14.829375630515566,20.163215047061158,True,,,,
synthetic-inprior,inprior_0085,DNN classifier n50,50,50,False,0.050311700004385784,35.315805369411414,35.315805369411414,0,1.2268000691806037e-06,24.499999999969372,1.000002471671028,6.861447771351774,0.899453197170972,3.7633662866762205,0.3051758466897417,0.3051770734898109,16.56671397699595,14.829375630515566,20.163215047061158,True,,,,
synthetic-inprior,inprior_0085,PFF ensemble,200,6,False,0.24137329999939539,26.38170215633024,26.38170215633024,0,0.15801844181320032,14.775243400734274,10.28085645774822,2.941516402976305,0.17257217751569692,0.8688254912293328,0.14715863167661056,0.3051770734898109,16.56671397699595,14.829375630515566,20.163215047061158,True,14.825101852416992,0.004273778098573544,3.421534299850464,True
synthetic-inprior,inprior_0085,TSVD_NN,100,7,True,0.004307800001697615,25.745584343804925,25.745584343804925,0,0.30746450986527885,14.453829079466662,5.120135467989409,2.685462101669847,0.6150592656518387,3.2235839093662597,0.002287436375467966,0.3051770734898109,16.56671397699595,14.829375630515566,20.163215047061158,True,,,,
synthetic-inprior,inprior_0085,truth (reference),200,6,False,0.0,25.85293953147945,25.85293953147945,0,0.3051770734898109,17.545493646487,16.56671397699595,0.0,0.0,0.0,0.0,0.3051770734898109,16.56671397699595,14.829375630515566,,True,,,,
synthetic-inprior,inprior_0086,CNN n50,50,50,False,0.04535750001377892,34.35557659267741,34.35557659267741,0,0.06496082690417093,22.328807268226907,5.237504685536706,1.2065124978342248,0.05552780936831039,1.4290901860451724,0.05246611088527252,0.012494716018898417,4.6364660033900185,14.038029684924739,0.0,False,,,,
synthetic-inprior,inprior_0086,DNN spectrum n20,20,20,False,0.046931899996707216,45.765370183874424,45.765370183874424,0,2.2432993404634106e-17,16.299881988947416,2.7777777777784145,1.0182329878800644,0.2685455249903112,2.7617093757261224,0.012494716018898394,0.012494716018898417,4.6364660033900185,14.038029684924739,0.0,False,,,,
synthetic-inprior,inprior_0086,DNN classifier n50,50,50,False,0.04442999999446329,40.668331855226896,40.668331855226896,0,1.2268000691806037e-06,24.499999999969372,1.000002471671028,1.527869292809893,0.7710724353597249,3.090312775586645,0.012493489218829236,0.012494716018898417,4.6364660033900185,14.038029684924739,0.0,False,,,,
synthetic-inprior,inprior_0086,PFF ensemble,200,6,False,0.2350563000072725,36.67041186759299,36.67041186759299,0,0.05118382463712416,14.264720346063887,4.75861021060924,0.40565956306235074,0.04125828824823231,0.5396776763024138,0.03868910861822575,0.012494716018898417,4.6364660033900185,14.038029684924739,0.0,False,,,,
synthetic-inprior,inprior_0086,TSVD_NN,100,7,True,0.007163000002037734,32.82031632484047,32.82031632484047,0,0.03716876154238305,48.973085735760954,3.0642196885129027,2.148423575237717,0.20246475937065717,2.6076097376631253,0.024674045523484633,0.012494716018898417,4.6364660033900185,14.038029684924739,0.0,False,,,,
synthetic-inprior,inprior_0086,truth (reference),200,6,False,0.0,38.54886660115158,38.54886660115158,0,0.012494716018898417,12.31823202819454,4.6364660033900185,0.0,0.0,0.0,0.0,0.012494716018898417,4.6364660033900185,14.038029684924739,,False,,,,
synthetic-inprior,inprior_0087,CNN n50,50,50,False,0.0761155000072904,28.43242468264636,28.43242468264636,0,0.1469882493907574,18.996801912386463,9.440505960644362,1.3683757944310742,0.13123696147537606,0.4086102889110671,0.06348123400731126,0.21046948339806865,12.861642059347382,14.870362221971348,0.0,False,,,,
synthetic-inprior,inprior_0087,DNN spectrum n20,20,20,False,0.11317139999300707,43.553156112368036,43.553156112368036,0,4.273829486922592e-38,18.700000000000003,2.7777803962670173,5.115355215050828,0.6266889727264071,3.416854720307571,0.21046948339806865,0.21046948339806865,12.861642059347382,14.870362221971348,0.0,False,,,,
synthetic-inprior,inprior_0087,DNN classifier n50,50,50,False,0.1214105999970343,37.58506378619555,37.58506378619555,0,1.2268000691806037e-06,24.499999999969372,1.000002471671028,5.20379161952,0.8765612038917455,3.564467118805404,0.21046825659799948,0.21046948339806865,12.861642059347382,14.870362221971348,0.0,False,,,,
synthetic-inprior,inprior_0087,PFF ensemble,200,6,False,0.8750950999965426,29.439689783968618,29.439689783968618,0,0.12450646210659225,14.485192734612838,8.152367524201994,2.0359822588750904,0.17043635575458216,1.2813667601252214,0.0859630212914764,0.21046948339806865,12.861642059347382,14.870362221971348,0.0,False,,,,
synthetic-inprior,inprior_0087,TSVD_NN,100,7,True,0.05031580000650138,28.01139226321234,28.01139226321234,0,0.19107186247845256,18.7031275790714,5.288023180079278,2.5548926728819095,0.4069893297432646,2.626757012569659,0.019397620919616082,0.21046948339806865,12.861642059347382,14.870362221971348,0.0,False,,,,
synthetic-inprior,inprior_0087,truth (reference),200,6,False,0.0,28.43204629942281,28.43204629942281,0,0.21046948339806865,16.35703863474811,12.861642059347382,0.0,0.0,0.0,0.0,0.21046948339806865,12.861642059347382,14.870362221971348,,False,,,,
synthetic-inprior,inprior_0088,CNN n50,50,50,False,0.16095029999269173,29.3212222287443,29.3212222287443,0,0.48522663279970757,21.904892536704576,25.689645031057754,2.5674274564318464,0.11939687397987116,0.25496391567302457,0.07778996064467092,0.5630165934443785,33.23666962062868,11.129052444660314,0.0,False,,,,
synthetic-inprior,inprior_0088,DNN spectrum n20,20,20,False,0.1789040000003297,54.44429612900757,54.44429612900757,0,0.0,,2.7777777777777772,13.95724891659057,0.844443415233054,4.04126907591141,0.5630165934443785,0.5630165934443785,33.23666962062868,11.129052444660314,0.0,False,,,,
synthetic-inprior,inprior_0088,DNN classifier n50,50,50,False,0.16895839999779128,47.52089571491363,47.52089571491363,0,1.2268000691806037e-06,24.499999999969372,1.000002471671028,13.866338758461918,0.9481928788731612,4.147414752952112,0.5630153666443093,0.5630165934443785,33.23666962062868,11.129052444660314,0.0,False,,,,
synthetic-inprior,inprior_0088,PFF ensemble,200,6,False,0.8000695999944583,33.76958426884508,33.76958426884508,0,0.1827404278429144,15.398256548628531,11.162972739771483,9.598348950374481,0.3856740668111311,1.3484174658344195,0.3802761656014641,0.5630165934443785,33.23666962062868,11.129052444660314,0.0,False,,,,
synthetic-inprior,inprior_0088,TSVD_NN,100,7,True,0.826720099998056,28.648474428410736,28.648474428410736,0,0.39117353373230623,23.08764174382769,2.42602132240821,6.327719100570757,0.8632977017762616,3.8294371744347644,0.17184305971207225,0.5630165934443785,33.23666962062868,11.129052444660314,0.0,False,,,,
synthetic-inprior,inprior_0088,truth (reference),200,6,False,0.0,29.145652963479527,29.145652963479527,0,0.5630165934443785,23.54844600145337,33.23666962062868,0.0,0.0,0.0,0.0,0.5630165934443785,33.23666962062868,11.129052444660314,,False,,,,
synthetic-inprior,inprior_0089,CNN n50,50,50,False,0.15022690000478178,31.189243801559808,31.189243801559808,0,0.016870367592167958,19.19110111375918,4.099209381462045,0.28918640624108405,0.05254198311214228,0.869977504741917,0.005901440437395201,0.010968927154772757,4.5069049785014395,14.382101180850242,0.0,False,,,,
synthetic-inprior,inprior_0089,DNN spectrum n20,20,20,False,0.17447330000868533,34.72514976790029,34.72514976790029,0,0.0,,2.7777777777779185,0.953452482026837,0.25825530258451845,2.764753655888288,0.010968927154772757,0.010968927154772757,4.5069049785014395,14.382101180850242,0.0,False,,,,
synthetic-inprior,inprior_0089,DNN classifier n50,50,50,False,0.16856649999681395,32.06991129456283,32.06991129456283,0,1.2268000691806037e-06,24.499999999969372,1.000002471671028,1.4797850736404141,0.7687183647566024,3.1043957522377172,0.010967700354703576,0.010968927154772757,4.5069049785014395,14.382101180850242,0.0,False,,,,
synthetic-inprior,inprior_0089,PFF ensemble,200,6,False,0.7514305000077002,31.58546170489562,31.58546170489562,0,0.00917828629917294,12.153129151780716,4.24967231607047,0.12170256198557505,0.022517491148023525,0.1684576888949952,0.0017906408555998163,0.010968927154772757,4.5069049785014395,14.382101180850242,0.0,False,,,,
synthetic-inprior,inprior_0089,TSVD_NN,100,7,True,0.024037099996348843,31.1011355216308,31.1011355216308,0,0.025035115326471877,21.212720573583827,3.532724825116276,0.7576114053564456,0.1277842593267507,2.5115394821068153,0.01406618817169912,0.010968927154772757,4.5069049785014395,14.382101180850242,0.0,False,,,,
synthetic-inprior,inprior_0089,truth (reference),200,6,False,0.0,31.483426581725936,31.483426581725936,0,0.010968927154772757,12.253451910915613,4.5069049785014395,0.0,0.0,0.0,0.0,0.010968927154772757,4.5069049785014395,14.382101180850242,,False,,,,
synthetic-inprior,inprior_0090,CNN n50,50,50,False,0.15182260000437964,29.63330959758263,29.63330959758263,0,0.052146254598991186,18.067616349541822,6.201988475786197,0.753458008858437,0.04959466575440822,1.0177424415014569,0.029029178540154417,0.02311707605883677,5.371644459703719,12.12186709859363,0.0,False,,,,
synthetic-inprior,inprior_0090,DNN spectrum n20,20,20,False,0.15636999999696855,38.59132704659692,38.59132704659692,0,0.0,,2.7777777777779824,1.385821935222408,0.32298317609478155,2.809409321896765,0.02311707605883677,0.02311707605883677,5.371644459703719,12.12186709859363,0.0,False,,,,
synthetic-inprior,inprior_0090,DNN classifier n50,50,50,False,0.16894449999381322,33.92440215244304,33.92440215244304,0,1.2268000691806037e-06,24.499999999969372,1.000002471671028,1.813575125900058,0.784635432063264,3.093477982594546,0.023115849258767588,0.02311707605883677,5.371644459703719,12.12186709859363,0.0,False,,,,
synthetic-inprior,inprior_0090,PFF ensemble,200,6,False,0.7786115000053542,30.2852839641428,30.2852839641428,0,0.037506904717151957,12.885319612494266,5.692737358049961,0.21967744976820835,0.021545856275201135,0.15362290256971514,0.014389828658315187,0.02311707605883677,5.371644459703719,12.12186709859363,0.0,False,,,,
synthetic-inprior,inprior_0090,TSVD_NN,100,7,True,0.0692888000048697,29.814652478308137,29.814652478308137,0,0.058010937240898466,16.459007275895566,5.307035337417668,0.4986739558521147,0.11820446049234626,1.8962668136423073,0.0348938611820617,0.02311707605883677,5.371644459703719,12.12186709859363,0.0,False,,,,
synthetic-inprior,inprior_0090,truth (reference),200,6,False,0.0,30.67269439455452,30.67269439455452,0,0.02311707605883677,12.685810841998164,5.371644459703719,0.0,0.0,0.0,0.0,0.02311707605883677,5.371644459703719,12.12186709859363,,False,,,,
synthetic-inprior,inprior_0091,CNN n50,50,50,False,0.15608699999575038,28.531623711639067,28.531623711639067,0,0.5470316165182327,23.222467317913505,32.13231015607079,0.4898904125630231,0.03866748974689558,0.05091889485811149,0.012220460876955719,0.534811155641277,30.937299370583514,13.812232762654055,0.0,False,,,,
synthetic-inprior,inprior_0091,DNN spectrum n20,20,20,False,0.15871240000706166,55.34605980873643,55.34605980873643,0,0.0,,2.7777783339990694,13.051740013345661,0.8312541478058888,4.013631392107412,0.534811155641277,0.534811155641277,30.937299370583514,13.812232762654055,0.0,False,,,,
synthetic-inprior,inprior_0091,DNN classifier n50,50,50,False,0.16753809999499936,47.869742410660656,47.869742410660656,0,1.2268000691806037e-06,24.499999999969372,1.000002471671028,12.970779942219732,0.9438129415797151,4.122300913794506,0.5348099288412078,0.534811155641277,30.937299370583514,13.812232762654055,0.0,False,,,,
synthetic-inprior,inprior_0091,PFF ensemble,200,6,False,0.8013219999993453,28.122818381717902,28.122818381717902,0,0.6410070997598055,25.35519266183956,39.967865634938434,3.589855668251126,0.11703145847043218,0.16337476488084263,0.1061959441185285,0.534811155641277,30.937299370583514,13.812232762654055,0.0,False,,,,
synthetic-inprior,inprior_0091,TSVD_NN,100,7,True,0.02622519999567885,27.62292293555214,27.62292293555214,0,0.2982977548505965,29.966967513887354,2.158396952671951,7.110873428378758,0.7648132527429523,3.6031930248658752,0.2365134007906805,0.534811155641277,30.937299370583514,13.812232762654055,0.0,False,,,,
synthetic-inprior,inprior_0091,truth (reference),200,6,False,0.0,28.595291882449718,28.595291882449718,0,0.534811155641277,22.89909922073282,30.937299370583514,0.0,0.0,0.0,0.0,0.534811155641277,30.937299370583514,13.812232762654055,,False,,,,
synthetic-inprior,inprior_0092,CNN n50,50,50,False,0.15106429999286775,34.70994357253442,34.70994357253442,0,0.008118171295505721,19.063194833491554,3.865948379606694,0.1075563807574722,0.02917668179633969,0.6997876570089092,0.0034090904524446738,0.004709080843061047,3.821433142207376,13.91595162563309,0.0,False,,,,
synthetic-inprior,inprior_0092,DNN spectrum n20,20,20,False,0.18536250000761356,37.265358334225205,37.265358334225205,0,0.0,,2.7777777777777772,0.6403454141259982,0.21520663575135904,2.705021158162752,0.004709080843061047,0.004709080843061047,3.821433142207376,13.91595162563309,0.0,False,,,,
synthetic-inprior,inprior_0092,DNN classifier n50,50,50,False,0.16788379999343306,35.57578476020593,35.57578476020593,0,1.2268000691806037e-06,24.499999999969372,1.000002471671028,1.2403171886905107,0.7572554950392634,3.1070701358625294,0.004707854042991867,0.004709080843061047,3.821433142207376,13.91595162563309,0.0,False,,,,
synthetic-inprior,inprior_0092,PFF ensemble,200,6,False,0.859569799999008,35.201372251371176,35.201372251371176,0,0.0032474094042046057,11.78125437869977,3.5693700227899017,0.12523535416612164,0.026268719252749838,0.19994900583676012,0.0014616714388564415,0.004709080843061047,3.821433142207376,13.91595162563309,0.0,False,,,,
synthetic-inprior,inprior_0092,TSVD_NN,100,7,True,0.025470900000073016,34.769521106564284,34.769521106564284,0,0.009810376116773925,27.148772837201562,3.068210801901166,0.5183525564985733,0.09418507378568274,1.5901708518539146,0.0051012952737128775,0.004709080843061047,3.821433142207376,13.91595162563309,0.0,False,,,,
synthetic-inprior,inprior_0092,truth (reference),200,6,False,0.0,34.950601152612364,34.950601152612364,0,0.004709080843061047,11.910716551442531,3.821433142207376,0.0,0.0,0.0,0.0,0.004709080843061047,3.821433142207376,13.91595162563309,,False,,,,
synthetic-inprior,inprior_0093,CNN n50,50,50,False,0.16308339999523014,27.16607523665979,27.16607523665979,0,0.203817952283061,19.074697687383146,11.121341266142128,0.979130496268039,0.09865973313285661,0.3385325078631817,0.02491265720751709,0.22873060949057808,13.584344893957446,17.35564011652085,0.0,False,,,,
synthetic-inprior,inprior_0093,DNN spectrum n20,20,20,False,0.16595580001012422,43.664144778546806,43.664144778546806,0,0.0,,2.779216529178043,5.468415842445318,0.6423394967438225,3.379320023041853,0.22873060949057808,0.22873060949057808,13.584344893957446,17.35564011652085,0.0,False,,,,
synthetic-inprior,inprior_0093,DNN classifier n50,50,50,False,0.15439429999969434,37.501652816452236,37.501652816452236,0,1.2268000691806037e-06,24.499999999969372,1.000002471671028,5.543203713676972,0.8817134019488394,3.617133224267893,0.2287293826905089,0.22873060949057808,13.584344893957446,17.35564011652085,0.0,False,,,,
synthetic-inprior,inprior_0093,PFF ensemble,200,6,False,0.7493412000039825,28.311913915666942,28.311913915666942,0,0.13523620708718873,14.346602214621456,8.779617694401045,2.166226694194253,0.15872279980542423,1.1697888067092066,0.09349440240338935,0.22873060949057808,13.584344893957446,17.35564011652085,0.0,False,,,,
synthetic-inprior,inprior_0093,TSVD_NN,100,7,True,0.029157500001019798,26.777358836767707,26.777358836767707,0,0.45471429693583054,13.528351613633275,3.3044096059898163,2.7882026210611066,0.7068523081215992,3.282622081362366,0.22598368744525246,0.22873060949057808,13.584344893957446,17.35564011652085,0.0,False,,,,
synthetic-inprior,inprior_0093,truth (reference),200,6,False,0.0,27.230927335132815,27.230927335132815,0,0.22873060949057808,16.690044993287582,13.584344893957446,0.0,0.0,0.0,0.0,0.22873060949057808,13.584344893957446,17.35564011652085,,False,,,,
synthetic-inprior,inprior_0094,CNN n50,50,50,False,0.12278060000971891,30.358653397912036,30.358653397912036,0,0.005840369321937199,19.681561782386076,3.773766874488671,0.3037810250771685,0.05621778573393535,0.6523087837880236,0.00239169742907965,0.008232066751016849,4.2466011592001704,15.332751370493428,0.0,False,,,,
synthetic-inprior,inprior_0094,DNN spectrum n20,20,20,False,0.14058119998662733,32.058949107839226,32.058949107839226,0,0.0,,2.7777777777989594,0.8233005778601046,0.23694779170048788,2.7699427926167943,0.008232066751016849,0.008232066751016849,4.2466011592001704,15.332751370493428,0.0,False,,,,
synthetic-inprior,inprior_0094,DNN classifier n50,50,50,False,0.1609732999932021,30.763587004597188,30.763587004597188,0,1.2268000691806037e-06,24.499999999969372,1.000002471671028,1.3856706896693276,0.764112401697772,3.134074735055122,0.008230839950947668,0.008232066751016849,4.2466011592001704,15.332751370493428,0.0,False,,,,
synthetic-inprior,inprior_0094,PFF ensemble,200,6,False,0.8521763000026112,30.61096917105644,30.61096917105644,0,0.0031221479772636103,11.759599509487721,3.490295916124604,0.37481625741370106,0.07537729985082485,0.5400520357874873,0.005109918773753238,0.008232066751016849,4.2466011592001704,15.332751370493428,0.0,False,,,,
synthetic-inprior,inprior_0094,TSVD_NN,100,7,True,0.02048829999694135,29.797015870031764,29.797015870031764,0,0.00832417719329696,47.5,2.956921776757282,0.9502964683547225,0.1457135744802216,2.436319175391871,9.211044228011125e-05,0.008232066751016849,4.2466011592001704,15.332751370493428,0.0,False,,,,
synthetic-inprior,inprior_0094,truth (reference),200,6,False,0.0,30.477847791405434,30.477847791405434,0,0.008232066751016849,12.123300396066387,4.2466011592001704,0.0,0.0,0.0,0.0,0.008232066751016849,4.2466011592001704,15.332751370493428,,False,,,,
synthetic-inprior,inprior_0095,CNN n50,50,50,False,0.17091079999227077,26.484807625447687,26.484807625447687,0,0.15001995392348216,18.158846395486247,8.717935185860886,1.0611651601879248,0.13003426219071623,0.4002195289756833,0.03231924658820012,0.1823392005116823,11.781498495290297,14.941522407508598,0.0,False,,,,
synthetic-inprior,inprior_0095,DNN spectrum n20,20,20,False,0.1930382999998983,41.96246452261327,41.96246452261327,0,0.0,,2.7777808114111004,4.58300792350871,0.6002377979551275,3.3207124576254508,0.1823392005116823,0.1823392005116823,11.781498495290297,14.941522407508598,0.0,False,,,,
synthetic-inprior,inprior_0095,DNN classifier n50,50,50,False,0.2071361000125762,35.92011394844246,35.92011394844246,0,1.2268000691806037e-06,24.499999999969372,1.000002471671028,4.695880082427331,0.8680207852725526,3.474241358702705,0.18233797371161312,0.1823392005116823,11.781498495290297,14.941522407508598,0.0,False,,,,
synthetic-inprior,inprior_0095,PFF ensemble,200,6,False,0.6558006999985082,27.584016834454705,27.584016834454705,0,0.11443111633453029,14.631048115972701,8.05835720957776,1.5865017408835271,0.14515298096856932,1.1035044920483539,0.067908084177152,0.1823392005116823,11.781498495290297,14.941522407508598,0.0,False,,,,
synthetic-inprior,inprior_0095,TSVD_NN,100,7,True,0.01894460000039544,25.98467386267499,25.98467386267499,0,0.34041915255121746,14.906927980794624,2.2572708829213015,2.6389109952445096,0.740736201907843,3.095466113447735,0.15807995203953518,0.1823392005116823,11.781498495290297,14.941522407508598,0.0,False,,,,
synthetic-inprior,inprior_0095,truth (reference),200,6,False,0.0,26.66316425896232,26.66316425896232,0,0.1823392005116823,15.848709022335038,11.781498495290297,0.0,0.0,0.0,0.0,0.1823392005116823,11.781498495290297,14.941522407508598,,False,,,,
synthetic-inprior,inprior_0096,CNN n50,50,50,False,0.12601259999792092,28.515316238301725,28.515316238301725,0,0.5391203566643253,21.0084141691771,29.299919306271907,4.1559670462740685,0.1336703048892165,0.28120338767873754,0.0992360138948668,0.6383563705591921,39.00657883417661,12.590952352985902,9.239126576008132,True,,,,
synthetic-inprior,inprior_0096,DNN spectrum n20,20,20,False,0.1556303000106709,55.40752283249031,55.40752283249031,0,0.0,,2.7777777777777803,16.262577960737822,0.8769483594549812,4.096984581012167,0.6383563705591921,0.6383563705591921,39.00657883417661,12.590952352985902,9.239126576008132,True,,,,
synthetic-inprior,inprior_0096,DNN classifier n50,50,50,False,0.15450449999480043,47.72340040287808,47.72340040287808,0,1.2268000691806037e-06,24.499999999969372,1.000002471671028,16.15038297760934,0.959442743824136,4.196730275836938,0.638355143759123,0.6383563705591921,39.00657883417661,12.590952352985902,9.239126576008132,True,,,,
synthetic-inprior,inprior_0096,PFF ensemble,200,6,False,0.7029427000088617,29.061124531625026,29.061124531625026,0,0.41226710348268414,19.978035848624263,22.293167821467517,6.81437551619245,0.22890144412609373,0.40513165802322487,0.226089267076508,0.6383563705591921,39.00657883417661,12.590952352985902,9.239126576008132,True,15.761883735656738,3.1709313826708367,3.397402048110962,True
synthetic-inprior,inprior_0096,TSVD_NN,100,7,True,0.028033499998855405,28.052848675728622,28.052848675728622,0,0.9525761521336112,19.20060898726288,6.148020871649195,6.6622419898006155,0.7847528599195877,3.779249312980617,0.3142197815744191,0.6383563705591921,39.00657883417661,12.590952352985902,9.239126576008132,True,,,,
synthetic-inprior,inprior_0096,truth (reference),200,6,False,0.0,28.131250263168564,28.131250263168564,0,0.6383563705591921,24.837696169554278,39.00657883417661,0.0,0.0,0.0,0.0,0.6383563705591921,39.00657883417661,12.590952352985902,,True,,,,
synthetic-inprior,inprior_0097,CNN n50,50,50,False,0.15264210000168532,26.51370056064408,26.51370056064408,0,0.14493112850663914,25.04149506287503,7.7028574439822055,2.215223135483004,0.2694504052950936,0.8791303215649866,0.05769197040076879,0.20262309890740793,5.1503972160038165,16.88546451324541,18.507213918958463,True,,,,
synthetic-inprior,inprior_0097,DNN spectrum n20,20,20,False,0.15222889999859035,32.45187755201992,32.45187755201992,0,0.0,,2.8054893674626387,4.041582535366883,0.7992000983803983,3.4062521353663526,0.20262309890740793,0.20262309890740793,5.1503972160038165,16.88546451324541,18.507213918958463,True,,,,
synthetic-inprior,inprior_0097,DNN classifier n50,50,50,False,0.15207939999527298,37.59763027402648,37.59763027402648,0,1.2268000691806037e-06,24.499999999969372,1.000002471671028,3.9375904596769242,0.8045523412464793,3.8752202197208123,0.20262187210733876,0.20262309890740793,5.1503972160038165,16.88546451324541,18.507213918958463,True,,,,
synthetic-inprior,inprior_0097,PFF ensemble,200,6,False,0.7325414999941131,28.417073394830325,28.417073394830325,0,0.16090902463793996,15.17874905931761,10.681135377232742,1.9214402146621814,0.35328085830455996,0.7985453368442939,0.041714074269467966,0.20262309890740793,5.1503972160038165,16.88546451324541,18.507213918958463,True,15.643743515014648,1.241720998230761,3.4708125591278076,True
synthetic-inprior,inprior_0097,TSVD_NN,100,7,True,0.07531879999442026,25.799418978197068,25.799418978197068,0,0.06099488710855772,48.24834978835025,4.4302167449288445,3.369820465372059,0.21932126271785446,2.9848246352021506,0.1416282117988502,0.20262309890740793,5.1503972160038165,16.88546451324541,18.507213918958463,True,,,,
synthetic-inprior,inprior_0097,truth (reference),200,6,False,0.0,28.059258788946178,28.059258788946178,0,0.20262309890740793,16.593114611235755,5.1503972160038165,0.0,0.0,0.0,0.0,0.20262309890740793,5.1503972160038165,16.88546451324541,,True,,,,
synthetic-inprior,inprior_0098,CNN n50,50,50,False,0.15226209998945706,32.04376700523187,32.04376700523187,0,0.046167347925115766,19.3726690933126,5.347898209715501,0.7866979771918114,0.10806847707061489,1.0846292647360194,0.006522815241944542,0.05269016316706031,6.844028702440254,20.426566289935987,0.0,False,,,,
synthetic-inprior,inprior_0098,DNN spectrum n20,20,20,False,0.13114840000343975,38.96596965934246,38.96596965934246,0,0.0,,2.777777778097363,2.1219968241835394,0.4135419432469758,2.8258386067348056,0.05269016316706031,0.05269016316706031,6.844028702440254,20.426566289935987,0.0,False,,,,
synthetic-inprior,inprior_0098,DNN classifier n50,50,50,False,0.16172150000056718,35.075283713926304,35.075283713926304,0,1.2268000691806037e-06,24.499999999969372,1.000002471671028,2.4319104848178865,0.8100379765587828,3.046460029154581,0.05268893636699113,0.05269016316706031,6.844028702440254,20.426566289935987,0.0,False,,,,
synthetic-inprior,inprior_0098,PFF ensemble,200,6,False,0.7477331999980379,32.61130366952968,32.61130366952968,0,0.0408206575951809,14.040474958610996,4.785174784850305,0.8216551538559481,0.1416626278970293,0.9065188731966183,0.011869505571879407,0.05269016316706031,6.844028702440254,20.426566289935987,0.0,False,,,,
synthetic-inprior,inprior_0098,TSVD_NN,100,7,True,0.06606729999475647,31.687585878397346,31.687585878397346,0,0.06162871518194402,19.482178461542652,3.369236852273063,1.7562802138846125,0.333518873109487,2.5602266421108633,0.008938552014883715,0.05269016316706031,6.844028702440254,20.426566289935987,0.0,False,,,,
synthetic-inprior,inprior_0098,truth (reference),200,6,False,0.0,32.50238887130741,32.50238887130741,0,0.05269016316706031,13.421708816101694,6.844028702440254,0.0,0.0,0.0,0.0,0.05269016316706031,6.844028702440254,20.426566289935987,,False,,,,
synthetic-inprior,inprior_0099,CNN n50,50,50,False,0.14579200001026038,30.87920258282712,30.87920258282712,0,0.1329528869239134,18.622679030554345,8.326439894988406,1.1295466815890758,0.12480409433294652,0.5392297609003238,0.03318311043479913,0.16613599735871254,11.1733881566916,12.427924287507356,0.0,False,,,,
synthetic-inprior,inprior_0099,DNN spectrum n20,20,20,False,0.15319050000107381,35.386024665536105,35.386024665536105,0,0.0,,2.7777779088138583,3.2460683656400167,0.7092202245766079,3.275064792253319,0.16613599735871254,0.16613599735871254,11.1733881566916,12.427924287507356,0.0,False,,,,
synthetic-inprior,inprior_0099,DNN classifier n50,50,50,False,0.11522429999604356,39.873648757346366,39.873648757346366,0,1.2268000691806037e-06,24.499999999969372,1.000002471671028,4.41028613387497,0.862706367148471,3.4164343364045293,0.16613477055864337,0.16613599735871254,11.1733881566916,12.427924287507356,0.0,False,,,,
synthetic-inprior,inprior_0099,PFF ensemble,200,6,False,0.7021138000127394,32.03905614846327,32.03905614846327,0,0.12123966407539173,14.516718514385488,8.156303438493659,1.2216310211602033,0.12869785389014413,1.0149731453147304,0.04489633328332081,0.16613599735871254,11.1733881566916,12.427924287507356,0.0,False,,,,
synthetic-inprior,inprior_0099,TSVD_NN,100,7,True,0.0260234000015771,29.910031535879444,29.910031535879444,0,0.12969327017453824,24.121758986237268,4.015118990727111,3.0930051060141137,0.40423153329510125,2.52658301817773,0.036442727184174295,0.16613599735871254,11.1733881566916,12.427924287507356,0.0,False,,,,
synthetic-inprior,inprior_0099,truth (reference),200,6,False,0.0,31.27985990127307,31.27985990127307,0,0.16613599735871254,15.557538858599212,11.1733881566916,0.0,0.0,0.0,0.0,0.16613599735871254,11.1733881566916,12.427924287507356,,False,,,,
synthetic-inprior,inprior_0100,CNN n50,50,50,False,0.15956749999895692,27.992137050667456,27.992137050667456,0,0.18541597332947382,23.083999262786534,10.852894291549536,2.040263051444627,0.18475084034531283,0.3628872172025633,0.10049730510543828,0.2859132784349121,15.994094677856543,14.675134571288561,0.0,False,,,,
synthetic-inprior,inprior_0100,DNN spectrum n20,20,20,False,0.1486140999913914,47.680439428871374,47.680439428871374,0,0.0,,2.7777777777777843,6.630340712325487,0.6872568376361566,3.622959124881369,0.2859132784349121,0.2859132784349121,15.994094677856543,14.675134571288561,0.0,False,,,,
synthetic-inprior,inprior_0100,DNN classifier n50,50,50,False,0.15343249999568798,40.8743649390524,40.8743649390524,0,1.2268000691806037e-06,24.499999999969372,1.000002471671028,6.665282487004317,0.8962894666687867,3.7581365983335746,0.2859120516348429,0.2859132784349121,15.994094677856543,14.675134571288561,0.0,False,,,,
synthetic-inprior,inprior_0100,PFF ensemble,200,6,False,0.7860991999914404,29.837980142484597,29.837980142484597,0,0.1790564680957788,15.361032847984873,11.278971055503993,2.2733137732254516,0.12627763145501686,0.6308751065124425,0.1068568103391333,0.2859132784349121,15.994094677856543,14.675134571288561,0.0,False,,,,
synthetic-inprior,inprior_0100,TSVD_NN,100,7,True,0.0539442000008421,26.973988839312856,26.973988839312856,0,0.0769954936513236,43.88426474909383,2.5030910318931,4.951513939118606,0.6270119713129825,3.375310475217276,0.2089177847835885,0.2859132784349121,15.994094677856543,14.675134571288561,0.0,False,,,,
synthetic-inprior,inprior_0100,truth (reference),200,6,False,0.0,28.522585378556947,28.522585378556947,0,0.2859132784349121,17.753986148635526,15.994094677856543,0.0,0.0,0.0,0.0,0.2859132784349121,15.994094677856543,14.675134571288561,,False,,,,
synthetic-inprior,inprior_0101,CNN n50,50,50,False,0.15478139999322593,28.117727179739905,28.117727179739905,0,0.05009619421157667,16.964842979250744,6.807865365725613,0.8960101408987613,0.09550285613228932,0.9588637101832622,0.027851117552281392,0.022245076659295277,5.318640274082611,19.535598926833284,0.0,False,,,,
synthetic-inprior,inprior_0101,DNN spectrum n20,20,20,False,0.16817240000818856,36.97228668777962,36.97228668777962,0,9.970584960658114e-33,16.3,2.777777777779153,1.3593198936541724,0.31927888503660234,2.7947149149646333,0.022245076659295277,0.022245076659295277,5.318640274082611,19.535598926833284,0.0,False,,,,
synthetic-inprior,inprior_0101,DNN classifier n50,50,50,False,0.139100900007179,32.232452094577944,32.232452094577944,0,1.2268000691806037e-06,24.499999999969372,1.000002471671028,1.792339256244707,0.783662281783787,3.0803711795978255,0.022243849859226096,0.022245076659295277,5.318640274082611,19.535598926833284,0.0,False,,,,
synthetic-inprior,inprior_0101,PFF ensemble,200,6,False,0.8133586000039941,28.368001088240135,28.368001088240135,0,0.04705073596216085,12.974675492202357,6.188298289124602,0.4866023528548691,0.05567993404255927,0.36475974630311103,0.02480565930286557,0.022245076659295277,5.318640274082611,19.535598926833284,0.0,False,,,,
synthetic-inprior,inprior_0101,TSVD_NN,100,7,True,0.03779330001270864,28.33514381805702,28.33514381805702,0,0.05728362465092683,13.60393746992086,5.774981916764092,0.42389673938274897,0.08909773530417664,1.4532873143613885,0.03503854799163156,0.022245076659295277,5.318640274082611,19.535598926833284,0.0,False,,,,
synthetic-inprior,inprior_0101,truth (reference),200,6,False,0.0,28.97948289996097,28.97948289996097,0,0.022245076659295277,12.659310371199979,5.318640274082611,0.0,0.0,0.0,0.0,0.022245076659295277,5.318640274082611,19.535598926833284,,False,,,,
synthetic-inprior,inprior_0102,CNN n50,50,50,False,0.15954139998939354,31.69597748868617,31.69597748868617,0,0.14599603200927672,18.648860468656885,9.301592105194139,1.638991692286633,0.22379616647817258,1.2976806259616007,0.062695869852094,0.2086919018613707,7.460284994762761,17.700245133696242,23.28703380829581,True,,,,
synthetic-inprior,inprior_0102,DNN spectrum n20,20,20,False,0.1642530999961309,47.41842657797725,47.41842657797725,0,0.0,,2.777777777780469,4.184831649333452,0.44036098194604506,3.2991345781376693,0.2086919018613707,0.2086919018613707,7.460284994762761,17.700245133696242,23.28703380829581,True,,,,
synthetic-inprior,inprior_0102,DNN classifier n50,50,50,False,0.15017209999496117,41.35589853156059,41.35589853156059,0,1.2268000691806037e-06,24.499999999969372,1.000002471671028,4.516039333932098,0.8245832925123757,3.5513245164519573,0.20869067506130154,0.2086919018613707,7.460284994762761,17.700245133696242,23.28703380829581,True,,,,
synthetic-inprior,inprior_0102,PFF ensemble,200,6,False,0.7367138999979943,33.13657162253684,33.13657162253684,0,0.11682892379805339,14.178104438949525,7.13104486633516,1.4828094640431493,0.14800476963398854,0.6236581490849995,0.09186297806331732,0.2086919018613707,7.460284994762761,17.700245133696242,23.28703380829581,True,14.754846572875977,2.9453985608202657,3.4157893657684326,True
synthetic-inprior,inprior_0102,TSVD_NN,100,7,True,2.3504198000009637,31.05030073723955,31.05030073723955,0,0.11498048225506859,25.50589631872426,3.5681718692553415,2.913965831793222,0.552571957525119,2.6542705088806526,0.09371141960630212,0.2086919018613707,7.460284994762761,17.700245133696242,23.28703380829581,True,,,,
synthetic-inprior,inprior_0102,truth (reference),200,6,False,0.0,31.623877580327214,31.623877580327214,0,0.2086919018613707,17.2973884931737,7.460284994762761,0.0,0.0,0.0,0.0,0.2086919018613707,7.460284994762761,17.700245133696242,,True,,,,
synthetic-inprior,inprior_0103,CNN n50,50,50,False,0.13339190000260714,32.25730015298664,32.25730015298664,0,0.4050712993762574,21.670385925289246,21.07476327632286,4.133394756975827,0.37644517184534193,0.9030234744548195,0.1435257979909399,0.5485970973671973,15.332346187935997,12.803753621686651,13.279464247493527,True,,,,
synthetic-inprior,inprior_0103,DNN spectrum n20,20,20,False,0.1357585000077961,54.7593231994069,54.7593231994069,0,0.0,,2.7777948964183823,8.215444289542662,0.8032100669350757,3.345227038233363,0.5485970973671973,0.5485970973671973,15.332346187935997,12.803753621686651,13.279464247493527,True,,,,
synthetic-inprior,inprior_0103,DNN classifier n50,50,50,False,0.15302579999843147,47.63863086391294,47.63863086391294,0,1.2268000691806037e-06,24.499999999969372,1.000002471671028,8.208410838730433,0.9430873909298365,3.486714793768811,0.5485958705671281,0.5485970973671973,15.332346187935997,12.803753621686651,13.279464247493527,True,,,,
synthetic-inprior,inprior_0103,PFF ensemble,200,6,False,0.6978896999935387,35.38322337979553,35.38322337979553,0,0.1689973583998857,15.161277165335411,10.578448741991847,4.125395251617806,0.4166753879433252,0.4643886673246113,0.3795997389673116,0.5485970973671973,15.332346187935997,12.803753621686651,13.279464247493527,True,16.099185943603516,3.2954323219168646,3.4198193550109863,True
synthetic-inprior,inprior_0103,TSVD_NN,100,7,True,0.03508249999140389,31.954601866919745,31.954601866919745,0,0.36681105981999,20.407254715272085,5.8046598422749875,4.856241877534623,0.4694838378833689,2.6381559771698972,0.1817860375472073,0.5485970973671973,15.332346187935997,12.803753621686651,13.279464247493527,True,,,,
synthetic-inprior,inprior_0103,truth (reference),200,6,False,0.0,33.66711847012353,33.66711847012353,0,0.5485970973671973,13.76298531414598,15.332346187935997,0.0,0.0,0.0,0.0,0.5485970973671973,15.332346187935997,12.803753621686651,,True,,,,
synthetic-inprior,inprior_0104,CNN n50,50,50,False,0.13457999999809545,36.8080197971597,36.8080197971597,0,0.06056481527168451,18.30002940940188,6.22034235947782,0.5833429173626616,0.07082967035014842,1.0583471668646272,0.0019896715352305944,0.058575143736453915,7.095840143512096,13.284925335283344,0.0,False,,,,
synthetic-inprior,inprior_0104,DNN spectrum n20,20,20,False,0.16267390000575688,50.49658658371486,50.49658658371486,0,0.0,,2.7777777777777772,2.247890485461046,0.42688908521988467,2.843366312249342,0.058575143736453915,0.058575143736453915,7.095840143512096,13.284925335283344,0.0,False,,,,
synthetic-inprior,inprior_0104,DNN classifier n50,50,50,False,0.13358480000169948,43.820709182892514,43.820709182892514,0,1.2268000691806037e-06,24.499999999969372,1.000002471671028,2.541942905413967,0.8139873204237476,3.0571281669019754,0.05857391693638474,0.058575143736453915,7.095840143512096,13.284925335283344,0.0,False,,,,
synthetic-inprior,inprior_0104,PFF ensemble,200,6,False,0.7158249000058277,38.36502409315741,38.36502409315741,0,0.04233993553945015,13.187346189444002,6.13771611357498,0.4433152817259085,0.054578571704635245,0.4105421090557347,0.01623520819700376,0.058575143736453915,7.095840143512096,13.284925335283344,0.0,False,,,,
synthetic-inprior,inprior_0104,TSVD_NN,100,7,True,0.020142800000030547,33.82367268066554,33.82367268066554,0,0.036667739919894436,49.5,4.1548645219434635,2.728196476664783,0.5584689433217569,2.6689286735639874,0.02190740381655948,0.058575143736453915,7.095840143512096,13.284925335283344,0.0,False,,,,
synthetic-inprior,inprior_0104,truth (reference),200,6,False,0.0,37.55913546562793,37.55913546562793,0,0.058575143736453915,13.547454055091386,7.095840143512096,0.0,0.0,0.0,0.0,0.058575143736453915,7.095840143512096,13.284925335283344,,False,,,,
synthetic-inprior,inprior_0105,CNN n50,50,50,False,0.3601122999971267,35.17657195618679,35.17657195618679,0,0.2176569092468454,20.84067104203211,11.520806546847993,2.1014732103014593,0.08473220029606417,1.004941738045547,0.08258101232430343,0.13507589692254196,10.02429126097567,14.93315969225512,0.0,False,,,,
synthetic-inprior,inprior_0105,DNN spectrum n20,20,20,False,0.15038549999007955,57.05340965081345,57.05340965081345,0,0.0,,2.7777777777778248,3.710345387711774,0.5485229768911152,3.1249814926536086,0.13507589692254196,0.13507589692254196,10.02429126097567,14.93315969225512,0.0,False,,,,
synthetic-inprior,inprior_0105,DNN classifier n50,50,50,False,0.1366115999990143,49.516154782125895,49.516154782125895,0,1.2268000691806037e-06,24.499999999969372,1.000002471671028,3.8731389041124213,0.8514963153565014,3.2910941746058806,0.1350746701224728,0.13507589692254196,10.02429126097567,14.93315969225512,0.0,False,,,,
synthetic-inprior,inprior_0105,PFF ensemble,200,6,False,0.7066445000091335,37.80703451302604,37.80703451302604,0,0.14951174399472675,14.658776753721645,9.818867733688096,0.22311317879183293,0.03857414901412619,0.2452832206222666,0.014435847072184788,0.13507589692254196,10.02429126097567,14.93315969225512,0.0,False,,,,
synthetic-inprior,inprior_0105,TSVD_NN,100,7,True,0.033143599997856654,33.30727483682498,33.30727483682498,0,0.09168085480355606,49.49999466783794,5.263123350621747,4.6912898161565115,0.6149625670948747,2.972045304549241,0.0433950421189859,0.13507589692254196,10.02429126097567,14.93315969225512,0.0,False,,,,
synthetic-inprior,inprior_0105,truth (reference),200,6,False,0.0,37.78705828887049,37.78705828887049,0,0.13507589692254196,14.999261321149522,10.02429126097567,0.0,0.0,0.0,0.0,0.13507589692254196,10.02429126097567,14.93315969225512,,False,,,,
synthetic-inprior,inprior_0106,CNN n50,50,50,False,0.14559519999602344,32.05310420022916,32.05310420022916,0,0.2950674230293357,18.785576945392222,15.75982774714853,5.089264983981806,0.23316986058943845,0.38444278103980256,0.2331698605894384,0.5282372836187741,28.506304414387486,17.9932145263465,9.842359335688439,True,,,,
synthetic-inprior,inprior_0106,DNN spectrum n20,20,20,False,0.11970270000165328,52.888401505134425,52.888401505134425,0,0.0,,2.777777777778164,12.031072159180102,0.8216905277491392,3.9587355046406967,0.5282372836187741,0.5282372836187741,28.506304414387486,17.9932145263465,9.842359335688439,True,,,,
synthetic-inprior,inprior_0106,DNN classifier n50,50,50,False,0.12906629999633878,45.89796417251116,45.89796417251116,0,1.2268000691806037e-06,24.499999999969372,1.000002471671028,11.96174352004196,0.9415881349794142,4.070310409057308,0.5282360568187049,0.5282372836187741,28.506304414387486,17.9932145263465,9.842359335688439,True,,,,
synthetic-inprior,inprior_0106,PFF ensemble,200,6,False,0.7228023000061512,34.316664392887915,34.316664392887915,0,0.164693238242327,14.980418145642695,10.172082028994962,8.094568867624531,0.3755951374526953,1.4670983690237795,0.3635440453764471,0.5282372836187741,28.506304414387486,17.9932145263465,9.842359335688439,True,15.862035751342773,2.1311787750037254,3.388782024383545,True
synthetic-inprior,inprior_0106,TSVD_NN,100,7,True,0.023351799987722188,31.254198222697937,31.254198222697937,0,0.26775613907384066,22.94206296206585,4.150907437328059,5.910120942361131,0.709265363345749,3.566142469758184,0.26048114454493343,0.5282372836187741,28.506304414387486,17.9932145263465,9.842359335688439,True,,,,
synthetic-inprior,inprior_0106,truth (reference),200,6,False,0.0,31.509582159879237,31.509582159879237,0,0.5282372836187741,21.290877047476187,28.506304414387486,0.0,0.0,0.0,0.0,0.5282372836187741,28.506304414387486,17.9932145263465,,True,,,,
synthetic-inprior,inprior_0107,CNN n50,50,50,False,0.13296519999857992,30.086200362663494,30.086200362663494,0,0.12584406736280013,17.361746342194756,9.172722537515401,0.5836556954854046,0.058066301690356883,0.6345526090832612,0.015585356849410287,0.14142942421221041,10.25839557139119,15.061455294534923,0.0,False,,,,
synthetic-inprior,inprior_0107,DNN spectrum n20,20,20,False,0.12726730000576936,43.845257561940585,43.845257561940585,0,2.5315701922555666e-32,16.299999999999997,2.7777777947046505,3.8269450121539585,0.5561438102960603,3.1542958551777613,0.14142942421221041,0.14142942421221041,10.25839557139119,15.061455294534923,0.0,False,,,,
synthetic-inprior,inprior_0107,DNN classifier n50,50,50,False,0.11653910001041368,37.80646778325493,37.80646778325493,0,1.2268000691806037e-06,24.499999999969372,1.000002471671028,3.982190646546442,0.8539149271764703,3.318465794422177,0.14142819741214124,0.14142942421221041,10.25839557139119,15.061455294534923,0.0,False,,,,
synthetic-inprior,inprior_0107,PFF ensemble,200,6,False,0.7822474999993574,30.64835046415804,30.64835046415804,0,0.11306251576832911,14.28727565599299,8.263524098802437,0.8200444705642318,0.09000221921510668,0.7386015840943172,0.028366908443881303,0.14142942421221041,10.25839557139119,15.061455294534923,0.0,False,,,,
synthetic-inprior,inprior_0107,TSVD_NN,100,7,True,0.04631969999172725,29.877807079305924,29.877807079305924,0,0.10518394895105591,23.399441618791073,4.764854740434021,2.284870365151141,0.6008890964794541,2.7252145101622642,0.0362454752611545,0.14142942421221041,10.25839557139119,15.061455294534923,0.0,False,,,,
synthetic-inprior,inprior_0107,truth (reference),200,6,False,0.0,30.21760582854622,30.21760582854622,0,0.14142942421221041,15.113747172793246,10.25839557139119,0.0,0.0,0.0,0.0,0.14142942421221041,10.25839557139119,15.061455294534923,,False,,,,
synthetic-inprior,inprior_0108,CNN n50,50,50,False,0.13333890000649262,30.171535144447162,30.171535144447162,0,0.09625385356502116,18.16880648530352,7.823522189495136,1.1080586836247508,0.16836979416200637,1.1804911244717549,0.0336205869194713,0.12987444048449245,6.074262797113826,16.74180998276867,16.121018951442295,True,,,,
synthetic-inprior,inprior_0108,DNN spectrum n20,20,20,False,0.12327369999547955,40.021250493494556,40.021250493494556,0,0.0,,2.7777777777777772,2.746522605781921,0.365989944274551,3.297485467793849,0.12987444048449245,0.12987444048449245,6.074262797113826,16.74180998276867,16.121018951442295,True,,,,
synthetic-inprior,inprior_0108,DNN classifier n50,50,50,False,0.15397130000928883,35.04807163216358,35.04807163216358,0,1.2268000691806037e-06,24.499999999969372,1.000002471671028,3.1605829822089344,0.8023524021620732,3.5625174054171893,0.12987321368442328,0.12987444048449245,6.074262797113826,16.74180998276867,16.121018951442295,True,,,,
synthetic-inprior,inprior_0108,PFF ensemble,200,6,False,0.7535614000080386,30.688397893659364,30.688397893659364,0,0.07873462395119696,14.127129307810737,6.700191718263774,0.7445396649566536,0.1079583755879245,0.5889377561446337,0.051139816533295496,0.12987444048449245,6.074262797113826,16.74180998276867,16.121018951442295,True,15.208913803100586,1.5328961796680858,3.7385499477386475,True
synthetic-inprior,inprior_0108,TSVD_NN,100,7,True,0.034033999996609055,29.77967962983498,29.77967962983498,0,0.10837593731503053,20.99333447341465,4.787083807848355,1.1175875988233677,0.1993399240197866,2.670883513713288,0.02149850316946192,0.12987444048449245,6.074262797113826,16.74180998276867,16.121018951442295,True,,,,
synthetic-inprior,inprior_0108,truth (reference),200,6,False,0.0,30.0007270886668,30.0007270886668,0,0.12987444048449245,16.026543990468436,6.074262797113826,0.0,0.0,0.0,0.0,0.12987444048449245,6.074262797113826,16.74180998276867,,True,,,,
synthetic-inprior,inprior_0109,CNN n50,50,50,False,0.12962760000664275,27.293458794347004,27.293458794347004,0,0.15037631010395025,18.00554478903875,10.505029998942318,1.2606869844642294,0.1599486426165901,1.3605233808963186,0.017945801389776972,0.16832211149372722,8.149082577888619,12.5098618470569,17.199051066686863,True,,,,
synthetic-inprior,inprior_0109,DNN spectrum n20,20,20,False,0.15348100000119302,38.863507240130865,38.863507240130865,0,0.0,,2.7777777954464824,3.2007466146743493,0.4693881455747551,2.9972623654204607,0.16832211149372722,0.16832211149372722,8.149082577888619,12.5098618470569,17.199051066686863,True,,,,
synthetic-inprior,inprior_0109,DNN classifier n50,50,50,False,0.14546299999346957,33.04465486373449,33.04465486373449,0,1.2268000691806037e-06,24.499999999969372,1.000002471671028,3.4867875426115322,0.8321858288155254,3.228969259692467,0.16832088469365805,0.16832211149372722,8.149082577888619,12.5098618470569,17.199051066686863,True,,,,
synthetic-inprior,inprior_0109,PFF ensemble,200,6,False,0.7050912999984575,27.709238369440552,27.709238369440552,0,0.10211558006951514,14.001077546032414,8.208549550566264,0.5497157055436042,0.10213400670314311,0.6312559971722245,0.06620653142421208,0.16832211149372722,8.149082577888619,12.5098618470569,17.199051066686863,True,14.381704330444336,1.8718424833874359,3.62605619430542,True
synthetic-inprior,inprior_0109,TSVD_NN,100,7,True,0.01842070001293905,27.126902786781265,27.126902786781265,0,0.07719312826071004,24.740625630021896,5.353906349269351,2.266266658405202,0.4514440041102703,2.7999698073833286,0.09112898323301719,0.16832211149372722,8.149082577888619,12.5098618470569,17.199051066686863,True,,,,
synthetic-inprior,inprior_0109,truth (reference),200,6,False,0.0,27.625147225545184,27.625147225545184,0,0.16832211149372722,12.802923650349458,8.149082577888619,0.0,0.0,0.0,0.0,0.16832211149372722,8.149082577888619,12.5098618470569,,True,,,,
synthetic-inprior,inprior_0110,CNN n50,50,50,False,0.1424849000031827,32.42026004811387,32.42026004811387,0,0.48452774909039503,21.930052307133824,27.113709862003454,4.25971448456276,0.3291784656618181,1.8517928284317027,0.03629966075458002,0.448228088335815,14.373401241472896,15.915633003711477,22.043321864704847,True,,,,
synthetic-inprior,inprior_0110,DNN spectrum n20,20,20,False,0.15293559999554418,41.94812644053956,41.94812644053956,0,5.20851795532371e-27,16.300004226214604,2.779077347929995,6.052219096441667,0.8262659166762636,3.11642541351535,0.448228088335815,0.448228088335815,14.373401241472896,15.915633003711477,22.043321864704847,True,,,,
synthetic-inprior,inprior_0110,DNN classifier n50,50,50,False,0.1308720000088215,50.104643513072055,50.104643513072055,0,1.2268000691806037e-06,24.499999999969372,1.000002471671028,7.4541242263933665,0.8955618635588846,3.3963188496342744,0.4482268615357458,0.448228088335815,14.373401241472896,15.915633003711477,22.043321864704847,True,,,,
synthetic-inprior,inprior_0110,PFF ensemble,200,6,False,0.6682794999942416,34.34163347810522,34.34163347810522,0,0.2801710189924636,17.175031314896984,15.490915778907647,2.155182069742573,0.2651038023593559,1.419618381736901,0.1680570693433514,0.448228088335815,14.373401241472896,15.915633003711477,22.043321864704847,True,15.362054824829102,0.5535781788823755,3.4053211212158203,True
synthetic-inprior,inprior_0110,TSVD_NN,100,7,True,0.053793500002939254,31.24608077489044,31.24608077489044,0,0.15736838632586062,49.32971614342294,6.783861657360656,8.268724268047293,0.8282511531738641,2.9839112252478173,0.29085970200995437,0.448228088335815,14.373401241472896,15.915633003711477,22.043321864704847,True,,,,
synthetic-inprior,inprior_0110,truth (reference),200,6,False,0.0,34.28022555800966,34.28022555800966,0,0.448228088335815,15.599027321127906,14.373401241472896,0.0,0.0,0.0,0.0,0.448228088335815,14.373401241472896,15.915633003711477,,True,,,,
synthetic-inprior,inprior_0111,CNN n50,50,50,False,0.12409840000327677,32.112197299505496,32.112197299505496,0,0.14936882876601912,18.6413816172068,9.582756267349692,2.3969654458418765,0.15143664550348998,1.358770556381896,0.10950508380290398,0.039863744963115136,6.260385279503497,16.20485284581012,0.0,False,,,,
synthetic-inprior,inprior_0111,DNN spectrum n20,20,20,False,0.11558049998711795,46.949682553368355,46.949682553368355,0,0.0,,2.7777777779295807,1.8301882364543762,0.3803414635773928,2.8385144539426106,0.039863744963115136,0.039863744963115136,6.260385279503497,16.20485284581012,0.0,False,,,,
synthetic-inprior,inprior_0111,DNN classifier n50,50,50,False,0.1297162999981083,41.00594333417292,41.00594333417292,0,1.2268000691806037e-06,24.499999999969372,1.000002471671028,2.181094920778564,0.8004136203617278,3.0819665527202305,0.03986251816304596,0.039863744963115136,6.260385279503497,16.20485284581012,0.0,False,,,,
synthetic-inprior,inprior_0111,PFF ensemble,200,6,False,0.6339524000068195,33.4262275053982,33.4262275053982,0,0.10403244777961865,14.235615832449868,7.346441843117647,0.8506843854584414,0.06574476548825817,0.3121023876722347,0.06416870281650351,0.039863744963115136,6.260385279503497,16.20485284581012,0.0,False,,,,
synthetic-inprior,inprior_0111,TSVD_NN,100,7,True,0.021666699991328642,31.76570181444988,31.76570181444988,0,0.07849018671660672,27.55494380203841,2.963341390432675,2.8876815226731054,0.574708467996824,2.400156033024815,0.038626441753491586,0.039863744963115136,6.260385279503497,16.20485284581012,0.0,False,,,,
synthetic-inprior,inprior_0111,truth (reference),200,6,False,0.0,35.20611728870744,35.20611728870744,0,0.039863744963115136,13.13009225688238,6.260385279503497,0.0,0.0,0.0,0.0,0.039863744963115136,6.260385279503497,16.20485284581012,,False,,,,
synthetic-inprior,inprior_0112,CNN n50,50,50,False,0.12066879999474622,27.902889947041494,27.902889947041494,0,0.12310141341694632,17.54299601441975,9.19613223352283,1.0859260997638245,0.05752686884605566,1.203827333287361,0.04574526160913392,0.0773561518078124,7.857195317659727,22.12448754159447,0.0,False,,,,
synthetic-inprior,inprior_0112,DNN spectrum n20,20,20,False,0.1510946999915177,42.97198304341573,42.97198304341573,0,0.0,,2.777778546511186,2.6284805315193625,0.46403555280595765,2.829751682431844,0.0773561518078124,0.0773561518078124,7.857195317659727,22.12448754159447,0.0,False,,,,
synthetic-inprior,inprior_0112,DNN classifier n50,50,50,False,0.1286753000022145,36.417285364883554,36.417285364883554,0,1.2268000691806037e-06,24.499999999969372,1.000002471671028,2.8800619394112252,0.8251817239138546,3.021171211195366,0.07735492500774321,0.0773561518078124,7.857195317659727,22.12448754159447,0.0,False,,,,
synthetic-inprior,inprior_0112,PFF ensemble,200,6,False,0.6767599000013433,28.67781345735618,28.67781345735618,0,0.10086657556233222,13.88400992858442,8.324240035476032,0.280711069235269,0.02503011727494127,0.06958389588497961,0.023510423754519824,0.0773561518078124,7.857195317659727,22.12448754159447,0.0,False,,,,
synthetic-inprior,inprior_0112,TSVD_NN,100,7,True,0.018093600010615773,27.57201289361954,27.57201289361954,0,0.028608662000616455,47.5,7.758082738068206,2.288213383407146,0.3808547792739406,2.3787544240270977,0.04874748980719594,0.0773561518078124,7.857195317659727,22.12448754159447,0.0,False,,,,
synthetic-inprior,inprior_0112,truth (reference),200,6,False,0.0,28.95954617865647,28.95954617865647,0,0.0773561518078124,13.927186868114603,7.857195317659727,0.0,0.0,0.0,0.0,0.0773561518078124,7.857195317659727,22.12448754159447,,False,,,,
synthetic-inprior,inprior_0113,CNN n50,50,50,False,0.12676439998904243,29.207428900378858,29.207428900378858,0,0.41910695468130194,21.149628003398934,20.226525746842245,2.617774198279104,0.13440982573934834,0.3394234649719558,0.1085204134235414,0.31058654125776053,17.02343893512535,15.772673305238618,5.497747750642693,True,,,,
synthetic-inprior,inprior_0113,DNN spectrum n20,20,20,False,0.15389739999955054,52.602022531714454,52.602022531714454,0,0.0,,2.7777782940620392,7.090394742938437,0.7027464268420016,3.6660224395042342,0.31058654125776053,0.31058654125776053,17.02343893512535,15.772673305238618,5.497747750642693,True,,,,
synthetic-inprior,inprior_0113,DNN classifier n50,50,50,False,0.13631319999694824,45.4293544447478,45.4293544447478,0,1.2268000691806037e-06,24.499999999969372,1.000002471671028,7.113090962448914,0.9015422658690819,3.798453158976906,0.31058531445769133,0.31058654125776053,17.02343893512535,15.772673305238618,5.497747750642693,True,,,,
synthetic-inprior,inprior_0113,PFF ensemble,200,6,False,0.7440157999953954,30.69310385671427,30.69310385671427,0,0.25424356466313247,16.498282974951703,14.265911791208119,1.3417754312560701,0.06236369799289979,0.28252474589028187,0.05634297659462806,0.31058654125776053,17.02343893512535,15.772673305238618,5.497747750642693,True,15.00873851776123,0.7639347874773872,3.414842128753662,True
synthetic-inprior,inprior_0113,TSVD_NN,100,7,True,0.11825909999606665,29.022735455856377,29.022735455856377,0,0.9549143406714806,15.381437697027913,7.978572688390094,7.243431339110026,0.7713172979205707,3.35473385419193,0.6443277994137201,0.31058654125776053,17.02343893512535,15.772673305238618,5.497747750642693,True,,,,
synthetic-inprior,inprior_0113,truth (reference),200,6,False,0.0,29.913223944284756,29.913223944284756,0,0.31058654125776053,18.038773584658372,17.02343893512535,0.0,0.0,0.0,0.0,0.31058654125776053,17.02343893512535,15.772673305238618,,True,,,,
synthetic-inprior,inprior_0114,CNN n50,50,50,False,0.1527500000083819,28.425452795513156,28.425452795513156,0,0.29574238484852816,18.482072396874347,15.247220687522473,1.4317824751823975,0.0692641021278637,0.5416320642892843,0.05212984263126702,0.24361254221726114,13.769471079572062,11.791438729327785,22.347339874790492,True,,,,
synthetic-inprior,inprior_0114,DNN spectrum n20,20,20,False,0.1383130999893183,47.52570985496927,47.52570985496927,0,9.337264095230593e-29,16.299999991736907,2.777777777788463,5.370783318561413,0.6478300272436072,3.3966682045898238,0.24361254221726114,0.24361254221726114,13.769471079572062,11.791438729327785,22.347339874790492,True,,,,
synthetic-inprior,inprior_0114,DNN classifier n50,50,50,False,0.15242660000512842,40.72248555494101,40.72248555494101,0,1.2268000691806037e-06,24.499999999969372,1.000002471671028,5.448357962730742,0.8844902531299157,3.5436968116696663,0.24361131541719197,0.24361254221726114,13.769471079572062,11.791438729327785,22.347339874790492,True,,,,
synthetic-inprior,inprior_0114,PFF ensemble,200,6,False,0.810784599991166,29.35641377705167,29.35641377705167,0,0.19873970153193063,15.664191441847272,12.084617187379536,0.6431671385868776,0.06344465259625161,0.1355941668591579,0.04487284068533051,0.24361254221726114,13.769471079572062,11.791438729327785,22.347339874790492,True,15.144081115722656,3.352642386394871,3.3960494995117188,True
synthetic-inprior,inprior_0114,TSVD_NN,100,7,True,0.45422279999183957,28.175494871658394,28.175494871658394,0,0.36141907863994616,17.46957652962756,6.801509469723308,3.7002756474782874,0.5746687097259086,3.0577578231226354,0.11780653642268502,0.24361254221726114,13.769471079572062,11.791438729327785,22.347339874790492,True,,,,
synthetic-inprior,inprior_0114,truth (reference),200,6,False,0.0,29.081216755520387,29.081216755520387,0,0.24361254221726114,15.411306620393487,13.769471079572062,0.0,0.0,0.0,0.0,0.24361254221726114,13.769471079572062,11.791438729327785,,True,,,,
synthetic-inprior,inprior_0115,CNN n50,50,50,False,0.1584800999989966,31.74384272252293,31.74384272252293,0,0.048407253015798415,18.369768881106918,6.218120099413556,1.4690146296707145,0.15968324267128764,0.7161302188568064,0.06959862967219362,0.11800588268799203,9.394729663778923,11.840174605037959,0.0,False,,,,
synthetic-inprior,inprior_0115,DNN spectrum n20,20,20,False,0.1377861000073608,42.62239709763696,42.62239709763696,0,0.0,,2.7777777809014896,3.3964348317135604,0.5267256413075388,3.040685359130724,0.11800588268799203,0.11800588268799203,9.394729663778923,11.840174605037959,0.0,False,,,,
synthetic-inprior,inprior_0115,DNN classifier n50,50,50,False,0.17098429999896325,37.37292926691574,37.37292926691574,0,1.2268000691806037e-06,24.499999999969372,1.000002471671028,3.5812098827039334,0.844614668979588,3.2125233313154995,0.11800465588792285,0.11800588268799203,9.394729663778923,11.840174605037959,0.0,False,,,,
synthetic-inprior,inprior_0115,PFF ensemble,200,6,False,0.6767361999955028,31.877176387547813,31.877176387547813,0,0.07557173458147892,13.388729885977495,7.001106149399556,1.0818726783113783,0.10822017099841157,0.8696484203437089,0.04243414810651311,0.11800588268799203,9.394729663778923,11.840174605037959,0.0,False,,,,
synthetic-inprior,inprior_0115,TSVD_NN,100,7,True,0.029982799998833798,31.01429461294582,31.01429461294582,0,0.01901390899427637,47.5,3.64990189853555,1.789424157735811,0.5274895665175935,2.799287818158816,0.09899197369371567,0.11800588268799203,9.394729663778923,11.840174605037959,0.0,False,,,,
synthetic-inprior,inprior_0115,truth (reference),200,6,False,0.0,31.33842236180893,31.33842236180893,0,0.11800588268799203,14.689816526506208,9.394729663778923,0.0,0.0,0.0,0.0,0.11800588268799203,9.394729663778923,11.840174605037959,,False,,,,
synthetic-inprior,inprior_0116,CNN n50,50,50,False,0.1509379000053741,32.86146750299098,32.86146750299098,0,0.03690041439680612,19.325090409216898,5.443207952129171,0.8806975021988662,0.07748665160114944,1.091083061656281,0.06099437346346662,0.09789478786027274,5.730647648075422,16.64152589666603,17.66318832646851,True,,,,
synthetic-inprior,inprior_0116,DNN spectrum n20,20,20,False,0.16824119999364484,42.70181134533506,42.70181134533506,0,0.0,,2.77777782435277,2.3017380780768195,0.34568665584395897,3.1714213025884717,0.09789478786027274,0.09789478786027274,5.730647648075422,16.64152589666603,17.66318832646851,True,,,,
synthetic-inprior,inprior_0116,DNN classifier n50,50,50,False,0.13978829998814035,37.10306321072001,37.10306321072001,0,1.2268000691806037e-06,24.499999999969372,1.000002471671028,2.7315780220012855,0.7954790853274973,3.447733260634013,0.09789356106020355,0.09789478786027274,5.730647648075422,16.64152589666603,17.66318832646851,True,,,,
synthetic-inprior,inprior_0116,PFF ensemble,200,6,False,0.7754502000025241,33.581672151670666,33.581672151670666,0,0.04616700592710986,13.066889295763136,5.661536125395317,0.6718936446344655,0.07516567951026525,0.5346596556954518,0.05172778193316288,0.09789478786027274,5.730647648075422,16.64152589666603,17.66318832646851,True,13.355596542358398,3.2859293543076333,3.686811685562134,True
synthetic-inprior,inprior_0116,TSVD_NN,100,7,True,0.04313589999219403,31.2679235630738,31.2679235630738,0,0.02295500057263289,49.350758546610734,5.002727427848165,1.9789236714724807,0.27051630718911734,2.8094539548833346,0.07493978728763985,0.09789478786027274,5.730647648075422,16.64152589666603,17.66318832646851,True,,,,
synthetic-inprior,inprior_0116,truth (reference),200,6,False,0.0,32.69148341143235,32.69148341143235,0,0.09789478786027274,15.848927288287072,5.730647648075422,0.0,0.0,0.0,0.0,0.09789478786027274,5.730647648075422,16.64152589666603,,True,,,,
synthetic-inprior,inprior_0117,CNN n50,50,50,False,0.10707519999414217,36.24863638916167,36.24863638916167,0,0.015515429354139779,18.758771878983616,4.411403974869736,0.34949315916890933,0.04676958169038582,0.8428130584565191,0.009927470489217851,0.005587958864921929,3.9417555047026185,16.9849069706685,0.0,False,,,,
synthetic-inprior,inprior_0117,DNN spectrum n20,20,20,False,0.0886439000023529,44.040295976228094,44.040295976228094,0,0.0,,2.777777777793751,0.6803067082992538,0.21566274430996105,2.755768108056111,0.005587958864921929,0.005587958864921929,3.9417555047026185,16.9849069706685,0.0,False,,,,
synthetic-inprior,inprior_0117,DNN classifier n50,50,50,False,0.06568660000630189,38.663448500418156,38.663448500418156,0,1.2268000691806037e-06,24.499999999969372,1.000002471671028,1.280278482868931,0.759078094848502,3.150695569960233,0.005586732064852749,0.005587958864921929,3.9417555047026185,16.9849069706685,0.0,False,,,,
synthetic-inprior,inprior_0117,PFF ensemble,200,6,False,0.25022220000391826,37.036163740238344,37.036163740238344,0,0.012085925316151058,12.36879602654493,4.502748656032655,0.28969582741285693,0.05060372244726835,0.39019160724145235,0.006497966451229129,0.005587958864921929,3.9417555047026185,16.9849069706685,0.0,False,,,,
synthetic-inprior,inprior_0117,TSVD_NN,100,7,True,0.006143100006738678,33.424412925613005,33.424412925613005,0,0.01815014525489502,49.5,4.526409257402383,1.8415520693935643,0.4637197621096024,2.403831047798,0.012562186389973092,0.005587958864921929,3.9417555047026185,16.9849069706685,0.0,False,,,,
synthetic-inprior,inprior_0117,truth (reference),200,6,False,0.0,38.45304977873545,38.45304977873545,0,0.005587958864921929,11.97087771337205,3.9417555047026185,0.0,0.0,0.0,0.0,0.005587958864921929,3.9417555047026185,16.9849069706685,,False,,,,
synthetic-inprior,inprior_0118,CNN n50,50,50,False,0.04563139998936094,30.150925904281586,30.150925904281586,0,0.12343061065245682,17.67625026147133,9.976097557157127,1.3270989487567402,0.13029619234856002,1.2119217735235175,0.029447108133348457,0.09398350251910836,7.393664824988339,15.454958782326338,13.477630343751144,True,,,,
synthetic-inprior,inprior_0118,DNN spectrum n20,20,20,False,0.04930689999309834,43.143515675566164,43.143515675566164,0,0.0,,2.777784257957715,2.6270564224279846,0.43661122086460225,2.95248786469414,0.09398350251910836,0.09398350251910836,7.393664824988339,15.454958782326338,13.477630343751144,True,,,,
synthetic-inprior,inprior_0118,DNN classifier n50,50,50,False,0.04477069999848027,37.17340243983502,37.17340243983502,0,1.2268000691806037e-06,24.499999999969372,1.000002471671028,2.920911016431946,0.8183595307277848,3.1678192865731893,0.09398227571903918,0.09398350251910836,7.393664824988339,15.454958782326338,13.477630343751144,True,,,,
synthetic-inprior,inprior_0118,PFF ensemble,200,6,False,0.2221720999950776,30.83826384648342,30.83826384648342,0,0.10247270912607712,14.282167668831653,7.67923088502763,0.14210456912382827,0.013951507044339456,0.08338572986313328,0.008489206606968752,0.09398350251910836,7.393664824988339,15.454958782326338,13.477630343751144,True,15.314794540405273,0.1401642419210649,3.711019992828369,True
synthetic-inprior,inprior_0118,TSVD_NN,100,7,True,0.004327500006183982,29.930031869243987,29.930031869243987,0,0.06869444941732412,25.200022250868514,5.435532241031419,1.586622827172175,0.3525601553876496,2.6452709886405663,0.02528905310178424,0.09398350251910836,7.393664824988339,15.454958782326338,13.477630343751144,True,,,,
synthetic-inprior,inprior_0118,truth (reference),200,6,False,0.0,30.944017229934687,30.944017229934687,0,0.09398350251910836,14.29007426947422,7.393664824988339,0.0,0.0,0.0,0.0,0.09398350251910836,7.393664824988339,15.454958782326338,,True,,,,
synthetic-inprior,inprior_0119,CNN n50,50,50,False,0.04451059999701101,32.658530698931855,32.658530698931855,0,0.06930905831835596,19.751163047781617,5.815860383251346,0.8818198569500393,0.14769874507156622,0.8975573909187319,0.025834051027755045,0.095143109346111,4.91341826434086,10.126779474512574,13.771910943816927,True,,,,
synthetic-inprior,inprior_0119,DNN spectrum n20,20,20,False,0.04780519999621902,42.77874237492675,42.77874237492675,0,0.0,,2.7777777782535473,1.9334992176744892,0.31859572090814803,3.533010135971692,0.095143109346111,0.095143109346111,4.91341826434086,10.126779474512574,13.771910943816927,True,,,,
synthetic-inprior,inprior_0119,DNN classifier n50,50,50,False,0.04474589999881573,38.205778953152645,38.205778953152645,0,1.2268000691806037e-06,24.499999999969372,1.000002471671028,2.490965537339929,0.80274299628763,3.8962568209571686,0.09514188254604182,0.095143109346111,4.91341826434086,10.126779474512574,13.771910943816927,True,,,,
synthetic-inprior,inprior_0119,PFF ensemble,200,6,False,0.22827700000198092,33.16531461950485,33.16531461950485,0,0.07306715712916526,14.21753657401221,5.872359342519654,0.546705579849248,0.15792668261187767,0.8077029284634738,0.02207595221694575,0.095143109346111,4.91341826434086,10.126779474512574,13.771910943816927,True,14.981193542480469,4.854414067967895,3.510719060897827,False
synthetic-inprior,inprior_0119,TSVD_NN,100,7,True,0.007048799991025589,32.28916623505631,32.28916623505631,0,0.2142318572936903,12.8195665495939,3.670805831127176,1.069347784756134,0.2091869721559706,2.12877938261099,0.11908874794757929,0.095143109346111,4.91341826434086,10.126779474512574,13.771910943816927,True,,,,
synthetic-inprior,inprior_0119,truth (reference),200,6,False,0.0,33.17096440765638,33.17096440765638,0,0.095143109346111,12.111438600838301,4.91341826434086,0.0,0.0,0.0,0.0,0.095143109346111,4.91341826434086,10.126779474512574,,True,,,,
synthetic-inprior,inprior_0120,CNN n50,50,50,False,0.047512699995422736,31.716387147783497,31.716387147783497,0,0.013366037120530447,18.50877780074193,4.004864415352223,0.5617081213419262,0.10171399988088113,0.7145136247183999,0.005982338176527206,0.019348375297057654,5.135102471163893,22.497988514293212,0.0,False,,,,
synthetic-inprior,inprior_0120,DNN spectrum n20,20,20,False,0.04474040000059176,36.14213550695378,36.14213550695378,0,0.0,,2.7777777785516737,1.2675511135509574,0.30619166606365145,2.784164975535698,0.019348375297057654,0.019348375297057654,5.135102471163893,22.497988514293212,0.0,False,,,,
synthetic-inprior,inprior_0120,DNN classifier n50,50,50,False,0.043692000006558374,32.72929079431275,32.72929079431275,0,1.2268000691806037e-06,24.499999999969372,1.000002471671028,1.7195087373816764,0.780277226221048,3.0799030868034305,0.019347148496988473,0.019348375297057654,5.135102471163893,22.497988514293212,0.0,False,,,,
synthetic-inprior,inprior_0120,PFF ensemble,200,6,False,0.2279564000054961,31.98851031325831,31.98851031325831,0,0.010967327209452888,12.257362869504052,4.393178626124788,0.3615970949228756,0.05867776147369691,0.42247218141398896,0.008381048087604766,0.019348375297057654,5.135102471163893,22.497988514293212,0.0,False,,,,
synthetic-inprior,inprior_0120,TSVD_NN,100,7,True,0.004160600001341663,30.79727089760855,30.79727089760855,0,0.011719684131369545,48.01251542931131,3.7191990633933227,1.1758564429469083,0.17254051620856634,2.50774686273933,0.007628691165688109,0.019348375297057654,5.135102471163893,22.497988514293212,0.0,False,,,,
synthetic-inprior,inprior_0120,truth (reference),200,6,False,0.0,31.659363197584106,31.659363197584106,0,0.019348375297057654,12.567545643697128,5.135102471163893,0.0,0.0,0.0,0.0,0.019348375297057654,5.135102471163893,22.497988514293212,,False,,,,
synthetic-inprior,inprior_0121,CNN n50,50,50,False,0.04882260000158567,32.99828865906568,32.99828865906568,0,0.4433276027807408,20.46320390320813,23.219617914838626,5.509371660287717,0.2423904432773484,1.105743219065501,0.2352951038731431,0.2080324989075977,11.784975125511036,14.18197375423298,10.554051055283534,True,,,,
synthetic-inprior,inprior_0121,DNN spectrum n20,20,20,False,0.046797399991191924,57.02678800420394,57.02678800420394,0,0.0,,2.7777777777777772,4.583061405171327,0.5941044427874572,3.2109258319827565,0.2080324989075977,0.2080324989075977,11.784975125511036,14.18197375423298,10.554051055283534,True,,,,
synthetic-inprior,inprior_0121,DNN classifier n50,50,50,False,0.04735229999641888,49.321741778708834,49.321741778708834,0,1.2268000691806037e-06,24.499999999969372,1.000002471671028,4.712293829950966,0.8676371456318445,3.3699971578300882,0.20803127210752853,0.2080324989075977,11.784975125511036,14.18197375423298,10.554051055283534,True,,,,
synthetic-inprior,inprior_0121,PFF ensemble,200,6,False,0.2354578000085894,34.927534148037616,34.927534148037616,0,0.2504181103929357,16.542511974187338,14.158661391078736,1.1254622504793166,0.07139728375235865,0.4599080593572445,0.04238561148533801,0.2080324989075977,11.784975125511036,14.18197375423298,10.554051055283534,True,15.357867240905762,1.1758934866727824,3.3916537761688232,True
synthetic-inprior,inprior_0121,TSVD_NN,100,7,True,0.054855599999427795,31.725292671783198,31.725292671783198,0,0.14836540028343495,49.5,4.817408269792031,7.529369679820748,0.7705489305044738,3.1597863681762,0.05966709862416275,0.2080324989075977,11.784975125511036,14.18197375423298,10.554051055283534,True,,,,
synthetic-inprior,inprior_0121,truth (reference),200,6,False,0.0,36.04147365990001,36.04147365990001,0,0.2080324989075977,14.875834695519146,11.784975125511036,0.0,0.0,0.0,0.0,0.2080324989075977,11.784975125511036,14.18197375423298,,True,,,,
synthetic-inprior,inprior_0122,CNN n50,50,50,False,0.047785300004761666,36.63103258734481,36.63103258734481,0,0.5290502871522309,39.458852319535545,17.28774765133928,7.095664229453263,0.49294272336689166,0.7677429400772954,0.16256368842570867,0.6916139755779396,44.23931949721575,10.479975251591451,18.041717530769365,True,,,,
synthetic-inprior,inprior_0122,DNN spectrum n20,20,20,False,0.050113899997086264,45.768223129467785,45.768223129467785,0,0.3277748308284595,16.313652595173906,7.275510485818881,12.636620886889233,0.7743268588524022,3.797711280365822,0.3638391447494801,0.6916139755779396,44.23931949721575,10.479975251591451,18.041717530769365,True,,,,
synthetic-inprior,inprior_0122,DNN classifier n50,50,50,False,0.046716700002434663,64.54604826011428,64.54604826011428,0,1.2268000691806037e-06,24.499999999969372,1.000002471671028,18.515496136239157,0.9678713401273662,4.231592339458886,0.6916127487778704,0.6916139755779396,44.23931949721575,10.479975251591451,18.041717530769365,True,,,,
synthetic-inprior,inprior_0122,PFF ensemble,200,6,False,0.25992589999805205,37.869568554015075,37.869568554015075,0,0.7585824132143291,28.618769620061787,48.95399059988817,2.950371236936353,0.09324425502634427,0.09612347215286712,0.06696843763638949,0.6916139755779396,44.23931949721575,10.479975251591451,18.041717530769365,True,15.177838325500488,4.697863073909037,3.425825834274292,False
synthetic-inprior,inprior_0122,TSVD_NN,100,7,True,0.006273199993302114,35.502672405455925,35.502672405455925,0,0.4421772691365536,48.345431099163214,2.300054210372291,11.61690635835736,0.9313682135532128,4.115161120384148,0.249436706441386,0.6916139755779396,44.23931949721575,10.479975251591451,18.041717530769365,True,,,,
synthetic-inprior,inprior_0122,truth (reference),200,6,False,0.0,38.49461067515738,38.49461067515738,0,0.6916139755779396,26.646631178294033,44.23931949721575,0.0,0.0,0.0,0.0,0.6916139755779396,44.23931949721575,10.479975251591451,,True,,,,
synthetic-inprior,inprior_0123,CNN n50,50,50,False,0.06220890000986401,29.644125246795944,29.644125246795944,0,0.12792187665894636,17.13928027154134,10.046988497831398,1.6921025301731487,0.1880467836474399,1.212961579975298,0.04955087896780039,0.07837099769114597,6.291706225167079,16.781119243982655,11.64824479708344,True,,,,
synthetic-inprior,inprior_0123,DNN spectrum n20,20,20,False,0.05595969999558292,40.77255964580447,40.77255964580447,0,1.6180423166460966e-14,13.700000001506995,2.7777777780586206,2.2482435304991237,0.37806559772939796,3.058245768147751,0.07837099769112979,0.07837099769114597,6.291706225167079,16.781119243982655,11.64824479708344,True,,,,
synthetic-inprior,inprior_0123,DNN classifier n50,50,50,False,0.0531454999872949,35.35928348332667,35.35928348332667,0,1.2268000691806037e-06,24.499999999969372,1.000002471671028,2.618260661054954,0.8019326528176972,3.303816179989595,0.07836977089107679,0.07837099769114597,6.291706225167079,16.781119243982655,11.64824479708344,True,,,,
synthetic-inprior,inprior_0123,PFF ensemble,200,6,False,0.23130359999777284,30.475996748605887,30.475996748605887,0,0.06143866966359193,12.976278644340843,6.634395472553002,0.3585540438267545,0.05964582403712804,0.40748126320414857,0.01693232802755404,0.07837099769114597,6.291706225167079,16.781119243982655,11.64824479708344,True,12.13121509552002,4.649904148462635,3.6761598587036133,False
synthetic-inprior,inprior_0123,TSVD_NN,100,7,True,0.022258500001044013,29.534009141937915,29.534009141937915,0,0.04340865868892274,26.233584262623722,5.672758820304497,0.9331827534128048,0.13985660366067215,2.0375985770546245,0.03496233900222323,0.07837099769114597,6.291706225167079,16.781119243982655,11.64824479708344,True,,,,
synthetic-inprior,inprior_0123,truth (reference),200,6,False,0.0,30.067430950563303,30.067430950563303,0,0.07837099769114597,15.28940630369824,6.291706225167079,0.0,0.0,0.0,0.0,0.07837099769114597,6.291706225167079,16.781119243982655,,True,,,,
synthetic-inprior,inprior_0124,CNN n50,50,50,False,0.0471696000022348,30.306123794213477,30.306123794213477,0,0.20622083293100166,20.361666178117428,11.307990844084813,3.5801069164181394,0.2713288151789695,1.329139232576093,0.19469432302363163,0.4009151559546333,14.235599538010085,17.044712655011047,28.289426240766936,True,,,,
synthetic-inprior,inprior_0124,DNN spectrum n20,20,20,False,0.04704059999494348,47.162374545011296,47.162374545011296,0,0.0,,2.777777777778894,7.269943477379698,0.6675496237686659,3.10191088593492,0.4009151559546333,0.4009151559546333,14.235599538010085,17.044712655011047,28.289426240766936,True,,,,
synthetic-inprior,inprior_0124,DNN classifier n50,50,50,False,0.04483270000491757,40.65914851368442,40.65914851368442,0,1.2268000691806037e-06,24.499999999969372,1.000002471671028,7.3608872987014635,0.8961291312231763,3.2611009825002024,0.4009139291545641,0.4009151559546333,14.235599538010085,17.044712655011047,28.289426240766936,True,,,,
synthetic-inprior,inprior_0124,PFF ensemble,200,6,False,0.22706649999599904,32.140614658743864,32.140614658743864,0,0.13108338944729844,14.863083210320214,9.263370930336453,3.8091806926488663,0.2784351622319287,0.29763092548721154,0.26983176650733487,0.4009151559546333,14.235599538010085,17.044712655011047,28.289426240766936,True,16.454172134399414,0.5905405206116328,3.5333759784698486,True
synthetic-inprior,inprior_0124,TSVD_NN,100,7,True,0.004290299999411218,29.828621122803924,29.828621122803924,0,0.09131743644865917,31.26001075028023,4.866766801792974,6.157641309015837,0.5386423579906354,2.8746664842314416,0.30959771950597414,0.4009151559546333,14.235599538010085,17.044712655011047,28.289426240766936,True,,,,
synthetic-inprior,inprior_0124,truth (reference),200,6,False,0.0,30.674724642249657,30.674724642249657,0,0.4009151559546333,16.52274193037676,14.235599538010085,0.0,0.0,0.0,0.0,0.4009151559546333,14.235599538010085,17.044712655011047,,True,,,,
synthetic-inprior,inprior_0125,CNN n50,50,50,False,0.046086600006674416,31.592873464331262,31.592873464331262,0,0.22031080227588473,19.508392426343704,11.88269286894801,3.1098412268683013,0.19094086155162723,0.2516562129772586,0.1594615576117468,0.3797723598876315,20.618288891156084,12.974870427026534,0.0,False,,,,
synthetic-inprior,inprior_0125,DNN spectrum n20,20,20,False,0.0435596000024816,52.327009568533946,52.327009568533946,0,0.0,,2.7777777806231656,8.758427349391532,0.7488840915154102,3.8087856527245028,0.3797723598876315,0.3797723598876315,20.618288891156084,12.974870427026534,0.0,False,,,,
synthetic-inprior,inprior_0125,DNN classifier n50,50,50,False,0.04465650000202004,45.218103538938976,45.218103538938976,0,1.2268000691806037e-06,24.499999999969372,1.000002471671028,8.74201779397917,0.916547067154797,3.932440677729415,0.37977113308756233,0.3797723598876315,20.618288891156084,12.974870427026534,0.0,False,,,,
synthetic-inprior,inprior_0125,PFF ensemble,200,6,False,0.2219550000008894,32.33329577864159,32.33329577864159,0,0.2280976964344295,16.171815547838733,13.283943031038921,3.4675206372538168,0.15782281194736303,0.590449508322587,0.15167466345320202,0.3797723598876315,20.618288891156084,12.974870427026534,0.0,False,,,,
synthetic-inprior,inprior_0125,TSVD_NN,100,7,True,0.02214030000322964,30.6899070730942,30.6899070730942,0,0.29107558526729227,24.050234899664556,9.26895482087917,4.436767151223591,0.5703582425830742,3.18931894080796,0.08869677462033926,0.3797723598876315,20.618288891156084,12.974870427026534,0.0,False,,,,
synthetic-inprior,inprior_0125,truth (reference),200,6,False,0.0,31.04578039122991,31.04578039122991,0,0.3797723598876315,19.586322864018953,20.618288891156084,0.0,0.0,0.0,0.0,0.3797723598876315,20.618288891156084,12.974870427026534,,False,,,,
synthetic-inprior,inprior_0126,CNN n50,50,50,False,0.04637919999368023,34.255055202010496,34.255055202010496,0,0.023967165191983057,17.271671745158855,5.170641400051723,0.6230011054931494,0.07806664182303992,0.9558287663419797,0.016505918594102692,0.007461246597880365,4.164581308981612,11.03208957272063,0.0,False,,,,
synthetic-inprior,inprior_0126,DNN spectrum n20,20,20,False,0.05204249999951571,41.026609460244075,41.026609460244075,0,0.0,,2.777777777777842,0.7822906534308868,0.23006122001685742,2.7388588339601014,0.007461246597880365,0.007461246597880365,4.164581308981612,11.03208957272063,0.0,False,,,,
synthetic-inprior,inprior_0126,DNN classifier n50,50,50,False,0.0444986000075005,37.08885671582128,37.08885671582128,0,1.2268000691806037e-06,24.499999999969372,1.000002471671028,1.356768580698842,0.7627106329547102,3.107075070243322,0.007460019797811185,0.007461246597880365,4.164581308981612,11.03208957272063,0.0,False,,,,
synthetic-inprior,inprior_0126,PFF ensemble,200,6,False,0.22907020000275224,35.124504295533285,35.124504295533285,0,0.015022285158826733,12.368957382127403,4.613340429981065,0.24535182303225422,0.0382744294510612,0.3098631127734075,0.0075610385609463674,0.007461246597880365,4.164581308981612,11.03208957272063,0.0,False,,,,
synthetic-inprior,inprior_0126,TSVD_NN,100,7,True,0.009712200000649318,33.45735761765444,33.45735761765444,0,0.020695068460666575,35.990191403225744,4.144015149701289,0.855867112301995,0.18907929358758438,2.4546092867044322,0.01323382186278621,0.007461246597880365,4.164581308981612,11.03208957272063,0.0,False,,,,
synthetic-inprior,inprior_0126,truth (reference),200,6,False,0.0,35.847310384336936,35.847310384336936,0,0.007461246597880365,12.082290530620256,4.164581308981612,0.0,0.0,0.0,0.0,0.007461246597880365,4.164581308981612,11.03208957272063,,False,,,,
synthetic-inprior,inprior_0127,CNN n50,50,50,False,0.052939100001822226,29.759656568909683,29.759656568909683,0,0.11022097816622031,18.464373407117478,8.71135542289689,0.5349990990476526,0.03583135892702767,0.9721663021589345,0.005075258614372205,0.10514571955184811,8.91709432910767,15.678936966074088,0.0,False,,,,
synthetic-inprior,inprior_0127,DNN spectrum n20,20,20,False,0.046840899987728335,41.99241413435065,41.99241413435065,0,0.0,,2.777777789588692,3.158018881031518,0.5087991108088409,2.9712688254634374,0.10514571955184811,0.10514571955184811,8.91709432910767,15.678936966074088,0.0,False,,,,
synthetic-inprior,inprior_0127,DNN classifier n50,50,50,False,0.044403599997167476,36.22369337839507,36.22369337839507,0,1.2268000691806037e-06,24.499999999969372,1.000002471671028,3.361330470959241,0.8389990868899412,3.147994786081045,0.10514449275177892,0.10514571955184811,8.91709432910767,15.678936966074088,0.0,False,,,,
synthetic-inprior,inprior_0127,PFF ensemble,200,6,False,0.22832439999911003,30.416755429882098,30.416755429882098,0,0.0753594974167139,13.35058177139448,7.171880444841669,0.7916198654907463,0.08072382272350564,0.6814145387113113,0.02978622213513421,0.10514571955184811,8.91709432910767,15.678936966074088,0.0,False,,,,
synthetic-inprior,inprior_0127,TSVD_NN,100,7,True,0.004773599997861311,29.674894390417197,29.674894390417197,0,0.01350493445240112,49.5,8.817876504361523,1.2571672965975407,0.20807018914683875,2.442499424654927,0.09164078509944698,0.10514571955184811,8.91709432910767,15.678936966074088,0.0,False,,,,
synthetic-inprior,inprior_0127,truth (reference),200,6,False,0.0,29.972725553401443,29.972725553401443,0,0.10514571955184811,14.453770017806002,8.91709432910767,0.0,0.0,0.0,0.0,0.10514571955184811,8.91709432910767,15.678936966074088,,False,,,,
synthetic-inprior,inprior_0128,CNN n50,50,50,False,0.04850069999520201,30.599455794727426,30.599455794727426,0,0.1494949630823814,19.288849023037503,8.733659266164384,2.30447734812848,0.34207287366118916,1.1648341969914007,0.04783978198895117,0.10165518109343022,3.781564778792376,20.00351578821108,17.306100153138928,True,,,,
synthetic-inprior,inprior_0128,DNN spectrum n20,20,20,False,0.044328300005872734,43.92941760135354,43.92941760135354,0,0.0,,2.777779803058243,2.170253948139216,0.26207109690722014,3.2200046226093804,0.10165518109343022,0.10165518109343022,3.781564778792376,20.00351578821108,17.306100153138928,True,,,,
synthetic-inprior,inprior_0128,DNN classifier n50,50,50,False,0.04596839999430813,38.26617851968019,38.26617851968019,0,1.2268000691806037e-06,24.499999999969372,1.000002471671028,2.770226378894379,0.7764090151319666,3.5232507836623954,0.10165395429336103,0.10165518109343022,3.781564778792376,20.00351578821108,17.306100153138928,True,,,,
synthetic-inprior,inprior_0128,PFF ensemble,200,6,False,0.22175560001051053,31.594530065501775,31.594530065501775,0,0.11008430162793656,13.974901798389514,7.991069275209808,1.9275709869053101,0.3431074251131318,1.1133701946217602,0.00842912053450634,0.10165518109343022,3.781564778792376,20.00351578821108,17.306100153138928,True,14.481172561645508,5.522343226565571,3.564791679382324,False
synthetic-inprior,inprior_0128,TSVD_NN,100,7,True,0.006245600001420826,30.55725700215518,30.55725700215518,0,0.12867320520493244,20.23381569023111,5.378240020990055,0.8645367158712143,0.21701492726740146,2.294230014785466,0.027018024111502226,0.10165518109343022,3.781564778792376,20.00351578821108,17.306100153138928,True,,,,
synthetic-inprior,inprior_0128,truth (reference),200,6,False,0.0,31.068318477860625,31.068318477860625,0,0.10165518109343022,19.799403199294826,3.781564778792376,0.0,0.0,0.0,0.0,0.10165518109343022,3.781564778792376,20.00351578821108,,True,,,,
synthetic-inprior,inprior_0129,CNN n50,50,50,False,0.04561550001380965,37.71364728960846,37.71364728960846,0,0.004318668826516018,23.009755373169494,2.9494469620383668,0.5041492047418569,0.05191124324945131,0.9062042385000101,0.03745709306258884,0.04177576188910486,3.1999364508435955,11.305286264992391,8.19958419002948,True,,,,
synthetic-inprior,inprior_0129,DNN spectrum n20,20,20,False,0.04322669999965001,39.159383621357605,39.159383621357605,0,0.0,,2.7777818613473633,0.8531614524174694,0.2524662430710318,3.266865395927746,0.04177576188910486,0.04177576188910486,3.1999364508435955,11.305286264992391,8.19958419002948,True,,,,
synthetic-inprior,inprior_0129,DNN classifier n50,50,50,False,0.04430409999622498,37.96377016122549,37.96377016122549,0,1.2268000691806037e-06,24.499999999969372,1.000002471671028,1.4531458876129815,0.7653890031188748,3.706039143935481,0.04177453508903568,0.04177576188910486,3.1999364508435955,11.305286264992391,8.19958419002948,True,,,,
synthetic-inprior,inprior_0129,PFF ensemble,200,6,False,0.2598565999942366,38.19006938985582,38.19006938985582,0,0.0014446454252006545,11.595529436459637,3.1464842046607275,0.4146705452701713,0.05893643467864089,0.9006040082865986,0.04033111646390421,0.04177576188910486,3.1999364508435955,11.305286264992391,8.19958419002948,True,11.586535453796387,0.2812491888039954,3.8151912689208984,True
synthetic-inprior,inprior_0129,TSVD_NN,100,7,True,0.004722500001662411,36.24228636076091,36.24228636076091,0,0.018829314148313705,32.721152523676906,2.1047030701445197,1.041221198206788,0.16911922607784255,2.238468907974645,0.022946447740791156,0.04177576188910486,3.1999364508435955,11.305286264992391,8.19958419002948,True,,,,
synthetic-inprior,inprior_0129,truth (reference),200,6,False,0.0,36.8802012492481,36.8802012492481,0,0.04177576188910486,11.907772458926205,3.1999364508435955,0.0,0.0,0.0,0.0,0.04177576188910486,3.1999364508435955,11.305286264992391,,True,,,,
synthetic-inprior,inprior_0130,CNN n50,50,50,False,0.05018740000377875,29.36513916011103,29.36513916011103,0,0.0855837757810198,17.56852981836752,8.171060938293682,1.1367823899040133,0.08675274130696378,1.174763891095594,0.04096885731969905,0.044614918461320756,6.483265744884969,12.65466114460511,0.0,False,,,,
synthetic-inprior,inprior_0130,DNN spectrum n20,20,20,False,0.05137329999706708,40.43124895367951,40.43124895367951,0,0.0,,2.8934753068231385,1.8863725107478453,0.3749915476387267,2.605362969669163,0.044614918461320756,0.044614918461320756,6.483265744884969,12.65466114460511,0.0,False,,,,
synthetic-inprior,inprior_0130,DNN classifier n50,50,50,False,0.06103599999914877,35.709440639386465,35.709440639386465,0,1.2268000691806037e-06,24.499999999969372,1.000002471671028,2.276122871209565,0.8041652821046956,3.050235000151583,0.04461369166125158,0.044614918461320756,6.483265744884969,12.65466114460511,0.0,False,,,,
synthetic-inprior,inprior_0130,PFF ensemble,200,6,False,0.27253839999320917,29.922935206318964,29.922935206318964,0,0.07101164343111996,13.284484445710206,7.117802103235019,0.3780631292394595,0.0355438565283478,0.16232137245197792,0.026396724969799203,0.044614918461320756,6.483265744884969,12.65466114460511,0.0,False,,,,
synthetic-inprior,inprior_0130,TSVD_NN,100,7,True,0.010625599999912083,29.504605956764106,29.504605956764106,0,0.08893744705128105,11.298066799635443,10.588836445378558,1.8303100879457659,0.28168974405562824,1.6911646868128776,0.044322528589960296,0.044614918461320756,6.483265744884969,12.65466114460511,0.0,False,,,,
synthetic-inprior,inprior_0130,truth (reference),200,6,False,0.0,30.405050556803314,30.405050556803314,0,0.044614918461320756,13.24147553329367,6.483265744884969,0.0,0.0,0.0,0.0,0.044614918461320756,6.483265744884969,12.65466114460511,,False,,,,
synthetic-inprior,inprior_0131,CNN n50,50,50,False,0.047358099996927194,28.975437687921513,28.975437687921513,0,0.521592641342003,22.36806301456552,27.37059507677714,1.769899045534645,0.11129943200415332,0.20015606926303056,0.04574716114220423,0.5673398024842072,33.39083781114849,12.861076548036248,8.726674371093473,True,,,,
synthetic-inprior,inprior_0131,DNN spectrum n20,20,20,False,0.04450319999887142,54.224935410728264,54.224935410728264,0,4.9948244397758843e-29,16.406895388723314,2.777777848899179,14.000018203995928,0.8460473574380625,4.042378984144725,0.5673398024842072,0.5673398024842072,33.39083781114849,12.861076548036248,8.726674371093473,True,,,,
synthetic-inprior,inprior_0131,DNN classifier n50,50,50,False,0.04805700000724755,46.907788536233284,46.907788536233284,0,1.2268000691806037e-06,24.499999999969372,1.000002471671028,13.908641235289465,0.9488703999955463,4.148300231432367,0.567338575684138,0.5673398024842072,33.39083781114849,12.861076548036248,8.726674371093473,True,,,,
synthetic-inprior,inprior_0131,PFF ensemble,200,6,False,0.25168989998928737,29.83507990629417,29.83507990629417,0,0.40402149380106644,19.719159573696068,21.753791620671752,4.800066036127941,0.16587815466193362,0.33174835415371146,0.1633183086831408,0.5673398024842072,33.39083781114849,12.861076548036248,8.726674371093473,True,15.678462028503418,2.81738548046717,3.4174840450286865,True
synthetic-inprior,inprior_0131,TSVD_NN,100,7,True,0.06635259999893606,28.71404969165287,28.71404969165287,0,0.6174386229199715,22.981282908224756,8.275976143713057,3.6545379632769315,0.670076413101641,3.479645235108024,0.0500988204357643,0.5673398024842072,33.39083781114849,12.861076548036248,8.726674371093473,True,,,,
synthetic-inprior,inprior_0131,truth (reference),200,6,False,0.0,28.82345961414878,28.82345961414878,0,0.5673398024842072,23.47506775738583,33.39083781114849,0.0,0.0,0.0,0.0,0.5673398024842072,33.39083781114849,12.861076548036248,,True,,,,
synthetic-inprior,inprior_0132,CNN n50,50,50,False,0.060694699990563095,29.328917326318493,29.328917326318493,0,0.17280455322530067,18.769941789812002,11.40780723608516,2.079689718159201,0.16199786233513222,1.3682953037201802,0.06763632995236936,0.10516822327293131,7.689756141949343,16.535536745340597,11.419980155747107,True,,,,
synthetic-inprior,inprior_0132,DNN spectrum n20,20,20,False,0.047879700010525994,44.678182200459474,44.678182200459474,0,0.0,,2.7777777777825454,2.8544283463825453,0.44957967944221805,2.97510614181008,0.10516822327293131,0.10516822327293131,7.689756141949343,16.535536745340597,11.419980155747107,True,,,,
synthetic-inprior,inprior_0132,DNN classifier n50,50,50,False,0.044479099989985116,38.1864661797301,38.1864661797301,0,1.2268000691806037e-06,24.499999999969372,1.000002471671028,3.1344798853570506,0.8224380583999904,3.1833319026040527,0.10516699647286212,0.10516822327293131,7.689756141949343,16.535536745340597,11.419980155747107,True,,,,
synthetic-inprior,inprior_0132,PFF ensemble,200,6,False,0.23384500000975095,30.786743581254324,30.786743581254324,0,0.10516688894009771,14.244575566055468,7.926531489584609,0.1476636415005652,0.02599145201654558,0.15425221255580973,1.3343328335996274e-06,0.10516822327293131,7.689756141949343,16.535536745340597,11.419980155747107,True,15.236795425415039,1.2987413199255577,3.454977035522461,True
synthetic-inprior,inprior_0132,TSVD_NN,100,7,True,0.21351089999370743,28.749455095851335,28.749455095851335,0,0.049915420395459154,40.62945566513084,5.791376778851869,2.179847804600112,0.2584391689203545,2.572988242618398,0.055252802877472154,0.10516822327293131,7.689756141949343,16.535536745340597,11.419980155747107,True,,,,
synthetic-inprior,inprior_0132,truth (reference),200,6,False,0.0,30.65688390789055,30.65688390789055,0,0.10516822327293131,14.918541299178244,7.689756141949343,0.0,0.0,0.0,0.0,0.10516822327293131,7.689756141949343,16.535536745340597,,True,,,,
synthetic-inprior,inprior_0133,CNN n50,50,50,False,0.05932839999150019,32.418600306749994,32.418600306749994,0,0.29418194146073373,19.756943124771052,16.510600229081156,3.9812927576293022,0.21613811116216464,1.4118850086253993,0.16809612501101637,0.12608581644971736,9.121380762132839,16.358480652297544,7.557656136690203,True,,,,
synthetic-inprior,inprior_0133,DNN spectrum n20,20,20,False,0.047359999996842816,51.681683664307606,51.681683664307606,0,0.0,,2.7777777777794768,3.3824161580648004,0.5117898890875142,2.9657626798971997,0.12608581644971736,0.12608581644971736,9.121380762132839,16.358480652297544,7.557656136690203,True,,,,
synthetic-inprior,inprior_0133,DNN classifier n50,50,50,False,0.049525700000231154,44.7993233027714,44.7993233027714,0,1.2268000691806037e-06,24.499999999969372,1.000002471671028,3.588430056631369,0.8407652202155734,3.1426660463204965,0.1260845896496482,0.12608581644971736,9.121380762132839,16.358480652297544,7.557656136690203,True,,,,
synthetic-inprior,inprior_0133,PFF ensemble,200,6,False,0.240717599997879,34.730205566584786,34.730205566584786,0,0.12961334416959627,14.349563169937184,9.022145541305239,0.08245796532918331,0.017853964725061258,0.10136106482361296,0.003527527719878909,0.12608581644971736,9.121380762132839,16.358480652297544,7.557656136690203,True,14.838430404663086,1.5200502476344582,3.4116437435150146,True
synthetic-inprior,inprior_0133,TSVD_NN,100,7,True,0.004523700001300313,32.25301953630459,32.25301953630459,0,0.2003012789612894,22.07224992543146,8.128674064885015,2.9786120276101684,0.4365935351922901,2.551859162066146,0.07421546251157204,0.12608581644971736,9.121380762132839,16.358480652297544,7.557656136690203,True,,,,
synthetic-inprior,inprior_0133,truth (reference),200,6,False,0.0,34.631402071253774,34.631402071253774,0,0.12608581644971736,14.785815396620652,9.121380762132839,0.0,0.0,0.0,0.0,0.12608581644971736,9.121380762132839,16.358480652297544,,True,,,,
synthetic-inprior,inprior_0134,CNN n50,50,50,False,0.047544799992465414,29.970993401918523,29.970993401918523,0,0.12102241911575996,18.705051419965926,9.124915961439019,1.1152987009101056,0.09782188770215779,1.2941877036433942,0.032228405767309926,0.08879401334845004,7.386735634282405,18.785315807546993,15.30048820546265,True,,,,
synthetic-inprior,inprior_0134,DNN spectrum n20,20,20,False,0.05090519999794196,44.439899115760014,44.439899115760014,0,0.0,,2.7777777778022004,2.7022018001849166,0.4366793065954319,2.9662932999777434,0.08879401334845004,0.08879401334845004,7.386735634282405,18.785315807546993,15.30048820546265,True,,,,
synthetic-inprior,inprior_0134,DNN classifier n50,50,50,False,0.048320200003217906,38.14614244923687,38.14614244923687,0,1.2268000691806037e-06,24.499999999969372,1.000002471671028,2.9936082562962243,0.8181108408376127,3.175851717624645,0.08879278654838085,0.08879401334845004,7.386735634282405,18.785315807546993,15.30048820546265,True,,,,
synthetic-inprior,inprior_0134,PFF ensemble,200,6,False,0.26011869999638293,31.045823233184162,31.045823233184162,0,0.10247577317971031,14.142643705314907,8.14064966870421,0.3890609389540377,0.058667164250649925,0.3396452310652323,0.01368175983126027,0.08879401334845004,7.386735634282405,18.785315807546993,15.30048820546265,True,14.966784477233887,3.8185313303131068,3.6774706840515137,False
synthetic-inprior,inprior_0134,TSVD_NN,100,7,True,0.0038200999988475814,29.15533392210532,29.15533392210532,0,0.04376187218480742,47.718020929268434,6.6331180139965,1.8643426678349422,0.23346741519326852,2.484610854827698,0.04503214116364262,0.08879401334845004,7.386735634282405,18.785315807546993,15.30048820546265,True,,,,
synthetic-inprior,inprior_0134,truth (reference),200,6,False,0.0,31.020528369129305,31.020528369129305,0,0.08879401334845004,15.615647935377025,7.386735634282405,0.0,0.0,0.0,0.0,0.08879401334845004,7.386735634282405,18.785315807546993,,True,,,,
synthetic-inprior,inprior_0135,CNN n50,50,50,False,0.04725079999479931,29.30199311118895,29.30199311118895,0,0.08267781060834097,18.368286341227545,7.7010155157340305,0.4313529416605439,0.021720803215560344,1.1711685655950537,0.009622786292186825,0.07305502431615414,7.687279274062824,19.050271784049688,0.0,False,,,,
synthetic-inprior,inprior_0135,DNN spectrum n20,20,20,False,0.04424819999258034,40.160195169227705,40.160195169227705,0,0.0,,2.7777777777777772,2.5435515768361805,0.4561391927680395,2.8294579943621274,0.07305502431615414,0.07305502431615414,7.687279274062824,19.050271784049688,0.0,False,,,,
synthetic-inprior,inprior_0135,DNN classifier n50,50,50,False,0.04481220000889152,34.276750284446756,34.276750284446756,0,1.2268000691806037e-06,24.499999999969372,1.000002471671028,2.803965967052653,0.8227791966112258,3.025220940982202,0.07305379751608496,0.07305502431615414,7.687279274062824,19.050271784049688,0.0,False,,,,
synthetic-inprior,inprior_0135,PFF ensemble,200,6,False,0.2325109999947017,30.02539033752247,30.02539033752247,0,0.06029380086163177,13.43956494357242,6.792919585224465,0.3904111641514155,0.04742508023461349,0.3853162551373502,0.012761223454522373,0.07305502431615414,7.687279274062824,19.050271784049688,0.0,False,,,,
synthetic-inprior,inprior_0135,TSVD_NN,100,7,True,0.09609130000171717,28.973811755876252,28.973811755876252,0,0.02162505509300449,47.481876688638394,6.9225560515741655,1.51751799432741,0.2600730326672834,2.505145961548562,0.05142996922314965,0.07305502431615414,7.687279274062824,19.050271784049688,0.0,False,,,,
synthetic-inprior,inprior_0135,truth (reference),200,6,False,0.0,29.75184635463492,29.75184635463492,0,0.07305502431615414,13.84251612441884,7.687279274062824,0.0,0.0,0.0,0.0,0.07305502431615414,7.687279274062824,19.050271784049688,,False,,,,
synthetic-inprior,inprior_0136,CNN n50,50,50,False,0.04746230000455398,30.256135010544394,30.256135010544394,0,0.19407113873208326,37.906546514078684,6.192571567616465,11.767736762698227,0.5899272863268981,0.8651593355609373,0.5222875943106219,0.7163587330427051,45.89115411059326,17.113096804549656,11.819710174359345,True,,,,
synthetic-inprior,inprior_0136,DNN spectrum n20,20,20,False,0.04727460000140127,61.00387595012633,61.00387595012633,0,0.0,,2.7778619985707547,19.445760647717794,0.907940128968735,4.114670521055285,0.7163587330427051,0.7163587330427051,45.89115411059326,17.113096804549656,11.819710174359345,True,,,,
synthetic-inprior,inprior_0136,DNN classifier n50,50,50,False,0.047856399993179366,53.317767746137086,53.317767746137086,0,1.2268000691806037e-06,24.499999999969372,1.000002471671028,19.30987311004618,0.9696683735302634,4.239625727844417,0.7163575062426359,0.7163587330427051,45.89115411059326,17.113096804549656,11.819710174359345,True,,,,
synthetic-inprior,inprior_0136,PFF ensemble,200,6,False,0.3026588999928208,29.83435753574862,29.83435753574862,0,0.7552535853371624,28.529081983310864,48.80542544253875,2.0021403653125533,0.06584888412252697,0.06695895076127746,0.038894852294457216,0.7163587330427051,45.89115411059326,17.113096804549656,11.819710174359345,True,15.387173652648926,1.72592315190073,3.4236621856689453,True
synthetic-inprior,inprior_0136,TSVD_NN,100,7,True,0.010417700003017671,28.7560012622836,28.7560012622836,0,0.267522257907693,43.48391557832734,1.7535283706076075,11.831677661632634,0.9054854096379574,4.0325718138388105,0.4488364751350121,0.7163587330427051,45.89115411059326,17.113096804549656,11.819710174359345,True,,,,
synthetic-inprior,inprior_0136,truth (reference),200,6,False,0.0,30.10131076960964,30.10131076960964,0,0.7163587330427051,27.053858573516013,45.89115411059326,0.0,0.0,0.0,0.0,0.7163587330427051,45.89115411059326,17.113096804549656,,True,,,,
synthetic-inprior,inprior_0137,CNN n50,50,50,False,0.14893939999456052,35.95196274775759,35.95196274775759,0,0.14937615711144528,18.08758240639184,10.961720629529632,0.5409576175580244,0.044282525919102624,0.5849197609463852,0.023231885114393308,0.1726080422258386,11.415293965206153,14.595057750144806,0.0,False,,,,
synthetic-inprior,inprior_0137,DNN spectrum n20,20,20,False,0.11531919999106321,52.78085193030288,52.78085193030288,0,0.0,,2.7777777777777852,4.401712440287294,0.5904294185114353,3.2842773481238607,0.1726080422258386,0.1726080422258386,11.415293965206153,14.595057750144806,0.0,False,,,,
synthetic-inprior,inprior_0137,DNN classifier n50,50,50,False,0.11092640001152176,46.35112234922295,46.35112234922295,0,1.2268000691806037e-06,24.499999999969372,1.000002471671028,4.523825925073008,0.864867739731304,3.44008656938705,0.17260681542576942,0.1726080422258386,11.415293965206153,14.595057750144806,0.0,False,,,,
synthetic-inprior,inprior_0137,PFF ensemble,200,6,False,0.609637899993686,37.496884938236136,37.496884938236136,0,0.10593946946364902,14.066553147242185,7.917527824282533,1.560713370974261,0.134349135681082,1.0574810385830724,0.06666857276218957,0.1726080422258386,11.415293965206153,14.595057750144806,0.0,False,,,,
synthetic-inprior,inprior_0137,TSVD_NN,100,7,True,0.06094959999609273,35.53401044334436,35.53401044334436,0,0.14969692542288593,18.439884661363624,7.865152965624706,3.877222804623829,0.5968028747868854,2.879847814200878,0.022911116802952658,0.1726080422258386,11.415293965206153,14.595057750144806,0.0,False,,,,
synthetic-inprior,inprior_0137,truth (reference),200,6,False,0.0,36.207798934904915,36.207798934904915,0,0.1726080422258386,15.673759985087,11.415293965206153,0.0,0.0,0.0,0.0,0.1726080422258386,11.415293965206153,14.595057750144806,,False,,,,
synthetic-inprior,inprior_0138,CNN n50,50,50,False,0.10118840000359342,35.95924203219056,35.95924203219056,0,0.08065013925220271,21.40478183997067,6.750693560185856,0.8565363156553031,0.04813403664767992,1.265990070933521,0.030688140872044037,0.049961998380158676,6.724345889743945,12.61384129920334,0.0,False,,,,
synthetic-inprior,inprior_0138,DNN spectrum n20,20,20,False,0.11927729999297298,50.37279776733839,50.37279776733839,0,0.0,,2.7777777777777772,2.0621594721410546,0.40699822443380335,2.8345380445843564,0.049961998380158676,0.049961998380158676,6.724345889743945,12.61384129920334,0.0,False,,,,
synthetic-inprior,inprior_0138,DNN classifier n50,50,50,False,0.15539569999964442,44.1464498866613,44.1464498866613,0,1.2268000691806037e-06,24.499999999969372,1.000002471671028,2.3799743280790677,0.808117566839633,3.0599725138830998,0.0499607715800895,0.049961998380158676,6.724345889743945,12.61384129920334,0.0,False,,,,
synthetic-inprior,inprior_0138,PFF ensemble,200,6,False,0.5943559000006644,39.032810609442265,39.032810609442265,0,0.058888741182430426,14.661221255010393,4.934747620580327,0.7361047941886407,0.14355549379409147,0.8761856831373854,0.00892674280227175,0.049961998380158676,6.724345889743945,12.61384129920334,0.0,False,,,,
synthetic-inprior,inprior_0138,TSVD_NN,100,7,True,0.007301499994355254,33.55874756602202,33.55874756602202,0,0.04969786563967806,49.5,4.850946427617973,2.535859351310598,0.25841510980660626,2.6198766686256385,0.0002641327404806146,0.049961998380158676,6.724345889743945,12.61384129920334,0.0,False,,,,
synthetic-inprior,inprior_0138,truth (reference),200,6,False,0.0,38.525759498507526,38.525759498507526,0,0.049961998380158676,13.361925790030602,6.724345889743945,0.0,0.0,0.0,0.0,0.049961998380158676,6.724345889743945,12.61384129920334,,False,,,,
synthetic-inprior,inprior_0139,CNN n50,50,50,False,0.048905600007856265,33.846468298645426,33.846468298645426,0,0.2563507323848057,20.40530375390333,14.641473483307415,1.4432539494671417,0.1065704479587219,0.8837322701904207,0.00022805210764115236,0.25612268027716456,13.120753660168422,15.846723618534204,23.84533793470381,True,,,,
synthetic-inprior,inprior_0139,DNN spectrum n20,20,20,False,0.048344800001359545,53.4667574124686,53.4667574124686,0,0.0,,2.7777777777780277,5.3292639827675385,0.6227391313777795,3.2788988363985765,0.25612268027716456,0.25612268027716456,13.120753660168422,15.846723618534204,23.84533793470381,True,,,,
synthetic-inprior,inprior_0139,DNN classifier n50,50,50,False,0.05155439999361988,46.37092663323951,46.37092663323951,0,1.2268000691806037e-06,24.499999999969372,1.000002471671028,5.43644955620028,0.8776407282612138,3.4329258803156417,0.25612145347709536,0.25612268027716456,13.120753660168422,15.846723618534204,23.84533793470381,True,,,,
synthetic-inprior,inprior_0139,PFF ensemble,200,6,False,0.2555253000027733,36.41124821570474,36.41124821570474,0,0.13157289218445753,14.601720221438509,9.322765737117468,1.878697182284312,0.13190145908952605,0.4874148777329679,0.12454978809270703,0.25612268027716456,13.120753660168422,15.846723618534204,23.84533793470381,True,15.405374526977539,0.44134909155666513,3.4066596031188965,True
synthetic-inprior,inprior_0139,TSVD_NN,100,7,True,0.00982369999110233,33.02897583935152,33.02897583935152,0,0.06459458346661104,49.22194562722296,7.215097049791505,4.128401049800338,0.4396372711473739,2.967477478627571,0.19152809681055352,0.25612268027716456,13.120753660168422,15.846723618534204,23.84533793470381,True,,,,
synthetic-inprior,inprior_0139,truth (reference),200,6,False,0.0,35.031893619507116,35.031893619507116,0,0.25612268027716456,15.569779647185332,13.120753660168422,0.0,0.0,0.0,0.0,0.25612268027716456,13.120753660168422,15.846723618534204,,True,,,,
synthetic-inprior,inprior_0140,CNN n50,50,50,False,0.05077440000604838,31.692247745835413,31.692247745835413,0,0.16575487831317184,18.12230676059469,10.882067666427746,2.2554177842420637,0.3559750132458691,0.9800130464307565,0.019803666873065617,0.18555854518623746,5.183550642438842,16.271251875343573,12.71098065321841,True,,,,
synthetic-inprior,inprior_0140,DNN spectrum n20,20,20,False,0.04586420000123326,47.59337069017676,47.59337069017676,0,0.0,,2.7777780126793785,3.102930808776702,0.3288836179266602,3.5399484071533247,0.18555854518623746,0.18555854518623746,5.183550642438842,16.271251875343573,12.71098065321841,True,,,,
synthetic-inprior,inprior_0140,DNN classifier n50,50,50,False,0.060805100001743995,41.42787394206416,41.42787394206416,0,1.2268000691806037e-06,24.499999999969372,1.000002471671028,3.6251923742832393,0.801702965396067,3.8469420696960612,0.1855573183861683,0.18555854518623746,5.183550642438842,16.271251875343573,12.71098065321841,True,,,,
synthetic-inprior,inprior_0140,PFF ensemble,200,6,False,0.24121440001181327,32.78544980409449,32.78544980409449,0,0.11991481484546275,14.466013480267659,8.016137536458832,1.3198184451643833,0.24701910673205607,0.7156546613074141,0.06564373034077471,0.18555854518623746,5.183550642438842,16.271251875343573,12.71098065321841,True,15.424707412719727,0.8465444626238465,3.44459867477417,True
synthetic-inprior,inprior_0140,TSVD_NN,100,7,True,0.04693749999569263,31.355208384817786,31.355208384817786,0,0.2544250212573056,16.349481536667135,7.646794211157884,1.6848038638742828,0.3827496192869516,2.4742422089709235,0.06886647607106813,0.18555854518623746,5.183550642438842,16.271251875343573,12.71098065321841,True,,,,
synthetic-inprior,inprior_0140,truth (reference),200,6,False,0.0,31.924970296644602,31.924970296644602,0,0.18555854518623746,16.022451725498033,5.183550642438842,0.0,0.0,0.0,0.0,0.18555854518623746,5.183550642438842,16.271251875343573,,True,,,,
synthetic-inprior,inprior_0141,CNN n50,50,50,False,0.05407339999510441,26.50491104913363,26.50491104913363,0,0.17431161938014056,18.050466683943252,10.279917997280446,1.2453956269384425,0.09748023245526699,0.8355994701496842,0.04848048383126974,0.2227921032114103,11.790007307557525,19.069143035029622,11.04358370238601,True,,,,
synthetic-inprior,inprior_0141,DNN spectrum n20,20,20,False,0.051971200009575114,31.94737552306606,31.94737552306606,0,0.0,,3.104803371908696,3.982232212011774,0.6781331370371111,3.0156497365421835,0.2227921032114103,0.2227921032114103,11.790007307557525,19.069143035029622,11.04358370238601,True,,,,
synthetic-inprior,inprior_0141,DNN classifier n50,50,50,False,0.04679290000058245,36.25566790170454,36.25566790170454,0,1.2268000691806037e-06,24.499999999969372,1.000002471671028,5.255405867438389,0.8653124538776339,3.3273886310217824,0.22279087641134113,0.2227921032114103,11.790007307557525,19.069143035029622,11.04358370238601,True,,,,
synthetic-inprior,inprior_0141,PFF ensemble,200,6,False,0.2380886000028113,27.548244848024854,27.548244848024854,0,0.1344938333688821,14.640683819119266,8.945314727287371,1.7440965051189112,0.11775560693418449,0.5170070804230772,0.0882982698425282,0.2227921032114103,11.790007307557525,19.069143035029622,11.04358370238601,True,15.638903617858887,3.4302394171707355,3.4110538959503174,False
synthetic-inprior,inprior_0141,TSVD_NN,100,7,True,0.010029299999587238,26.093774839194168,26.093774839194168,0,0.27141755023584163,17.034066670774806,6.33456695234349,1.5510454252507007,0.2993033461011336,2.0459902442847206,0.048625447024431334,0.2227921032114103,11.790007307557525,19.069143035029622,11.04358370238601,True,,,,
synthetic-inprior,inprior_0141,truth (reference),200,6,False,0.0,26.370666894327297,26.370666894327297,0,0.2227921032114103,16.951985833375463,11.790007307557525,0.0,0.0,0.0,0.0,0.2227921032114103,11.790007307557525,19.069143035029622,,True,,,,
synthetic-inprior,inprior_0142,CNN n50,50,50,False,0.05651450000004843,32.92147386401364,32.92147386401364,0,0.028332877166045448,19.381152526014034,4.940527695316088,0.5989868102574805,0.08785391802390773,0.940115295803245,0.007065319565163562,0.03539819673120901,6.041646128119766,9.492815108936078,0.0,False,,,,
synthetic-inprior,inprior_0142,DNN spectrum n20,20,20,False,0.04760890000034124,40.24809649278745,40.24809649278745,0,0.0,,2.777777777777781,1.7208206209082269,0.36702402807512635,2.8243080950782464,0.03539819673120901,0.03539819673120901,6.041646128119766,9.492815108936078,0.0,False,,,,
synthetic-inprior,inprior_0142,DNN classifier n50,50,50,False,0.04622899999958463,35.94010963397568,35.94010963397568,0,1.2268000691806037e-06,24.499999999969372,1.000002471671028,2.0888413669844432,0.7966441824355126,3.0758886702443244,0.03539696993113983,0.03539819673120901,6.041646128119766,9.492815108936078,0.0,False,,,,
synthetic-inprior,inprior_0142,PFF ensemble,200,6,False,0.4320774999941932,33.36266609557631,33.36266609557631,0,0.022769725833078305,12.686115228068974,5.252221113504602,0.3830907781558564,0.05250458835007648,0.3827211224528804,0.012628470898130705,0.03539819673120901,6.041646128119766,9.492815108936078,0.0,False,,,,
synthetic-inprior,inprior_0142,TSVD_NN,100,7,True,0.022433900012401864,32.72531404280621,32.72531404280621,0,0.026601532643574975,21.48679516054886,4.975424853662242,0.9721899329244222,0.3249809359758525,2.542054382680688,0.008796664087634035,0.03539819673120901,6.041646128119766,9.492815108936078,0.0,False,,,,
synthetic-inprior,inprior_0142,truth (reference),200,6,False,0.0,32.963589484453685,32.963589484453685,0,0.03539819673120901,13.02076059576714,6.041646128119766,0.0,0.0,0.0,0.0,0.03539819673120901,6.041646128119766,9.492815108936078,,False,,,,
synthetic-inprior,inprior_0143,CNN n50,50,50,False,0.1712641999911284,37.98637361224149,37.98637361224149,0,0.1251860249465911,19.795962993062084,9.109821887830643,2.0904149207159914,0.12739287518873774,1.3789036174302909,0.08290251419948153,0.04228351074710956,6.375034464366493,12.500690805292203,0.0,False,,,,
synthetic-inprior,inprior_0143,DNN spectrum n20,20,20,False,0.1523958999896422,55.07255242408969,55.07255242408969,0,0.0,,2.777777778540466,1.8875113352759825,0.3871253558012428,2.8284774958584773,0.04228351074710956,0.04228351074710956,6.375034464366493,12.500690805292203,0.0,False,,,,
synthetic-inprior,inprior_0143,DNN classifier n50,50,50,False,0.1686628000024939,48.354521888907506,48.354521888907506,0,1.2268000691806037e-06,24.499999999969372,1.000002471671028,2.2298534035687956,0.8023549913262501,3.0664464638093833,0.04228228394704038,0.04228351074710956,6.375034464366493,12.500690805292203,0.0,False,,,,
synthetic-inprior,inprior_0143,PFF ensemble,200,6,False,0.761419600006775,40.70403465678591,40.70403465678591,0,0.07679858286467287,13.44201439078208,7.106564808382919,0.472407804369635,0.04144945669136074,0.1979315339077266,0.03451507211756331,0.04228351074710956,6.375034464366493,12.500690805292203,0.0,False,,,,
synthetic-inprior,inprior_0143,TSVD_NN,100,7,True,0.026574000003165565,36.15094801183663,36.15094801183663,0,0.058634497482919636,49.49671351412864,4.991317537891121,3.645353615516715,0.5376822577052287,2.537861795852236,0.016350986735810077,0.04228351074710956,6.375034464366493,12.500690805292203,0.0,False,,,,
synthetic-inprior,inprior_0143,truth (reference),200,6,False,0.0,41.81115414018761,41.81115414018761,0,0.04228351074710956,13.187390229104151,6.375034464366493,0.0,0.0,0.0,0.0,0.04228351074710956,6.375034464366493,12.500690805292203,,False,,,,
synthetic-inprior,inprior_0144,CNN n50,50,50,False,0.12747419999504928,37.784544876757,37.784544876757,0,0.07227150205527891,19.42992091815187,6.464603923235208,1.1066523890653335,0.08763006992994046,1.3129176330388554,0.033715913660724364,0.038555588394554544,5.1565223678720615,9.439992209547656,5.248284326603626,True,,,,
synthetic-inprior,inprior_0144,DNN spectrum n20,20,20,False,0.15806470000825357,52.15861702405547,52.15861702405547,0,0.0,,2.7777777777782466,1.459343565972051,0.3116156152070453,2.963194946203049,0.038555588394554544,0.038555588394554544,5.1565223678720615,9.439992209547656,5.248284326603626,True,,,,
synthetic-inprior,inprior_0144,DNN classifier n50,50,50,False,0.15457050000259187,45.88887153232863,45.88887153232863,0,1.2268000691806037e-06,24.499999999969372,1.000002471671028,1.9378419696650424,0.7864012075369861,3.289621831280835,0.038554361594485366,0.038555588394554544,5.1565223678720615,9.439992209547656,5.248284326603626,True,,,,
synthetic-inprior,inprior_0144,PFF ensemble,200,6,False,0.8183567000087351,40.08517193804617,40.08517193804617,0,0.04227306007064192,12.92975991543434,5.993369427116222,0.2905431785324429,0.07221108984173413,0.7090507899490425,0.0037174716760873736,0.038555588394554544,5.1565223678720615,9.439992209547656,5.248284326603626,True,12.639376640319824,3.1993844307721684,3.548431634902954,True
synthetic-inprior,inprior_0144,TSVD_NN,100,7,True,0.007232599993585609,36.03937945628308,36.03937945628308,0,0.03264152586343651,49.491966133245846,6.453400502597009,2.476325413760912,0.4393814920828458,2.381855288704201,0.005914062531118036,0.038555588394554544,5.1565223678720615,9.439992209547656,5.248284326603626,True,,,,
synthetic-inprior,inprior_0144,truth (reference),200,6,False,0.0,40.95618611443698,40.95618611443698,0,0.038555588394554544,11.743334063981456,5.1565223678720615,0.0,0.0,0.0,0.0,0.038555588394554544,5.1565223678720615,9.439992209547656,,True,,,,
synthetic-inprior,inprior_0145,CNN n50,50,50,False,0.1779720000049565,27.238682840526224,27.238682840526224,0,0.1497559421717893,17.26309103163391,10.747678478134453,1.9204221394089418,0.34164648958651905,1.2188575875251724,0.046044697990221956,0.19580064016201126,5.403383189645436,13.717441930013514,21.181796249949905,True,,,,
synthetic-inprior,inprior_0145,DNN spectrum n20,20,20,False,0.1321009000093909,38.708078955939484,38.708078955939484,0,7.758071212316729e-19,16.296126841151555,2.7777781562379316,2.844390537745686,0.3459798925368272,3.510711210380809,0.19580064016201126,0.19580064016201126,5.403383189645436,13.717441930013514,21.181796249949905,True,,,,
synthetic-inprior,inprior_0145,DNN classifier n50,50,50,False,0.15276189999713097,33.441050473379704,33.441050473379704,0,1.2268000691806037e-06,24.499999999969372,1.000002471671028,3.3484751924839182,0.807020839772036,3.844560349314101,0.1957994133619421,0.19580064016201126,5.403383189645436,13.717441930013514,21.181796249949905,True,,,,
synthetic-inprior,inprior_0145,PFF ensemble,200,6,False,0.7844789000082528,27.872400552782956,27.872400552782956,0,0.08632634129246523,13.81315491888778,6.662497903248978,1.0168134500557549,0.1937433595897392,0.7803433686448703,0.10947429886954603,0.19580064016201126,5.403383189645436,13.717441930013514,21.181796249949905,True,14.4172945022583,0.6998525722447866,3.7228074073791504,True
synthetic-inprior,inprior_0145,TSVD_NN,100,7,True,0.0224817999987863,26.642435528517783,26.642435528517783,0,0.14226927346690782,16.474105627581444,2.3368344196760162,1.856878022836658,0.5199087696957134,3.2726251539408007,0.053531366695103444,0.19580064016201126,5.403383189645436,13.717441930013514,21.181796249949905,True,,,,
synthetic-inprior,inprior_0145,truth (reference),200,6,False,0.0,27.0176495686486,27.0176495686486,0,0.19580064016201126,13.609225232727162,5.403383189645436,0.0,0.0,0.0,0.0,0.19580064016201126,5.403383189645436,13.717441930013514,,True,,,,
synthetic-inprior,inprior_0146,CNN n50,50,50,False,0.1477389000065159,38.99928614721984,38.99928614721984,0,0.09720262393765859,18.70756999721008,7.544726414460916,0.6802193403234426,0.043081178883594674,1.187461481569928,0.02524172891839166,0.07196089501926693,7.643697496169884,20.28270676579518,0.0,False,,,,
synthetic-inprior,inprior_0146,DNN spectrum n20,20,20,False,0.15436939999926835,41.820278377720506,41.820278377720506,0,0.0,,2.778836569596769,2.1966052569330348,0.6772936413229582,2.713309978063584,0.07196089501926693,0.07196089501926693,7.643697496169884,20.28270676579518,0.0,False,,,,
synthetic-inprior,inprior_0146,DNN classifier n50,50,50,False,0.1421976999990875,47.76369500617653,47.76369500617653,0,1.2268000691806037e-06,24.499999999969372,1.000002471671028,2.7845030145132785,0.8221542274189815,3.050103016533814,0.07195966821919775,0.07196089501926693,7.643697496169884,20.28270676579518,0.0,False,,,,
synthetic-inprior,inprior_0146,PFF ensemble,200,6,False,0.8064170999859925,42.015838969011405,42.015838969011405,0,0.047249834417696784,13.190438193461143,5.7790911215110885,0.8108438698356977,0.10532667362580984,0.7717535900273493,0.024711060601570148,0.07196089501926693,7.643697496169884,20.28270676579518,0.0,False,,,,
synthetic-inprior,inprior_0146,TSVD_NN,100,7,True,0.03445369999099057,36.99963271383275,36.99963271383275,0,0.045474591059416904,49.35814466601775,6.315725473026213,2.3238061500755283,0.28448276739010686,2.476785944443465,0.02648630395985003,0.07196089501926693,7.643697496169884,20.28270676579518,0.0,False,,,,
synthetic-inprior,inprior_0146,truth (reference),200,6,False,0.0,40.57746724182449,40.57746724182449,0,0.07196089501926693,13.820790743389898,7.643697496169884,0.0,0.0,0.0,0.0,0.07196089501926693,7.643697496169884,20.28270676579518,,False,,,,
synthetic-inprior,inprior_0147,CNN n50,50,50,False,0.16656979999970645,30.664014770139527,30.664014770139527,0,0.013053740616690087,18.057987698953138,4.524245202200419,0.1623927675486937,0.022131243704390596,0.7337235315054833,0.0001113913893018327,0.012942349227388255,4.6728361036060635,12.348455413797325,0.0,False,,,,
synthetic-inprior,inprior_0147,DNN spectrum n20,20,20,False,0.11006469999847468,36.1621988688522,36.1621988688522,0,0.0,,2.7777777782220667,1.0364180351273222,0.2713963092692488,2.77372065841069,0.012942349227388255,0.012942349227388255,4.6728361036060635,12.348455413797325,0.0,False,,,,
synthetic-inprior,inprior_0147,DNN classifier n50,50,50,False,0.1377587000024505,32.09069466234231,32.09069466234231,0,1.2268000691806037e-06,24.499999999969372,1.000002471671028,1.5415044872940529,0.7717381024941339,3.100871439596022,0.012941122427319074,0.012942349227388255,4.6728361036060635,12.348455413797325,0.0,False,,,,
synthetic-inprior,inprior_0147,PFF ensemble,200,6,False,0.7959121999883791,30.708901587297355,30.708901587297355,0,0.016835534414354928,12.447693576062477,4.929231984734197,0.1317165062980179,0.019830329385703067,0.15238343348441963,0.0038931851869666734,0.012942349227388255,4.6728361036060635,12.348455413797325,0.0,False,,,,
synthetic-inprior,inprior_0147,TSVD_NN,100,7,True,0.544513700006064,30.09585490756353,30.09585490756353,0,0.0065912910208809055,48.74782892587955,5.084084365107842,0.7861670466946081,0.2214136949609506,2.3242191881691587,0.006351058206507349,0.012942349227388255,4.6728361036060635,12.348455413797325,0.0,False,,,,
synthetic-inprior,inprior_0147,truth (reference),200,6,False,0.0,30.89735426075712,30.89735426075712,0,0.012942349227388255,12.336416931190728,4.6728361036060635,0.0,0.0,0.0,0.0,0.012942349227388255,4.6728361036060635,12.348455413797325,,False,,,,
synthetic-inprior,inprior_0148,CNN n50,50,50,False,0.15911530000448693,35.63829329621848,35.63829329621848,0,0.12853885673943904,19.70915879077652,8.353923578951827,2.542625918977515,0.1665889876382636,1.4738172296615706,0.10939803447512168,0.019140822264317365,5.121459727373944,15.50156097335493,0.0,False,,,,
synthetic-inprior,inprior_0148,DNN spectrum n20,20,20,False,0.14332350000040606,52.898430023357975,52.898430023357975,0,0.0,,2.7777777777779074,1.2607297483835491,0.30520257382711746,2.780197174808432,0.019140822264317365,0.019140822264317365,5.121459727373944,15.50156097335493,0.0,False,,,,
synthetic-inprior,inprior_0148,DNN classifier n50,50,50,False,0.1444284999888623,46.13477827391829,46.13477827391829,0,1.2268000691806037e-06,24.499999999969372,1.000002471671028,1.71414043641406,0.780024910566687,3.0763787005221226,0.019139595464248184,0.019140822264317365,5.121459727373944,15.50156097335493,0.0,False,,,,
synthetic-inprior,inprior_0148,PFF ensemble,200,6,False,0.8097313999896869,38.22579663753589,38.22579663753589,0,0.08805371161936859,13.913370398847361,6.9657446853231555,1.165098454170999,0.11040560542825653,0.687095327947875,0.06891288935505123,0.019140822264317365,5.121459727373944,15.50156097335493,0.0,False,,,,
synthetic-inprior,inprior_0148,TSVD_NN,100,7,True,0.5646061000006739,33.53680804673724,33.53680804673724,0,0.05462187688310779,49.49997933618053,6.3050391887799035,2.928553647570049,0.3323256819738199,2.239258516929366,0.03548105461879042,0.019140822264317365,5.121459727373944,15.50156097335493,0.0,False,,,,
synthetic-inprior,inprior_0148,truth (reference),200,6,False,0.0,41.761356736816666,41.761356736816666,0,0.019140822264317365,12.560724507730997,5.121459727373944,0.0,0.0,0.0,0.0,0.019140822264317365,5.121459727373944,15.50156097335493,,False,,,,
synthetic-inprior,inprior_0149,CNN n50,50,50,False,0.15768699999898672,32.54524162305221,32.54524162305221,0,0.022627975479198082,20.331873068815803,4.552925010176459,0.39222757051985047,0.05258301971495266,0.8861298361420329,0.004592135442411369,0.018035840036786713,5.047574987134791,15.114649975626877,0.0,False,,,,
synthetic-inprior,inprior_0149,DNN spectrum n20,20,20,False,0.170985800010385,36.996540228891575,36.996540228891575,0,0.0,,3.0979411836496733,1.075051037748238,0.2502276269053415,2.5213633546059087,0.018035840036786713,0.018035840036786713,5.047574987134791,15.114649975626877,0.0,False,,,,
synthetic-inprior,inprior_0149,DNN classifier n50,50,50,False,0.15602550000767224,35.012268494349236,35.012268494349236,0,1.2268000691806037e-06,24.499999999969372,1.000002471671028,1.6851813231837691,0.7786575056353692,3.1045768062195553,0.018034613236717532,0.018035840036786713,5.047574987134791,15.114649975626877,0.0,False,,,,
synthetic-inprior,inprior_0149,PFF ensemble,200,6,False,0.8226179000048432,33.481214376631534,33.481214376631534,0,0.013551184284859269,12.561891923460214,4.508542676304869,0.24855647471990316,0.042740036041023596,0.30680147076744535,0.0044846557519274445,0.018035840036786713,5.047574987134791,15.114649975626877,0.0,False,,,,
synthetic-inprior,inprior_0149,TSVD_NN,100,7,True,0.022339800008921884,31.881406766674754,31.881406766674754,0,0.017436385514665982,42.70236192548701,2.952404704405088,1.2722221969335932,0.21500018142795407,1.994233201044705,0.0005994545221207313,0.018035840036786713,5.047574987134791,15.114649975626877,0.0,False,,,,
synthetic-inprior,inprior_0149,truth (reference),200,6,False,0.0,33.14124971866425,33.14124971866425,0,0.018035840036786713,12.523783270615192,5.047574987134791,0.0,0.0,0.0,0.0,0.018035840036786713,5.047574987134791,15.114649975626877,,False,,,,
synthetic-inprior,inprior_0150,CNN n50,50,50,False,0.18320179999864195,29.659496843211517,29.659496843211517,0,0.05706132048218308,17.784720605603276,6.493451925227235,0.922496024999652,0.0738199506442392,1.0818353328148804,0.035388891598010674,0.021672428884172406,5.283302139577155,12.53809521622143,0.0,False,,,,
synthetic-inprior,inprior_0150,DNN spectrum n20,20,20,False,0.17393689999880735,36.672003442316765,36.672003442316765,0,1.1373756694717121e-37,16.299999999999997,2.777777777797863,1.341650855978608,0.3167906095807925,2.784855569233522,0.021672428884172406,0.021672428884172406,5.283302139577155,12.53809521622143,0.0,False,,,,
synthetic-inprior,inprior_0150,DNN classifier n50,50,50,False,0.1504177000024356,32.556628194285906,32.556628194285906,0,1.2268000691806037e-06,24.499999999969372,1.000002471671028,1.778230563468834,0.7830122122865063,3.0715843142890256,0.021671202084103225,0.021672428884172406,5.283302139577155,12.53809521622143,0.0,False,,,,
synthetic-inprior,inprior_0150,PFF ensemble,200,6,False,0.6749754999909783,30.222373978149502,30.222373978149502,0,0.02999900937964472,12.75133085074477,5.433711136800004,0.11471078044609845,0.010727983547460143,0.09170785106003393,0.008326580495472313,0.021672428884172406,5.283302139577155,12.53809521622143,0.0,False,,,,
synthetic-inprior,inprior_0150,TSVD_NN,100,7,True,0.03414479999628384,29.096612949747623,29.096612949747623,0,0.017798402500537148,47.5,2.8315124510270766,1.3703074737680057,0.33682467368255936,2.182855084295828,0.003874026383635258,0.021672428884172406,5.283302139577155,12.53809521622143,0.0,False,,,,
synthetic-inprior,inprior_0150,truth (reference),200,6,False,0.0,30.395065613376005,30.395065613376005,0,0.021672428884172406,12.641642270534948,5.283302139577155,0.0,0.0,0.0,0.0,0.021672428884172406,5.283302139577155,12.53809521622143,,False,,,,
synthetic-inprior,inprior_0151,CNN n50,50,50,False,0.13161070000205655,28.884383993882665,28.884383993882665,0,0.20244324995283217,18.977078052865966,11.858936644055458,2.380307815425306,0.15545791148415133,1.4109771857998659,0.09629535610239302,0.10614789385043914,7.967904144291131,17.772177092502403,19.379928769446327,True,,,,
synthetic-inprior,inprior_0151,DNN spectrum n20,20,20,False,0.15147759999672417,45.66198553930545,45.66198553930545,0,0.0,,2.7777777777777906,2.987079925952992,0.4628222012006816,2.9583052823152594,0.10614789385043914,0.10614789385043914,7.967904144291131,17.772177092502403,19.379928769446327,True,,,,
synthetic-inprior,inprior_0151,DNN classifier n50,50,50,False,0.16615289999754168,39.225080336406485,39.225080336406485,0,1.2268000691806037e-06,24.499999999969372,1.000002471671028,3.249272977953879,0.8260525383250074,3.157837699571356,0.10614666705036996,0.10614789385043914,7.967904144291131,17.772177092502403,19.379928769446327,True,,,,
synthetic-inprior,inprior_0151,PFF ensemble,200,6,False,0.7114572999998927,29.565373445321253,29.565373445321253,0,0.1518595469977821,14.360521223292647,9.978398455560436,0.8259091947593131,0.10453161428760063,0.5612387864996102,0.04571165314734295,0.10614789385043914,7.967904144291131,17.772177092502403,19.379928769446327,True,13.670930862426758,4.101246230075645,3.4102203845977783,False
synthetic-inprior,inprior_0151,TSVD_NN,100,7,True,0.020332200001575984,28.608393691518586,28.608393691518586,0,0.42519175962992606,12.850969337312813,7.664995571675323,6.321957962848175,0.833259733531843,2.685981566090818,0.3190438657794869,0.10614789385043914,7.967904144291131,17.772177092502403,19.379928769446327,True,,,,
synthetic-inprior,inprior_0151,truth (reference),200,6,False,0.0,30.097727246718403,30.097727246718403,0,0.10614789385043914,15.368600805632328,7.967904144291131,0.0,0.0,0.0,0.0,0.10614789385043914,7.967904144291131,17.772177092502403,,True,,,,
synthetic-inprior,inprior_0152,CNN n50,50,50,False,0.12253539999073837,39.067231835383986,39.067231835383986,0,0.10701254185322424,19.11493169384632,8.330972388458909,0.7396524331684212,0.05193665085314009,1.146465412094955,0.010709644816005573,0.09630289703721867,8.709673337351692,9.145745200653808,12.001283334441602,True,,,,
synthetic-inprior,inprior_0152,DNN spectrum n20,20,20,False,0.142066899992642,55.76985113178094,55.76985113178094,0,0.0,,2.777777777777865,3.0187208922772983,0.5008810448304658,2.8937193789936893,0.09630289703721867,0.09630289703721867,8.709673337351692,9.145745200653808,12.001283334441602,True,,,,
synthetic-inprior,inprior_0152,DNN classifier n50,50,50,False,0.11990580000565387,49.018530227910844,49.018530227910844,0,1.2268000691806037e-06,24.499999999969372,1.000002471671028,3.235367568079603,0.8372367972300592,3.075425991731511,0.09630167023714949,0.09630289703721867,8.709673337351692,9.145745200653808,12.001283334441602,True,,,,
synthetic-inprior,inprior_0152,PFF ensemble,200,6,False,0.6070247999887215,40.5034808883449,40.5034808883449,0,0.09513069124948273,14.148107315433725,8.343377411150643,0.15884768267049926,0.025517657328306152,0.07091931029833765,0.0011722057877359415,0.09630289703721867,8.709673337351692,9.145745200653808,12.001283334441602,True,14.737550735473633,5.591805534819825,3.878857374191284,False
synthetic-inprior,inprior_0152,TSVD_NN,100,7,True,0.021568199998000637,36.54723373910839,36.54723373910839,0,0.06008121675001787,49.5,4.416196032873943,3.6802646790567906,0.5972513464634464,2.8315729621764683,0.036221680287200804,0.09630289703721867,8.709673337351692,9.145745200653808,12.001283334441602,True,,,,
synthetic-inprior,inprior_0152,truth (reference),200,6,False,0.0,40.42691892587088,40.42691892587088,0,0.09630289703721867,13.955907956292323,8.709673337351692,0.0,0.0,0.0,0.0,0.09630289703721867,8.709673337351692,9.145745200653808,,True,,,,
synthetic-inprior,inprior_0153,CNN n50,50,50,False,0.16747220000252128,31.003524728348765,31.003524728348765,0,0.0824775359815646,19.422482641759846,7.179618548449856,1.0497577038737507,0.10098001142002343,1.2730653985734042,0.016149436418111895,0.0986269723996765,8.140427187706777,9.68335243983396,18.937138837424676,True,,,,
synthetic-inprior,inprior_0153,DNN spectrum n20,20,20,False,0.11712999999872409,31.156902599855112,31.156902599855112,0,0.999999999999991,14.657310141405162,5.194588979620236,10.568918936856926,0.9646946761863532,3.029431360316679,0.9013730276003145,0.0986269723996765,8.140427187706777,9.68335243983396,18.937138837424676,True,,,,
synthetic-inprior,inprior_0153,DNN classifier n50,50,50,False,0.10688810001011007,39.49860153857228,39.49860153857228,0,1.2268000691806037e-06,24.499999999969372,1.000002471671028,3.0759976747208055,0.8331360739144392,3.1669374087883955,0.09862574559960731,0.0986269723996765,8.140427187706777,9.68335243983396,18.937138837424676,True,,,,
synthetic-inprior,inprior_0153,PFF ensemble,200,6,False,0.6039882000040961,31.719284357827945,31.719284357827945,0,0.09742768952816808,13.914588374874274,8.069403359567866,0.37899648074809533,0.08020604546658446,0.6341448786047093,0.001199282871508417,0.0986269723996765,8.140427187706777,9.68335243983396,18.937138837424676,True,14.196759223937988,4.513406784104028,3.406954765319824,False
synthetic-inprior,inprior_0153,TSVD_NN,100,7,True,0.05332789999374654,30.02617469778177,30.02617469778177,0,0.05214196891345613,37.07405310537363,4.39001306394508,2.671342388026222,0.5322456030625965,2.440485057839723,0.046485003486220366,0.0986269723996765,8.140427187706777,9.68335243983396,18.937138837424676,True,,,,
synthetic-inprior,inprior_0153,truth (reference),200,6,False,0.0,31.9706052746242,31.9706052746242,0,0.0986269723996765,12.06235739554019,8.140427187706777,0.0,0.0,0.0,0.0,0.0986269723996765,8.140427187706777,9.68335243983396,,True,,,,
synthetic-inprior,inprior_0154,CNN n50,50,50,False,0.10533550000400282,25.682954238733643,25.682954238733643,0,0.10203563211491333,18.254574338435926,8.115482042885349,1.9413547395293895,0.15378645947676012,1.2909283282061796,0.07966541282367309,0.022370219291240244,5.326305800935674,18.9931706196349,0.0,False,,,,
synthetic-inprior,inprior_0154,DNN spectrum n20,20,20,False,0.1504047000053106,26.267484817830695,26.267484817830695,0,2.222074267935481e-11,16.34150238099934,2.81522168085027,3.9220518520707435,0.8915720802410384,2.5818255869129074,0.0223702192690195,0.022370219291240244,5.326305800935674,18.9931706196349,0.0,False,,,,
synthetic-inprior,inprior_0154,DNN classifier n50,50,50,False,0.12152270000660792,30.986566585846948,30.986566585846948,0,1.2268000691806037e-06,24.499999999969372,1.000002471671028,1.795404954752382,0.7838031657627739,3.0822722180397992,0.022368992491171063,0.022370219291240244,5.326305800935674,18.9931706196349,0.0,False,,,,
synthetic-inprior,inprior_0154,PFF ensemble,200,6,False,0.708064699996612,25.85012961981316,25.85012961981316,0,0.08470938926463624,13.49846747457403,6.754987439482736,0.9442993257713085,0.08703041195872276,0.49753228529284105,0.062339169973395996,0.022370219291240244,5.326305800935674,18.9931706196349,0.0,False,,,,
synthetic-inprior,inprior_0154,TSVD_NN,100,7,True,0.017210100006195717,25.476414933101264,25.476414933101264,0,0.01183258775004164,47.49990583515569,3.5903414112332133,1.9062372608274138,0.4879185409544867,2.426820192544042,0.010537631541198604,0.022370219291240244,5.326305800935674,18.9931706196349,0.0,False,,,,
synthetic-inprior,inprior_0154,truth (reference),200,6,False,0.0,27.21206357412403,27.21206357412403,0,0.022370219291240244,12.663142913218348,5.326305800935674,0.0,0.0,0.0,0.0,0.022370219291240244,5.326305800935674,18.9931706196349,,False,,,,
synthetic-inprior,inprior_0155,CNN n50,50,50,False,0.15274659999704454,30.08609325145255,30.08609325145255,0,0.10133697666702352,19.18579941880515,7.667337415282533,1.2820468591008642,0.06673714660785592,1.263122162446205,0.054683510079046156,0.04665346658797736,6.576278653391475,16.008261245394667,0.0,False,,,,
synthetic-inprior,inprior_0155,DNN spectrum n20,20,20,False,0.1539721000008285,39.220022412410096,39.220022412410096,0,0.0,,2.7777777777778105,1.9881297292306337,0.39871779559577997,2.8374317695024986,0.04665346658797736,0.04665346658797736,6.576278653391475,16.008261245394667,0.0,False,,,,
synthetic-inprior,inprior_0155,DNN classifier n50,50,50,False,0.12509130001126323,34.486933908596406,34.486933908596406,0,1.2268000691806037e-06,24.499999999969372,1.000002471671028,2.316065103380277,0.8057033395931759,3.068444966178177,0.04665223978790818,0.04665346658797736,6.576278653391475,16.008261245394667,0.0,False,,,,
synthetic-inprior,inprior_0155,PFF ensemble,200,6,False,0.7088355000014417,30.66791535052986,30.66791535052986,0,0.04686843070922047,13.21897837459471,6.228437315038663,0.13410197259997952,0.02484105163960968,0.20670519958536618,0.00021496412124311082,0.04665346658797736,6.576278653391475,16.008261245394667,0.0,False,,,,
synthetic-inprior,inprior_0155,TSVD_NN,100,7,True,0.05080389999784529,30.009530524923058,30.009530524923058,0,0.058104730955657435,21.110523320292575,4.752083656042711,1.2471017173873742,0.21390506842759927,2.5197970273556116,0.011451264367680077,0.04665346658797736,6.576278653391475,16.008261245394667,0.0,False,,,,
synthetic-inprior,inprior_0155,truth (reference),200,6,False,0.0,30.61323243652207,30.61323243652207,0,0.04665346658797736,13.28795128176682,6.576278653391475,0.0,0.0,0.0,0.0,0.04665346658797736,6.576278653391475,16.008261245394667,,False,,,,
synthetic-inprior,inprior_0156,CNN n50,50,50,False,0.13792140000441577,31.892889148822807,31.892889148822807,0,0.04125721992107353,17.341824324073755,6.078165928634438,0.3400163270875482,0.04113142091480383,0.8692934596729758,0.001757655517113696,0.03949956440395983,6.177557468860393,9.07425699638278,8.164283696557748,True,,,,
synthetic-inprior,inprior_0156,DNN spectrum n20,20,20,False,0.15430720000586007,34.17354266466736,34.17354266466736,0,0.9999325199085628,13.679334288731896,2.829655645204646,10.568692797420107,0.9821196716991972,2.734224720223542,0.960432955504603,0.03949956440395983,6.177557468860393,9.07425699638278,8.164283696557748,True,,,,
synthetic-inprior,inprior_0156,DNN classifier n50,50,50,False,0.13815120000799652,36.20243746199151,36.20243746199151,0,1.2268000691806037e-06,24.499999999969372,1.000002471671028,2.210840383751594,0.8017177436457528,3.141914178059161,0.039498337603890654,0.03949956440395983,6.177557468860393,9.07425699638278,8.164283696557748,True,,,,
synthetic-inprior,inprior_0156,PFF ensemble,200,6,False,0.7703857000014978,32.22968646727345,32.22968646727345,0,0.044335512278500855,12.938096430411145,5.997987437442952,0.1695716057770411,0.03360700630136586,0.17188661106964842,0.004835947874541023,0.03949956440395983,6.177557468860393,9.07425699638278,8.164283696557748,True,12.812838554382324,3.7385815579995434,3.4879684448242188,False
synthetic-inprior,inprior_0156,TSVD_NN,100,7,True,0.0031725000008009374,31.84917393324054,31.84917393324054,0,0.014662329286620382,28.674716159536754,6.0436790550358905,0.44929284123492275,0.0917277403347044,1.6269224666901196,0.02483723511733945,0.03949956440395983,6.177557468860393,9.07425699638278,8.164283696557748,True,,,,
synthetic-inprior,inprior_0156,truth (reference),200,6,False,0.0,32.21638641072966,32.21638641072966,0,0.03949956440395983,12.1644406493465,6.177557468860393,0.0,0.0,0.0,0.0,0.03949956440395983,6.177557468860393,9.07425699638278,,True,,,,
synthetic-inprior,inprior_0157,CNN n50,50,50,False,0.1575295999937225,31.753472621483557,31.753472621483557,0,0.02038902033604024,19.051930774105244,4.515123301418016,0.2789489519588487,0.04709218559707515,0.9405862153393207,0.01715738998104251,0.03754641031708275,4.379308359457242,14.799604263476391,6.693136198110696,True,,,,
synthetic-inprior,inprior_0157,DNN spectrum n20,20,20,False,0.13828420000209007,38.042222925874334,38.042222925874334,0,2.1249790701109744e-15,16.228796828483087,2.777777777781926,1.1475502327426805,0.2502844486247775,3.1081618760169882,0.03754641031708063,0.03754641031708275,4.379308359457242,14.799604263476391,6.693136198110696,True,,,,
synthetic-inprior,inprior_0157,DNN classifier n50,50,50,False,0.16761960000440013,34.39210933165109,34.39210933165109,0,1.2268000691806037e-06,24.499999999969372,1.000002471671028,1.7060590179021622,0.7698541398728754,3.447698782013535,0.037545183517013574,0.03754641031708275,4.379308359457242,14.799604263476391,6.693136198110696,True,,,,
synthetic-inprior,inprior_0157,PFF ensemble,200,6,False,0.8170782999950461,31.650525093105028,31.650525093105028,0,0.04109383494900802,13.07904453887583,4.812188081746256,0.2267780352799726,0.04329772277093097,0.27031984069810394,0.0035474246319252695,0.03754641031708275,4.379308359457242,14.799604263476391,6.693136198110696,True,13.332597732543945,1.467006530932446,3.4144115447998047,True
synthetic-inprior,inprior_0157,TSVD_NN,100,7,True,0.03252989999600686,31.489936247075196,31.489936247075196,0,0.06346340121866886,13.678598301546803,4.13954865246488,0.2574465489926485,0.10824842490393102,2.1876391259224945,0.025916990901586112,0.03754641031708275,4.379308359457242,14.799604263476391,6.693136198110696,True,,,,
synthetic-inprior,inprior_0157,truth (reference),200,6,False,0.0,31.751694352131704,31.751694352131704,0,0.03754641031708275,14.166315732574077,4.379308359457242,0.0,0.0,0.0,0.0,0.03754641031708275,4.379308359457242,14.799604263476391,,True,,,,
synthetic-inprior,inprior_0158,CNN n50,50,50,False,0.18049969999992754,31.68791626559604,31.68791626559604,0,0.0032227287979907865,22.436401051277475,2.8639570045401173,0.14703720358800237,0.035377521335169554,0.5940774222884543,0.001984719109311241,0.0012380096886795459,3.0983848476184046,7.9454188442908595,0.0,False,,,,
synthetic-inprior,inprior_0158,DNN spectrum n20,20,20,False,0.1837841000087792,32.323583905451805,32.323583905451805,0,0.0,,2.777777777782683,0.42518666269023875,0.2222171128172039,2.6458345439758704,0.0012380096886795459,0.0012380096886795459,3.0983848476184046,7.9454188442908595,0.0,False,,,,
synthetic-inprior,inprior_0158,DNN classifier n50,50,50,False,0.16087920000427403,31.764828531510695,31.764828531510695,0,1.2268000691806037e-06,24.499999999969372,1.000002471671028,1.0251652565451843,0.7501440087087623,3.1521726719005265,0.0012367828886103653,0.0012380096886795459,3.0983848476184046,7.9454188442908595,0.0,False,,,,
synthetic-inprior,inprior_0158,PFF ensemble,200,6,False,0.7651244000007864,31.878060432277223,31.878060432277223,0,0.0011796596350669576,11.51599668869974,3.0437902256003238,0.026289215007028188,0.006702443653334125,0.05076140509868936,5.835005361258831e-05,0.0012380096886795459,3.0983848476184046,7.9454188442908595,0.0,False,,,,
synthetic-inprior,inprior_0158,TSVD_NN,100,7,True,0.012750099995173514,31.05540233673508,31.05540233673508,0,0.0054090980411368745,49.5,2.917595455056651,0.40043362655590314,0.09298077757224522,2.416242525801552,0.004171088352457329,0.0012380096886795459,3.0983848476184046,7.9454188442908595,0.0,False,,,,
synthetic-inprior,inprior_0158,truth (reference),200,6,False,0.0,31.79957475963696,31.79957475963696,0,0.0012380096886795459,11.54919242371525,3.0983848476184046,0.0,0.0,0.0,0.0,0.0012380096886795459,3.0983848476184046,7.9454188442908595,,False,,,,
synthetic-inprior,inprior_0159,CNN n50,50,50,False,0.16609439998865128,29.47715643431024,29.47715643431024,0,0.6221111113307997,23.419363428241255,36.31784547648672,4.667939285212192,0.14403291936318724,0.23660258041425591,0.09442618952482862,0.7165373008556283,46.39475157971477,10.834920141960765,14.504523890909876,True,,,,
synthetic-inprior,inprior_0159,DNN spectrum n20,20,20,False,0.1504306999995606,56.80000393352783,56.80000393352783,0,0.0,,2.7777777778175463,19.712342468656914,0.909404469857072,4.150594112805862,0.7165373008556283,0.7165373008556283,46.39475157971477,10.834920141960765,14.504523890909876,True,,,,
synthetic-inprior,inprior_0159,DNN classifier n50,50,50,False,0.13264370000979397,49.42106676060604,49.42106676060604,0,1.2268000691806037e-06,24.499999999969372,1.000002471671028,19.57446152025194,0.9699274946066927,4.242410208267684,0.7165360740555591,0.7165373008556283,46.39475157971477,10.834920141960765,14.504523890909876,True,,,,
synthetic-inprior,inprior_0159,PFF ensemble,200,6,False,0.7649861000099918,29.32000209710807,29.32000209710807,0,0.6356252535484093,25.150132747247206,39.38666182165814,3.3169558895974243,0.10352104343788936,0.11955488669099025,0.08091204730721901,0.7165373008556283,46.39475157971477,10.834920141960765,14.504523890909876,True,15.37409782409668,4.539177682135914,3.4429967403411865,False
synthetic-inprior,inprior_0159,TSVD_NN,100,7,True,0.029215300004580058,29.018423791055323,29.018423791055323,0,1.0,22.987976691587054,8.99626870819763,7.396974821998908,0.8036230606817184,3.822691021030702,0.2834626991443717,0.7165373008556283,46.39475157971477,10.834920141960765,14.504523890909876,True,,,,
synthetic-inprior,inprior_0159,truth (reference),200,6,False,0.0,29.20446554472898,29.20446554472898,0,0.7165373008556283,27.402670068573613,46.39475157971477,0.0,0.0,0.0,0.0,0.7165373008556283,46.39475157971477,10.834920141960765,,True,,,,
synthetic-inprior,inprior_0160,CNN n50,50,50,False,0.1831742999929702,29.988464170561855,29.988464170561855,0,0.4596157393413822,22.511999556483946,21.663463143897186,4.41021718913724,0.49296378220268006,1.1775053248143672,0.1129251493313449,0.5725408886727271,9.393111774026517,20.926555739238115,14.31047402149572,True,,,,
synthetic-inprior,inprior_0160,DNN spectrum n20,20,20,False,0.16795240000647027,55.08514551253439,55.08514551253439,0,0.0,,2.777777777777873,11.46151571970789,0.6659308535203906,3.5814832791115983,0.5725408886727271,0.5725408886727271,9.393111774026517,20.926555739238115,14.31047402149572,True,,,,
synthetic-inprior,inprior_0160,DNN classifier n50,50,50,False,0.15041210000345018,47.744512848341216,47.744512848341216,0,1.2268000691806037e-06,24.499999999969372,1.000002471671028,11.61479622785878,0.9026282845575807,3.822313752010551,0.5725396618726579,0.5725408886727271,9.393111774026517,20.926555739238115,14.31047402149572,True,,,,
synthetic-inprior,inprior_0160,PFF ensemble,200,6,False,0.8287162999913562,30.625770855671078,30.625770855671078,0,0.41932983504567006,20.090925463397305,22.68732007700267,4.855017838136958,0.5701833732611442,1.2133074057583295,0.15321105362705706,0.5725408886727271,9.393111774026517,20.926555739238115,14.31047402149572,True,15.5416259765625,5.384929762675615,3.3839640617370605,False
synthetic-inprior,inprior_0160,TSVD_NN,100,7,True,0.3705192000052193,29.583055752995172,29.583055752995172,0,0.42227942251052214,24.16294139312037,4.274730029335837,6.597657353656027,0.5833076979490336,3.000436242226626,0.15026146616220498,0.5725408886727271,9.393111774026517,20.926555739238115,14.31047402149572,True,,,,
synthetic-inprior,inprior_0160,truth (reference),200,6,False,0.0,30.164293948750263,30.164293948750263,0,0.5725408886727271,20.824353688725417,9.393111774026517,0.0,0.0,0.0,0.0,0.5725408886727271,9.393111774026517,20.926555739238115,,True,,,,
synthetic-inprior,inprior_0161,CNN n50,50,50,False,0.16210839999257587,29.262394124093905,29.262394124093905,0,0.04919633796110824,17.366333214385786,6.588477514307657,0.8576683302178567,0.08186760545601252,0.9670212674559305,0.028021370825361342,0.0211749671357469,5.252244704298604,19.136131971378948,0.0,False,,,,
synthetic-inprior,inprior_0161,DNN spectrum n20,20,20,False,0.17809449999185745,36.67763477684641,36.67763477684641,0,0.0,,2.7777777832723736,1.3261221589831143,0.3145913983705502,2.817898216714702,0.0211749671357469,0.0211749671357469,5.252244704298604,19.136131971378948,0.0,False,,,,
synthetic-inprior,inprior_0161,DNN classifier n50,50,50,False,0.16615330000058748,32.37538004775607,32.37538004775607,0,1.2268000691806037e-06,24.499999999969372,1.000002471671028,1.7658641591698532,0.7824401367984474,3.1099051809784997,0.021173740335677718,0.0211749671357469,5.252244704298604,19.136131971378948,0.0,False,,,,
synthetic-inprior,inprior_0161,PFF ensemble,200,6,False,0.7511521999986144,29.6519122531385,29.6519122531385,0,0.032552383153354916,12.70091714348772,5.478874839338883,0.16405441577169394,0.016038554005801897,0.1170755021769282,0.011377416017608017,0.0211749671357469,5.252244704298604,19.136131971378948,0.0,False,,,,
synthetic-inprior,inprior_0161,TSVD_NN,100,7,True,0.052929700003005564,28.97354222509811,28.97354222509811,0,0.014236780848929848,47.5,3.624792472349122,1.2063177491276258,0.37084890736546267,2.1608703127301077,0.006938186286817052,0.0211749671357469,5.252244704298604,19.136131971378948,0.0,False,,,,
synthetic-inprior,inprior_0161,truth (reference),200,6,False,0.0,29.87640885296506,29.87640885296506,0,0.0211749671357469,12.626114332743231,5.252244704298604,0.0,0.0,0.0,0.0,0.0211749671357469,5.252244704298604,19.136131971378948,,False,,,,
synthetic-inprior,inprior_0162,CNN n50,50,50,False,0.15168499998981133,26.88248475652089,26.88248475652089,0,0.36742892063239585,21.945581321346168,13.76231149663574,2.2076782771998467,0.2278603660723259,0.2474853242790086,0.04087078089769863,0.3265581397346972,17.87821001131209,9.99865933679229,0.0,False,,,,
synthetic-inprior,inprior_0162,DNN spectrum n20,20,20,False,0.1432319000014104,49.165537616295516,49.165537616295516,0,0.0,,2.9122810506830805,7.450445490595393,0.6940571942628699,3.5855318321821366,0.3265581397346972,0.3265581397346972,17.87821001131209,9.99865933679229,0.0,False,,,,
synthetic-inprior,inprior_0162,DNN classifier n50,50,50,False,0.15055069999652915,43.25268903181541,43.25268903181541,0,1.2268000691806037e-06,24.499999999969372,1.000002471671028,7.525631682883111,0.9055247901495859,3.840876354799277,0.326556912934628,0.3265581397346972,17.87821001131209,9.99865933679229,0.0,False,,,,
synthetic-inprior,inprior_0162,PFF ensemble,200,6,False,0.7785921999893617,29.57748061627517,29.57748061627517,0,0.22117778389137,16.007295165381286,12.81817666600034,2.4098718560773493,0.11904800704993715,0.5551216936521478,0.10538035584332722,0.3265581397346972,17.87821001131209,9.99865933679229,0.0,False,,,,
synthetic-inprior,inprior_0162,TSVD_NN,100,7,True,0.03135170000314247,26.649375066208993,26.649375066208993,0,0.47614401246759713,21.09208506902361,5.475450200413026,4.342788484230624,0.5970254166996213,2.9902999427492145,0.14958587273289992,0.3265581397346972,17.87821001131209,9.99865933679229,0.0,False,,,,
synthetic-inprior,inprior_0162,truth (reference),200,6,False,0.0,27.83113707622775,27.83113707622775,0,0.3265581397346972,18.533318100565058,17.87821001131209,0.0,0.0,0.0,0.0,0.3265581397346972,17.87821001131209,9.99865933679229,,False,,,,
synthetic-inprior,inprior_0163,CNN n50,50,50,False,0.1359931999904802,29.272859269169743,29.272859269169743,0,0.13435053718505074,18.760090551076978,9.375268128473405,1.913445640160154,0.35234706504381635,0.9085659050855309,0.0759294582238578,0.21027999540890854,4.787056052603758,11.910421785175068,23.55168780201241,True,,,,
synthetic-inprior,inprior_0163,DNN spectrum n20,20,20,False,0.16279440000653267,42.642688708499705,42.642688708499705,0,0.0,,2.7777777777927763,2.706109365440381,0.3330373342704954,3.6159228124898375,0.21027999540890854,0.21027999540890854,4.787056052603758,11.910421785175068,23.55168780201241,True,,,,
synthetic-inprior,inprior_0163,DNN classifier n50,50,50,False,0.15634370000043418,36.72879296074662,36.72879296074662,0,1.2268000691806037e-06,24.499999999969372,1.000002471671028,3.2929118277385587,0.8156428426573625,3.985029347259221,0.21027876860883937,0.21027999540890854,4.787056052603758,11.910421785175068,23.55168780201241,True,,,,
synthetic-inprior,inprior_0163,PFF ensemble,200,6,False,0.746317099998123,30.513293747808966,30.513293747808966,0,0.08403343418366252,15.084129068551848,6.15553077824682,1.1886831226841892,0.27683918547603537,0.9612206707034046,0.12624656122524602,0.21027999540890854,4.787056052603758,11.910421785175068,23.55168780201241,True,16.172142028808594,4.261720243633526,3.567625045776367,False
synthetic-inprior,inprior_0163,TSVD_NN,100,7,True,0.09620259999064729,28.720287078194705,28.720287078194705,0,0.10436170506900888,23.23614314396897,4.05766071537537,2.218876745564456,0.20539436492376553,2.547185919491416,0.10591829033989966,0.21027999540890854,4.787056052603758,11.910421785175068,23.55168780201241,True,,,,
synthetic-inprior,inprior_0163,truth (reference),200,6,False,0.0,30.08544494505505,30.08544494505505,0,0.21027999540890854,12.345329910914279,4.787056052603758,0.0,0.0,0.0,0.0,0.21027999540890854,4.787056052603758,11.910421785175068,,True,,,,
synthetic-inprior,inprior_0164,CNN n50,50,50,False,0.14701410000270698,28.256058126323097,28.256058126323097,0,0.06585878751415175,17.419490395367887,6.930828078807296,0.6704754894575299,0.07875444752267334,0.9646445643300853,0.021830955846340497,0.08768974336049225,8.257715980433916,9.310653924470632,0.0,False,,,,
synthetic-inprior,inprior_0164,DNN spectrum n20,20,20,False,0.156483600003412,40.29331563329976,40.29331563329976,0,1.9109578089358267e-23,16.23526523885478,2.789083828000989,2.823156497314309,0.4799965741440543,2.7201819155480225,0.08768974336049225,0.08768974336049225,8.257715980433916,9.310653924470632,0.0,False,,,,
synthetic-inprior,inprior_0164,DNN classifier n50,50,50,False,0.16486129999975674,34.55790570399469,34.55790570399469,0,1.2268000691806037e-06,24.499999999969372,1.000002471671028,3.0606835323568693,0.8306345699438689,3.052222343130004,0.08768851656042306,0.08768974336049225,8.257715980433916,9.310653924470632,0.0,False,,,,
synthetic-inprior,inprior_0164,PFF ensemble,200,6,False,0.7700878999894485,28.184588412829832,28.184588412829832,0,0.10225206477250316,13.48022428629661,8.07038387094162,0.16402623170046135,0.03401724063083107,0.2676156027123509,0.014562321412010915,0.08768974336049225,8.257715980433916,9.310653924470632,0.0,False,,,,
synthetic-inprior,inprior_0164,TSVD_NN,100,7,True,0.01884760000393726,27.849189086996613,27.849189086996613,0,0.04456283618690432,10.700218770063401,6.717448860085555,3.4203087855794814,0.6313692431079242,2.4672308777782073,0.04312690717358793,0.08768974336049225,8.257715980433916,9.310653924470632,0.0,False,,,,
synthetic-inprior,inprior_0164,truth (reference),200,6,False,0.0,28.16955827144944,28.16955827144944,0,0.08768974336049225,14.126535036423864,8.257715980433916,0.0,0.0,0.0,0.0,0.08768974336049225,8.257715980433916,9.310653924470632,,False,,,,
synthetic-inprior,inprior_0165,CNN n50,50,50,False,0.15462420000403654,31.59293190420314,31.59293190420314,0,0.041804444503523545,17.80325117196815,6.359555793681904,1.2018147897978038,0.2330581446992993,0.85035139323707,0.09927795578731652,0.14108240029084007,4.711354978219737,13.675333203009087,17.43233690589158,True,,,,
synthetic-inprior,inprior_0165,DNN spectrum n20,20,20,False,0.17554399999789894,42.043833172546265,42.043833172546265,0,0.0,,2.777777777808735,2.1676862569813338,0.29320026598907056,3.505761548834098,0.14108240029084007,0.14108240029084007,4.711354978219737,13.675333203009087,17.43233690589158,True,,,,
synthetic-inprior,inprior_0165,DNN classifier n50,50,50,False,0.18117519999213982,36.91032225548039,36.91032225548039,0,1.2268000691806037e-06,24.499999999969372,1.000002471671028,2.7324789512854233,0.7913987392821034,3.843743584460005,0.1410811734907709,0.14108240029084007,4.711354978219737,13.675333203009087,17.43233690589158,True,,,,
synthetic-inprior,inprior_0165,PFF ensemble,200,6,False,0.7320336999982828,31.73983758352724,31.73983758352724,0,0.06374264866388855,13.313052039789033,6.479119351137123,0.9425178807059261,0.20268772330755358,0.6525201700289548,0.07733975162695152,0.14108240029084007,4.711354978219737,13.675333203009087,17.43233690589158,True,13.604008674621582,0.07132452838750503,3.512802839279175,True
synthetic-inprior,inprior_0165,TSVD_NN,100,7,True,0.0243281000002753,30.610932983846414,30.610932983846414,0,0.06287912118580022,19.556912241795285,2.8407239090706953,2.0503027760549086,0.5029869443988546,3.196925374241864,0.07820327910503985,0.14108240029084007,4.711354978219737,13.675333203009087,17.43233690589158,True,,,,
synthetic-inprior,inprior_0165,truth (reference),200,6,False,0.0,31.100840296598207,31.100840296598207,0,0.14108240029084007,13.696659209940268,4.711354978219737,0.0,0.0,0.0,0.0,0.14108240029084007,4.711354978219737,13.675333203009087,,True,,,,
synthetic-inprior,inprior_0166,CNN n50,50,50,False,0.14436810000916012,30.515922176892712,30.515922176892712,0,0.23987966034388108,18.264016093120915,13.378651092328322,2.75466450903848,0.27914138093731344,1.418188703922784,0.18848015045623912,0.4283598108001202,13.70641196188826,15.901562609106705,19.581845431982977,True,,,,
synthetic-inprior,inprior_0166,DNN spectrum n20,20,20,False,0.13299579999875277,50.430174795069334,50.430174795069334,0,0.0,,2.7777777777778496,7.0884168132404,0.6630493603431269,3.040205167968745,0.4283598108001202,0.4283598108001202,13.70641196188826,15.901562609106705,19.581845431982977,True,,,,
synthetic-inprior,inprior_0166,DNN classifier n50,50,50,False,0.1150952000025427,43.499944280922506,43.499944280922506,0,1.2268000691806037e-06,24.499999999969372,1.000002471671028,7.1985574324829775,0.8968321219906823,3.2094172732244433,0.428358584000051,0.4283598108001202,13.70641196188826,15.901562609106705,19.581845431982977,True,,,,
synthetic-inprior,inprior_0166,PFF ensemble,200,6,False,0.7721543000079691,32.23482210864764,32.23482210864764,0,0.15444235663536116,14.618077919461394,9.685342425662965,3.42916481701128,0.28164358175099674,0.38946237731591143,0.27391745416475904,0.4283598108001202,13.70641196188826,15.901562609106705,19.581845431982977,True,15.189140319824219,0.7124222892824861,3.4387497901916504,True
synthetic-inprior,inprior_0166,TSVD_NN,100,7,True,0.09666980001202319,30.219722577033362,30.219722577033362,0,0.5516616021991808,15.069254099689088,12.101959035194719,4.512582432602128,0.6257552024023728,2.160224032058157,0.12330179139906061,0.4283598108001202,13.70641196188826,15.901562609106705,19.581845431982977,True,,,,
synthetic-inprior,inprior_0166,truth (reference),200,6,False,0.0,30.431316505441806,30.431316505441806,0,0.4283598108001202,15.503913599649826,13.70641196188826,0.0,0.0,0.0,0.0,0.4283598108001202,13.70641196188826,15.901562609106705,,True,,,,
synthetic-inprior,inprior_0167,CNN n50,50,50,False,0.14635370000905823,29.180147766424355,29.180147766424355,0,0.1416805575407415,19.01148221561199,10.275896333412314,0.6328674020477123,0.04606570808445317,0.7063023695595424,0.012160910910569034,0.15384146845131053,10.716747480246156,17.104185527511692,0.0,False,,,,
synthetic-inprior,inprior_0167,DNN spectrum n20,20,20,False,0.1503755000012461,43.64566960371304,43.64566960371304,0,0.0,,2.7777777913370465,4.054980268028377,0.5703686563363694,3.2086558212560514,0.15384146845131053,0.15384146845131053,10.716747480246156,17.104185527511692,0.0,False,,,,
synthetic-inprior,inprior_0167,DNN classifier n50,50,50,False,0.15226260000781622,37.21617861914189,37.21617861914189,0,1.2268000691806037e-06,24.499999999969372,1.000002471671028,4.196319266987801,0.8584455331973129,3.3692820202195555,0.15384024165124136,0.15384146845131053,10.716747480246156,17.104185527511692,0.0,False,,,,
synthetic-inprior,inprior_0167,PFF ensemble,200,6,False,0.6842262999998638,29.827243377664338,29.827243377664338,0,0.13030961790239132,14.634002778354322,9.59981910824782,0.5334564264117974,0.040764219418933524,0.298817324689675,0.02353185054891921,0.15384146845131053,10.716747480246156,17.104185527511692,0.0,False,,,,
synthetic-inprior,inprior_0167,TSVD_NN,100,7,True,0.020524299994576722,28.82131259298525,28.82131259298525,0,0.04924205831925196,38.88578771826132,7.208064433599257,2.2808516667089487,0.284888529788627,2.6584275856899304,0.10459941013205856,0.15384146845131053,10.716747480246156,17.104185527511692,0.0,False,,,,
synthetic-inprior,inprior_0167,truth (reference),200,6,False,0.0,29.57625250229322,29.57625250229322,0,0.15384146845131053,15.336838838212806,10.716747480246156,0.0,0.0,0.0,0.0,0.15384146845131053,10.716747480246156,17.104185527511692,,False,,,,
synthetic-inprior,inprior_0168,CNN n50,50,50,False,0.1521361000050092,27.776345906991686,27.776345906991686,0,0.1154188871182485,18.787393796891315,8.446710965644463,1.4297201957935441,0.1464760591936458,1.2975981313445268,0.059586163889513113,0.17500505100776162,9.70124815484182,10.560983317536484,15.590036886804121,True,,,,
synthetic-inprior,inprior_0168,DNN spectrum n20,20,20,False,0.10812930000247434,40.27141266281209,40.27141266281209,0,0.0,,2.7777777881475685,3.665303353267274,0.5386429499762352,3.0664616660023114,0.17500505100776162,0.17500505100776162,9.70124815484182,10.560983317536484,15.590036886804121,True,,,,
synthetic-inprior,inprior_0168,DNN classifier n50,50,50,False,0.10484240000369027,34.258584585514924,34.258584585514924,0,1.2268000691806037e-06,24.499999999969372,1.000002471671028,3.888911371471497,0.8542303186611612,3.306729173480283,0.17500382420769245,0.17500505100776162,9.70124815484182,10.560983317536484,15.590036886804121,True,,,,
synthetic-inprior,inprior_0168,PFF ensemble,200,6,False,0.6216539000015473,28.459406528756286,28.459406528756286,0,0.08978716229954575,13.783944802755004,7.703577116479365,1.1667208550598884,0.1569164858627764,0.6913396305813263,0.08521788870821587,0.17500505100776162,9.70124815484182,10.560983317536484,15.590036886804121,True,14.153604507446289,3.5926211899098046,3.6548633575439453,True
synthetic-inprior,inprior_0168,TSVD_NN,100,7,True,0.019446899998001754,27.675819582506698,27.675819582506698,0,0.061152923557031856,26.409570999723886,5.696354020238187,2.5914889340332956,0.4967934663983903,2.7943061306592387,0.11385212745072976,0.17500505100776162,9.70124815484182,10.560983317536484,15.590036886804121,True,,,,
synthetic-inprior,inprior_0168,truth (reference),200,6,False,0.0,28.22703179119338,28.22703179119338,0,0.17500505100776162,12.174044748670322,9.70124815484182,0.0,0.0,0.0,0.0,0.17500505100776162,9.70124815484182,10.560983317536484,,True,,,,
synthetic-inprior,inprior_0169,CNN n50,50,50,False,0.11956380000628997,38.807810561413575,38.807810561413575,0,0.18656132198769318,17.613285223340775,11.715299959051183,0.41866529048343826,0.030419344227819684,0.6013722233253533,0.0023133938080427685,0.1842479281796504,11.64502141135533,15.778904031744524,6.159030167279241,True,,,,
synthetic-inprior,inprior_0169,DNN spectrum n20,20,20,False,0.16214879999461118,58.654132914413395,58.654132914413395,0,0.0,,2.7777777777814436,4.523590103034879,0.5944517525695444,3.2843995797369674,0.1842479281796504,0.1842479281796504,11.64502141135533,15.778904031744524,6.159030167279241,True,,,,
synthetic-inprior,inprior_0169,DNN classifier n50,50,50,False,0.10338909999700263,51.41763502959552,51.41763502959552,0,1.2268000691806037e-06,24.499999999969372,1.000002471671028,4.644247026920863,0.8665325657868006,3.4399672936978103,0.18424670137958124,0.1842479281796504,11.64502141135533,15.778904031744524,6.159030167279241,True,,,,
synthetic-inprior,inprior_0169,PFF ensemble,200,6,False,0.6330258999951184,40.67285601395524,40.67285601395524,0,0.12614236438198598,14.561373395210898,9.312977466405542,1.114741167255762,0.0816471092952832,0.5061755832095415,0.05810556379766443,0.1842479281796504,11.64502141135533,15.778904031744524,6.159030167279241,True,15.147031784057617,0.631872247686907,3.51383376121521,True
synthetic-inprior,inprior_0169,TSVD_NN,100,7,True,0.04911300000094343,36.089255821841796,36.089255821841796,0,0.07979250724768212,49.5,4.198500689429889,4.421808644776332,0.636259859678561,3.1896835657744864,0.10445542093196829,0.1842479281796504,11.64502141135533,15.778904031744524,6.159030167279241,True,,,,
synthetic-inprior,inprior_0169,truth (reference),200,6,False,0.0,39.55238144830772,39.55238144830772,0,0.1842479281796504,15.630815395903415,11.64502141135533,0.0,0.0,0.0,0.0,0.1842479281796504,11.64502141135533,15.778904031744524,,True,,,,
synthetic-inprior,inprior_0170,CNN n50,50,50,False,0.1333635999908438,30.822949484228896,30.822949484228896,0,0.04765868363136383,18.445948250036636,6.278566014750374,0.8144096942324253,0.0631482326103496,0.9702317399535814,0.026241559668380755,0.021417123962983075,5.267405629589664,9.545995750959857,0.0,False,,,,
synthetic-inprior,inprior_0170,DNN spectrum n20,20,20,False,0.13234430000011344,38.08866959460384,38.08866959460384,0,0.0,,2.7777777781180406,1.3337026130574308,0.3156664074302534,2.82221768144517,0.021417123962983075,0.021417123962983075,5.267405629589664,9.545995750959857,0.0,False,,,,
synthetic-inprior,inprior_0170,DNN classifier n50,50,50,False,0.12457770000037272,34.157234991612555,34.157234991612555,0,1.2268000691806037e-06,24.499999999969372,1.000002471671028,1.7718969992044364,0.7827194834296107,3.113751778205326,0.021415897162913894,0.021417123962983075,5.267405629589664,9.545995750959857,0.0,False,,,,
synthetic-inprior,inprior_0170,PFF ensemble,200,6,False,0.6834969999908935,31.157886736086134,31.157886736086134,0,0.03947428508663049,12.970204438502126,5.504972984146016,0.21893696776872001,0.019494468876887848,0.17512791577080533,0.018057161123647417,0.021417123962983075,5.267405629589664,9.545995750959857,0.0,False,,,,
synthetic-inprior,inprior_0170,TSVD_NN,100,7,True,0.03498029999900609,30.421752996349305,30.421752996349305,0,0.056297150344165395,20.55471390304123,3.8362952142523343,0.9970500500173504,0.2768443655298764,2.5316939873519653,0.034880026381182316,0.021417123962983075,5.267405629589664,9.545995750959857,0.0,False,,,,
synthetic-inprior,inprior_0170,truth (reference),200,6,False,0.0,31.525954002255393,31.525954002255393,0,0.021417123962983075,12.633694422543854,5.267405629589664,0.0,0.0,0.0,0.0,0.021417123962983075,5.267405629589664,9.545995750959857,,False,,,,
synthetic-inprior,inprior_0171,CNN n50,50,50,False,0.15934719999495428,27.90676373414211,27.90676373414211,0,0.0727515096394166,16.92132999182382,8.178033056228266,0.9184368249266993,0.1314937594135769,1.0721132250765288,0.011142848603380516,0.06160866103603608,6.191408301377724,20.598898937669098,7.081836956115423,True,,,,
synthetic-inprior,inprior_0171,DNN spectrum n20,20,20,False,0.13249390000419226,40.26330503398558,40.26330503398558,0,0.0,,2.7777777781358757,2.16248478933423,0.37325376283135164,3.0745480166085013,0.06160866103603608,0.06160866103603608,6.191408301377724,20.598898937669098,7.081836956115423,True,,,,
synthetic-inprior,inprior_0171,DNN classifier n50,50,50,False,0.12183570000343025,34.29118740669927,34.29118740669927,0,1.2268000691806037e-06,24.499999999969372,1.000002471671028,2.5319883354755075,0.799653446719855,3.3121167720688147,0.0616074342359669,0.06160866103603608,6.191408301377724,20.598898937669098,7.081836956115423,True,,,,
synthetic-inprior,inprior_0171,PFF ensemble,200,6,False,0.6549159999995027,28.472325312638404,28.472325312638404,0,0.06620891468586446,13.49496629934356,7.134374454893243,0.5238994573913021,0.08010401019860798,0.5448094375837216,0.004600253649828377,0.06160866103603608,6.191408301377724,20.598898937669098,7.081836956115423,True,13.4553861618042,7.143512775864899,3.441439151763916,False
synthetic-inprior,inprior_0171,TSVD_NN,100,7,True,0.030293899995740503,27.816167723413866,27.816167723413866,0,0.01626130714533129,40.5,7.83538533949865,1.734448521038952,0.3420415025026764,2.45109736403372,0.04534735389070479,0.06160866103603608,6.191408301377724,20.598898937669098,7.081836956115423,True,,,,
synthetic-inprior,inprior_0171,truth (reference),200,6,False,0.0,28.40804836891713,28.40804836891713,0,0.06160866103603608,16.78253806561908,6.191408301377724,0.0,0.0,0.0,0.0,0.06160866103603608,6.191408301377724,20.598898937669098,,True,,,,
synthetic-inprior,inprior_0172,CNN n50,50,50,False,0.12378639999951702,31.07140231203119,31.07140231203119,0,0.0480061763653684,16.67888679154082,6.878192749081217,0.28071150100638087,0.039921799750255234,0.9654585660537436,0.008689232463841595,0.056695408829209995,7.016274576268288,15.8520646801921,0.0,False,,,,
synthetic-inprior,inprior_0172,DNN spectrum n20,20,20,False,0.12952590000350028,41.40475351175977,41.40475351175977,0,0.0,,2.7777777777777772,2.208112107600518,0.4227321611346914,2.8277709458926434,0.056695408829209995,0.056695408829209995,7.016274576268288,15.8520646801921,0.0,False,,,,
synthetic-inprior,inprior_0172,DNN classifier n50,50,50,False,0.164521099999547,35.907225640303565,35.907225640303565,0,1.2268000691806037e-06,24.499999999969372,1.000002471671028,2.5070685667974146,0.8127528142593465,3.0428769606765362,0.05669418202914082,0.056695408829209995,7.016274576268288,15.8520646801921,0.0,False,,,,
synthetic-inprior,inprior_0172,PFF ensemble,200,6,False,0.5883804000040982,31.41309648344333,31.41309648344333,0,0.05631871143098468,13.600623595685882,6.567369187239168,0.17775921758987664,0.032090435160916204,0.25099495570730135,0.00037669739822531606,0.056695408829209995,7.016274576268288,15.8520646801921,0.0,False,,,,
synthetic-inprior,inprior_0172,TSVD_NN,100,7,True,0.019011899988981895,30.40659392960228,30.40659392960228,0,0.04839410078634436,25.680294160367517,5.067589649967069,1.4440617372515052,0.3722886689673073,2.571364030307992,0.008301308042865635,0.056695408829209995,7.016274576268288,15.8520646801921,0.0,False,,,,
synthetic-inprior,inprior_0172,truth (reference),200,6,False,0.0,31.321560130203807,31.321560130203807,0,0.056695408829209995,13.507728091171916,7.016274576268288,0.0,0.0,0.0,0.0,0.056695408829209995,7.016274576268288,15.8520646801921,,False,,,,
synthetic-inprior,inprior_0173,CNN n50,50,50,False,0.12713520000397693,29.370855870456943,29.370855870456943,0,0.04354179707887374,17.036852302832735,6.269501746659073,0.4678788900767939,0.03502154680876217,0.9273119283000378,0.015219576044591822,0.02832222103428192,5.670778502839951,11.493949214911584,0.0,False,,,,
synthetic-inprior,inprior_0173,DNN spectrum n20,20,20,False,0.11080229999788571,37.9838775987267,37.9838775987267,0,0.0,,2.777777778509504,1.5353884432194338,0.3432719036962177,2.8087803811415615,0.02832222103428192,0.02832222103428192,5.670778502839951,11.493949214911584,0.0,False,,,,
synthetic-inprior,inprior_0173,DNN classifier n50,50,50,False,0.15130019999924116,33.03051957851816,33.03051957851816,0,1.2268000691806037e-06,24.499999999969372,1.000002471671028,1.9349903733391334,0.7900727656842839,3.0765794334284795,0.028320994234212738,0.02832222103428192,5.670778502839951,11.493949214911584,0.0,False,,,,
synthetic-inprior,inprior_0173,PFF ensemble,200,6,False,0.6471375999972224,29.617802983524573,29.617802983524573,0,0.055741755010051186,13.32778028716608,6.1922260234968975,0.3822946541995416,0.03317771118243688,0.2200255390948357,0.027419533975769267,0.02832222103428192,5.670778502839951,11.493949214911584,0.0,False,,,,
synthetic-inprior,inprior_0173,TSVD_NN,100,7,True,0.01582720001169946,28.93267832564064,28.93267832564064,0,0.0433712088370621,24.701762268653074,4.520630788539225,1.1213269564855866,0.17290140438631582,2.418952049552811,0.015048987802780182,0.02832222103428192,5.670778502839951,11.493949214911584,0.0,False,,,,
synthetic-inprior,inprior_0173,truth (reference),200,6,False,0.0,30.145576805558616,30.145576805558616,0,0.02832222103428192,12.835363617012268,5.670778502839951,0.0,0.0,0.0,0.0,0.02832222103428192,5.670778502839951,11.493949214911584,,False,,,,
synthetic-inprior,inprior_0174,CNN n50,50,50,False,0.129078899990418,31.11589107676857,31.11589107676857,0,0.13166830633920792,20.542237835826494,8.045139648246536,1.8191104383721273,0.2342456362543398,0.8711956660887897,0.018229937909738148,0.11343836842946978,4.824252789387672,16.299459217059812,13.967524014409582,True,,,,
synthetic-inprior,inprior_0174,DNN spectrum n20,20,20,False,0.16151930000341963,44.63368162594185,44.63368162594185,0,0.0,,2.7777777777777772,2.197180971881492,0.2918160861592775,3.4828045825705476,0.11343836842946978,0.11343836842946978,4.824252789387672,16.299459217059812,13.967524014409582,True,,,,
synthetic-inprior,inprior_0174,DNN classifier n50,50,50,False,0.12805179999850225,38.882433911159445,38.882433911159445,0,1.2268000691806037e-06,24.499999999969372,1.000002471671028,2.7319895865993447,0.785773706824247,3.7973307373931564,0.11343714162940059,0.11343836842946978,4.824252789387672,16.299459217059812,13.967524014409582,True,,,,
synthetic-inprior,inprior_0174,PFF ensemble,200,6,False,0.7231138999923132,32.34971716087201,32.34971716087201,0,0.10962720512570201,14.492612774021662,7.068655238877885,0.8782954564102246,0.16897749001551485,0.4853709421440865,0.0038111633037677672,0.11343836842946978,4.824252789387672,16.299459217059812,13.967524014409582,True,15.309046745300293,0.9904124717595195,3.5910611152648926,True
synthetic-inprior,inprior_0174,TSVD_NN,100,7,True,0.0433645000011893,30.885271454383666,30.885271454383666,0,0.06585222802237166,36.19873369473207,3.87879601195369,2.314298754622986,0.3874147119209003,3.020739696144131,0.04758614040709812,0.11343836842946978,4.824252789387672,16.299459217059812,13.967524014409582,True,,,,
synthetic-inprior,inprior_0174,truth (reference),200,6,False,0.0,32.218693493143824,32.218693493143824,0,0.11343836842946978,16.091704776664958,4.824252789387672,0.0,0.0,0.0,0.0,0.11343836842946978,4.824252789387672,16.299459217059812,,True,,,,
synthetic-inprior,inprior_0175,CNN n50,50,50,False,0.1394743999990169,28.02710509338757,28.02710509338757,0,0.491678068670731,23.105974402529668,27.809835544342988,0.600906973623677,0.054401398079073286,0.0682846006001446,0.027230315180082287,0.5189083838508133,29.697367618848837,13.30631445940885,0.0,False,,,,
synthetic-inprior,inprior_0175,DNN spectrum n20,20,20,False,0.16376019999734126,30.2348048948939,30.2348048948939,0,1.0,13.700404303981873,2.7786418674131705,8.821287160874066,0.9154026412374978,3.9334837637575446,0.4810916161491867,0.5189083838508133,29.697367618848837,13.30631445940885,0.0,False,,,,
synthetic-inprior,inprior_0175,DNN classifier n50,50,50,False,0.13305040000705048,46.311367666933776,46.311367666933776,0,1.2268000691806037e-06,24.499999999969372,1.000002471671028,12.48446761779237,0.9412759006592526,4.1070169588369865,0.5189071570507441,0.5189083838508133,29.697367618848837,13.30631445940885,0.0,False,,,,
synthetic-inprior,inprior_0175,PFF ensemble,200,6,False,0.773871199999121,28.437589378329236,28.437589378329236,0,0.4714634995313961,21.219370295441944,26.019966536009875,1.5334500340030828,0.054211975681107465,0.10239611349862758,0.04744488431941718,0.5189083838508133,29.697367618848837,13.30631445940885,0.0,False,,,,
synthetic-inprior,inprior_0175,TSVD_NN,100,7,True,0.3210171000100672,27.328641302351134,27.328641302351134,0,0.49074229840379147,25.733570505041396,6.603999249502337,5.387289367435364,0.6699505396886981,3.5975876758512095,0.028166085447021816,0.5189083838508133,29.697367618848837,13.30631445940885,0.0,False,,,,
synthetic-inprior,inprior_0175,truth (reference),200,6,False,0.0,28.09082595768427,28.09082595768427,0,0.5189083838508133,22.540138676180767,29.697367618848837,0.0,0.0,0.0,0.0,0.5189083838508133,29.697367618848837,13.30631445940885,,False,,,,
synthetic-inprior,inprior_0176,CNN n50,50,50,False,0.1516674000013154,34.182631947543626,34.182631947543626,0,0.20132206282400528,19.548726921566754,11.635388489271577,2.9817581061233205,0.15381017947040565,1.5412541307808547,0.12413235934402055,0.07718970347998473,7.247516382503407,9.14141081096343,11.610581130548951,True,,,,
synthetic-inprior,inprior_0176,DNN spectrum n20,20,20,False,0.12824439999531023,51.46705354639267,51.46705354639267,0,0.0,,2.7777777777777772,2.4222667111323872,0.4353143928543359,2.986812569329936,0.07718970347998473,0.07718970347998473,7.247516382503407,9.14141081096343,11.610581130548951,True,,,,
synthetic-inprior,inprior_0176,DNN classifier n50,50,50,False,0.17445920000318438,45.041728062306284,45.041728062306284,0,1.2268000691806037e-06,24.499999999969372,1.000002471671028,2.7455060361969776,0.8212691333641271,3.25583617270824,0.07718847667991555,0.07718970347998473,7.247516382503407,9.14141081096343,11.610581130548951,True,,,,
synthetic-inprior,inprior_0176,PFF ensemble,200,6,False,0.7186352999997325,36.11802007794586,36.11802007794586,0,0.11794110468450603,14.181673509458944,8.247072633516135,0.6020977932015522,0.09191402613085932,0.8864557054443982,0.040751401204521295,0.07718970347998473,7.247516382503407,9.14141081096343,11.610581130548951,True,14.85771656036377,5.716305749400339,3.425501823425293,False
synthetic-inprior,inprior_0176,TSVD_NN,100,7,True,0.07120479999866802,33.869878268973835,33.869878268973835,0,0.12708637980474968,25.388527039128064,4.415408508070735,2.815696185722204,0.45772661038426177,2.0687360698435997,0.04989667632476495,0.07718970347998473,7.247516382503407,9.14141081096343,11.610581130548951,True,,,,
synthetic-inprior,inprior_0176,truth (reference),200,6,False,0.0,37.40883442754626,37.40883442754626,0,0.07718970347998473,11.9143564531444,7.247516382503407,0.0,0.0,0.0,0.0,0.07718970347998473,7.247516382503407,9.14141081096343,,True,,,,
synthetic-inprior,inprior_0177,CNN n50,50,50,False,0.16311859998677392,29.09098311663484,29.09098311663484,0,0.18686450979262556,18.490155628847692,10.520378984417329,0.8684243160064739,0.07117022448384284,0.6554034697236545,0.02175201819140668,0.16511249160121888,11.135238842642853,14.634929863181988,0.0,False,,,,
synthetic-inprior,inprior_0177,DNN spectrum n20,20,20,False,0.14999030000763014,43.222180785131016,43.222180785131016,0,0.0,,2.7777777777834323,4.262834659566952,0.5826084140490035,3.2549598767907177,0.16511249160121888,0.16511249160121888,11.135238842642853,14.634929863181988,0.0,False,,,,
synthetic-inprior,inprior_0177,DNN classifier n50,50,50,False,0.16976059999433346,37.43640628075635,37.43640628075635,0,1.2268000691806037e-06,24.499999999969372,1.000002471671028,4.392391113352187,0.8623595968392593,3.4126222573106766,0.1651112648011497,0.16511249160121888,11.135238842642853,14.634929863181988,0.0,False,,,,
synthetic-inprior,inprior_0177,PFF ensemble,200,6,False,0.8157001000072341,29.915741485926013,29.915741485926013,0,0.10685414119080985,13.994142108820725,8.339058203727332,1.3038225798136753,0.1063245046049579,0.8167311850360685,0.05825835041040903,0.16511249160121888,11.135238842642853,14.634929863181988,0.0,False,,,,
synthetic-inprior,inprior_0177,TSVD_NN,100,7,True,0.05825180000101682,29.044451483829924,29.044451483829924,0,0.14431760960450155,18.057658187166794,5.8474524585742,2.0700583662779977,0.3764609222985465,2.8524735635351317,0.020794881996717335,0.16511249160121888,11.135238842642853,14.634929863181988,0.0,False,,,,
synthetic-inprior,inprior_0177,truth (reference),200,6,False,0.0,29.23329516497607,29.23329516497607,0,0.16511249160121888,15.539165045863786,11.135238842642853,0.0,0.0,0.0,0.0,0.16511249160121888,11.135238842642853,14.634929863181988,,False,,,,
synthetic-inprior,inprior_0178,CNN n50,50,50,False,0.14411910000490025,27.07498244961543,27.07498244961543,0,0.22457862002530166,18.370804546458803,13.545021930785904,0.4404440519214249,0.04013386523012474,0.346758869460553,0.009742668097186546,0.2343212881224882,13.809583969472696,15.954367143302317,0.0,False,,,,
synthetic-inprior,inprior_0178,DNN spectrum n20,20,20,False,0.1632452000048943,45.30000666884484,45.30000666884484,0,0.0,,2.7777777777777772,5.578908179473899,0.6472593316499762,3.4892053502695886,0.2343212881224882,0.2343212881224882,13.809583969472696,15.954367143302317,0.0,False,,,,
synthetic-inprior,inprior_0178,DNN classifier n50,50,50,False,0.19499409999116324,38.56375894553786,38.56375894553786,0,1.2268000691806037e-06,24.499999999969372,1.000002471671028,5.648808454980774,0.8832368440822925,3.632434854832889,0.23432006132241903,0.2343212881224882,13.809583969472696,15.954367143302317,0.0,False,,,,
synthetic-inprior,inprior_0178,PFF ensemble,200,6,False,0.8416617000038968,28.054196387897747,28.054196387897747,0,0.1588591314770009,14.918411175095704,10.402151844524255,1.6336372039506881,0.10282847702374018,0.6235883952969927,0.0754621566454873,0.2343212881224882,13.809583969472696,15.954367143302317,0.0,False,,,,
synthetic-inprior,inprior_0178,TSVD_NN,100,7,True,0.047950799998943694,27.083364318023854,27.083364318023854,0,0.23118516292981778,16.863978510000816,6.055001571701609,2.6472992169459646,0.6374563301269092,3.112836199327494,0.0031361251926704248,0.2343212881224882,13.809583969472696,15.954367143302317,0.0,False,,,,
synthetic-inprior,inprior_0178,truth (reference),200,6,False,0.0,27.202039363379377,27.202039363379377,0,0.2343212881224882,16.79257800042341,13.809583969472696,0.0,0.0,0.0,0.0,0.2343212881224882,13.809583969472696,15.954367143302317,,False,,,,
synthetic-inprior,inprior_0179,CNN n50,50,50,False,0.16386500000953674,30.0307027884619,30.0307027884619,0,0.047992309066281706,16.878127924018685,6.365582174206795,0.2834674129668213,0.023938554356248483,0.9667447446297895,0.009643371581895696,0.03834893748438601,6.187291727913152,14.991207345616116,0.0,False,,,,
synthetic-inprior,inprior_0179,DNN spectrum n20,20,20,False,0.13824549999844749,36.91781898749792,36.91781898749792,0,0.0,,2.7777777777777843,1.7936422300703114,0.3759466436262437,2.8217440310572783,0.03834893748438601,0.03834893748438601,6.187291727913152,14.991207345616116,0.0,False,,,,
synthetic-inprior,inprior_0179,DNN classifier n50,50,50,False,0.15604349999921396,32.67723225541981,32.67723225541981,0,1.2268000691806037e-06,24.499999999969372,1.000002471671028,2.150151837240085,0.7991634312211845,3.0667969733396205,0.03834771068431683,0.03834893748438601,6.187291727913152,14.991207345616116,0.0,False,,,,
synthetic-inprior,inprior_0179,PFF ensemble,200,6,False,0.690015999993193,30.31173658788947,30.31173658788947,0,0.048828812029337205,13.375382021556664,5.0769299636383876,0.44694449170504785,0.09374475420609377,0.6532286050926064,0.010479874544951195,0.03834893748438601,6.187291727913152,14.991207345616116,0.0,False,,,,
synthetic-inprior,inprior_0179,TSVD_NN,100,7,True,0.015333300005295314,29.679798255581744,29.679798255581744,0,0.043657976744767554,22.5,3.789492557482367,1.4582751459601346,0.27962846866238983,2.7041807214766447,0.005309039260381544,0.03834893748438601,6.187291727913152,14.991207345616116,0.0,False,,,,
synthetic-inprior,inprior_0179,truth (reference),200,6,False,0.0,30.358584110587636,30.358584110587636,0,0.03834893748438601,13.093559864833455,6.187291727913152,0.0,0.0,0.0,0.0,0.03834893748438601,6.187291727913152,14.991207345616116,,False,,,,
synthetic-inprior,inprior_0180,CNN n50,50,50,False,0.1159062999940943,28.92940157068519,28.92940157068519,0,0.10360940993816253,16.94869800124463,9.132571516630033,1.189372521952324,0.18590258259790618,1.2216061878263254,0.06765907529412091,0.17126848523228344,7.661134730588347,15.293149500044839,21.594322112226855,True,,,,
synthetic-inprior,inprior_0180,DNN spectrum n20,20,20,False,0.16198119999899063,41.183424951033714,41.183424951033714,0,0.0,,2.7777777792603335,3.3843339081112402,0.4457871732465195,3.065871717486475,0.17126848523228344,0.17126848523228344,7.661134730588347,15.293149500044839,21.594322112226855,True,,,,
synthetic-inprior,inprior_0180,DNN classifier n50,50,50,False,0.15265880001243204,35.42664765965796,35.42664765965796,0,1.2268000691806037e-06,24.499999999969372,1.000002471671028,3.6943669850804044,0.8247701950752403,3.300316866073076,0.17126725843221427,0.17126848523228344,7.661134730588347,15.293149500044839,21.594322112226855,True,,,,
synthetic-inprior,inprior_0180,PFF ensemble,200,6,False,0.769614000004367,29.617366954643042,29.617366954643042,0,0.08413747608526327,13.66096276306685,7.0852253859585135,0.9781600494622318,0.09602291330727565,0.397899515181466,0.08713100914702017,0.17126848523228344,7.661134730588347,15.293149500044839,21.594322112226855,True,14.174946784973145,1.1182027150716944,3.46958065032959,True
synthetic-inprior,inprior_0180,TSVD_NN,100,7,True,0.02208490000339225,28.793260986404306,28.793260986404306,0,0.07299484122429166,24.895664661142806,6.885646030584068,1.7595412298848134,0.33476810418180447,2.603596213584458,0.09827364400799178,0.17126848523228344,7.661134730588347,15.293149500044839,21.594322112226855,True,,,,
synthetic-inprior,inprior_0180,truth (reference),200,6,False,0.0,28.950581908236355,28.950581908236355,0,0.17126848523228344,14.851959569428224,7.661134730588347,0.0,0.0,0.0,0.0,0.17126848523228344,7.661134730588347,15.293149500044839,,True,,,,
synthetic-inprior,inprior_0181,CNN n50,50,50,False,0.15899010001157876,28.314080301036622,28.314080301036622,0,0.30032865187951246,22.385889051139845,14.796216218617591,1.6743413450850952,0.1314337738796678,0.3149707616426539,0.0058807831831486634,0.30620943506266113,16.914676824473517,11.889918397955652,0.0,False,,,,
synthetic-inprior,inprior_0181,DNN spectrum n20,20,20,False,0.1406484999897657,46.38607562653998,46.38607562653998,0,0.0,,2.7777777825517123,7.065174528436902,0.7016334895304644,3.6686041603245454,0.30620943506266113,0.30620943506266113,16.914676824473517,11.889918397955652,0.0,False,,,,
synthetic-inprior,inprior_0181,DNN classifier n50,50,50,False,0.163620199993602,39.94598105665562,39.94598105665562,0,1.2268000691806037e-06,24.499999999969372,1.000002471671028,7.087877266435322,0.9010011015498418,3.8010151463747968,0.30620820826259193,0.30620943506266113,16.914676824473517,11.889918397955652,0.0,False,,,,
synthetic-inprior,inprior_0181,PFF ensemble,200,6,False,0.8138772999955108,30.448203889606024,30.448203889606024,0,0.14963305753336134,14.775281827217047,9.257971941954581,3.4849261877280897,0.21263509428298202,1.3467112089188258,0.1565763775292998,0.30620943506266113,16.914676824473517,11.889918397955652,0.0,False,,,,
synthetic-inprior,inprior_0181,TSVD_NN,100,7,True,0.48881470000196714,27.636741696382455,27.636741696382455,0,0.2256432443779769,21.9440738170635,2.608203700683588,4.415693093994851,0.6409515694753662,3.4230082875323204,0.08056619068468424,0.30620943506266113,16.914676824473517,11.889918397955652,0.0,False,,,,
synthetic-inprior,inprior_0181,truth (reference),200,6,False,0.0,28.65816010301262,28.65816010301262,0,0.30620943506266113,18.140569438116806,16.914676824473517,0.0,0.0,0.0,0.0,0.30620943506266113,16.914676824473517,11.889918397955652,,False,,,,
synthetic-inprior,inprior_0182,CNN n50,50,50,False,0.16555109999899287,31.683706241099316,31.683706241099316,0,0.06233213944118153,18.277969905137315,6.856050695341923,0.41343148995492973,0.02471788091215621,1.0600830693827414,0.010873453072517872,0.05145868636866366,6.79025746830996,18.57784086745912,0.0,False,,,,
synthetic-inprior,inprior_0182,DNN spectrum n20,20,20,False,0.17364999999699648,32.923350216003044,32.923350216003044,0,0.0,,2.778632222840129,2.0716255312932423,0.6742581460928858,2.7464633452327623,0.05145868636866366,0.05145868636866366,6.79025746830996,18.57784086745912,0.0,False,,,,
synthetic-inprior,inprior_0182,DNN classifier n50,50,50,False,0.14490480000677053,38.28293348999533,38.28293348999533,0,1.2268000691806037e-06,24.499999999969372,1.000002471671028,2.408546627947862,0.8091786170987928,3.072421062461238,0.05145745956859448,0.05145868636866366,6.79025746830996,18.57784086745912,0.0,False,,,,
synthetic-inprior,inprior_0182,PFF ensemble,200,6,False,0.7430080000049202,32.43864976292113,32.43864976292113,0,0.06677673609015508,13.251957307918632,6.8338553004432585,0.1262290126284964,0.019556061344714822,0.13194719394436133,0.015318049721491422,0.05145868636866366,6.79025746830996,18.57784086745912,0.0,False,,,,
synthetic-inprior,inprior_0182,TSVD_NN,100,7,True,0.1663441000127932,30.842072448052345,30.842072448052345,0,0.024423848920160127,47.83283528996757,5.943722709726529,1.9464750919767295,0.40141499042668644,2.421703762651461,0.027034837448503532,0.05145868636866366,6.79025746830996,18.57784086745912,0.0,False,,,,
synthetic-inprior,inprior_0182,truth (reference),200,6,False,0.0,32.601818486377674,32.601818486377674,0,0.05145868636866366,13.394850699487357,6.79025746830996,0.0,0.0,0.0,0.0,0.05145868636866366,6.79025746830996,18.57784086745912,,False,,,,
synthetic-inprior,inprior_0183,CNN n50,50,50,False,0.15582010000071023,30.4842171814585,30.4842171814585,0,0.2656345516165674,18.462835235591704,12.555243806391436,2.1106376015004473,0.15515869923376435,1.584163484660331,0.044970698953449295,0.2206638526631181,9.336599479260686,12.894927573877919,5.7636107405142045,True,,,,
synthetic-inprior,inprior_0183,DNN spectrum n20,20,20,False,0.14860879999469034,50.16697368908142,50.16697368908142,0,0.0,,2.7777777777784256,3.9106807893794198,0.5138770117768026,3.0715678168095404,0.2206638526631181,0.2206638526631181,9.336599479260686,12.894927573877919,5.7636107405142045,True,,,,
synthetic-inprior,inprior_0183,DNN classifier n50,50,50,False,0.1356616999983089,43.93650927231501,43.93650927231501,0,1.2268000691806037e-06,24.499999999969372,1.000002471671028,4.1572227760932545,0.8464252169215446,3.294878283933992,0.22066262586304894,0.2206638526631181,9.336599479260686,12.894927573877919,5.7636107405142045,True,,,,
synthetic-inprior,inprior_0183,PFF ensemble,200,6,False,0.7947039999999106,31.688803454340082,31.688803454340082,0,0.19050867470878896,15.777782249231398,8.23524029478287,0.8734778035741352,0.14315698138278757,0.3942903427512306,0.03015517795432915,0.2206638526631181,9.336599479260686,12.894927573877919,5.7636107405142045,True,16.493253707885742,3.5983261340078236,3.4529597759246826,False
synthetic-inprior,inprior_0183,TSVD_NN,100,7,True,0.04579060000833124,29.532215307939914,29.532215307939914,0,0.5267141318501567,16.205418172156186,3.847975722512025,4.247465749909329,0.6562591858956958,2.6868687149279036,0.3060502791870386,0.2206638526631181,9.336599479260686,12.894927573877919,5.7636107405142045,True,,,,
synthetic-inprior,inprior_0183,truth (reference),200,6,False,0.0,32.311996374015365,32.311996374015365,0,0.2206638526631181,13.245797301084625,9.336599479260686,0.0,0.0,0.0,0.0,0.2206638526631181,9.336599479260686,12.894927573877919,,True,,,,
synthetic-inprior,inprior_0184,CNN n50,50,50,False,0.16412790000322275,28.2831139613086,28.2831139613086,0,0.11887945091102284,18.422416071814407,8.092369270632947,0.8842117104952596,0.11209282118342759,1.25689120233895,0.01614899964813829,0.13502845055916113,7.000419832029887,14.45558177935666,14.244940207266197,True,,,,
synthetic-inprior,inprior_0184,DNN spectrum n20,20,20,False,0.15426819999993313,38.78927708021734,38.78927708021734,0,0.0,,2.7777777777777906,2.810016008566871,0.41446937425535146,3.0978879587361097,0.13502845055916113,0.13502845055916113,7.000419832029887,14.45558177935666,14.244940207266197,True,,,,
synthetic-inprior,inprior_0184,DNN classifier n50,50,50,False,0.14963440000428818,33.54091685083807,33.54091685083807,0,1.2268000691806037e-06,24.499999999969372,1.000002471671028,3.152316836506972,0.8148015194854866,3.344939170137343,0.13502722375909196,0.13502845055916113,7.000419832029887,14.45558177935666,14.244940207266197,True,,,,
synthetic-inprior,inprior_0184,PFF ensemble,200,6,False,0.8049725999881048,28.92477478813787,28.92477478813787,0,0.07874155681146847,14.807100620579924,5.726509686080347,0.7878949986268743,0.07483172648098452,0.2803636995911325,0.05628689374769266,0.13502845055916113,7.000419832029887,14.45558177935666,14.244940207266197,True,15.63036823272705,1.1747864533703911,3.4376702308654785,True
synthetic-inprior,inprior_0184,TSVD_NN,100,7,True,0.03322120000666473,27.78105297004132,27.78105297004132,0,0.06866224048433495,26.205729951101894,3.985274995153384,2.246150113354942,0.3038311821753176,2.963203685912177,0.06636621007482618,0.13502845055916113,7.000419832029887,14.45558177935666,14.244940207266197,True,,,,
synthetic-inprior,inprior_0184,truth (reference),200,6,False,0.0,28.54264873164346,28.54264873164346,0,0.13502845055916113,14.128727352079366,7.000419832029887,0.0,0.0,0.0,0.0,0.13502845055916113,7.000419832029887,14.45558177935666,,True,,,,
synthetic-inprior,inprior_0185,CNN n50,50,50,False,0.16058670000347774,32.032293105508444,32.032293105508444,0,0.0092410040148311,18.375038549785554,3.9387733701040446,0.35536828073340826,0.06692043204467037,0.6923094291814921,0.002438123661032186,0.011679127675863286,4.5683527703319715,12.72160562924783,0.0,False,,,,
synthetic-inprior,inprior_0185,DNN spectrum n20,20,20,False,0.13252729999658186,35.48410120882581,35.48410120882581,0,0.0,,2.7777777777777826,0.9841763752938526,0.2631619670692301,2.785837316936698,0.011679127675863286,0.011679127675863286,4.5683527703319715,12.72160562924783,0.0,False,,,,
synthetic-inprior,inprior_0185,DNN classifier n50,50,50,False,0.15843139999196865,32.70797743305585,32.70797743305585,0,1.2268000691806037e-06,24.499999999969372,1.000002471671028,1.5024934423396303,0.7698311077048576,3.122876059739415,0.011677900875794105,0.011679127675863286,4.5683527703319715,12.72160562924783,0.0,False,,,,
synthetic-inprior,inprior_0185,PFF ensemble,200,6,False,0.8109769000002416,32.15736443724226,32.15736443724226,0,0.008626404732462114,12.089179204278828,4.207509880890466,0.17449033557092003,0.03143496226357517,0.23731062692077068,0.003052722943401172,0.011679127675863286,4.5683527703319715,12.72160562924783,0.0,False,,,,
synthetic-inprior,inprior_0185,TSVD_NN,100,7,True,0.027838300011353567,31.566165244926914,31.566165244926914,0,0.009717339944418805,41.23424946782364,3.7480161334517916,0.7745112602906046,0.12807359327364398,2.465051220597006,0.001961787731444481,0.011679127675863286,4.5683527703319715,12.72160562924783,0.0,False,,,,
synthetic-inprior,inprior_0185,truth (reference),200,6,False,0.0,31.982890412051237,31.982890412051237,0,0.011679127675863286,12.284175641938123,4.5683527703319715,0.0,0.0,0.0,0.0,0.011679127675863286,4.5683527703319715,12.72160562924783,,False,,,,
synthetic-inprior,inprior_0186,CNN n50,50,50,False,0.16001209999376442,29.19371533427837,29.19371533427837,0,0.01762766033820742,19.13809285560104,4.147369326931976,0.4616985660412121,0.05447287081189989,1.015545964783314,0.014345428032922422,0.003282232305284999,3.591778211350228,10.642063941492031,0.0,False,,,,
synthetic-inprior,inprior_0186,DNN spectrum n20,20,20,False,0.1573723999899812,31.919827585653557,31.919827585653557,0,0.0,,2.7777777777777772,0.5670113192939152,0.2153864073245288,2.715073982518112,0.003282232305284999,0.003282232305284999,3.591778211350228,10.642063941492031,0.0,False,,,,
synthetic-inprior,inprior_0186,DNN classifier n50,50,50,False,0.1572817000123905,30.099203281557266,30.099203281557266,0,1.2268000691806037e-06,24.499999999969372,1.000002471671028,1.1669833605219084,0.7541518856480726,3.149115779869614,0.0032810055052158184,0.003282232305284999,3.591778211350228,10.642063941492031,0.0,False,,,,
synthetic-inprior,inprior_0186,PFF ensemble,200,6,False,0.6980812999972841,29.43554035695362,29.43554035695362,0,0.008227600420213385,12.449353441826052,3.917513907430558,0.18639021348592055,0.03303944552871006,0.3906626650966309,0.004945368114928386,0.003282232305284999,3.591778211350228,10.642063941492031,0.0,False,,,,
synthetic-inprior,inprior_0186,TSVD_NN,100,7,True,0.060522200001287274,28.583615149612616,28.583615149612616,0,0.030378205347274187,21.606497656349987,2.2163891116197822,0.999250165933873,0.3098131810397304,1.816100212742725,0.02709597304198919,0.003282232305284999,3.591778211350228,10.642063941492031,0.0,False,,,,
synthetic-inprior,inprior_0186,truth (reference),200,6,False,0.0,29.786802485024115,29.786802485024115,0,0.003282232305284999,11.795889101034136,3.591778211350228,0.0,0.0,0.0,0.0,0.003282232305284999,3.591778211350228,10.642063941492031,,False,,,,
synthetic-inprior,inprior_0187,CNN n50,50,50,False,0.15407789999153465,30.667570803467406,30.667570803467406,0,0.21119990291632723,19.56606065099718,11.91308852706589,2.2018383559665144,0.13600431451162662,1.4783675621930286,0.07003477977577657,0.14116512314055066,8.733510728107781,15.832450979612704,12.336545370528693,True,,,,
synthetic-inprior,inprior_0187,DNN spectrum n20,20,20,False,0.1377416000032099,46.888962975661975,46.888962975661975,0,0.0,,2.7777777778043946,3.3895732213819567,0.4919170322193882,2.947479483215998,0.14116512314055066,0.14116512314055066,8.733510728107781,15.832450979612704,12.336545370528693,True,,,,
synthetic-inprior,inprior_0187,DNN classifier n50,50,50,False,0.14237790000333916,40.66290645684012,40.66290645684012,0,1.2268000691806037e-06,24.499999999969372,1.000002471671028,3.6262099540597825,0.83582889622166,3.137728417089953,0.1411638963404815,0.14116512314055066,8.733510728107781,15.832450979612704,12.336545370528693,True,,,,
synthetic-inprior,inprior_0187,PFF ensemble,200,6,False,0.7675574000022607,32.12303746775878,32.12303746775878,0,0.13399670881605677,14.562106978139731,8.452662126509843,0.15285788131604458,0.013214836077822052,0.08888999999833878,0.007168414324493888,0.14116512314055066,8.733510728107781,15.832450979612704,12.336545370528693,True,15.482294082641602,0.35015689697110197,3.4638166427612305,True
synthetic-inprior,inprior_0187,TSVD_NN,100,7,True,0.5395535999996355,30.380722189552046,30.380722189552046,0,0.19786963740619584,18.95571736379767,4.5730318920843285,2.110129829691379,0.33162665000891506,2.421439830304423,0.056704514265645184,0.14116512314055066,8.733510728107781,15.832450979612704,12.336545370528693,True,,,,
synthetic-inprior,inprior_0187,truth (reference),200,6,False,0.0,31.96302573517147,31.96302573517147,0,0.14116512314055066,14.786570423101736,8.733510728107781,0.0,0.0,0.0,0.0,0.14116512314055066,8.733510728107781,15.832450979612704,,True,,,,
synthetic-inprior,inprior_0188,CNN n50,50,50,False,0.15067060000728816,29.037477999869843,29.037477999869843,0,0.34211278635459974,27.413915412989024,11.727625868025136,5.225574805631267,0.336894323750856,0.33858318843229335,0.252075048338265,0.5941878346928647,35.90955746666429,12.338043802199898,0.0,False,,,,
synthetic-inprior,inprior_0188,DNN spectrum n20,20,20,False,0.11151890001201537,55.06251025798408,55.06251025798408,0,0.0,,2.7777777778168335,15.009228416406458,0.8585068638026927,4.068972984402378,0.5941878346928647,0.5941878346928647,35.90955746666429,12.338043802199898,0.0,False,,,,
synthetic-inprior,inprior_0188,DNN classifier n50,50,50,False,0.12192289999802597,47.76262085286708,47.76262085286708,0,1.2268000691806037e-06,24.499999999969372,1.000002471671028,14.907819196555657,0.9528664283185567,4.172332334878215,0.5941866078927955,0.5941878346928647,35.90955746666429,12.338043802199898,0.0,False,,,,
synthetic-inprior,inprior_0188,PFF ensemble,200,6,False,0.6554775999975391,29.62691262411247,29.62691262411247,0,0.5189501121228571,22.397198237905062,29.56024061117612,2.527108408227648,0.0842519674465638,0.13000829115130533,0.0752377225700076,0.5941878346928647,35.90955746666429,12.338043802199898,0.0,False,,,,
synthetic-inprior,inprior_0188,TSVD_NN,100,7,True,0.02065500000026077,27.98581472593511,27.98581472593511,0,0.18757407971708767,37.285700177840255,1.4843207876961693,9.832062748170902,0.9159429045968266,4.059323449766742,0.40661375497577706,0.5941878346928647,35.90955746666429,12.338043802199898,0.0,False,,,,
synthetic-inprior,inprior_0188,truth (reference),200,6,False,0.0,29.21464253798904,29.21464253798904,0,0.5941878346928647,24.28665719404304,35.90955746666429,0.0,0.0,0.0,0.0,0.5941878346928647,35.90955746666429,12.338043802199898,,False,,,,
synthetic-inprior,inprior_0189,CNN n50,50,50,False,0.1523423000035109,27.6138703969695,27.6138703969695,0,0.3589045770663672,19.360914339622244,18.943713850998446,0.5979096401104955,0.04904681109690855,0.16135670859448828,0.02700456166488846,0.33190001540147873,18.13837090539115,10.664014971766884,0.0,False,,,,
synthetic-inprior,inprior_0189,DNN spectrum n20,20,20,False,0.13892359999590553,51.88556288948901,51.88556288948901,0,0.0,,2.7777778792093226,7.634779956694668,0.7189299598724099,3.7217071831414335,0.33190001540147873,0.33190001540147873,18.13837090539115,10.664014971766884,0.0,False,,,,
synthetic-inprior,inprior_0189,DNN classifier n50,50,50,False,0.11762180000368971,44.30894214093695,44.30894214093695,0,1.2268000691806037e-06,24.499999999969372,1.000002471671028,7.64297271902663,0.9066817534903349,3.8508615016131573,0.33189878860140953,0.33190001540147873,18.13837090539115,10.664014971766884,0.0,False,,,,
synthetic-inprior,inprior_0189,PFF ensemble,200,6,False,0.7106444000091869,27.874247771525205,27.874247771525205,0,0.3373290135484953,18.43644265470879,18.241584192252006,0.09606570806853511,0.009895902164063058,0.018972879168354106,0.005428998147016584,0.33190001540147873,18.13837090539115,10.664014971766884,0.0,False,,,,
synthetic-inprior,inprior_0189,TSVD_NN,100,7,True,0.009636600007070228,27.419219259304082,27.419219259304082,0,0.4412530620436548,20.006776490286544,5.935640112583388,3.777382859878485,0.6951373472956606,3.4261736686249407,0.10935304664217604,0.33190001540147873,18.13837090539115,10.664014971766884,0.0,False,,,,
synthetic-inprior,inprior_0189,truth (reference),200,6,False,0.0,27.858996678078483,27.858996678078483,0,0.33190001540147873,18.63730515915389,18.13837090539115,0.0,0.0,0.0,0.0,0.33190001540147873,18.13837090539115,10.664014971766884,,False,,,,
synthetic-inprior,inprior_0190,CNN n50,50,50,False,0.11255540000274777,30.02352175334492,30.02352175334492,0,0.12687839914263305,18.729267601319503,9.24275438320842,2.1319994533361664,0.14879216724435487,1.3375782772438751,0.08848011563119886,0.03839828351143419,6.189689847354484,10.234205097772481,0.0,False,,,,
synthetic-inprior,inprior_0190,DNN spectrum n20,20,20,False,0.15233850000367966,40.79115088728302,40.79115088728302,0,0.0,,2.777777777785254,1.7948412665473064,0.376091705575709,2.8222967521906304,0.03839828351143419,0.03839828351143419,6.189689847354484,10.234205097772481,0.0,False,,,,
synthetic-inprior,inprior_0190,DNN classifier n50,50,50,False,0.1642578000028152,35.47274009665989,35.47274009665989,0,1.2268000691806037e-06,24.499999999969372,1.000002471671028,2.1511652404319284,0.799204600469291,3.0672966902868013,0.038397056711365014,0.03839828351143419,6.189689847354484,10.234205097772481,0.0,False,,,,
synthetic-inprior,inprior_0190,PFF ensemble,200,6,False,0.8283594000095036,30.69841513184188,30.69841513184188,0,0.06242807649983176,13.702957662671515,6.431891512278842,0.26950985114780085,0.02413991982266413,0.17282458336451278,0.024029792988397566,0.03839828351143419,6.189689847354484,10.234205097772481,0.0,False,,,,
synthetic-inprior,inprior_0190,TSVD_NN,100,7,True,0.37174669999512844,29.9006034057391,29.9006034057391,0,0.07878574228160512,18.947442033442663,5.430363472280857,0.9484531673340136,0.2219843029406696,2.2687085307851422,0.04038745877017093,0.03839828351143419,6.189689847354484,10.234205097772481,0.0,False,,,,
synthetic-inprior,inprior_0190,truth (reference),200,6,False,0.0,31.180011044273716,31.180011044273716,0,0.03839828351143419,13.09475848191607,6.189689847354484,0.0,0.0,0.0,0.0,0.03839828351143419,6.189689847354484,10.234205097772481,,False,,,,
synthetic-inprior,inprior_0191,CNN n50,50,50,False,0.12318899999081623,27.43741236622903,27.43741236622903,0,0.43882925944848067,23.416122818110086,24.415664885386754,6.855761781419803,0.24470193784019262,0.28238296884588154,0.24147300307061786,0.6803022625190985,43.428696148449525,14.957683416375623,6.3049240466310215,True,,,,
synthetic-inprior,inprior_0191,DNN spectrum n20,20,20,False,0.14947309999843128,38.578651969904044,38.578651969904044,0,0.0,,2.8383691979428876,15.981205783891612,0.8907620484634654,4.034223415114175,0.6803022625190985,0.6803022625190985,43.428696148449525,14.957683416375623,6.3049240466310215,True,,,,
synthetic-inprior,inprior_0191,DNN classifier n50,50,50,False,0.14102749999437947,45.248871060278034,45.248871060278034,0,1.2268000691806037e-06,24.499999999969372,1.000002471671028,18.038515880975158,0.9649443818583016,4.225599188735621,0.6803010357190293,0.6803022625190985,43.428696148449525,14.957683416375623,6.3049240466310215,True,,,,
synthetic-inprior,inprior_0191,PFF ensemble,200,6,False,0.6427187000081176,27.785145936301525,27.785145936301525,0,0.4615791225835224,21.062996166759973,25.406538239301906,7.387142805455364,0.24139520131184816,0.365189056486453,0.21872313993557613,0.6803022625190985,43.428696148449525,14.957683416375623,6.3049240466310215,True,15.572125434875488,0.6144420184998651,3.402085304260254,True
synthetic-inprior,inprior_0191,TSVD_NN,100,7,True,0.02296319999732077,27.072049739858937,27.072049739858937,0,0.29188166305862207,31.996709207476904,7.068634755523565,7.729518666142944,0.6682497843586449,3.276121290567387,0.38842059946047647,0.6803022625190985,43.428696148449525,14.957683416375623,6.3049240466310215,True,,,,
synthetic-inprior,inprior_0191,truth (reference),200,6,False,0.0,27.167917186221494,27.167917186221494,0,0.6803022625190985,26.371215342602017,43.428696148449525,0.0,0.0,0.0,0.0,0.6803022625190985,43.428696148449525,14.957683416375623,,True,,,,
synthetic-inprior,inprior_0192,CNN n50,50,50,False,0.13452749999123625,30.514693616374235,30.514693616374235,0,0.2674425905123038,20.96625440467924,13.543034721717584,3.7596154760676233,0.21783118469181464,0.21744592326135032,0.19521921159403838,0.46266180210634217,24.976841309171004,21.443647311805208,40.00689416281399,True,,,,
synthetic-inprior,inprior_0192,DNN spectrum n20,20,20,False,0.11785110000346322,40.66176058635861,40.66176058635861,0,0.0,,4.374700957205115,8.888022560006181,0.6760086179881543,3.7718894846175113,0.46266180210634217,0.46266180210634217,24.976841309171004,21.443647311805208,40.00689416281399,True,,,,
synthetic-inprior,inprior_0192,DNN classifier n50,50,50,False,0.12750210000376683,47.51115144580807,47.51115144580807,0,1.2268000691806037e-06,24.499999999969372,1.000002471671028,10.549464971679683,0.9304377732438278,4.007076770979013,0.46266057530627297,0.46266180210634217,24.976841309171004,21.443647311805208,40.00689416281399,True,,,,
synthetic-inprior,inprior_0192,PFF ensemble,200,6,False,0.7640593999967678,32.11982847787078,32.11982847787078,0,0.2299042904054106,16.2051996607409,13.322969208524766,5.278480883065399,0.23403795774093064,0.7092807839809623,0.23275751170093156,0.46266180210634217,24.976841309171004,21.443647311805208,40.00689416281399,True,15.406168937683105,6.037478374122102,3.4068522453308105,False
synthetic-inprior,inprior_0192,TSVD_NN,100,7,True,0.02278130000922829,29.783583237812763,29.783583237812763,0,0.32119251469804505,24.760863728496258,7.722506191756387,3.276549075226772,0.6558726286408861,3.2976507613319073,0.14146928740829712,0.46266180210634217,24.976841309171004,21.443647311805208,40.00689416281399,True,,,,
synthetic-inprior,inprior_0192,truth (reference),200,6,False,0.0,30.00131186499938,30.00131186499938,0,0.46266180210634217,20.69881464184625,24.976841309171004,0.0,0.0,0.0,0.0,0.46266180210634217,24.976841309171004,21.443647311805208,,True,,,,
synthetic-inprior,inprior_0193,CNN n50,50,50,False,0.1506565000017872,26.376298710625612,26.376298710625612,0,0.2462429827202991,18.09581553204288,12.88931695775875,0.8557392703132022,0.07993290775239117,0.5873815786074233,0.00020321331902209416,0.2464461960393212,13.038931764576713,13.766262196604677,12.798207521156762,True,,,,
synthetic-inprior,inprior_0193,DNN spectrum n20,20,20,False,0.17376819999481086,26.496065705461337,26.496065705461337,0,0.9999966319172928,16.279446409970177,2.8220618671483337,10.325062971078458,0.9442437237813361,3.2121279299647676,0.7535504358779717,0.2464461960393212,13.038931764576713,13.766262196604677,12.798207521156762,True,,,,
synthetic-inprior,inprior_0193,DNN classifier n50,50,50,False,0.18337959999917075,37.02152994293857,37.02152994293857,0,1.2268000691806037e-06,24.499999999969372,1.000002471671028,5.232409880731677,0.8784267926831587,3.4558145974110555,0.24644496923925202,0.2464461960393212,13.038931764576713,13.766262196604677,12.798207521156762,True,,,,
synthetic-inprior,inprior_0193,PFF ensemble,200,6,False,0.8457118999940576,27.806638232493633,27.806638232493633,0,0.13913508142486447,14.597250043518832,8.882321549926278,1.7432625168276679,0.14332143924165008,0.8453531743372213,0.10731111461445672,0.2464461960393212,13.038931764576713,13.766262196604677,12.798207521156762,True,15.49366569519043,1.727403498585753,3.4151902198791504,True
synthetic-inprior,inprior_0193,TSVD_NN,100,7,True,0.022715499988407828,25.980087486504594,25.980087486504594,0,0.4344458930847915,15.526937344547397,2.8274471680467275,2.9361590616073716,0.6924297071231864,3.1030826551591475,0.1879996970454703,0.2464461960393212,13.038931764576713,13.766262196604677,12.798207521156762,True,,,,
synthetic-inprior,inprior_0193,truth (reference),200,6,False,0.0,26.778186706642867,26.778186706642867,0,0.2464461960393212,15.000359813518562,13.038931764576713,0.0,0.0,0.0,0.0,0.2464461960393212,13.038931764576713,13.766262196604677,,True,,,,
synthetic-inprior,inprior_0194,CNN n50,50,50,False,0.12184749999141786,30.090693143649236,30.090693143649236,0,0.10250152282802433,18.773085977283845,7.658919760249056,0.7194604004412588,0.06415593228376146,1.1665319508221599,0.018334850995768412,0.08416667183225592,8.122238825434133,11.6578312782358,0.0,False,,,,
synthetic-inprior,inprior_0194,DNN spectrum n20,20,20,False,0.12853739999991376,41.99051235998673,41.99051235998673,0,7.631125220684721e-23,18.700008683441297,2.7777806283516515,2.7609411036916542,0.47593275354085274,2.845645967666155,0.08416667183225592,0.08416667183225592,8.122238825434133,11.6578312782358,0.0,False,,,,
synthetic-inprior,inprior_0194,DNN classifier n50,50,50,False,0.12754250000580214,36.60732135076136,36.60732135076136,0,1.2268000691806037e-06,24.499999999969372,1.000002471671028,2.999401665972048,0.8288226604251737,3.0316876995769784,0.08416544503218673,0.08416667183225592,8.122238825434133,11.6578312782358,0.0,False,,,,
synthetic-inprior,inprior_0194,PFF ensemble,200,6,False,0.6123529999895254,31.109935854243638,31.109935854243638,0,0.07407663378265995,13.768483852234093,6.6462749718093574,0.5507448115650979,0.08683581626038218,0.6626953813487826,0.010090038049595962,0.08416667183225592,8.122238825434133,11.6578312782358,0.0,False,,,,
synthetic-inprior,inprior_0194,TSVD_NN,100,7,True,0.3526263999956427,29.332808577960588,29.332808577960588,0,0.04347718458341517,40.81583349157706,2.6898005606911313,2.1737775435664712,0.533942315825019,2.5273357164068218,0.04068948724884074,0.08416667183225592,8.122238825434133,11.6578312782358,0.0,False,,,,
synthetic-inprior,inprior_0194,truth (reference),200,6,False,0.0,30.833043240182885,30.833043240182885,0,0.08416667183225592,14.059145918867966,8.122238825434133,0.0,0.0,0.0,0.0,0.08416667183225592,8.122238825434133,11.6578312782358,,False,,,,
synthetic-inprior,inprior_0195,CNN n50,50,50,False,0.1133335999911651,30.842531739310527,30.842531739310527,0,0.22426707788626699,20.046586258443256,12.225042094093741,2.7997264644294093,0.13014876845595985,1.4572915310803123,0.11827188679927873,0.10599519108698825,8.50134451777558,17.128504154475944,8.699218550232025,True,,,,
synthetic-inprior,inprior_0195,DNN spectrum n20,20,20,False,0.13345499998831656,45.23507875112246,45.23507875112246,0,0.0,,2.7777777777777772,3.0702835958200727,0.4885004779945637,2.8922215003244363,0.10599519108698825,0.10599519108698825,8.50134451777558,17.128504154475944,8.699218550232025,True,,,,
synthetic-inprior,inprior_0195,DNN classifier n50,50,50,False,0.10695570000098087,39.47599835035724,39.47599835035724,0,1.2268000691806037e-06,24.499999999969372,1.000002471671028,3.299303063172687,0.8332666194250229,3.074749035389193,0.10599396428691907,0.10599519108698825,8.50134451777558,17.128504154475944,8.699218550232025,True,,,,
synthetic-inprior,inprior_0195,PFF ensemble,200,6,False,0.7205697000026703,32.45808349394074,32.45808349394074,0,0.09525539401915102,14.485716526313968,6.804649945079074,0.6014298237501583,0.09686601146893253,0.7077854410121279,0.010739797067837231,0.10599519108698825,8.50134451777558,17.128504154475944,8.699218550232025,True,15.436708450317383,1.6917957041585616,3.3891210556030273,True
synthetic-inprior,inprior_0195,TSVD_NN,100,7,True,0.03048470000794623,30.150562672290814,30.150562672290814,0,0.062461596562607594,35.192300436419465,1.8201852638191267,2.7960738061063832,0.718568670809035,2.948966921605361,0.04353359452438066,0.10599519108698825,8.50134451777558,17.128504154475944,8.699218550232025,True,,,,
synthetic-inprior,inprior_0195,truth (reference),200,6,False,0.0,32.119392963760525,32.119392963760525,0,0.10599519108698825,14.72553583548737,8.50134451777558,0.0,0.0,0.0,0.0,0.10599519108698825,8.50134451777558,17.128504154475944,,True,,,,
synthetic-inprior,inprior_0196,CNN n50,50,50,False,0.125809000004665,29.744556023300802,29.744556023300802,0,0.4198285838129667,21.202272795669447,22.11235305288979,5.748497334590041,0.19736198021077017,0.3302098062338838,0.1962004757081035,0.6160290595210702,37.616808219486586,17.04051202289534,6.877956536023584,True,,,,
synthetic-inprior,inprior_0196,DNN spectrum n20,20,20,False,0.10946479999984149,52.89148333279913,52.89148333279913,0,0.0,,2.7777777777777772,15.668587648108717,0.8674309651882602,4.083990605290826,0.6160290595210702,0.6160290595210702,37.616808219486586,17.04051202289534,6.877956536023584,True,,,,
synthetic-inprior,inprior_0196,DNN classifier n50,50,50,False,0.13905460000387393,45.68253514270926,45.68253514270926,0,1.2268000691806037e-06,24.499999999969372,1.000002471671028,15.561274321135627,0.9559887971023854,4.185595416324329,0.616027832721001,0.6160290595210702,37.616808219486586,17.04051202289534,6.877956536023584,True,,,,
synthetic-inprior,inprior_0196,PFF ensemble,200,6,False,0.6972995000105584,32.24666627116867,32.24666627116867,0,0.231361444154142,15.945340930265472,13.082155522918763,10.448915922322751,0.3846676153669282,1.125504099656803,0.38466761536692823,0.6160290595210702,37.616808219486586,17.04051202289534,6.877956536023584,True,15.896467208862305,1.144044814033034,3.421645402908325,True
synthetic-inprior,inprior_0196,TSVD_NN,100,7,True,0.043142100010300055,29.37461808564017,29.37461808564017,0,0.9761578556617965,19.277380751188602,11.190305530419401,6.690469186021349,0.6928730671603882,3.4632284480259203,0.36012879614072624,0.6160290595210702,37.616808219486586,17.04051202289534,6.877956536023584,True,,,,
synthetic-inprior,inprior_0196,truth (reference),200,6,False,0.0,29.43654332718323,29.43654332718323,0,0.6160290595210702,24.64344211129798,37.616808219486586,0.0,0.0,0.0,0.0,0.6160290595210702,37.616808219486586,17.04051202289534,,True,,,,
synthetic-inprior,inprior_0197,CNN n50,50,50,False,0.16878899998846464,32.287822018694804,32.287822018694804,0,0.02637610506295612,19.87860431883337,4.651129960527533,0.37159013082266185,0.04977029438443065,0.9133989742768471,0.008591882108342119,0.017784222954614,5.030440938444234,14.779774569468938,0.0,False,,,,
synthetic-inprior,inprior_0197,DNN spectrum n20,20,20,False,0.11947339998732787,37.89048774880991,37.89048774880991,0,0.0,,2.777777777777782,1.2152203892215154,0.29854546554009675,2.7961951116303747,0.017784222954614,0.017784222954614,5.030440938444234,14.779774569468938,0.0,False,,,,
synthetic-inprior,inprior_0197,DNN classifier n50,50,50,False,0.15413830000034068,34.88504284627594,34.88504284627594,0,1.2268000691806037e-06,24.499999999969372,1.000002471671028,1.6784935767463662,0.7783402485989717,3.100023835583414,0.01778299615454482,0.017784222954614,5.030440938444234,14.779774569468938,0.0,False,,,,
synthetic-inprior,inprior_0197,PFF ensemble,200,6,False,0.8215621999988798,32.46613599986383,32.46613599986383,0,0.04149073034352136,12.873698205176202,4.40330338900103,0.33306739303561356,0.07923577649689484,0.5474782992212557,0.02370650738890736,0.017784222954614,5.030440938444234,14.779774569468938,0.0,False,,,,
synthetic-inprior,inprior_0197,TSVD_NN,100,7,True,0.023999700002605096,31.75604015916615,31.75604015916615,0,0.05229384658217232,18.07644102281157,2.904303427919311,0.9806033599492227,0.28234786061017847,2.1104349266275766,0.03450962362755832,0.017784222954614,5.030440938444234,14.779774569468938,0.0,False,,,,
synthetic-inprior,inprior_0197,truth (reference),200,6,False,0.0,32.75723168547848,32.75723168547848,0,0.017784222954614,12.51521647688351,5.030440938444234,0.0,0.0,0.0,0.0,0.017784222954614,5.030440938444234,14.779774569468938,,False,,,,
synthetic-inprior,inprior_0198,CNN n50,50,50,False,0.14026600000215694,28.602758645177147,28.602758645177147,0,0.12470964502150063,17.752446363316654,9.386681642908568,1.5217563279899582,0.29221068081689644,1.4670315348673275,0.07895121610603441,0.20366086112753504,6.269104534751182,11.4114796166361,10.302410144725885,True,,,,
synthetic-inprior,inprior_0198,DNN spectrum n20,20,20,False,0.12855220001074485,42.144553861699556,42.144553861699556,0,1.2126814055605467e-28,21.300000012941148,2.777778410743199,3.0506887647798537,0.40750578313607694,3.3919353465190087,0.20366086112753504,0.20366086112753504,6.269104534751182,11.4114796166361,10.302410144725885,True,,,,
synthetic-inprior,inprior_0198,DNN classifier n50,50,50,False,0.10538129998894874,36.5305916211736,36.5305916211736,0,1.2268000691806037e-06,24.499999999969372,1.000002471671028,3.4917174138244604,0.8262926629927576,3.7311885794197437,0.20365963432746587,0.20366086112753504,6.269104534751182,11.4114796166361,10.302410144725885,True,,,,
synthetic-inprior,inprior_0198,PFF ensemble,200,6,False,0.7060906999977306,29.176821931625568,29.176821931625568,0,0.10984795338677171,13.809414430462608,7.688119686217743,0.9290622579102576,0.2256408883713448,1.2121691737031042,0.09381290774076333,0.20366086112753504,6.269104534751182,11.4114796166361,10.302410144725885,True,14.188163757324219,2.7766841406881184,3.580737829208374,True
synthetic-inprior,inprior_0198,TSVD_NN,100,7,True,0.06924760001129471,28.225478762415985,28.225478762415985,0,0.19821022293754545,14.114214700408494,3.2086339538783197,1.7996219241863165,0.4806444302292771,2.76609071825132,0.005450638189989587,0.20366086112753504,6.269104534751182,11.4114796166361,10.302410144725885,True,,,,
synthetic-inprior,inprior_0198,truth (reference),200,6,False,0.0,28.838072907005373,28.838072907005373,0,0.20366086112753504,11.969741364166248,6.269104534751182,0.0,0.0,0.0,0.0,0.20366086112753504,6.269104534751182,11.4114796166361,,True,,,,
synthetic-inprior,inprior_0199,CNN n50,50,50,False,0.1519265999959316,28.389777400930676,28.389777400930676,0,0.008649789744009912,19.483268945817635,3.8789752427134014,0.13079699061502836,0.01970772232775557,0.8609641830035486,0.002870307001563395,0.005779482742446517,3.966414925076239,16.15968208163963,0.0,False,,,,
synthetic-inprior,inprior_0199,DNN spectrum n20,20,20,False,0.12333950000174809,30.038116358217042,30.038116358217042,0,0.0,,2.7777777777777772,0.6886174129459549,0.21579675258248876,2.71228035832011,0.005779482742446517,0.005779482742446517,3.966414925076239,16.15968208163963,0.0,False,,,,
synthetic-inprior,inprior_0199,DNN classifier n50,50,50,False,0.16892769999685697,28.43220940105462,28.43220940105462,0,1.2268000691806037e-06,24.499999999969372,1.000002471671028,1.288589187510457,0.7594650859861681,3.098152665668314,0.005778255942377337,0.005779482742446517,3.966414925076239,16.15968208163963,0.0,False,,,,
synthetic-inprior,inprior_0199,PFF ensemble,200,6,False,0.7804044000076829,28.655653737031905,28.655653737031905,0,0.007512844635938702,12.234312288201217,3.5255713775683395,0.1960547197665971,0.04785463771097505,0.3214224660537766,0.0017333618934921849,0.005779482742446517,3.966414925076239,16.15968208163963,0.0,False,,,,
synthetic-inprior,inprior_0199,TSVD_NN,100,7,True,0.048460300007718615,27.177529940387398,27.177529940387398,0,0.012974915480235532,48.63098721402933,2.515659852809231,1.2098179201380426,0.17755521780801922,2.5345778024605456,0.007195432737789015,0.005779482742446517,3.966414925076239,16.15968208163963,0.0,False,,,,
synthetic-inprior,inprior_0199,truth (reference),200,6,False,0.0,28.609288150877767,28.609288150877767,0,0.005779482742446517,11.983207417934828,3.966414925076239,0.0,0.0,0.0,0.0,0.005779482742446517,3.966414925076239,16.15968208163963,,False,,,,
synthetic-inprior,inprior_0200,CNN n50,50,50,False,0.14807300000393298,27.966619040479927,27.966619040479927,0,0.18769507704654398,18.838497862494254,10.289896080037982,1.8754394124017426,0.16252965595819874,0.273448015981763,0.09938703641456509,0.28708211346110907,15.774902104418803,17.0585475209783,10.262628021856614,True,,,,
synthetic-inprior,inprior_0200,DNN spectrum n20,20,20,False,0.12753040000097826,43.970831303291185,43.970831303291185,0,0.0,,2.7777777778047463,6.486423188153353,0.6811200697279778,3.5834566737215323,0.28708211346110907,0.28708211346110907,15.774902104418803,17.0585475209783,10.262628021856614,True,,,,
synthetic-inprior,inprior_0200,DNN classifier n50,50,50,False,0.15799220000917558,38.01053021423689,38.01053021423689,0,1.2268000691806037e-06,24.499999999969372,1.000002471671028,6.529564182266222,0.8948049260311315,3.720610056030406,0.28708088666103987,0.28708211346110907,15.774902104418803,17.0585475209783,10.262628021856614,True,,,,
synthetic-inprior,inprior_0200,PFF ensemble,200,6,False,0.7868095000012545,29.167472229296177,29.167472229296177,0,0.13773483827263905,14.491377807108226,8.93100029511047,3.1096709565667484,0.20136638953244668,1.2638023831563991,0.14934727518847002,0.28708211346110907,15.774902104418803,17.0585475209783,10.262628021856614,True,15.259519577026367,1.799027943951934,3.4161908626556396,True
synthetic-inprior,inprior_0200,TSVD_NN,100,7,True,0.46215289999963716,27.299963346982604,27.299963346982604,0,0.42482714654261994,15.222877281114325,2.668375127853337,2.876993157955741,0.7563983029866095,3.332088366132826,0.13774503308151087,0.28708211346110907,15.774902104418803,17.0585475209783,10.262628021856614,True,,,,
synthetic-inprior,inprior_0200,truth (reference),200,6,False,0.0,27.782762698523168,27.782762698523168,0,0.28708211346110907,17.349584749361544,15.774902104418803,0.0,0.0,0.0,0.0,0.28708211346110907,15.774902104418803,17.0585475209783,,True,,,,
synthetic-inprior,inprior_0201,CNN n50,50,50,False,0.19561339999199845,27.314675714593555,27.314675714593555,0,0.25677990753726354,31.66268653489263,10.003015702476814,10.387068802797632,0.4851954518555123,0.48965472247867187,0.44689500029153406,0.7036749078287976,45.4794235025701,15.511453128618843,0.0,False,,,,
synthetic-inprior,inprior_0201,DNN spectrum n20,20,20,False,0.18277020000095945,37.24786856529554,37.24786856529554,0,2.1328107904038322e-32,20.83866909532415,2.7777778366575885,15.147076248864735,0.9141553412327706,4.148004153867897,0.7036749078287976,0.7036749078287976,45.4794235025701,15.511453128618843,0.0,False,,,,
synthetic-inprior,inprior_0201,DNN classifier n50,50,50,False,0.15915279999899212,45.49829801929339,45.49829801929339,0,1.2268000691806037e-06,24.499999999969372,1.000002471671028,19.06060650089167,0.9680511732513305,4.237312205935624,0.7036736810287284,0.7036749078287976,45.4794235025701,15.511453128618843,0.0,False,,,,
synthetic-inprior,inprior_0201,PFF ensemble,200,6,False,0.7411455999972532,27.434754596265073,27.434754596265073,0,0.6512474526780353,25.61815685037491,40.88654044280815,2.164758759610068,0.06790120881541471,0.07726361033867887,0.0524274551507623,0.7036749078287976,45.4794235025701,15.511453128618843,0.0,False,,,,
synthetic-inprior,inprior_0201,TSVD_NN,100,7,True,1.2188847999932477,26.829020615405774,26.829020615405774,0,0.1771601118467873,36.30601195988883,2.2944572134728936,13.447769628201016,0.8910260908815334,4.067145569444165,0.5265147959820103,0.7036749078287976,45.4794235025701,15.511453128618843,0.0,False,,,,
synthetic-inprior,inprior_0201,truth (reference),200,6,False,0.0,27.36098714329496,27.36098714329496,0,0.7036749078287976,27.097157347542865,45.4794235025701,0.0,0.0,0.0,0.0,0.7036749078287976,45.4794235025701,15.511453128618843,,False,,,,
synthetic-inprior,inprior_0202,CNN n50,50,50,False,0.1646448999963468,30.390297006658322,30.390297006658322,0,0.09053944973209446,17.741039439097836,7.802214290935449,0.4785720031112446,0.032912766176164183,1.0958977601511222,0.012442558810308882,0.07809689092178558,7.886246859447486,17.662844178161805,0.0,False,,,,
synthetic-inprior,inprior_0202,DNN spectrum n20,20,20,False,0.16721340001095086,44.36025165180529,44.36025165180529,0,0.0,,2.77777781174842,2.6430010450587336,0.46536437890505916,2.8347157443519504,0.07809689092178558,0.07809689092178558,7.886246859447486,17.662844178161805,0.0,False,,,,
synthetic-inprior,inprior_0202,DNN classifier n50,50,50,False,0.15509410000231583,38.425702391851296,38.425702391851296,0,1.2268000691806037e-06,24.499999999969372,1.000002471671028,2.8931056150836403,0.8255871071768331,3.0257438756941433,0.0780956641217164,0.07809689092178558,7.886246859447486,17.662844178161805,0.0,False,,,,
synthetic-inprior,inprior_0202,PFF ensemble,200,6,False,0.7920871000096668,30.53904625352468,30.53904625352468,0,0.11618210125968946,14.29282704545418,8.924417051087701,0.5682710707901576,0.04610451786798698,0.23108398523753154,0.03808521033790388,0.07809689092178558,7.886246859447486,17.662844178161805,0.0,False,,,,
synthetic-inprior,inprior_0202,TSVD_NN,100,7,True,0.01872370000637602,30.017028241176522,30.017028241176522,0,0.1938912414702114,14.489249545428752,10.064817431530505,1.7700385975982564,0.19359209601620977,1.8300119917378552,0.11579435054842581,0.07809689092178558,7.886246859447486,17.662844178161805,0.0,False,,,,
synthetic-inprior,inprior_0202,truth (reference),200,6,False,0.0,31.10439758274368,31.10439758274368,0,0.07809689092178558,13.941658112204928,7.886246859447486,0.0,0.0,0.0,0.0,0.07809689092178558,7.886246859447486,17.662844178161805,,False,,,,
synthetic-inprior,inprior_0203,CNN n50,50,50,False,0.16580240000621416,31.649956284215463,31.649956284215463,0,0.012302196294393662,17.225135034687302,4.504839432549954,0.0999657680696931,0.01852015870883396,0.774355753463086,0.0013766224785049849,0.010925573815888677,4.503084372384214,16.72168737280977,0.0,False,,,,
synthetic-inprior,inprior_0203,DNN spectrum n20,20,20,False,0.15056619999813847,36.85431363448493,36.85431363448493,0,0.0,,2.777777777777788,0.9515421791093214,0.2579486612986048,2.763434895216207,0.010925573815888677,0.010925573815888677,4.503084372384214,16.72168737280977,0.0,False,,,,
synthetic-inprior,inprior_0203,DNN classifier n50,50,50,False,0.16519139999581967,33.22451439599015,33.22451439599015,0,1.2268000691806037e-06,24.499999999969372,1.000002471671028,1.4783790585732888,0.7686494318758585,3.1032407883962145,0.010924347015819496,0.010925573815888677,4.503084372384214,16.72168737280977,0.0,False,,,,
synthetic-inprior,inprior_0203,PFF ensemble,200,6,False,0.7880289000022458,31.86122490889472,31.86122490889472,0,0.012501281385191422,12.261477176666173,4.565877346612041,0.03768901816840442,0.00507909753381294,0.04336321759660086,0.0015757075693027447,0.010925573815888677,4.503084372384214,16.72168737280977,0.0,False,,,,
synthetic-inprior,inprior_0203,TSVD_NN,100,7,True,0.027676399986376055,31.0432623196811,31.0432623196811,0,0.00806810715531631,48.5,4.289025403587992,0.5839244580057382,0.11219144805045642,2.297921106373716,0.002857466660572367,0.010925573815888677,4.503084372384214,16.72168737280977,0.0,False,,,,
synthetic-inprior,inprior_0203,truth (reference),200,6,False,0.0,31.925935089672546,31.925935089672546,0,0.010925573815888677,12.251541616942754,4.503084372384214,0.0,0.0,0.0,0.0,0.010925573815888677,4.503084372384214,16.72168737280977,,False,,,,
synthetic-inprior,inprior_0204,CNN n50,50,50,False,0.11622820000047795,29.382051476963944,29.382051476963944,0,0.17808589711886888,16.821002249743984,11.376012975157805,2.171982654675573,0.1597045863756771,1.3154431025449669,0.08812580913234311,0.08996008798652577,7.219031761189196,12.49544268262096,12.037194600987231,True,,,,
synthetic-inprior,inprior_0204,DNN spectrum n20,20,20,False,0.12690259999362752,42.71955995161217,42.71955995161217,0,3.794451915145916e-33,16.316467458330344,2.777778014029146,2.4495421015706422,0.42889115997566396,2.8983634327668257,0.08996008798652577,0.08996008798652577,7.219031761189196,12.49544268262096,12.037194600987231,True,,,,
synthetic-inprior,inprior_0204,DNN classifier n50,50,50,False,0.15340290000312962,37.13109363874721,37.13109363874721,0,1.2268000691806037e-06,24.499999999969372,1.000002471671028,2.7553722575783395,0.8164609435580715,3.1230788674436547,0.08995886118645659,0.08996008798652577,7.219031761189196,12.49544268262096,12.037194600987231,True,,,,
synthetic-inprior,inprior_0204,PFF ensemble,200,6,False,0.7154458000004524,30.32733586971678,30.32733586971678,0,0.1153058321273247,14.453383206898879,7.957664758096852,0.5067256672131814,0.04851768428177096,0.3133902120269185,0.02534574414079893,0.08996008798652577,7.219031761189196,12.49544268262096,12.037194600987231,True,15.460678100585938,2.965235417964978,3.4848902225494385,True
synthetic-inprior,inprior_0204,TSVD_NN,100,7,True,0.028869800007669255,27.983876082243512,27.983876082243512,0,0.11835004055790295,24.543329944346738,2.46102708500193,2.999486475030152,0.45643056426995726,2.7573100214173336,0.028389952571377178,0.08996008798652577,7.219031761189196,12.49544268262096,12.037194600987231,True,,,,
synthetic-inprior,inprior_0204,truth (reference),200,6,False,0.0,31.122458313128284,31.122458313128284,0,0.08996008798652577,12.990495425257683,7.219031761189196,0.0,0.0,0.0,0.0,0.08996008798652577,7.219031761189196,12.49544268262096,,True,,,,
synthetic-inprior,inprior_0205,CNN n50,50,50,False,0.13602949999039993,27.972680046288566,27.972680046288566,0,0.15878033198291605,16.907647153923854,11.205500978116735,0.7968457964110763,0.0621239227039455,0.3403193620531722,0.049113671931766495,0.20789400391468255,12.761198492315682,11.180004430596826,0.0,False,,,,
synthetic-inprior,inprior_0205,DNN spectrum n20,20,20,False,0.12242590000096243,41.97209668382312,41.97209668382312,0,0.0,,2.7777777840688147,5.066024193879068,0.6243734874706712,3.4085704891995317,0.20789400391468255,0.20789400391468255,12.761198492315682,11.180004430596826,0.0,False,,,,
synthetic-inprior,inprior_0205,DNN classifier n50,50,50,False,0.0978532000008272,35.94783933596534,35.94783933596534,0,1.2268000691806037e-06,24.499999999969372,1.000002471671028,5.156571166032552,0.8758113943138549,3.556687879792042,0.20789277711461338,0.20789400391468255,12.761198492315682,11.180004430596826,0.0,False,,,,
synthetic-inprior,inprior_0205,PFF ensemble,200,6,False,0.7733318000100553,28.541011412802675,28.541011412802675,0,0.12854268707708075,14.500921500618269,9.093325261978261,1.7078474685339335,0.1232741869607686,0.8498154882349173,0.0793513168376018,0.20789400391468255,12.761198492315682,11.180004430596826,0.0,False,,,,
synthetic-inprior,inprior_0205,TSVD_NN,100,7,True,0.11497579999559093,27.426847403997172,27.426847403997172,0,0.17109769282581969,18.95162671975818,5.081647406602171,2.573221266628286,0.4277327209646521,2.958600132884779,0.03679631108886286,0.20789400391468255,12.761198492315682,11.180004430596826,0.0,False,,,,
synthetic-inprior,inprior_0205,truth (reference),200,6,False,0.0,27.86081027375548,27.86081027375548,0,0.20789400391468255,16.31028742213798,12.761198492315682,0.0,0.0,0.0,0.0,0.20789400391468255,12.761198492315682,11.180004430596826,,False,,,,
synthetic-inprior,inprior_0206,CNN n50,50,50,False,0.17257370000879746,28.930484966288883,28.930484966288883,0,0.4988371599552247,27.728107684405973,28.863823837683732,5.688917354643434,0.23326657038542475,0.23761037449686584,0.22978785102116162,0.7286250109763863,47.30506481376556,16.81579590849395,0.0,False,,,,
synthetic-inprior,inprior_0206,DNN spectrum n20,20,20,False,0.16666600000462495,61.83599691506012,61.83599691506012,0,0.0,,2.777777777936447,20.275164502754166,0.9137973622922795,4.156522328899865,0.7286250109763863,0.7286250109763863,47.30506481376556,16.81579590849395,0.0,False,,,,
synthetic-inprior,inprior_0206,DNN classifier n50,50,50,False,0.19845100000384264,53.48210227045182,53.48210227045182,0,1.2268000691806037e-06,24.499999999969372,1.000002471671028,20.13356326980405,0.9712672017523569,4.247089464562912,0.7286237841763171,0.7286250109763863,47.30506481376556,16.81579590849395,0.0,False,,,,
synthetic-inprior,inprior_0206,PFF ensemble,200,6,False,0.630933799999184,28.471272446687998,28.471272446687998,0,0.7418699633717525,28.128108930422695,48.08080710956365,0.5528536341748743,0.016201836466187804,0.017597891354104556,0.01324495239536616,0.7286250109763863,47.30506481376556,16.81579590849395,0.0,False,,,,
synthetic-inprior,inprior_0206,TSVD_NN,100,7,True,0.015707900005509146,27.87066409678889,27.87066409678889,0,0.9079470484154055,26.759101457787096,7.958652237977611,7.337069082562247,0.7763034168683943,3.795532822296455,0.1793220374390192,0.7286250109763863,47.30506481376556,16.81579590849395,0.0,False,,,,
synthetic-inprior,inprior_0206,truth (reference),200,6,False,0.0,28.518711890160134,28.518711890160134,0,0.7286250109763863,27.79964188326687,47.30506481376556,0.0,0.0,0.0,0.0,0.7286250109763863,47.30506481376556,16.81579590849395,,False,,,,
synthetic-inprior,inprior_0207,CNN n50,50,50,False,0.13407569999981206,30.62748362411745,30.62748362411745,0,0.23032338629708105,24.33900195166615,9.141600681520863,2.399860059689598,0.2307790477142558,0.7784142543309986,0.028945046310624667,0.2592684326077057,13.996339865556566,20.69985867783597,26.482888956341395,True,,,,
synthetic-inprior,inprior_0207,DNN spectrum n20,20,20,False,0.16811579999921378,49.902346797639474,49.902346797639474,0,0.0,,2.777778739619491,5.959978451633258,0.6400364383616017,3.4138175723033566,0.2592684326077057,0.2592684326077057,13.996339865556566,20.69985867783597,26.482888956341395,True,,,,
synthetic-inprior,inprior_0207,DNN classifier n50,50,50,False,0.16545280000718776,43.645311156015715,43.645311156015715,0,1.2268000691806037e-06,24.499999999969372,1.000002471671028,6.0457188496755006,0.8824614861416713,3.5606228041147694,0.2592672058076365,0.2592684326077057,13.996339865556566,20.69985867783597,26.482888956341395,True,,,,
synthetic-inprior,inprior_0207,PFF ensemble,200,6,False,0.722831999999471,33.160500984484784,33.160500984484784,0,0.15343040939062666,15.799108382901336,8.291065650238483,2.436225287231965,0.2016344338540597,1.3172575904294315,0.10583802321707905,0.2592684326077057,13.996339865556566,20.69985867783597,26.482888956341395,True,17.01553726196289,3.684321415873079,3.4329254627227783,False
synthetic-inprior,inprior_0207,TSVD_NN,100,7,True,0.45585109999228735,30.17908226846113,30.17908226846113,0,0.2651837655426717,22.528709780029107,1.8777934841514583,3.671822121523074,0.7855951815471399,3.3062517099837914,0.005915332934965989,0.2592684326077057,13.996339865556566,20.69985867783597,26.482888956341395,True,,,,
synthetic-inprior,inprior_0207,truth (reference),200,6,False,0.0,31.633994047722506,31.633994047722506,0,0.2592684326077057,17.484922239287734,13.996339865556566,0.0,0.0,0.0,0.0,0.2592684326077057,13.996339865556566,20.69985867783597,,True,,,,
synthetic-inprior,inprior_0208,CNN n50,50,50,False,0.19359819999954198,31.917227302104298,31.917227302104298,0,0.1306589477879817,17.834128889809154,9.590937840343287,1.95339720464081,0.13697119947818995,1.278322589515388,0.08455678539343703,0.04610216239454467,6.5512655776092545,21.109007676809053,0.0,False,,,,
synthetic-inprior,inprior_0208,DNN spectrum n20,20,20,False,0.1700466000038432,45.329016888881995,45.329016888881995,0,0.0,,2.7777777777779105,1.9756237399614216,0.39729839727055605,2.832061489914059,0.04610216239454467,0.04610216239454467,6.5512655776092545,21.109007676809053,0.0,False,,,,
synthetic-inprior,inprior_0208,DNN classifier n50,50,50,False,0.16710880000027828,39.67349014908151,39.67349014908151,0,1.2268000691806037e-06,24.499999999969372,1.000002471671028,2.3053079642433634,0.8052913445442036,3.0635655987982267,0.04610093559447549,0.04610216239454467,6.5512655776092545,21.109007676809053,0.0,False,,,,
synthetic-inprior,inprior_0208,PFF ensemble,200,6,False,0.8035520999983419,33.11958782521901,33.11958782521901,0,0.08233048152402511,14.012735272489477,6.753369718394519,0.3627494833573644,0.0398933411102898,0.2542568939556884,0.03622831912948044,0.04610216239454467,6.5512655776092545,21.109007676809053,0.0,False,,,,
synthetic-inprior,inprior_0208,TSVD_NN,100,7,True,1.8614424999977928,31.82618143305297,31.82618143305297,0,0.1652349546255974,16.621916373157152,7.482345802367075,1.6092268316751273,0.1941761321891803,2.0052851273739276,0.11913279223105272,0.04610216239454467,6.5512655776092545,21.109007676809053,0.0,False,,,,
synthetic-inprior,inprior_0208,truth (reference),200,6,False,0.0,33.932127825069664,33.932127825069664,0,0.04610216239454467,13.275453454671034,6.5512655776092545,0.0,0.0,0.0,0.0,0.04610216239454467,6.5512655776092545,21.109007676809053,,False,,,,
synthetic-inprior,inprior_0209,CNN n50,50,50,False,0.15112530000624247,30.367168018606893,30.367168018606893,0,0.021383085027667153,17.84732852469959,4.95735791845162,0.596300070392283,0.06550500553613169,0.817537898667105,0.027922338794882224,0.04930542382254938,5.764991606406818,14.57164089303564,5.677622571652889,True,,,,
synthetic-inprior,inprior_0209,DNN spectrum n20,20,20,False,0.1491585999901872,38.04530540318162,38.04530540318162,0,0.0,,2.7777777777778034,1.7380302744988358,0.34793725121420854,2.9222099611960286,0.04930542382254938,0.04930542382254938,5.764991606406818,14.57164089303564,5.677622571652889,True,,,,
synthetic-inprior,inprior_0209,DNN classifier n50,50,50,False,0.13061860000016168,33.437404096686,33.437404096686,0,1.2268000691806037e-06,24.499999999969372,1.000002471671028,2.1402542070467914,0.7925775386265722,3.187259229699356,0.0493041970224802,0.04930542382254938,5.764991606406818,14.57164089303564,5.677622571652889,True,,,,
synthetic-inprior,inprior_0209,PFF ensemble,200,6,False,0.7891498999961186,30.28810701230612,30.28810701230612,0,0.031455470864228015,12.782159802452789,5.594585706944545,0.21114031628211688,0.01830525668841504,0.1874884801187393,0.017849952958321362,0.04930542382254938,5.764991606406818,14.57164089303564,5.677622571652889,True,12.544122695922852,2.027518197112789,3.621250629425049,True
synthetic-inprior,inprior_0209,TSVD_NN,100,7,True,0.02346489999035839,29.70791128881826,29.70791128881826,0,0.01921801217437664,29.805389398158763,5.2010939632438244,1.009610456094209,0.2680780871641772,2.2384634971897297,0.030087411648172736,0.04930542382254938,5.764991606406818,14.57164089303564,5.677622571652889,True,,,,
synthetic-inprior,inprior_0209,truth (reference),200,6,False,0.0,30.034186656135766,30.034186656135766,0,0.04930542382254938,13.617231393046133,5.764991606406818,0.0,0.0,0.0,0.0,0.04930542382254938,5.764991606406818,14.57164089303564,,True,,,,
synthetic-inprior,inprior_0210,CNN n50,50,50,False,0.1842765000037616,30.792704859349797,30.792704859349797,0,0.16911652906685132,19.86755262533995,10.213877692838718,1.1433383770443935,0.10684762804221976,0.5388176664670646,0.033633975195364985,0.2027505042622163,12.5616110832602,13.282303329226716,0.0,False,,,,
synthetic-inprior,inprior_0210,DNN spectrum n20,20,20,False,0.16385040000022855,44.6346187964052,44.6346187964052,0,0.0,,2.8803796641164476,4.918794311852878,0.6033240769889927,3.2517473019277743,0.2027505042622163,0.2027505042622163,12.5616110832602,13.282303329226716,0.0,False,,,,
synthetic-inprior,inprior_0210,DNN classifier n50,50,50,False,0.1526125999953365,39.85267220596319,39.85267220596319,0,1.2268000691806037e-06,24.499999999969372,1.000002471671028,5.062722073553837,0.8742956390562082,3.5408757990598265,0.20274927746214713,0.2027505042622163,12.5616110832602,13.282303329226716,0.0,False,,,,
synthetic-inprior,inprior_0210,PFF ensemble,200,6,False,0.8363726999959908,31.83485630567179,31.83485630567179,0,0.11711617508226442,13.787339722645028,8.142669883883926,2.0165333295895804,0.15642464787425522,1.2143096770634623,0.08563432917995188,0.2027505042622163,12.5616110832602,13.282303329226716,0.0,False,,,,
synthetic-inprior,inprior_0210,TSVD_NN,100,7,True,0.028449499994167127,30.43550977151337,30.43550977151337,0,0.28196630855180405,13.973648910345025,3.055897292329615,2.342296884619449,0.6945533333831939,3.202068636979115,0.07921580428958774,0.2027505042622163,12.5616110832602,13.282303329226716,0.0,False,,,,
synthetic-inprior,inprior_0210,truth (reference),200,6,False,0.0,30.844957863401955,30.844957863401955,0,0.2027505042622163,16.217063045906496,12.5616110832602,0.0,0.0,0.0,0.0,0.2027505042622163,12.5616110832602,13.282303329226716,,False,,,,
synthetic-inprior,inprior_0211,CNN n50,50,50,False,0.15350580000085756,40.423106416831,40.423106416831,0,0.028616636814808905,21.691092802785057,4.4488011698576,1.1311012921033194,0.14686213556545086,1.2683750819597985,0.027705229755317046,0.0009114070594918596,2.972663590774709,14.353563808423456,0.0,False,,,,
synthetic-inprior,inprior_0211,DNN spectrum n20,20,20,False,0.16273779999755789,49.32233369245808,49.32233369245808,0,0.0,,2.7777777777777772,0.3932129240307778,0.22587785657708814,2.638731048179526,0.0009114070594918596,0.0009114070594918596,2.972663590774709,14.353563808423456,0.0,False,,,,
synthetic-inprior,inprior_0211,DNN classifier n50,50,50,False,0.1727238000021316,44.500985755149976,44.500985755149976,0,1.2268000691806037e-06,24.499999999969372,1.000002471671028,0.9931937662757345,0.7500118030241224,3.1707794792543424,0.000910180259422679,0.0009114070594918596,2.972663590774709,14.353563808423456,0.0,False,,,,
synthetic-inprior,inprior_0211,PFF ensemble,200,6,False,0.8205443000042578,45.193230397964534,45.193230397964534,0,0.006716406814920545,13.517144839407845,3.521923646176382,0.3125323624567226,0.06418826174022355,1.0149469277632894,0.005804999755428686,0.0009114070594918596,2.972663590774709,14.353563808423456,0.0,False,,,,
synthetic-inprior,inprior_0211,TSVD_NN,100,7,True,0.02814379999472294,36.86309569349755,36.86309569349755,0,0.03768033454246678,47.62203428773102,2.482360116084038,1.7294219893862661,0.12354118440943675,2.1921658662225885,0.036768927482974924,0.0009114070594918596,2.972663590774709,14.353563808423456,0.0,False,,,,
synthetic-inprior,inprior_0211,truth (reference),200,6,False,0.0,48.538479082754684,48.538479082754684,0,0.0009114070594918596,11.486331795359755,2.972663590774709,0.0,0.0,0.0,0.0,0.0009114070594918596,2.972663590774709,14.353563808423456,,False,,,,
synthetic-inprior,inprior_0212,CNN n50,50,50,False,0.14574899998842739,34.921260806210704,34.921260806210704,0,0.008819967391427486,19.753534244549858,3.7277530106147334,0.6245376646062494,0.12179499169189473,0.7088070774701317,0.007903618261773056,0.01672358565320054,4.956850543812937,12.952574178707394,0.0,False,,,,
synthetic-inprior,inprior_0212,DNN spectrum n20,20,20,False,0.17492200000560842,39.406826844087426,39.406826844087426,0,0.0,,2.777777779254396,1.1784252122670362,0.29308853355295406,2.773979792426546,0.01672358565320054,0.01672358565320054,4.956850543812937,12.952574178707394,0.0,False,,,,
synthetic-inprior,inprior_0212,DNN classifier n50,50,50,False,0.1548769000073662,35.675207466195054,35.675207466195054,0,1.2268000691806037e-06,24.499999999969372,1.000002471671028,1.6498927665861194,0.7769775198162003,3.080345518162876,0.01672235885313136,0.01672358565320054,4.956850543812937,12.952574178707394,0.0,False,,,,
synthetic-inprior,inprior_0212,PFF ensemble,200,6,False,0.769265599999926,34.288322728440214,34.288322728440214,0,0.020359936600368125,12.499385142727139,4.671050163215196,0.119724614643748,0.027916038592734737,0.2193811763893099,0.003636350947167584,0.01672358565320054,4.956850543812937,12.952574178707394,0.0,False,,,,
synthetic-inprior,inprior_0212,TSVD_NN,100,7,True,0.032454000000143424,33.37703182010648,33.37703182010648,0,0.012827233323165474,49.485513131695875,4.200243136052558,0.8993858857092322,0.12836910548861366,2.3492784414561263,0.0038963523300350675,0.01672358565320054,4.956850543812937,12.952574178707394,0.0,False,,,,
synthetic-inprior,inprior_0212,truth (reference),200,6,False,0.0,34.21329043342249,34.21329043342249,0,0.01672358565320054,12.47842214959097,4.956850543812937,0.0,0.0,0.0,0.0,0.01672358565320054,4.956850543812937,12.952574178707394,,False,,,,
synthetic-inprior,inprior_0213,CNN n50,50,50,False,0.1600964999961434,32.1306467296543,32.1306467296543,0,0.019631772791934458,17.238736805137076,5.0711216733548605,0.4629519608186675,0.05909063140472874,0.8896722891760616,0.010839871120850223,0.008791901671084235,4.303430301203254,9.28908956366458,0.0,False,,,,
synthetic-inprior,inprior_0213,DNN spectrum n20,20,20,False,0.15350249999028165,39.16902076057965,39.16902076057965,0,0.0,,2.777821399751397,0.8516939480676071,0.24166410482174971,2.674602458957223,0.008791901671084235,0.008791901671084235,4.303430301203254,9.28908956366458,0.0,False,,,,
synthetic-inprior,inprior_0213,DNN classifier n50,50,50,False,0.16579470000579022,34.61724188278273,34.61724188278273,0,1.2268000691806037e-06,24.499999999969372,1.000002471671028,1.4059157468837946,0.76509963188214,3.0957418230229465,0.008790674871015054,0.008791901671084235,4.303430301203254,9.28908956366458,0.0,False,,,,
synthetic-inprior,inprior_0213,PFF ensemble,200,6,False,0.8022060000075726,32.41671119222051,32.41671119222051,0,0.023835800470382522,12.55706396615182,5.14380451406861,0.4497034689455273,0.06581351121729727,0.48834030647181764,0.015043898799298287,0.008791901671084235,4.303430301203254,9.28908956366458,0.0,False,,,,
synthetic-inprior,inprior_0213,TSVD_NN,100,7,True,0.02824739999778103,31.129440733626637,31.129440733626637,0,0.010630760439332629,49.5,4.547479350255575,1.047387862007627,0.29703980426035564,2.4156126193333813,0.0018388587682483942,0.008791901671084235,4.303430301203254,9.28908956366458,0.0,False,,,,
synthetic-inprior,inprior_0213,truth (reference),200,6,False,0.0,33.42139931440036,33.42139931440036,0,0.008791901671084235,12.151714911831325,4.303430301203254,0.0,0.0,0.0,0.0,0.008791901671084235,4.303430301203254,9.28908956366458,,False,,,,
synthetic-inprior,inprior_0214,CNN n50,50,50,False,0.16351030000078026,28.319036801251475,28.319036801251475,0,0.12294806781639464,17.403587542003596,9.728482108418412,0.9830530611927176,0.058963102188206246,1.113631711140129,0.03365313917615623,0.08929492864023841,8.319122191653536,15.88437845439675,0.0,False,,,,
synthetic-inprior,inprior_0214,DNN spectrum n20,20,20,False,0.15073790001042653,39.97471099868078,39.97471099868078,0,0.0,,2.77777778060266,2.859324394017483,0.484454460766083,2.8778523735468755,0.08929492864023841,0.08929492864023841,8.319122191653536,15.88437845439675,0.0,False,,,,
synthetic-inprior,inprior_0214,DNN classifier n50,50,50,False,0.1667742999998154,34.06497344407388,34.06497344407388,0,1.2268000691806037e-06,24.499999999969372,1.000002471671028,3.088519231682495,0.8314450809252297,3.0614423430394955,0.08929370184016923,0.08929492864023841,8.319122191653536,15.88437845439675,0.0,False,,,,
synthetic-inprior,inprior_0214,PFF ensemble,200,6,False,0.8105758000019705,28.7819508700314,28.7819508700314,0,0.08060733561341206,13.658547876868367,7.693847765961253,0.2796157178904911,0.03067006799990927,0.28044884215285093,0.008687593026826354,0.08929492864023841,8.319122191653536,15.88437845439675,0.0,False,,,,
synthetic-inprior,inprior_0214,TSVD_NN,100,7,True,0.020531700007268228,28.2504318701382,28.2504318701382,0,0.04655451493738945,23.920749429997336,4.49109381648525,1.7240726972925466,0.4873081217260487,2.5430860569239226,0.042740413702848964,0.08929492864023841,8.319122191653536,15.88437845439675,0.0,False,,,,
synthetic-inprior,inprior_0214,truth (reference),200,6,False,0.0,28.627416672216818,28.627416672216818,0,0.08929492864023841,14.157064466229379,8.319122191653536,0.0,0.0,0.0,0.0,0.08929492864023841,8.319122191653536,15.88437845439675,,False,,,,
synthetic-inprior,inprior_0215,CNN n50,50,50,False,0.14381569999386556,28.62240465701166,28.62240465701166,0,0.04203201755215283,18.506215060594897,5.431828436200424,0.42855803595936515,0.022565687472501362,1.0316093275200982,0.020396430686176446,0.021635586865976383,5.281013660060809,17.356787690067698,0.0,False,,,,
synthetic-inprior,inprior_0215,DNN spectrum n20,20,20,False,0.13762160000624135,36.38347466942193,36.38347466942193,0,0.0,,2.7777777777998556,1.3405066180197003,0.31662895491102905,2.7842154240033135,0.021635586865976383,0.021635586865976383,5.281013660060809,17.356787690067698,0.0,False,,,,
synthetic-inprior,inprior_0215,DNN classifier n50,50,50,False,0.16563119999773335,31.89276019483102,31.89276019483102,0,1.2268000691806037e-06,24.499999999969372,1.000002471671028,1.7773182728375372,0.7829700818309085,3.0710140069566836,0.0216343600659072,0.021635586865976383,5.281013660060809,17.356787690067698,0.0,False,,,,
synthetic-inprior,inprior_0215,PFF ensemble,200,6,False,0.6653088000020944,29.05665160882379,29.05665160882379,0,0.042186509704480096,13.207251063225012,5.685002948378074,0.3034094396919127,0.02739096521569476,0.229018692836331,0.020550922838503714,0.021635586865976383,5.281013660060809,17.356787690067698,0.0,False,,,,
synthetic-inprior,inprior_0215,TSVD_NN,100,7,True,0.021609100003843196,28.30543621829169,28.30543621829169,0,0.05122318057632308,21.330428425611935,4.208338546671765,1.0091679132879423,0.20063507222936405,2.5006504501983167,0.029587593710346697,0.021635586865976383,5.281013660060809,17.356787690067698,0.0,False,,,,
synthetic-inprior,inprior_0215,truth (reference),200,6,False,0.0,29.534730197786565,29.534730197786565,0,0.021635586865976383,12.640498090404066,5.281013660060809,0.0,0.0,0.0,0.0,0.021635586865976383,5.281013660060809,17.356787690067698,,False,,,,
synthetic-inprior,inprior_0216,CNN n50,50,50,False,0.11548529998981394,29.722085650139526,29.722085650139526,0,0.18000840220586903,17.58105265130532,10.351698069179141,1.21249378109118,0.1202681056460776,0.25387119666474534,0.056568744903001816,0.23657714710887084,13.901035301621599,12.839858129792603,0.0,False,,,,
synthetic-inprior,inprior_0216,DNN spectrum n20,20,20,False,0.11284009998780675,48.588833307116786,48.588833307116786,0,0.0,,2.777777777777914,5.623419834770767,0.6491286435299012,3.4956662445234166,0.23657714710887084,0.23657714710887084,13.901035301621599,12.839858129792603,0.0,False,,,,
synthetic-inprior,inprior_0216,DNN classifier n50,50,50,False,0.12098530000366736,41.64554117977068,41.64554117977068,0,1.2268000691806037e-06,24.499999999969372,1.000002471671028,5.691655119094476,0.8838448418296887,3.6385062112318916,0.23657592030880167,0.23657714710887084,13.901035301621599,12.839858129792603,0.0,False,,,,
synthetic-inprior,inprior_0216,PFF ensemble,200,6,False,0.582745599996997,29.83301453337539,29.83301453337539,0,0.21490374240847665,15.816202967683349,12.616400370603383,0.640743690501057,0.04459172814541702,0.24884377589233306,0.021673404700394194,0.23657714710887084,13.901035301621599,12.839858129792603,0.0,False,,,,
synthetic-inprior,inprior_0216,TSVD_NN,100,7,True,0.031275300003471784,28.49786362833464,28.49786362833464,0,0.5816712160556367,17.53958561656138,13.122715107512514,6.624935590471645,0.5961488133602395,2.337979271987117,0.3450940689467658,0.23657714710887084,13.901035301621599,12.839858129792603,0.0,False,,,,
synthetic-inprior,inprior_0216,truth (reference),200,6,False,0.0,29.40568239045319,29.40568239045319,0,0.23657714710887084,16.834033482278105,13.901035301621599,0.0,0.0,0.0,0.0,0.23657714710887084,13.901035301621599,12.839858129792603,,False,,,,
synthetic-inprior,inprior_0217,CNN n50,50,50,False,0.15258389999507926,29.883607389506523,29.883607389506523,0,0.20898155367850313,18.947216074330086,10.638559230738066,1.0882664409469929,0.09994793858464938,0.815811705597502,0.005012350222794865,0.20396920345570826,11.604769002119314,14.481825973876262,12.440089653262383,True,,,,
synthetic-inprior,inprior_0217,DNN spectrum n20,20,20,False,0.11254059999191668,47.9518569457804,47.9518569457804,0,0.0,,2.7777777777777772,4.523170638028457,0.5895660608984157,3.1978096010546584,0.20396920345570826,0.20396920345570826,11.604769002119314,14.481825973876262,12.440089653262383,True,,,,
synthetic-inprior,inprior_0217,DNN classifier n50,50,50,False,0.14471690000209492,41.68540575227594,41.68540575227594,0,1.2268000691806037e-06,24.499999999969372,1.000002471671028,4.656315892047093,0.8662859551459766,3.3578239455747965,0.2039679766556391,0.20396920345570826,11.604769002119314,14.481825973876262,12.440089653262383,True,,,,
synthetic-inprior,inprior_0217,PFF ensemble,200,6,False,0.6171060000051511,31.106358334068773,31.106358334068773,0,0.14780762288465205,14.685787975157067,9.941133704898462,0.7967882102127134,0.06029939411724665,0.233662191687292,0.05616158057105622,0.20396920345570826,11.604769002119314,14.481825973876262,12.440089653262383,True,14.854357719421387,0.3725317455451247,3.431762456893921,True
synthetic-inprior,inprior_0217,TSVD_NN,100,7,True,0.030862200001138262,29.696156899396634,29.696156899396634,0,0.43036776424794715,13.615748626442722,3.6026487137992085,2.605687309301966,0.6033885092542968,2.8419149827377317,0.22639856079223888,0.20396920345570826,11.604769002119314,14.481825973876262,12.440089653262383,True,,,,
synthetic-inprior,inprior_0217,truth (reference),200,6,False,0.0,30.49587716025344,30.49587716025344,0,0.20396920345570826,14.91418332858077,11.604769002119314,0.0,0.0,0.0,0.0,0.20396920345570826,11.604769002119314,14.481825973876262,,True,,,,
synthetic-inprior,inprior_0218,CNN n50,50,50,False,0.14780659999814816,32.28393938559548,32.28393938559548,0,0.11662067272282281,19.384796500153175,8.808278673517528,2.682505607407266,0.21948095767652306,1.4319659335745252,0.10205152486077393,0.01456914786204888,4.799690800289327,12.33073331449522,0.0,False,,,,
synthetic-inprior,inprior_0218,DNN spectrum n20,20,20,False,0.12406380000174977,42.50210634424215,42.50210634424215,0,0.0,,2.777779957759928,1.0998443110040548,0.28120931657876985,2.7692396056160073,0.01456914786204888,0.01456914786204888,4.799690800289327,12.33073331449522,0.0,False,,,,
synthetic-inprior,inprior_0218,DNN classifier n50,50,50,False,0.1239962999970885,37.312960110740946,37.312960110740946,0,1.2268000691806037e-06,24.499999999969372,1.000002471671028,1.5895090848374689,0.7740715371445567,3.0862263701808326,0.014567921061979698,0.01456914786204888,4.799690800289327,12.33073331449522,0.0,False,,,,
synthetic-inprior,inprior_0218,PFF ensemble,200,6,False,0.6430701999925077,33.54002965848606,33.54002965848606,0,0.05068319960337564,12.720282255698073,5.702621836651562,0.5953305883325573,0.06288975455858671,0.40602851129082324,0.03611405174132676,0.01456914786204888,4.799690800289327,12.33073331449522,0.0,False,,,,
synthetic-inprior,inprior_0218,TSVD_NN,100,7,True,0.025204800011124462,32.008659463090275,32.008659463090275,0,0.022676859588842836,48.703898619210264,5.131276350972113,1.3091687572190782,0.11876460605493626,1.6825137222634006,0.008107711726793957,0.01456914786204888,4.799690800289327,12.33073331449522,0.0,False,,,,
synthetic-inprior,inprior_0218,truth (reference),200,6,False,0.0,34.9939353526575,34.9939353526575,0,0.01456914786204888,12.399843601121312,4.799690800289327,0.0,0.0,0.0,0.0,0.01456914786204888,4.799690800289327,12.33073331449522,,False,,,,
synthetic-inprior,inprior_0219,CNN n50,50,50,False,0.17010339999978896,33.674439771614665,33.674439771614665,0,0.013810543374250361,21.412977777155508,3.8537949611124716,0.26897065446401375,0.023031356576794,0.9319126738623645,0.00977922364274282,0.00403131973150754,3.718785730715336,11.322369437235732,0.0,False,,,,
synthetic-inprior,inprior_0219,DNN spectrum n20,20,20,False,0.12027600000146776,36.130589019737805,36.130589019737805,0,0.0,,2.7777799507193426,0.6070678618187899,0.2151020878656137,2.7155002263605605,0.00403131973150754,0.00403131973150754,3.718785730715336,11.322369437235732,0.0,False,,,,
synthetic-inprior,inprior_0219,DNN classifier n50,50,50,False,0.11682939999445807,34.03362169822799,34.03362169822799,0,1.2268000691806037e-06,24.499999999969372,1.000002471671028,1.2070403404161227,0.7557999049623618,3.132157252482522,0.0040300929314383595,0.00403131973150754,3.718785730715336,11.322369437235732,0.0,False,,,,
synthetic-inprior,inprior_0219,PFF ensemble,200,6,False,0.6604472000035457,34.51647155157155,34.51647155157155,0,0.0037977194896503894,11.946782093256205,3.6462637159079656,0.03463450354059899,0.007655087382897489,0.054761023773484595,0.00023360024185715023,0.00403131973150754,3.718785730715336,11.322369437235732,0.0,False,,,,
synthetic-inprior,inprior_0219,TSVD_NN,100,7,True,0.04278379998868331,32.180970004865706,32.180970004865706,0,0.01767757562475447,48.370754097586264,2.3502809972677574,1.349711756981201,0.19473770321050793,2.52708526577228,0.01364625589324693,0.00403131973150754,3.718785730715336,11.322369437235732,0.0,False,,,,
synthetic-inprior,inprior_0219,truth (reference),200,6,False,0.0,34.455535003039856,34.455535003039856,0,0.00403131973150754,11.859392854797127,3.718785730715336,0.0,0.0,0.0,0.0,0.00403131973150754,3.718785730715336,11.322369437235732,,False,,,,
synthetic-inprior,inprior_0220,CNN n50,50,50,False,0.13925719998951536,25.89091996133336,25.89091996133336,0,0.08585246374769887,16.4825275712573,8.258853999837573,1.0843884982135816,0.09687780309343136,1.0074288395647597,0.08549679403568111,0.17134925778337998,9.758899404781513,13.864714896220587,14.909365206972488,True,,,,
synthetic-inprior,inprior_0220,DNN spectrum n20,20,20,False,0.14687760001106653,37.18549418287033,37.18549418287033,0,0.0,,2.777989996030857,3.7419865764898175,0.5299945934765522,2.852889176554079,0.17134925778337998,0.17134925778337998,9.758899404781513,13.864714896220587,14.909365206972488,True,,,,
synthetic-inprior,inprior_0220,DNN classifier n50,50,50,False,0.1571292999869911,31.590424964861125,31.590424964861125,0,1.2268000691806037e-06,24.499999999969372,1.000002471671028,3.9414037459469933,0.8480148283390263,3.1044377088427044,0.1713480309833108,0.17134925778337998,9.758899404781513,13.864714896220587,14.909365206972488,True,,,,
synthetic-inprior,inprior_0220,PFF ensemble,200,6,False,0.7878917000052752,26.18231454072611,26.18231454072611,0,0.07685327007793012,13.569702096098686,7.2194626686582275,1.3388640461150971,0.11323085759003201,0.45899183024231555,0.09449598770544985,0.17134925778337998,9.758899404781513,13.864714896220587,14.909365206972488,True,13.860651016235352,0.004063879985235275,3.721860408782959,True
synthetic-inprior,inprior_0220,TSVD_NN,100,7,True,0.030907899999874644,25.914070070352842,25.914070070352842,0,0.1251844608441312,13.475131978459315,7.984219017379169,0.8117051239548612,0.08645293069495674,1.6114422707000298,0.04616479693924877,0.17134925778337998,9.758899404781513,13.864714896220587,14.909365206972488,True,,,,
synthetic-inprior,inprior_0220,truth (reference),200,6,False,0.0,25.853820300412305,25.853820300412305,0,0.17134925778337998,13.98371529215912,9.758899404781513,0.0,0.0,0.0,0.0,0.17134925778337998,9.758899404781513,13.864714896220587,,True,,,,
synthetic-inprior,inprior_0221,CNN n50,50,50,False,0.14770399998815265,28.885921463660416,28.885921463660416,0,0.31161006155216997,21.20943293484555,13.331994113031506,2.4551081117851776,0.21771088322433937,1.2108136879135651,0.060271071827176004,0.371881133379346,14.100734837523998,16.10996304945302,14.094559925289932,True,,,,
synthetic-inprior,inprior_0221,DNN spectrum n20,20,20,False,0.13991369999712333,51.38443232948263,51.38443232948263,0,0.0,,2.7777777777781916,6.651975748042381,0.6611692281823268,3.1431866497920313,0.371881133379346,0.371881133379346,14.100734837523998,16.10996304945302,14.094559925289932,True,,,,
synthetic-inprior,inprior_0221,DNN classifier n50,50,50,False,0.1640731999941636,44.08999633973445,44.08999633973445,0,1.2268000691806037e-06,24.499999999969372,1.000002471671028,6.743515550222873,0.8933950053074357,3.300868595703522,0.3718799065792768,0.371881133379346,14.100734837523998,16.10996304945302,14.094559925289932,True,,,,
synthetic-inprior,inprior_0221,PFF ensemble,200,6,False,0.7644266999996034,29.490261509310315,29.490261509310315,0,0.32529789648889357,18.195334744487457,17.652510064238733,1.633482038744888,0.22090785145908448,1.0317204987242117,0.046583236890452406,0.371881133379346,14.100734837523998,16.10996304945302,14.094559925289932,True,15.427078247070312,0.6828848023827092,3.414780378341675,True
synthetic-inprior,inprior_0221,TSVD_NN,100,7,True,0.019703199999639764,28.422215768123493,28.422215768123493,0,0.4687478336530958,18.771625422442483,4.665223438285459,4.459910920654818,0.646025847461825,2.89359238112356,0.09686670027374983,0.371881133379346,14.100734837523998,16.10996304945302,14.094559925289932,True,,,,
synthetic-inprior,inprior_0221,truth (reference),200,6,False,0.0,30.081223578946293,30.081223578946293,0,0.371881133379346,15.734494378919248,14.100734837523998,0.0,0.0,0.0,0.0,0.371881133379346,14.100734837523998,16.10996304945302,,True,,,,
synthetic-inprior,inprior_0222,CNN n50,50,50,False,0.15130559999670368,30.469369646576116,30.469369646576116,0,0.061356265857878504,18.089124325669676,6.366215726555388,0.794591674731214,0.08010906279373754,1.149878987786421,0.019003894211332653,0.04235237164654585,5.222164799344517,14.912116195063957,9.75340888463174,True,,,,
synthetic-inprior,inprior_0222,DNN spectrum n20,20,20,False,0.1556501000013668,38.74942948373788,38.74942948373788,0,0.0,,2.777777834279469,1.5013897828577685,0.3119267009280092,2.9241920357043867,0.04235237164654585,0.04235237164654585,5.222164799344517,14.912116195063957,9.75340888463174,True,,,,
synthetic-inprior,inprior_0222,DNN classifier n50,50,50,False,0.15073329998995177,34.18068687890952,34.18068687890952,0,1.2268000691806037e-06,24.499999999969372,1.000002471671028,1.9558264397115819,0.7832680635828431,3.2151059752101205,0.042351144846476674,0.04235237164654585,5.222164799344517,14.912116195063957,9.75340888463174,True,,,,
synthetic-inprior,inprior_0222,PFF ensemble,200,6,False,0.8036830000055488,31.173314402746854,31.173314402746854,0,0.04779546554232913,12.968516791636208,5.463802421325526,0.15239876114386125,0.02623039029560336,0.16309652260456045,0.005443093895783277,0.04235237164654585,5.222164799344517,14.912116195063957,9.75340888463174,True,13.095319747924805,1.8167964471391524,3.451920986175537,True
synthetic-inprior,inprior_0222,TSVD_NN,100,7,True,0.06523870000091847,30.30164138436462,30.30164138436462,0,0.0577242286178757,22.10028108259924,4.538129930004845,0.8807990550324163,0.1368632137495447,2.544923849818644,0.015371856971329846,0.04235237164654585,5.222164799344517,14.912116195063957,9.75340888463174,True,,,,
synthetic-inprior,inprior_0222,truth (reference),200,6,False,0.0,31.21523711654506,31.21523711654506,0,0.04235237164654585,13.905563169713348,5.222164799344517,0.0,0.0,0.0,0.0,0.04235237164654585,5.222164799344517,14.912116195063957,,True,,,,
synthetic-inprior,inprior_0223,CNN n50,50,50,False,0.12587099999655038,28.49947422158736,28.49947422158736,0,0.09399879715661127,20.3857423294879,7.505237993096143,1.6197122142317744,0.08876790615764937,1.3434574030475321,0.0636123797698083,0.03038641738680297,5.7826046239528,9.475506246977613,0.0,False,,,,
synthetic-inprior,inprior_0223,DNN spectrum n20,20,20,False,0.15892869999515824,38.24885798545972,38.24885798545972,0,0.0,,2.777779973936026,1.5913000991507857,0.35059320601479005,2.7986870329071416,0.03038641738680297,0.03038641738680297,5.7826046239528,9.475506246977613,0.0,False,,,,
synthetic-inprior,inprior_0223,DNN classifier n50,50,50,False,0.1493765000050189,33.291450732298486,33.291450732298486,0,1.2268000691806037e-06,24.499999999969372,1.000002471671028,1.9810168740505032,0.792076272040547,3.0599695909090237,0.03038519058673379,0.03038641738680297,5.7826046239528,9.475506246977613,0.0,False,,,,
synthetic-inprior,inprior_0223,PFF ensemble,200,6,False,0.7887054000020726,29.228556534473455,29.228556534473455,0,0.06657961655166082,14.161046003478631,6.166239264653485,0.44190689078437245,0.03623822041228464,0.2883007149214495,0.03619319916485785,0.03038641738680297,5.7826046239528,9.475506246977613,0.0,False,,,,
synthetic-inprior,inprior_0223,TSVD_NN,100,7,True,0.04963419999694452,27.373629762890765,27.373629762890765,0,0.03005557198843138,47.540989993631165,2.732049484785516,1.9389729162134623,0.3189015527861325,2.173133622798995,0.00033084539837158894,0.03038641738680297,5.7826046239528,9.475506246977613,0.0,False,,,,
synthetic-inprior,inprior_0223,truth (reference),200,6,False,0.0,30.033267676773814,30.033267676773814,0,0.03038641738680297,12.891268359784622,5.7826046239528,0.0,0.0,0.0,0.0,0.03038641738680297,5.7826046239528,9.475506246977613,,False,,,,
synthetic-inprior,inprior_0224,CNN n50,50,50,False,0.15011659999436233,32.84903830089695,32.84903830089695,0,0.16056251012654826,20.222550753718547,8.659817883005902,2.6744475573481816,0.29839192609631554,1.0027439996393859,0.048114350654432606,0.11244815947211566,3.8850733639137784,14.516507160701805,6.497297813812486,True,,,,
synthetic-inprior,inprior_0224,DNN spectrum n20,20,20,False,0.14945630000147503,35.73808694164594,35.73808694164594,0,1.9392831166218596e-30,11.300021273425184,2.7777777779965085,4.855496055489613,0.9723154393487431,3.7460861190017973,0.11244815947211566,0.11244815947211566,3.8850733639137784,14.516507160701805,6.497297813812486,True,,,,
synthetic-inprior,inprior_0224,DNN classifier n50,50,50,False,0.13497660000575706,44.08454290320258,44.08454290320258,0,1.2268000691806037e-06,24.499999999969372,1.000002471671028,2.3767341412762293,0.780962668482843,3.8069797023241456,0.11244693267204647,0.11244815947211566,3.8850733639137784,14.516507160701805,6.497297813812486,True,,,,
synthetic-inprior,inprior_0224,PFF ensemble,200,6,False,0.7988487999973586,34.70399333202485,34.70399333202485,0,0.13277543075166262,14.525536718100652,8.922444672380367,1.6420227499000615,0.2950952239535521,0.822124801876042,0.020327271279546963,0.11244815947211566,3.8850733639137784,14.516507160701805,6.497297813812486,True,15.384696960449219,0.8681897997474142,3.4204633235931396,True
synthetic-inprior,inprior_0224,TSVD_NN,100,7,True,0.018161200001486577,31.39391498195696,31.39391498195696,0,0.06757772409788522,49.5,5.1060888396051,4.279703086835293,0.6838665010267388,2.9780698638461347,0.04487043537423044,0.11244815947211566,3.8850733639137784,14.516507160701805,6.497297813812486,True,,,,
synthetic-inprior,inprior_0224,truth (reference),200,6,False,0.0,37.07066617923592,37.07066617923592,0,0.11244815947211566,14.317268758769135,3.8850733639137784,0.0,0.0,0.0,0.0,0.11244815947211566,3.8850733639137784,14.516507160701805,,True,,,,
synthetic-inprior,inprior_0225,CNN n50,50,50,False,0.1617751000012504,35.27308252509024,35.27308252509024,0,0.6154266483216875,22.76277501318473,34.83030428620926,5.854452007469364,0.4833512957453391,2.0000363104205565,0.1417570199797923,0.4736696283418952,11.83755566113262,18.260511988501477,15.373063121228785,True,,,,
synthetic-inprior,inprior_0225,DNN spectrum n20,20,20,False,0.16036320000421256,62.34094738152959,62.34094738152959,0,0.0,,2.7777777777779833,8.602395993077796,0.6613504507372783,3.1700113318543712,0.4736696283418952,0.4736696283418952,11.83755566113262,18.260511988501477,15.373063121228785,True,,,,
synthetic-inprior,inprior_0225,DNN classifier n50,50,50,False,0.14606389999971725,54.83706978785292,54.83706978785292,0,1.2268000691806037e-06,24.499999999969372,1.000002471671028,8.723821228394371,0.8975208330385613,3.3644706961235187,0.473668401541826,0.4736696283418952,11.83755566113262,18.260511988501477,15.373063121228785,True,,,,
synthetic-inprior,inprior_0225,PFF ensemble,200,6,False,0.7583965999947395,37.71179765058356,37.71179765058356,0,0.30620961106871336,17.703764106289785,16.679312344999918,3.129812021522227,0.3828968253718807,1.581995940608004,0.16746001727318183,0.4736696283418952,11.83755566113262,18.260511988501477,15.373063121228785,True,15.749377250671387,2.5111347378300906,3.3897018432617188,True
synthetic-inprior,inprior_0225,TSVD_NN,100,7,True,0.04355889999715146,34.458041557579236,34.458041557579236,0,0.6131443968395426,23.36427964778163,7.350433665241412,9.390971374997967,0.8161755127347329,3.0446496582887974,0.1394747684976474,0.4736696283418952,11.83755566113262,18.260511988501477,15.373063121228785,True,,,,
synthetic-inprior,inprior_0225,truth (reference),200,6,False,0.0,36.97639821498418,36.97639821498418,0,0.4736696283418952,17.884568456108994,11.83755566113262,0.0,0.0,0.0,0.0,0.4736696283418952,11.83755566113262,18.260511988501477,,True,,,,
synthetic-inprior,inprior_0226,CNN n50,50,50,False,0.1576601999986451,28.024715583847915,28.024715583847915,0,0.2809033883168564,18.54323058746388,15.359355144762716,0.7565984402975998,0.04974789569297644,0.40567634223228854,0.0191353353889106,0.2617680529279458,14.637382841645406,17.078196968557357,8.268754532856143,True,,,,
synthetic-inprior,inprior_0226,DNN spectrum n20,20,20,False,0.15283500000077765,47.189665945255804,47.189665945255804,0,0.0,,2.777777777777792,5.959190212520654,0.6602250941121283,3.5103924304084613,0.2617680529279458,0.2617680529279458,14.637382841645406,17.078196968557357,8.268754532856143,True,,,,
synthetic-inprior,inprior_0226,DNN classifier n50,50,50,False,0.14422849999391474,40.63731392748788,40.63731392748788,0,1.2268000691806037e-06,24.499999999969372,1.000002471671028,6.020981544663149,0.8880394439509839,3.651901515345015,0.2617668261278766,0.2617680529279458,14.637382841645406,17.078196968557357,8.268754532856143,True,,,,
synthetic-inprior,inprior_0226,PFF ensemble,200,6,False,0.89199550000194,29.594153752186816,29.594153752186816,0,0.14866650094023393,14.510953330576653,9.300527517668055,2.411114786032312,0.16046000845724648,1.0648895190468886,0.11310155198771188,0.2617680529279458,14.637382841645406,17.078196968557357,8.268754532856143,True,15.140756607055664,1.937440361501693,3.4396724700927734,True
synthetic-inprior,inprior_0226,TSVD_NN,100,7,True,0.09313819999806583,27.889193123927775,27.889193123927775,0,0.6354051085884277,13.007662166435,5.052316963824949,3.9808364532311193,0.7324154886546794,3.322955355172109,0.3736370556604819,0.2617680529279458,14.637382841645406,17.078196968557357,8.268754532856143,True,,,,
synthetic-inprior,inprior_0226,truth (reference),200,6,False,0.0,28.182341714585846,28.182341714585846,0,0.2617680529279458,16.876414428358853,14.637382841645406,0.0,0.0,0.0,0.0,0.2617680529279458,14.637382841645406,17.078196968557357,,True,,,,
synthetic-inprior,inprior_0227,CNN n50,50,50,False,0.1613978999957908,32.25249086706057,32.25249086706057,0,0.08478290523915466,18.38218944193504,7.261137514529112,1.1676724318568685,0.1352224378783542,1.045120023810842,0.03420085396367434,0.05058205127548032,5.222618384184879,19.244088039764033,9.029660645645516,True,,,,
synthetic-inprior,inprior_0227,DNN spectrum n20,20,20,False,0.17925249999098014,43.6795876515634,43.6795876515634,0,0.0,,2.7777777777777772,1.7319573429679456,0.3116633377305639,3.1830672770329804,0.05058205127548032,0.05058205127548032,5.222618384184879,19.244088039764033,9.029660645645516,True,,,,
synthetic-inprior,inprior_0227,DNN classifier n50,50,50,False,0.16795809999166522,38.23848879251084,38.23848879251084,0,1.2268000691806037e-06,24.499999999969372,1.000002471671028,2.1905729829561817,0.7836304816275106,3.4598084347633002,0.050580824475411144,0.05058205127548032,5.222618384184879,19.244088039764033,9.029660645645516,True,,,,
synthetic-inprior,inprior_0227,PFF ensemble,200,6,False,0.717267100000754,33.363647839491364,33.363647839491364,0,0.06128441893418726,13.44311193616418,6.434938979225384,0.6415597021280474,0.10448493815800884,0.6486221803584711,0.01070236765870694,0.05058205127548032,5.222618384184879,19.244088039764033,9.029660645645516,True,14.015582084655762,5.228505955108272,3.6968436241149902,False
synthetic-inprior,inprior_0227,TSVD_NN,100,7,True,0.017286000002059154,31.609935086224667,31.609935086224667,0,0.05542781734920434,29.705443711658138,4.984538119107756,1.1488086263665043,0.22545423257765446,2.640343215828596,0.004845766073724021,0.05058205127548032,5.222618384184879,19.244088039764033,9.029660645645516,True,,,,
synthetic-inprior,inprior_0227,truth (reference),200,6,False,0.0,33.28464287120769,33.28464287120769,0,0.05058205127548032,17.23442620602404,5.222618384184879,0.0,0.0,0.0,0.0,0.05058205127548032,5.222618384184879,19.244088039764033,,True,,,,
synthetic-inprior,inprior_0228,CNN n50,50,50,False,0.16143089999968652,42.292684656314464,42.292684656314464,0,0.00613118314881801,18.79273383835227,3.4207572403672915,0.14027403817632877,0.041149376676791964,0.6783586286872092,0.0028212854242392403,0.00330989772457877,3.59678025981393,16.963801287542715,0.0,False,,,,
synthetic-inprior,inprior_0228,DNN spectrum n20,20,20,False,0.14297360001364723,45.36040691640562,45.36040691640562,0,0.0,,2.7777777777777772,0.5685644201342532,0.21536582628879478,2.717426174119566,0.00330989772457877,0.00330989772457877,3.59678025981393,16.963801287542715,0.0,False,,,,
synthetic-inprior,inprior_0228,DNN classifier n50,50,50,False,0.13169319998996798,42.367986447364814,42.367986447364814,0,1.2268000691806037e-06,24.499999999969372,1.000002471671028,1.1685364168609191,0.7542131842591575,3.1511267809424233,0.003308670924509589,0.00330989772457877,3.59678025981393,16.963801287542715,0.0,False,,,,
synthetic-inprior,inprior_0228,PFF ensemble,200,6,False,0.7220798999915132,43.57383780842338,43.57383780842338,0,0.0016725570324956115,11.616374828560089,3.2337584209205823,0.1814881249965941,0.04075802898124245,0.3180251329053126,0.0016373406920831583,0.00330989772457877,3.59678025981393,16.963801287542715,0.0,False,,,,
synthetic-inprior,inprior_0228,TSVD_NN,100,7,True,0.04225139999471139,41.31217157177148,41.31217157177148,0,0.0018546067240001656,49.5,4.557114015044304,0.5697525289214285,0.21175522586044213,2.1433627015343277,0.0014552910005786043,0.00330989772457877,3.59678025981393,16.963801287542715,0.0,False,,,,
synthetic-inprior,inprior_0228,truth (reference),200,6,False,0.0,42.583633797964865,42.583633797964865,0,0.00330989772457877,11.79839012510754,3.59678025981393,0.0,0.0,0.0,0.0,0.00330989772457877,3.59678025981393,16.963801287542715,,False,,,,
synthetic-inprior,inprior_0229,CNN n50,50,50,False,0.13181299999996554,32.03730688542645,32.03730688542645,0,0.05006650732415871,17.22097338465243,6.856634161991212,1.4412416189919384,0.17390614583532796,1.1313801315963916,0.04155690815278541,0.008509599171373294,4.275041176097962,18.410666523013585,0.0,False,,,,
synthetic-inprior,inprior_0229,DNN spectrum n20,20,20,False,0.11371930000314023,33.05748540856401,33.05748540856401,0,1.2854758204442817e-35,17.62849741033858,2.7777829343861757,4.278930655800636,0.9298279335895859,2.999528208538868,0.008509599171373294,0.008509599171373294,4.275041176097962,18.410666523013585,0.0,False,,,,
synthetic-inprior,inprior_0229,DNN classifier n50,50,50,False,0.15059800000744872,34.752882117574465,34.752882117574465,0,1.2268000691806037e-06,24.499999999969372,1.000002471671028,1.3957802802985775,0.7646049465972778,3.143343795904024,0.008508372371304113,0.008509599171373294,4.275041176097962,18.410666523013585,0.0,False,,,,
synthetic-inprior,inprior_0229,PFF ensemble,200,6,False,0.7366772999957902,32.762530437974014,32.762530437974014,0,0.017454584819324607,12.391704250235154,4.798668591756031,0.28240816363040017,0.04298615701655768,0.32411625631652957,0.008944985647951313,0.008509599171373294,4.275041176097962,18.410666523013585,0.0,False,,,,
synthetic-inprior,inprior_0229,TSVD_NN,100,7,True,0.02491849999933038,31.630034412884456,31.630034412884456,0,0.01160279884574423,49.5,4.42227823985276,0.7340985803273085,0.1422185404450079,2.2856490702799936,0.003093199674370937,0.008509599171373294,4.275041176097962,18.410666523013585,0.0,False,,,,
synthetic-inprior,inprior_0229,truth (reference),200,6,False,0.0,33.4226303335159,33.4226303335159,0,0.008509599171373294,12.13752037849242,4.275041176097962,0.0,0.0,0.0,0.0,0.008509599171373294,4.275041176097962,18.410666523013585,,False,,,,
synthetic-inprior,inprior_0230,CNN n50,50,50,False,0.13125199999194592,42.34447627548517,42.34447627548517,0,0.16371287937203763,21.519859092226618,9.165072421395234,2.53064291933096,0.20526050047834438,1.5696873763370927,0.04554604784524176,0.11816683152679587,5.686763377534801,12.084435021429975,9.721490877934706,True,,,,
synthetic-inprior,inprior_0230,DNN spectrum n20,20,20,False,0.12397359999886248,61.71135183562362,61.71135183562362,0,0.0,,2.7777777777777772,2.1874837704757226,0.3487152115495031,3.195010741105854,0.11816683152679587,0.11816683152679587,5.686763377534801,12.084435021429975,9.721490877934706,True,,,,
synthetic-inprior,inprior_0230,DNN classifier n50,50,50,False,0.1441941999946721,54.76910959713958,54.76910959713958,0,1.2268000691806037e-06,24.499999999969372,1.000002471671028,2.641895839926633,0.8001219910779844,3.507842099934914,0.11816560472672669,0.11816683152679587,5.686763377534801,12.084435021429975,9.721490877934706,True,,,,
synthetic-inprior,inprior_0230,PFF ensemble,200,6,False,0.8056453000026522,46.53333631459625,46.53333631459625,0,0.0803383242695675,14.283869329898739,6.716226457171626,0.5124889781711736,0.133020314511435,0.903290963600303,0.037828507257228375,0.11816683152679587,5.686763377534801,12.084435021429975,9.721490877934706,True,15.467931747436523,3.3834967260065483,3.4820446968078613,True
synthetic-inprior,inprior_0230,TSVD_NN,100,7,True,0.024616599999717437,39.71553465232111,39.71553465232111,0,0.08967998016041581,49.5,3.7257553788164888,5.064723659534415,0.7158200348641164,3.014237765795445,0.02848685136638006,0.11816683152679587,5.686763377534801,12.084435021429975,9.721490877934706,True,,,,
synthetic-inprior,inprior_0230,truth (reference),200,6,False,0.0,46.93032062185043,46.93032062185043,0,0.11816683152679587,12.484793101713969,5.686763377534801,0.0,0.0,0.0,0.0,0.11816683152679587,5.686763377534801,12.084435021429975,,True,,,,
synthetic-inprior,inprior_0231,CNN n50,50,50,False,0.166566400002921,28.34108720493241,28.34108720493241,0,0.12370892774931656,17.594352235029906,9.667161993409225,1.0459858946702618,0.14592043440308958,1.2431496506396353,0.018033829473368776,0.14174275722268534,7.848858032321872,15.96880680041403,23.751705796894576,True,,,,
synthetic-inprior,inprior_0231,DNN spectrum n20,20,20,False,0.1537607000063872,40.05449843475737,40.05449843475737,0,0.0,,2.782494418202936,3.2056096475170524,0.45276197473538166,2.886768450034682,0.14174275722268534,0.14174275722268534,7.848858032321872,15.96880680041403,23.751705796894576,True,,,,
synthetic-inprior,inprior_0231,DNN classifier n50,50,50,False,0.13006399999721907,34.294897559325655,34.294897559325655,0,1.2268000691806037e-06,24.499999999969372,1.000002471671028,3.49628908082134,0.8254033057900719,3.262432352604151,0.14174153042261617,0.14174275722268534,7.848858032321872,15.96880680041403,23.751705796894576,True,,,,
synthetic-inprior,inprior_0231,PFF ensemble,200,6,False,0.8078433000046061,29.075077872405632,29.075077872405632,0,0.08046233618898402,13.731964321069713,6.950843370431955,0.8540707735162052,0.06388246432623448,0.23830601922169026,0.06128042103370132,0.14174275722268534,7.848858032321872,15.96880680041403,23.751705796894576,True,14.398724555969238,1.5700822444447908,3.6524791717529297,True
synthetic-inprior,inprior_0231,TSVD_NN,100,7,True,0.015834699996048585,28.157617563844827,28.157617563844827,0,0.060372609626415996,25.244182781501827,5.475933152478625,1.9444101454208178,0.4121272693524627,2.718171123241524,0.08137014759626934,0.14174275722268534,7.848858032321872,15.96880680041403,23.751705796894576,True,,,,
synthetic-inprior,inprior_0231,truth (reference),200,6,False,0.0,28.518991061755226,28.518991061755226,0,0.14174275722268534,15.058532472262318,7.848858032321872,0.0,0.0,0.0,0.0,0.14174275722268534,7.848858032321872,15.96880680041403,,True,,,,
synthetic-inprior,inprior_0232,CNN n50,50,50,False,0.15990810000221245,37.12802521850359,37.12802521850359,0,0.11281411498104912,18.195591050056773,8.46034701275367,2.1581726571092226,0.1647176267155127,1.3065107665274796,0.09125855070460398,0.02155556427644514,5.2760366303622686,18.40652862233391,0.0,False,,,,
synthetic-inprior,inprior_0232,DNN spectrum n20,20,20,False,0.17007800001010764,51.65116621215148,51.65116621215148,0,0.0,,2.7777785515126356,1.3380177310145756,0.3162770431037406,2.782822540420241,0.02155556427644514,0.02155556427644514,5.2760366303622686,18.40652862233391,0.0,False,,,,
synthetic-inprior,inprior_0232,DNN classifier n50,50,50,False,0.16610650000802707,45.554989274397364,45.554989274397364,0,1.2268000691806037e-06,24.499999999969372,1.000002471671028,1.7753347893806464,0.7828784426741591,3.0697731694847255,0.02155433747637596,0.02155556427644514,5.2760366303622686,18.40652862233391,0.0,False,,,,
synthetic-inprior,inprior_0232,PFF ensemble,200,6,False,0.7682252999948105,39.35859268709316,39.35859268709316,0,0.07002922769029127,13.175084806316418,6.0659660101337884,0.6299985584507158,0.055531249693994894,0.32485847806601603,0.048473663413846124,0.02155556427644514,5.2760366303622686,18.40652862233391,0.0,False,,,,
synthetic-inprior,inprior_0232,TSVD_NN,100,7,True,0.03982959999120794,35.95000096598121,35.95000096598121,0,0.035121170787213586,48.982409072462644,5.636497398614482,2.0228291370200253,0.32046807742820294,2.3682550252093795,0.013565606510768446,0.02155556427644514,5.2760366303622686,18.40652862233391,0.0,False,,,,
synthetic-inprior,inprior_0232,truth (reference),200,6,False,0.0,41.21097212901098,41.21097212901098,0,0.02155556427644514,12.638009704024425,5.2760366303622686,0.0,0.0,0.0,0.0,0.02155556427644514,5.2760366303622686,18.40652862233391,,False,,,,
synthetic-inprior,inprior_0233,CNN n50,50,50,False,0.16055689999484457,34.75019229300719,34.75019229300719,0,0.01673780054431996,20.402238170445024,4.0056248386120465,0.6380572621147697,0.0841172015379696,1.042667605703201,0.015313342104869435,0.0014244584394505265,3.160047150825541,19.528338854629204,0.0,False,,,,
synthetic-inprior,inprior_0233,DNN spectrum n20,20,20,False,0.15172229999734554,38.827507325984406,38.827507325984406,0,0.0,,2.777777777859579,0.44155113865080453,0.22075311156532362,2.681075737435519,0.0014244584394505265,0.0014244584394505265,3.160047150825541,19.528338854629204,0.0,False,,,,
synthetic-inprior,inprior_0233,DNN classifier n50,50,50,False,0.15574260000721551,35.944364555183256,35.944364555183256,0,1.2268000691806037e-06,24.499999999969372,1.000002471671028,1.0415286633130332,0.7503699521558334,3.181716994502529,0.0014232316393813459,0.0014244584394505265,3.160047150825541,19.528338854629204,0.0,False,,,,
synthetic-inprior,inprior_0233,PFF ensemble,200,6,False,0.8099696999997832,35.83276664706125,35.83276664706125,0,0.005603702863971106,11.994842965235241,3.91737581637614,0.38028098618335515,0.0823467177747922,0.5945644413930214,0.00417924442452058,0.0014244584394505265,3.160047150825541,19.528338854629204,0.0,False,,,,
synthetic-inprior,inprior_0233,TSVD_NN,100,7,True,0.036262199995690025,33.7234184099742,33.7234184099742,0,0.021421408663180402,37.512242444024324,2.826818853420418,0.8212304669443686,0.07083764520727039,2.236585867059342,0.019996950223729874,0.0014244584394505265,3.160047150825541,19.528338854629204,0.0,False,,,,
synthetic-inprior,inprior_0233,truth (reference),200,6,False,0.0,37.53184900839209,37.53184900839209,0,0.0014244584394505265,11.580023575248102,3.160047150825541,0.0,0.0,0.0,0.0,0.0014244584394505265,3.160047150825541,19.528338854629204,,False,,,,
synthetic-inprior,inprior_0234,CNN n50,50,50,False,0.17588520000572316,35.643950210600956,35.643950210600956,0,0.014223104451452678,20.62679302022378,4.002674882930607,0.3601134945996408,0.03575356395037545,0.8983966885904793,0.010729887153371483,0.0034932172980811946,3.6292683971421402,11.124277936441363,0.0,False,,,,
synthetic-inprior,inprior_0234,DNN spectrum n20,20,20,False,0.14156160000129603,39.160491296139504,39.160491296139504,0,0.0,,2.7777777777777772,0.5787016184589724,0.21525151696958023,2.7326268199728014,0.0034932172980811946,0.0034932172980811946,3.6292683971421402,11.124277936441363,0.0,False,,,,
synthetic-inprior,inprior_0234,DNN classifier n50,50,50,False,0.1555575999955181,37.047510704448065,37.047510704448065,0,1.2268000691806037e-06,24.499999999969372,1.000002471671028,1.178673393023474,0.7546188589442019,3.1641314115514763,0.003491990498012014,0.0034932172980811946,3.6292683971421402,11.124277936441363,0.0,False,,,,
synthetic-inprior,inprior_0234,PFF ensemble,200,6,False,0.7679759999882663,36.85600173060661,36.85600173060661,0,0.0037134272016257084,11.943708236772622,3.5127214585350774,0.05307250730743929,0.012961308669423017,0.097818451451908,0.0002202099035445138,0.0034932172980811946,3.6292683971421402,11.124277936441363,0.0,False,,,,
synthetic-inprior,inprior_0234,TSVD_NN,100,7,True,0.020794700001715682,35.02567982870146,35.02567982870146,0,0.017027815478692296,36.5415081472962,2.5490294393642428,0.9915199876713797,0.14434862264191411,2.4630787487552857,0.0135345981806111,0.0034932172980811946,3.6292683971421402,11.124277936441363,0.0,False,,,,
synthetic-inprior,inprior_0234,truth (reference),200,6,False,0.0,36.7076679712154,36.7076679712154,0,0.0034932172980811946,11.814634192616852,3.6292683971421402,0.0,0.0,0.0,0.0,0.0034932172980811946,3.6292683971421402,11.124277936441363,,False,,,,
synthetic-inprior,inprior_0235,CNN n50,50,50,False,0.12748819999978878,29.43956075530242,29.43956075530242,0,0.09543304068890811,17.396618967787287,7.763650358317404,2.1161230799582755,0.17775890923222631,1.141939749779629,0.15581376739074398,0.2512468080796521,10.946636864555638,14.80759782107516,35.477694261354905,True,,,,
synthetic-inprior,inprior_0235,DNN spectrum n20,20,20,False,0.13921619999746326,45.186697434640564,45.186697434640564,0,0.0,,2.7778242741014787,4.655800725177754,0.5621869642239621,2.9575569278938643,0.2512468080796521,0.2512468080796521,10.946636864555638,14.80759782107516,35.477694261354905,True,,,,
synthetic-inprior,inprior_0235,DNN classifier n50,50,50,False,0.12554970000928733,38.502977879951054,38.502977879951054,0,1.2268000691806037e-06,24.499999999969372,1.000002471671028,4.839532033195626,0.860059863134317,3.178052577024979,0.2512455812795829,0.2512468080796521,10.946636864555638,14.80759782107516,35.477694261354905,True,,,,
synthetic-inprior,inprior_0235,PFF ensemble,200,6,False,0.7059109999972861,29.449201348909337,29.449201348909337,0,0.1397437895211615,14.542871797583699,9.693455443145723,1.1603366654414813,0.11863226968594776,0.5149810454849187,0.1115030185584906,0.2512468080796521,10.946636864555638,14.80759782107516,35.477694261354905,True,14.488367080688477,0.31923074038668275,3.4139277935028076,True
synthetic-inprior,inprior_0235,TSVD_NN,100,7,True,0.022291999994195066,28.082248339444117,28.082248339444117,0,0.13221548849555592,22.99156647145143,6.314842812243074,2.465376226313711,0.4092640516503039,2.359984305583049,0.11903131958409618,0.2512468080796521,10.946636864555638,14.80759782107516,35.477694261354905,True,,,,
synthetic-inprior,inprior_0235,truth (reference),200,6,False,0.0,28.871256577111737,28.871256577111737,0,0.2512468080796521,14.45011781523158,10.946636864555638,0.0,0.0,0.0,0.0,0.2512468080796521,10.946636864555638,14.80759782107516,,True,,,,
synthetic-inprior,inprior_0236,CNN n50,50,50,False,0.14648060000035912,30.32210667967546,30.32210667967546,0,0.08409909252438301,18.351753213110225,7.47687712871174,0.7894712081712151,0.07272158690528438,1.0481390813707554,0.028580888406709623,0.11267998093109263,8.771662518102442,17.807959502372757,7.175862758220098,True,,,,
synthetic-inprior,inprior_0236,DNN spectrum n20,20,20,False,0.15336880000540987,44.19718667164507,44.19718667164507,0,0.0,,2.7777777907859984,3.209977656437287,0.4992928012500232,2.941772334954048,0.11267998093109263,0.11267998093109263,8.771662518102442,17.807959502372757,7.175862758220098,True,,,,
synthetic-inprior,inprior_0236,DNN classifier n50,50,50,False,0.1304225000058068,38.168851021833454,38.168851021833454,0,1.2268000691806037e-06,24.499999999969372,1.000002471671028,3.427548559622333,0.8366062871058649,3.120753119484395,0.11267875413102345,0.11267998093109263,8.771662518102442,17.807959502372757,7.175862758220098,True,,,,
synthetic-inprior,inprior_0236,PFF ensemble,200,6,False,0.6845642999978736,30.98652904613806,30.98652904613806,0,0.08590059393007472,13.480196112172194,7.694394567766209,0.6090112412099402,0.04958470106449333,0.3965771555214457,0.02677938700101791,0.11267998093109263,8.771662518102442,17.807959502372757,7.175862758220098,True,12.730015754699707,5.07794374767305,3.6428017616271973,False
synthetic-inprior,inprior_0236,TSVD_NN,100,7,True,0.03453540000191424,29.998805727634,29.998805727634,0,0.018016248593303807,47.509564869705606,6.841917875422208,1.6878974722095887,0.3849486512899764,2.438271785475909,0.09466373233778883,0.11267998093109263,8.771662518102442,17.807959502372757,7.175862758220098,True,,,,
synthetic-inprior,inprior_0236,truth (reference),200,6,False,0.0,30.47181144735908,30.47181144735908,0,0.11267998093109263,14.90123729561505,8.771662518102442,0.0,0.0,0.0,0.0,0.11267998093109263,8.771662518102442,17.807959502372757,,True,,,,
synthetic-inprior,inprior_0237,CNN n50,50,50,False,0.15113209999981336,31.202232704347942,31.202232704347942,0,0.03579982034727632,18.1418930011706,5.7437825254345665,0.4256373865920173,0.02819547191186999,0.920060646544117,0.013743948577690068,0.022055871769586254,5.307012207098308,12.968621301791522,0.0,False,,,,
synthetic-inprior,inprior_0237,DNN spectrum n20,20,20,False,0.15266310000151861,39.83815715133258,39.83815715133258,0,0.0,,2.777779375756215,1.3535050936606698,0.3184615031943388,2.7914760560620344,0.022055871769586254,0.022055871769586254,5.307012207098308,12.968621301791522,0.0,False,,,,
synthetic-inprior,inprior_0237,DNN classifier n50,50,50,False,0.13803280000865925,34.8972421791264,34.8972421791264,0,1.2268000691806037e-06,24.499999999969372,1.000002471671028,1.7876923656006005,0.7834484812686934,3.0774839889641847,0.022054644969517073,0.022055871769586254,5.307012207098308,12.968621301791522,0.0,False,,,,
synthetic-inprior,inprior_0237,PFF ensemble,200,6,False,0.7726153999974485,31.85448686605556,31.85448686605556,0,0.03180962073106724,12.732304254981397,5.46023509869819,0.12485873955161308,0.011655688015263954,0.0955326273646154,0.009753748961480985,0.022055871769586254,5.307012207098308,12.968621301791522,0.0,False,,,,
synthetic-inprior,inprior_0237,TSVD_NN,100,7,True,0.028853100011474453,30.881923710687587,30.881923710687587,0,0.017467623132361786,34.9550279481122,4.97770745400935,1.0885679438547813,0.3062958998394426,2.546014935383107,0.004588248637224467,0.022055871769586254,5.307012207098308,12.968621301791522,0.0,False,,,,
synthetic-inprior,inprior_0237,truth (reference),200,6,False,0.0,32.08165425513989,32.08165425513989,0,0.022055871769586254,12.653496665446795,5.307012207098308,0.0,0.0,0.0,0.0,0.022055871769586254,5.307012207098308,12.968621301791522,,False,,,,
synthetic-inprior,inprior_0238,CNN n50,50,50,False,0.1400396999961231,30.573799213504568,30.573799213504568,0,0.21154602015813162,18.504750802514884,12.5366346320389,1.0661436050512711,0.07492658838382239,0.35360727303975525,0.051498989774954096,0.2630450099330857,14.850830626573378,17.564504377942683,5.519311824122125,True,,,,
synthetic-inprior,inprior_0238,DNN spectrum n20,20,20,False,0.1322914999909699,48.26393737180734,48.26393737180734,0,0.0,,2.7777777923462943,6.070588924881079,0.6656182188282336,3.5417314584815918,0.2630450099330857,0.2630450099330857,14.850830626573378,17.564504377942683,5.519311824122125,True,,,,
synthetic-inprior,inprior_0238,DNN classifier n50,50,50,False,0.14918249999755062,41.59982220639684,41.59982220639684,0,1.2268000691806037e-06,24.499999999969372,1.000002471671028,6.126076954869726,0.8895071718630745,3.681603310467094,0.2630437831330165,0.2630450099330857,14.850830626573378,17.564504377942683,5.519311824122125,True,,,,
synthetic-inprior,inprior_0238,PFF ensemble,200,6,False,0.7504837999877054,31.70131402290877,31.70131402290877,0,0.1599152654083729,15.109022453938282,10.684087978641317,2.019573633564599,0.11973402958995273,0.5769114772630289,0.10312974452471282,0.2630450099330857,14.850830626573378,17.564504377942683,5.519311824122125,True,14.827085494995117,2.7374188829475656,3.4344544410705566,True
synthetic-inprior,inprior_0238,TSVD_NN,100,7,True,0.08056480000959709,30.176731802111043,30.176731802111043,0,0.24790201501331594,19.303883557401058,8.472484976342226,2.229178366920937,0.29356754237091964,2.534136718807929,0.015142994919769781,0.2630450099330857,14.850830626573378,17.564504377942683,5.519311824122125,True,,,,
synthetic-inprior,inprior_0238,truth (reference),200,6,False,0.0,30.62013918525323,30.62013918525323,0,0.2630450099330857,17.115461478931525,14.850830626573378,0.0,0.0,0.0,0.0,0.2630450099330857,14.850830626573378,17.564504377942683,,True,,,,
synthetic-inprior,inprior_0239,CNN n50,50,50,False,0.12866000000212807,30.34589509443983,30.34589509443983,0,0.31929894624722843,20.533052452238152,16.765988231775605,2.1395254724337174,0.2176486354087309,1.6186909318620446,0.03404700641647068,0.28525193983075775,11.818930319980895,18.905143500208723,18.125242619604286,True,,,,
synthetic-inprior,inprior_0239,DNN spectrum n20,20,20,False,0.14101350000419188,49.706056966341365,49.706056966341365,0,0.0,,2.7777777785059627,5.939418256356308,0.5825880088521407,3.069565312463398,0.28525193983075775,0.28525193983075775,11.818930319980895,18.905143500208723,18.125242619604286,True,,,,
synthetic-inprior,inprior_0239,DNN classifier n50,50,50,False,0.16303979999793228,43.11219687838347,43.11219687838347,0,1.2268000691806037e-06,24.499999999969372,1.000002471671028,6.1042542816633985,0.8674096976931933,3.2395882420817874,0.28525071303068855,0.28525193983075775,11.818930319980895,18.905143500208723,18.125242619604286,True,,,,
synthetic-inprior,inprior_0239,PFF ensemble,200,6,False,0.7493329999997513,32.3721366785157,32.3721366785157,0,0.163706124348232,14.978013578966626,10.386314027445037,2.003875407721444,0.16296514874627444,0.5741641185668872,0.12154581548252574,0.28525193983075775,11.818930319980895,18.905143500208723,18.125242619604286,True,15.63401985168457,3.271123648524153,3.4276647567749023,True
synthetic-inprior,inprior_0239,TSVD_NN,100,7,True,0.5009178999898722,29.89028493305908,29.89028493305908,0,0.20024733580078952,24.61421287753555,3.1132072929482937,4.1366036983571295,0.7492907151184284,3.0626878845313645,0.08500460402996823,0.28525193983075775,11.818930319980895,18.905143500208723,18.125242619604286,True,,,,
synthetic-inprior,inprior_0239,truth (reference),200,6,False,0.0,30.89006864178345,30.89006864178345,0,0.28525193983075775,17.67989499608074,11.818930319980895,0.0,0.0,0.0,0.0,0.28525193983075775,11.818930319980895,18.905143500208723,,True,,,,
synthetic-inprior,inprior_0240,CNN n50,50,50,False,0.14669649999996182,33.91410716759258,33.91410716759258,0,0.20466152635164364,20.33369056235596,11.12543677760395,1.0169697440912877,0.07549489060694217,0.9495657561860298,0.010513691624332522,0.19414783472731112,11.31542127759389,18.310423860908557,10.477330812592026,True,,,,
synthetic-inprior,inprior_0240,DNN spectrum n20,20,20,False,0.15320539999811444,50.31424922562326,50.31424922562326,0,0.0,,2.777777777781913,4.599869074593937,0.5779666473485571,3.188819272354312,0.19414783472731112,0.19414783472731112,11.31542127759389,18.310423860908557,10.477330812592026,True,,,,
synthetic-inprior,inprior_0240,DNN classifier n50,50,50,False,0.15208400000119582,44.342342093470414,44.342342093470414,0,1.2268000691806037e-06,24.499999999969372,1.000002471671028,4.74342849857749,0.8623430994143225,3.3500066339666987,0.19414660792724195,0.19414783472731112,11.31542127759389,18.310423860908557,10.477330812592026,True,,,,
synthetic-inprior,inprior_0240,PFF ensemble,200,6,False,0.7070651999965776,36.118340001244675,36.118340001244675,0,0.10559681030167845,15.866180278967365,6.64731339314663,1.9443751472140458,0.18374836776661074,1.2428010105810625,0.08855102442563267,0.19414783472731112,11.31542127759389,18.310423860908557,10.477330812592026,True,17.087976455688477,1.2224474052200804,3.455049753189087,True
synthetic-inprior,inprior_0240,TSVD_NN,100,7,True,0.030862999992677942,32.77135488872991,32.77135488872991,0,0.12988976859951348,29.07700103777557,2.4901173977527096,3.8835478285066825,0.562228831261144,2.9372513885363416,0.06425806612779764,0.19414783472731112,11.31542127759389,18.310423860908557,10.477330812592026,True,,,,
synthetic-inprior,inprior_0240,truth (reference),200,6,False,0.0,34.89402012980445,34.89402012980445,0,0.19414783472731112,16.108921544918555,11.31542127759389,0.0,0.0,0.0,0.0,0.19414783472731112,11.31542127759389,18.310423860908557,,True,,,,
synthetic-inprior,inprior_0241,CNN n50,50,50,False,0.1442864999989979,36.61184218126749,36.61184218126749,0,0.2527232403346506,18.712632792434636,14.370297582647382,1.349931904014018,0.11947770367201963,0.456421378843208,0.07312271198694181,0.3258459523215924,15.527801248160447,11.91734456619518,8.456840955560057,True,,,,
synthetic-inprior,inprior_0241,DNN spectrum n20,20,20,False,0.1560038000025088,59.18919960836132,59.18919960836132,0,0.0,,2.7777777777777803,6.241825453700397,0.6933896391630054,3.4697937468059976,0.3258459523215924,0.3258459523215924,15.527801248160447,11.91734456619518,8.456840955560057,True,,,,
synthetic-inprior,inprior_0241,DNN classifier n50,50,50,False,0.16394739999668673,51.77946658032513,51.77946658032513,0,1.2268000691806037e-06,24.499999999969372,1.000002471671028,6.291907096261323,0.9020541733447848,3.61056230255954,0.3258447255215232,0.3258459523215924,15.527801248160447,11.91734456619518,8.456840955560057,True,,,,
synthetic-inprior,inprior_0241,PFF ensemble,200,6,False,0.7283387000061339,38.28603088672806,38.28603088672806,0,0.19723669019144968,15.630654452840984,11.97490582788646,1.5563552593087215,0.15299952548548224,0.28653617053934866,0.12860926213014273,0.3258459523215924,15.527801248160447,11.91734456619518,8.456840955560057,True,15.549345016479492,3.6320004502843126,3.4236538410186768,False
synthetic-inprior,inprior_0241,TSVD_NN,100,7,True,0.032458200003020465,34.77444674974791,34.77444674974791,0,0.2369082938470839,32.11180180935391,8.92927739030466,6.015230026541536,0.5837482078720578,3.0379795715393922,0.08893765847450852,0.3258459523215924,15.527801248160447,11.91734456619518,8.456840955560057,True,,,,
synthetic-inprior,inprior_0241,truth (reference),200,6,False,0.0,37.39342181090676,37.39342181090676,0,0.3258459523215924,14.939386385804378,15.527801248160447,0.0,0.0,0.0,0.0,0.3258459523215924,15.527801248160447,11.91734456619518,,True,,,,
synthetic-inprior,inprior_0242,CNN n50,50,50,False,0.13431090000085533,30.73494223542134,30.73494223542134,0,0.09929969679758391,17.602217754921476,8.746096164258299,0.5919980266745661,0.05011446939835356,0.7851788822322802,0.02353577253505254,0.12283546933263645,9.573139047009992,13.520586044388658,0.0,False,,,,
synthetic-inprior,inprior_0242,DNN spectrum n20,20,20,False,0.1514980999927502,45.113723869708565,45.113723869708565,0,0.0,,2.7777777780277315,3.485437813373391,0.5331047245787346,3.0653983430868834,0.12283546933263645,0.12283546933263645,9.573139047009992,13.520586044388658,0.0,False,,,,
synthetic-inprior,inprior_0242,DNN classifier n50,50,50,False,0.1278600999939954,39.02368574361799,39.02368574361799,0,1.2268000691806037e-06,24.499999999969372,1.000002471671028,3.6637181671863663,0.8466228182834307,3.2355352761522487,0.12283424253256726,0.12283546933263645,9.573139047009992,13.520586044388658,0.0,False,,,,
synthetic-inprior,inprior_0242,PFF ensemble,200,6,False,0.7006756999908248,31.65034832089378,31.65034832089378,0,0.09895386483321697,14.157380765718449,6.712286851388731,1.033914230703216,0.15004682139444026,1.1358975018391269,0.02388160449941948,0.12283546933263645,9.573139047009992,13.520586044388658,0.0,False,,,,
synthetic-inprior,inprior_0242,TSVD_NN,100,7,True,0.01531609999074135,30.040387259790073,30.040387259790073,0,0.0915650172473268,26.408167999302837,3.7028945947754837,2.2312553923146226,0.6240139685651175,2.8434540232201306,0.03127045208530965,0.12283546933263645,9.573139047009992,13.520586044388658,0.0,False,,,,
synthetic-inprior,inprior_0242,truth (reference),200,6,False,0.0,30.931376018159522,30.931376018159522,0,0.12283546933263645,14.777721576581795,9.573139047009992,0.0,0.0,0.0,0.0,0.12283546933263645,9.573139047009992,13.520586044388658,,False,,,,
synthetic-inprior,inprior_0243,CNN n50,50,50,False,0.15979750000406057,30.608273511493447,30.608273511493447,0,0.19410400438820694,18.12272449754854,11.855438213217978,1.841964746387891,0.30819369701574395,1.0133012781848927,0.07985223508302777,0.2739562394712347,7.594769508339387,11.80554634108857,24.82630668131837,True,,,,
synthetic-inprior,inprior_0243,DNN spectrum n20,20,20,False,0.15654389999690466,36.60027177668995,36.60027177668995,0,8.466796830070947e-26,16.3,3.2896382993759072,3.546938180271125,0.7641381629068816,3.487710604393871,0.2739562394712347,0.2739562394712347,7.594769508339387,11.80554634108857,24.82630668131837,True,,,,
synthetic-inprior,inprior_0243,DNN classifier n50,50,50,False,0.15180840001266915,42.50018739424321,42.50018739424321,0,1.2268000691806037e-06,24.499999999969372,1.000002471671028,4.39767786834884,0.850081597229336,4.073975305153901,0.2739550126711655,0.2739562394712347,7.594769508339387,11.80554634108857,24.82630668131837,True,,,,
synthetic-inprior,inprior_0243,PFF ensemble,200,6,False,0.7663699000113411,31.871057138957553,31.871057138957553,0,0.1558635736660388,14.759933104335111,9.996139515743819,1.2539441652450152,0.2748953502933634,0.9710008313005074,0.1180926658051959,0.2739562394712347,7.594769508339387,11.80554634108857,24.82630668131837,True,15.307347297668457,3.5018009565798867,3.4079787731170654,False
synthetic-inprior,inprior_0243,TSVD_NN,100,7,True,0.1887089000083506,29.78065565816654,29.78065565816654,0,0.16593354938772453,25.4202759400221,5.149200552220027,3.735468888002151,0.4998866614935926,3.0681429727607705,0.10802269008351018,0.2739562394712347,7.594769508339387,11.80554634108857,24.82630668131837,True,,,,
synthetic-inprior,inprior_0243,truth (reference),200,6,False,0.0,31.7833948043785,31.7833948043785,0,0.2739562394712347,12.439846512324168,7.594769508339387,0.0,0.0,0.0,0.0,0.2739562394712347,7.594769508339387,11.80554634108857,,True,,,,
synthetic-inprior,inprior_0244,CNN n50,50,50,False,0.14204269999754615,28.646416638161224,28.646416638161224,0,0.3566951642815215,19.245567401765104,19.159274146597475,0.9737335510053099,0.0538124454493367,0.184203928602448,0.03880101827500887,0.3178941460065126,17.32614216433315,18.5367703153849,12.04745376830607,True,,,,
synthetic-inprior,inprior_0244,DNN spectrum n20,20,20,False,0.17145189999428112,47.532260347270615,47.532260347270615,0,0.0,,2.77778124981055,7.23089445044307,0.7061104294382096,3.6728136810620446,0.3178941460065126,0.3178941460065126,17.32614216433315,18.5367703153849,12.04745376830607,True,,,,
synthetic-inprior,inprior_0244,DNN classifier n50,50,50,False,0.17028429999481887,40.78620331711051,40.78620331711051,0,1.2268000691806037e-06,24.499999999969372,1.000002471671028,7.251444277619066,0.9027923927907262,3.8047508095688682,0.3178929192064434,0.3178941460065126,17.32614216433315,18.5367703153849,12.04745376830607,True,,,,
synthetic-inprior,inprior_0244,PFF ensemble,200,6,False,0.7836902999988524,30.107428599359626,30.107428599359626,0,0.17743105581876978,15.321821229450137,11.2845431255098,2.8880498722472376,0.15461706959863003,0.6792384324094307,0.14046309018774283,0.3178941460065126,17.32614216433315,18.5367703153849,12.04745376830607,True,14.899652481079102,3.6371178343057977,3.4327211380004883,False
synthetic-inprior,inprior_0244,TSVD_NN,100,7,True,0.07572829999844544,28.156288680602582,28.156288680602582,0,0.19763371215500888,25.36788306195677,3.060123633613855,3.749466375273459,0.7787848273646371,3.6331786801503627,0.12026043385150373,0.3178941460065126,17.32614216433315,18.5367703153849,12.04745376830607,True,,,,
synthetic-inprior,inprior_0244,truth (reference),200,6,False,0.0,28.799334393687328,28.799334393687328,0,0.3178941460065126,18.15461045276703,17.32614216433315,0.0,0.0,0.0,0.0,0.3178941460065126,17.32614216433315,18.5367703153849,,True,,,,
synthetic-inprior,inprior_0245,CNN n50,50,50,False,0.14876680000452325,28.88943804576789,28.88943804576789,0,0.2673734649072404,23.628507722584704,13.486084007405234,3.0989266989033792,0.2334484194941555,0.21843420691963106,0.19329876873417384,0.46067223364141424,24.735133134260952,13.014301933117263,10.460447795249479,True,,,,
synthetic-inprior,inprior_0245,DNN spectrum n20,20,20,False,0.14970460000040475,51.91165981402382,51.91165981402382,0,0.0,,2.7777779399019966,10.415953469496143,0.791544622886309,3.9009926185528405,0.46067223364141424,0.46067223364141424,24.735133134260952,13.014301933117263,10.460447795249479,True,,,,
synthetic-inprior,inprior_0245,DNN classifier n50,50,50,False,0.12738950000493787,44.59468981803673,44.59468981803673,0,1.2268000691806037e-06,24.499999999969372,1.000002471671028,10.369669471036014,0.9313102544516377,4.017651368884577,0.46067100684134504,0.46067223364141424,24.735133134260952,13.014301933117263,10.460447795249479,True,,,,
synthetic-inprior,inprior_0245,PFF ensemble,200,6,False,0.7934661999897799,29.47111727388931,29.47111727388931,0,0.3513262164740522,18.7003426167929,18.936206888879948,2.463409355619061,0.10994087401381798,0.23672089113080602,0.10934601716736203,0.46067223364141424,24.735133134260952,13.014301933117263,10.460447795249479,True,15.280092239379883,2.2657903062626197,3.4075124263763428,True
synthetic-inprior,inprior_0245,TSVD_NN,100,7,True,0.02904320000379812,28.233536431600395,28.233536431600395,0,0.5146004730132435,20.653013019097486,3.4887325726762386,4.360609484855649,0.7830232832415875,3.7638711808726497,0.05392823937182928,0.46067223364141424,24.735133134260952,13.014301933117263,10.460447795249479,True,,,,
synthetic-inprior,inprior_0245,truth (reference),200,6,False,0.0,28.87205231940286,28.87205231940286,0,0.46067223364141424,20.30807909854703,24.735133134260952,0.0,0.0,0.0,0.0,0.46067223364141424,24.735133134260952,13.014301933117263,,True,,,,
synthetic-inprior,inprior_0246,CNN n50,50,50,False,0.18573969999852125,31.590342473214445,31.590342473214445,0,0.07906702877609609,17.987554959363198,7.702185796284704,0.6130762490435699,0.08001584988180993,1.1648381453872627,0.009165103736729768,0.08823213251282586,6.836829023436925,15.231781975033464,7.754062616389351,True,,,,
synthetic-inprior,inprior_0246,DNN spectrum n20,20,20,False,0.18779899999208283,43.44982214238466,43.44982214238466,0,0.0,,2.7777777777778345,2.4148495924059414,0.4082750376260004,2.9515733465402536,0.08823213251282586,0.08823213251282586,6.836829023436925,15.231781975033464,7.754062616389351,True,,,,
synthetic-inprior,inprior_0246,DNN classifier n50,50,50,False,0.16789450000214856,37.87384423699831,37.87384423699831,0,1.2268000691806037e-06,24.499999999969372,1.000002471671028,2.7455626254880396,0.8104944480936456,3.184753095837368,0.08823090571275667,0.08823213251282586,6.836829023436925,15.231781975033464,7.754062616389351,True,,,,
synthetic-inprior,inprior_0246,PFF ensemble,200,6,False,0.79498859999876,32.41626517819666,32.41626517819666,0,0.06570986799649452,14.007084653695806,6.800112495218388,0.22182882958177919,0.03135122681535607,0.1831422618715858,0.02252226451633134,0.08823213251282586,6.836829023436925,15.231781975033464,7.754062616389351,True,15.778973579406738,0.5471916043732747,3.40299391746521,True
synthetic-inprior,inprior_0246,TSVD_NN,100,7,True,0.02857370000856463,30.885915048893086,30.885915048893086,0,0.0849124035013569,23.84898691565542,4.9108038763808235,1.3919822734312717,0.32098891697522086,2.456494613885886,0.003319729011468958,0.08823213251282586,6.836829023436925,15.231781975033464,7.754062616389351,True,,,,
synthetic-inprior,inprior_0246,truth (reference),200,6,False,0.0,32.101315244279405,32.101315244279405,0,0.08823213251282586,14.25844343800907,6.836829023436925,0.0,0.0,0.0,0.0,0.08823213251282586,6.836829023436925,15.231781975033464,,True,,,,
synthetic-inprior,inprior_0247,CNN n50,50,50,False,0.1581657000060659,27.943263486713185,27.943263486713185,0,0.31794172897274386,19.37890252990683,16.024586601783238,0.6332776065457021,0.0689954311880189,0.18971860311879296,0.005404159532269692,0.31253756944047417,17.20978720111447,19.08818040093205,0.0,False,,,,
synthetic-inprior,inprior_0247,DNN spectrum n20,20,20,False,0.14088700000138488,46.92221959651127,46.92221959651127,0,0.0,,2.7777777777777906,7.203436963653917,0.7059828146086855,3.682146187890491,0.31253756944047417,0.31253756944047417,17.20978720111447,19.08818040093205,0.0,False,,,,
synthetic-inprior,inprior_0247,DNN classifier n50,50,50,False,0.1476641000044765,40.329137922150366,40.329137922150366,0,1.2268000691806037e-06,24.499999999969372,1.000002471671028,7.222469338934801,0.9024283452748472,3.8137314040512584,0.312536342640405,0.31253756944047417,17.20978720111447,19.08818040093205,0.0,False,,,,
synthetic-inprior,inprior_0247,PFF ensemble,200,6,False,0.7466542999900412,30.003247452989903,30.003247452989903,0,0.1560702576599408,14.522516365487137,9.382172175867648,3.5820644062777793,0.2128384604991744,1.3667724735665365,0.15646731178053339,0.31253756944047417,17.20978720111447,19.08818040093205,0.0,False,,,,
synthetic-inprior,inprior_0247,TSVD_NN,100,7,True,0.023257299995748326,27.619382656939102,27.619382656939102,0,0.6783517200896205,15.266745036684096,5.49067779007534,4.246192169707692,0.7412753433654701,3.427458521618326,0.36581415064914635,0.31253756944047417,17.20978720111447,19.08818040093205,0.0,False,,,,
synthetic-inprior,inprior_0247,truth (reference),200,6,False,0.0,28.04512408719946,28.04512408719946,0,0.31253756944047417,18.262143726095335,17.20978720111447,0.0,0.0,0.0,0.0,0.31253756944047417,17.20978720111447,19.08818040093205,,False,,,,
synthetic-inprior,inprior_0248,CNN n50,50,50,False,0.16134859999874607,29.994726178360718,29.994726178360718,0,0.057467050497518185,18.356508083949638,6.156442932222098,0.9021589322538078,0.11385130379273903,1.0676741333470623,0.023783270202706958,0.08125032070022514,8.00929037978754,18.85928619152482,0.0,False,,,,
synthetic-inprior,inprior_0248,DNN spectrum n20,20,20,False,0.16976380000414792,39.89231663452338,39.89231663452338,0,0.0,,2.777778871869514,2.704495938933451,0.4709240294016772,2.826887931592726,0.08125032070022514,0.08125032070022514,8.00929037978754,18.85928619152482,0.0,False,,,,
synthetic-inprior,inprior_0248,DNN classifier n50,50,50,False,0.13781259999086615,34.748830588472956,34.748830588472956,0,1.2268000691806037e-06,24.499999999969372,1.000002471671028,2.9484531551945308,0.8272867847143015,3.014379636843888,0.08124909390015596,0.08125032070022514,8.00929037978754,18.85928619152482,0.0,False,,,,
synthetic-inprior,inprior_0248,PFF ensemble,200,6,False,0.7664084999996703,30.398306530625515,30.398306530625515,0,0.0667217668510077,13.634635987980076,6.517685407175582,0.5875743572719088,0.08439935681768623,0.6428413834627423,0.014528553849217446,0.08125032070022514,8.00929037978754,18.85928619152482,0.0,False,,,,
synthetic-inprior,inprior_0248,TSVD_NN,100,7,True,0.04569169999740552,29.69814945338028,29.69814945338028,0,0.05118605416273525,26.386234916058815,5.791255371956317,1.4388536981445639,0.16664584020409587,2.0959781227039476,0.030064266537489892,0.08125032070022514,8.00929037978754,18.85928619152482,0.0,False,,,,
synthetic-inprior,inprior_0248,truth (reference),200,6,False,0.0,30.119369031916104,30.119369031916104,0,0.08125032070022514,14.002929948642242,8.00929037978754,0.0,0.0,0.0,0.0,0.08125032070022514,8.00929037978754,18.85928619152482,,False,,,,
synthetic-inprior,inprior_0249,CNN n50,50,50,False,0.1579656999965664,35.96401823365988,35.96401823365988,0,0.1904709742603689,19.732741968358983,11.399704016813262,2.336649834670192,0.26782353187864855,1.3903232845188982,0.055021315933173,0.1354496583271959,6.291938640420416,17.460558136002344,22.532715173139614,True,,,,
synthetic-inprior,inprior_0249,DNN spectrum n20,20,20,False,0.16312189999734983,53.73845542364636,53.73845542364636,0,0.0,,2.7777777777777772,2.974614171596252,0.37862806576429703,3.278456932896454,0.1354496583271959,0.1354496583271959,6.291938640420416,17.460558136002344,22.532715173139614,True,,,,
synthetic-inprior,inprior_0249,DNN classifier n50,50,50,False,0.1665084999985993,47.31278917274408,47.31278917274408,0,1.2268000691806037e-06,24.499999999969372,1.000002471671028,3.3697037680846504,0.8056058177288642,3.5442982537608327,0.13544843152712674,0.1354496583271959,6.291938640420416,17.460558136002344,22.532715173139614,True,,,,
synthetic-inprior,inprior_0249,PFF ensemble,200,6,False,0.7571409000083804,38.80988908495977,38.80988908495977,0,0.09827069458333806,14.288343816156951,7.253469222067163,0.8003022187702984,0.13046492590799452,0.6438626626129194,0.037178963743857846,0.1354496583271959,6.291938640420416,17.460558136002344,22.532715173139614,True,15.258537292480469,2.2020208435218755,3.672372579574585,True
synthetic-inprior,inprior_0249,TSVD_NN,100,7,True,0.04614930000388995,34.8774983500456,34.8774983500456,0,0.07077378045447703,47.72318184705967,3.3050319344161676,3.82180215795033,0.6134785458859345,3.0810761034942553,0.06467587787271888,0.1354496583271959,6.291938640420416,17.460558136002344,22.532715173139614,True,,,,
synthetic-inprior,inprior_0249,truth (reference),200,6,False,0.0,37.58073942217901,37.58073942217901,0,0.1354496583271959,16.82945305437933,6.291938640420416,0.0,0.0,0.0,0.0,0.1354496583271959,6.291938640420416,17.460558136002344,,True,,,,
synthetic-inprior,inprior_0250,CNN n50,50,50,False,0.17901760000677314,30.412345556945027,30.412345556945027,0,0.4053591361499411,20.767718817949028,21.75251742809447,4.858280594206478,0.41370697535628154,1.2722212186460875,0.19420385998191964,0.2111552761680215,7.220436694252648,20.712539074558613,25.314181594258514,True,,,,
synthetic-inprior,inprior_0250,DNN spectrum n20,20,20,False,0.18473470000026282,53.49007020102705,53.49007020102705,0,0.0,,2.7777777777777772,4.715672378168858,0.4278210020643368,3.5333299862920846,0.2111552761680215,0.2111552761680215,7.220436694252648,20.712539074558613,25.314181594258514,True,,,,
synthetic-inprior,inprior_0250,DNN classifier n50,50,50,False,0.16833600000245497,46.05338639465142,46.05338639465142,0,1.2268000691806037e-06,24.499999999969372,1.000002471671028,5.071866624690191,0.8228584920583273,3.776172542108123,0.21115404936795232,0.2111552761680215,7.220436694252648,20.712539074558613,25.314181594258514,True,,,,
synthetic-inprior,inprior_0250,PFF ensemble,200,6,False,0.8048969000083162,32.953370374186,32.953370374186,0,0.1981582714546202,15.5394318141981,11.881651689042558,2.110073891507819,0.31356424046398373,1.0132213758521944,0.012997004713401289,0.2111552761680215,7.220436694252648,20.712539074558613,25.314181594258514,True,15.674200057983398,5.038339016575215,3.395881414413452,False
synthetic-inprior,inprior_0250,TSVD_NN,100,7,True,0.018916100001661107,30.167556914024214,30.167556914024214,0,0.20202911372493784,33.3084015746495,5.177816599975977,5.276417972198622,0.8155247507803088,3.359829702373018,0.009126162443083646,0.2111552761680215,7.220436694252648,20.712539074558613,25.314181594258514,True,,,,
synthetic-inprior,inprior_0250,truth (reference),200,6,False,0.0,31.66696664358072,31.66696664358072,0,0.2111552761680215,20.007842171056524,7.220436694252648,0.0,0.0,0.0,0.0,0.2111552761680215,7.220436694252648,20.712539074558613,,True,,,,
synthetic-inprior,inprior_0251,CNN n50,50,50,False,0.16434170000138693,31.79775321726858,31.79775321726858,0,0.1868249114173345,19.108696366153552,8.758964651117815,2.5349451514977934,0.2749414289312002,1.60198237976656,0.18037217301547118,0.3671970844328057,8.825871098614376,14.817931443788916,16.498452567032036,True,,,,
synthetic-inprior,inprior_0251,DNN spectrum n20,20,20,False,0.13830089999828488,35.3763633399208,35.3763633399208,0,2.065003419563355e-33,23.700000000000003,2.81340317664484,5.2192330324919585,0.9410028975860064,3.1881233738225,0.3671970844328057,0.3671970844328057,8.825871098614376,14.817931443788916,16.498452567032036,True,,,,
synthetic-inprior,inprior_0251,DNN classifier n50,50,50,False,0.13038180000148714,43.688553173247215,43.688553173247215,0,1.2268000691806037e-06,24.499999999969372,1.000002471671028,5.761704249487816,0.8578676122463799,3.615577906127653,0.3671958576327365,0.3671970844328057,8.825871098614376,14.817931443788916,16.498452567032036,True,,,,
synthetic-inprior,inprior_0251,PFF ensemble,200,6,False,0.7266245999926468,33.3519362894975,33.3519362894975,0,0.1470123270529963,14.779413874595006,8.822412278108326,2.1503541046255994,0.2583275601125216,0.9987129295974306,0.2201847573798094,0.3671970844328057,8.825871098614376,14.817931443788916,16.498452567032036,True,15.747200012207031,0.9292685684181148,3.3982787132263184,True
synthetic-inprior,inprior_0251,TSVD_NN,100,7,True,0.021851999990758486,31.044012728439892,31.044012728439892,0,0.44290781510025473,16.024681052276915,2.799067458885466,2.376278646991424,0.5656939524077499,3.173961807712073,0.07571073066744904,0.3671970844328057,8.825871098614376,14.817931443788916,16.498452567032036,True,,,,
synthetic-inprior,inprior_0251,truth (reference),200,6,False,0.0,31.745185043100626,31.745185043100626,0,0.3671970844328057,14.731752039362286,8.825871098614376,0.0,0.0,0.0,0.0,0.3671970844328057,8.825871098614376,14.817931443788916,,True,,,,
synthetic-inprior,inprior_0252,CNN n50,50,50,False,0.15849610000441317,29.40440103373987,29.40440103373987,0,0.08630749376068583,18.471793271296196,7.9213990391927,0.44963151009167235,0.027956566973239082,1.1418129154286918,0.00597192474868824,0.08033556901199759,7.973699740933528,15.654956597364604,0.0,False,,,,
synthetic-inprior,inprior_0252,DNN spectrum n20,20,20,False,0.14182439999422058,41.96666238417675,41.96666238417675,0,0.0,,2.7793480731110254,2.6859462437958905,0.4690728596730997,2.729095093067385,0.08033556901199759,0.08033556901199759,7.973699740933528,15.654956597364604,0.0,False,,,,
synthetic-inprior,inprior_0252,DNN classifier n50,50,50,False,0.12666929999249987,35.93126235850496,35.93126235850496,0,1.2268000691806037e-06,24.499999999969372,1.000002471671028,2.932426863103416,0.8267980081268855,3.0394401253007395,0.08033434221192841,0.08033556901199759,7.973699740933528,15.654956597364604,0.0,False,,,,
synthetic-inprior,inprior_0252,PFF ensemble,200,6,False,0.6864271000085864,30.31127659198995,30.31127659198995,0,0.07605050957317414,13.79183964629579,7.063962337343178,0.3403014734629706,0.05624849547357937,0.44860138627041535,0.0042850594388234575,0.08033556901199759,7.973699740933528,15.654956597364604,0.0,False,,,,
synthetic-inprior,inprior_0252,TSVD_NN,100,7,True,1.1057847000047332,28.925175098466568,28.925175098466568,0,0.03584383288070463,37.645295990223914,5.518043540416277,1.8118126431920956,0.29794967659235805,2.5479588259288537,0.04449173613129296,0.08033556901199759,7.973699740933528,15.654956597364604,0.0,False,,,,
synthetic-inprior,inprior_0252,truth (reference),200,6,False,0.0,30.102330216136824,30.102330216136824,0,0.08033556901199759,13.985210168471548,7.973699740933528,0.0,0.0,0.0,0.0,0.08033556901199759,7.973699740933528,15.654956597364604,,False,,,,
synthetic-inprior,inprior_0253,CNN n50,50,50,False,0.14308259999961592,27.944215574857065,27.944215574857065,0,0.2489043167055351,19.646256279033267,12.698014467593913,2.398812985774355,0.11245897027725418,0.9224747305104717,0.11153817034708405,0.13736614635845104,10.108661332026278,14.287253481116128,0.0,False,,,,
synthetic-inprior,inprior_0253,DNN spectrum n20,20,20,False,0.15884979999100324,44.561049267013544,44.561049267013544,0,0.0,,2.7777777985445646,3.752376467917437,0.5512983214572108,3.1356701770969235,0.13736614635845104,0.13736614635845104,10.108661332026278,14.287253481116128,0.0,False,,,,
synthetic-inprior,inprior_0253,DNN classifier n50,50,50,False,0.17680570000084117,38.57896023840427,38.57896023840427,0,1.2268000691806037e-06,24.499999999969372,1.000002471671028,3.9124131805296685,0.8523764005755411,3.3010717822040325,0.13736491955838187,0.13736614635845104,10.108661332026278,14.287253481116128,0.0,False,,,,
synthetic-inprior,inprior_0253,PFF ensemble,200,6,False,0.7384387000056449,29.38249305081681,29.38249305081681,0,0.12348021609922946,14.428194503319217,8.867091962346034,0.49620968534008847,0.0614883096882912,0.4901728611184487,0.01388593025922158,0.13736614635845104,10.108661332026278,14.287253481116128,0.0,False,,,,
synthetic-inprior,inprior_0253,TSVD_NN,100,7,True,0.021058099999208935,27.49383476318515,27.49383476318515,0,0.32024750103895555,15.209932601280887,2.046150486902092,2.879375395674419,0.7582122997183576,3.1115674706808414,0.1828813546805045,0.13736614635845104,10.108661332026278,14.287253481116128,0.0,False,,,,
synthetic-inprior,inprior_0253,truth (reference),200,6,False,0.0,29.038907928995283,29.038907928995283,0,0.13736614635845104,15.040560990600051,10.108661332026278,0.0,0.0,0.0,0.0,0.13736614635845104,10.108661332026278,14.287253481116128,,False,,,,
synthetic-inprior,inprior_0254,CNN n50,50,50,False,0.1430460999981733,31.244530671564362,31.244530671564362,0,0.02879293098206518,19.09214973593274,5.153559180801996,0.25503117729541475,0.022100079609526913,0.9140998639327237,0.0087746616847915,0.02001826929727368,5.178657623494219,13.116331754137574,0.0,False,,,,
synthetic-inprior,inprior_0254,DNN spectrum n20,20,20,False,0.17405899999721441,39.08305033728406,39.08305033728406,0,0.0,,2.7777777845886313,1.2893286643523494,0.30933422547517114,2.796779357859397,0.02001826929727368,0.02001826929727368,5.178657623494219,13.116331754137574,0.0,False,,,,
synthetic-inprior,inprior_0254,DNN classifier n50,50,50,False,0.15199840000423137,34.56834630175372,34.56834630175372,0,1.2268000691806037e-06,24.499999999969372,1.000002471671028,1.7366902532586557,0.7810822501702589,3.091114192004476,0.0200170424972045,0.02001826929727368,5.178657623494219,13.116331754137574,0.0,False,,,,
synthetic-inprior,inprior_0254,PFF ensemble,200,6,False,0.6249826999992365,31.57162487335282,31.57162487335282,0,0.04056499878535063,13.070761490087369,5.594966271783822,0.3064258688328583,0.02865324628834557,0.2325937421347485,0.02054672948807695,0.02001826929727368,5.178657623494219,13.116331754137574,0.0,False,,,,
synthetic-inprior,inprior_0254,TSVD_NN,100,7,True,0.023818699992261827,30.303344577379907,30.303344577379907,0,0.01915128129970599,48.363569422261534,3.996427160611007,1.2662236383057754,0.12063374890267596,2.387123126211809,0.0008669879975676913,0.02001826929727368,5.178657623494219,13.116331754137574,0.0,False,,,,
synthetic-inprior,inprior_0254,truth (reference),200,6,False,0.0,32.08696434597411,32.08696434597411,0,0.02001826929727368,12.589322404972819,5.178657623494219,0.0,0.0,0.0,0.0,0.02001826929727368,5.178657623494219,13.116331754137574,,False,,,,
synthetic-inprior,inprior_0255,CNN n50,50,50,False,0.1527837999892654,27.853356383807142,27.853356383807142,0,0.46881858599032455,23.811118716026275,24.157524892881913,2.8297845733532307,0.15572066610799506,0.24912365147344873,0.0718725236396307,0.39694606235069385,21.572634682708564,10.191895223508805,11.00030946286617,True,,,,
synthetic-inprior,inprior_0255,DNN spectrum n20,20,20,False,0.13360679999459535,52.66424445663952,52.66424445663952,0,0.0,,2.7777777777916115,9.141508981455754,0.7605513137239235,3.8331035666392723,0.39694606235069385,0.39694606235069385,21.572634682708564,10.191895223508805,11.00030946286617,True,,,,
synthetic-inprior,inprior_0255,DNN classifier n50,50,50,False,0.1193483999959426,45.20085884398059,45.20085884398059,0,1.2268000691806037e-06,24.499999999969372,1.000002471671028,9.117116573753567,0.920685137953092,3.954930676427808,0.39694483555062465,0.39694606235069385,21.572634682708564,10.191895223508805,11.00030946286617,True,,,,
synthetic-inprior,inprior_0255,PFF ensemble,200,6,False,0.742035000002943,28.48360426307058,28.48360426307058,0,0.4325470588577547,20.481717438120658,23.571464858772423,0.8705022948819999,0.039744143288323604,0.0763078299840467,0.035600996507060834,0.39694606235069385,21.572634682708564,10.191895223508805,11.00030946286617,True,15.241662979125977,5.049767755617172,3.4041435718536377,False
synthetic-inprior,inprior_0255,TSVD_NN,100,7,True,0.0873208999983035,27.38450030218049,27.38450030218049,0,0.2422614553600027,31.137261863161566,6.003413405548947,4.734446096250226,0.6418358796942959,3.54903682933067,0.15468460699069114,0.39694606235069385,21.572634682708564,10.191895223508805,11.00030946286617,True,,,,
synthetic-inprior,inprior_0255,truth (reference),200,6,False,0.0,28.782823162741167,28.782823162741167,0,0.39694606235069385,19.778794142159526,21.572634682708564,0.0,0.0,0.0,0.0,0.39694606235069385,21.572634682708564,10.191895223508805,,True,,,,
synthetic-inprior,inprior_0256,CNN n50,50,50,False,0.14059670000278857,30.256172011172612,30.256172011172612,0,0.16253325180480255,17.781090379538185,9.965641682946774,4.352132345952933,0.25549654752027884,0.4503713224040258,0.2160149653095722,0.37854821711437475,20.504865169750268,10.714372564333656,10.259312398008955,True,,,,
synthetic-inprior,inprior_0256,DNN spectrum n20,20,20,False,0.12646619998849928,50.11733842732152,50.11733842732152,0,0.0,,2.7777777777777968,8.671830847809286,0.7487830978414969,3.801454027082872,0.37854821711437475,0.37854821711437475,20.504865169750268,10.714372564333656,10.259312398008955,True,,,,
synthetic-inprior,inprior_0256,DNN classifier n50,50,50,False,0.13946520000172313,43.009476540638495,43.009476540638495,0,1.2268000691806037e-06,24.499999999969372,1.000002471671028,8.656812460755354,0.9167598728297159,3.9253816620709134,0.37854699031430555,0.37854821711437475,20.504865169750268,10.714372564333656,10.259312398008955,True,,,,
synthetic-inprior,inprior_0256,PFF ensemble,200,6,False,0.720038300001761,30.97302645748817,30.97302645748817,0,0.1771963103830875,15.156087998104725,10.731893351475945,4.490191213836063,0.23085978050592137,1.107668324554044,0.20135190673128725,0.37854821711437475,20.504865169750268,10.714372564333656,10.259312398008955,True,15.969415664672852,5.255043100339195,3.410548686981201,False
synthetic-inprior,inprior_0256,TSVD_NN,100,7,True,0.08300039998721331,28.437773950607447,28.437773950607447,0,0.3004045638216314,21.276592610669933,9.855866261154313,2.900651865452341,0.44644971041005116,2.9750611162383227,0.07814365329274336,0.37854821711437475,20.504865169750268,10.714372564333656,10.259312398008955,True,,,,
synthetic-inprior,inprior_0256,truth (reference),200,6,False,0.0,28.613506355262295,28.613506355262295,0,0.37854821711437475,19.381021301417363,20.504865169750268,0.0,0.0,0.0,0.0,0.37854821711437475,20.504865169750268,10.714372564333656,,True,,,,
synthetic-inprior,inprior_0257,CNN n50,50,50,False,0.13501510000787675,32.90933405615683,32.90933405615683,0,0.12162676940098922,19.320386646325055,8.408183065181731,1.4430663662103698,0.15886375217672938,1.3422335681764819,0.011191734371520531,0.11043503502946869,5.940952331693644,14.215246649677235,6.29676550382813,True,,,,
synthetic-inprior,inprior_0257,DNN spectrum n20,20,20,False,0.13461979999556206,34.549395675922874,34.549395675922874,0,2.9730905578527382e-27,18.7,2.7788121959287184,4.189188778026254,0.9186732867040992,3.068923502324242,0.11043503502946869,0.11043503502946869,5.940952331693644,14.215246649677235,6.29676550382813,True,,,,
synthetic-inprior,inprior_0257,DNN classifier n50,50,50,False,0.14900309999939054,41.84117880535126,41.84117880535126,0,1.2268000691806037e-06,24.499999999969372,1.000002471671028,2.7073991473717935,0.7995790870771307,3.416631589289591,0.11043380822939951,0.11043503502946869,5.940952331693644,14.215246649677235,6.29676550382813,True,,,,
synthetic-inprior,inprior_0257,PFF ensemble,200,6,False,0.7865864000050351,34.08952906545996,34.08952906545996,0,0.11088017986538895,14.047839673173955,7.363061205174244,0.45101698333098933,0.08543023875800475,0.6106789040967395,0.0004451448359202581,0.11043503502946869,5.940952331693644,14.215246649677235,6.29676550382813,True,14.645466804504395,0.43022015482715936,3.567288398742676,True
synthetic-inprior,inprior_0257,TSVD_NN,100,7,True,0.21518529999593738,32.28109408457029,32.28109408457029,0,0.107370434178099,24.296551041326875,4.31050811016179,3.8073665971380235,0.6047892600434313,2.902479666111288,0.0030646008513696976,0.11043503502946869,5.940952331693644,14.215246649677235,6.29676550382813,True,,,,
synthetic-inprior,inprior_0257,truth (reference),200,6,False,0.0,34.44992101666485,34.44992101666485,0,0.11043503502946869,13.911172726091179,5.940952331693644,0.0,0.0,0.0,0.0,0.11043503502946869,5.940952331693644,14.215246649677235,,True,,,,
synthetic-inprior,inprior_0258,CNN n50,50,50,False,0.1687062999990303,29.692377750382843,29.692377750382843,0,0.10964806603050506,18.77083103789364,7.956056928148257,0.6427737625562666,0.045890532531892424,1.2625505881696595,0.006696960222734777,0.10295110580777028,7.919414610012806,12.62724302003959,12.22416611304046,True,,,,
synthetic-inprior,inprior_0258,DNN spectrum n20,20,20,False,0.15888160000031348,39.30147627717047,39.30147627717047,0,0.0,,2.7777777777777772,2.7704183526167303,0.4616884909441822,2.909973024134547,0.10295110580777028,0.10295110580777028,7.919414610012806,12.62724302003959,12.22416611304046,True,,,,
synthetic-inprior,inprior_0258,DNN classifier n50,50,50,False,0.14830349999829195,34.41941615043595,34.41941615043595,0,1.2268000691806037e-06,24.499999999969372,1.000002471671028,3.0367905875115384,0.8258483322399478,3.117120227990671,0.1029498790077011,0.10295110580777028,7.919414610012806,12.62724302003959,12.22416611304046,True,,,,
synthetic-inprior,inprior_0258,PFF ensemble,200,6,False,0.7244995999935782,30.255227879229956,30.255227879229956,0,0.05583934263570187,13.377183938663263,6.221538216472353,0.83965085281247,0.08803175317312369,0.4566851969157964,0.04711176317206841,0.10295110580777028,7.919414610012806,12.62724302003959,12.22416611304046,True,13.999200820922852,1.371957800883262,3.416712522506714,True
synthetic-inprior,inprior_0258,TSVD_NN,100,7,True,0.01939200000197161,29.439874589655336,29.439874589655336,0,0.020401591484304486,37.790211687409,3.26757826416069,1.6358268165198298,0.40415364277123433,2.3198066743792296,0.0825495143234658,0.10295110580777028,7.919414610012806,12.62724302003959,12.22416611304046,True,,,,
synthetic-inprior,inprior_0258,truth (reference),200,6,False,0.0,29.847052441532508,29.847052441532508,0,0.10295110580777028,13.38852384761743,7.919414610012806,0.0,0.0,0.0,0.0,0.10295110580777028,7.919414610012806,12.62724302003959,,True,,,,
synthetic-inprior,inprior_0259,CNN n50,50,50,False,0.12661280001339037,36.66461085006845,36.66461085006845,0,0.025278249532479428,20.59116584182372,4.1464214033009315,0.8941516817065174,0.10244452139641627,1.2471146415366228,0.02399704471720902,0.0012812048152704082,3.1132108210875153,14.890944272161974,0.0,False,,,,
synthetic-inprior,inprior_0259,DNN spectrum n20,20,20,False,0.15923849999671802,44.75752466603853,44.75752466603853,0,0.0,,2.777781747140039,0.4290804146463126,0.22184590406884108,2.6543720932565495,0.0012812048152704082,0.0012812048152704082,3.1132108210875153,14.890944272161974,0.0,False,,,,
synthetic-inprior,inprior_0259,DNN classifier n50,50,50,False,0.1830809999955818,40.18409782682841,40.18409782682841,0,1.2268000691806037e-06,24.499999999969372,1.000002471671028,1.0290600625510358,0.7501893240091954,3.159322037376249,0.0012799780152012276,0.0012812048152704082,3.1132108210875153,14.890944272161974,0.0,False,,,,
synthetic-inprior,inprior_0259,PFF ensemble,200,6,False,0.7610347000008915,38.02159791913652,38.02159791913652,0,0.016395116387268257,12.79122048595231,4.553537654829225,0.7604955257516802,0.14458274882390224,1.1023636758791282,0.015113911571997849,0.0012812048152704082,3.1132108210875153,14.890944272161974,0.0,False,,,,
synthetic-inprior,inprior_0259,TSVD_NN,100,7,True,0.06802929998957552,34.446260510005615,34.446260510005615,0,0.02424770906586249,48.704178865452214,3.506468962104938,1.1703888826069906,0.10166837637433698,2.203809057462183,0.02296650425059208,0.0012812048152704082,3.1132108210875153,14.890944272161974,0.0,False,,,,
synthetic-inprior,inprior_0259,truth (reference),200,6,False,0.0,42.89963906130073,42.89963906130073,0,0.0012812048152704082,11.556605410435992,3.1132108210875153,0.0,0.0,0.0,0.0,0.0012812048152704082,3.1132108210875153,14.890944272161974,,False,,,,
synthetic-inprior,inprior_0260,CNN n50,50,50,False,0.15152929999749176,28.919121288049578,28.919121288049578,0,0.04752932385689028,17.82275864047903,6.529404524795815,0.44688653831205005,0.049157884065515946,1.0285560313037785,0.02660120371971257,0.07413052757660285,6.737728410644152,11.454353244964778,19.227485019087865,True,,,,
synthetic-inprior,inprior_0260,DNN spectrum n20,20,20,False,0.12837439999566413,37.90679570881767,37.90679570881767,0,0.0,,2.777777777789091,2.169816233804334,0.405087695364446,2.877784555384818,0.07413052757660285,0.07413052757660285,6.737728410644152,11.454353244964778,19.227485019087865,True,,,,
synthetic-inprior,inprior_0260,DNN classifier n50,50,50,False,0.15490009999484755,33.033989560339485,33.033989560339485,0,1.2268000691806037e-06,24.499999999969372,1.000002471671028,2.502741004570443,0.8094002818289567,3.1166893439420633,0.07412930077653367,0.07413052757660285,6.737728410644152,11.454353244964778,19.227485019087865,True,,,,
synthetic-inprior,inprior_0260,PFF ensemble,200,6,False,0.7439679000090109,29.417785873953296,29.417785873953296,0,0.04445786052524017,13.125868237468659,6.002677655907354,0.40867922114725835,0.046777269172382584,0.19651713841276514,0.029672667051362678,0.07413052757660285,6.737728410644152,11.454353244964778,19.227485019087865,True,13.567172050476074,2.1128188055112957,3.412895917892456,True
synthetic-inprior,inprior_0260,TSVD_NN,100,7,True,0.017708900006255135,28.79748581532077,28.79748581532077,0,0.05125687598247533,20.922859433974107,5.198836187380844,1.1725440976479327,0.18554970927943668,2.250085980769277,0.02287365159412752,0.07413052757660285,6.737728410644152,11.454353244964778,19.227485019087865,True,,,,
synthetic-inprior,inprior_0260,truth (reference),200,6,False,0.0,29.141590220995862,29.141590220995862,0,0.07413052757660285,12.432417174057244,6.737728410644152,0.0,0.0,0.0,0.0,0.07413052757660285,6.737728410644152,11.454353244964778,,True,,,,
synthetic-inprior,inprior_0261,CNN n50,50,50,False,0.15124620001006406,31.84477273427927,31.84477273427927,0,0.5726369575738776,29.862676620675963,21.872434285874245,3.3677851679647715,0.2924009513097467,0.2897832625676695,0.04868645010034378,0.6213234076742213,38.31803157466233,17.573353811143292,0.0,False,,,,
synthetic-inprior,inprior_0261,DNN spectrum n20,20,20,False,0.12898570000834297,61.252888249676964,61.252888249676964,0,0.0,,2.7777777777777897,15.971801178255326,0.8703414029638953,4.090774624105272,0.6213234076742213,0.6213234076742213,38.31803157466233,17.573353811143292,0.0,False,,,,
synthetic-inprior,inprior_0261,DNN classifier n50,50,50,False,0.17017870000563562,53.480034523103434,53.480034523103434,0,1.2268000691806037e-06,24.499999999969372,1.000002471671028,15.86164391534233,0.9568016485161345,4.191687553337696,0.6213221808741521,0.6213234076742213,38.31803157466233,17.573353811143292,0.0,False,,,,
synthetic-inprior,inprior_0261,PFF ensemble,200,6,False,0.7560812000010628,32.06761356996302,32.06761356996302,0,0.6546946718071005,25.67231707587193,41.14539323147445,1.1675633378133372,0.03709778056220646,0.04550664116274503,0.033371264132879164,0.6213234076742213,38.31803157466233,17.573353811143292,0.0,False,,,,
synthetic-inprior,inprior_0261,TSVD_NN,100,7,True,0.014455700002145022,31.46581182077333,31.46581182077333,0,0.9999999999999999,25.489169976443083,7.275329067619838,8.899090164218986,0.7990636571574214,3.757098279100268,0.37867659232577855,0.6213234076742213,38.31803157466233,17.573353811143292,0.0,False,,,,
synthetic-inprior,inprior_0261,truth (reference),200,6,False,0.0,32.21781308622084,32.21781308622084,0,0.6213234076742213,24.948929538258998,38.31803157466233,0.0,0.0,0.0,0.0,0.6213234076742213,38.31803157466233,17.573353811143292,,False,,,,
synthetic-inprior,inprior_0262,CNN n50,50,50,False,0.17580579999776091,29.247142447877348,29.247142447877348,0,0.11861323052544233,18.819562476169835,8.46786198418497,1.3336685898454712,0.13017096476357062,0.5757568354339135,0.0567004497694613,0.17531368029490363,11.516794925666478,15.189866295824126,0.0,False,,,,
synthetic-inprior,inprior_0262,DNN spectrum n20,20,20,False,0.15332929999567568,44.871444222091334,44.871444222091334,0,0.0,,2.7777803773770327,4.451997082080025,0.5931940356046264,3.2945870805901762,0.17531368029490363,0.17531368029490363,11.516794925666478,15.189866295824126,0.0,False,,,,
synthetic-inprior,inprior_0262,DNN classifier n50,50,50,False,0.13212289998773485,37.991252381576594,37.991252381576594,0,1.2268000691806037e-06,24.499999999969372,1.000002471671028,4.571496112107178,0.8657557394901585,3.449748604744294,0.17531245349483446,0.17531368029490363,11.516794925666478,15.189866295824126,0.0,False,,,,
synthetic-inprior,inprior_0262,PFF ensemble,200,6,False,0.6533691000076942,30.011584559686167,30.011584559686167,0,0.11498081625492884,14.410102608963893,8.847128787056413,1.2582700757697236,0.09663749819446195,0.6750269697461553,0.06033286403997479,0.17531368029490363,11.516794925666478,15.189866295824126,0.0,False,,,,
synthetic-inprior,inprior_0262,TSVD_NN,100,7,True,0.02983430000313092,28.419704706405103,28.419704706405103,0,0.03575856760124437,49.5,4.224460021367384,3.2998824176260015,0.607434160408974,3.190252973397495,0.13955511269365925,0.17531368029490363,11.516794925666478,15.189866295824126,0.0,False,,,,
synthetic-inprior,inprior_0262,truth (reference),200,6,False,0.0,29.38846235680195,29.38846235680195,0,0.17531368029490363,15.722372890283998,11.516794925666478,0.0,0.0,0.0,0.0,0.17531368029490363,11.516794925666478,15.189866295824126,,False,,,,
synthetic-inprior,inprior_0263,CNN n50,50,50,False,0.13183119999303017,30.156590077204903,30.156590077204903,0,0.11697318640555751,17.6485113239879,9.822106735128179,1.6188417248080837,0.256659224782948,1.1935468360413564,0.011984254703493652,0.12895744110905116,5.998943992302733,16.604758617841593,19.332054908136598,True,,,,
synthetic-inprior,inprior_0263,DNN spectrum n20,20,20,False,0.14473289999295957,45.073404934888636,45.073404934888636,0,0.0,,2.7777777784846154,2.714489453693533,0.36216945245171245,3.3214046836205817,0.12895744110905116,0.12895744110905116,5.998943992302733,16.604758617841593,19.332054908136598,True,,,,
synthetic-inprior,inprior_0263,DNN classifier n50,50,50,False,0.1549074000067776,38.82308837989795,38.82308837989795,0,1.2268000691806037e-06,24.499999999969372,1.000002471671028,3.134094921440128,0.8015231743126694,3.593454689568363,0.128956214308982,0.12895744110905116,5.998943992302733,16.604758617841593,19.332054908136598,True,,,,
synthetic-inprior,inprior_0263,PFF ensemble,200,6,False,0.6848183999973116,31.177785753976355,31.177785753976355,0,0.10522280535642818,14.052836903879998,7.856439028667966,0.8680441451697222,0.15632182897466396,0.7704278692362289,0.023734635752622982,0.12895744110905116,5.998943992302733,16.604758617841593,19.332054908136598,True,14.746271133422852,1.8584874844187418,3.4867568016052246,True
synthetic-inprior,inprior_0263,TSVD_NN,100,7,True,0.4731762000010349,29.010337422704033,29.010337422704033,0,0.09665206887184129,26.091996883766104,4.224379603467268,1.8700203393633028,0.24721333232528508,2.1705361716192324,0.032305372237209876,0.12895744110905116,5.998943992302733,16.604758617841593,19.332054908136598,True,,,,
synthetic-inprior,inprior_0263,truth (reference),200,6,False,0.0,30.543103372839205,30.543103372839205,0,0.12895744110905116,16.024623455125035,5.998943992302733,0.0,0.0,0.0,0.0,0.12895744110905116,5.998943992302733,16.604758617841593,,True,,,,
synthetic-inprior,inprior_0264,CNN n50,50,50,False,0.13999060000060126,31.68413497922876,31.68413497922876,0,0.11515892207622382,17.942326969572374,8.300697413032326,1.4473599350411008,0.23631727015388654,1.1674171028687075,0.033548644890583304,0.14870756696680712,5.191504585699936,14.100904454102684,21.222980607327855,True,,,,
synthetic-inprior,inprior_0264,DNN spectrum n20,20,20,False,0.17111579999618698,33.16084362887159,33.16084362887159,0,3.897325487507494e-27,11.3,2.7778046414489848,4.560563763847421,0.9516395998969123,3.6057939191034585,0.14870756696680712,0.14870756696680712,5.191504585699936,14.100904454102684,21.222980607327855,True,,,,
synthetic-inprior,inprior_0264,DNN classifier n50,50,50,False,0.15420520000043325,39.73780057547925,39.73780057547925,0,1.2268000691806037e-06,24.499999999969372,1.000002471671028,2.9219453823650827,0.7961259902292872,3.7376666029793975,0.14870634016673795,0.14870756696680712,5.191504585699936,14.100904454102684,21.222980607327855,True,,,,
synthetic-inprior,inprior_0264,PFF ensemble,200,6,False,0.7969932999985758,32.44202017875125,32.44202017875125,0,0.10661029338503117,13.708119986493335,7.108858903002775,0.7348032145729155,0.16174148181415673,0.7346882798452694,0.04209727358177595,0.14870756696680712,5.191504585699936,14.100904454102684,21.222980607327855,True,14.05566692352295,0.04523753057973501,3.4505131244659424,True
synthetic-inprior,inprior_0264,TSVD_NN,100,7,True,0.07070959999691695,31.481350419259858,31.481350419259858,0,0.23069606384159794,13.863201955097429,7.267453061498979,1.409801455447242,0.15087337650856045,1.0000625088817858,0.08198849687479082,0.14870756696680712,5.191504585699936,14.100904454102684,21.222980607327855,True,,,,
synthetic-inprior,inprior_0264,truth (reference),200,6,False,0.0,32.1518786355185,32.1518786355185,0,0.14870756696680712,14.003366619300108,5.191504585699936,0.0,0.0,0.0,0.0,0.14870756696680712,5.191504585699936,14.100904454102684,,True,,,,
synthetic-inprior,inprior_0265,CNN n50,50,50,False,0.15268230000219774,26.428533110652236,26.428533110652236,0,0.1367724106871396,16.86416558964271,9.866762320392608,0.7448409211276954,0.04129980671545318,0.9890425872524365,0.024553307964904986,0.11221910272223462,8.993831549856138,11.675356598720787,7.3384911099833765,True,,,,
synthetic-inprior,inprior_0265,DNN spectrum n20,20,20,False,0.15586119999352377,39.705013315783695,39.705013315783695,0,0.0,,2.777777778345936,3.191468360407167,0.5102871252868205,2.9429331521956654,0.11221910272223462,0.11221910272223462,8.993831549856138,11.675356598720787,7.3384911099833765,True,,,,
synthetic-inprior,inprior_0265,DNN classifier n50,50,50,False,0.16850329999579117,33.85957688731589,33.85957688731589,0,1.2268000691806037e-06,24.499999999969372,1.000002471671028,3.3967892535278166,0.8398671004412821,3.121198080808152,0.11221787592216544,0.11221910272223462,8.993831549856138,11.675356598720787,7.3384911099833765,True,,,,
synthetic-inprior,inprior_0265,PFF ensemble,200,6,False,0.6991630000120495,26.674578160335347,26.674578160335347,0,0.11619113840551021,14.362167714110752,8.843913420522286,0.11433052564603285,0.02076465328007565,0.08714230366752668,0.003972035683275588,0.11221910272223462,8.993831549856138,11.675356598720787,7.3384911099833765,True,14.987727165222168,3.3123705665013805,3.592714309692383,True
synthetic-inprior,inprior_0265,TSVD_NN,100,7,True,0.06471740000415593,26.29920591302022,26.29920591302022,0,0.19550994489555293,14.639900655961,7.397598979677441,0.8716354666997141,0.2684227473470879,2.054799833938462,0.08329084217331831,0.11221910272223462,8.993831549856138,11.675356598720787,7.3384911099833765,True,,,,
synthetic-inprior,inprior_0265,truth (reference),200,6,False,0.0,26.727754467664997,26.727754467664997,0,0.11221910272223462,14.082638588097605,8.993831549856138,0.0,0.0,0.0,0.0,0.11221910272223462,8.993831549856138,11.675356598720787,,True,,,,
synthetic-inprior,inprior_0266,CNN n50,50,50,False,0.1545413000130793,29.86853296986422,29.86853296986422,0,0.10940609476078274,18.699027877075522,7.969010742752396,0.9595814109164716,0.09051533184233368,1.220151189051274,0.007223410422184912,0.10218268433859783,9.143832608869706,8.841577112662321,21.710518498340015,True,,,,
synthetic-inprior,inprior_0266,DNN spectrum n20,20,20,False,0.15007849999528844,32.95625270136009,32.95625270136009,0,9.905070502682999e-29,18.699960637238505,2.8127139232172493,2.4142036965872835,0.6954413942468379,2.7103612192605864,0.10218268433859783,0.10218268433859783,9.143832608869706,8.841577112662321,21.710518498340015,True,,,,
synthetic-inprior,inprior_0266,DNN classifier n50,50,50,False,0.1448318000038853,36.729905585133444,36.729905585133444,0,1.2268000691806037e-06,24.499999999969372,1.000002471671028,3.35182690379964,0.843847836362003,3.042909140392194,0.10218145753852864,0.10218268433859783,9.143832608869706,8.841577112662321,21.710518498340015,True,,,,
synthetic-inprior,inprior_0266,PFF ensemble,200,6,False,0.79110450000735,30.870135195476163,30.870135195476163,0,0.08536671839275502,14.28086247648186,6.957913066242496,0.8296706693322417,0.12777095663274238,0.5905395106918444,0.01681596594584281,0.10218268433859783,9.143832608869706,8.841577112662321,21.710518498340015,True,15.447792053222656,6.606214940560335,3.6148104667663574,False
synthetic-inprior,inprior_0266,TSVD_NN,100,7,True,0.016827699990244582,29.391372854623896,29.391372854623896,0,0.06158900348942599,28.565779222573806,4.43605221505924,2.6701271710768206,0.3538558997978824,2.6307213380910572,0.04059368084917184,0.10218268433859783,9.143832608869706,8.841577112662321,21.710518498340015,True,,,,
synthetic-inprior,inprior_0266,truth (reference),200,6,False,0.0,30.76601955847998,30.76601955847998,0,0.10218268433859783,13.434547213236444,9.143832608869706,0.0,0.0,0.0,0.0,0.10218268433859783,9.143832608869706,8.841577112662321,,True,,,,
synthetic-inprior,inprior_0267,CNN n50,50,50,False,0.16163980000419542,30.426452998002663,30.426452998002663,0,0.13240887180516647,18.87787389244119,8.626663562453578,1.2908089359788921,0.17941941876349135,1.2001738438006817,0.00797065907202199,0.14037953087718846,6.318128620414036,17.319276357943775,17.761306921467792,True,,,,
synthetic-inprior,inprior_0267,DNN spectrum n20,20,20,False,0.16054939999594353,43.73269520746814,43.73269520746814,0,0.0,,2.7777777779735713,2.9905419232683332,0.3792622402673016,3.351596283647036,0.14037953087718846,0.14037953087718846,6.318128620414036,17.319276357943775,17.761306921467792,True,,,,
synthetic-inprior,inprior_0267,DNN classifier n50,50,50,False,0.16042970000125933,37.84782636903045,37.84782636903045,0,1.2268000691806037e-06,24.499999999969372,1.000002471671028,3.388423685346604,0.8061720196952074,3.611604619335118,0.1403783040771193,0.14037953087718846,6.318128620414036,17.319276357943775,17.761306921467792,True,,,,
synthetic-inprior,inprior_0267,PFF ensemble,200,6,False,0.7406045999960043,31.62061190253238,31.62061190253238,0,0.09007838240694044,14.331925661052614,6.700352883119555,0.7717744345104194,0.09757538494575287,0.5469281775315171,0.050301148470248025,0.14037953087718846,6.318128620414036,17.319276357943775,17.761306921467792,True,15.273114204406738,2.0461621535370362,3.4497182369232178,True
synthetic-inprior,inprior_0267,TSVD_NN,100,7,True,0.018719599989708513,30.060874107452342,30.060874107452342,0,0.08192421721078481,25.563666617013787,5.249160034495633,1.6577732868943091,0.3049477444771689,2.888296664199342,0.05845531366640365,0.14037953087718846,6.318128620414036,17.319276357943775,17.761306921467792,True,,,,
synthetic-inprior,inprior_0267,truth (reference),200,6,False,0.0,30.690592948920113,30.690592948920113,0,0.14037953087718846,16.525215696171237,6.318128620414036,0.0,0.0,0.0,0.0,0.14037953087718846,6.318128620414036,17.319276357943775,,True,,,,
synthetic-inprior,inprior_0268,CNN n50,50,50,False,0.14643259999866132,29.263646231133976,29.263646231133976,0,0.10505774652982987,17.87831320585939,8.305523455855967,0.4826834057643957,0.05011392952852576,1.2120859913871873,0.011754999864394197,0.11681274639422407,8.178898774213534,14.708241095488285,21.341990867951438,True,,,,
synthetic-inprior,inprior_0268,DNN spectrum n20,20,20,False,0.12570639999466948,43.757974799399356,43.757974799399356,0,0.0,,2.7777777777777786,2.9949489932082396,0.47182024866145905,2.907345283625823,0.11681274639422407,0.11681274639422407,8.178898774213534,14.708241095488285,21.341990867951438,True,,,,
synthetic-inprior,inprior_0268,DNN classifier n50,50,50,False,0.15032610000343993,37.52728625515749,37.52728625515749,0,1.2268000691806037e-06,24.499999999969372,1.000002471671028,3.248739831463877,0.8289942169082747,3.1053480865088954,0.11681151959415488,0.11681274639422407,8.178898774213534,14.708241095488285,21.341990867951438,True,,,,
synthetic-inprior,inprior_0268,PFF ensemble,200,6,False,0.8002869000047212,30.002081901196856,30.002081901196856,0,0.10747402373277964,13.692511250622797,7.843309204399405,0.19815105872913885,0.021724088395743288,0.1257262691726818,0.00933872266144442,0.11681274639422407,8.178898774213534,14.708241095488285,21.341990867951438,True,13.832696914672852,0.8755441808154334,3.437185764312744,True
synthetic-inprior,inprior_0268,TSVD_NN,100,7,True,0.04958359999000095,28.82128264298033,28.82128264298033,0,0.23789703456462946,14.114641940863386,6.305437865522953,2.1310668622556346,0.40884973550028064,2.0632114326220976,0.1210842881704054,0.11681274639422407,8.178898774213534,14.708241095488285,21.341990867951438,True,,,,
synthetic-inprior,inprior_0268,truth (reference),200,6,False,0.0,29.771377642794643,29.771377642794643,0,0.11681274639422407,14.168792711253438,8.178898774213534,0.0,0.0,0.0,0.0,0.11681274639422407,8.178898774213534,14.708241095488285,,True,,,,
synthetic-inprior,inprior_0269,CNN n50,50,50,False,0.18158400000538677,34.2623227178807,34.2623227178807,0,0.004223050952461307,20.107033118627587,3.105572333930818,0.23734988676691043,0.04935761632643303,0.8683605565277762,0.0037264729035042053,0.0004965780489571017,2.7544809486581188,15.53794029253708,0.0,False,,,,
synthetic-inprior,inprior_0269,DNN spectrum n20,20,20,False,0.14466079999692738,35.23286928922577,35.23286928922577,0,0.0,,2.7777777777777772,0.34263408124818906,0.2347428667696838,2.5680162557433674,0.0004965780489571017,0.0004965780489571017,2.7544809486581188,15.53794029253708,0.0,False,,,,
synthetic-inprior,inprior_0269,DNN classifier n50,50,50,False,0.166863899998134,35.08993755785393,35.08993755785393,0,1.2268000691806037e-06,24.499999999969372,1.000002471671028,0.9426188120196567,0.7510690656585899,3.1394427964847096,0.0004953512488879211,0.0004965780489571017,2.7544809486581188,15.53794029253708,0.0,False,,,,
synthetic-inprior,inprior_0269,PFF ensemble,200,6,False,0.7788989000109723,34.662099569097975,34.662099569097975,0,0.001107569412742184,11.548953033591758,3.0313344683985886,0.1388946741228218,0.036566038345614144,0.3164649878091923,0.0006109913637850823,0.0004965780489571017,2.7544809486581188,15.53794029253708,0.0,False,,,,
synthetic-inprior,inprior_0269,TSVD_NN,100,7,True,0.006552100006956607,33.29189203339515,33.29189203339515,0,0.013243634524975637,40.64132994494472,2.110408503629896,0.7722409967173368,0.11588885098769908,2.3555158196851713,0.012747056476018535,0.0004965780489571017,2.7544809486581188,15.53794029253708,0.0,False,,,,
synthetic-inprior,inprior_0269,truth (reference),200,6,False,0.0,35.26351074792371,35.26351074792371,0,0.0004965780489571017,11.377240474326628,2.7544809486581188,0.0,0.0,0.0,0.0,0.0004965780489571017,2.7544809486581188,15.53794029253708,,False,,,,
synthetic-inprior,inprior_0270,CNN n50,50,50,False,0.14490470000600908,30.727019203314136,30.727019203314136,0,0.0849590636318153,18.289016143878317,7.964357892624729,1.500976558093167,0.11890370977731742,1.153930376391806,0.05486354779207202,0.03009551583974328,5.767045703353311,10.348604088420302,0.0,False,,,,
synthetic-inprior,inprior_0270,DNN spectrum n20,20,20,False,0.15874389999953564,42.08456157413861,42.08456157413861,0,0.0,,2.7780872361152467,1.5833713701684908,0.3495331246988868,2.7145886277763975,0.03009551583974328,0.03009551583974328,5.767045703353311,10.348604088420302,0.0,False,,,,
synthetic-inprior,inprior_0270,DNN classifier n50,50,50,False,0.1517576000042027,36.35603031684946,36.35603031684946,0,1.2268000691806037e-06,24.499999999969372,1.000002471671028,1.974593418178615,0.7917985882209202,3.0986386835533986,0.0300942890396741,0.03009551583974328,5.767045703353311,10.348604088420302,0.0,False,,,,
synthetic-inprior,inprior_0270,PFF ensemble,200,6,False,0.7534814000100596,32.14736242842047,32.14736242842047,0,0.04895145667868151,13.006513131284,5.738579776781076,0.15895112579972626,0.026637813064280296,0.21167252523527677,0.01885594083893823,0.03009551583974328,5.767045703353311,10.348604088420302,0.0,False,,,,
synthetic-inprior,inprior_0270,TSVD_NN,100,7,True,0.020707300005597062,30.13882541236076,30.13882541236076,0,0.028253878359576507,39.9790943022806,4.340595120297802,1.726340745640083,0.4526630090472709,2.6439361310933904,0.0018416374801667745,0.03009551583974328,5.767045703353311,10.348604088420302,0.0,False,,,,
synthetic-inprior,inprior_0270,truth (reference),200,6,False,0.0,32.44962361790755,32.44962361790755,0,0.03009551583974328,12.883490179327007,5.767045703353311,0.0,0.0,0.0,0.0,0.03009551583974328,5.767045703353311,10.348604088420302,,False,,,,
synthetic-inprior,inprior_0271,CNN n50,50,50,False,0.1434311000048183,28.666569207477412,28.666569207477412,0,0.02172040556546232,18.871419088636955,4.629089091547683,0.5916910121602931,0.0910877729266074,0.8465456749856749,0.007163301949735801,0.028883707515198122,5.701532587627688,13.866445346282624,0.0,False,,,,
synthetic-inprior,inprior_0271,DNN spectrum n20,20,20,False,0.12848480000684503,34.50363658247334,34.50363658247334,0,0.0,,2.7777777777777772,1.5507654032708862,0.34529950285501504,2.8166671574034567,0.028883707515198122,0.028883707515198122,5.701532587627688,13.866445346282624,0.0,False,,,,
synthetic-inprior,inprior_0271,DNN classifier n50,50,50,False,0.16066500000306405,30.801998555781047,30.801998555781047,0,1.2268000691806037e-06,24.499999999969372,1.000002471671028,1.9476155621873752,0.7906255216261758,3.0836559573846363,0.02888248071512894,0.028883707515198122,5.701532587627688,13.866445346282624,0.0,False,,,,
synthetic-inprior,inprior_0271,PFF ensemble,200,6,False,0.807485799989081,28.929433654829616,28.929433654829616,0,0.022937453498701233,12.641550190576416,5.02372946960593,0.30109007916916286,0.047306516722857635,0.36650813873574656,0.005946254016496889,0.028883707515198122,5.701532587627688,13.866445346282624,0.0,False,,,,
synthetic-inprior,inprior_0271,TSVD_NN,100,7,True,0.021346199995605275,28.346683090860157,28.346683090860157,0,0.05818431400711507,16.31257943201848,3.7615192276793583,1.0755387908779601,0.20058507519259444,2.2198498163667386,0.02930060649191695,0.028883707515198122,5.701532587627688,13.866445346282624,0.0,False,,,,
synthetic-inprior,inprior_0271,truth (reference),200,6,False,0.0,28.76327994405037,28.76327994405037,0,0.028883707515198122,12.850738568177311,5.701532587627688,0.0,0.0,0.0,0.0,0.028883707515198122,5.701532587627688,13.866445346282624,,False,,,,
synthetic-inprior,inprior_0272,CNN n50,50,50,False,0.14545879999059252,29.07805412103711,29.07805412103711,0,0.20788893624251692,19.02963591695597,10.87615725929205,1.062583759112293,0.12192470699340223,0.2408986254879428,0.0418121157571095,0.24970105199962642,14.43987168014127,8.3475699080338,0.0,False,,,,
synthetic-inprior,inprior_0272,DNN spectrum n20,20,20,False,0.16848469999968074,32.45349970179992,32.45349970179992,0,1.8090658214237428e-06,20.498889695390474,2.786501541338597,4.486644240352401,0.8283223171177998,3.4568814772348193,0.249699242933805,0.24970105199962642,14.43987168014127,8.3475699080338,0.0,False,,,,
synthetic-inprior,inprior_0272,DNN classifier n50,50,50,False,0.09589660000347067,37.830916018513214,37.830916018513214,0,1.2268000691806037e-06,24.499999999969372,1.000002471671028,5.943687067267653,0.8873090078418009,3.6727059720814608,0.24969982519955725,0.24970105199962642,14.43987168014127,8.3475699080338,0.0,False,,,,
synthetic-inprior,inprior_0272,PFF ensemble,200,6,False,0.7236081000010017,30.825139505915622,30.825139505915622,0,0.09535534913137439,14.834904442525119,7.024060697766272,3.30791984638681,0.25558125049529407,1.7063704115771992,0.15434570286825203,0.24970105199962642,14.43987168014127,8.3475699080338,0.0,False,,,,
synthetic-inprior,inprior_0272,TSVD_NN,100,7,True,0.05021349999879021,27.834794680016728,27.834794680016728,0,0.10215270664427356,29.089241218088993,1.6280807496879166,4.803800158732038,0.7169676984374617,3.3713587913786696,0.14754834535535286,0.24970105199962642,14.43987168014127,8.3475699080338,0.0,False,,,,
synthetic-inprior,inprior_0272,truth (reference),200,6,False,0.0,29.346163344395357,29.346163344395357,0,0.24970105199962642,17.076200946447543,14.43987168014127,0.0,0.0,0.0,0.0,0.24970105199962642,14.43987168014127,8.3475699080338,,False,,,,
synthetic-inprior,inprior_0273,CNN n50,50,50,False,0.176820199994836,38.044434338404805,38.044434338404805,0,0.012795906194095694,19.40436016192121,3.746078635928751,0.19417839304595663,0.014538962682267806,0.9399241813942584,0.00887705943041539,0.003918846763680303,3.7007295102701683,10.856958607270688,0.0,False,,,,
synthetic-inprior,inprior_0273,DNN spectrum n20,20,20,False,0.14297100000840146,41.977618078066186,41.977618078066186,0,0.0,,2.7777777777777795,0.6012965075487059,0.21511353453801899,2.7074139596410314,0.003918846763680303,0.003918846763680303,3.7007295102701683,10.856958607270688,0.0,False,,,,
synthetic-inprior,inprior_0273,DNN classifier n50,50,50,False,0.1556014999951003,39.5251502176166,39.5251502176166,0,1.2268000691806037e-06,24.499999999969372,1.000002471671028,1.2012682821132186,0.7555546146303593,3.125215276251157,0.003917619963611123,0.003918846763680303,3.7007295102701683,10.856958607270688,0.0,False,,,,
synthetic-inprior,inprior_0273,PFF ensemble,200,6,False,0.8104353999951854,39.12795200811524,39.12795200811524,0,0.003621513252603203,11.85459548599725,3.635000903748872,0.03205685844653117,0.006905690972094079,0.04993128365297032,0.00029733351107710023,0.003918846763680303,3.7007295102701683,10.856958607270688,0.0,False,,,,
synthetic-inprior,inprior_0273,TSVD_NN,100,7,True,0.043665300006978214,36.948796529811744,36.948796529811744,0,0.08253175967138156,18.36897377111776,1.3918269660580693,1.7963502264316964,0.49827855983987823,2.7732937474512824,0.07861291290770125,0.003918846763680303,3.7007295102701683,10.856958607270688,0.0,False,,,,
synthetic-inprior,inprior_0273,truth (reference),200,6,False,0.0,39.016023936106,39.016023936106,0,0.003918846763680303,11.850364745704564,3.7007295102701683,0.0,0.0,0.0,0.0,0.003918846763680303,3.7007295102701683,10.856958607270688,,False,,,,
synthetic-inprior,inprior_0274,CNN n50,50,50,False,0.16438849999394733,26.680067669198966,26.680067669198966,0,0.47428154043850573,27.834426984170783,24.77845568209181,5.764917575044608,0.25478873933167095,0.25380441344166893,0.24650735472711277,0.7207888951656185,46.13421883014224,16.24942333032942,30.09673259297284,True,,,,
synthetic-inprior,inprior_0274,DNN spectrum n20,20,20,False,0.1548795999988215,39.99427742474541,39.99427742474541,0,0.0,,2.777778205655823,17.385890368299012,0.9142439633083846,4.1510307857995015,0.7207888951656185,0.7207888951656185,46.13421883014224,16.24942333032942,30.09673259297284,True,,,,
synthetic-inprior,inprior_0274,DNN classifier n50,50,50,False,0.13784950000990648,45.84770619213143,45.84770619213143,0,1.2268000691806037e-06,24.499999999969372,1.000002471671028,19.46354215500125,0.9702551814136725,4.241096310323925,0.7207876683655493,0.7207888951656185,46.13421883014224,16.24942333032942,30.09673259297284,True,,,,
synthetic-inprior,inprior_0274,PFF ensemble,200,6,False,0.7800101000029827,26.761958104920435,26.761958104920435,0,0.6392806411266981,25.319061553077237,39.82260899622858,3.018752746877067,0.09541723154192844,0.10785283812562538,0.08150825403892037,0.7207888951656185,46.13421883014224,16.24942333032942,30.09673259297284,True,15.305532455444336,0.9438908748850849,3.423361301422119,True
synthetic-inprior,inprior_0274,TSVD_NN,100,7,True,0.031441000013728626,26.211728319270524,26.211728319270524,0,0.24717285617056026,32.13629049036464,1.7131463411236585,12.691850794591351,0.8884262485475903,4.068396440881293,0.4736160389950582,0.7207888951656185,46.13421883014224,16.24942333032942,30.09673259297284,True,,,,
synthetic-inprior,inprior_0274,truth (reference),200,6,False,0.0,26.654530284613013,26.654530284613013,0,0.7207888951656185,27.12899569347525,46.13421883014224,0.0,0.0,0.0,0.0,0.7207888951656185,46.13421883014224,16.24942333032942,,True,,,,
synthetic-inprior,inprior_0275,CNN n50,50,50,False,0.1678780999936862,28.332199278701413,28.332199278701413,0,0.3409162978225341,20.62345469260265,18.28744114137396,1.0187200881900424,0.08717077663865395,0.14152211482384155,0.05454261842106617,0.39545891624360024,20.68119787927041,16.080103972139742,13.308942323229342,True,,,,
synthetic-inprior,inprior_0275,DNN spectrum n20,20,20,False,0.17098680000344757,48.67755376439147,48.67755376439147,0,1.104296303189144e-22,18.69999999999897,2.778516837885895,8.632930492161432,0.7489781522398179,3.7033195094666516,0.39545891624360024,0.39545891624360024,20.68119787927041,16.080103972139742,13.308942323229342,True,,,,
synthetic-inprior,inprior_0275,DNN classifier n50,50,50,False,0.14213350000500213,41.83764609265349,41.83764609265349,0,1.2268000691806037e-06,24.499999999969372,1.000002471671028,8.622339874637122,0.9175933179983886,3.902446682249972,0.39545768944353105,0.39545891624360024,20.68119787927041,16.080103972139742,13.308942323229342,True,,,,
synthetic-inprior,inprior_0275,PFF ensemble,200,6,False,0.7492002999933902,29.969878260924286,29.969878260924286,0,0.20640855268265082,15.796563812721491,12.383258604815772,3.7627087810577367,0.19421454064488775,0.6612241390829962,0.18905036356094942,0.39545891624360024,20.68119787927041,16.080103972139742,13.308942323229342,True,15.24506664276123,0.8350373293785118,3.4211604595184326,True
synthetic-inprior,inprior_0275,TSVD_NN,100,7,True,0.021906000009039417,28.034239393683137,28.034239393683137,0,0.15854684364423594,31.595400454035815,3.4655276853539467,4.147591089289842,0.7196711587594371,3.4080684459524644,0.2369120725993643,0.39545891624360024,20.68119787927041,16.080103972139742,13.308942323229342,True,,,,
synthetic-inprior,inprior_0275,truth (reference),200,6,False,0.0,28.451147920499913,28.451147920499913,0,0.39545891624360024,18.755709673899435,20.68119787927041,0.0,0.0,0.0,0.0,0.39545891624360024,20.68119787927041,16.080103972139742,,True,,,,
synthetic-inprior,inprior_0276,CNN n50,50,50,False,0.1414317999879131,30.127913183119166,30.127913183119166,0,0.10425657102732323,17.326148860682093,8.832853296653958,0.40469300055965285,0.037087512402684875,0.8654976892636196,0.007370662762087796,0.11162723378941103,9.158399626017358,15.9267111482266,0.0,False,,,,
synthetic-inprior,inprior_0276,DNN spectrum n20,20,20,False,0.1252422999968985,43.04490684737401,43.04490684737401,0,4.876465336225438e-35,16.299999999999997,2.777778451262734,3.2784911146405262,0.5180145178364505,3.0069309226956378,0.11162723378941103,0.11162723378941103,9.158399626017358,15.9267111482266,0.0,False,,,,
synthetic-inprior,inprior_0276,DNN classifier n50,50,50,False,0.16299900000740308,36.886678986356564,36.886678986356564,0,1.2268000691806037e-06,24.499999999969372,1.000002471671028,3.4722205435305735,0.8418806365276263,3.1811247661172963,0.11162600698934184,0.11162723378941103,9.158399626017358,15.9267111482266,0.0,False,,,,
synthetic-inprior,inprior_0276,PFF ensemble,200,6,False,0.8040516000037314,30.80985587861867,30.80985587861867,0,0.08594162931809202,13.660458003770934,7.669877588551652,0.6739114076436145,0.06632912809641693,0.5715317229255092,0.025685604471319012,0.11162723378941103,9.158399626017358,15.9267111482266,0.0,False,,,,
synthetic-inprior,inprior_0276,TSVD_NN,100,7,True,0.20205179999175016,29.6262480439498,29.6262480439498,0,0.02630593541941872,49.48935258475236,5.234418307706592,2.500738349152007,0.5009104260308108,2.743238907246549,0.0853212983699923,0.11162723378941103,9.158399626017358,15.9267111482266,0.0,False,,,,
synthetic-inprior,inprior_0276,truth (reference),200,6,False,0.0,30.3890001940112,30.3890001940112,0,0.11162723378941103,14.573143562898187,9.158399626017358,0.0,0.0,0.0,0.0,0.11162723378941103,9.158399626017358,15.9267111482266,,False,,,,
synthetic-inprior,inprior_0277,CNN n50,50,50,False,0.1589315000019269,30.29968854924329,30.29968854924329,0,0.029561687274216708,18.503346042873183,5.108310683206164,1.1972852838119883,0.15937706004419241,0.9287228940737784,0.041695039159718505,0.07125672643393521,7.615566486145197,15.689817242820508,0.0,False,,,,
synthetic-inprior,inprior_0277,DNN spectrum n20,20,20,False,0.16824430000269786,38.12218960415457,38.12218960415457,0,0.0,,2.7777777777777786,2.507705369784159,0.45274109354441716,2.846618444149432,0.07125672643393521,0.07125672643393521,7.615566486145197,15.689817242820508,0.0,False,,,,
synthetic-inprior,inprior_0277,DNN classifier n50,50,50,False,0.1528802000102587,33.73135448390857,33.73135448390857,0,1.2268000691806037e-06,24.499999999969372,1.000002471671028,2.771952402772169,0.8217489148418402,3.045484411093143,0.07125549963386603,0.07125672643393521,7.615566486145197,15.689817242820508,0.0,False,,,,
synthetic-inprior,inprior_0277,PFF ensemble,200,6,False,0.7967881000076886,30.6745387335091,30.6745387335091,0,0.039018447170921775,13.254142944637003,5.291672498774213,1.0270746335522039,0.13593254535742078,0.9238327493999211,0.03223827926301344,0.07125672643393521,7.615566486145197,15.689817242820508,0.0,False,,,,
synthetic-inprior,inprior_0277,TSVD_NN,100,7,True,0.0858860000007553,29.143262041576463,29.143262041576463,0,0.0715679697765085,20.84016457006729,3.1396073465270953,2.1127736435938527,0.34684938080795974,2.3876957721422936,0.0003112433425732919,0.07125672643393521,7.615566486145197,15.689817242820508,0.0,False,,,,
synthetic-inprior,inprior_0277,truth (reference),200,6,False,0.0,30.13820388657779,30.13820388657779,0,0.07125672643393521,13.80676586103628,7.615566486145197,0.0,0.0,0.0,0.0,0.07125672643393521,7.615566486145197,15.689817242820508,,False,,,,
synthetic-inprior,inprior_0278,CNN n50,50,50,False,0.14019530000223313,27.433752176567786,27.433752176567786,0,0.5589686650067615,24.547277878434056,33.0067007074439,3.1108536650003673,0.17804337421652972,0.17848606428098696,0.15575061596519912,0.7147192809719606,38.16074057769776,14.700417348187248,14.49467065052943,True,,,,
synthetic-inprior,inprior_0278,DNN spectrum n20,20,20,False,0.1292840999958571,54.52039867093102,54.52039867093102,0,0.0,,2.77777780439327,17.469749875171498,0.9024824990023415,4.109868196981697,0.7147192809719606,0.7147192809719606,38.16074057769776,14.700417348187248,14.49467065052943,True,,,,
synthetic-inprior,inprior_0278,DNN classifier n50,50,50,False,0.14072379999561235,46.64470708240894,46.64470708240894,0,1.2268000691806037e-06,24.499999999969372,1.000002471671028,17.34357433368989,0.9692730619223543,4.204737827993337,0.7147180541718914,0.7147192809719606,38.16074057769776,14.700417348187248,14.49467065052943,True,,,,
synthetic-inprior,inprior_0278,PFF ensemble,200,6,False,0.7699470999941695,27.33157514151583,27.33157514151583,0,0.6270384961711968,24.955959418491066,38.64627038093323,1.3767336780910244,0.11058956303207149,0.09967350736646091,0.0876807848007638,0.7147192809719606,38.16074057769776,14.700417348187248,14.49467065052943,True,15.113082885742188,0.41266553755493973,3.411728858947754,True
synthetic-inprior,inprior_0278,TSVD_NN,100,7,True,0.019829899989417754,27.108052094057296,27.108052094057296,0,0.5074528232226563,31.276443170691863,6.74567978790723,4.3429169802685275,0.8203779207986821,3.7667615321173678,0.2072664577493043,0.7147192809719606,38.16074057769776,14.700417348187248,14.49467065052943,True,,,,
synthetic-inprior,inprior_0278,truth (reference),200,6,False,0.0,27.30491012667483,27.30491012667483,0,0.7147192809719606,24.387595059464157,38.16074057769776,0.0,0.0,0.0,0.0,0.7147192809719606,38.16074057769776,14.700417348187248,,True,,,,
synthetic-inprior,inprior_0279,CNN n50,50,50,False,0.16049090000160504,32.905805947171004,32.905805947171004,0,0.20477369661331596,21.51179723843775,9.013598084809182,3.246228486355016,0.2730697566981359,1.0687701499531943,0.08462042864258278,0.12015326797073318,4.26373403076566,16.205946534305802,19.019334658936017,True,,,,
synthetic-inprior,inprior_0279,DNN spectrum n20,20,20,False,0.1542019999906188,49.57277731020597,49.57277731020597,0,0.0,,2.777781727263079,2.0868361132039634,0.2654417391766313,3.448864709846995,0.12015326797073318,0.12015326797073318,4.26373403076566,16.205946534305802,19.019334658936017,True,,,,
synthetic-inprior,inprior_0279,DNN classifier n50,50,50,False,0.15226350000011735,43.681054114826146,43.681054114826146,0,1.2268000691806037e-06,24.499999999969372,1.000002471671028,2.6868091674009067,0.7827738129083703,3.767352146069917,0.120152041170664,0.12015326797073318,4.26373403076566,16.205946534305802,19.019334658936017,True,,,,
synthetic-inprior,inprior_0279,PFF ensemble,200,6,False,0.7424934000009671,34.89894508820072,34.89894508820072,0,0.12710684642172776,15.184705950184064,6.7070010625651335,0.8352324334438672,0.1656268778336989,0.43155216511064076,0.006953578450994577,0.12015326797073318,4.26373403076566,16.205946534305802,19.019334658936017,True,15.890408515930176,0.31553801837562645,3.4560861587524414,True
synthetic-inprior,inprior_0279,TSVD_NN,100,7,True,2.0252420000033453,32.47905976563323,32.47905976563323,0,0.1422604631229467,26.80898645311152,2.2572091646553916,2.9038857907124873,0.5516367315691253,3.4131092120001023,0.02210719515221353,0.12015326797073318,4.26373403076566,16.205946534305802,19.019334658936017,True,,,,
synthetic-inprior,inprior_0279,truth (reference),200,6,False,0.0,35.122395001989986,35.122395001989986,0,0.12015326797073318,15.915710817476342,4.26373403076566,0.0,0.0,0.0,0.0,0.12015326797073318,4.26373403076566,16.205946534305802,,True,,,,
synthetic-inprior,inprior_0280,CNN n50,50,50,False,0.15054719999898225,27.35853657154648,27.35853657154648,0,0.056534734163607395,17.606727852300708,6.747314639878571,0.6932430315340176,0.04628070875739636,1.0059624716817566,0.02407954391124957,0.032455190252357824,5.891505986306484,13.974206224766093,0.0,False,,,,
synthetic-inprior,inprior_0280,DNN spectrum n20,20,20,False,0.1681618000002345,36.24294099818821,36.24294099818821,0,0.0,,2.7777777778962536,1.6457514047486945,0.35758999529633795,2.825665943645743,0.032455190252357824,0.032455190252357824,5.891505986306484,13.974206224766093,0.0,False,,,,
synthetic-inprior,inprior_0280,DNN classifier n50,50,50,False,0.1523041999898851,31.268157678354168,31.268157678354168,0,1.2268000691806037e-06,24.499999999969372,1.000002471671028,2.026147821779885,0.7940096313075278,3.084235105546136,0.032453963452288646,0.032455190252357824,5.891505986306484,13.974206224766093,0.0,False,,,,
synthetic-inprior,inprior_0280,PFF ensemble,200,6,False,0.7485392000089632,27.763768243752597,27.763768243752597,0,0.05106902179360723,13.272833546106845,5.9881477768626565,0.1727179862261881,0.01988944755303481,0.16286297848618936,0.018613831541249404,0.032455190252357824,5.891505986306484,13.974206224766093,0.0,False,,,,
synthetic-inprior,inprior_0280,TSVD_NN,100,7,True,0.010879199995542876,26.792070025680346,26.792070025680346,0,0.025788490133888186,38.97943570532352,4.0031542917925,1.2229236528202436,0.2910599332042751,2.3527834092566504,0.006666700118469638,0.032455190252357824,5.891505986306484,13.974206224766093,0.0,False,,,,
synthetic-inprior,inprior_0280,truth (reference),200,6,False,0.0,28.008565665134633,28.008565665134633,0,0.032455190252357824,12.945708824113066,5.891505986306484,0.0,0.0,0.0,0.0,0.032455190252357824,5.891505986306484,13.974206224766093,,False,,,,
synthetic-inprior,inprior_0281,CNN n50,50,50,False,0.13325800000166055,33.83431227876853,33.83431227876853,0,0.2009360364635,21.452244776372208,10.640333819948241,1.9589287820590342,0.17971619958607896,1.5442200117568565,0.040545889999583085,0.16039014646391692,7.555618572325032,18.069028096919933,16.906071496948115,True,,,,
synthetic-inprior,inprior_0281,DNN spectrum n20,20,20,False,0.15149790000577923,51.87441888535123,51.87441888535123,0,0.0,,2.777778122028014,3.6110721433335398,0.43935975637839053,3.1701250096420526,0.16039014646391692,0.16039014646391692,7.555618572325032,18.069028096919933,16.906071496948115,True,,,,
synthetic-inprior,inprior_0281,DNN classifier n50,50,50,False,0.15242189999844413,45.138743225902324,45.138743225902324,0,1.2268000691806037e-06,24.499999999969372,1.000002471671028,3.9257084632056856,0.8224246436982237,3.397611603478438,0.16038891966384775,0.16039014646391692,7.555618572325032,18.069028096919933,16.906071496948115,True,,,,
synthetic-inprior,inprior_0281,PFF ensemble,200,6,False,0.7354890999995405,36.718664401014784,36.718664401014784,0,0.11038730163331666,14.267477369546935,7.66435295602844,0.8731982089501691,0.10421202665846466,0.5319186628846669,0.05000284483060026,0.16039014646391692,7.555618572325032,18.069028096919933,16.906071496948115,True,15.10975456237793,2.959273534542003,3.544273614883423,True
synthetic-inprior,inprior_0281,TSVD_NN,100,7,True,0.4452266000007512,32.73939132184484,32.73939132184484,0,0.07400817967248119,49.217910562769454,7.320963903147214,3.76455459220289,0.4132903725665826,2.6751745807189296,0.08638196679143573,0.16039014646391692,7.555618572325032,18.069028096919933,16.906071496948115,True,,,,
synthetic-inprior,inprior_0281,truth (reference),200,6,False,0.0,35.35026537425224,35.35026537425224,0,0.16039014646391692,17.07400461549103,7.555618572325032,0.0,0.0,0.0,0.0,0.16039014646391692,7.555618572325032,18.069028096919933,,True,,,,
synthetic-inprior,inprior_0282,CNN n50,50,50,False,0.13223809999180958,30.678824832739576,30.678824832739576,0,0.08096205920143991,18.412353822379536,6.754112100754611,0.6728995016022705,0.03725262252683175,1.1633850215227024,0.03386402017628167,0.04709803902515824,6.5963755706801654,17.531573638995752,0.0,False,,,,
synthetic-inprior,inprior_0282,DNN spectrum n20,20,20,False,0.16061700000136625,42.156476782894245,42.156476782894245,0,0.0,,2.777777777777866,1.9981777264420015,0.3998538734028592,2.841734569555754,0.04709803902515824,0.04709803902515824,6.5963755706801654,17.531573638995752,0.0,False,,,,
synthetic-inprior,inprior_0282,DNN classifier n50,50,50,False,0.16517989999556448,36.85966845830677,36.85966845830677,0,1.2268000691806037e-06,24.499999999969372,1.000002471671028,2.3247163195950895,0.8060334924167192,3.0723555234791338,0.04709681222508906,0.04709803902515824,6.5963755706801654,17.531573638995752,0.0,False,,,,
synthetic-inprior,inprior_0282,PFF ensemble,200,6,False,0.83223280000675,31.416094398391195,31.416094398391195,0,0.07923390077636652,14.679837877660201,5.749928478713006,0.5260474298037213,0.10038365304110454,0.6495228658649965,0.032135861751208285,0.04709803902515824,6.5963755706801654,17.531573638995752,0.0,False,,,,
synthetic-inprior,inprior_0282,TSVD_NN,100,7,True,2.577657400004682,29.641072178327107,29.641072178327107,0,0.07026538117434702,31.07157389179313,2.6906718883348852,2.1023577213869364,0.4767678038079524,2.4235114113967224,0.023167342149188787,0.04709803902515824,6.5963755706801654,17.531573638995752,0.0,False,,,,
synthetic-inprior,inprior_0282,truth (reference),200,6,False,0.0,32.12072044736741,32.12072044736741,0,0.04709803902515824,13.297992488470811,6.5963755706801654,0.0,0.0,0.0,0.0,0.04709803902515824,6.5963755706801654,17.531573638995752,,False,,,,
synthetic-inprior,inprior_0283,CNN n50,50,50,False,0.087293899996439,27.93770394420591,27.93770394420591,0,0.13318922144890086,17.724492517864956,9.983848096972622,1.6841452941040767,0.12331435305024073,1.2779433000517457,0.06017356237224508,0.07301565907665578,7.120881154097034,14.797248439952947,6.568508318968194,True,,,,
synthetic-inprior,inprior_0283,DNN spectrum n20,20,20,False,0.055436499998904765,30.882634943620918,30.882634943620918,0,0.0,,4.9901320342924205,1.333791368583964,0.28658273871572304,2.669054262265836,0.07301565907665578,0.07301565907665578,7.120881154097034,14.797248439952947,6.568508318968194,True,,,,
synthetic-inprior,inprior_0283,DNN classifier n50,50,50,False,0.05540870000550058,33.48149673539809,33.48149673539809,0,1.2268000691806037e-06,24.499999999969372,1.000002471671028,2.6614110655402943,0.8143798770538087,3.090703065209321,0.07301443227658659,0.07301565907665578,7.120881154097034,14.797248439952947,6.568508318968194,True,,,,
synthetic-inprior,inprior_0283,PFF ensemble,200,6,False,0.2461502000078326,28.367884708491054,28.367884708491054,0,0.07364658358763891,13.37404196806541,6.6558758348399225,0.1695792962949706,0.03186000142524422,0.27355260639940454,0.0006309245109831357,0.07301565907665578,7.120881154097034,14.797248439952947,6.568508318968194,True,13.626126289367676,1.171122150585271,3.470479726791382,True
synthetic-inprior,inprior_0283,TSVD_NN,100,7,True,0.665147399995476,27.493704409029963,27.493704409029963,0,0.020883565085894378,47.49917767409444,3.0251741472020406,1.6686827900359007,0.47731253918439376,2.4352109681546654,0.052132093990761394,0.07301565907665578,7.120881154097034,14.797248439952947,6.568508318968194,True,,,,
synthetic-inprior,inprior_0283,truth (reference),200,6,False,0.0,28.28513812678968,28.28513812678968,0,0.07301565907665578,13.778991080897677,7.120881154097034,0.0,0.0,0.0,0.0,0.07301565907665578,7.120881154097034,14.797248439952947,,True,,,,
synthetic-inprior,inprior_0284,CNN n50,50,50,False,0.04916289998800494,35.50857535812995,35.50857535812995,0,0.02984574190372023,19.158507193896,4.770911358532604,0.3570505815352565,0.045196204787578916,0.8980966075360456,0.011308605920670258,0.01853713598304997,5.081362207951782,14.12226704184089,0.0,False,,,,
synthetic-inprior,inprior_0284,DNN spectrum n20,20,20,False,0.05196339999383781,43.57502471042958,43.57502471042958,0,0.0,,2.7777777777779202,1.2406810056562423,0.3022823596052853,2.8114129267790253,0.01853713598304997,0.01853713598304997,5.081362207951782,14.12226704184089,0.0,False,,,,
synthetic-inprior,inprior_0284,DNN classifier n50,50,50,False,0.046859599999152124,39.036292046773596,39.036292046773596,0,1.2268000691806037e-06,24.499999999969372,1.000002471671028,1.6984001495345165,0.779282979732207,3.1135212508627426,0.01853590918298079,0.01853713598304997,5.081362207951782,14.12226704184089,0.0,False,,,,
synthetic-inprior,inprior_0284,PFF ensemble,200,6,False,0.24998439999762923,36.294745943465315,36.294745943465315,0,0.033351962312604864,12.794465489942043,4.882759993739772,0.15303025569055329,0.033563111676458084,0.27965895370688526,0.014814826329554893,0.01853713598304997,5.081362207951782,14.12226704184089,0.0,False,,,,
synthetic-inprior,inprior_0284,TSVD_NN,100,7,True,0.005363899996154942,33.887065681328906,33.887065681328906,0,0.044589816315447305,33.130426862482764,3.0029029797811293,1.5070866683394117,0.3731271332160134,2.7441638515592426,0.026052680332397334,0.01853713598304997,5.081362207951782,14.12226704184089,0.0,False,,,,
synthetic-inprior,inprior_0284,truth (reference),200,6,False,0.0,36.562017853732165,36.562017853732165,0,0.01853713598304997,12.540676391958508,5.081362207951782,0.0,0.0,0.0,0.0,0.01853713598304997,5.081362207951782,14.12226704184089,,False,,,,
synthetic-inprior,inprior_0285,CNN n50,50,50,False,0.0549656000075629,28.505034120445423,28.505034120445423,0,0.3166937791152165,23.464326241124063,14.299759613119777,4.258205254873474,0.2628080856197883,0.25759889472557596,0.2049510284657658,0.5216448075809823,29.7987765430954,10.170114559101899,11.91078534849728,True,,,,
synthetic-inprior,inprior_0285,DNN spectrum n20,20,20,False,0.05002160000731237,39.248288925216265,39.248288925216265,0,0.0,,2.7777793935569095,10.544091325095868,0.8506131863280814,4.003004032776117,0.5216448075809823,0.5216448075809823,29.7987765430954,10.170114559101899,11.91078534849728,True,,,,
synthetic-inprior,inprior_0285,DNN classifier n50,50,50,False,0.06945850000192877,44.98151108952507,44.98151108952507,0,1.2268000691806037e-06,24.499999999969372,1.000002471671028,12.506841031775203,0.9435318121204661,4.1075755856421825,0.5216435807809131,0.5216448075809823,29.7987765430954,10.170114559101899,11.91078534849728,True,,,,
synthetic-inprior,inprior_0285,PFF ensemble,200,6,False,0.29684979999728967,28.62815068102726,28.62815068102726,0,0.44550818215690413,20.728919461182947,24.36879238943533,2.2381937424213945,0.08267041096962767,0.15499565172786858,0.07613662542407817,0.5216448075809823,29.7987765430954,10.170114559101899,11.91078534849728,True,15.884527206420898,5.714412647319,3.3966786861419678,False
synthetic-inprior,inprior_0285,TSVD_NN,100,7,True,0.016402699999161996,27.944021409981747,27.944021409981747,0,0.38251411193648166,23.96622378720172,6.654639956161722,5.190510905341643,0.6979954653563317,3.537641470950019,0.13913069564450065,0.5216448075809823,29.7987765430954,10.170114559101899,11.91078534849728,True,,,,
synthetic-inprior,inprior_0285,truth (reference),200,6,False,0.0,28.30062162995218,28.30062162995218,0,0.5216448075809823,22.39499459716934,29.7987765430954,0.0,0.0,0.0,0.0,0.5216448075809823,29.7987765430954,10.170114559101899,,True,,,,
synthetic-inprior,inprior_0286,CNN n50,50,50,False,0.06614549999358132,29.44720573853404,29.44720573853404,0,0.19548433852891237,19.013265819188508,10.414380159508662,1.1412843702808833,0.09247783325382357,1.3321651226146385,0.001864991132600885,0.19361934739631148,10.279067539000458,12.98189109168143,20.62119145825395,True,,,,
synthetic-inprior,inprior_0286,DNN spectrum n20,20,20,False,0.054534899987629615,46.05186384339324,46.05186384339324,0,1.469644948574282e-13,16.300280531238805,2.778541860879759,3.95090137494366,0.5479426268507587,2.827146874619309,0.19361934739616452,0.19361934739631148,10.279067539000458,12.98189109168143,20.62119145825395,True,,,,
synthetic-inprior,inprior_0286,DNN classifier n50,50,50,False,0.05370519999996759,39.84136944153962,39.84136944153962,0,1.2268000691806037e-06,24.499999999969372,1.000002471671028,4.1377455645387755,0.8544524855031069,3.1037201290132863,0.1936181205962423,0.19361934739631148,10.279067539000458,12.98189109168143,20.62119145825395,True,,,,
synthetic-inprior,inprior_0286,PFF ensemble,200,6,False,0.26719640000374056,30.904834359322404,30.904834359322404,0,0.1333775104790625,14.570732778739988,8.779542196668404,0.7240749549100141,0.08750666969482117,0.1643179537769135,0.06024183691724899,0.19361934739631148,10.279067539000458,12.98189109168143,20.62119145825395,True,15.506057739257812,2.524166647576383,3.5148324966430664,True
synthetic-inprior,inprior_0286,TSVD_NN,100,7,True,0.020490900002187118,29.026703582078444,29.026703582078444,0,0.3871408812659603,16.04517610180912,2.956170153042588,3.1991410990754323,0.654947923123389,2.8231790086907753,0.19352153386964882,0.19361934739631148,10.279067539000458,12.98189109168143,20.62119145825395,True,,,,
synthetic-inprior,inprior_0286,truth (reference),200,6,False,0.0,30.519106862690286,30.519106862690286,0,0.19361934739631148,13.554971715993917,10.279067539000458,0.0,0.0,0.0,0.0,0.19361934739631148,10.279067539000458,12.98189109168143,,True,,,,
synthetic-inprior,inprior_0287,CNN n50,50,50,False,0.05284150000079535,31.596733530207995,31.596733530207995,0,0.16191824818159561,17.775952011253782,10.794078795368703,2.5884095170800263,0.1893119430206219,0.3048828799451424,0.17824663134553415,0.34016487952712976,17.078881742993794,15.162584025392096,17.868272043916306,True,,,,
synthetic-inprior,inprior_0287,DNN spectrum n20,20,20,False,0.050609400001121685,49.605512077283876,49.605512077283876,0,0.0,,2.777777779298737,7.0080867305465855,0.7041528246590304,3.588577058215347,0.34016487952712976,0.34016487952712976,17.078881742993794,15.162584025392096,17.868272043916306,True,,,,
synthetic-inprior,inprior_0287,DNN classifier n50,50,50,False,0.04863400000613183,42.844712878865245,42.844712878865245,0,1.2268000691806037e-06,24.499999999969372,1.000002471671028,7.037887857318756,0.9035953763931535,3.723835613484803,0.34016365272706056,0.34016487952712976,17.078881742993794,15.162584025392096,17.868272043916306,True,,,,
synthetic-inprior,inprior_0287,PFF ensemble,200,6,False,0.2635041000030469,32.175365817989096,32.175365817989096,0,0.1746618234190571,15.086547046092216,10.972442710199209,2.7962433188008866,0.17308995584189057,0.6416575202221496,0.16550305610807267,0.34016487952712976,17.078881742993794,15.162584025392096,17.868272043916306,True,15.017461776733398,0.14512224865869783,3.414426565170288,True
synthetic-inprior,inprior_0287,TSVD_NN,100,7,True,0.026835999989998527,30.47264499485085,30.47264499485085,0,0.2539195601853886,20.755620088135714,10.204809302098571,2.1926152440989446,0.30967038145528647,2.808086381431952,0.08624531934174118,0.34016487952712976,17.078881742993794,15.162584025392096,17.868272043916306,True,,,,
synthetic-inprior,inprior_0287,truth (reference),200,6,False,0.0,30.91933430408557,30.91933430408557,0,0.34016487952712976,16.799590770981144,17.078881742993794,0.0,0.0,0.0,0.0,0.34016487952712976,17.078881742993794,15.162584025392096,,True,,,,
synthetic-inprior,inprior_0288,CNN n50,50,50,False,0.054596500005573034,26.960328207176467,26.960328207176467,0,0.30749988792244515,18.786483199174057,16.22882444115853,1.6695123670574443,0.08353017157656827,0.4389546556893899,0.07729709524823025,0.2302027926742149,13.643465754797324,14.149782445023328,0.0,False,,,,
synthetic-inprior,inprior_0288,DNN spectrum n20,20,20,False,0.050287899997783825,46.926075196863096,46.926075196863096,0,0.0,,2.7777781054126813,5.497955556020555,0.6438142351307234,3.477247208428249,0.2302027926742149,0.2302027926742149,13.643465754797324,14.149782445023328,0.0,False,,,,
synthetic-inprior,inprior_0288,DNN classifier n50,50,50,False,0.04765870000119321,39.80446642128847,39.80446642128847,0,1.2268000691806037e-06,24.499999999969372,1.000002471671028,5.570932809031609,0.8821169026419011,3.6211983205996257,0.23020156587414572,0.2302027926742149,13.643465754797324,14.149782445023328,0.0,False,,,,
synthetic-inprior,inprior_0288,PFF ensemble,200,6,False,0.24230190001253504,27.87386881248695,27.87386881248695,0,0.21573145668741817,15.976895381740542,12.737623986392617,0.4521987893141411,0.03420000305327282,0.18694377832104664,0.01447133598679673,0.2302027926742149,13.643465754797324,14.149782445023328,0.0,False,,,,
synthetic-inprior,inprior_0288,TSVD_NN,100,7,True,0.01734059999580495,26.885302419049324,26.885302419049324,0,0.2754893317016135,22.617770904073364,9.970671805279842,3.7174713191670845,0.5520023970484329,2.523052353438069,0.0452865390273986,0.2302027926742149,13.643465754797324,14.149782445023328,0.0,False,,,,
synthetic-inprior,inprior_0288,truth (reference),200,6,False,0.0,27.59229973483659,27.59229973483659,0,0.2302027926742149,16.717016819383453,13.643465754797324,0.0,0.0,0.0,0.0,0.2302027926742149,13.643465754797324,14.149782445023328,,False,,,,
synthetic-inprior,inprior_0289,CNN n50,50,50,False,0.047327099993708543,37.02247699268468,37.02247699268468,0,0.03602255140738586,20.328651992023353,4.867688554245383,0.5993560983294088,0.0334511395612385,1.1677052155119299,0.025243538015213778,0.010779013392172083,4.490106307969543,21.13061020858492,0.0,False,,,,
synthetic-inprior,inprior_0289,DNN spectrum n20,20,20,False,0.046694899996509776,44.28371276273838,44.28371276273838,0,0.0,,2.7777777777815142,0.9450531473607837,0.2569056792287238,2.758948615721793,0.010779013392172083,0.010779013392172083,4.490106307969543,21.13061020858492,0.0,False,,,,
synthetic-inprior,inprior_0289,DNN classifier n50,50,50,False,0.0540465999947628,40.428452541499524,40.428452541499524,0,1.2268000691806037e-06,24.499999999969372,1.000002471671028,1.473608263532611,0.7684155147602203,3.099312583462262,0.010777786592102902,0.010779013392172083,4.490106307969543,21.13061020858492,0.0,False,,,,
synthetic-inprior,inprior_0289,PFF ensemble,200,6,False,0.27090489999682177,38.98140382232879,38.98140382232879,0,0.016327885104491065,12.94073395168806,4.262590732963092,0.11540220330764911,0.027030089819062263,0.25504003786243684,0.005548871712318982,0.010779013392172083,4.490106307969543,21.13061020858492,0.0,False,,,,
synthetic-inprior,inprior_0289,TSVD_NN,100,7,True,0.005319000003510155,34.960396529362114,34.960396529362114,0,0.03504963267351708,47.5,1.726186802182543,2.2009920987446456,0.48702897054877486,2.393353630307737,0.024270619281344996,0.010779013392172083,4.490106307969543,21.13061020858492,0.0,False,,,,
synthetic-inprior,inprior_0289,truth (reference),200,6,False,0.0,39.00662763961391,39.00662763961391,0,0.010779013392172083,12.24505261466013,4.490106307969543,0.0,0.0,0.0,0.0,0.010779013392172083,4.490106307969543,21.13061020858492,,False,,,,
synthetic-inprior,inprior_0290,CNN n50,50,50,False,0.05332829999679234,38.259317639140406,38.259317639140406,0,0.004781395065277166,18.96600689606479,3.493162930042474,0.10665431811515386,0.030417463878238665,0.7454907188535949,0.002747722567852022,0.0020336724974251443,3.32953635284456,14.687626526033732,0.0,False,,,,
synthetic-inprior,inprior_0290,DNN spectrum n20,20,20,False,0.06681750000279862,39.38172601521071,39.38172601521071,0,0.0,,2.7777777777777772,0.48865463307828255,0.21771340218972401,2.6456402051774797,0.0020336724974251443,0.0020336724974251443,3.32953635284456,14.687626526033732,0.0,False,,,,
synthetic-inprior,inprior_0290,DNN classifier n50,50,50,False,0.05092290000175126,38.63958864144786,38.63958864144786,0,1.2268000691806037e-06,24.499999999969372,1.000002471671028,1.0886293920100867,0.7514481487096814,3.1089414682626946,0.0020324456973559637,0.0020336724974251443,3.32953635284456,14.687626526033732,0.0,False,,,,
synthetic-inprior,inprior_0290,PFF ensemble,200,6,False,0.5561461000033887,39.115057339770914,39.115057339770914,0,0.0007975885127740105,11.460985188649346,2.919918545786152,0.2047801077275248,0.049615326172016354,0.388408061721232,0.0012360839846511339,0.0020336724974251443,3.32953635284456,14.687626526033732,0.0,False,,,,
synthetic-inprior,inprior_0290,TSVD_NN,100,7,True,0.04505230000359006,38.05681199510672,38.05681199510672,0,0.005576752370578408,49.49999718562607,2.765964795944593,0.5653849224901162,0.1136982377350404,2.4343195362412136,0.003543079873153264,0.0020336724974251443,3.32953635284456,14.687626526033732,0.0,False,,,,
synthetic-inprior,inprior_0290,truth (reference),200,6,False,0.0,38.47434733080089,38.47434733080089,0,0.0020336724974251443,11.664768175738192,3.32953635284456,0.0,0.0,0.0,0.0,0.0020336724974251443,3.32953635284456,14.687626526033732,,False,,,,
synthetic-inprior,inprior_0291,CNN n50,50,50,False,0.16708129999460652,31.9757287065699,31.9757287065699,0,0.17031503012618962,19.239307044060038,10.985447217610917,1.6658651024495228,0.10055549127739309,1.3053700563283972,0.054268948230143416,0.1160460818960462,8.812883661336956,17.023915810263052,6.943068924037248,True,,,,
synthetic-inprior,inprior_0291,DNN spectrum n20,20,20,False,0.15510749998793472,47.90873792295264,47.90873792295264,0,0.0,,2.7777777777777772,3.2342709497712265,0.500410951265465,2.9352699192269167,0.1160460818960462,0.1160460818960462,8.812883661336956,17.023915810263052,6.943068924037248,True,,,,
synthetic-inprior,inprior_0291,DNN classifier n50,50,50,False,0.155250600000727,41.44548719634611,41.44548719634611,0,1.2268000691806037e-06,24.499999999969372,1.000002471671028,3.45157705942378,0.837099566116843,3.114579336392216,0.11604485509597702,0.1160460818960462,8.812883661336956,17.023915810263052,6.943068924037248,True,,,,
synthetic-inprior,inprior_0291,PFF ensemble,200,6,False,0.7417348999879323,33.71714625680643,33.71714625680643,0,0.10348955526706101,14.136955368326761,7.633392718419189,0.4842340842327917,0.06261129164039744,0.49810976419261643,0.012556526628985196,0.1160460818960462,8.812883661336956,17.023915810263052,6.943068924037248,True,14.965265274047852,2.0586505362152003,3.4147257804870605,True
synthetic-inprior,inprior_0291,TSVD_NN,100,7,True,0.012260899995453656,31.80165595585728,31.80165595585728,0,0.1388936648473812,22.751600604588454,6.892961376955414,2.0431488757235687,0.4275578869448893,2.273918660111571,0.022847582951334988,0.1160460818960462,8.812883661336956,17.023915810263052,6.943068924037248,True,,,,
synthetic-inprior,inprior_0291,truth (reference),200,6,False,0.0,33.236525912282474,33.236525912282474,0,0.1160460818960462,14.810791361210434,8.812883661336956,0.0,0.0,0.0,0.0,0.1160460818960462,8.812883661336956,17.023915810263052,,True,,,,
synthetic-inprior,inprior_0292,CNN n50,50,50,False,0.16240979998838156,29.210799877885037,29.210799877885037,0,0.09424516900441188,18.002694552669965,7.601421281753748,0.9278374859082504,0.08719515421809078,1.0450071331999793,0.03945842733601182,0.1337035963404237,9.11515749795157,15.537917030334867,10.893175388940055,True,,,,
synthetic-inprior,inprior_0292,DNN spectrum n20,20,20,False,0.1713300999981584,40.13451801303332,40.13451801303332,0,0.0,,2.777777777778579,3.412168932668392,0.5098378070534929,2.9397738000813676,0.1337035963404237,0.1337035963404237,9.11515749795157,15.537917030334867,10.893175388940055,True,,,,
synthetic-inprior,inprior_0292,DNN classifier n50,50,50,False,0.14984720000938978,34.89738127436729,34.89738127436729,0,1.2268000691806037e-06,24.499999999969372,1.000002471671028,3.62317722116383,0.8405287885009712,3.1182865265854627,0.13370236954035453,0.1337035963404237,9.11515749795157,15.537917030334867,10.893175388940055,True,,,,
synthetic-inprior,inprior_0292,PFF ensemble,200,6,False,0.822232399994391,29.662193770135577,29.662193770135577,0,0.07546031671319059,13.747689811537931,7.2870302579223445,0.9858137944839744,0.08036667661249736,0.4628348699407652,0.05824327962723311,0.1337035963404237,9.11515749795157,15.537917030334867,10.893175388940055,True,14.522921562194824,1.014995468140043,3.4332633018493652,True
synthetic-inprior,inprior_0292,TSVD_NN,100,7,True,0.10019319999264553,29.12172870918847,29.12172870918847,0,0.16892645864087166,13.793046462096278,5.532952059885471,1.0692247686025032,0.24600253616323886,1.879936609715417,0.035222862300447966,0.1337035963404237,9.11515749795157,15.537917030334867,10.893175388940055,True,,,,
synthetic-inprior,inprior_0292,truth (reference),200,6,False,0.0,29.18496322273011,29.18496322273011,0,0.1337035963404237,14.618850706548642,9.11515749795157,0.0,0.0,0.0,0.0,0.1337035963404237,9.11515749795157,15.537917030334867,,True,,,,
synthetic-inprior,inprior_0293,CNN n50,50,50,False,0.15601180000521708,31.06519632808342,31.06519632808342,0,0.10040942304271423,18.186022228379688,8.361094564407749,1.1724495132805823,0.16980986595570574,1.2071923663605093,0.007676830591726053,0.10808625363444029,6.325308988994574,18.075142139793236,7.7316798487108205,True,,,,
synthetic-inprior,inprior_0293,DNN spectrum n20,20,20,False,0.15259800000058021,43.52808225127747,43.52808225127747,0,0.0,,2.7777777778476724,2.713363609676743,0.3788048805196342,3.1808583923528446,0.10808625363444029,0.10808625363444029,6.325308988994574,18.075142139793236,7.7316798487108205,True,,,,
synthetic-inprior,inprior_0293,DNN classifier n50,50,50,False,0.16228279999631923,37.85879816494157,37.85879816494157,0,1.2268000691806037e-06,24.499999999969372,1.000002471671028,3.0934461371247,0.8033557820638657,3.430742410014647,0.1080850268343711,0.10808625363444029,6.325308988994574,18.075142139793236,7.7316798487108205,True,,,,
synthetic-inprior,inprior_0293,PFF ensemble,200,6,False,0.743262500007404,31.42928295633628,31.42928295633628,0,0.11581678458978578,14.892399288083643,7.1961392694490245,0.49894334125378637,0.08661649520086714,0.4624794492226837,0.0077305309553454965,0.10808625363444029,6.325308988994574,18.075142139793236,7.7316798487108205,True,15.886482238769531,2.188659901023705,3.5546205043792725,True
synthetic-inprior,inprior_0293,TSVD_NN,100,7,True,0.03374530001019593,30.32992197772601,30.32992197772601,0,0.0944120932962249,23.888363911413652,5.092415448582883,1.1586699201350834,0.24365430796556325,2.914215542828442,0.013674160338215391,0.10808625363444029,6.325308988994574,18.075142139793236,7.7316798487108205,True,,,,
synthetic-inprior,inprior_0293,truth (reference),200,6,False,0.0,31.07681890735582,31.07681890735582,0,0.10808625363444029,17.08250279072331,6.325308988994574,0.0,0.0,0.0,0.0,0.10808625363444029,6.325308988994574,18.075142139793236,,True,,,,
synthetic-inprior,inprior_0294,CNN n50,50,50,False,0.17369620001409203,30.122470415104043,30.122470415104043,0,0.5999616964245387,37.59858925583852,22.88197723286788,5.5416181013425945,0.40058337637759606,0.574676537568001,0.15103936164617737,0.751001058070716,48.63746295987104,15.225573615746333,0.0,False,,,,
synthetic-inprior,inprior_0294,DNN spectrum n20,20,20,False,0.14813049999065697,62.05990223728881,62.05990223728881,0,0.0,,2.7778381894815976,21.291365847203664,0.9222267700416801,4.139001458746664,0.751001058070716,0.751001058070716,48.63746295987104,15.225573615746333,0.0,False,,,,
synthetic-inprior,inprior_0294,DNN classifier n50,50,50,False,0.14202689999365248,54.1431427175293,54.1431427175293,0,1.2268000691806037e-06,24.499999999969372,1.000002471671028,21.14381340970428,0.9740787852120786,4.25409915740404,0.7509998312706468,0.751001058070716,48.63746295987104,15.225573615746333,0.0,False,,,,
synthetic-inprior,inprior_0294,PFF ensemble,200,6,False,0.767958099997486,30.723048464553983,30.723048464553983,0,0.7584935461548443,28.619930590484532,48.95297119876339,0.3034832238565794,0.009054536760157845,0.009647093955648804,0.007492488084128279,0.751001058070716,48.63746295987104,15.225573615746333,0.0,False,,,,
synthetic-inprior,inprior_0294,TSVD_NN,100,7,True,0.06259309999586549,30.024129960232667,30.024129960232667,0,0.47020653528420964,40.13445565601717,8.183188392305524,6.916017062578433,0.7804524785245092,3.797491602323248,0.2807945227865064,0.751001058070716,48.63746295987104,15.225573615746333,0.0,False,,,,
synthetic-inprior,inprior_0294,truth (reference),200,6,False,0.0,30.756339791207164,30.756339791207164,0,0.751001058070716,28.455736103379415,48.63746295987104,0.0,0.0,0.0,0.0,0.751001058070716,48.63746295987104,15.225573615746333,,False,,,,
synthetic-inprior,inprior_0295,CNN n50,50,50,False,0.1506366999965394,28.94750245536814,28.94750245536814,0,0.3426863979995855,32.33744168711404,13.363366682603036,4.538387895831808,0.3578917361308186,0.41050195330130346,0.19241989077621985,0.5351062887758053,30.96070617680415,12.925505528022864,0.0,False,,,,
synthetic-inprior,inprior_0295,DNN spectrum n20,20,20,False,0.1270001999946544,55.98473259899482,55.98473259899482,0,0.0,,2.777777777778202,13.060996590355641,0.8313946488742631,4.013933735418005,0.5351062887758053,0.5351062887758053,30.96070617680415,12.925505528022864,0.0,False,,,,
synthetic-inprior,inprior_0295,DNN classifier n50,50,50,False,0.14062530000228435,48.373709510488894,48.373709510488894,0,1.2268000691806037e-06,24.499999999969372,1.000002471671028,12.979929790420323,0.9438595533175989,4.122576754250237,0.5351050619757362,0.5351062887758053,30.96070617680415,12.925505528022864,0.0,False,,,,
synthetic-inprior,inprior_0295,PFF ensemble,200,6,False,0.7546911999961594,29.86063765671728,29.86063765671728,0,0.4946489547746324,21.756055701428366,27.66438195039116,1.3564316459044314,0.04756103726436221,0.08387617070835858,0.04045733400117296,0.5351062887758053,30.96070617680415,12.925505528022864,0.0,False,,,,
synthetic-inprior,inprior_0295,TSVD_NN,100,7,True,0.1740983000054257,28.557388327336305,28.557388327336305,0,0.4013166957777295,30.5925961834848,6.391050987669626,5.7966122200880985,0.679809430770047,3.6077652311539614,0.13378959299807586,0.5351062887758053,30.96070617680415,12.925505528022864,0.0,False,,,,
synthetic-inprior,inprior_0295,truth (reference),200,6,False,0.0,29.55932012971856,29.55932012971856,0,0.5351062887758053,22.905808318412323,30.96070617680415,0.0,0.0,0.0,0.0,0.5351062887758053,30.96070617680415,12.925505528022864,,False,,,,
synthetic-inprior,inprior_0296,CNN n50,50,50,False,0.14063029999670107,30.204300732294882,30.204300732294882,0,0.18124346521679463,17.041276641850022,11.945301670097038,1.2621174847493573,0.08587230819702434,0.39061078442977865,0.07225264445111895,0.2534961096679136,14.136025752670434,19.996165649927388,11.318116563956822,True,,,,
synthetic-inprior,inprior_0296,DNN spectrum n20,20,20,False,0.15950989999691956,35.460425752241086,35.460425752241086,0,0.0,,2.777781221662569,4.538433365395061,0.7424960547063654,3.470197409529399,0.2534961096679136,0.2534961096679136,14.136025752670434,19.996165649927388,11.318116563956822,True,,,,
synthetic-inprior,inprior_0296,DNN classifier n50,50,50,False,0.16698759999417234,41.652526038876665,41.652526038876665,0,1.2268000691806037e-06,24.499999999969372,1.000002471671028,5.92722217505389,0.8841989233942205,3.6015856911869566,0.2534948828678444,0.2534961096679136,14.136025752670434,19.996165649927388,11.318116563956822,True,,,,
synthetic-inprior,inprior_0296,PFF ensemble,200,6,False,0.8245386000053259,30.952946224978476,30.952946224978476,0,0.16510118858165526,15.011906483240717,10.640489367985332,1.7946415881487883,0.10388876383110439,0.5045142847201867,0.08839492108625832,0.2534961096679136,14.136025752670434,19.996165649927388,11.318116563956822,True,15.172088623046875,4.824077026880513,3.413142681121826,False
synthetic-inprior,inprior_0296,TSVD_NN,100,7,True,0.05717260000528768,29.017041636412593,29.017041636412593,0,0.13028331868509216,31.64008796705674,5.39445261616806,3.7149885903556443,0.6444915875744098,3.2509720376587112,0.12321279098282142,0.2534961096679136,14.136025752670434,19.996165649927388,11.318116563956822,True,,,,
synthetic-inprior,inprior_0296,truth (reference),200,6,False,0.0,29.88056976021268,29.88056976021268,0,0.2534961096679136,17.112621440210592,14.136025752670434,0.0,0.0,0.0,0.0,0.2534961096679136,14.136025752670434,19.996165649927388,,True,,,,
synthetic-inprior,inprior_0297,CNN n50,50,50,False,0.16211679999832995,30.575438958139173,30.575438958139173,0,0.03817837594582399,17.91343334980428,5.691592452262025,1.601511430250445,0.1817745856699136,0.7434941334084305,0.07270527193044297,0.11088364787626696,9.13078336366129,17.447167917451786,0.0,False,,,,
synthetic-inprior,inprior_0297,DNN spectrum n20,20,20,False,0.13157880000653677,40.1379940577358,40.1379940577358,0,0.0,,2.7777779517408843,3.264706056707638,0.5169766691995946,3.0029107096825003,0.11088364787626696,0.11088364787626696,9.13078336366129,17.447167917451786,0.0,False,,,,
synthetic-inprior,inprior_0297,DNN classifier n50,50,50,False,0.1606277999962913,35.30830701696056,35.30830701696056,0,1.2268000691806037e-06,24.499999999969372,1.000002471671028,3.4595087998655525,0.8415555251716986,3.177387736113635,0.11088242107619778,0.11088364787626696,9.13078336366129,17.447167917451786,0.0,False,,,,
synthetic-inprior,inprior_0297,PFF ensemble,200,6,False,0.769246000010753,30.56368243723236,30.56368243723236,0,0.048568505944002416,13.012489940530285,6.357479991520762,1.3491117999104065,0.13301548925011752,0.9376441256512545,0.06231514193226455,0.11088364787626696,9.13078336366129,17.447167917451786,0.0,False,,,,
synthetic-inprior,inprior_0297,TSVD_NN,100,7,True,0.02998519998800475,29.974321614585694,29.974321614585694,0,0.0,,4.659481179932442,1.916332445978962,0.5736879024706519,2.7297939897065215,0.11088364787626696,0.11088364787626696,9.13078336366129,17.447167917451786,0.0,False,,,,
synthetic-inprior,inprior_0297,truth (reference),200,6,False,0.0,30.064239977590535,30.064239977590535,0,0.11088364787626696,14.559493811214193,9.13078336366129,0.0,0.0,0.0,0.0,0.11088364787626696,9.13078336366129,17.447167917451786,,False,,,,
synthetic-inprior,inprior_0298,CNN n50,50,50,False,0.14822080000885762,31.09050053233791,31.09050053233791,0,0.17128117888709357,18.400768379274577,10.09792353558252,2.242856135182535,0.21890805702260246,1.3779335760210063,0.14956453959124752,0.3208457184783411,10.785847581730524,17.23581978122395,16.06477506418144,True,,,,
synthetic-inprior,inprior_0298,DNN spectrum n20,20,20,False,0.15064369999163318,48.04871144279726,48.04871144279726,0,0.0,,2.777777777782435,5.8678045240738275,0.5587392105444592,3.24216853123536,0.3208457184783411,0.3208457184783411,10.785847581730524,17.23581978122395,16.06477506418144,True,,,,
synthetic-inprior,inprior_0298,DNN classifier n50,50,50,False,0.13080239998816978,41.710337489213636,41.710337489213636,0,1.2268000691806037e-06,24.499999999969372,1.000002471671028,6.077503622863361,0.8623397268141889,3.445711553565313,0.3208444916782719,0.3208457184783411,10.785847581730524,17.23581978122395,16.06477506418144,True,,,,
synthetic-inprior,inprior_0298,PFF ensemble,200,6,False,0.7609206000051927,31.88659318928142,31.88659318928142,0,0.18153838795866864,14.600042612053413,7.934811806946528,2.3727693395733067,0.1605518054296399,0.5012675426009945,0.13930733051967245,0.3208457184783411,10.785847581730524,17.23581978122395,16.06477506418144,True,15.058296203613281,2.1775235776106676,3.4606049060821533,True
synthetic-inprior,inprior_0298,TSVD_NN,100,7,True,0.05334739999671001,30.27338607472531,30.27338607472531,0,0.5167400178996145,15.224511022530342,3.3786803005096724,3.3229974747134055,0.7247439346836114,3.174652121908071,0.19589429942127345,0.3208457184783411,10.785847581730524,17.23581978122395,16.06477506418144,True,,,,
synthetic-inprior,inprior_0298,truth (reference),200,6,False,0.0,30.666221047549858,30.666221047549858,0,0.3208457184783411,16.633009561585354,10.785847581730524,0.0,0.0,0.0,0.0,0.3208457184783411,10.785847581730524,17.23581978122395,,True,,,,
synthetic-inprior,inprior_0299,CNN n50,50,50,False,0.14465790000394918,30.50781235416367,30.50781235416367,0,0.08383680042716377,18.544925149280143,7.365380617055523,0.7932071186288393,0.08358033518659598,0.9305172802504725,0.01847831357080082,0.10231511399796459,8.811233889469177,13.119345376435193,0.0,False,,,,
synthetic-inprior,inprior_0299,DNN spectrum n20,20,20,False,0.15592400000605267,33.096545079675565,33.096545079675565,0,0.0,,2.7777781325388284,2.4358267318268743,0.6860148860669476,2.9776811575284374,0.10231511399796459,0.10231511399796459,8.811233889469177,13.119345376435193,0.0,False,,,,
synthetic-inprior,inprior_0299,DNN classifier n50,50,50,False,0.1542468999978155,36.74378842871092,36.74378842871092,0,1.2268000691806037e-06,24.499999999969372,1.000002471671028,3.3128189375611186,0.8377054079766376,3.13312460950341,0.1023138871978954,0.10231511399796459,8.811233889469177,13.119345376435193,0.0,False,,,,
synthetic-inprior,inprior_0299,PFF ensemble,200,6,False,0.29322989999491256,31.232547618372006,31.232547618372006,0,0.0773050837337614,13.68747969363219,7.245633538483962,0.6828327409040119,0.07367993858098114,0.6174692149317896,0.02501003026420319,0.10231511399796459,8.811233889469177,13.119345376435193,0.0,False,,,,
synthetic-inprior,inprior_0299,TSVD_NN,100,7,True,0.012984500004677102,30.30274945424881,30.30274945424881,0,0.10715545793670897,18.483849042956503,5.15587840065181,1.6876800159308378,0.30831553550980717,2.594655726324243,0.004840343938744385,0.10231511399796459,8.811233889469177,13.119345376435193,0.0,False,,,,
synthetic-inprior,inprior_0299,truth (reference),200,6,False,0.0,30.8153405810251,30.8153405810251,0,0.10231511399796459,14.401330101505367,8.811233889469177,0.0,0.0,0.0,0.0,0.10231511399796459,8.811233889469177,13.119345376435193,,False,,,,
