a1,a2,a3,a4,a5,a6,sigma
60.67591556193205,1.4350123098481804,1.1678251345873398,34.51047295275815,1.0507389455865646,138.489555516915,0.000825620089227789
61.249253991909946,1.3405853411112707,0.8391236203853782,37.293472477736444,1.2471229297249649,137.33342565074608,0.0008975355990442404
84.07318903242499,1.5550340238532698,0.9153429726150176,34.281155335295026,1.3928052714863735,264.31448600516336,0.0009251680277707938
193.73921843642967,1.197132761703849,4.542439593161822,33.64874280182715,0.47835987593751444,625.3036354746231,0.0011177213643878841
231.88658786773854,1.1561102699220966,3.5775197863186046,34.876029297466104,1.1863438912901514,1190.8720201065353,0.0010741950868433255
95.27402989344753,1.900779181214669,1.5142927847286214,34.76763444222004,0.4939875170273577,49.77326091499849,0.001016161878198563
237.7959017216712,1.1890410193650987,4.703350245277858,44.26102402365015,0.943052333717431,875.710332664626,0.00103110203769728
227.00279088487702,1.5048022718229623,2.2671548805125186,40.74766692134552,0.27696614238054673,408.92967554856585,0.0011413867444663444
177.8723176347522,0.9656715515487755,10.451076455961992,37.02674699006793,0.7565290194600395,135.31933505114733,0.0009742874827487843
162.50688821451726,1.2562597713849297,4.551107373405184,40.88056731277349,0.16187686301437818,426.50559925540176,0.0010009779862940912
196.05963135517032,1.0737852707625353,4.69528173148735,34.50551364527266,0.15518402809151538,310.4816178358179,0.0010343902622646443
96.09466936054437,1.416177740242377,1.4884371480549823,45.43527262032906,0.8474554088723714,674.1854763140112,0.0010628228007935063
222.65622031086636,1.591983631923584,1.807565743057759,44.42074935063288,1.5203260784834407,362.95779994037207,0.0010045423074475032
145.86488480546433,1.2345831102919478,2.4852731465631317,47.91728936848018,0.8846492204154355,1036.1380316144011,0.001012148572581918
116.69578975444898,0.944076878949714,2.0001424241976706,48.38152079602928,3.082122914031863,766.2069967054767,0.0009527998449626351
137.9168728846538,1.254828991791909,2.17944112055835,46.55953086696488,0.5377672996743726,253.62234818710425,0.0008999406812349532
160.67150426755862,1.063611665753012,2.6471327666401336,46.44474183150823,0.8965541920384031,321.86493797931286,0.0009000548648768673
183.88517906290247,1.5855091483000219,1.6053052571076933,36.62625010445992,0.8845950769136303,460.47130547012983,0.0009629983755307038
175.42816482298326,1.5868835524144604,2.5348623593425206,41.314429435849604,0.6482843870133793,69.03778945848141,0.0010205651955544088
245.12025072882196,1.1378445892588798,2.809871883264299,37.38912891597684,1.561634118545991,978.2743929883281,0.0010827899797300367
244.36399593893685,1.2628826537275846,7.270767736774861,31.77106104812197,0.43749357701124475,177.04211787317757,0.0010574201488202837
206.44206878911587,0.9352756274417753,12.745443238839027,39.706155100963954,0.16105704106383006,250.9068544557908,0.0010992341443113438
226.42617169907732,1.2230620612560112,11.087309178894138,37.33057818687021,0.14352136192408557,136.76813130405267,0.001172451777464256
97.56712604621886,1.3572575986297484,4.008962590395185,36.40976957476217,0.12628477116445946,98.19290647310592,0.0010500529023034972
156.290569572936,1.7130997026377255,1.9924126702481362,40.314143232502765,0.14871893319529259,952.1734254218863,0.0009990418828178297
127.49258006627026,1.0468133881545465,3.3024344883353742,40.660255705644964,0.06252509519229314,1023.5511729753115,0.0011192469577632755
142.823103413836,1.6668510367903926,4.334132879585783,38.876889636226196,0.017528865667979815,305.723611701811,0.0010877277448389962
224.68144468900763,0.7392506264332351,10.524588342477438,40.99737174031109,0.018466964293715794,432.19443172856444,0.00104251046697441
204.99206101899588,1.2791785019349073,5.544386157901625,34.73636297328864,0.04633783600152681,603.5054304770939,0.0011012810933462586
179.10925737795685,1.0161390898557534,7.008251967252773,27.69469139235853,2.121351019996939,70.6881423233779,0.0011238786794664022
77.35940647582142,1.4284657047382956,1.0821951553136862,41.49728365466963,0.3786072823058046,199.55037888693008,0.0011824935810559284
76.75870842632631,0.8319912117162217,3.2610530949832675,28.32273079320442,2.410946010810412,298.27004455748363,0.0010496914707376374
244.2471266558747,1.0379514130139138,16.07280239580859,35.741423624537646,0.02014579344819549,165.78242803022303,0.000997671082549121
238.6651248976907,1.3133073886701572,13.299518290499119,33.0935762803833,0.023938280893995148,140.21585391889676,0.0010313131223033943
117.15743724258863,1.0291407864964162,12.109154307608774,32.036214935986614,0.10485734264902448,48.722697810515896,0.000931453002506047
225.66672792399146,1.7648027441062786,6.448686971603122,36.01392971811758,0.027080458608032425,147.42004376103498,0.0011638166597142264
224.77927129356752,1.050558966217305,4.525776538690242,35.5424277567828,0.4618976848224895,497.586607527914,0.0010513061770364275
220.74584005933627,1.1058171548503206,4.281503594400826,39.00954217520474,0.48086559253803224,626.5365387163386,0.001057623101032071
229.9800612762205,1.3525973541389638,5.0505503581129485,30.397655170470365,1.7863655288378932,523.0123549795387,0.001004280392719377
227.22568307408807,1.2835174321741691,4.719693939950039,29.091882542062464,1.7677168231776663,464.50239812150784,0.0009548137974807962
203.92182819281823,1.490316734540495,3.885305033334914,33.75247429062994,0.5361205154175362,303.5840039981779,0.0008906636923346747
208.70339490026447,1.0880420449295662,7.377535776085957,33.97863335599107,0.34808048218729126,285.78596143600663,0.0009461499240438917
246.7891588001339,0.8787558620948916,9.769115233981736,34.89754373446239,0.5347279030365774,222.65234466797682,0.0010031305945587638
239.74550531291362,0.8901961986128998,5.508607611667261,41.79086622133883,1.1473895827727356,191.0764542904633,0.0008256419673915784
219.68216992288504,0.8746145726505474,4.519042958001732,44.390098473036474,0.9003538290473159,413.03695145953407,0.0008958776356104971
94.57190653597954,1.6891550489242577,1.3537219208644196,33.76255806645069,1.4691898906677858,749.4501896236012,0.0010311010172242864
225.39690088044216,1.1919426678566842,5.890926965086449,42.057620445670764,0.14843170273167253,275.99830132508214,0.0009619996125523497
173.5512220324844,1.1564363973081218,3.6235103676707494,34.146418162872386,0.802034674844508,92.50301090781379,0.0009973587996283983
171.0844693181356,1.2826300433794646,3.4295756771805554,37.20390864273255,0.7690315344393598,414.0646587703644,0.0009265874774855549
227.914409175478,0.8717683448807042,6.725796564071475,37.7867638734715,1.2320519676759007,693.3546519192832,0.0010884527624580777
129.55934997140415,1.7445533438039933,1.141329237385619,43.48764462446757,1.2119447795563627,445.98634512251954,0.0008662200074618823
185.67807688097585,1.7656142832942874,1.7263067184315608,45.82078283422506,0.3248296028116948,215.02088166869254,0.0008611139429103
213.3149900320787,1.1069239288091195,3.9519575536257956,35.975347916961034,0.9968040622976198,472.93837600108554,0.000888718862192622
219.30693662714742,1.5415020068621783,2.794403885321213,37.4341161861965,0.5279805568873508,593.524529108324,0.0008903706621564461
123.3310083742397,1.502646748579827,3.120806425651895,30.357503753664567,1.2145225840047484,416.51294511776274,0.0010648623990416747
179.37498482725195,1.2380261257043497,4.6992674238751295,36.07359259710049,0.5264008864023096,216.52670949189542,0.0010410445966021872
138.18701651435998,1.5827650186914726,1.9970254377945307,41.83707523089261,0.477052792057526,202.09187332582695,0.0010013711797834022
169.10835262068986,1.164250250728461,3.7389696721843615,31.166827355301983,0.9421271116459664,377.13028580096216,0.0010841755592102243
157.83364386747536,0.6737485888893363,3.2187744586376605,41.91233773512252,2.6807787277154858,661.1656215367843,0.0011359301921172577
198.5028085276322,1.6801441465402667,4.068937186992597,43.06297275739411,0.09002959113350388,74.66415761785987,0.0009954503998558775
154.9530796261696,0.5860065791162665,13.145027635952166,31.351962740488652,0.31582701434755855,627.2989702831119,0.000906887201003751
226.2684217387889,1.2500547460706408,8.488300702917316,30.3311939699718,0.16111172495837708,172.4794934106374,0.001093161989368326
228.61418106206304,1.121915134051865,7.179409212222956,31.12091640636259,0.9042336539543164,1042.7884510349195,0.0011630028410958863
244.32222394834687,0.9275728302118202,7.45258637973632,32.30549917181554,1.048177838153062,79.78884489482148,0.0011589420756719958
243.15580665562516,1.1238682079009468,6.09419760056138,34.115580454372065,0.8591955526476441,102.19890362184272,0.0011766883739825203
235.33327683754513,1.0464143065618667,8.720602362178925,29.003879836815063,0.5213750029737779,320.5488697027969,0.0010412255687490255
148.18276991741803,1.2488620136206903,1.8830935355047103,35.28201834605693,1.1867098880074078,277.74083596843394,0.0010509516244973005
81.62761456215671,1.0185089461152583,1.3421960317826245,44.456525393406835,1.3170207855578469,494.99426007279556,0.0009757472692488504
86.98582569577883,1.5439731591393886,0.8009722054656786,46.77538283825145,1.189098367143457,166.17550652760193,0.0009221476254667094
142.90003222575496,1.6899296177122043,1.7207138211430957,46.86308175412264,1.4785314761719683,46.057200503971835,0.001083837368715822
182.7072769267363,1.159221038158375,2.4935563554429203,41.56735386052852,0.6729558992673205,1283.7451717953957,0.000927922241817665
183.33401095690783,1.4586827817600705,3.9416682279368525,32.32707912516465,1.3482264989175659,97.2035870993529,0.0011635202306607697
175.46852364775862,1.5010691002239893,3.883636303300481,33.15879356134356,1.3451002694732959,78.72953038331251,0.0011739164392825508
154.6253396393278,1.8365428236471444,1.0222180408766075,42.617097491680255,0.9028900992053448,54.56695662521365,0.00098363230746277
205.78135782905125,1.67236804268792,5.298722933924339,28.68198328568456,1.2422410620604305,241.15881659458634,0.0010424874395454935
105.71870001046855,1.1725150264940742,2.5331367380019993,48.01835605347418,0.478827664250548,63.72786492639435,0.0009857005191911106
140.83063174780503,1.0699802198965054,2.6041116755748073,48.17355109527726,0.6939963384092986,84.01187290974379,0.0010191719375304252
159.50216544214433,1.309521716349371,3.3487202092092527,48.29224879233688,0.9435859315963689,326.87174324694706,0.0010455999698512019
200.36127532880113,1.4249043790833065,3.417938302144717,45.060037248416734,0.9439724790596877,574.0851948360194,0.0011782115108020309
133.10693160643436,1.1383558636766034,2.815258093609039,47.54693653579007,0.11166555076832435,612.9990441504415,0.0011442863415002899
173.53627082408224,1.5040921437307815,2.68854942895272,37.01199174995028,3.1835123134240657,206.65953590645026,0.0011856515313263941
234.65168932316223,0.8728155064343581,9.664387196618208,38.811788611640495,0.013852904673646943,722.4864220989787,0.0010350268923243297
113.70932844663166,1.65421863705684,2.5984478307394863,39.87765983506538,0.28313891326335866,354.9426905527943,0.0009848209567555962
87.24534343374268,1.7541203516192638,2.9022828944260275,34.43319348170407,0.3606909010292709,369.60770840541755,0.0009862410451386672
80.51224717194755,1.7350676127269236,2.9698173224313176,26.488107205163303,0.7672160594231245,1232.9862664228033,0.0009827374154368748
215.52338037670162,1.590570131027636,3.560778742255043,37.28774883635349,0.5621993590550185,84.11985510971665,0.0008971078528894436
109.05986937885996,1.9493759672124156,2.1298842778006355,31.738616732744873,0.6032871233497132,40.19567820480762,0.0009297926251136906
215.8870116828435,0.8156802261250478,6.415322298008405,38.84052955850337,1.008543462059563,295.36242639766783,0.0011278789118822931
211.19686760174994,1.895950290078584,1.2704460128569417,44.13240515681748,1.518968739332882,279.03384724665375,0.0009272590718687124
124.37343881793834,1.8557931550209639,1.871542547014932,30.09370685386807,0.6608977057976245,135.8340917912326,0.0009867920211850077
228.9102985440073,1.8782406952273216,1.7179300583043844,33.411850873673,1.1243961341645947,1272.7505248749674,0.0010356335530385657
230.02018708586357,1.8616395930453733,2.020582496917118,42.25936003175976,1.133592131905798,383.4969558258514,0.0010275040868465278
248.91298222132866,1.3543466585242119,5.735473542269989,33.84377382056522,0.39411506640161015,787.6909624318912,0.0010956437820628317
108.78590995741034,1.084716496661066,1.3753425807050548,35.175484869984345,1.0764392855427842,156.17946560920106,0.0010373730424990716
240.81065520118054,1.2087330459036048,7.543224771912092,41.855358872685564,0.1041716045902798,23.22701724352364,0.00105536063340272
247.86361977058482,1.8138507274500306,12.135130925493515,30.47939487898613,0.12021930607715377,21.70059604629712,0.000976646139924806
96.38312548451887,1.9195428764689655,4.681567735413879,31.96667164648089,0.06655324547265078,14.158685069427314,0.0009088659829853596
72.03399137721443,1.813526875159546,1.8750917540621446,38.57000934720027,0.09510045168632573,9.15925966581014,0.0009371457384636728
240.44795063426153,1.8319546487057674,3.596086891923002,29.05870048696466,0.1137825296915272,1541.51101740022,0.0009944281130846056
241.4553789319082,1.6842729507556964,3.6489804046651906,38.108641241278214,0.17320987407477556,784.0946855827981,0.000974439856094385
77.87167849552982,1.2170541477262509,2.039217491802494,31.47674385462979,1.3358548627277937,433.74190112168867,0.0009786015108435053
99.53865712430121,1.0990951892848417,1.346105984909112,40.75406375036009,1.3021990673128616,348.76682781217943,0.0010765588143191952
117.7637139998342,1.4540591134119702,1.8860682484227134,34.77341938901716,0.13813973753526135,751.9576628830988,0.001097389032277672
195.27816585852685,1.9638033065671678,7.768042273378962,25.17491748155248,0.07999381614586981,270.99698559793313,0.0009858021459455146
233.82266641445588,1.9806127223759846,1.3898110978789893,41.75270623302542,1.0754149813425222,918.8477871518181,0.0009519801382778862
248.50893721742344,1.4416653338917431,4.173954944090807,38.50855144349585,0.261944436184375,127.57191038388854,0.0011537567607691676
248.8583678957183,0.8408504912120687,6.774360933577069,35.30488547325606,1.3277961639493574,489.64246934954906,0.0011799874415466633
222.47667855981547,1.5307049947402964,9.569996950855208,28.34673534047913,0.054440997447410135,322.55463113993164,0.001195558900464287
160.75751078047378,1.2097451516567526,7.783308970530293,29.326966817660903,0.15917903754651527,164.8027508035889,0.0009140025932308016
215.69488706422183,0.9184236843034131,22.50095039485218,34.5411503773379,0.08479168828769756,65.97451548902403,0.0009417050184737216
147.92943763659557,1.5261871523016675,3.190003934094144,36.36412292142223,0.2290777478811871,376.32182810673174,0.0009815419331671244
208.2903513465474,1.3364583699656394,3.014799687326247,34.039429671857235,1.503912913614362,485.1405264230778,0.000995226568903368
124.80034331068556,1.4230120868226743,3.74175927682256,33.029538648900484,0.31539630781557226,174.74188636412623,0.0012622546691558958
100.43187256879511,1.5427747866757346,0.6852535278463965,41.069234069390596,2.0078978931801945,319.8220067184481,0.0011424138017268521
126.86014209795596,1.4923090615252088,1.970450707977953,34.728291782268,0.7529370694705911,425.0169879013077,0.0011433239858282965
234.4949337957694,1.381026187473061,5.821520373342085,40.31197491487364,0.12578311026273395,323.6369079998615,0.0010938220763374062
234.72671310948684,1.0201354855137958,6.24678454672182,41.95855979787193,0.1829624140604255,210.0517892466504,0.0010988948249492979
154.31667458105866,1.421398071343698,5.23069196247606,30.154203793481308,0.47197429296805843,171.56754759482055,0.0009097049853757362
206.65905439328418,1.333457665219336,7.742177649681348,33.03109822445526,0.07033802193987065,381.16867784968696,0.0010866671171388328
162.8923519626721,0.7586375898542839,9.328413596452892,34.50246033152095,0.07054407633427,505.63229663456883,0.0010404321900530859
211.00551159635043,1.8572000400053172,4.739139572764895,34.01460283492646,0.037999866269788116,143.2652513577942,0.0010893913323289579
145.68688033602947,1.0872662056691025,4.589113447328613,36.24992581114111,0.30682783247233064,247.56974295230273,0.0009709959348409474
180.43967345891093,1.7536479107503975,1.6711476170895394,38.072567396827125,1.0962461462654849,80.506424156248,0.0010221817084128733
69.29056287449491,1.3382948007395807,0.8517253163176064,34.5668101122679,1.4930942677680492,237.7298350321901,0.0010152695154240728
104.4826497370913,1.6566820156656128,0.8646487200565076,44.230677185415985,1.1116844619474733,1038.5363603719363,0.0010889086520373269
106.81478004711195,1.1162659700259423,2.9868811243516835,34.56499308085417,0.9879342510717566,199.37939872046482,0.001010279161696441
231.64569910055747,1.6001605193110973,10.314913195799964,29.91862754620412,0.09008214352424464,210.0787987059724,0.001062957089208414
106.02063496467605,1.1825503399447792,2.1284929899773806,46.407081975116405,0.11800792315214248,292.59863957421726,0.0009570760050096326
165.00569655782817,1.060570887583764,24.421331189580535,26.010810447688797,2.308540948066202,347.3917383770228,0.001196115294861993
178.37387810293052,1.0025887535124136,29.482303726809167,26.376353820143645,1.2282473711503579,215.61297942985732,0.0013811397008829007
137.2024487610466,1.4063121762782178,13.189068780296298,25.29748531081487,0.53553545688885,48.170806728961566,0.0008994430409627193
217.11884986431616,1.14771065826931,19.685046424863472,24.84206905906627,2.5651403953410084,65.9135445892352,0.0009957045253690066
72.56602853625498,0.3549038970124296,25.669756749863193,33.56594393771037,0.05868405189378639,914.8199458093817,0.0011292611530902001
230.57606786938703,1.356771022807968,19.75497012429027,27.4202849760565,0.07213192365439819,145.85577426081548,0.0010878314274127916
241.02219295405797,1.7388483803167545,1.8763487496280402,35.71405781370261,1.2619993588309857,693.4604306819007,0.0009630062578118846
236.45956823143396,0.9107496830128405,4.354775891346514,35.29360272171735,1.303682305872451,321.4301132618535,0.0009268086377715086
224.24380551341355,1.0809898487382148,5.1657319022196795,34.23578314084291,1.4293422002673135,496.78764721915894,0.0009635880052329299
206.8445937156979,0.6415323923852605,17.514227932620404,38.487561137188045,0.08167934749495816,174.14972185500565,0.001102649346322014
192.94234882168334,1.1630388676692711,11.23217219434568,29.910027297578267,0.3219862811867323,96.52637331064275,0.0009739439143969259
208.0638632053996,1.304566696752027,4.466552978506139,37.93555948374099,0.10118662909932019,601.9208292623506,0.0010398951120876125
153.9367661874408,1.3144336548635902,3.809146743126593,34.91270416375767,0.09991051940215817,703.5299278445849,0.0009832455134688401
219.3499748300375,1.32360416337943,4.306594991129645,33.86818107455987,1.0322292120158365,168.19746703826533,0.0010612943667841117
240.44884130341433,1.2237522566099608,6.43891384451101,30.352933290761868,1.3870706782070534,234.0212991433519,0.0010070900544199778
94.21079466125103,1.4723260026508906,1.9759726816848704,34.94694398899317,0.22465070052051814,668.0279772056847,0.0009885174021296978
158.44938054499593,1.5673715439444758,1.4508513813838408,35.739737302208574,1.0263757346781974,833.2826665585526,0.0009699796234101633
197.57514913239055,1.0394942219019319,12.930228392439957,31.448633812790906,0.10869184753413623,122.2226124985408,0.0010489855286017165
159.04498436329612,1.3270152194620053,1.8497347319148685,42.19677972497978,1.1252770153038554,420.8688730702062,0.0009400891826802757
60.294904456839696,1.6347467832173865,1.2624135493105926,32.2050864607892,0.35885964779668345,377.0541658969427,0.0009590770796044669
95.5195978303193,1.672106970038693,1.9100193891449815,33.72367750119379,0.33552319977251194,148.26045108629515,0.0010412861148079526
182.97965430951984,1.568885981245411,2.519671064280124,44.73461840101406,0.36032275875702574,31.97573593656539,0.0011178616975466974
186.20453603006644,1.5173087485831867,2.573625520017321,43.94278851838012,0.42913431156211174,24.724767724882007,0.0010807812927698867
239.53670040289828,1.4210828637209987,3.4096530302779677,35.43218957108294,1.7247709063754826,525.9322710117759,0.0009941597705743674
215.41196395659114,1.4210670024669894,3.0634993896272356,38.951490831081195,1.0191826512883473,240.17597746626598,0.0010835337923703896
178.0163571572636,1.0383625869246729,2.1694644942524812,45.644247053803895,1.5563844475166422,251.26614425171832,0.0010207711286341946
236.62131213443956,1.8851057401706919,1.725709339440364,35.36124572966793,1.0701168110369657,210.01851080618096,0.0009257906100353739
237.7478684016068,1.839315459315447,2.5747172148098882,41.05061833262078,0.7543947464265561,229.5272959517806,0.0009559768086411578
74.23417958113603,1.3859718430127095,2.5560989451427676,29.308580017871435,0.22396232688586704,466.92707922416184,0.0010308068027479347
244.87457771474425,1.02080019123793,5.9546943315659435,43.85656053042544,0.40226883679181447,230.39579027632635,0.0009920031500259417
224.18421478030413,1.4909739961869086,10.50039532131216,28.54813785409656,0.1793862967761006,132.08051682100952,0.0010469667813996113
240.2344321831763,0.46897333603543934,25.12183839823998,32.186470948113396,0.5153752774229696,50.56972201667337,0.0009773973015875237
86.87579011066468,1.7335958223360832,0.5444984078477562,43.06433449868686,0.7858096863470357,808.6718953010278,0.0011072787897703088
210.73442950301242,0.43660046738739294,21.277239932115766,29.165303149511463,1.0338653680048315,50.891897642686835,0.0010812230210880988
116.30226421583004,1.3316186274551332,23.826227553591057,33.139670706398235,0.9271640113907507,9.33357877389578,0.0010793473896256469
212.40176155709887,0.7698808032441592,32.26740211775356,23.34647168122779,1.5382507273312873,27.769402815004252,0.0010277366083550168
234.73027802441482,1.3297982741272012,5.0976068837559545,41.19537725946878,0.5005620128002088,82.8982250994754,0.0010829341226086945
220.13994146676842,0.6338045941367761,6.645568223601163,34.26942961199777,1.845744422931053,106.76341235229327,0.001116903069638826
167.50213675744587,1.2460270672906992,4.848561548953751,29.882733712154277,0.8517671284424501,383.3329026849418,0.0010603428801488923
150.97250563493262,0.690153043760551,4.903620740085513,32.918852692063226,1.4072265387713407,1211.199615305347,0.0009474722694364043
211.94274637372018,0.8649230699388287,8.679000513978362,32.60724172419432,0.7078692974692739,461.7356824364899,0.0009166188673870161
174.87155324958553,1.139183128353426,15.748210487100579,29.312694445443718,0.08831254906472243,160.02859104252352,0.0012073568729725084
176.9810422373181,1.344229743521662,2.7312844034094375,34.462855146027074,1.2116918374798813,244.5597903687657,0.0009591034613421438
189.6014138326211,1.4762397176811135,2.5698923014115254,28.99040143443751,1.1919496274755348,233.11025635662637,0.0009717863766933197
143.60321063544436,1.397687879624036,1.7356311927591752,44.41090777107475,1.4963472057879497,171.27910667667948,0.0010548340145855523
211.81399700721602,1.4422960587504847,2.551857914715585,37.234244906177636,0.7360905512891883,952.7727568944179,0.0011066692241460258
134.1767928360851,1.1718976438648716,3.339596729792851,38.797509095603026,0.3768541659709737,112.50528632997832,0.0009933440554023697
244.52545087416843,1.4837714702318865,11.018688382837134,29.429815419572407,0.5225690211213938,29.663109829000362,0.0009767590723111076
198.85516988958764,1.099766375530163,13.594459837312616,39.66135316282332,0.03239094027478409,50.23293583937853,0.0010560149398950898
166.79209845037064,1.5296082338873933,4.460848596277241,33.49724950135304,0.059237386963984145,451.91115601388873,0.000894745017877273
121.60513066744166,1.4170766886449941,2.2202325872169726,37.393296367009874,0.05249666701919444,560.9021312547161,0.00104326954583926
227.03508324507513,1.061262105599913,7.380400375665771,36.29190059891543,0.04204637332309314,378.9960296272034,0.0011431330359306007
217.34463305349655,1.5034801351679161,7.852909695094612,34.562524952973945,0.05135955821898481,381.72990045032867,0.0010479324623611705
206.2689021798549,1.616717160031561,1.9350382695783666,43.33258850375906,1.194452964423666,803.3222937241148,0.0011184186636343928
142.05985227809035,1.650359962700583,1.6215697748999673,33.572201280259954,1.2049880026302886,320.72833587756986,0.0009381924065177119
187.05984332646605,1.1866398564074412,13.887116105367255,29.072681928220025,0.12456423090954485,373.5062543546735,0.0011183601336053049
125.06350839118518,1.1883806388061187,14.34565512284516,26.216899434353603,0.23563047109773436,243.5034068158071,0.0011264837714081164
230.42073298372344,1.7042179152509107,3.009175554884175,42.8418102714071,0.17966552563481417,909.0360154418869,0.0009365813557715371
72.00268043988838,0.9815415253138818,2.774019651305905,33.00141037661938,0.47256196420260593,279.93657411955394,0.0009638778880313389
210.7155838400304,1.6242553459817282,2.28463615591374,40.13928359840813,0.7112021801287471,778.8321556521221,0.001074836348981642
120.82121140651242,1.9388856968341468,0.8520608768353239,41.84867344057382,1.7185537082130449,308.61156246835105,0.0010966999275150659
227.64533036522175,1.047512051540507,4.345882363500657,44.166720094673124,0.4488994478838563,589.229693939204,0.0009445050244663807
207.77677234005802,1.4580730159426485,2.8333772215401223,48.181008229337,1.477585032914719,281.9490114765884,0.0011466708608409003
199.6133515383246,1.1255770189319603,5.305641271364218,44.755737864404765,0.3277112332337888,26.844448730065917,0.0010040771383940594
73.80286272955072,1.7944700976165886,0.7138899028069591,47.54503764483715,1.551024620682075,325.4086280501631,0.0011084010602943836
159.04329450246968,1.8172940933031585,1.0611296478099301,44.832081609930974,3.0747038753182037,275.7149627566933,0.0011139540539397493
221.12458387613046,1.7204171776669024,3.6360250610891374,37.410757277177986,0.22673713002873697,81.26955109601707,0.001027580121415873
170.18867737448227,1.8169316466229257,2.861275685933632,35.2883891635309,0.569689621516192,174.9873071734004,0.0010391689666919405
173.7116023348901,1.861906609284436,2.7269656415377495,34.09249581029562,0.6858701343498079,238.28988324120056,0.0010871047922898346
183.9083239382036,1.7154719027420728,1.876577194741866,42.463023647869335,0.3282766701602746,873.7730657890992,0.0010772258065051173
193.67518657747925,1.572948415973252,2.629574732419244,30.0761679638401,1.9507333782447924,340.8727582379802,0.0009621200355505158
185.14039979343227,1.3998041848961267,3.6275653201668265,30.063977272217137,1.1083116694556638,269.87624542595216,0.0008890391292678607
215.52421418396156,0.9321397347590805,6.032869368719789,33.78482341278623,1.1473815436998687,858.3679396703509,0.0009222621015191276
197.77304395268138,1.285071301651068,6.754417553483651,31.103188349872134,0.738912452188741,426.8779102780723,0.0009725972675542401
189.25276108846197,1.812185335988198,3.6510249247096045,26.44145088116282,0.7540829581436215,435.0023451320586,0.0010083532272521947
174.6911182832116,1.7948430946441845,0.9259069962872327,36.51408310426208,1.7275167106446119,704.7023773674275,0.0009805020363428045
154.78274701409686,0.7190881580365361,6.023493495945458,32.64183583828145,0.7961031997511514,139.66974618325003,0.0010674094235916531
204.74824015796742,1.2392027074574745,2.5726156786194583,37.609246387381326,0.8385954483221945,1300.67530077374,0.0010306641340469631
119.6703513163649,1.3321795386201836,2.075193688098412,36.84513617127279,0.20448903296839485,881.8821517295585,0.0009900048043667534
229.97065979293183,1.5965607956063679,8.361766158336813,31.178924290068814,0.08372032864378641,174.6175669650216,0.0011349861139869
129.8666922103853,1.742451492315112,6.140528699263275,29.56719880677354,0.09446950498515974,95.79567085218518,0.0009075242972839123
143.17357015674887,1.6570186019632747,7.941739190524174,29.35676559123517,0.07135237382908377,136.63256721399424,0.0008848670031376324
231.12371400950173,1.5882247984191356,5.0695388188655786,30.897412019116977,0.8619724311552708,39.82636857957274,0.000843653520482231
242.70811986734802,1.3497863400574859,2.9547352443300756,40.49221684970326,0.9488129075131371,930.2164902710648,0.0011863740859401348
229.2422411431378,1.5234562627332973,1.71215895379049,44.125486958467434,2.1565050802708523,672.4591384047884,0.0011198952748770333
207.95982098623102,1.2723817829370738,5.426264060161348,40.79407235583641,0.2576033822603256,201.02825386192842,0.0009788178565843634
226.22646724581134,0.72526253486235,9.37806402724694,36.05320309593364,0.36846071017757925,180.18829870439794,0.0009063438338915091
112.26488278690087,1.4705513171206532,3.0079106371143216,34.904322515914416,0.5519153316082372,131.20800340122733,0.0012074224080196895
227.61666814321845,0.8923338927313078,6.6316578955991385,32.88235808595224,1.117297830833774,360.0364635377723,0.001072534861460289
220.95109400376825,1.435899308124956,9.699764626902633,29.657937503848824,0.33341252255001563,446.0183090110046,0.0010042199743109644
144.10528106526502,1.67609141204117,1.425269961981947,39.47563265511228,0.8950570303777995,226.54177407459164,0.0010702627782285066
198.58309408820486,1.5365677414795285,2.144893734388972,42.97289443117947,1.8063186615760802,407.12588159763146,0.0011671847843034093
148.11200652941463,1.7524498680924823,2.2412055866390967,35.42539419478157,1.1746478075400117,69.01278761615585,0.0009189276757600694
129.30069531632682,1.8655537530756818,2.3466053844049037,31.779560179997382,0.4667136101719544,77.87805252305529,0.0008909195285559394
231.43645149578103,0.6162653398795203,13.619871418598645,31.95722987210322,1.1189655879635518,135.3271036968732,0.001213444349909029
157.88318743244503,1.546403104591785,11.316519717394884,25.74105926248766,0.15970232430940082,16.860792611671407,0.0010194140773008018
150.66206994351538,1.8188211474763176,1.5698827448913175,41.873382649177785,0.15845469320045366,716.4367231952575,0.0010405135779252659
191.4906087597641,1.8334563494795888,2.01428559175751,47.117130334118265,0.22728622554738698,908.8671651746577,0.0010589773538071112
190.2880802017427,1.804170681883805,1.756998844619434,48.111065325396964,0.09946613795057373,859.8264058652009,0.001085857916164512
212.0747617254709,1.6768128453777098,3.2938680385096966,48.30991027882642,0.23135093925428513,604.7731910880784,0.0010873016897455698
127.60856594266427,1.6953853101232326,2.058762269137345,37.65038943919555,0.8355363650494566,15.1245654726248,0.0009549754908674156
208.88184200647387,1.6264907339226065,14.023832246476076,39.0178187123116,0.02061129668189493,7.800821032018112,0.0010643356959617535
225.34199447656852,1.7344867264414,7.709975468014189,36.62184466614739,0.0915017215928628,13.145419939137467,0.0010561334232083146
186.61696752440523,1.3169481301490045,13.244031874437065,28.072262379055754,0.1856315049744568,44.891905743871035,0.0011207532502201475
160.26433956839463,1.2286286000013065,10.14432822058,24.88442374389219,0.6639087217539275,12.04318758751294,0.001035868352943424
183.9020367478617,1.2329057603151625,1.8198570044385032,39.294145149855325,1.7234932413480535,31.42290507350651,0.000939790954814711
239.57992756542254,1.5284416079801264,3.484652687220237,36.605401307014716,1.20500189878073,69.15114264532893,0.0009018833580121929
168.93328591660085,1.2271413128866018,3.1105948364871434,36.183471563780216,1.282503878867968,945.849671668673,0.0009755796340222483
187.23518555069282,0.981164380010195,4.8982174764131585,35.141887140702806,1.1184165001467603,270.27593258785754,0.00099345168344219
191.3703440843202,0.8596600475146616,3.7175356032160627,43.27418788257351,1.208999755130234,538.3693703182842,0.0009353515202522321
149.85348209423807,0.6739610250370982,18.998520587175214,29.649345988312795,0.6398208224072298,238.85813542703335,0.0010600900709468073
222.3316161827124,0.928410849931974,13.919600213145056,30.874525140352134,1.0683026754835547,381.80813441851063,0.0010156722162531031
185.78529026750226,1.3978591449762106,2.8985346464332005,43.22992201144177,0.22799075185414122,126.54582611358165,0.0009849883101391425
197.64415786502312,1.3915253878828286,2.431404672161193,37.340109735725925,1.2756803295158443,303.3357321952296,0.0009564948123998374
174.4422377039244,1.3222712569261272,3.8866758982005,29.67823314592794,0.7037625150125584,648.2654789993661,0.0009573617029444467
110.270934637798,0.9816979101112647,2.890595013782523,35.83805634789978,1.2746737315841223,547.8608683564265,0.0009645841542963565
247.67420977007762,1.3801771730544174,4.935304298845642,31.434348853112468,0.45939627908428515,403.18410902318186,0.0011180823779262715
182.7096900944699,0.7680610209277895,11.11312305603609,34.23318874918369,1.1419856995477953,390.95179884880577,0.0012144429138013057
199.71858191143806,1.4225813725559988,10.568977050937393,39.83465573494523,0.32601990334057496,464.05950153919775,0.001231016544056154
194.259292328057,1.3087625331399262,12.22933067337904,35.23501462894685,0.24432793312282344,335.58029255104026,0.0011990017018707316
200.31242231408038,1.3834984643729704,12.546092922614099,35.24201510270814,0.21809648650027846,280.3860840787152,0.0011792858930867634
95.0495483799117,0.6213172450524028,14.10514086190345,26.48205358885484,0.7490327796214289,365.5212901152826,0.0009561770878761505
175.67926488423532,0.5689136563069324,13.777677798636425,31.0693351533108,0.8182866149876874,586.5815079707819,0.0011044204142865817
151.72593116326934,0.9058768394015405,14.4988499100546,25.065530573899707,1.6301841341803591,514.0414549429681,0.0012020925281562068
157.3016003831176,1.9218336742607531,1.32043415388512,36.667527517495415,1.8978578726302424,929.9208656700681,0.0010532393707114933
203.10793460832608,1.3654426185228294,4.355106773238451,37.226397259902676,0.20057734105997527,136.14400094424636,0.00097188996931927
188.88811960427148,1.2022600062981577,26.40213106181087,35.088356182271774,0.008378590841272297,26.22829066951136,0.0010509810333584383
163.11492460941662,1.4535115154404836,8.233699561418216,30.761373393085247,0.15841058302886551,58.01717801714336,0.0009953314067953595
196.49691333051345,1.424901649213832,6.490133076074992,37.7781984420708,0.17623694779527194,6.506682194097385,0.0008679950504820116
142.87803881908187,1.0719464161861882,4.150102277436474,32.421999533859555,0.5911851795271277,79.58853752783867,0.001253936433501403
199.3472917136172,1.7278478155608328,4.298058379327708,39.75317387421427,0.17657548846052668,16.0314517777256,0.0009399646487604591
116.01077786475261,1.316142260730006,3.9786302358140824,42.036731871935004,0.12102625656580868,31.005624103384392,0.0009420525588090812
166.21514089237058,1.1871151153527202,4.839497786617865,42.54858237828806,0.15917330778120833,57.74660507711642,0.0008919035487662931
227.02148074943648,1.780722458689414,4.1773593126169635,28.901150557252357,0.7917150919441064,14.587805852069076,0.0008674796788897651
128.84115133580437,1.4775055111478155,5.04273679891706,34.2519057147957,0.17978722008575787,129.37821357473982,0.0009959903270137331
181.8892912842647,1.2258690197476672,6.524460634384238,27.450206408770278,0.7912140241127495,95.0031583154699,0.0009924263419536197
161.4365635355539,1.2110636275905093,2.4571956103574903,37.2287949405151,1.313004065183058,610.6806426413978,0.0011156858324698699
216.2265636762446,1.256843759455969,8.14051862637785,30.038932524566263,0.2879658805121513,244.8846394535392,0.0010220689932053102
142.68751435639876,1.0365333361766127,16.9440961086193,27.925893813226345,0.1169528144423543,98.85092009039217,0.0010154667416684673
147.7825114575043,1.9822029108672528,2.901140116345037,44.9381593073844,0.21527452586211554,121.06293294918237,0.0010839052875367462
70.2954711897467,1.9918273688535695,0.8859453824165812,47.9212522029333,0.1012129870980057,988.681631904796,0.0010228893182653086
102.47181583495804,1.9845909140468108,1.0730609704838228,44.07664035783099,0.12680003863497985,337.022115980776,0.0009818112714099153
211.47339333481966,1.2151885735817352,2.361265263752161,47.9927089605615,3.3330460401880293,393.7102987658508,0.0011257621228090704
200.24325182504344,1.3011765659316714,2.823852789210562,47.927985013263935,2.12103508841227,344.8134884097279,0.0011525681066837303
136.69803990191355,1.3445921783028165,2.748949772514096,45.5008349725522,0.2763526700540099,99.84772551628126,0.0010071750931637139
161.11630440962276,1.4861435984037383,3.1450098313876502,35.930237693156855,0.22102536299796666,276.15829183800946,0.0010066619517768104
138.59380673820138,0.7765950667885291,4.060586119408642,38.03885582446033,1.5902564189393704,761.4417199020484,0.0009302439025262208
171.20122772184777,1.8833715974886616,2.6884746578706995,40.38555415372169,0.18200995517863372,197.4406990519792,0.001204134529575125
138.6391214257341,1.8935247182335297,5.148358777628178,30.849459675166184,0.1169140098328804,93.10781270844923,0.0010930004755450049
173.22500986639412,1.8955563256485617,4.980172333845906,32.29254680910726,0.19552080776617378,145.0026396871349,0.0010542882608539075
210.11703676285688,1.189785876208367,1.8971135563422294,45.46100452114909,1.6156801671157985,385.8557386024939,0.0009652670609305156
167.18241465170755,1.5133870678153332,9.8689859921124,33.872078375201575,0.22577304524074499,50.85610545795557,0.0010080021159846427
190.1779854339511,0.6357293787750886,18.60527052110697,37.93170364968027,0.07970462579872295,131.1756741538808,0.0010332455917182765
243.648518421301,1.6068138504147351,6.511731761803953,30.635520016046776,0.05715597312974565,1035.5341499909428,0.0009117211876593801
222.95787865467983,1.3800077547040577,4.048273966453462,41.03764324502237,0.08959607023618205,333.7266462286161,0.0011562406720207836
212.6401641375602,1.5388402838020339,4.043835658987846,37.19839426087389,0.1527350199727091,649.0167485809712,0.001085635760255976
168.33993537927583,1.5451032687928543,3.126712762602171,38.135139585281756,0.11576693793565725,398.95969853926005,0.0009732485776744372
219.11569823022435,0.7599018223775976,11.368887177062266,30.626093036846328,0.9287956738612104,462.55593007552585,0.0011589906338998713
238.821115037135,0.9920035168081441,15.743539413587303,26.782303587966886,1.905985440895691,487.78949013566086,0.0010518074088652367
223.19109023470256,0.7088880330108126,22.086416431336893,29.909263517652146,0.40852492375215077,518.3904354637938,0.001083153324670723
78.30421656022935,1.124916271718155,13.045340609063203,31.25768577490559,1.7035709118190439,436.28235833584046,0.001147992061293855
92.82439111180449,1.9170718124495973,0.538671097962369,38.79432301297463,1.5954699798312804,628.0037459138345,0.0008733276690320274
82.0538469339138,1.9301448512539554,0.5030103715788966,38.22358127190732,1.9389179468538018,882.1185076413195,0.0008850190024713128
76.84666664327358,1.8590915847733391,0.5016840699468107,35.321108173068986,1.8412511439972656,1032.235818057469,0.0009364753322318859
81.00127189069981,1.8436636007045772,0.4800743823768025,39.340333552138894,1.9659996382434042,1113.7651243330429,0.0009475991148034492
205.03275398045034,1.0446488127165627,6.430261757679221,39.96221146284522,0.12644893727264914,190.23378554697527,0.0009517455248958543
180.72970359937312,1.6643745773483005,6.524278952699794,30.84078416092079,0.06738127173686302,210.46382557063308,0.0008573884816846694
203.41669233994554,1.7351885613549902,4.552556170023426,41.29963491443696,0.057719219396092154,305.5110170786065,0.0010767570556490618
232.87027936351902,1.3562522581359324,4.954153599383253,39.1033368273877,0.020038934016210493,394.33937644750404,0.001088452071159299
211.37670479065102,1.6214079272715607,3.971634850391962,32.94388743494467,0.059401615576916186,795.3569753133979,0.0010357158225289234
234.50192180059506,1.8658610075656916,3.7539342030683134,36.266040941367976,0.27339905390200975,262.94170634850724,0.0008960849745663661
162.4809863501263,1.0634663247716916,7.76442094790912,29.78210285829355,0.6100722438161672,406.3796380371045,0.0011867716280308878
214.3207297948141,1.3829628413054307,2.7090911313082335,38.566025400186874,0.7692409133960878,370.98753372210086,0.0009629487268926068
235.7097148241992,1.7047505749196037,2.0209378750372795,42.7746340947557,1.7079695684148053,465.5810426493679,0.0011047666517034244
118.33309110233017,1.8989919973134484,1.14444946352994,41.98349272997985,0.5496749498962709,272.6584071030973,0.0009172356951809838
157.9624963462996,1.8862306325021698,1.5874106810191753,33.58099658320224,1.2899073337252644,183.04505872517646,0.0010341810759541077
195.0152363253365,0.7314270341489697,6.181503091416123,35.70404420319785,0.7871887856196008,823.9793993938304,0.001059131239750438
202.39705138666312,0.8299550795246762,8.388409055667227,30.87646430437895,0.6829563702092688,1044.8223889715023,0.001031743407497271
199.98440465644356,0.9600661135131742,7.847209020145455,36.216519057870876,0.3366094534846037,384.0590569528192,0.0010175942581774058
208.3754681401308,1.4653910518665083,2.7795322169361634,32.08895216481116,1.776512501171473,630.609995208445,0.0009354483003162192
236.69635582222887,1.3061578544697392,4.290904554795039,33.34631434293462,1.068938049672921,194.42195117373396,0.0008716753076283604
164.31781857680483,1.2833183059517563,2.468110411571241,39.31063579658847,0.9600298226706565,1053.6163031256017,0.0010985924795202358
201.92395173543417,1.1980306182894283,4.98175822631592,30.99327341313605,0.671341320057926,227.8810075514448,0.0011823804521698179
205.98525804005718,1.0142144708053729,3.585613024376202,43.609146654460126,0.5758588860378109,367.02706449934084,0.0011784186642883295
197.72903658401947,1.2525024645709715,4.627560161966128,37.100476577584864,0.1470007827664192,293.49137263682644,0.00099651689910589
200.93707027784055,1.3489762851750058,4.1058878942734,37.914138026367254,0.18380695640885814,336.40944975097796,0.0009799914998343095
200.14261749178314,1.0480565630493615,7.188655850025646,37.165613472696755,0.30138634052959384,204.2413818381669,0.0009709850989246089
221.62933001745762,1.500748535136921,7.690365120263068,27.739095089328558,0.2975368286346352,280.50417184728843,0.001002573605783575
237.76646385159881,1.357234231376753,7.494253083446203,36.20474963076134,0.3852277108774792,157.9097183924983,0.001044341290191308
232.65487688662216,1.2038431103991185,6.527892967476865,25.456532344363467,1.2051497375409288,493.5148315907644,0.0010719149930452992
114.39789881297948,1.5469988518989235,1.084366007912207,45.3049682129656,0.883315957773068,455.30258311640847,0.0011147042918845666
61.71970262989875,1.8253728052267453,0.5632580550770668,47.51878732161681,1.081916720836901,894.226459947859,0.0011057312247120233
246.88409077839518,1.8403355539441912,3.3536754509396443,43.90225314962134,0.3507701894004239,133.36938794099703,0.001011315845040135
235.321258329906,1.7323703379209143,4.868838890113776,46.417469055715586,0.13839083169909916,74.80121091001571,0.0009827871864944732
123.10674975177459,0.8477187296096343,4.031918215020663,44.00605290435982,0.7015647165217469,140.42865108934976,0.0010405437477874451
237.4397323679692,1.8476944722589212,2.786594455524042,34.88452776344307,0.7538063930282574,126.40549166930484,0.0009449237994107322
151.64537931671595,0.9272167051647894,3.326867027728523,35.84524007567539,0.8637436765322504,81.61753100051192,0.0010575311205953087
109.20109300311783,1.8126369636623152,0.8514202728018709,47.78755238660537,0.6704993853999468,133.06489758809371,0.0009835416063862614
238.61484412249345,1.3647083502641735,6.836318063676368,30.112287189070543,0.6818815553240098,27.368614283944105,0.0009309037323526253
194.11187294056936,1.2897944443527414,5.874099586536216,38.867192463785905,0.2526881093749144,8.56661452997929,0.001000706208687277
187.7566955493374,1.1980445678888403,8.93630320774128,31.314886460800388,0.45299030618882785,2.7380758111306114,0.0010049822589199417
158.87173344053497,1.5205590438718402,1.1732852473699267,39.882256308948435,1.2300077195558772,1285.6198934120766,0.0012237484279762755
208.41434465287216,1.0005893265132186,8.354722915993957,35.14837746238541,0.5891062484833782,86.28706059782587,0.0010618506982819809
234.94639609657025,1.0415004743250171,8.22960800679908,37.87939594811782,0.21756135411627892,263.3458963320303,0.0009885330193774738
231.85086557909983,0.9747745881438303,8.89945163032249,40.57198859815537,0.1733788021763186,296.6571150601804,0.0010226883846102502
216.8781778048543,0.5060861919943582,12.092353727522525,38.862260651000355,0.9159540899678499,239.93010574578713,0.0009988009060792286
230.44373814036047,1.1594782194655577,7.840208961786795,28.777185929654234,0.8711305214502199,214.12027994215867,0.0009906027944684187
160.03301804354916,1.84510835388213,1.443447161801953,40.156369356375926,1.1036265809417258,432.75265602544556,0.0009595422436779313
178.78783225036193,1.8139620019029348,1.7249529609177103,33.83960562273217,0.9205632166739497,468.6293102506139,0.0009891802472440977
170.8071899786456,1.8223780449871159,1.6542665708631985,37.38711595915494,1.1313694036876616,333.7817708139273,0.0009757498103436436
222.51728519855024,1.3922649511054137,3.4699680510657664,34.49446020068018,0.6444609235220137,672.7212481217019,0.0009181382163208111
215.94710998115326,1.1537213880683959,6.122167153127505,34.970748648154185,0.6098039549860428,237.84898094276096,0.0009543455279384669
112.68355526529194,1.5293618198891024,1.4056472505659132,37.32401879017081,0.9048103482089292,619.969467542856,0.00120849081627454
217.84231235751764,0.7046932172698637,28.3579697315673,28.598842503703523,0.26778115032422367,97.47783326038038,0.000970562664190715
199.16831376242007,1.2784507418994313,15.855133092143086,34.05432048119221,0.0439975248152675,47.987849833055755,0.0009657775310257474
215.3218212336517,1.7481652744262408,2.029840937644854,37.02684505749888,0.660041386000251,478.2654597992335,0.000988093212666682
179.41047514898477,1.2966032388543085,6.840786190638934,31.37978153506986,0.794164084906733,377.20433849578365,0.0010528811909044239
171.27828689326972,0.7999326896961989,12.082260370333053,38.90783835637927,0.08557555697025346,262.84186138144474,0.0009606272772011308
132.33789890676147,0.7935919778997881,12.195739244694709,29.77176395764589,0.10054585544473024,240.9478458298374,0.00097556839023388
209.51782491659569,1.4398046449852244,10.16181597100351,36.700653961661985,0.043468750549672544,92.26161008892029,0.0010150820199631395
208.1936257543437,1.474338554658836,8.962679439634764,38.24973400393327,0.046127278767309814,90.84789402718353,0.0010134785199817037
203.75457941039747,0.6630491638811377,13.654651094778526,32.05657957435619,1.1314106887103614,448.6122354078032,0.0010761417230063892
230.67958085793492,1.44117295774599,3.5210313786310863,39.258167166313626,0.4329958007729884,323.0192270321785,0.0009258001495835842
126.93717708557169,1.2512572846351877,2.643596080115138,30.727086905889383,1.843288712124073,120.1198710332694,0.0009861798508435371
97.2673849939256,1.72212591035345,0.6759995515145019,42.89692864625656,1.054205885301219,97.07521654128524,0.0009599701376997745
172.1338370841854,0.8611283695730957,22.748602811103076,29.6417429183104,0.20833571109157784,792.4446133002825,0.0010903580941608259
186.4182592023894,1.4645507738628951,13.055297017331963,29.697764145192316,0.1019006760843463,217.0697964527842,0.0011434822854617577
207.4222866917541,1.3828291231336747,14.521618054460456,30.600241506017603,0.020906169908219665,257.7097921596786,0.001044868409593889
166.69102206460664,1.1499667949939645,11.956992411685144,31.88873958728222,0.08240183810316246,1.674466953775063,0.0010166068589683565
145.57946508667396,1.8579093413694037,5.421740717875847,36.07967701598482,0.0655677692045551,0.28463457138708814,0.0010014096056419417
245.38748618703087,1.023638819832724,4.275641550350371,43.102629928506204,1.0217408835356845,1323.4522346902763,0.0010073121735086714
242.9154327797476,1.13420435639982,3.9527723458046164,42.38573403471818,1.0186554707014326,1325.8950675996891,0.0010154104787207696
105.59913431780997,1.6693691032577316,4.6055888030946734,28.385465385833594,0.6349660812603612,89.63064162845306,0.00106752817703838
244.64413371903134,1.023825296086808,10.480725538032372,39.686244050353764,0.12580350342997118,100.88200101963272,0.0012351864975195894
111.16154374131517,1.2378657045650172,4.364436281531191,38.842405824366246,0.3681476645236207,79.76599568376716,0.0008816513254159619
98.55454934128993,1.0193985138136048,5.514294759103895,29.83896595172154,0.32447476407605474,75.02982825268072,0.0009186763835146126
194.91953823215104,1.4660133690396224,2.4331689714629885,48.09390499803134,0.24217596323674118,956.3863129163244,0.0010084405177439519
152.45119829520868,0.5061264503684009,8.888214857976859,47.791995062530575,1.1506987003918936,130.9526819894772,0.0011336325327765719
214.18342950404266,1.7725874423804215,2.597003263132116,34.42778785655181,1.0485679693266183,230.76114148625442,0.0009942595767008934
146.0743583382625,0.8195463090616758,3.7012496099269807,36.13084562959126,1.0827781550468494,245.5746561784164,0.0009713524193362134
190.65245065268493,1.6775017690250518,1.5148918262010191,36.64231147281969,1.1258016940117477,808.3612906265512,0.0009375573455711244
174.97064791454545,1.7450443710134842,2.4223854881884344,32.08325396919994,1.2670622361019372,236.15270309314025,0.000904660633293439
165.87768549556992,0.942731192526748,5.443732676480741,41.92704479043206,0.24473967396422305,158.72578901894647,0.0011332422122323326
184.88505396362254,1.5734549376549307,1.34636387350509,37.2638664043298,2.4862020992139753,1366.3479898375663,0.0009788852715001675
184.4309009742301,1.2397833172626902,8.099216298305373,38.41257186339309,0.17716220541675162,182.66116622637122,0.0011647310619838968
167.46582952329894,1.2809801638166765,7.389044995515243,30.019649028474905,0.24576068756983066,297.36411745295,0.001113493714406958
84.25612315726265,1.3119828764492927,0.7887613520213443,41.061301862171725,1.3821300077436534,502.0281921043478,0.0010352576194578161
139.97144411135224,1.552660090578195,1.1090290766105628,36.80952918715893,1.4808320428254669,610.9161772794056,0.0010962633744706302
184.4079928347306,1.1363612803682994,6.1964136722818575,35.67361123768453,0.3722790644297387,266.49384348845285,0.0010884879580398124
218.28513211212467,1.280134258614566,5.886581490658848,33.13700295771012,0.5864489584676121,59.29567393157216,0.0009453023154422971
137.6103516946032,1.3165474982311813,2.805842315833455,30.64852668616705,1.1244359597367766,896.2794900449828,0.0009966913406206778
217.81718187063936,1.4144485812858363,4.533514553542999,36.08849966343395,0.7294095523161684,82.50895580571596,0.0010390643779058667
192.78598360109888,0.7437534021141246,8.447516364629525,39.0970265731532,0.11758199076726651,368.72555157555297,0.0010221521095262302
168.38133594460928,1.445077333939216,2.5208665867792934,39.01837514072079,1.622904931960709,368.78829647885453,0.001245219794960766
196.1093048736295,1.4079468947767124,3.0570962775349746,31.28871624422468,1.0895140192592414,176.8417633062046,0.001159818120993431
186.66485916968628,1.1427661723509965,4.2677263808762,38.571691195466485,0.7200298424519285,208.05112985218807,0.0009905635162210202
226.62315746472464,1.358280501157188,4.2148341150127555,35.88810031663928,0.4044514929816684,1001.9628720971184,0.0011670007746216104
231.82829563885795,0.9234552144789062,5.549872526031561,36.45400568004172,0.7539403099003319,198.0238586619348,0.0010518386341229122
187.48607281059432,1.1329337873429781,3.7004755956882267,45.391537828031204,0.7617674720366268,244.1959105343682,0.0010160283683698535
139.31759037509474,1.154567195149473,2.182380096006316,46.650300435196364,1.4932550939679512,917.8594810555992,0.0010470209466575638
179.56648552759518,1.4224756081209675,2.2786235120264795,48.40232688586878,0.7701580456964665,442.5198857624389,0.00107725352100836
148.78858764450993,1.8383716195180777,1.8812223709546303,48.676412234247344,1.7333793374723114,364.1141206371614,0.0009568939158069553
219.138163652375,1.8887738379355496,3.4759248737332555,47.32716127436261,0.6612431841790546,9.225209264269035,0.001139592522472926
98.73043422432636,1.7109612114744865,0.901641393428587,46.632463131775594,0.186746088394784,568.5754093730961,0.0009381175949599322
84.7987773489184,1.600643242461107,1.047309358578439,41.6354100390538,0.7349807535078905,799.4597517447595,0.0009010911247313244
74.21676802507591,1.8449543257851768,0.5723339114417678,36.29919620551424,0.12121702187328103,1173.0488885211212,0.0009052211255480568
105.87216318010347,1.7349796314753563,1.9713842966084778,40.182142244679504,0.13901776781856742,477.1515127042489,0.0009438809588371499
227.95473407006492,1.5539841235501706,3.437379581093957,34.709998187424766,0.48942393954001784,573.4984953848573,0.0009865868276938768
85.54733962803537,1.1124571432156893,1.7031099824465052,40.183380335888955,1.7034541531404979,477.9430599090542,0.0009324177913847524
141.54333729505512,1.4828343869806648,2.449094689497542,43.98234800184647,0.18023986037726145,679.1068064401724,0.001007387088821012
208.82200357891685,1.5981455175644934,1.7044572906989348,44.67072011147444,0.38074872691289047,774.4554768976643,0.0010087299743965208
144.5442308206936,1.290285792955682,8.127210347442771,29.869840912025232,0.007838129409821327,372.45891287615814,0.0010542374643671155
191.22739868393825,0.8254041929070395,14.785471126356175,38.9248480013156,0.012929816149809615,216.94696518402037,0.0010137028972205288
188.42653760016267,1.682375762947208,5.9294329079308445,30.79377384761227,0.4337408298604708,20.682299900754103,0.0009711896973156381
204.19954438148363,1.7554139669726951,4.889847843763752,34.81146880879765,0.36388978931060906,10.29415415847209,0.0009424331221996228
200.17760004464714,1.75396748661978,5.242449530047867,27.638349256420454,0.6912242320946315,14.62551130928107,0.0009878683119338497
141.4249969830895,0.8671965438836086,3.9152971298967145,36.17591719041571,0.525593318515437,190.2703305828123,0.0010949848697637276
246.3643734967127,1.6644568484602185,1.3649478727284317,45.10037424736677,1.4213579931306322,1093.1773342601455,0.0009640257042868361
246.806389831593,0.8629982362460065,8.783398988741187,40.21051275689894,0.2434481346444179,235.57064461331615,0.0009704139359401832
249.33131199789486,1.9024578279561692,1.5035039534014458,37.3263186171593,1.8275229170063902,137.77305484266392,0.000928676955298732
229.10131696906743,1.4193943765961852,6.330419028950411,35.52256395013896,0.5313479637480686,640.950039428192,0.0011893944684772026
178.30866712213538,1.0386867578116667,3.623549095673432,35.15325098590969,0.5003510104147343,212.1880861628214,0.0012773727004202961
190.76071955896882,1.5892287240937497,2.1169144685607146,33.425274536324316,1.5374130576722376,54.25133540898395,0.0010610279112641804
176.07685618909065,1.0621570423736006,5.295027646870473,32.287688470267604,0.3313087871046328,911.9687749759105,0.0009576442005319555
215.71797045448423,1.4014935659805465,2.567240497880641,32.98084342485964,1.9130643765497741,282.6483482181232,0.0009844171835092824
180.8702558450744,1.3875676829420118,3.555257155615882,34.49478972275537,0.7407730565802269,447.79471048553125,0.0011601208556186221
156.58211807458986,1.5807606479006342,1.64617187099293,38.55479223369787,1.3518324097623848,229.74560636307342,0.0009479307667416471
110.48248280412115,1.2177450220661166,1.6753217225823316,42.33124425134707,1.014835269467594,89.75489413945166,0.00098661085140671
130.64024771252343,1.4770867388938733,1.7346866906154592,39.5975972884844,0.8284368362018419,67.80708744843955,0.0009880077223336369
170.82688323640463,1.3921410024705325,6.267362225065784,35.224677966165416,0.10537198369442476,284.39992775231417,0.0011089623213271693
168.47672894720301,1.4106064195051327,1.5162797573231885,35.611293105045746,2.9560173080972483,259.2117124763158,0.00114575310098172
184.66617062580917,1.412432101543861,1.653615175696409,32.984202628365466,2.6331593750852456,394.18284974702635,0.0011546753893475605
191.43765438335197,1.7099245848534856,15.350455872053104,29.579228329201115,0.11388114295396759,280.09356543996677,0.0011639868928170415
183.40407995750255,0.6345668078285679,9.243576934778261,32.89300421077864,1.5643697470310851,107.18602161766907,0.0009661855161874537
231.13043936409764,1.752619661023091,2.8732709424946283,34.30365258018777,0.3553779370155322,385.91643028058303,0.0009545269546785615
242.51264333083049,1.7911743988540534,4.049174565698899,39.522769798034,0.3699898268513467,391.2156840104719,0.0010272191294002642
236.597486587585,1.64578298461137,4.011858922609876,33.03665183307956,0.15662293215390863,621.225806207529,0.0010277135676465595
234.0664462786717,1.5187275193994934,5.722082562119916,34.99293476305438,0.11276576984440502,594.120890646996,0.0010325431250447366
150.61760169886682,1.4918995977519454,1.9668583516858735,34.70305324439079,1.3971030390494328,727.9228319724122,0.0009293909008014861
113.36742409983512,1.2734126614880186,2.1092624617227487,40.871590509844346,0.3823426365191845,510.52058822208966,0.0010549772111211563
114.3233781243831,1.291023871431436,1.3778144192074884,36.430601308617305,0.9733446855934031,1573.8588806273551,0.0010792255422767429
178.27950548048824,1.471844706154692,3.3989991405587867,46.395752012417034,0.4468130006829875,29.07532239707705,0.0008795557067542736
148.94490787559292,1.2591090332612858,2.195381242074213,48.64059103360828,2.1360480391243075,685.1628121525456,0.0010958645969739492
99.36156756717541,0.9788935687880261,1.6980628483667077,48.63728231632682,1.7203056029025798,683.3461749170929,0.0010791400301459041
195.50508478143743,1.7217336076315526,2.4445522180435595,48.88478116994647,0.7484695940661822,471.3885277138828,0.0010720497064022427
160.04224402992978,0.9741140382447669,2.5072363117058627,44.131553459588446,0.7840778479576557,568.6095065524424,0.0009327521441046897
194.7344844086593,1.6984032613701487,4.918026879833917,26.186566912967344,0.722863956930055,420.1970536348019,0.0010040561513731474
191.90001643170476,1.865243309786334,1.4267480178716778,37.065149200577274,0.8166119038545291,321.32103034971476,0.000989006521369852
232.43326248240504,0.8513965663988711,3.442746985963706,38.00243735254943,1.4156394872211908,214.4455424926778,0.0010261448903937803
140.8729065695216,1.990071993886049,4.496829709694496,30.385060867426326,0.5051009352892782,161.85601339812592,0.0010211594270081407
209.34387797318715,1.9494912805592188,1.432495623269255,39.30216817380196,0.9144833157800931,613.1495146159721,0.0009531977182591656
201.43313353598086,1.9373553767208553,3.844269075049896,32.00111459774785,1.5057745148597206,147.59920129884281,0.0010139870382739088
136.87956812629355,1.7319122747557099,2.1304609751871126,40.327526453579765,0.20480049068999037,153.98342296724795,0.0011085789993257118
193.84425746963478,1.8109291167329342,3.132200952086997,34.4805728351115,0.7496467625551985,918.1394702872815,0.0010191261556712244
151.25600817408932,1.970146273828276,1.1556130591015983,44.49627372927202,1.3986973993835732,78.51067494857578,0.0010886569328285621
145.18287275984414,1.572529453447098,1.5012276511276714,48.476397177236386,1.0269018571607265,747.1846955893541,0.0009373575042389495
208.23971118536875,1.973514477117594,1.6259811218965545,33.726265845869904,1.0590250331326692,382.32652267851273,0.0010939938253033158
151.53133593596297,1.8007054561797127,1.4159531751130414,46.8835725141099,0.978367405155293,487.7067716604321,0.00105533497350349
243.1547187120017,1.6471553595532737,1.952261791207298,43.62823934787616,1.082354162421079,733.0730971749489,0.0010402141024056003
139.6437667913052,0.9317227850345635,12.63353700750437,27.214740330750963,0.6312083168207834,265.248383852065,0.0010176164672827915
165.01665701197248,0.6193463336348461,21.585223739767134,36.06137439808734,0.08288034931084298,257.3206669707976,0.0010419474779763663
172.99261312541583,0.4780957830868355,20.894017735271557,37.407554873038876,0.1069590540272531,213.42067752719842,0.0010414021956313912
180.26001306228176,0.8391474305638338,18.71797145696,29.505560284066807,0.3207784860107345,197.47929377876832,0.0009167063863862461
233.2005577313562,1.6698566374880963,16.23117003190649,30.419937004082904,0.16135287215331992,62.15247701516973,0.0012123487592631227
236.58345810273718,1.8796222874249782,15.448173259118608,25.421393853403377,0.1712569289518429,125.44999688691891,0.0011487008077706634
64.2737371115829,1.952741209416147,0.4499662387408326,41.045104131703724,0.7116395773118674,482.1496711394341,0.0009827095947619329
91.3620072086175,1.9055786443054843,3.2368471443623017,27.188034315875413,0.20628494321353888,150.4549598493904,0.0010999169784295703
180.61005081841276,1.8304975641364092,3.5120585273965212,31.230383576289785,0.15826474857608971,410.89511494397783,0.0011220887362021915
117.6027026295326,1.1164410378471807,3.1225959593988515,34.904277913343165,0.7181523588980184,69.68622184969382,0.0009974139525950516
166.73517633747144,1.946740127663359,2.096075130782773,34.33914219938442,0.45984912210822854,182.50973921115659,0.0011233588277659496
218.14032583931825,1.3334022314919847,19.279125693678008,24.246888789321808,0.2633775198769369,475.06412991305996,0.0010893464535293533
82.50655800112708,1.754814671661812,0.7972455516833657,45.15515222566886,1.1573072372808737,689.3420329880017,0.0009667637423135983
227.5263339002404,1.4844071811336794,4.456579189792729,48.57266289785689,0.4336687819794741,360.8887000918664,0.0009797274593437346
208.6835578289868,1.3449041977443448,6.933084565488488,48.53958222153786,0.2811473648409469,422.07424795466903,0.0009804608537895526
97.52364591750785,1.6270481958824543,0.7271333900058433,48.13773223540949,1.3201547712297408,532.4936363944427,0.0009125932796157573
115.93546605399975,1.495742491761549,1.552885878383485,45.455778735366586,1.6031923976221125,751.6122777734296,0.0008998518528793828
205.09709879130486,1.2583595062827457,2.2382733259502765,39.06320358440807,0.5264470091198187,542.8725972536705,0.0009688895598854517
198.15172140976253,1.3319502568534098,2.716440547127023,39.964437146985766,0.667324856397491,273.48302355628124,0.0009666899633728227
195.2276533028837,1.6376552662426123,3.622964583600018,32.83617535295802,0.42645448675530656,417.83241562729626,0.0010325782978630844
225.04175164916686,1.2654783906507732,2.641691479776124,37.100260776598745,1.9324132227588728,554.345930258348,0.0011002201108607508
215.03425640218916,1.5735582493047253,5.322736973530142,37.37152757523164,0.2033857500395174,62.35980642154633,0.0011372489652801024
168.75266307679942,0.9135661279071974,4.3222721232801335,33.36626318106041,2.0136715311855626,9.630856712579243,0.0010387971665091703
123.90397678406978,1.2205808964509297,5.146917701907281,37.54753987929321,0.3027350194532283,14.1743655786904,0.0010297490375131624
209.6861779002025,1.7266422481754191,3.841758950881907,31.624049732535184,0.1659281521195963,914.8588169650669,0.001020152127952278
233.27679794716985,1.6880479547323102,2.7550420748002615,43.61672654027077,0.11574766291909167,481.64545831777394,0.0010060090185082947
111.41433528547003,0.5372826335277087,13.033622643803497,42.55814957085101,0.18346235289568,238.4905174718818,0.0010053826867518225
185.88238766121336,1.7020424905703715,2.1417912507455186,33.94724746610281,1.894464710612864,917.3339387317341,0.0008704359881747851
239.4842922107189,1.3531487240253826,4.161827422025023,48.50429317009757,1.3741676683448278,121.70751564810111,0.001108548586767507
242.42619524671218,1.6047171381873135,2.048375249101866,46.34971005821779,1.7719657770487733,250.20827742495453,0.0010781296656275933
233.34551407559005,1.3960223776629286,3.865755848173352,33.263661915848104,0.48536943891291806,852.0743087244877,0.0010553100168657675
245.17736797848627,1.3175925120971688,7.452222391242006,38.31062288975619,0.13637263614328668,136.3053447107951,0.0010508842558636332
229.5903647889808,1.133293142335238,10.850580143492305,35.25386139556084,0.02475810080773648,558.091121183561,0.0013270730073270142
224.72429591825892,1.3073020008518714,4.986020336356282,37.22865801183903,0.034043140646002196,626.2090470655811,0.0012039363975541245
209.90093633051882,1.3473457598475,5.838332127932266,35.00635255103424,0.013088808701500263,560.1808666284209,0.0012118695007968707
229.2259407270809,1.175733845798684,9.964512870281025,30.828535830409457,0.6116018955468272,93.0695081019635,0.0008771394033929947
232.03391826841192,1.3851541827432594,3.3760947839799007,33.35839176450414,0.8655983797237566,191.72141608105548,0.0009115831766996635
231.76719503294711,1.0235558904890494,6.509840797375016,47.15997519563328,0.1950288587609417,615.8116448516356,0.0009595933727361167
158.815047345445,1.0421402594438451,3.9046800570029476,45.96541189870048,0.7368761017726219,174.84356461638998,0.0009575106732080728
163.14309421716456,1.8894811366713686,1.8731358594715821,31.560076816176064,1.2007952820373573,93.62004992539724,0.0009681473991523653
186.10588374297032,1.8235637440639019,4.659147227356416,31.557579594274543,0.20624064850241933,500.0981775017029,0.001089014753953317
224.04115267881858,1.9679029644910704,1.7980840215725955,36.72911077063029,1.0581789521897271,584.4879798685342,0.0009816120358875965
219.6549143891778,1.8151263986488309,2.9270422897570736,31.054356211548523,1.441447127665053,65.12100679372062,0.0011117688278121092
154.35541001138535,1.8142603277731215,2.334063654163468,31.161320548776253,1.4517409590840713,72.86738531000965,0.0011258201434446882
188.9773353968909,1.6712297400278944,1.718889191606355,43.13567196941018,1.108055372938336,592.5072903198987,0.0010858858490900754
179.8639625080656,1.285208740159404,1.9201894696370785,43.76675234905268,2.438589425461089,872.2602732026232,0.0010434297660046438
163.71238735325417,0.8417272307130144,6.137613193832082,32.64274069168841,0.533097366423946,373.76263506535645,0.001064292994600912
184.56411129436339,1.5660291612745545,2.4461373508961235,38.58561689969273,0.045627116752632195,708.8294783196881,0.000981241157736846
133.76255929269388,1.206640883453056,4.037109792900744,37.39864270505305,0.18732384996407953,453.34781861546037,0.0009796467075138529
164.15752459741213,0.8748748941465994,6.397884077895119,36.87546363232494,0.11792527287753843,294.9053848132502,0.0010765905810088692
173.84133436286245,1.1806125902957174,4.7499634381782,39.68356615042532,0.11449767524704119,416.75759903254726,0.0010467470662769592
238.33891607638674,1.568688106391865,10.384538090301357,31.16634332495523,0.24292187469064758,231.83035942629346,0.0009932762448060413
219.28036552155658,1.645773457664553,11.355024630287216,27.81735773013351,0.13220047463964793,333.1795218892197,0.001009705259381473
147.94448323630698,1.720201690461602,1.9187758966008637,29.25672313537227,1.9526223111002259,328.25166128412565,0.0010131180906563803
224.72686894314066,1.4487844557655354,3.975618919644044,36.35340347782376,0.37782751503686557,621.7786758287507,0.0010886263375951342
113.34925075851301,1.8327245786316928,1.5531444530844989,34.464990274950345,0.9247376297741732,340.9704007859138,0.0010492737035657554
223.8304396565524,1.7572442069959038,5.455318565584538,33.990025908234074,0.3294684218211085,352.5777544529689,0.0009335757982695812
170.25532257901668,1.1121779092531292,2.5529516419855627,43.28013095981757,2.243517519761343,263.1791249387257,0.0010046497005395643
230.2899454185077,1.5215825499435098,2.3465152575248274,46.51961555725909,0.901730298944434,141.8835373135306,0.0008891954135289504
219.07267061558795,1.2924267278360437,2.5126971288156286,45.02003201213494,2.3872592838511686,197.69655907207778,0.000927571622340552
81.08999393168266,1.3185348918693849,1.5193501748478753,40.81501093041927,0.2575031233255151,1099.1727381289804,0.0010444510444451126
213.78845943090207,1.5126893065438634,2.8539660832583063,47.36031604358112,0.6823317642264273,224.4934190043015,0.0009310253402283438
121.1721189939386,1.1313148765225098,2.406813621153056,34.50822418607143,0.3966312383222846,365.5964672623246,0.0009577895925711394
109.5021020448083,0.5133774882186719,7.311199777009961,39.30927597315097,1.3486869139608875,928.4950996899524,0.0011683463320165048
244.4091699680981,1.8536699437267268,2.3952661852476838,47.257584660042895,0.5728093351328093,158.81678374113147,0.0010626504943135235
159.3790376923487,1.0557068670432859,4.933009219566482,47.44691196699663,0.20896153770854817,731.9255438738716,0.001049213698311014
203.8401833780949,1.4300081577742398,2.5503170878029606,47.579988736219136,2.425589138921132,293.8231131424332,0.0010129938102591402
244.82238844039867,1.6904635355265636,3.0424832528668206,36.21778694685267,0.20265116193807464,641.3925686802884,0.0010217596655765894
243.91302040364207,0.8170571482691207,7.8504577683382895,35.63583861674632,0.425435467592534,449.91768060817435,0.0010034153318183932
92.46802066127191,1.5140723462774321,3.277591407059086,32.85374519150152,0.23987495254050265,382.77671664875595,0.001081085069609882
122.42911258688454,0.9360214525489842,3.7216367077517782,39.98746106064018,0.23910922934071152,813.9270039465814,0.0010598293771467183
200.29284907945012,1.87644291246545,1.7844769957366895,36.28211018404534,1.654157406936331,268.798790842765,0.0009419891891380042
123.95564224876617,1.593811722552653,2.663986694054665,37.081228271610044,0.26602853186135256,138.41964412799604,0.0010352152965085444
177.81820638398847,0.9723568542989885,7.159179929529548,36.03454582811348,0.1690796166831576,276.7336857778552,0.0010669607202092662
146.32734260760668,1.1506887807160726,2.8661263364542404,33.62582452495193,1.6482009491144305,480.9835369318402,0.0010863646439104675
161.04450490799022,1.4209770755146203,2.0714901396340526,34.03421601133818,1.4029939778704046,257.7272144754705,0.00111487715180189
249.50628481357163,1.089647869478555,6.817664898953646,30.635681237370783,1.5711371004331545,198.6267302210166,0.0009472323872013975
93.13401724520585,0.9209007087168142,14.339795097876534,23.773971222372634,0.32643674720360094,51.05489933200009,0.0011853983763791846
245.65771433153049,1.4970498295870647,17.256148546785745,41.065524824838135,0.015032370366661829,18.943197367221412,0.000933847690508312
230.76292634140944,1.6460648305507208,17.197181134627936,37.453820975267035,0.02242916479241712,17.911427017835774,0.0009400848678903018
179.6684537653278,1.6946675312339428,2.459582840009251,40.21513973653221,0.5418603599166439,21.919643765065924,0.0010580996567361059
171.1717995368633,1.4687142362248022,3.4397853911311658,30.34402010375625,1.7971092771651225,29.623517192063336,0.0010644781049422385
176.24126380714043,1.5327248357547587,2.587681581528789,47.43419690840501,1.0656972334045707,59.74196407383721,0.0009623118467953011
197.7598467489368,1.787364189619025,1.2744539567905566,44.48438226144975,1.7186424724806464,34.41187249508869,0.000921892725238828
160.96383177902013,1.7923971043406062,1.409451153221126,41.99587241119187,1.3785809294767544,31.197516596142062,0.000904672303010233
178.11436161009775,1.0804279449790455,15.581155898595378,30.25837382028503,0.20208342921995226,315.48491459677285,0.0011501192138808232
242.61139418813826,1.9145764658390054,1.8230102497300518,37.57762913354063,1.7308887324442006,601.5002969374326,0.0009467403848951383
243.12860796032578,1.8963180629243714,2.232632108498019,30.821288582530897,1.7535216881882376,603.588037969037,0.0009334057092097298
234.59525185887588,1.9171025685671368,2.5071325664975928,37.602403884051505,0.19368708808743282,526.2122902349596,0.0009213289691031629
133.52040462189305,1.5098342348018678,1.5523748651310458,38.14071704976615,1.55426933176372,89.10800400034044,0.0010470068568921563
232.2047479986628,1.3208369031049636,9.357233404645097,34.19377401575995,0.22227054393509793,257.02172626227673,0.0010248602602533979
131.34867613993057,1.303420193286794,4.503179749922507,39.22439458271538,0.3064589951761368,340.9008572802458,0.0010146306483426256
166.04814494931108,1.2166609215353017,6.646868516634999,26.228930158739196,0.2556025437360726,517.0985721892949,0.0010064280688524127
220.58656458492158,0.870084252741388,10.046634819495118,37.33362336819905,0.6398944571156951,636.7195352576888,0.000992643300662243
118.84140507231116,1.1901187194088518,4.892217465741334,37.829768501602906,0.1195396297096782,464.40241622861055,0.000989597097032491
198.197744865799,1.4882969580116578,3.693005090403634,44.38684792486851,0.020484138573606262,300.78070989475907,0.0011138032293608185
218.34650825360515,1.6272732817937332,3.253797490338064,43.94722599890136,0.03445395458934413,822.2274189163404,0.0011592802634160383
80.30099652611581,1.7175144448074218,1.3429228776840298,37.6692785695017,0.0755766406074235,397.66043012788595,0.0010741643990240855
134.6727950837887,1.7663569241033397,1.508921238081143,44.76272939246253,0.20861960785409997,587.9345823289893,0.0011181038337346526
200.94067208032348,1.6661860947527025,4.546334004800084,26.48630628317698,2.0426249987218634,69.12217665559703,0.00095715994298987
208.6430463302545,1.9423027397081152,2.794587381126083,35.03039533225411,0.019154095632399268,827.3144271806667,0.0010497234240194045
171.7839361621562,1.9083148382950412,4.034100372772173,34.19375127921252,0.1533156849000406,189.94164059421783,0.0010074696711979058
149.07539359883128,1.6898398916037773,0.8831568607428144,41.53141796267347,1.9137604638194765,462.7354438370836,0.0010406102336774753
204.8769351301639,1.5927036935881749,5.0299576378268975,30.634402090034335,0.3992723714544218,405.65937576870874,0.0010689615376806706
178.51198390602445,1.6222154718772008,4.107777540449878,34.985725694797196,0.24790143862010758,511.98985736366103,0.0010970182956741782
184.34602563325546,1.1675603709954936,1.8318161968547673,41.92087323865607,1.4159067272229355,955.7959295855613,0.0010441623997328438
156.21641455936896,1.9429353041888784,1.0625475865327907,44.25812878590619,0.9263920041584448,197.96587188960774,0.001018104136219403
149.88033841774185,1.8801892264540845,1.803074203395217,38.785403933237895,0.48451537220897795,280.7725015185311,0.0010527169362432897
199.03245773749376,1.857633337788441,1.3021468245565453,36.585515921566866,0.8850717688311498,639.3416613930817,0.0010383222798341924
162.7634701746036,1.3503112017100567,5.263784387938133,31.991441657346755,1.2823567772072217,234.55662897156762,0.0010348209677469996
82.92257998935308,1.5336522021002743,0.7886950856336804,45.3800173619708,0.25839844971939885,710.6189289879584,0.0009752281016315023
98.75338900287677,1.1252115615289364,5.232883704292622,29.277136395908077,0.6307004564458938,130.76833592566527,0.0010647596532882735
241.28617724076565,0.986081905214508,11.074399427282069,33.060695229012595,0.44296292498619033,7.818172389688335,0.0011038456659645088
243.45165020382302,1.0290492753627811,17.337574255519648,27.39168871071235,0.31769841380719815,11.216205212888948,0.0010724147853025938
234.37725503498444,0.957753232010798,19.92717837263865,26.03236635921046,1.0672217275549452,9.45815928418382,0.0010321536595683956
216.2462813583882,1.799011639194589,4.619454412592002,35.41128795387244,0.023148378631347655,382.61575795027915,0.0010743447428585803
233.2060696389178,1.512312167914336,6.705651392310714,36.35658191468682,0.09607695062133763,801.1483303275079,0.001007398760175406
173.10602887575712,1.6280568049562416,1.6260784217283026,46.01427540508541,2.5827929553951234,204.00111250198435,0.0010480645815295305
85.54181572281259,1.3198982841469962,1.0854181047600886,37.23838215972166,0.37610214536140285,540.9360010744638,0.0011377684541420627
219.6675519540974,1.4290833539084709,4.696697875911175,39.00638216645508,1.3642505025431628,193.01185493836445,0.0009696868664232316
150.16632453110455,0.948019467421504,11.797751872733796,34.99161275950718,4.1262513550597534e-05,145.36105259568546,0.0009448773783636219
150.08397630504396,1.1129186558382238,11.156396768900622,38.9531237239095,5.685435803219977e-05,97.99624808031622,0.000872942882867509
198.30359994712333,1.5190566606648033,9.919671086222493,27.34811105220349,8.698478074509991e-05,246.74987067092917,0.0009559652922473029
244.41665956193265,1.5134489972964889,7.603409631342062,30.060924798756137,0.009991446198389552,388.2566771592067,0.0009800915000049574
52.03509984530312,1.0848060089010017,1.8161671309692053,35.018594674630684,0.06271307219058365,497.4925912486411,0.0009831993334102052
51.96751091052935,1.1420977377965134,1.5221438484580396,38.56690646564361,0.09291439911039819,575.6388909680572,0.0009792899133529928
212.21926233778353,1.6507399061705854,7.2931809277138315,39.04346111523472,0.0015270347972277892,199.58839562353478,0.0009295876558663858
199.53825452187283,1.5408474106262735,6.551001873667153,35.066243472701906,0.010693879607864257,273.00115959367804,0.0009075062392213137
184.21047243776692,1.4404652698817069,3.0390725430665397,37.763114967809024,0.02753193830986694,756.6124141036196,0.000979909965343189
173.60656402318807,1.5031255368317606,5.64821576578479,41.83535264214112,0.018244274099156226,220.5714666518806,0.0009897132559492667
196.49100837016448,0.8691062971581378,16.799979595010477,27.383009143551998,0.27105272231526883,104.88547970435958,0.001046821200032473
164.0194170086046,1.2205960360535064,3.0081457856143365,36.793701777995835,1.041882592252607,58.96438875170614,0.0010788826797217437
146.23578172616757,1.5785273874775079,2.4247085018702665,34.870911405852766,0.5886871647689339,25.335769238638274,0.001004797255363205
145.1045950597559,1.6560685908296588,4.339091636974046,29.8301502536573,0.3716413416134825,40.11339195707409,0.0010346109178232174
215.18994728876567,1.1939250441303237,2.2745569299405566,43.71479854057441,0.9839343388493125,1040.8267164045408,0.0012338671726967432
209.86121109320777,1.3482013217219149,2.9651559522715805,36.760923604203626,0.8787995677003544,794.2564281581792,0.0011701750087318176
200.9600094578258,1.1331237105716188,4.068676980845284,31.742104675902745,0.49261526622095636,654.4829593217761,0.0011633660159358894
72.64487980702418,1.9067150051227113,0.5280841049727882,45.09268396993437,0.4375051794024762,502.22765500595284,0.0010932729728944826
240.50989385151226,1.1268479185371347,9.327334843849691,31.06265256960055,0.5839415116346865,746.3491792210851,0.0009552247448048313
226.49430620340672,1.088777652300362,6.310250795374542,35.8806518844054,0.3424236816567672,409.1165098109789,0.001075782367709288
116.58923092085776,1.7065551559506114,1.4899256279241073,37.03809399782482,0.6528695429077412,290.78946131181794,0.0010452883312682864
158.32880564096584,1.0367722298429127,2.1308723962679963,39.275284383173755,1.1844131160871296,493.8931283907161,0.0009716477843747623
195.44073352856944,1.68637126982624,4.75837908827745,34.273731631757485,0.2999512007458516,363.9534462468081,0.0009695997847736806
230.3565700381343,1.1326398582783672,6.5931706180989,35.65632079951168,0.17183465399601391,340.38215903014,0.0009167833851528172
170.78514134332525,1.362001377094353,2.3113134844754843,34.80177056148637,0.7377569347007035,544.4576739534199,0.0009337481437232314
146.92839907760896,1.3299882267876086,2.230286050984962,31.856788801552575,1.0349399111099589,547.4360094378156,0.0009265744257474958
215.0162355236662,1.552314684323471,3.839339877005753,36.46801297334423,0.6287627327923806,474.86222674236006,0.0011133973689411902
124.7007362120932,1.069388360194769,1.7311555187225953,39.48198594758583,2.437792382982056,236.77658354279092,0.001109149918365377
164.37120415646396,1.5321347576989024,2.1870891723481796,42.15050748188213,0.6952608779863751,1288.5320003130337,0.0010928998043731966
145.48162234182354,1.676500749422162,1.807219509665337,43.469238732377995,0.5159513944107657,1075.7479219835122,0.001125564743826787
195.62256474212617,1.4049405027375805,1.6654991013196823,42.40230227413167,2.070770512805611,373.21176505460306,0.001076513218791645
209.5378132289296,1.3842898547613318,1.8017246738699304,41.47283556512312,1.7029753651359514,310.7997446727648,0.0010616271090482243
196.15489721800955,1.0749258792078393,9.093312538473247,36.68150576186136,0.07011005077762164,370.7618829323604,0.0009413638509812419
179.917463034183,1.0129423488742049,8.70539293225977,31.256552294777933,0.07385135727374902,269.4406250343999,0.0009864557478398753
178.5646642355966,1.4556008286062634,3.169930300675122,42.833192150273256,0.03214018762939719,578.5293445149898,0.0008906086197757892
117.96623377942977,1.150635660711758,3.41630573495331,32.20167656881832,0.017766117308941225,849.177749882484,0.000945968834074295
107.8791144874364,1.390200269300794,1.4300003689097092,45.698975952272725,0.03682562432467951,831.9850454098487,0.001098767833102153
236.42641640681845,1.309511568523232,8.984620992668265,30.56369382393671,0.21663844402032623,266.0929347256346,0.000991722112536902
185.22664669589122,1.4473680622734613,10.147208248387397,28.533045502709818,0.2081767135902741,174.43947979904698,0.0009575846231138846
178.56873119347668,0.7731162739227229,16.040215417068797,38.1476364459293,0.031147258459026852,167.2053036904352,0.0010265467544259763
162.5977032649923,1.8012009184550006,1.1972978205039724,39.70943775755241,2.0248193177423683,832.5271612340168,0.0009533520814981478
214.47775001749542,1.7825097407513075,2.245250984365163,38.84530228249605,0.45873927494499744,360.2839948193133,0.0009909528426178267
129.16617529480502,1.8234645747703584,1.9606309480355137,35.75097506550236,0.21824509063480707,304.867989062162,0.0010049793926394776
63.911252175217676,1.5535990247307119,0.8767158291131621,32.7333745569213,0.8628172025098205,927.8101537783508,0.0010929136637762103
100.7166914519918,1.238436309954106,1.4050626616289061,43.26742372310668,1.2586859831626303,164.17096966975296,0.0010445779341223117
126.11038656321833,1.1900947815408969,1.7713003716096367,33.775787722601024,1.17291802156359,147.6752844338058,0.0010284544713197467
185.30273183313705,0.9841957056921766,2.4001432463734895,42.38391394882222,1.1650214731738748,161.10923159945955,0.0010322370072856407
162.9678252325893,1.174299291663018,1.9058160900588594,41.48324827464366,1.4564600275653947,171.7276040946932,0.001029002027281599
152.34396265763,1.3461720746240426,2.2123748959058966,32.80542047758523,1.5191056732076602,123.96703078143443,0.001053961693936592
169.17784457571406,1.5158512328357845,1.1112595800410927,40.802192152758636,2.5636853649453664,226.23871984041944,0.0010902982375823142
52.04012543560464,1.1955636117637387,2.2202512979464317,29.305629521880142,0.15115836674145688,871.1322776572528,0.0010888168870924677
51.98965829056699,1.5174971092796012,1.2961176456215733,41.30448477873186,0.290142919947241,157.40889090893407,0.001038595000493469
244.8201585111674,1.9649951672985335,3.2742386057265773,44.57600389651289,0.1716168969768526,11.22350280550343,0.001008777937720404
242.90921452095898,0.9070088761058406,4.248372797639964,43.57691181175285,0.700735858318152,16.6738806211487,0.0010339236559681322
235.33967926986756,1.9187709616776896,2.5902683558996418,32.75120483489857,1.5810910714570863,81.99931955126104,0.0009612673449645859
181.5862654184893,0.9416531075156263,3.662209804640552,38.66654174251367,0.5136038974523369,1113.4013535222684,0.0010385246267228228
187.30480661725662,1.1994266224868604,3.036821185960047,47.67621335601583,1.2993476605279757,131.19894493486584,0.0010623170751356788
200.52182514138093,1.2149671886692504,3.0001845597596293,45.06861974140878,1.1587730567027221,328.7093291408892,0.0010057618335512519
201.093091480502,1.6083014948435794,1.2621394846233234,42.03845324325778,1.8601116858642244,392.0965204763405,0.000985707346809407
161.32996243944103,1.5416217589014927,7.482279342169808,30.653033803496708,0.2361911826904257,148.28055551610052,0.001162604201516117
162.60687761499028,1.7137031361055646,1.3832827253840934,45.56571444286779,0.9066378310563935,1072.7979434850995,0.0009633838553545287
153.99502833908866,1.858424206304931,1.3127254048362091,43.810558695935846,0.8252150405565742,587.4613899876291,0.0009149683589471236
193.59643017802605,1.8750835625183606,1.2352087571890946,43.936496078571224,1.4725491393414931,779.379293787428,0.0008864313846969685
234.1848364222631,1.2022972655648931,2.555177413767488,46.806621554994166,1.087863260573252,411.9185300119626,0.0010092275213971708
229.12494878928328,1.4838075265971875,3.455448451727218,47.584626924368976,0.19426162622116383,782.3675816005119,0.000960252910380587
82.71421204447157,1.4597969718960322,7.560036386686879,27.698578671040003,0.1396672833016194,318.3608740566656,0.0010207791906017962
236.71166245561682,0.827640576559885,4.610473567918793,37.74734782047604,2.1513544864322736,190.84321361591086,0.0009340172076572215
193.01885915603606,1.507627991715221,4.984618561328051,31.06103629175472,0.6412415961182175,198.94551810932376,0.0009729554446160104
159.55277009469498,1.148853814315485,5.250179355217381,29.45025359341166,1.337408173083362,95.28807230635968,0.0010176477298167376
181.09104693605184,1.1976547722568527,8.95944424662174,33.14840736799546,0.02864759389750013,308.6748429911591,0.0010130224700521512
209.16824834974622,1.2025227818389828,3.766206586680876,32.50824785353494,1.568623874542657,324.4634923104562,0.001048321393355294
192.56528457184623,1.3769950466216652,5.036599445343957,36.19723397522926,0.2227046784169383,396.22741264099227,0.0010750474621872522
187.7998575611789,1.085564321315241,5.345145441184124,33.72354793469485,0.7242954785401324,150.28290176659806,0.0009872667792394374
167.07243685008427,1.0351660628691475,4.888555861789535,38.24782163872397,0.22917950374796306,334.5608580232395,0.0010437527384705644
161.79903672609964,0.8851961714843875,2.864817862763557,42.65341753730312,1.2857165394168935,378.53564098521053,0.0010888950384337578
173.20587982271405,1.9410057706144659,1.0889733040031564,39.736231908717414,0.9610234670717531,252.8653459070067,0.001042131415155868
204.63770288434233,1.8506659706733475,3.4446995506310736,46.51918957080766,0.17780370325751016,365.9616776247653,0.001069723505464398
72.31315164014383,0.5082388099653461,5.406364203331589,30.404073250760256,1.7935418790038267,205.61568559788356,0.000964731774069125
210.30858278069917,1.431608800552397,8.938863044302838,31.59040763857962,0.26080711107468274,89.5969290234466,0.0009535475495548896
214.96625731019344,1.174953176525864,11.174363426675617,39.238872292782006,0.03674334588525917,132.1665248191216,0.0009745843496018849
196.7987682401247,1.1914255140095968,6.0539885715136545,40.473804266063,0.0015102290147136785,390.3112466799554,0.0010386144598494213
135.61109228055926,1.6156659990635667,4.932864381386197,33.38824241200949,0.001987825590141838,386.3151000448622,0.0010458953014295265
212.8741551771094,1.5389763522853166,5.785568531600914,39.68324195578582,0.021145335271084663,305.3570255487037,0.0009546087718481693
103.1743674104058,1.0694347491285043,20.620630521653876,30.159991263873685,0.000754905766163684,23.88990105677164,0.0010413854532349423
133.1554015554671,0.9039988533423049,21.146701200443317,33.38980124890733,0.0014780626851779459,56.15455282199646,0.0010889773808931955
240.07343983042512,1.5588692398728363,10.085221509575817,36.36124370788972,0.06924498694816719,88.68736111414188,0.0008984157098549043
226.92139169910376,1.215822017551063,12.234238332081565,29.906821980370346,0.08692149196834403,196.40973351491442,0.0008998947584397587
169.78158797638244,0.9508406789065198,7.191115329143859,35.73018806582795,0.04842108520907067,412.3087896768986,0.0009699142822927114
192.23577317641312,1.8061740100337818,2.395960628479988,38.07815396156175,0.5191148563597854,337.99682949934675,0.000977754533347792
190.7219743372204,1.8678412500819952,2.5877349968232886,30.96243574719719,1.8342676025684561,127.92017005711955,0.0010274209326093782
155.05984930695885,1.9670891335596685,8.43604836782996,36.526138066269084,0.04668696415992498,6.685878232085741,0.0009827982354863904
206.70903895084342,1.9846708501445363,4.944072701816859,31.863550081750105,0.23039247111149247,583.5463337050444,0.001053469207015312
217.02414771983834,1.9866770202626822,3.5248809255018845,33.59053404881373,0.25025587355567913,307.6001004161808,0.001028697346990391
126.3880730667622,1.9719436353287076,1.1385014499641115,35.83472518029281,1.2166399498188476,525.9252939629508,0.0010567484765958187
212.7989667414435,1.164170074934719,4.521321732770092,35.13610290085536,0.7583403809542438,92.29937334262712,0.0009732666762172101
226.0694545337167,1.8087269240122366,1.649517259625883,42.41964064189888,1.5667637722909646,74.51520149534427,0.0010891472288439591
198.7976642875985,1.828292411525551,2.444099867537275,46.1166769991604,0.9943207488053482,303.6523643375815,0.0010215998748619864
77.77423781048269,1.929245947072058,0.4742956421895996,38.63180022856376,1.288114450193081,879.1474282090406,0.0010960442069299085
92.61032211905761,1.7029545386948797,0.7912080384671697,38.95821689846566,1.7064504765046347,515.610168272186,0.001025985274473462
96.42772010782028,1.691751392181073,0.8437391708474259,36.264292767088506,1.3255557852297666,457.4272853662073,0.0010384228567960753
121.22730401825211,1.0098834166786408,2.156568161471896,36.24965282094994,1.1171891020956053,288.4624637413162,0.000983259432610304
222.18551481691298,1.5089097101490867,8.447996032963395,28.86665838375683,0.3845549668584835,536.389858940165,0.0010624225770657135
209.87973456733525,1.7817097707219516,1.8391833811768832,37.664217112580936,0.7591982503137054,445.2373435793423,0.0011269422121594041
155.25705944893988,1.808824391683185,0.9031659457648074,40.64515671083957,0.886945116692638,1394.8521318921637,0.0011461135276501294
197.78255005790578,1.6286895849114145,4.045587897922077,29.44062652055154,1.3936384475685437,5.827485407802906,0.0009371340377930073
161.4835822251351,1.838028515909509,3.205497775007661,30.134191321282977,0.7837919729299746,801.5278527477499,0.0010536402688940906
124.78304426312036,1.702938080520237,1.3079098818372783,44.59297233998197,0.5427820020040124,327.21182935934974,0.0010780487940669499
183.34475795297465,1.6989083632137614,1.6872484611625933,33.40429814795552,1.3971956772070244,607.6413911903436,0.0010110071497803224
157.03361374946837,1.4945134899205077,3.809423976765152,33.80260461898364,0.5150948054006702,431.4362737593464,0.000905720907363382
204.3379782215322,1.383690773537166,7.963300639007823,38.97512163068087,0.06465116261529216,105.8988194795323,0.001038259044260186
207.29062592012372,1.6456602425960736,6.0398153393258145,32.97928229907607,0.06464583833886561,372.9703785564859,0.0009542641948522827
178.6267358403788,1.6847385015423322,3.1092153800611375,41.77668460024473,0.11077315598518822,351.1062177386959,0.0009193762995658213
169.1116599717247,1.1540341071241946,3.3303162405027105,46.43426882572467,0.8810931979423028,200.022930472825,0.0011815883558577796
205.89494149698845,1.123031880663141,5.665687766429398,45.7142495667321,0.51935866466772,126.94900818504082,0.0012036397424755381
152.43524486804668,1.6201346576577977,2.283172834678831,32.92773807858552,1.9900879117760113,974.33700743705,0.001045963036172819
168.38998628600595,1.4776037710636627,1.6792979828148795,44.54789113041798,0.7590039365169668,218.2944070687609,0.001001507982426108
172.88397496040025,1.5299579034743613,1.4925976122848694,47.76365514289027,1.6307923757683493,757.1394638675084,0.0010183285016574538
104.44847015685241,1.1807042545645137,1.8874517587269861,42.80248153773003,0.8980927987544123,365.601422971537,0.001106293881852162
194.75764223339,1.061425982578135,3.020459960150708,44.03631942852938,1.3779499604663705,154.8940433709207,0.0009594098492921148
144.08016973792957,1.1906846323011477,2.1396040958823006,44.047661779466644,2.3429436061753943,83.58038585370608,0.000944397400091561
241.63844296908675,1.624218409229686,8.34590673637418,31.543840033484123,0.24378633474081274,79.30710359569682,0.0010017813874526518
232.15112186975261,1.6382809336085777,13.393272883382599,32.70176261356058,0.04084159298368019,80.34761993214353,0.0009869977221487244
118.02348616589727,1.387212676932736,7.7256222282502565,32.85939269992108,0.09656606273642239,56.776472835682334,0.000986000441776039
231.23168465681397,1.8254401208324982,1.403743708619293,38.63572859682394,1.980916713936479,1059.9607235637125,0.0010131277052435577
236.30445985660882,1.8422017171042957,3.812930298879135,32.31846251473141,0.5134310036109659,594.8582216222235,0.0010852812731999921
95.10139647500192,1.739077735186708,1.2186163919997977,31.808956404470322,1.2231052175967618,389.02532547213843,0.0009604914458911158
202.0915722486763,1.2806908300942375,11.859735379332085,40.420578439217216,0.02599945953277336,62.278569879115786,0.0009529587810085437
232.11617149578854,1.231511564834523,2.7906919542091213,37.57119337061384,1.728043366056632,314.81642771966705,0.00103946909454179
202.01903861558756,1.1756898078581568,4.086866440587492,39.2504739805848,0.6088399211443517,649.1391673334971,0.0010090272941345867
97.03712834802386,1.2675222281544327,2.523956754539668,31.719098477577948,0.5224499062238801,586.2532678604717,0.001004558060866435
234.7629994192978,1.2086048115630061,4.190335114220176,32.772737803282794,1.1354574928219652,358.95255797623236,0.0009229908994262803
232.95466560243074,1.3492406858391577,4.104187985781177,35.6689882247823,0.9509640206540454,537.255513640824,0.0009138313783711646
239.07999189375096,1.4268897505103055,2.0239235660183983,41.28920908979006,0.5601346075915039,802.1630508594086,0.0009535687746769951
230.27153036699025,0.9820274939695866,6.514017316036293,26.88348441909791,2.658564844549845,369.99635802511926,0.001018761880096275
169.58566662544888,1.377642500547771,5.955007586177893,38.92928116395627,0.01300391926291421,217.61801358658482,0.0010487093623260594
167.49355905821457,1.3499528473682803,7.270570883743598,36.011192880884565,0.005937428545626637,206.54312938753802,0.001035343929936067
128.73138333077864,1.3513623808668669,0.9866974990704236,48.4188108892071,3.2012769751615826,471.14719388586053,0.0010767899497013005
124.91804028849181,1.2689922134222769,1.223841032242193,48.485146591703696,2.8877337703886155,505.2242907052575,0.0010897832518559267
194.97855549643447,0.9608354735256277,7.869327274998366,42.56535832651445,0.1451435976863751,177.06918167644196,0.0011017255616498642
166.17721046939542,0.7891741640803328,6.109345399601332,43.61705476356142,0.22746748731226224,154.4884076156561,0.0011046453154250919
193.1927806000528,0.9971549250710563,6.788265108360458,43.98670489454066,0.25908944993378424,163.6256565172787,0.0011348760500564813
203.87669608294922,1.079813422195873,12.088944897404076,25.08792696408083,0.38161765137591785,168.8351081670868,0.0011266554648712184
155.5732629262625,1.3366560566362278,34.689324803955465,27.975178201810763,0.4090839103788126,345.48654229472044,0.0010956671450190164
137.2133180255102,1.327950941102444,44.1861383220321,28.775049838292908,2.0860941721360473,274.81823756106945,0.0009956547349085066
171.53302381873306,0.9172001768338881,3.5216073202097644,37.943616534955325,0.1679982890043027,350.87881652006234,0.0011100625262979798
194.4604769628952,1.7616426796260787,1.8759511326107772,48.76419778823782,1.06419383801962,533.3280256421648,0.0009988434653053833
196.65120857112854,1.5505277153101695,4.263691014475866,48.75204709077957,0.5270322445944059,443.18608861902493,0.0010459448638911598
156.84798012168696,1.2264128779159018,2.3067259191373566,48.895121285424494,1.2645482608151437,525.6511554757442,0.0009537549477924507
176.78609427933685,1.3177647453482264,3.4179199461263363,48.875713302995166,0.7976593933997447,757.9964896133376,0.000892377518983224
137.848240951276,1.4355345853603523,1.481284246403272,35.3272508517366,1.7607461609861652,427.80985550938607,0.001063973690786167
194.8042875086111,0.9982680293560773,13.778780227959627,34.16425346575693,0.07105931192291827,144.73454332631596,0.0010981182877136781
193.30627349994728,1.1701019481768768,4.522016749914168,34.43073155810245,0.830619880292082,89.50433929273409,0.0009614661574674757
199.27652858266197,1.2290691481786022,3.0906690012526337,39.17724033268352,0.722880005043631,301.4736677769571,0.0009733525475044618
237.16205690973155,1.4364496656832966,3.7727505059931445,31.196320721872603,1.4941479035887124,349.42598357583256,0.0010294349628303676
247.5143297368731,1.3097937807213076,6.6877027520373025,46.76857467085547,0.04795965814273032,245.22485138690504,0.0010861680256485395
248.3214962738208,1.534661671625598,4.251021369586545,48.504688427506856,0.21195137134717487,381.11950021876515,0.0011047982491742495
249.56442214322217,1.0122083771341006,6.400591109652115,47.35128273418373,2.0068764904232714,896.861696026419,0.001078340882092319
241.95932286626856,1.5592738730769873,3.932614338770943,31.418129666788335,0.30521857695579674,245.62255411884016,0.0009760991802147007
241.51976347267015,1.3809805410876146,3.5598000800643814,45.40453987954929,0.38210372649500174,307.0278517518198,0.001088487817082085
221.23100813956748,1.132876943473014,3.1244113001738425,42.47498231600732,1.4556936228070825,436.72375674610913,0.0011068506679934914
73.2173743119191,1.7185522046014328,1.01578775805761,38.46531559026029,0.46654467110104747,466.61454074716113,0.0009271513891904064
232.3433648826832,1.9289962623392232,3.3912289814674264,38.35902484062072,0.3962614385484129,380.6567858229636,0.0009498887398993242
144.2037793830078,1.8948126549193074,1.2821066091674302,48.35225536784904,0.9528271091344219,567.5030429431562,0.0010047722555095748
218.7847666977755,1.8976385946367142,2.750604797221865,47.38850267508859,0.8317369559110253,216.55080060121668,0.0009757444285023603
102.35485056699422,1.3845463968520841,3.6624613743939527,29.18480979928365,1.6568866227944907,203.3765414412087,0.001049282192864673
217.15760113106046,1.5063207560282506,1.9152156223409593,40.689334506538216,1.2487113295383245,649.5621460727274,0.0010988327394233757
200.4421165500949,1.6353520644873725,2.2099256857328227,42.25300569521391,0.7357998180892816,278.32934572642665,0.0010699271217555356
227.14483949781982,1.4432140423276973,10.291282298268545,36.677580175965694,0.10884049061596457,20.36109265689903,0.0009064526258067752
161.19922104254562,1.5863533349284642,6.083227707100664,28.13854401363499,0.4145806481891879,2.192805079539854,0.0011996379720800446
242.58025058557658,1.0639411257380587,5.865599834675369,42.429668577212055,0.45895644636450755,12.808985113389317,0.0010184488531863236
245.96142240706558,0.8428734667161737,4.119884730253227,42.58841469299302,2.489859747492996,10.681684247362412,0.001083220937434382
236.6148777446658,0.9230560556605464,4.647319491629371,32.25321552561571,2.324805490792073,5.60405142128117,0.001061910245387239
230.69158253110243,1.4942229381835153,4.775755649499064,29.90983675011795,1.3572941620568302,7.816023414832064,0.0010775999035252213
152.5854166187634,1.4393170119512455,15.213929345524676,33.223507260937055,0.05987885403457648,2.2524032037301014,0.001147262263605482
179.49582182022658,1.521274809319982,6.553602422960184,35.43601832142633,0.20949726092823395,4.667113901728525,0.0010149124027363677
205.79883653480863,1.4934683659383245,4.643113212382653,38.18928675831377,0.23014114017730186,6.101570627286725,0.0010139459892885274
166.47083931907332,0.7689082343870386,21.172225219140874,26.853186364383866,0.2874129657839523,190.46627602283107,0.0009714491626021328
153.56383825044347,0.8447773661743637,14.118406161708236,35.59637642159188,0.11191890940731698,460.78055762084506,0.0010802603162522778
226.28108030238357,0.41692214334883265,21.336228170341652,42.89138763558489,0.14061043205062523,187.38203846454041,0.0011177200062724986
191.27940743642563,1.2346939692801857,14.019454884805969,34.920838468110546,0.09394725563393845,711.7857852291406,0.0011077080075565361
212.95710592388917,1.4943431079597251,13.973127443470023,23.241662273466616,0.13396136068756917,314.7321458456406,0.001066856192494604
191.79509570811095,1.2576516495967447,21.43917211158136,36.482337280178946,0.1553297747858194,239.2301584656417,0.0010414253342897707
169.01775492963273,0.7151994633723276,28.60000023901733,26.35270218087299,0.21361839248070472,260.84158756785547,0.001100881456861698
123.74592369528573,1.0287951426257935,2.782001213790399,35.70023911091762,0.6166831794457798,418.30608555589345,0.0010250696597493645
156.81351492115385,1.6218626498798685,1.6471589383612082,39.280952320791336,1.0517967586203616,544.3675185033169,0.0011545816732108044
77.74170408506103,1.995210405742534,1.387823692749625,34.7268960121559,0.25557504651180163,175.14872466212935,0.0009375183131685803
184.02373757543128,1.9817490211327469,2.692691028187414,36.11506685141606,0.1563420415433056,699.6144631435915,0.001012903386575906
127.80157336768508,1.9854888463240565,2.562614074472208,36.00333954635698,0.1764284213633331,207.29470145060094,0.00109505558262552
215.26693580292192,1.9968689370502308,1.231824645010992,33.1920184774484,2.281356881011101,687.8525011873793,0.0010342502045287635
185.9951551367554,1.9979294399055219,3.3362798721202527,37.11965607437934,0.1216046504875426,369.471245487019,0.0010021858276423154
171.77124408133267,1.987565475327085,6.382281859306198,33.9476767624727,0.08177039915758345,86.8453765510756,0.0010596000941958154
174.64649714514405,1.9809717666501134,7.201852538101648,33.686025236358994,0.09323020399221764,88.52402659174459,0.0010510316192007111
160.38376324534366,1.997950410158294,0.8821930410388895,43.24678888066455,0.6128030636933325,888.6385537462235,0.0009999007497342124
201.1927173128849,1.9995268659711907,7.229196286394296,29.0800609818599,0.13521913100003377,62.92416020628002,0.0009185458642697077
214.4802552045464,1.997405737158934,13.710832309152584,27.49495948220222,1.1684097482756937,19.091520915321258,0.00110817862510012
128.01932314365578,1.8154067298135095,23.983858354954616,30.868290647956336,0.07561723089360503,331.9102412413037,0.0009831080217477539
187.62403282314793,1.8587821698903377,20.27867490400526,33.426357639252906,0.5626338620271756,766.8941459167335,0.0010561516332601697
113.52183432823522,0.5843237011039751,7.882116837096692,40.09292438604337,0.297562372456223,90.23488977612685,0.001100942606006146
165.85955958663274,1.5606843741177645,25.35941347661633,27.30337314391891,0.019185817157136804,70.6740042908125,0.0009542084942866157
201.486605287253,1.7579995751496382,1.7776856936200596,41.58179149786501,0.7952543382275222,529.9028143316323,0.0010664091562907717
104.91227703093996,1.4978283377317536,1.8932984331160894,31.158159296882918,1.224373017429419,541.4864371081533,0.0010051635306916917
90.4906323366149,1.2474139479869322,0.862882160380008,39.36462328037239,1.9749313873194732,1078.3201918222871,0.0010006609015071086
228.50067929743975,1.2965369511509424,8.872897189108157,27.379711535941013,0.551163358223433,288.6662240461887,0.0009763264945300889
188.6987834613483,0.776742016215742,11.203542341838306,29.788501186849352,1.202223972101004,562.9879480798131,0.001146727012798869
173.72095846457327,1.2007042774509533,10.39616621653597,28.308831155902016,0.24501616815749805,237.18514355839812,0.0011426451124149908
177.39880576977433,1.1937894890289267,10.513083578151202,32.00775105758024,0.21422618513699482,215.3040457952993,0.0011121880246175008
189.72876342611426,0.6974131351262004,6.185100776520675,35.313591643903784,1.0673280817746773,752.2456158886722,0.0009743753898747456
181.32386554169844,1.666658993933918,3.564112011472672,32.381518832094734,0.6787264365709791,281.9785736421403,0.001107036722010005
197.03442426537688,1.583863532239936,4.128798438381518,31.704526944953823,0.5746148381074485,270.52140147758354,0.0010566756884748403
187.30353719458049,0.9700614925228603,3.905772492865146,37.251207144082954,0.8004920722378487,677.8849427143501,0.0009476859863025382
140.9239328145402,1.1244854855904585,5.65930222889496,27.00883617425351,1.4087813772478301,477.58402792088634,0.0009623719119581488
167.60111176394025,0.8262022752043505,4.078184800890153,37.275637306721585,1.2385317000213585,473.5169844479503,0.00098234977844519
176.58946086530057,1.3750236553960085,3.406283695411483,31.778653750335067,0.5426209532444384,597.7628726771377,0.0010908091524006614
176.05687852936205,1.8897924064206855,1.2536994541371544,37.361107457004394,1.5123975681100583,277.44036464821596,0.0011108601446409305
164.28322733852752,1.3778060260071159,6.714808694459674,34.02606339288368,0.0985829959984528,113.09888498244999,0.0009602800757791765
179.50659075103246,0.9620009196041746,9.488566398490216,34.30957359033618,0.19422742057623568,76.27744971046612,0.0009190144010813309
140.54330255402616,1.1390513771394295,4.137128373625998,28.932720448454084,2.3307628712341915,302.99978519229234,0.0009619412071905405
197.24646488129105,0.5811574603389934,15.9225359756234,42.8620872886527,0.07444145105040488,36.26809338706143,0.0009718464605472243
244.86531368951233,1.9134143698976454,9.747250758738154,29.66681829224124,0.26101363436161623,76.44888865258918,0.0008413484111346329
77.9502620959207,1.214022201318359,30.843505429471147,33.3859798469706,0.024708097721508417,68.87683867739433,0.0013845029022201698
144.6567262188159,1.1883279399108888,2.4761711532016686,41.8458657959636,0.30024799373767497,239.13097382586514,0.0007968438836221044
90.3302032798561,1.920666429580166,1.196467666002161,29.97142483300651,1.1681024769855055,651.5581982287613,0.0012387422627000476
209.2028081805995,1.715459154186102,3.060186529573734,35.756583053997105,0.9553445167180106,370.0341138220401,0.0010866320920914965
188.80460130561588,1.8452958797660681,1.479362236516275,40.17374740252751,1.7531367043434063,237.37735274159172,0.0011504080196141724
178.6786244912691,0.824373932466139,9.115276192467295,39.828071592291494,0.040069835584332185,463.51100271327834,0.0009142434226227737
166.26844223634254,1.5773149252318452,19.67404639827313,28.659477324551354,0.08828576435490007,7.687255942812629,0.0010467543837357194
201.21138636269646,1.4047930242797488,4.512208792265262,38.40359685485204,0.03131802744205473,707.5461048683356,0.0010050334750661017
188.93446358334762,1.2248349851519404,5.520550627207871,40.10014626910859,0.026951152931413806,280.35709126643314,0.0010393480214802965
193.38032260638977,1.3839149279435727,8.074965257229023,35.56993249945571,0.08574799870004066,117.93935656954892,0.00107067868798651
102.78890506001177,1.5385875940181624,1.3029733867162854,42.78832785178017,0.0018842201144761944,521.1751892512345,0.0010895012067900153
77.96892120748646,1.2301011458168472,3.687444601798124,28.466234227602204,0.0017923666504887552,640.7908106516504,0.0010325768308499083
70.98021417475086,1.0822764575273927,3.258002176226895,30.98472038536603,0.0022054940674880344,441.83911297899,0.001021292163100494
83.821126225776,1.6859016359366163,2.691217528298485,38.06306703720473,0.003737950913236594,155.31095992785066,0.0009197074728129825
198.77646762578007,1.429271739564917,5.170422957454354,32.759096988896886,0.13744478433956253,615.989019462121,0.0008804643835263835
106.69823373867669,1.3097312370656602,1.295002765755168,34.44720214287244,2.176126346864749,311.718954294065,0.0010458127573915652
142.66102241823816,0.8740490980744756,2.287239718816226,36.627140008148814,2.4176479182981945,301.2380976310015,0.0010811893505584876
213.36029883514917,1.9031222080903585,3.511845419733183,35.60602325089814,0.08284731264215307,489.42218648620695,0.0009140799401821651
128.63264802159048,1.4994667054153417,4.698471474613187,31.73073315111894,0.1732922063565101,175.80536456412784,0.0011007138428942732
70.51768940725445,1.628610468088125,1.962192326640419,32.14522862002136,0.17683831438494307,281.5360310525441,0.000994790087505369
180.50521472922924,1.606588562762242,4.526333691223349,38.062105183650054,0.08129156015775095,285.5644496579038,0.000942560027574205
131.47801922098984,1.3946941349752715,1.08267853869801,46.25950034134563,2.2760777120930458,169.670254784598,0.001152554527385033
207.09709292556664,1.5952909432336948,4.310042258092146,34.61467596890346,1.0330535771922102,213.31621830279875,0.0009495725606883646
240.59782538817382,1.7600646795001043,11.535533926174379,28.880871387947025,0.2794177249852089,64.26734297498426,0.0009177669272953026
208.6291257820711,1.4234217679336132,15.707115766311722,28.593425477336478,0.11982614155633847,803.5089183284606,0.0009389299807898745
140.92631115683986,0.46945871274196976,17.246747852025734,32.26201976210841,0.47444572736705765,24.62997576889939,0.0011940925125043269
177.77562680848905,0.7225476864506983,24.51994709196046,25.01777885276385,0.5636940618092816,515.7593692843571,0.00112614926484635
85.5584136582554,1.8695871546906213,0.8223170247167828,45.77718215981507,1.401932217096048,150.05059340674677,0.0009784588755350314
196.3139131385758,1.8151302281021182,2.9518438164844385,48.7184366847484,1.0026385406962468,815.6914093646594,0.0011363897326600006
144.83676166105155,1.822425435801662,1.5757617208707695,48.54358443596722,0.2606695249387326,411.64399407641014,0.000990637270793263
85.75132274806293,1.362150384088849,1.721862809888389,48.55436404549326,0.3340496303028071,254.38015127354902,0.0009493793273723225
55.723552851128,1.648935672712933,0.6310334392866528,47.08719083036571,0.7337811784966795,172.9645263478726,0.0010284880019375538
92.03959463269783,0.976984564555069,1.555296485451062,32.962187236351745,0.7079565686576252,958.8323326648188,0.00104369720288693
94.28275424986894,0.8652669632621568,2.0554270242101738,38.41670260147863,0.5222360745536666,641.2749460844477,0.0010444849309511146
123.62360951174126,1.5018682724357555,2.152161134615836,32.74155063531085,0.45913149757463756,750.5759485327377,0.0010102396273155652
114.23063183701572,1.6167793484633723,1.0247029881536172,43.900523580964126,2.1143910018005436,238.62987385994683,0.0011544350121226088
222.44779486642602,1.224151120512861,8.917565038247512,35.185280885269016,0.17433881780995328,59.866088277427885,0.000836039998881712
110.23888232460916,1.4176611349232113,4.045277649143859,32.56725962548982,0.21092053812883016,106.86946722356153,0.0009838293266742494
194.48741573688216,1.7529375775256995,2.6666695021983813,35.71995558434033,0.49480566603501974,509.27834499277486,0.0008116892721491218
169.80033620119553,1.6625986101782444,3.0274559241331227,36.25049100932072,0.18417175473382605,258.11502295641054,0.000874195069193425
186.4659244595985,0.7884421025474877,8.030207609570324,37.71682603120719,0.334784391642026,126.55351224098145,0.0011868506549413715
163.72707221456136,0.9425147136725179,6.282959554750625,35.76279140912318,0.3332501390497849,129.81581439500175,0.0011697815490582237
144.45695569278382,1.0341343415905047,7.143867020532673,31.467952459482845,0.5670018856993422,224.01605017100448,0.001124643394383743
194.40242627444118,0.6006132374942208,16.513039726770977,34.961447526413764,1.1948305368820147,844.350016197987,0.0011443816041454206
193.36912548021593,0.5561188257535473,17.387354956905096,30.68735433682857,1.1462959853285413,1015.2639367229747,0.0011410809442641398
223.82325865572764,0.7892019668449717,22.924189232720522,30.184839169343718,0.3756338339815524,637.4148345706084,0.0011139026521532233
166.97789534908776,1.761666820857667,1.0050751508837379,44.690000748896935,2.2430443073761026,343.41526676173413,0.0009879577727488072
237.3560364669285,1.2501436224536144,11.929751482969964,26.73087934145995,0.3304355608960074,92.10849557181295,0.0010606949447241473
231.3417117963372,1.158167449651665,7.975039955609849,36.47989611096597,0.42743658936141293,80.509489232784,0.0010230619921971326
150.47006429305313,1.7940643117148456,1.7530893493812614,42.562288799643966,0.6681849956485897,371.0845090732152,0.0009271034337647071
157.16584453928434,1.3815081276359626,2.709817814524077,33.47970935420082,1.3267414700436304,6.834922011765431,0.001072877172692318
169.65469716192067,1.1504836006765018,4.063071177890316,30.6126465500943,1.3821902815603875,11.60671836179825,0.0010361603111184027
220.63640025214133,1.3832987570481774,2.974075280540451,41.12502922726441,0.5811083437000957,34.036573737707954,0.0009596466927390436
181.47038146825133,0.7515589926990772,34.8136925240324,29.33747505463942,0.35351306969672985,99.00887554070152,0.0012027900149855905
242.68762816707238,0.7156843145133474,15.561089079886095,33.011250918930166,0.3562314238019519,72.99520965400023,0.0009302055710479868
239.5691426427661,0.7208424722250905,17.463945809368088,38.14137187878214,0.09674414616468834,130.29793957830233,0.0009688374232787065
237.1628538156362,0.6899168689447904,17.122822750054585,37.18668873784094,0.05439668806388665,149.0385787248088,0.0009856085381996311
207.5308693201645,1.8569147272066417,1.8298726652457877,41.7729822994534,0.20676536185680622,1372.6069779346763,0.0010327768335992927
147.13526669071075,0.8904868562674152,16.72317952549925,37.948367392529875,0.08868143053982899,29.138787659373495,0.0010789782033014982
184.2653283507007,1.7365715154887813,6.101184971356199,37.41346124840223,0.04187449208840025,76.5547527207557,0.0009814265084616522
175.01958408308218,1.5359054745867542,9.697704781719091,37.75830915794063,0.01550282722519951,34.66690263177863,0.0009758710442110117
228.14127999605546,1.1612621600054407,21.988278242102048,29.76054297499465,0.11774462491712685,29.988395488965214,0.0009888493867229024
119.49410143089379,1.2001729166884707,1.9954248078505425,31.814351975890176,1.1582850012053758,282.9414757591537,0.0010938523198545421
122.96904895443693,1.4217558094912843,1.6280045629528228,37.32212254234745,1.4347027094133362,547.5227143857052,0.0011387554607273866
80.8858013335158,1.240635377514457,1.236109233750748,33.59595322892713,1.9836949404386301,385.223347749348,0.0011554896929915418
220.30860247308797,1.5041689452873868,3.3521052869656685,40.52778163896813,0.4603049809866184,394.10178591060884,0.0009354412267307224
221.23739159811333,1.5198250352965919,3.468366266749005,42.018104902663346,0.19980836007213917,288.1181876420258,0.0008913954236888651
215.04218876860966,1.4502364557857672,4.063549060828432,38.612811232108456,0.1926811281044216,286.3324408875621,0.000893837039870389
204.01296483728518,1.3739171813537876,4.575986009840828,45.01075427928736,0.14256050960077246,91.18315148815275,0.0009343101442023864
220.03060700171665,1.9218275319894107,3.618798062014392,37.79989059292,0.04996473617604206,382.1538535802413,0.0010488848365651567
205.25783009186992,1.800850155791208,5.015635235332285,35.208693537845555,0.056342613912099826,442.38464971831144,0.0009985600024711959
227.59940341911158,1.0589989402500752,14.998553780271884,27.38023161772535,0.09952230905965956,399.01498383545527,0.0011753831142374402
223.99772255815006,0.8644798475505246,10.016918986580373,39.95160354922846,0.33123180375221545,390.0613269473864,0.0011256694471246864
236.20572192197488,0.5206015910699191,11.698606280429162,34.352033665654915,2.2494574640854252,150.82739446735667,0.0010342094601916696
169.9409846657036,1.3469670262613118,10.836760490826745,28.465909628291637,0.1886357965395037,97.41822132460933,0.0012622292112212136
181.06239356102867,1.0772529769859096,4.437527129374657,38.176226266703026,1.0954572503755133,375.72713759418014,0.0009172214554611887
118.66312743812924,1.2332903051850481,1.6352532879573876,38.04871881719312,0.9075786658612551,1183.3273276787447,0.000979039512255389
220.50139218623266,1.1211182693960933,16.714754865545654,27.996024930914746,0.26852470569533055,12.014550527897873,0.0010739169856107005
209.03684439947284,1.3239115181996515,2.197942236187539,35.27467353996715,0.8956508918945917,1241.7336240669104,0.0009525991103564831
188.23932452831457,1.4407932414756741,3.310180202011021,31.866240411571454,1.5338364450466573,173.04299970611982,0.0009375047331721905
215.4955925812729,0.6971969989809901,15.650286491199198,31.22705181234994,0.30903329623473025,803.0267113352567,0.0010015704751378557
137.52962461977916,1.4941178104272919,4.561551853634497,46.036515656831384,0.0503354561504812,42.77884743538292,0.0011331331656934548
197.25324294226328,1.4629989181451102,4.307484849334151,46.25209151553691,0.15464752430260867,112.90182958410989,0.0010589072022021272
234.46792261582522,1.7799521744197273,5.004178082918244,37.968845541435485,0.06380538743321036,243.05211915447617,0.001200211411028285
229.58319844170668,1.3784900569849623,17.869240958174974,35.56918027309797,0.007414974118037907,43.03639811022176,0.0011254712011724915
108.13928156563843,1.1432332602847208,2.4944181663129497,36.51612333051421,0.4909196617893921,218.3014521475732,0.0010209845001674966
226.25519397494858,1.734130335681122,2.9305891298320765,35.248635828298646,0.7253121703808731,618.9426137503592,0.0010568999606151755
91.2624725689676,0.8291382537500307,1.9841088343819844,44.71452940376085,1.563191735002296,448.5440485000738,0.0012110543683491193
82.60924860740438,1.1898039454660594,1.44109370614137,47.44775010148853,0.6548784516454336,473.669317337677,0.0010180568951884573
234.1231084159373,1.5145799179538497,3.6560557562534504,28.47684661638153,1.733874358360943,520.4450587542842,0.0010722416270818826
98.03742892594977,1.521819084659271,1.6281691485275085,40.67672632927254,0.3099973566176028,285.49224280985925,0.0010592465681526634
222.8838725211221,0.7663482124096856,19.162076906739017,29.090201786007242,0.5203210470344561,271.31679239983043,0.0010945609628002818
218.1942756576128,0.7104402298332156,20.044150835961684,27.239629801505696,0.37904129815123755,222.95397465907652,0.001099051158193524
139.49666856539227,1.1752486245362421,5.731884099868833,34.50534300444898,0.2808507119620743,196.57032277871093,0.0009852182010131705
217.58721377749043,1.3636225035575846,2.277773255478974,35.425416838580546,1.8917752111255728,916.1636179107762,0.0011395524515109088
107.87276532286742,1.6267296968158556,2.7319895954501057,38.59537464695842,0.15191976741222876,84.58601958548006,0.0010292081608408712
186.08843947839998,1.5012767545541243,3.3997120068806645,30.83869146945179,1.1032905622278177,96.67826430410564,0.0010524631260934072
203.00698892643362,0.8442200698733459,6.6647798076119384,32.978375020699836,1.3196164288339114,34.014396537771646,0.0010421850984859622
159.08280770364794,1.5426020499275324,8.032135067072453,37.182109173370975,0.07644742718360013,60.58607459265207,0.0009282724594009376
193.52755472642988,0.8135639415359271,10.907649451874818,33.55247593361758,1.164998869180313,435.62289917986,0.001168812764297739
213.86328525746268,1.3455445471021652,2.6843357807740507,36.27931262275453,1.6028951242945746,82.30948088981722,0.0008879580272014777
176.5993103928833,0.8950386642693049,15.622255252792867,34.97886062056071,0.05325360875416577,116.11774927670571,0.0011204474127656566
192.04324429242,1.2973007666749232,15.92118028711489,32.54801991914772,0.039169698129876515,454.691284606772,0.0010220678545859797
139.11582787021788,1.1832793604724507,10.920159683848524,28.05872484940081,0.038713979998037086,288.3372028877405,0.000993820755951667
227.60582272519477,1.384772862495622,5.955670825224033,41.440878158925116,0.18613935696436884,111.10328503325542,0.0011061065120619392
223.30312220387063,1.2483984028246575,5.983810235588874,30.00529680614557,0.4154956975974541,160.2320454696703,0.001141773517015083
229.64341985726782,1.6309191160540377,3.5749351933788365,36.53651348716892,0.33392237504715433,577.5993667986162,0.0009205032142198047
244.7299481529791,0.8079491527461797,10.114245849509409,39.2238992073518,0.08441823147350101,325.2744629568081,0.0010420803775579692
232.5057034153818,1.520880111366008,5.998167820931863,41.41512576387825,0.19233434996365883,39.71780610431694,0.001031548015062945
136.6672558640016,1.897059362788735,4.245543845908327,27.851125734498023,0.4806283653440053,30.76143030637449,0.0009760503299224039
229.80770839799618,1.8491399895281357,2.2185744880944167,45.20850298058556,0.11099389770555024,489.89986041283265,0.001088729611031747
192.047694504415,1.8072246823910578,3.057011331453764,37.86506882786696,0.10981991293067962,238.32513537238162,0.0009658021573695852
138.86301389419828,1.751637011988262,3.9796670249673314,34.8297030027519,0.09252435761125077,342.3948761590938,0.0009363091244957389
173.38825853277487,1.473345090624152,7.168274391455919,32.89565531389181,0.1353330259185073,137.4335286360756,0.0009163083959673613
125.32761816933869,1.5081833712129789,6.684973178683956,29.256189151534038,0.11869977424079188,275.35803867250416,0.0009147006787333068
226.34026047297263,1.737285274651998,1.7766781968750047,37.1907966763355,1.4358808118816735,240.23239390973225,0.0011073079776906488
139.38936751663502,0.8756867428742372,6.106943688576807,32.69856694218183,0.832695452297799,77.64468539122565,0.0010518968890971658
195.97936963719474,1.3725831397083008,3.000130775467187,35.096204737894936,0.7242208215036011,115.53822016998654,0.0009211196523513665
172.02956767022738,1.669051110020996,1.476969164775647,34.359889121727086,1.248802678774743,1042.10635933309,0.0011617284057954642
232.87044173349636,1.3013651622302793,5.402119218948934,33.72625051781729,0.5503589407895484,160.2059249009309,0.0009761709134866653
171.7252505418691,1.767621336999115,1.709642022066573,37.192370463706766,1.074225788945234,385.4959177872572,0.0010654011853799253
122.58656013194147,1.5937004834998432,2.59098057234339,25.706544453852075,0.8360771242114297,591.4012558594818,0.0011714650105314668
235.50717324939552,1.4092593725742768,2.5279398194758933,45.77231220922627,0.5340881904375397,331.3570160237175,0.0008759081634656673
161.29003391685467,1.7406229310018222,25.34721201347513,29.062199249312393,0.18314393728439163,69.47791336577328,0.001097853147724728
173.48950346329545,0.5516205824426261,25.56175147181599,31.43133403316588,0.40703613030882607,207.91429488471874,0.0010082582535427427
134.82843625326174,0.9238564765938161,9.197216686425163,28.85799485352886,1.0742737666417115,747.1078124709262,0.0010436387015535385
177.00531435973704,0.7051682768163346,27.065066735618288,28.290460314691902,0.5779817731309,170.56077277570523,0.001048446264655071
192.2019630418455,1.2123912362416986,21.116012340554548,26.43574904379261,1.1061740463680492,882.623011892056,0.001056806389704525
165.2131086904104,0.9362721311257368,9.811449493383478,28.605543751046753,0.9592841486064909,116.08791749780194,0.0010952246829274426
176.2596937567627,1.3483854730809246,12.447616997602756,27.20659619507706,1.2751364795816946,241.32193289945985,0.0011070545671213144
184.05370007424455,1.6341813866138137,8.359074575004378,29.138197223784307,0.9224672741167513,921.0268816050883,0.0011158962688034276
209.72150888412722,1.8842578307447686,7.866478176253608,28.652474171004158,0.34895117489960265,56.3162260150773,0.000984283281498304
142.90462360397737,1.9667575296802766,3.3540138076125117,35.904797486852466,0.047645671318944455,185.2378112762074,0.0009428402160101281
110.59517414482374,0.7097957932175909,2.572621809397083,38.2703869453089,1.959095371473991,1224.6166232785433,0.0009928627103362596
118.34643780730806,0.6482373728705151,3.0222925934893823,32.885382919481486,1.4583602235962656,1214.1027122315027,0.0009960056684229605
115.58245791798623,1.3159128847181487,5.200895032600945,26.117005362980137,0.5872142545041602,279.12602750408087,0.0010144977154164568
140.21619349236053,1.182561269454507,7.616987805182158,27.915398185032707,0.5034577623230524,198.664807824336,0.0010416810103627927
210.70971067637987,1.4896006506627937,1.865229040467,41.16614004574896,1.1567244836784998,643.5359818367641,0.0010001850200213405
197.47146097537254,1.4947992492653626,1.6150226249857065,41.81761013546768,1.3882955740534695,662.5791288380577,0.0009950943765132877
221.1905767698302,0.6913859389557744,15.406783598108401,32.22682089471065,0.40841381721256775,367.7340379347549,0.0011121901808047218
68.21519951124546,1.6593027785477013,0.7404443753932701,41.01768134779765,0.8466100496978242,253.3271995467743,0.0009933509908343317
238.39816423863968,1.0839856260709606,6.8344577231067865,32.599419226344985,1.1965132839714216,362.6474745356119,0.0010698551875975306
222.84620505446105,1.6226373776050802,5.541612309769574,29.528578376501017,0.43839702487633575,431.76672430398656,0.0010417184055296921
175.47397424829285,1.5315201578110311,4.641771954774574,33.095309279129935,0.4770603953870067,212.13861686391067,0.001103396368214588
191.0273893964617,1.282085703844428,1.679712322525141,43.1771442279812,1.5062428373007142,616.2348745148471,0.0010704738782077745
107.01529050891897,0.9356817907727221,10.110550167292288,32.742444178381064,0.1124746243239149,109.56991159455885,0.0009866569000296483
112.91970362498996,0.592822985857284,16.455606869862528,34.7607239135818,0.04674993457884279,133.10483206564916,0.000997566305938211
133.24514179434186,1.9382475370045504,0.8264294847644889,38.7229672858782,2.1857831700865473,265.6099687046121,0.001134077197708298
216.55626701587542,1.9608544915929453,6.937025772645406,30.84800040716381,0.2889738629278445,21.92819986787123,0.000916846159255265
185.4558702759507,1.9477003847091727,3.628800615326016,36.182402648096655,0.19504255909981008,68.40644129071175,0.0009154418960282039
123.70901553004198,1.8924396696721757,1.3946123830466606,33.88921023110153,1.0915779605742493,68.81918656175118,0.0008999345740072446
248.19622572868371,1.4601297066099759,25.29156366890556,30.789725902894347,0.020357254490674895,51.31391687688045,0.0010610438094734661
210.2713280972813,1.4567414785792914,6.759840265018248,37.63032079658727,0.05828854310533488,143.12131030990423,0.0010618223219191643
132.14616639150643,1.1998093481342795,2.2473333272896716,35.61581200652585,0.41243195912150366,907.7758578270813,0.0009906358037571224
208.424265193749,1.4770634468530486,2.1889047967370487,45.56383035430134,2.2006369375733015,476.7702473597984,0.0010679925255144668
190.77140751794857,1.0003163021382626,4.0637023145028985,48.14871804666747,0.6019573025990272,128.1223476243155,0.0009842644941153945
117.13580167608015,1.0320683645662274,2.827076386290175,47.937492632304206,2.363823432678082,185.1696692763268,0.0009963404469389007
238.25601057410248,1.2570443751910418,6.092375721885372,48.35992899993797,0.29881094864066376,33.92246057374719,0.0009757687756187177
244.8243862720298,1.637558793505795,2.1979419581195287,47.06886271307058,2.431893043261143,1070.8224034983953,0.0010543491740371454
244.66732711526703,1.7228135070608743,2.0760764346344827,47.193810372361014,1.637817320022789,772.9236122204533,0.0010419044049861555
237.1858351010296,1.5389448106900803,2.122788086631754,47.28239272985706,2.498238641811863,726.7317811334784,0.001016433354039471
158.7541873746525,0.9755541828585417,4.764748280144542,46.81815166513059,0.3044267269778975,373.9563688781911,0.0010491091517839959
167.62063358064344,1.0405623511204585,4.324020639928927,45.92775801349271,0.982300941410097,405.9019647647466,0.001026474110867707
151.3768537324395,1.8898046924314007,1.704558434577992,45.89621098071136,0.5010754641694124,395.4411238203895,0.0010272428427713955
202.15692211005285,1.8119594775100807,1.7941620875135253,46.49228149360803,0.7270308527174284,754.9548705736557,0.0010545286573133755
210.81407850845142,1.6983560402189795,1.8311265207815257,43.56772940806708,1.0495986632436194,342.3627622714539,0.0010588292207126151
206.93619306619775,1.7327769878886032,1.5324319614733106,38.912471938885155,1.5575200269568528,678.6058165907824,0.0010697289709394088
147.08014739243026,1.6295756529262397,4.779126861572027,26.44565051105053,0.6108997855282613,55.22852305704727,0.0009101290276946806
167.6468312397046,1.4979553839818893,4.242580320868818,34.06999668583799,0.3663470286715306,125.6275775020113,0.0009801901742525901
124.69755603522007,1.6422898616540622,3.339802484995702,30.92790496911227,0.5289188900410692,109.4551692405014,0.0009981062557219336
216.65843464315634,1.5467230915131376,7.856937938930287,33.73120750958614,0.35234702688928615,37.753028070992926,0.0010758077909268616
223.1973366364366,1.7186713822714106,7.708688533363082,35.99817461350904,0.14766525740834674,171.88461181047376,0.0010601497563862093
170.62846923102143,1.0385360409359934,13.70445135740097,45.714587100245474,0.019348337097288042,12.124861864385576,0.0010424931033276657
126.9258818234492,1.0755839166067243,8.628295101608254,46.928727401534516,0.03672742859120962,52.79219441531724,0.0010473502666426661
238.91363072042446,1.7832010922668202,1.7475581564856326,35.857865521815775,1.1681563624180595,72.99568408168092,0.001063203672643319
242.0281405970385,1.703525782114549,2.0583718442611048,34.039602818414224,3.1429072522753287,91.56426948823264,0.0010488489662949308
196.59506608161166,0.9061918866921495,6.416884357029497,44.790738074666045,0.23457869508979506,705.4971179860419,0.0010432176105208961
110.57291009192843,1.3639156850741356,0.7024608945740963,37.09909985743047,2.757691593986338,344.159298048046,0.0010789437485715307
101.28421052895,1.4802484740788986,2.6721026813582998,39.76243302947926,0.2411897759878774,164.1727777005672,0.0011590635372216618
228.02174948121464,1.4272448545500662,2.9710056599823056,39.4536147295708,1.1566500082847977,67.5319986930975,0.0009029185327657719
103.66790119218801,1.2273229364962162,2.032034184813473,34.29115774597361,1.1581026514831945,284.2272461305,0.0010994148446880321
162.9797717369993,1.5750327914449649,5.010010765708679,33.83262608927551,0.06334993666626865,304.23688357737217,0.0010339558901369258
218.2363371505335,1.8911359427243113,2.8114233540201283,37.62536468199047,0.08851653246914354,707.9526925817377,0.0011377218156747035
118.9906802708158,1.8349083510179909,2.032870287511189,38.33667883035897,0.22180156295660391,428.863527772375,0.0010206133869478614
162.1535905021619,1.0878992653163906,2.1992346972225523,38.95498759456697,1.2939390073892225,566.8475759525098,0.0009529146143180764
168.12874827125742,1.7293809208799282,1.5288380590846649,38.18260264564866,1.2647304068342244,206.1322211718465,0.0008654469172916711
197.46039495880564,1.433757480698308,3.578208506578493,32.53132634169155,0.8004466654226123,368.5345326335218,0.000966090051174982
222.72076356371616,1.4154534789420135,2.2645981090355707,43.079148403549,0.5732295527355591,734.8905177461656,0.0010821109173422458
239.2578636237265,1.4764467192069533,5.65174105330685,39.03068299459029,0.5892192424153907,377.57636050878943,0.0010408537691486447
127.57986011427472,0.8419871684657737,3.596789790320587,42.315299731418975,0.4674137000834512,463.9420290557449,0.000962743839135183
178.18445262953225,1.8193580623905834,2.4238656539445653,30.884713703013784,0.8543061444773931,534.9078754715257,0.0009782654945418867
170.09749583519783,1.0738880535886692,2.4080382281049175,41.431701342925244,0.5915613862442797,290.1311347538221,0.000992149239161158
210.9373282654469,1.421019930367956,2.387448740816524,39.55481865102733,0.944919115943507,559.8463851703182,0.0009603759281583348
236.43946501503936,1.3343802187471263,4.360985658054263,33.0793735613689,0.7544706610277732,488.7072923113326,0.0010066445284605727
239.21828752967903,1.4980988530064339,4.692721643056864,31.508652307224224,0.741937899766222,242.92260718259203,0.0011012152463443607
236.0791997053002,1.4394149698145002,5.420496851007008,35.10372841029265,0.8401407649147061,103.25367353744713,0.0010522804204739496
118.9160300676942,1.4642929767359087,1.4155604224747298,38.652362715618594,1.1721355313656103,36.94458891494872,0.0010288917634389172
126.52737866724891,1.8222951384484054,1.420471092143104,37.75055193094134,0.7462940971431671,68.64890519197587,0.001028111725772074
153.35726537700575,1.684381961336973,2.9142210244429543,38.938634081030116,0.38739051330177454,74.75979735590165,0.0009895931627234653
169.86363081945584,0.9389814035272372,4.951072667796625,36.580997547922664,0.7307184067126924,176.73924321786203,0.000941916240848495
195.88572174199044,1.4086505452477365,10.208904036335287,29.873454117919238,0.10082649282695384,405.87348140080354,0.0009877813078674217
165.48114926802185,0.988266627148513,2.7002636339781256,35.27434428253416,2.3007972162236947,127.55446150819215,0.0011751101936665425
211.703415362401,1.5793055244136796,4.832582942321876,33.15622933841319,0.2326616676261568,432.70141035232126,0.0008771420391010741
237.48578593899475,1.601034030775571,3.2543640196740697,36.893638679377716,0.2787068639467631,596.9315867210456,0.0010928797505569275
91.8152686262382,1.130223995317136,1.7550351430341768,33.9049961443401,1.995582341785606,139.0716960611097,0.0009478669389379605
147.03100931298482,1.1640117801069652,5.113504160160097,29.270226687657846,0.3422292832491169,479.2746470487421,0.0011126079856401986
227.8232224246426,0.9543375069700216,12.86122668375777,38.4399837295619,0.09513554703385896,506.8013943756239,0.0011316419489403795
212.0670056081331,0.8190906247447922,18.011280021194313,30.56595774871978,0.04060679144611506,643.0890422077543,0.0011936449712200725
153.25470227077778,1.4569559736120268,1.6306740722087973,33.65931452384282,2.5412334358724373,107.88877522377447,0.0009066034042667823
165.4637713835271,1.3436698932422428,2.974282135958638,35.3090295598247,0.7669615687878416,161.43802684937666,0.0009160546963215631
58.05410729230799,1.2922015526262836,0.7124512142438947,37.72952989317086,0.6303320679477398,822.9245947512669,0.000957838797766769
78.67392700332148,1.9076615235849779,1.5303407128314561,30.687793154991475,0.3196711866993993,130.1737620875184,0.0009617212788838373
231.65988864845443,1.9521267530479922,3.930264563951674,32.31165348981183,0.3631681940338344,248.61201930027818,0.0009760909936185084
109.56908234174959,1.1888823981792382,11.053461572204428,26.933852781617325,1.0320383407324714,132.81383601764517,0.0010368251224723655
