a1,a2,a3,a4,a5,a6,sigma
228.09451138950158,1.0296150276643328,12.489636928114457,48.88441749965965,0.2988460701917106,308.6507428077503,0.0007455544613646548
228.09451138950158,1.0296150276643328,12.489636928114457,48.88441749965965,0.2988460701917106,308.6507428077503,0.0007455544613646548
165.5321723773205,1.5060096836394985,24.805717038239543,44.857400825311906,0.09259154112256868,796.2089743380171,0.0008250209768612168
70.4397727194778,1.26773527495869,18.204848616404355,47.7115863215557,0.07701687002356673,963.7487087685736,0.0008464675231750869
205.1783329554178,1.0320134383355901,18.225042328031616,44.807856536698075,0.12681068121752,203.22134064945425,0.0008577999748567221
172.76791967299164,1.119306887611086,24.475431894982673,45.61750099557522,0.14422327810469712,249.32124311103763,0.0009385508312001892
208.66346761113093,1.6463842256704604,25.226762199781582,47.1986071461729,0.12014169514160034,426.11683612932836,0.0007364714406650214
61.03754448274622,1.4476121249245293,25.973326533397927,48.926800852217,1.2008968481615472,394.8493352149008,0.00074514440716039
116.44343095616455,1.84313097053579,14.526678536810556,45.39907972562355,0.29472378857540477,441.84729038092775,0.0007069415404896505
191.56177993820586,0.6090487733380008,26.465485714265586,48.0222389273151,0.2770966212133273,415.1486740037762,0.0007661480446865146
89.48131992558159,1.8325856446146431,17.812314430859054,46.01167133010759,0.2921183006228381,431.7353959382379,0.0007601386401981865
86.26622853605703,1.7869839334468545,12.702439555995253,47.85974613138553,0.1944776878545868,363.9362801383075,0.0007025067742444106
122.28059423373283,1.6950183860039494,34.512274629858624,47.63943519822408,1.2352833608938738,427.96591419176957,0.0008841815037027254
54.49272868955395,1.6113444241486488,16.385175258028184,47.75151492229889,0.9754382537909912,150.6521799630992,0.0007763415699154943
190.710607101348,1.1080609766975404,31.710213682831213,47.182889550424214,0.9773582252000951,143.7486515731866,0.0008105330342437722
95.5518327202456,1.212347064174305,11.552951557569632,47.63630440823365,0.4797180217686887,607.2965732218731,0.0007192486223654748
199.70235290834276,1.148206274156804,32.55560572971643,47.061499524861986,1.2051158969909987,52.73184822671199,0.0008325259912747979
225.69485715652507,0.9759678706520386,32.174967209623176,42.891984652944544,0.1806891948607226,55.90411259657421,0.0007949173761285468
201.679401599442,1.1684060362884259,18.05600045319857,48.386564364653246,0.5220975278969325,232.92279565390407,0.0007258818288641992
212.07560500282858,0.8618137682022737,30.156132700149218,48.08673817215175,1.3419077373452497,248.8647859759226,0.000741703137131392
113.29807997664905,1.401447885262951,11.92650978488713,45.21961354501913,0.34366590217446585,647.8148620268756,0.0008275734872328884
150.85252149386392,1.073372602367846,14.74823228777436,46.129141465363894,0.1660958480243588,666.9649744103463,0.0007157684041598106
51.188497870272215,0.8533955987216095,13.253673427337084,48.17874682640278,0.14970078555691332,373.9145422341079,0.000636356579274877
55.52537623160999,1.08684657495511,19.139272584057046,47.5955333016001,0.12073330571301376,272.9665648248948,0.0006736041322392769
207.1840215264142,0.9539246578286413,19.206968094139224,45.70781092651063,1.767258933656547,77.43583321514559,0.0007004773010623167
99.95057371764064,0.8365196260830314,24.27805294116872,46.5209148962638,0.5551099030722921,1231.0513730760522,0.0006963862505081557
192.83877183884036,1.4665375401326881,27.28201697354701,45.28450148800833,1.0538894779588905,245.81600632384354,0.0007583694038258164
220.29885547682568,1.7997379915453064,27.69057270451355,44.40494545299579,0.020578490031539453,253.09600472388453,0.0008107421543649149
152.05772101027878,1.447507237253573,9.573926999635923,48.50403583514406,0.1596515777577242,351.2175184734671,0.0007704456003871017
122.15713877680662,1.1961671044874975,17.638191889888528,45.9364536891036,0.9150916468662064,401.4465279516557,0.0006849496346998906
84.84678577342996,0.6647448393731783,17.030927541340617,45.432548295827914,1.5606251322432951,980.3267956780787,0.0007835984039430419
211.90891490658456,1.5545043450743816,28.55552780176319,47.37364596565983,0.15671142673990987,106.30569700694225,0.0008674190652961283
118.3560999173373,1.0544958803021491,14.643250057581872,46.894173425612195,0.9784773562226788,34.77033469487262,0.0006766910850187651
237.69836487095444,0.9311128351382809,33.4831595500211,47.65815224448283,0.845879904723057,774.4518507489463,0.0009382539831608979
143.55234452704687,1.1115368408899515,20.231919242369052,46.57477199566117,0.11720761886407664,236.17411079767402,0.0007467223907327589
166.12441255212184,1.4032645449912162,34.22847399180547,46.54428428728849,0.3030585738503742,881.8744759543039,0.0008911382965005701
138.96918898079429,1.2890207786106413,13.197162872899584,47.24624303672045,0.9506503076988414,73.04166475678619,0.0007274037752731786
152.63051248964098,1.715269229249996,22.168919156325785,45.38639518045354,0.9255835264176457,106.58942591891517,0.0008148631413033326
135.64863666756486,0.9838597715201061,23.75168611062235,48.21438729437196,0.4812085720477587,485.14060302868086,0.0006989330408828185
145.55472442532016,1.0478978627072508,16.84126782549338,48.68505975410131,0.39138171658565946,1630.9956350183209,0.0007087576030130687
125.6586046237795,1.183918368529137,17.299303710777693,48.77215750454282,0.7801579764782208,450.7051722121714,0.0007310124858406735
199.9979566036014,1.4364749404338064,26.543068281335664,48.951566523780386,0.471680014838775,560.5365962356093,0.0008356471583285002
93.15447749228183,1.5297027548044004,13.920313926048586,48.7895484728765,0.4188306651899981,228.98026951137751,0.0006771317694044329
145.2670528003971,1.3874626467885949,13.975068952129543,47.065807596236574,0.9969587895026666,817.8758197509148,0.0008236253150952647
192.17164251416204,1.3335624488373008,11.354945069391498,47.8864476112949,0.2635894341463578,51.439736819768584,0.0007840026973804344
231.24537840456475,1.0107359530116962,29.18521365755886,47.67569172490077,0.3004660617822798,66.57404864287328,0.0007801097738777742
164.4109746227563,1.3070164219431424,17.60518252432553,42.67095923482973,0.39014181765436184,75.28663696568066,0.0008664071361458354
90.54938087530535,1.0396498961325433,23.949738685496293,48.87419291884659,0.1603812483796954,686.1040098551163,0.000787744080127157
134.7268361233924,1.2496606012915692,19.974615716532785,48.90005255899543,0.23627994468826397,789.5555603801909,0.0007733131183472344
129.38069883584552,1.4644563137241442,24.27647756615598,47.78380536078066,0.23138619876678784,423.7332443373293,0.0008103778133605744
136.13222403961575,1.1812590321913214,18.502847588289825,45.95748044795039,0.6977890100937909,194.85860846662496,0.0008724455935601858
111.78374326927751,1.1439293252260314,4.438350376545574,47.8436145765136,0.155076023306529,341.7224879036769,0.0008211689913504932
100.85686185463116,1.2141768810901192,3.8148020423341524,44.948456967004546,0.1319787627978644,406.3979533058005,0.0008621500033772658
53.19734774889108,1.3501047745059074,16.08789985298189,48.602708419551625,0.12637455668686381,433.41588035571,0.0006565075615641062
129.9316151381381,0.8176054617136129,28.618386498618843,46.988930026279135,2.2371919545059153,243.09580563893823,0.0008270612824699567
166.38540082937428,1.3992534232625744,15.771995599043908,47.74818581156208,0.022614901720636592,89.34846071818556,0.0006952484358757968
196.84725478188375,1.595719358114214,15.192236379419866,47.534181660500145,0.023139565372085415,118.99862468470033,0.0007364748769547754
116.67225081639401,0.9206174452085925,12.33554181769732,48.042807287150765,0.06569354613864446,189.42813697700956,0.0007198302504388587
115.25401676334586,0.9750077503517982,21.657323817109678,43.34511102422959,3.3188830200812673,440.7743565660078,0.0008216426914257751
143.09725592779563,1.3060933507159003,24.170085828377672,48.73182090164157,0.0200424198844574,19.19659171837115,0.000740711306588822
133.53965725288603,1.0013468701896187,21.141545646088964,48.02817270188479,0.026318310097303097,93.15556383751378,0.000720504801364004
206.36716274984911,1.4136944068626478,14.78759135626723,48.460526712908404,0.7161917906521347,43.86479264181695,0.0009015910961882429
177.10333924662663,1.6002463712187245,16.00362088513005,47.976292722944514,1.0005540316472912,194.02496000194827,0.0007971406097977058
90.62741714875239,1.3226509160413291,12.533802808211602,44.52326680279161,0.6331436331197778,638.6712094959214,0.0007821722104322201
78.3133391287241,1.4868842368427673,17.068804756338697,46.778605993229746,0.37826882705556586,972.2132629552534,0.0007494503540952304
64.39693882257922,1.6693474606450278,13.549798430644893,48.232419510409024,0.249542896324065,206.8858006827463,0.0006449874840991749
208.01013046735878,1.3421919056057947,13.063233589427364,47.69615820872721,0.14793218831594246,268.54529097343084,0.000710964198433065
213.0153242965467,0.9866014845521413,15.30155080268926,44.75194162240612,0.12895809730181454,284.9173466437094,0.0007226412344024285
171.69753637265364,1.0859418972389818,22.324615283861604,47.70852328363567,0.10987318309381944,708.3073858706086,0.0007448325816650427
85.38390388241156,1.1158464932569125,17.211037910221815,47.88622283084575,0.5056797272537025,112.8137825514632,0.0007378167470634646
113.87301667660694,1.7475279366778336,27.094813739333073,46.54351964011053,2.115350398245638,1362.6643121934167,0.0006637122761842215
162.71847143272853,1.9810103872398754,17.93991052960956,46.627550242693395,0.24293813019985305,25.792156392988357,0.0005681718672065264
169.77402747899754,1.6141884462639429,42.83980508085202,48.026986645404826,0.44045023261619914,148.95765076957807,0.0006753819505820483
109.45511606855706,1.7817764674778873,4.064515504906911,47.14627834173693,0.6612871509016208,465.6740808686841,0.0008910946132728049
151.12759859083644,1.7347006331029933,4.749315435753903,44.77663843556624,0.6266416310697112,538.7479338974637,0.0008476249855997452
151.3103814379405,1.404409837758698,6.10742613355824,45.94310043977737,0.6313063203412157,774.0452492705128,0.0007427990787487294
183.1128116653758,1.6169759497234337,13.340854222854274,48.62672601829914,0.2273679871963323,175.57373769499813,0.0007816742627482216
106.78692701363966,1.646355978576248,24.67286166349945,47.26905160049205,0.03865404717065259,781.1161975098269,0.000695635245087585
121.49227209727198,0.9623882168841504,13.497761241545586,47.949049983347706,0.04467977016779688,186.0016749159396,0.0006922075563496203
181.03202979031215,1.4308215486995461,30.962846812805495,48.121315505075685,0.04887308832150203,132.98914550895478,0.0008381171560237577
74.38969562349799,1.5400754859599626,14.84947854436028,48.86646069695992,0.055865087997182504,57.46235901167555,0.000786476065789468
83.1452625168626,1.8420054472947902,11.770827269285816,48.8606125205318,0.06834285966844372,48.88723283621713,0.0007598507490693612
68.15930880356912,1.8936972541598227,3.125186042927904,48.942148011320484,0.07590432439059298,82.25962934921725,0.0008103185025869125
221.10318689012348,1.6464106223086055,8.432733217387748,48.44594953198199,1.0739802007536197,894.948803414238,0.000872837582168705
107.73299599102899,1.3709007533888073,9.463626093791772,47.747161798189,0.8542282918928455,72.07900550860144,0.0006919911131442747
79.68890770992755,1.1590463881980217,25.036520459984118,47.97846911182496,0.5813290560697107,1176.0354772542555,0.0007921722780998501
188.31359049263634,1.6612368586019812,14.966127475650193,47.46543077753401,0.9367540847750788,48.94285867536803,0.0008161057611994523
75.06268745374207,1.1015612449460983,25.115436355908198,45.06245043942844,0.7663869454263523,281.08895439904023,0.0007645330347189146
174.74089636127462,0.8134784801597085,17.822184490399025,47.70923262773106,1.1132733890596058,139.09934340654547,0.0009447245191214617
226.48097897160716,1.1996855787905272,15.611070344344165,44.380780381760786,0.5674768535197118,621.3643288101871,0.0007207064945189705
61.68546135697297,0.8814309879533496,31.2601139615792,47.97844523000138,0.9906834563374181,133.19428423528475,0.0007465292159805213
80.36245881653647,0.7432980775504106,32.202941054568775,47.99070954665168,0.25068819490043426,815.7798946671373,0.0007488580524407829
174.92973705073362,1.5003876997783316,16.077859137508455,47.3696516754993,2.073624330676281,277.5199357372935,0.000791779397583848
202.57384399382246,1.2851198930991987,34.81596381747731,46.93143129414314,0.023119261643314043,625.5870047514771,0.0006616177763050657
210.51076982078249,1.2512034623803805,15.841014284482128,47.84198349636179,0.19927011250162707,289.1905054122029,0.0007300893520251002
208.23159531415422,1.2234111816671052,10.670830794479826,48.5620729686025,0.22145602858957794,639.0813893198153,0.0007117016202988315
89.77699088273337,1.431519759243671,36.79190907302177,47.39669126402373,1.682342172174245,327.86507427536327,0.0007547306500747212
168.6134382642133,1.0026366293317541,12.68236516599271,45.44557248639988,0.5174134057450109,533.8324320266845,0.0007513578284630136
85.6111501974348,1.2113304416359847,32.07688341745712,46.840357893299725,0.5913871044944314,645.0767387047702,0.0007620889814020335
178.95105108234216,0.7186314013097329,24.064785970513757,46.03961267021336,1.8500892504189885,374.8181574246129,0.0008819025352704346
227.85119330819882,1.1579761710207666,15.56278989036265,47.133409182510555,0.22409214511852873,432.1103700546306,0.0008413615053830924
222.87652655197488,1.2641864137458843,15.5163419688788,48.08043173464014,0.2924038218298418,409.3919406025874,0.0008201208169484897
76.27388407458741,1.364030855680625,13.446932308569828,46.676608236565045,0.850909298817736,475.5278213686142,0.0008725470152400776
221.85966674983783,1.1005732917556017,27.3962025413234,47.244434719583225,0.23856774452689908,123.42696099439537,0.0007633188139529104
192.4860859223768,1.4423851789523527,20.756063621771954,47.118466571049474,0.19754430322294694,1176.7284154425736,0.0007661423213733942
202.76010164904343,1.562288767542298,18.29900197285363,45.45060872709439,0.15089791269395866,293.4494410790142,0.0007153912446941037
103.41063296998729,1.0665743255055367,31.610144585084054,48.11366119656597,0.5512336381271868,612.0493295714131,0.0007794818150806987
174.9953236297223,0.7782183955670642,29.438096152105132,48.37971843743073,1.5632936769684744,282.31306058712596,0.0007630817711207776
208.62214859392466,1.363540704115508,11.610710308167944,47.873303081248245,0.12330848240980156,458.90646463268035,0.0008360421325539385
166.43941870485662,1.6306452412923138,13.11079231893379,43.84623233528711,0.11330633405009094,239.89608285113366,0.00077567578645359
245.97116200690462,1.6828815253839666,19.816783636977203,48.17665790880148,0.2956761188548203,919.5101403378554,0.0009335103553721421
236.87006293167562,1.0226685942473885,20.03120825291702,46.50290952124063,0.753113119655656,265.495424749623,0.0008770709597187443
70.58234192463345,0.9232861792826809,40.12187177025312,47.12203134266041,1.0369498973264224,663.6251018789583,0.0007513700161703903
117.76134150756987,1.2259788845143855,33.198993312083104,47.73296392318038,0.6165305465312311,221.92684140077012,0.0007895451672411602
192.65802706012445,0.6749141134522919,34.16689351401632,44.56859684641518,1.1831661990708124,1029.8811477207312,0.0007357350420820617
149.1651406011385,0.7173559685335139,33.33840348109307,45.75453065015755,1.37887674721273,767.4719278987042,0.0007406266442304202
174.43177037706212,1.3294506372404373,16.968107331230776,48.017085089824086,0.45604321360970546,143.77443296861802,0.0006529066094877159
108.91706351270236,1.0529776987504031,20.134284437863258,44.91599039416729,0.21305596119732273,746.7607189162624,0.0006992403001933119
137.563177269417,0.8120759586912969,20.133311284223655,45.02581050067963,0.31349694805784584,385.38817395634965,0.0006311590641142437
213.3300888570717,1.301285575417472,19.30212520368966,48.640148908700006,0.8767058878034315,516.1984204935361,0.0006895476644290664
107.44017679694949,1.1248291464568845,9.082894150714422,43.158142466597695,0.28364198338831853,308.47208453319473,0.0007577224645525496
91.5772828286743,0.7602781881065047,10.414243327079804,47.722618267240435,0.34598627205528815,184.45204979531198,0.0007870114212015673
110.62229108165018,1.2149564970261268,16.50632208724897,47.29736382334617,0.32190826768207026,140.88980909449066,0.0007752955750696936
156.55636196697975,0.7014182573235695,24.77808698909968,48.69561875515378,0.8393325098062672,1061.1370014584895,0.0007992473444289332
177.52565220499895,1.4819396268748015,38.52170508028775,48.6811739353069,0.9762391877029719,1023.6757054322029,0.0007843138990669742
97.90669024020588,0.8182719617201274,20.971504295765968,47.82115073776632,0.5173439298672837,61.80740813184001,0.0007227069182794978
73.27682529492466,0.9456684418557594,11.450760751898185,43.41833903029486,0.8972552469818675,90.20177855931203,0.0007346131773664757
179.5723035546277,1.3939888902766038,8.127822773678966,48.289382049144685,0.44308874751924193,441.568290845429,0.0007737677477095982
82.3678946475661,1.2102202001739704,5.224446502004453,48.23064442441087,0.40758506924807575,662.0499108773238,0.0007561436808907047
113.26903434356946,1.2609128468774178,9.576075861017713,43.027037758388296,0.9296164913529774,252.89050690222314,0.0007912074915266813
73.9938848073563,0.9742958616089739,17.850279645003393,46.05034764525528,0.5159377893774777,200.43863419948315,0.0007260425153622152
158.82909082300304,0.9212734289107853,34.123174164259716,47.210655179026325,0.24140684817909835,731.3015927858053,0.0006846382358449246
103.20250103730424,1.2623383786065039,7.712749056629581,47.32970574516364,0.34936926804209123,3.102590698973678,0.0008069391282789593
212.44353183199283,1.41211004703677,34.836020609568045,46.459528882114284,0.25034899143246936,273.90223840681193,0.0007145114839298833
112.8231321221523,1.2982315585188013,26.41551536009678,47.64497684643782,2.394100606498497,560.3179647385094,0.0006925560786775805
111.81805740616613,1.5344587455130247,22.973676936545854,48.54633909593141,0.8498970237225335,1034.5561830425252,0.000662082905831995
103.64531811850468,1.7426920982269964,19.221527644150843,48.68531004115556,0.20130882994337063,77.42947813241733,0.0007733739256793656
92.31304787745064,0.4570739446331716,24.344501285179504,47.23995228172366,0.6838639126510991,236.06922417179416,0.0007787217753298249
126.76425130927416,0.6866449981735383,28.228419014670898,45.35639314205766,1.2070927467626666,49.41933242422218,0.0007372089649708596
102.03055141698088,0.7944308131204247,28.997054458234828,44.565695135781574,0.8247646585405937,19.246078225644705,0.000687362982665308
154.05887970327964,1.1975516565826343,16.411939423171106,47.541560546982055,1.2021158591705823,28.228156701574058,0.0007409541547410831
115.91842376348328,1.1106210751040406,41.73498095458504,48.152246873545906,0.05563948905741318,1.5730510377648075,0.0008290528998629327
220.28363789220023,1.3110187228326655,24.473136330985497,48.47679220927751,0.04069203188150593,13.292772409361095,0.0007203632223078656
155.28066798826436,0.9194634258773275,39.558043116926875,47.162657279147425,0.27145595076578427,56.10474325505537,0.0008215726136697955
138.7232504745325,1.0741311167129999,48.04008619762551,48.69907419214548,0.07766316500131219,15.122838766192364,0.0006745159391713342
65.3880073004976,1.0845572842113176,34.58472089524089,48.765928759291434,0.01556791305629342,3.835464196503477,0.000717366147656287
84.49021459418486,0.9878681680203434,40.33447656426193,48.86646104240318,0.014565950881897544,66.01474013507497,0.00073229619608232
211.6133408074949,1.4176292304319045,8.780348599864968,43.0899156718644,0.1777522955415218,293.9078789201731,0.000783284091167661
244.61460075635023,0.9661175634352592,31.247517977870316,48.78986115081216,0.19874592463509888,381.8808679058454,0.0008112062305155497
92.53146540367283,0.8695536455384985,13.01520934590502,48.641909472643505,0.2484494543109511,446.3154421405177,0.0008731347319686229
77.1263844091538,1.0900712685592413,12.60661735790102,48.62216795440009,0.23371799197684082,450.2303032769722,0.0008183465615553884
224.52594758941,1.5384768487132192,10.245158486747801,42.87842043669991,1.1783818549340683,347.1732882735916,0.0008459649676649552
69.89794226268533,0.7150394216396148,38.12921336102543,48.47841312247825,0.34486139113574843,311.32195537048045,0.0006650978435616576
217.80212449873463,1.3477848257769762,25.08931455566324,43.143362689193815,0.6293061920968046,301.71806173882726,0.000699450254587844
118.79160395277687,1.3748884865607218,36.369121922273486,48.873264312980965,1.2128201365847087,728.8013197651557,0.0006692818249108243
97.15041782758814,1.3059719726928773,34.170747064481304,48.90689723031839,0.6786896802225498,552.5695939165328,0.0006872451082199976
111.27100193703289,0.9294341771456661,36.65425985946487,48.92824373611849,0.6460715383642758,376.86529834726656,0.0007162703375032085
79.68821395625311,0.6624885796472156,37.748637931793745,48.938738988636985,0.6973346481169099,288.33131517664594,0.000717197307377442
94.2283222911696,1.7222309510158422,5.358953276215048,48.72535942876938,0.9871285922844862,511.41688118931586,0.0006716559509176007
88.9608299339549,1.6839413376041228,2.0648791177437698,48.752260025768784,1.0351985420186833,662.5901918064848,0.0007112223554828301
51.43143424541485,0.8242731196062315,7.450213438574864,48.91800914691095,0.6181803906577913,384.4040404604191,0.0007154214555479914
64.07543436477077,1.2538774752390693,14.298236205148186,48.78343791728744,0.9846409644138857,521.7332079333298,0.0007817764314326799
81.06960672686876,1.1197003470054867,19.78697453843091,48.71023146617014,1.1838751810759778,1058.040012158358,0.0007956977361982609
99.63346675930354,0.8013083199921801,16.759806042773935,48.744131442142006,0.5105043032247291,368.4577106410482,0.0007788585175261606
99.26404592913694,1.849548830051011,28.761990680221572,48.992307611906675,0.8508468301162144,423.8680979199682,0.0008263287197339856
91.64762243300913,1.8195669119978977,26.848878668619857,48.986006908917986,1.0221725417705674,242.4289854210369,0.0008392567617940116
88.0456898030947,1.6403529658867237,31.875773133501873,48.986963243889676,1.307000222634013,620.6290457283211,0.0008509411473228222
102.89582233238133,1.7659633998835884,16.151407900605346,43.10106760100447,0.027402843321096965,704.6961882129003,0.0007069059168254735
197.31229463033026,0.5765456368697037,23.958012079906794,48.84917061593432,1.4938450835321286,194.243713183768,0.0006884966910746002
141.97873452522236,0.7395235815820783,30.795893539759806,48.63766508734449,1.6769847195127177,128.44255385386495,0.0007059245129495203
123.13071774564536,1.4655627487396015,24.475889317661633,43.05120394011152,0.18918359001681606,48.017611345984285,0.0008380492178499189
205.78632931473447,1.2499513653118977,22.727165141363045,48.71648889253727,0.8352362066258413,121.99015793063352,0.0007305777640530663
170.95892703081407,1.284649566422421,10.599278786812235,46.7226524953403,2.5871715963204873,169.50945963460768,0.0007987606801033874
179.67312003541446,1.404828894704718,20.745172035957175,47.13539497912134,0.008749701843076082,209.12307957527472,0.0007197488668604023
91.14080665969664,1.6616917963275015,23.791949093599975,48.518726217676985,0.03214427162613865,394.18645008785904,0.0008174720650766645
52.72388310524387,1.6056145264475397,20.895664673345085,48.628417342745216,0.18454449431897943,488.96034383344033,0.0007141874452823522
52.94792647449637,1.5656088485666535,20.706580490713698,48.68571342132854,0.1966322050704347,367.83997291936873,0.0007199600037024949
247.70746787821324,1.3853343630240604,11.50250866661842,48.644952362570706,0.9765028056322567,493.9865969485814,0.0007796324965190757
55.88889999293291,1.4800803488423564,29.49866581220367,47.24005243072062,0.6038623086235313,52.482765303653935,0.0006992934384943722
223.47446351296676,1.0701498785527874,16.3094737004704,47.44423138640267,0.3020890644745464,538.6372207597915,0.0008302021723225997
152.57170757180018,1.922332289782894,22.175848732778732,47.71336520183341,0.036700529975385844,19.31653313249785,0.0006680126174573305
136.51393322230626,0.4607693954531265,21.512462726206113,44.922998305116515,1.650667685576369,79.96993823938867,0.0008862446747023597
196.461051779129,0.9308101876000842,33.440405079393436,44.89590710453908,0.8818998464463458,575.3467975876143,0.000873621155286885
151.29813875948795,1.0958735058703506,13.766999289509133,46.289041348965526,0.9975432956790671,456.0850850545134,0.0008576745128672578
96.44079662101676,0.9260763142454745,10.03375304159546,45.33280666606204,0.624589004229795,49.57740475354454,0.0008277852723138429
91.81450519307349,1.3500247830852632,4.922697796659686,47.137858428087405,0.4763585234704635,16.92604975271821,0.0008009190618989434
83.94492226755989,1.404220585275201,7.500407351294093,46.50559800012442,0.667987980107418,13.420059403159971,0.000790421401268508
219.48824148148069,0.8302685637726207,33.96862145686948,46.65826436633417,0.965109604485642,134.33699610608267,0.0006622704303548276
249.28645962656591,1.6167824585347819,7.21332797680504,46.96635920338392,0.46103773994971287,60.599951300305925,0.0008559875358888574
248.73033727592687,1.5360405755534103,9.167411014125083,47.57212342326655,0.35995877061305337,62.574099221455135,0.0008566853438594121
54.262268026294905,0.8255847245300183,29.07949340355077,47.29565039998185,0.3028962830235338,265.75255843989584,0.0006849543957072762
86.88087572571128,1.2472477725747122,18.342277984649556,45.64377036775282,0.7564264421207436,571.3163281286726,0.0007036947738811579
224.86561949535846,1.099800311787845,24.99096169673046,48.57730519102657,0.5214772381378981,329.46393720043864,0.0007216961586063914
113.48466518730696,1.0741947864280053,11.883893014081554,48.91829166059999,0.1878842521391381,682.3969274939743,0.0006564183382906559
245.65368348634294,1.609693157927962,32.620148653310736,48.61382575103473,1.7271107129143968,219.756483278733,0.0008226891226098361
199.93041923353653,0.9673738983880116,26.71445537235438,48.73940576159458,0.507739957428127,111.5533613709407,0.0007322349457466668
195.78535898415092,0.9370814544024642,12.490469938300809,48.698752716258184,0.4754708141470825,127.43902841426926,0.0007519523467310204
133.56865908254642,1.361827632713478,28.360475257408975,45.73542620468541,0.24291987973195675,13.575338258560993,0.0008225437453084944
188.17329091155034,1.568487956573103,7.834228582597115,47.356265262975384,1.4160920157197565,129.13506012755673,0.0007174382420228271
75.64968918662717,1.0340469421205498,20.739492184267682,48.796358759631836,0.46006629698652657,109.89674659903841,0.0007405934147921816
101.06432213782509,1.6831564110273274,23.822965733915186,43.52093196871086,0.8087060451577779,706.006853174572,0.0008084298166900895
113.83678827813218,1.6127076696208977,21.731200918726408,44.191437122475804,1.1210621895947497,729.0561547942705,0.0007966591770671464
165.5756755700646,1.8129942012472389,15.949489068264267,46.991816605522594,0.9292495000625657,57.624236282034545,0.0008071454580057502
91.81874151335859,1.170743579147344,29.700603760012594,47.62770939204309,0.26556217798717996,64.46349271613487,0.0007362516356007533
95.5456764759586,1.73427946471291,34.58670975160165,48.71861438975863,0.21371426685598427,417.73529652061234,0.0007543368257968563
103.6816835300009,0.7607477002052974,14.100975039506892,48.57626591559629,1.7989882508887418,172.863746445504,0.0008288684711915829
232.1316085238265,1.386947187081403,17.39718378788764,48.62017990493156,0.8048644424971857,31.288186565008623,0.0007196530835059851
79.74290011967982,1.1773577293549577,10.249337459890105,47.92048840331597,1.567331901597925,13.713006783878125,0.0008191074091431155
110.11111931991022,1.9747497929198738,24.153791147703476,47.68021979293063,0.2759143508216813,93.30436269438096,0.0007029877214783987
70.21928723479735,0.7180984500057075,23.097379535793493,46.55610766531412,0.40359106691029467,13.090782580526133,0.0007083210020371986
93.05886387652406,0.997435210139123,32.674614720301236,48.25753304795333,0.2656656136225825,1309.437589301074,0.0008266976833441982
236.265353880938,1.4301889022716097,18.864678706264176,46.94453027572754,0.03608000192156005,20.494960900725918,0.0008233551589932579
83.84996380131362,1.4265146520838188,21.713479967665712,48.67656541024215,0.8994820325230172,1249.8535151635517,0.0006837508874768504
207.05813453199042,1.579792001007903,13.871919508965858,47.60085659713845,0.1591335686560977,110.93504433097692,0.0006728703415409289
176.66374159017002,0.9580024678839757,25.53846246625713,44.7897659190397,0.43404926995494203,465.891847295912,0.0007345818047278368
78.57731856375582,1.430492906489462,19.373545203406703,46.07041628503467,0.16570831279880793,396.5079672444044,0.0006987311101276186
73.51539477852276,0.6820350457073924,19.92924043558662,47.10495302544514,2.060495994812678,348.29350447080003,0.000778144036696978
235.8343590454769,0.9262434389983869,26.984559692480776,47.40592057805367,0.16118312195792803,678.0728266260571,0.0007941973566550716
82.2193776044277,1.3946467000649811,21.351840287497104,47.78048123455912,0.058766966238994224,117.10816999846772,0.0007104558743915169
200.79100788402536,1.0574112311890025,21.95530737988003,48.064198242189036,2.298176034127606,247.44136962581743,0.000854259515425768
184.27515055601128,1.034749094614449,17.475228083886876,45.6160991540641,0.17996265836718361,792.8798896947038,0.0007193504551194756
128.44642772414204,1.222138978787313,17.77900392025536,48.496485159120425,1.144777508655136,157.29752146666888,0.0007966228436856255
135.52984271252294,1.8133474120316533,34.26453970089025,43.55288547250524,0.3288414351959571,191.0084059441439,0.0007870741604695045
152.07556609597532,1.7260795550015393,27.071627515492448,48.31841503718811,1.9754954998671186,292.3390371226714,0.000726333794653212
207.34198068788308,1.7933892765457715,18.59506055439628,44.57854157841847,1.3599350199451048,192.74508232333773,0.0007389905343535408
165.70765291121918,1.431885886673458,36.88995392042303,47.52284855216634,1.2943174275253875,526.4663509069744,0.0007579147007620148
128.23303478545697,1.5510246302873605,6.488361039472895,47.29810234447303,0.37203645623602893,320.9061541910735,0.0007492782391239367
115.39953893067212,1.124095814331744,19.66873936050302,48.203208886317256,0.29042249786679364,597.9102646747974,0.00077247648538334
182.28608264339655,1.4881498663639792,23.459926360362196,48.72885506179914,1.482288149205751,165.14718269646698,0.0007231333958639518
59.99489073650078,0.5999232962932621,13.24636489218507,39.575706553729965,0.5675568104725291,256.64910331967474,0.0007380132686780257
233.64670034464163,1.7984258398645985,25.89533856482124,48.96430755138663,0.7522364181698726,221.88116490771742,0.0008759928198151038
125.78044384315004,1.5209594102495834,37.4618503359236,48.28368816494611,0.966133456930233,22.012747735770734,0.0007459956191181209
94.05336514938116,1.7236801405993745,3.5645657666321724,48.95518367081278,0.5715302672451621,47.64781934092655,0.000762637016093212
222.27538721686253,0.9981531112057794,23.855557820402847,48.00546248267885,0.5191416570124789,1292.535220435687,0.0007565200866653939
202.26318370117647,1.0624575485524252,23.144733631506888,48.61391370889684,0.4898683674717946,676.7431981089541,0.0007925106994151907
113.81095340311246,1.4267269006574541,30.472716455542294,46.180205468289955,0.12345969085943895,222.406641105752,0.0007491744087443979
175.93043723395937,0.9306907742506282,19.002686351115585,47.385629237378474,1.1812898446227145,625.2130519397996,0.000774943820159853
109.38103047357968,1.4268497769399882,21.033147567822983,46.33549574313419,0.6529153825605116,331.40933753729564,0.0007460595000914405
188.53551242368508,0.9461597266084525,19.871283938121103,46.44252918659561,0.5143976211178459,449.4310164625751,0.0006991463960359357
170.01144041767714,1.3510198749267246,16.848649173660913,48.78777708927178,0.15712750100795894,210.01986255152258,0.0007019698140460983
70.84749144392394,1.2898611219243454,20.23935308757336,47.37805360673277,0.11533977448589727,135.58486600491406,0.0007221893020074474
79.19570038733647,0.9414011363142253,35.26185567060876,48.60953339254446,0.06665836423956031,131.91419045984392,0.0006658773997435976
206.85518825430148,1.4212789433456454,15.155974610914289,48.543530294236874,1.3188013154880378,231.97029868210228,0.0007642687966883487
82.8574728804432,0.8057761766200653,11.45210396425639,48.29487608875115,0.25577516219427854,726.2743056508209,0.0009567636124178432
227.93603114043043,1.5245021322775534,23.04037048451474,46.79849036991439,0.735664898027231,210.05094279583784,0.000898098271474841
198.7985173696974,1.3801787662532543,22.188148875622165,48.204013582166496,0.1439366183496734,1024.4393073004737,0.0008772971412399674
156.60307807647789,1.0976558554665978,26.52920356578099,44.052120530650384,0.5487012762398884,208.15074107137363,0.0008557202215474335
85.41387932525845,1.4429066180619639,21.410116119989297,48.066031964161326,0.7893001681617524,757.031821379988,0.0007228044444105326
207.59579506072646,1.9451257997377644,17.997074546773163,48.52309530845126,0.7742699016539564,197.9811721630619,0.0007844932117119465
226.55225769570336,1.948896660638051,12.927718521493292,48.78582481706447,0.6534128265575556,135.02992661776878,0.0008342324806227477
67.93556831564837,1.9486802176617257,30.038121639683784,43.56684513932298,0.2274139205644815,830.4935507972411,0.0007400361354718643
152.6049881504309,1.4115400179580984,16.325606139019527,48.41028753659917,1.071433471986453,188.38624365823316,0.0007955844252064284
122.45318775843815,1.2838655727101207,18.175945711690733,48.50393191538811,0.4437954376406074,92.46678917351004,0.0006976405235855144
93.3431837060421,1.2694448355829213,21.966392320544383,48.63058984598935,0.519539103796319,23.602892641765376,0.0007327242509942618
95.95618311228635,1.268057676381938,22.622903629622638,48.500413621310024,0.32219562702090754,35.11217319016331,0.0007481957543121295
52.17061195514184,0.7910459640411897,17.200925056852725,45.75097402509962,0.19381411038331703,12.37217041141555,0.0008046687987179699
53.058877162100245,0.567589671964116,15.028799977040302,45.018143384386136,0.24096323449113088,9.526483692321385,0.0008417439804680505
246.6403144385563,1.833762771100378,28.36518972732461,48.28396533358299,0.4309373083227021,1.5898680042410556,0.0006976244122721708
50.30059102290382,1.6484844821908602,35.20845569294228,42.567043059386364,0.8425825222308672,90.78569254145667,0.0008149315671888793
88.77842039495054,0.6458926414416607,20.31088256842364,48.636540151311785,0.4664343144761989,310.57176011193974,0.0007917211612405809
187.7376324318487,1.4442948734284682,8.208357564055802,46.28596661953148,0.16352334481766306,466.69792989770525,0.0008076786931353662
88.45807114649654,0.7656833286030227,20.675493482330193,48.1353920162288,0.2552673555074987,197.74739378060772,0.0007668607191478743
98.60958483251532,0.9350403512238544,21.669316559315067,43.683477470993985,0.435109319211259,320.6068775368344,0.0008333286497835291
164.92058370388986,1.274330589775315,20.285440522653378,48.32297479306868,1.2071109026480253,581.2930278662654,0.0007775632196532999
217.71570482675224,1.6124795084923833,39.08142567694613,48.756792440964176,0.305702529549544,318.18927519754067,0.0007148967395603606
59.50183318131049,1.5909829383815237,4.743138733549572,44.623699032907304,1.9149063554298127,504.2630760679101,0.0008708512915458521
103.40944648166979,1.4823750787551035,4.46685365700696,47.40924472046846,0.2619670371092332,385.19934751012465,0.0007221356077582472
175.9564117508055,1.2381449663334423,7.45812283275134,42.247222706079796,1.0489669891362352,32.9841600847077,0.0008001131128418606
111.35077287857399,1.4249201266360183,23.20975638210561,48.676975050041584,0.19143228808065954,710.5305845988021,0.0008939923586318218
103.54209158688442,1.647738784850903,17.656977244598746,48.60966091525365,0.42449619453886367,608.6784150390608,0.0008378341384999826
137.20217098110496,1.4498707852826447,26.11504514508501,48.91348971739108,0.5698355625218734,316.7618435313387,0.000812882238248115
208.31535372611526,0.8682604646439066,16.149465841930716,48.831481758461855,0.17033614581573936,710.8576524347277,0.0007835909276905602
120.53222808082296,1.5894855721909162,12.163449795942082,48.95578457754112,0.09418971571742081,303.0251883055658,0.0008085096138878111
117.88437620277642,0.9571263171465999,41.702016136313866,41.99139509912253,0.3864761900969082,36.24972708888215,0.0008126742615967277
202.1729077899049,1.3660758684597147,31.598383239812062,48.55112397603012,0.6115052519086195,228.19881012152103,0.0006505849819958163
217.98027445591924,0.8605349217281326,18.42103497948165,42.80752752230415,0.07142473101984334,281.47995603253503,0.0007187544240782032
190.7656659059249,1.5139038488357466,27.571930007186257,48.800523861877465,2.3539346286623952,393.10005274627696,0.0006569134989836944
223.6957168119154,1.2664882581451973,9.940098091151558,41.822676066105736,0.19507898218639536,601.3757512038144,0.0007038686950499303
213.22026518941544,1.081256950620552,32.87454719055233,48.923178436670796,0.160402681795767,59.64642455484314,0.000807494632357724
203.1094970986618,0.6010941991912268,30.20305159757431,48.849246455158294,0.21338902910930113,64.9979170254469,0.0008543420347717545
171.49642613486213,1.6395822330121204,13.411774037033396,48.76700452784661,2.689159303658236,824.6852151518021,0.0008865961070982284
117.00999040897638,1.976428130653634,31.35392245744772,46.234389524733935,0.0676846074937185,97.50049457155436,0.0007682107328738437
241.80344282185553,1.6131762280323456,17.999681137430887,48.21595493245313,0.16382672968909773,715.772603088949,0.0008307674270690974
73.40148857598633,1.0614774793798842,30.29847411198491,48.28930134603514,0.08416914620395978,526.3024781726656,0.000698882306425608
81.45720384543823,1.2461839213969124,17.722597993675638,46.563230376554294,0.41779095041881215,361.4582770779523,0.0007566846011229959
207.96801952156815,1.3087763183496608,27.900789895538058,47.4295237495613,0.21989253442621243,440.6936102192967,0.0008020869071666695
189.45401988648916,1.0124966131354376,13.064205774280314,48.86326181515315,0.18734977881343223,469.9714522868923,0.0008417523984059301
158.08834035774368,0.9846097084073215,13.19529520639993,48.93008869860909,0.21748950147859855,505.7167994385326,0.0008143790346866555
107.48181288354633,1.8513239326789566,26.63932692511231,45.66181706282783,0.3119392531401971,359.79359466505235,0.0006756394089801117
171.80982000260957,1.2346562046695988,17.130844540983553,47.69605473072673,0.3325426018345615,192.70960638045256,0.0008617449437084339
182.18921817433215,1.2295541554557083,15.923519871027661,48.17646379490473,0.2983055073471213,139.69874491494727,0.0008481540037541895
103.14449934147972,1.1018154686102983,23.074633755167227,43.827031182696814,1.832830011046552,872.1414065945611,0.0006472782276089083
88.6711267874278,0.9398221976959283,17.330200005786917,45.681956314787236,1.2691021358266097,529.4913169136107,0.0006238260991399134
91.49314830167842,1.1487455701547309,26.273676474391138,46.38509961079427,0.8033371154786293,541.151570583329,0.0007349262689425776
145.39921868643557,1.0272450186128739,19.785232235061756,47.745054228151545,0.32158924740990624,231.1466948717241,0.0006826553640909847
140.64411891022516,1.698597528186045,23.210653593606008,44.7695498729611,1.0751262466753144,79.59422246304841,0.0008447627099409012
212.0007240675508,1.8932762826697165,8.547514450119806,46.62906960585362,1.2220267487564593,28.02377714592228,0.00086747010543932
118.74888848185027,1.1263668808684473,4.8181496916229,46.670020217931146,0.8903671038877568,141.3756262071111,0.0007280335052316712
140.57246759840683,1.0223282368442952,16.948737253779434,43.55734141528592,0.7687558794230861,200.69018435042318,0.0007190190785647118
207.10224264186098,1.1481291923385595,16.999418418219452,48.145670001354745,0.9220819270757321,366.3824076550837,0.0008437111108053074
211.6739306631279,1.395956811154218,21.059746747854593,47.920959154604716,0.2574897501524624,389.64460342724107,0.0007302835463545627
196.52627958457805,1.1101566947386898,38.10787360739065,45.15423981114236,0.20305996314685043,81.46579969249467,0.0007806121599306861
113.39493745138518,1.0408703258996213,13.827993883932166,48.67019088834028,0.09098016525422008,155.79352504339357,0.0007856003592669475
197.42453340483905,1.1947215181022073,17.447344678145132,43.75195605351534,0.1425468442943235,507.64457225210157,0.0007680708057588176
131.55115337061116,1.0999538286525048,16.533039572444412,48.597791001355844,0.2837212348801321,264.85502908397046,0.0006496120208713586
174.31116458407084,1.3944539890799257,23.12513465772084,45.98302639500915,0.6375018240234739,74.0029443064173,0.0008845069889524914
107.14470112530454,1.2655601784088557,17.011750430897337,47.861024816074234,0.2105897132748861,317.5525334904189,0.0007209634245667867
247.10236543081328,1.0918307259799016,19.353547575445766,48.08948531136842,1.1894747015955063,469.38581427368194,0.0007300512465231946
247.27762836244824,1.1511617452870568,12.142826482451936,46.647494134534675,1.401252666188376,798.5882376213768,0.0007745630579881702
54.21857964152275,1.159278561344248,46.04309471874926,46.864651426058785,0.1563283297443981,160.5920535542463,0.0007742779127780884
52.93792472821732,1.4309756067089465,45.58267992337051,48.18297287133545,0.13232006220360182,263.85235548949674,0.0007525513760082341
69.93585893291312,1.688699250724669,38.71442270866668,47.15817066347411,0.11645021986408452,135.52590465679626,0.0007253022306546904
229.54370357764435,1.0247404056281244,11.4747941020632,46.8027430429128,2.122337649675045,659.9616816033325,0.0007035982378237639
69.33780893739416,0.9377664011799682,29.119225256090303,47.581891241667314,1.1100350850356282,155.15436125821546,0.0007779609460746901
164.52080557367813,1.1377566636319665,15.207897453181458,45.424028949217785,0.6170332958446014,927.8094108896953,0.0007832295408820036
165.26757181000238,1.1292454377344143,16.53740982477325,43.01453698327143,1.539194204165242,924.9072003372063,0.0008604818939047696
157.87787001102967,1.222571574140275,19.9066122219392,48.147382085765194,0.7727167866782488,703.9335132358225,0.000839418837373461
185.91865101452248,0.4826961160955635,16.87924643868251,48.17672358052661,1.6634845473117614,1076.7607660099552,0.000891537589897832
157.79710150753937,1.2522326890150757,23.761981416745233,48.23037415673559,1.8214989129632564,115.43442861510682,0.0009491260275093917
177.30504565428535,1.0611671759322616,16.89305055538356,45.30456146836789,0.6143736674417721,824.4754605574839,0.000836138604714598
95.09943854669773,0.8117502903794277,12.97308250398032,47.54975241849161,0.4720232548258817,962.7295633630629,0.0007924727867416698
174.87746826734156,1.8509035505263773,27.952075812727546,43.04311560720218,0.7940958324025906,102.41481953777149,0.0007325836092358241
123.47714098493474,1.3075709861099136,16.423695690685513,48.64686644719319,0.6506752739086836,538.4464017681898,0.0007714653262141563
107.0804805052004,1.2725017153387859,29.723066968567824,48.92776969249761,0.5127519014896862,383.360882547183,0.0007071411912250642
239.73345130445793,1.4703809327867852,14.89964971654707,46.815327011362946,0.4047048627099278,242.6962167509331,0.0007966118115971489
146.03475043813512,0.9324173532957757,27.174812843787592,46.24075485846918,1.551447696355371,235.70045122670032,0.0008283622790571635
153.91033650516763,1.1805589079846543,33.82059367162051,47.38849661411351,0.406421914287628,733.463492836853,0.0006989560242255198
148.0573745685393,0.8255930372915995,16.59339217071824,44.645463673858515,0.998929016790666,70.47800346869535,0.0007264063947743953
124.6866486445892,1.4395849282183952,27.602318030441804,46.61025369099417,0.34101337991520364,815.8372660956347,0.0007566557625884215
145.0864764982254,0.6807074608841599,36.23153225703707,47.11391337096791,1.018675301097418,233.18145281624354,0.000827481520351844
165.3398753879076,1.5842864119572473,8.251217824596468,47.00543434052379,0.41433529152199844,625.0962884194862,0.0007567973016773059
134.05181978212124,1.3305452241426607,8.571252883125485,38.40978571607058,0.3043887502531836,1164.9486120837175,0.0007725514582273957
230.58775205917118,1.0381137126812279,21.422897679990385,48.848738985990046,0.12990756802301792,81.43550767188029,0.0007966673361415662
148.57887161461642,1.3212660554528635,27.61145436684622,48.86491321306288,0.09374543122805996,743.5733958067259,0.0007553330405866251
144.21954882447895,1.4247531409856475,24.96809601265088,44.82550892065502,0.1734785869836479,183.27569865793998,0.0008173044854813197
230.09444216153835,0.7386158743859818,31.9747807347409,47.324054881856796,1.5078084619983059,583.7997772392562,0.0007827036922188152
228.4656033368784,1.207993041495578,14.88043634629261,48.40325987948712,0.9851727241858399,773.9937105963951,0.000776850202133329
216.40745225713377,1.0259307150756152,13.396431547383738,48.494773090530565,1.9206354866516193,855.3606319586556,0.0008147895923822676
173.89433466013665,0.9699580899568957,25.885293136989105,46.97300957419711,0.448351554245291,107.82509115330882,0.000812649575985746
155.38685020953443,0.9628209397799244,24.469418425708273,47.7922610098045,0.25278849003123444,111.46905759903203,0.0007069379179367328
105.58262697478061,1.1703092678398308,12.937442996799856,46.42916284391289,0.32835834286239307,1051.129014740602,0.0007435460856838544
116.38647104313638,1.7235407070743207,32.1646432393918,46.05713150919806,0.4736947602130625,83.6580846395408,0.0007537747049826232
140.92689987720706,1.20147749281212,15.984804347852826,48.001072366794475,0.8032607465106548,65.94915957727032,0.0008172635836632958
108.28217203940093,0.9660171720665685,26.298999514915156,47.938953648618735,0.8963914684568596,329.4781722826441,0.000726844172728263
103.33293453278091,1.1173394274925024,18.319627043755027,48.55942225163079,0.7259811616132735,340.3873374790686,0.0007203143919895514
88.21422507058939,1.266253704611377,30.78595358050462,46.271072503283904,0.5606012702758971,25.154261789669945,0.0008766762228957148
129.878050518788,1.3900724788965007,15.645602791184347,46.96307594147103,0.2317756776439706,26.253359103918548,0.0006403646292399857
247.5646292112418,1.5127467148658085,18.731771295129082,47.74157610594815,0.5920038438441186,3.5579291676188625,0.0007606632033174984
246.78453364111564,1.4189546432813738,17.074853022416555,47.699606366269016,0.2821737414744386,8.190008869175669,0.0007471056113397235
214.14351458041347,1.2443258752575055,32.03543056248437,44.08369714930321,1.2181407440959555,11.138017445651268,0.000683944397854555
176.77856946461975,1.457387753488548,21.467219576768567,47.31664505612464,0.732326333973741,840.9222311328155,0.0007721152478522079
102.50497715747818,1.0136569962096338,26.99734578493265,48.10255706345542,0.2948733603474789,315.628309789393,0.0007939405221274978
68.5266463122939,0.6011701349905423,28.89343232098614,48.53902504988619,0.35827374746132246,593.1479233273898,0.0007529211536793762
57.80686543559244,0.5385962065504291,26.68914144539041,48.37599132691611,1.2495856531597875,300.3832024241595,0.0007532811286369242
97.51273917537141,1.0405538723242331,8.816038522412066,48.53545368784306,0.9540697496242356,452.2863995458592,0.000807685497051546
59.02164372907657,0.7852790387164534,16.165648590072166,40.35078675248771,0.5393228865519789,227.58417382512238,0.0008566022771472796
246.19906416171577,1.7186527218027365,13.80342828046683,47.2962819298258,1.0177923428300781,710.9348576457492,0.0008238760892205106
246.7711317323773,0.6618223036401328,24.852458511676616,45.429920575805454,0.5487789180095939,311.81081358190835,0.0007875054844578201
247.96661257819912,0.8991440832135003,29.04272358618431,44.31188114895615,0.9151514695209138,224.36516989631352,0.0008234752570378079
222.86214336868684,1.7924899904364406,25.1161044685426,46.92163532017836,0.1971743614482538,1182.5909943399542,0.0007880577778528399
176.70767550048294,1.6724893207795797,27.78922378113464,48.77361827314243,1.259501417680393,23.950306435889704,0.00062040170233387
112.49145950633934,1.9459835357220263,26.65130789014506,46.51433947795457,0.2548398948565164,169.6761032852805,0.0009856757992826473
91.19911645137839,1.9141766865550798,34.14711662044859,48.129932698946476,0.16455570166314962,223.06129119316856,0.0007728025097995005
65.3838728118379,1.990821888644884,14.248255422483814,48.04936698817238,2.111299874312532,194.7111387891552,0.0007217076221911133
64.81762082230699,1.980741055653782,21.021383815823462,44.455604505188845,1.1695520322258919,267.091550513498,0.0007522414542996156
226.51586976909888,1.908012105601606,19.98992780182339,47.63122488773032,0.060458201531559376,672.3914475133387,0.0007813412924446566
94.56499331802347,0.5708224061399303,20.988647632802987,47.113367931394116,0.10906469341042922,43.151731386087356,0.0008838386507953402
121.98847433244036,1.6763804179536514,34.80403433985836,48.1660384371864,0.6251979406879543,77.14916626673393,0.000678195208227706
105.56703430885756,0.9897363370074559,27.287641292718195,47.00868702478205,1.1739355774181954,197.47037544661416,0.0007779955350315402
117.49297498242287,0.47236005472357034,25.991553239128084,47.96181180572679,0.7437098341000404,468.1453449840724,0.0008518275762530392
113.84768393324816,0.5536431481327045,27.84549419901299,47.513025035742196,0.8311783004329169,844.3997107403734,0.000850001229130269
71.58316239948658,0.9325060588154218,19.052489767352913,46.8672070459002,1.0748283696841299,291.3905042681625,0.0008343843062185944
193.51443079510787,1.8684278933791003,28.044676374404343,46.98827665659838,0.4671497898587885,384.8217468196389,0.0007976509687805749
185.01184078122228,1.7910373066359728,25.758972171437968,47.90726751445439,0.05018103352312621,345.53427950537747,0.0007448866121516231
170.8057451827264,1.8703849350365476,34.534690644131,46.43390493238157,0.08319435184167233,326.540655530456,0.0008284011288830048
95.52095504551247,1.8840986666998294,32.12551250024712,48.00129471063684,1.3084500459244803,1017.2260640180612,0.0007712019640698028
81.17357409912218,1.6921418423452945,24.216155034740098,47.72905169252346,0.6742156454399119,572.3808707283301,0.000801505839120759
216.31989368217646,0.7693188443074047,19.028370967307563,45.93171150940738,0.28660459747096,342.14214517815657,0.0008199618201982157
170.99007721746858,1.1603803532172845,27.17432862759064,47.59742430213795,0.7207670916126301,763.9470211896904,0.0007880653336384953
98.08642590137278,0.7226024875875147,32.50793962289609,47.425845668965955,1.1122628991857122,530.1576621175282,0.000733463043712735
55.56360186186156,1.389853860964913,18.156494087487324,46.96055794132762,0.28645440057132765,101.94268258133364,0.0008579983920836691
236.82913765179356,1.356620600673438,17.72205724172216,45.10799383362084,0.5677300444894099,112.96749489128536,0.0006406184622527529
52.27092854407454,1.0765003027817936,33.44441184551644,48.106815325764295,0.18287911876910423,830.2319343913995,0.0008251428184805252
233.44030502522745,0.9291005168890693,10.953970840770774,46.84108249209124,1.3466574983099275,110.47495839780292,0.0007705700682880351
69.18176217812047,0.9141636604050456,29.5152963262856,46.69244053193772,0.34308640124241574,197.69023549386378,0.0007522067011121825
238.44789808584613,1.4413637122385525,12.440210305398706,46.25565108415009,0.2867329600049296,233.37271293409984,0.0008370428525357402
78.51997456170095,1.0474864657359513,30.739588881867412,46.68167820576112,0.6224523821871478,247.98716120407917,0.0006696347953560046
227.07186801011036,1.1047641435884705,10.044457786499148,44.363616621942924,0.6261771977290163,77.76540538082028,0.0008711365059396281
165.54484934852144,1.9004707408455712,18.587677638008742,47.529394628178764,1.079730125520221,26.88333256172699,0.0007298748762364711
179.13862377578857,1.8994480645096365,16.0710751306185,46.40240007920917,1.636682203291208,25.32877328843272,0.0007302910074794358
72.95781495558649,1.8308084654356878,20.204759860077534,46.97012160308947,0.4906943219328309,1579.6107644994577,0.0008139160191394744
121.68760010433408,0.5856587219502593,27.308319347469702,48.26436675285847,0.44597558570978724,17.338888582791355,0.0008729440332369319
163.274635174986,0.9891392658867748,19.026645457210126,48.637139513606726,1.108484303132933,5.252630241796695,0.0007982690233173673
143.05982792364708,1.4218727366423416,8.241336107375009,42.69921868486867,0.3423630600872796,191.45664559399103,0.0008476518647265695
126.1346472642762,1.219627185389565,3.993923021322869,47.24530558809828,1.899421216741241,363.4675503861728,0.0008543603742790277
144.66117115728113,1.376736341022533,4.143809958646514,47.99894098725089,1.837801917190804,278.6348672380454,0.0008265629639497669
192.15336216291402,1.3497085690734667,16.551730262238422,46.02512740459521,0.05697030586079506,616.8828362791537,0.0007997899467296555
169.70499350934173,1.5675836139652721,18.057457635258224,47.12692991493605,0.16963653409226817,545.7135835536624,0.000782404258056868
213.19555180920506,0.9090344877791934,37.71280913284236,46.21730987217947,0.22042979649814484,371.8486036345613,0.0007375548966298264
235.01708578296078,0.9748804920800604,25.723908343276985,46.00631978270707,0.22355361019963282,497.5502180342052,0.000759956518659064
244.25898154282578,1.0720012987623277,18.29367154289487,47.07639973512613,0.250632117200199,174.70484975605476,0.0007509177882292158
235.19169001069034,0.8345215385694374,16.062590866760374,45.45761269894879,0.5904434401254868,753.6379076298191,0.0008134799957993771
184.72539593391954,1.0265715425811544,21.867477618644514,47.011289977427964,1.0166927344062153,233.40815949537716,0.0007847357729007621
183.10245867501285,1.3201577617920162,10.563590891985495,46.021836603375355,0.4269350885682987,483.1747321236936,0.0006975923024916081
147.01223311602322,1.059795553769729,19.861983834403222,45.02477558933954,0.6422577941965182,661.6589655566999,0.0007894922325702762
195.0411187447092,0.8847344704424616,24.5653865359025,47.73399379317992,0.09713530798456968,392.5844979188335,0.0006992161905380494
104.48706960312082,1.331428546514054,9.093168573595332,48.27986273295256,0.4749257632337203,533.6349093185944,0.0008037197651543431
240.826490720992,1.04515848787106,24.750430853236402,47.95306604017503,0.8598238172775541,230.70173347502828,0.0007726264730622237
95.23192324083875,1.3019295903717518,23.86788542911451,47.30746697723924,0.9169036187579883,439.4959251687685,0.0007467695831370569
93.17189523942292,1.2046039408829396,22.96581545366679,46.23280998175585,0.31136737457945174,399.98687221911155,0.0008594193705545961
116.33525421613452,0.8997161006700483,23.204032045602187,48.18155834315143,0.5281815424825593,789.7406856636636,0.000828605319694934
119.68999360671812,0.7382151003590581,30.106829543455948,44.43392642641075,0.5208138820658453,312.18700576274506,0.0008758302452771011
161.05439169637503,1.3423461568487576,15.60870128928373,48.21139520398222,1.412523543751979,490.0317986298237,0.0007857438493987108
87.7782147236333,0.6824023985514316,16.680208396224582,42.335438721755864,0.6225890474238519,589.0920624191352,0.0008190670453769333
91.17801710852376,1.2034851600795724,19.497484944712262,47.08709626005322,1.7201726151605696,313.9560613266729,0.0008009519675520797
68.42978081851972,1.059631821862318,8.28500842660311,48.20519583317596,0.6339191609115393,309.5928916258138,0.0007436828097019721
154.08470210490438,1.153652827705721,9.242784721326599,48.308160154242415,1.7783150564667989,444.2491771561297,0.0007349725413197629
119.72208329688155,1.3065330156060724,24.247022201933657,48.304495100730946,0.1537249322044207,440.9295946516632,0.0008169173541346992
219.97481666513266,1.1086975299075097,16.43395837479712,45.42140471179826,0.13922585307782287,271.7490161327766,0.0006506453664884662
117.55329578802154,0.8535940570272017,10.244166554446846,48.081504521622,0.27975894896515513,123.01294167694552,0.0007069685107538976
187.1480227016068,1.8572073867453474,4.2083712379015195,47.40458787773959,1.7551457969002586,557.6531796693505,0.0007988080475773437
200.53059687845368,1.772550706886897,3.494951155825917,42.709135691002274,0.38537000245591274,960.742417279023,0.0008020929691688698
55.014316859417065,1.136053153653282,2.411296233433373,48.849156435784714,1.126937458297921,41.85373935178884,0.0007860010930900547
124.26604051595797,1.8530451164007993,10.12096158945896,48.555503592446854,0.09033435382542872,86.60369390073849,0.0006874810449455329
198.34853695068088,1.9284124930368876,11.330050789989544,47.57330212545006,0.053384296774823724,90.39856776680068,0.0007413386759959066
127.76373334016982,1.1864959850838817,34.692457208666724,47.320715234554775,0.019742376284903353,421.0416955366979,0.0006977801486885357
121.47856393227501,1.0488606012564934,30.981819465920584,47.73639126134978,0.9689200766237895,511.62880217935077,0.0008521456538734837
92.97633566473374,1.1313895911231224,22.90791334614168,42.82192903859242,0.8359956621305842,263.2087477107508,0.000923580313685189
123.1320518297455,1.3143640528760692,37.193363331734155,47.823438536147556,0.5364247013010459,526.4376895118952,0.0009264806068490722
113.28860250638428,1.4914562735364392,36.15160477648244,48.440746250392756,0.38996955385824683,1231.0040681512821,0.0008842612148307286
227.16099307446365,1.799101698714643,28.981449278764522,42.240039254941074,1.5858750812474625,67.08873255711781,0.000759472365960383
78.1027255758484,0.7849898487339578,10.460539937047285,48.19957810186536,0.07818277456559908,157.14280633025024,0.0007270317863461601
83.01503858243377,1.3900771317016518,16.635947449839072,47.8806923108626,0.04439480163957197,73.49751960126878,0.0006851149502191227
81.12257183932047,1.4721050265620133,13.672658486561348,46.1304241006658,1.1695206785285068,407.5691283413402,0.0008327809865489794
78.05402267131676,1.5718629695449853,15.691241673015888,43.91984048359774,0.36954763001128743,657.8716211265502,0.0007924462172385824
99.08177167988451,1.5791813407473883,15.649395454903326,46.12266343769063,0.5076648779306712,1176.834416137833,0.0008000132969843997
201.44495960222795,1.7613143631743038,29.05073258227557,46.39596097498338,0.43683906411896667,13.760281824536635,0.0007412046771429206
178.35348538661356,0.690707619988276,25.126876665000097,47.01018558929834,0.4493140322788476,377.80786033839195,0.0007562631630958836
155.81428698999255,1.5344140045629213,18.452451361582547,46.46405701575763,0.17634124776986898,461.4255238813131,0.0007103627571884482
76.37547908959935,1.3929852241245542,30.19000445376579,47.395322221339086,0.5014377909939345,373.97037374518106,0.0008408695613067364
63.95075985972073,1.2778423117521895,17.154493881622805,48.914875981116225,1.7629474527568567,123.01718058289002,0.0006462288849006204
91.92942615359178,0.8994609654609695,18.735913226661246,48.877953495401165,0.8719389965798914,124.24792450858189,0.0007545921821809537
69.0126756678555,1.1304138445934173,18.93166213635413,48.912255515695335,0.8889584579404864,568.1220626595315,0.0006929059975855354
177.00445619963105,1.2915276200801942,20.426980381282263,39.59962034597924,0.8575551226757322,284.4775054674096,0.0008167217965996082
241.3270366606322,0.8900017226090348,27.577582889663788,48.44104847523614,0.5391355905866402,494.0956999569251,0.0010033126720810212
84.67996992350608,1.8468464740484531,4.417838365516325,43.81600266688847,0.7908792849326376,195.42274761280024,0.0006145139634287702
138.84868589873574,1.5958282482724395,7.744766065434548,48.39104868995272,0.3589435119960369,335.2687249120171,0.0007796538916400882
85.66875150215382,1.5393082473403086,31.68153070659209,46.20245244733664,0.8755219864588897,616.9718468522043,0.0007209995432886506
113.13062052323913,1.570516726365125,23.046771072144193,44.90105785347017,1.0475563510386,479.14054457089617,0.0007540334369630891
159.37090939930982,1.489906340657733,21.726860049597768,47.40685099564107,1.0624436579396583,170.30302732233116,0.0008268082793511952
85.36034810461072,0.9523823670036607,36.161526755201265,45.45418402899594,1.516626880349641,843.4176392625651,0.0007211665090267134
209.77175653614876,1.1488949267265358,45.426213465128235,47.8343702623978,0.5899336945621715,172.91191208281694,0.0006862092754387184
79.88621603192621,1.2035070018469702,17.54624705093531,47.35040181040223,1.0031290633202332,680.7386114981181,0.0008157962227582268
232.08259390056142,1.0463928163147955,21.764507446477914,47.787906078171545,0.512019527832751,205.38304537240847,0.0007616780382564437
189.60590248998867,1.1585647450142522,19.180695118381617,45.96641418825173,2.0543265918243705,575.3867505999219,0.0007314635364639691
148.64897177585803,1.37600193850425,24.657112163187474,46.44875825372583,1.2007603880457378,168.87307366407333,0.0007396405675814225
129.52522229520204,1.6253281971939975,27.40415686221621,46.64495666498296,0.49749297215919286,673.2148926419148,0.0007684501129566781
186.44047470941337,1.8703576513056084,15.187508933802668,48.48391833016602,0.5532823124194838,886.1487277750161,0.0006583539028435395
92.84849547011669,1.9011071674180982,21.062748846827244,48.00335741992426,1.073631670211875,272.4206778266218,0.0006882075493395813
210.02501608667907,1.9456113443916636,28.627467445208428,45.44309264415586,0.731768566693526,543.5758617833661,0.0007643363959501242
71.54111596332635,1.077275274402228,15.058304038152013,48.925920326558696,0.18988736873655354,413.70947418836784,0.0007254602731449686
80.42461573779485,1.0396289467531576,20.587467732944674,48.909181425982496,0.29087379773495314,1698.2818232650284,0.0007662410581765116
55.62806657371872,0.7922698443846611,13.994896288598746,48.94526651670306,0.19442884095343413,474.79555260207655,0.00074177567282209
199.08392095137015,1.4786414441581195,28.2893518685365,48.97776639652244,1.6320304440954292,190.36100386196802,0.0007871413699783607
100.65051912005578,0.8831106487025623,13.526215204053758,48.99216140232708,0.6869217227807127,102.54679960933392,0.000905111251116549
166.81255471946537,1.020040548957279,30.511229638055166,48.99867751686478,0.31382886987799274,280.7595846719518,0.0008047384367689018
95.44077943638666,1.1414321254863202,13.828777979270127,48.993298384489094,1.245848929826158,334.59705858436445,0.0007071163921948182
117.3192232286449,1.4736801591543691,12.897840130622543,48.99246428294247,0.794966955085355,285.88226223253525,0.0007189628658641512
110.25919401284236,0.7326092117066378,27.610810497182843,48.97881393859336,0.7146852787047419,588.4906733450928,0.0007349142641651881
113.22965331850253,0.6972056227324642,33.584210884418034,48.97354248565509,0.7250027344446328,422.63760772662596,0.0007764647906852953
119.32268906687416,0.4765960945547341,28.077895768191475,48.96918816250095,1.0183160729156324,406.2944353402175,0.0007553373487868666
81.83287703055079,0.894619283187815,24.967596663348765,48.95298404144827,0.6833180170509553,306.82179865933165,0.0007140043928391848
235.047413154186,1.78242904527583,27.744303556661652,48.9335490137706,0.8069573398244065,85.66676765039013,0.00080231437903853
193.3516815592733,0.56243767618338,35.38664875751908,48.80468303906949,0.9777240206071338,43.57744999581592,0.0006983471665719034
165.20900347338937,1.1396341203602136,28.80898273586317,48.63412399003384,0.46486211898326085,43.577635759127155,0.0006879059603686144
77.32572098132846,1.7332344031940286,26.619917495732327,48.55363790423316,0.6502862765986397,79.07021148171745,0.0007248173503783585
142.3961381256442,0.6721728059039656,17.077244952412272,48.30712731861831,0.7805375714060551,1161.8867957101181,0.0008392244486345717
92.19354958117101,1.3599268452743303,11.013597808734186,47.82522269908675,1.048632858306607,298.60383865098413,0.0007838165962961634
101.26929831189719,0.6764450234195882,28.003735806832253,46.27518745060644,0.6335507848349238,302.2024931118569,0.000925218614151798
176.64830058100992,1.3554751767096813,25.38268818246927,44.9123295096349,1.0889825286212176,741.9136614723129,0.0008154395246198092
227.0559761245665,1.410843358462381,34.58034555877184,48.634705629981354,0.6282366754718866,301.5668017834809,0.0007618015841916805
205.58363092287394,1.0373117393462838,38.00511191997351,48.777624800029976,0.4386455693808197,145.14757337724444,0.0008099638771107609
193.95092424395648,1.278612515330591,33.16055606353828,48.665349073076115,0.4817750905252718,155.86216687277442,0.0008116436757640428
234.1313932180534,1.5130218607412167,15.843938286145828,46.66557891381491,1.3710427967595549,372.54428708527263,0.0007166100902188772
228.86440419701233,1.4060253793885802,16.01797579137011,45.1327296285538,1.3008628084093248,620.2802687529963,0.0006579773544589921
94.90500525684676,1.0722303747489117,26.567853040052196,46.87578243289316,0.2829822641639792,322.7484008388793,0.0008855078303547115
150.26255324097397,1.0591846817253014,36.542044320751735,46.952108110692905,1.4554458755864599,345.7018220759661,0.0008274678625345435
217.19188482668548,1.3672060027976005,28.948763897789643,48.172999050217264,1.459968247828644,389.85648423752235,0.0008752041093061383
53.22905055599614,0.6812703676054818,20.535455603907675,44.63914244119759,0.24478044230554097,315.0903737444985,0.0006783459858500914
215.2331181409053,1.2632544352286603,26.200084895416758,48.22550489253565,1.1319164399866237,630.4854411725074,0.0009184859301706359
212.15589989164195,1.5078244170863344,16.128071198229616,46.72123690044799,0.723193690205015,708.4025116731373,0.0007084233477383065
218.62385805872157,1.4686524362060018,20.18922085135552,48.81731492052423,1.6813330487667277,39.27530565193887,0.0007361089793674997
110.10370427980197,1.3006238838121413,12.608042857883351,48.57405808808014,0.40017783939295437,56.626801209810075,0.0008151501547092289
124.23818644095938,1.3713833007977843,24.858785532223663,44.90748846693289,0.344729875649378,100.33810155315878,0.0006934711655874404
125.05243802165384,1.2253416195716045,25.277631135188532,48.46622670871763,0.24519654311513586,141.04070667737182,0.0007224472773559156
99.31536326682078,1.089739319297364,17.95124332759871,46.36085768305004,0.21714304411816215,114.59462402943869,0.0007404508440878782
195.2753252426742,1.0554928209819783,21.56840087301078,47.56164216089353,1.3292863421535843,116.15247933969441,0.0006452099124472893
102.39155431681498,0.9080477314169073,38.17575183025441,46.581632613928946,1.3044146569053097,266.60484942561914,0.0006458688275718085
127.00062800777486,1.9035425519337261,25.16046349807095,47.545288395985295,0.6257671367833818,54.43109646202382,0.000860425393991198
159.70517613109368,0.8714286928098984,20.304551538739013,47.43097539272018,0.43519752934374123,1136.085319993352,0.000675902352356909
186.0777559727326,1.8145658278806556,31.106880929424126,44.34596325377837,0.5178687370266708,289.2836612807886,0.0006663733068565335
120.44412124988804,0.7800400500289107,15.760776678137697,47.880071303120346,0.6969775515180326,375.43132770116887,0.0009061255948667296
134.16772802355513,1.2729674826148663,13.180542007484958,47.49719867227459,0.5739682906098559,684.6880412825958,0.0008696311049535934
177.07557428644657,1.186504248012265,22.097676117533286,46.149241385144556,0.15479064029130157,283.0581106673831,0.0006799903529288397
79.98255049366243,0.8982518031150962,23.040985726913807,45.13628266762982,0.42265344845306996,913.0537897139592,0.0008536446059539975
224.20790955052195,1.5824656046515728,28.87160630980231,47.58696325595166,0.747702656301724,101.07381276414384,0.0007506028612853644
127.33918482128328,0.7625891477827041,32.02295648625056,47.34857745328725,0.35146200742232714,11.432902781622298,0.0007062246986548075
177.13616683316408,1.6734470687466922,11.968814614509963,47.12470518908141,1.3862439631787684,1170.2733026916476,0.0007080036925313062
203.1244861016499,1.2304272208609406,19.28583165631447,45.49405944507343,0.6603710250449779,77.7779463038139,0.0008024307573548698
108.38871764488188,0.9220288665514345,9.386822351011709,47.9752382401754,1.4101365742986811,65.4598279661155,0.0008506122344427777
62.53157191484429,1.4244928606163754,30.13211933794704,48.5721879145485,0.44884202784372046,54.96311630743572,0.0007250433939417586
83.38890809364507,1.326009541306407,41.179392216265036,47.087368785344694,0.38932244053756704,70.07599606491736,0.0006460713447255448
94.33758875765419,1.2351225553274146,16.76818551325504,46.097659587463426,1.8262846338609087,40.696093591987925,0.0008003617376424779
216.7889043311681,1.0460690364550462,23.918239346303903,46.453146017166006,0.0626558277927346,642.038301828437,0.0006799571120703867
109.38619512746303,1.8600730115862072,22.53036527218986,47.82771771700517,0.02150448648534761,232.5743477716608,0.0008045034315478808
155.69989213134747,1.8537385738238497,30.643729150890962,46.569161527396744,0.09725308576065789,730.772192250189,0.0007256052435968947
127.05507157272599,1.4507185810172427,12.669709619537665,48.265078251087694,0.1177146766695063,118.4106714202455,0.0006525574740298998
144.61050661706565,1.6558089156105338,20.75414653815471,44.96745226514797,1.0541535890758302,978.0707428326083,0.0006093040881646827
79.18586238224181,1.544757351718254,23.604192180768482,48.23685613381977,0.23834500393026328,305.46157002060147,0.0005671898403886872
110.04709422790675,0.5729767821935312,22.480412825388868,47.75282334506276,0.08847898155284928,690.1451983024009,0.0007381925446306038
149.86172019564842,0.9651070391565567,28.221988365252948,44.418045148912725,0.09556868695674782,528.6571559861628,0.0007118738448389095
162.85748556101464,1.434861020467411,7.377402468536156,48.34719417135535,1.0091141695392958,913.5715840075032,0.0007849933011465681
97.99080852167125,1.359408373070436,13.789299482172243,42.97048330847607,0.856633442914637,344.486109861723,0.0008436882109562338
102.14557477509676,1.031768673994882,24.74933640084851,46.452004742035854,0.6193319903008853,781.6052038195278,0.0008057682879673712
152.5073906927553,0.8360396065833487,15.727044994546253,46.02996404375946,0.9310481318273697,600.5810197054601,0.0007647869959511129
147.53069974837,0.4985024360484711,17.380587179589032,46.785777821196966,1.2621416810881885,578.8980521477257,0.0007769996065853743
70.66583683702213,1.769220448572473,35.12303152188605,45.75824078235692,0.4310421039118763,224.8564991214952,0.0009045801103211985
152.43581038499175,1.1770982917447428,7.75840994714736,47.10088044377633,0.7708056810115593,213.48208605492223,0.0006480717617519773
217.53759370674803,1.486557502726185,5.900785744595848,46.474578342364396,1.673901021180706,1006.8977113495757,0.0007259410153336678
227.92707886828464,1.329901326519562,5.926170133006649,46.73343678192221,2.3638386302932313,563.4812124941648,0.0007348536205427272
209.2443903953087,1.4341287046266682,6.508396260151321,44.26654759916978,0.5008487932553329,467.9962877276142,0.0007642492182956741
183.23872035281593,0.973849435088802,13.13445358179969,47.98481503861698,1.3990558762675873,467.5642715419022,0.0007932245787171977
100.58261542052051,1.2011261201453447,38.41015537087887,46.148845084602655,0.2935506289965556,188.22354852629982,0.0008469153583277331
164.4877516713297,1.2018220988626558,27.647380180909764,45.79713004397377,0.9312417928168757,630.3449432017217,0.0008909398967837123
152.95903338016151,1.0443545920807509,14.239205288945117,45.46383863449162,0.37479185843772167,148.81126032662524,0.0006776117882680242
146.12358972877843,1.1791154596727111,19.45912204709223,46.59098829540203,0.4169542840428407,116.28213113393097,0.000675723446247965
158.1541560692407,0.8927885193082766,23.111969262856213,48.64318544116382,0.6622936423262084,1295.029353799536,0.0006932464247654327
186.70030444162472,0.9397366863481029,19.611378983957554,48.833666556596654,0.5645230950644876,123.55840346363881,0.0007240444170258354
80.8010841509819,1.4768325016439274,19.847915035454044,44.87539877182021,0.02131049332937765,2.7223876754847414,0.0007470955232248043
204.5480372466674,1.3195497800701343,23.59970478909874,48.77676202986723,1.1106603095606506,82.87320161376084,0.0008272536476790942
95.83202775921214,1.5380492515249167,24.089663705951352,47.74390086985861,0.9952241174391667,120.52370339429658,0.0007945951276841294
205.94439791395936,1.3310049932423917,31.48213056413356,44.68547401542462,1.2393371124387662,183.947122616485,0.0007855918699366084
154.8402240132743,1.6645139756238891,13.006338866141274,47.83610755658036,0.23460445645637076,574.1319165261409,0.0006156072344149167
231.09216567307115,0.9998748362254951,43.48833324046277,48.43271669553531,0.2355895467330855,235.7641473822776,0.0007788328526763009
181.05442797343224,0.7633108612066795,40.68933243429259,46.1238842636636,1.1647439058918583,654.3598970315992,0.0008979094999957832
106.13301075460357,1.4277095983545964,29.464134321399943,47.177217492178734,0.5395550053101068,161.1928795196935,0.0006870494309006832
190.54699642907127,1.7459142788815143,21.52401412663506,48.007403027476535,0.6580584081405866,794.7993239771398,0.0007065032986482412
203.25750610115435,1.4166424617966467,12.714649858965988,45.757834105559525,0.7396163258566075,121.72186041317552,0.0008985476691220855
200.9339838588899,1.3585272253094585,12.379440109232595,47.94616535425962,0.5611859260765981,63.2669546839727,0.0008516769115129457
98.73565106556552,0.9830226667364069,21.57494304732739,44.332546757017056,1.053149865587409,376.6243573501681,0.0007538570764956012
85.90349076154176,0.9235068899076107,21.02196640518523,47.02347063543658,1.0006211932873008,136.62861377664413,0.0007869422293175132
218.8743260889518,1.3687753385223655,17.937924171293236,48.26785824508279,0.3397844092256257,811.7107482285539,0.0007768768323521316
61.91306722095963,0.7131562236387274,21.88835597435632,46.682301818712645,1.1491752250366236,145.68927415400006,0.0007327401998679177
52.17228386258781,0.8093983190118716,18.776651895408015,46.92752113765778,0.521543982085733,40.524410745435276,0.0007021514410629107
239.96812645657494,1.6449787596066052,16.89894534275254,47.56783835276151,0.7134612020925193,1167.4259076978033,0.0008920453576657837
213.42149589993608,1.4895518846630644,7.019721814548784,43.10676264338702,0.38924912289107366,294.56088187772593,0.0007605062475914439
90.82955678896768,1.5598131610524006,6.687362648703776,48.23382434872442,1.5732656490481634,682.5838093116831,0.0007655221636983285
136.90969138766133,0.8458681970643437,34.11459474376072,44.318193559455594,0.2033279526700107,198.66548416909612,0.0007402226800239867
102.22293467833177,0.6036049859586179,37.17847114782594,46.59595330619902,0.4766007163326281,250.9499402996484,0.000716805545491751
224.7724473685981,1.7154599840612483,4.8492212371125705,46.61947914369351,0.6679906831805955,762.192451993532,0.0008348143309485031
217.48340569213497,1.2923588033872409,41.962225481835475,47.655328100857844,0.09594125706809428,781.658587805416,0.0008009007875797048
163.47067882528333,1.5883259258118843,11.83298842114052,47.69412460656365,0.0757762955602705,703.566177198844,0.0007856687381691989
85.84273767048286,0.7025002175203245,29.826271297446826,46.68642411948291,2.8791149443063584,226.8392803543532,0.0007169285439709255
56.22356964123565,1.278811049243628,20.182084001987317,46.59257766239133,0.12449863065538946,456.0853295915646,0.0006341093658766329
60.792626953725915,1.0818176852000803,27.11766463584715,45.910587438951545,1.2916272503647768,44.27094115538991,0.0007941186019900735
144.77262280043874,0.9083005544004724,22.40141393085656,48.13458202032367,0.5941326859794147,110.84621950701157,0.000620264346180256
150.34650745780604,1.3452838100392295,23.32857502885121,47.80101144322656,0.23591036543952418,327.1304209728871,0.0008063981850332932
112.91819843720226,0.8663654304576814,17.73712772893105,45.63499666959201,0.28421777514463614,595.5660346946697,0.000703535165972111
132.0997119111034,1.324845244695073,14.725085523274602,47.06078688443237,0.09277205703163766,616.8532098295615,0.0007923142664597208
213.5679878310422,0.9283019673816326,12.220616374964486,48.45172247935118,0.35685710296891837,452.40556928116774,0.0008144312698426195
169.4135088531708,1.4073872526498103,28.750698490692905,47.64291522652402,0.4550407684267339,600.6497431451324,0.0006808737371773821
236.75356837772227,1.3375132066220448,13.495861538077945,48.12816233557923,0.05713372653432768,381.95099974437716,0.0008778457174348619
233.79318382816749,1.582094853875028,13.422597420870053,47.9275347397419,0.16151491596524242,304.7203981996973,0.0008353800234796923
72.45575513400058,0.7587903464901179,8.393528736738661,45.27813195646839,1.6570253545123,92.69146135595713,0.0007409531190106866
127.95390925663457,1.6546171078242227,10.694196677447884,44.32938807396462,0.9417813380362967,445.7400483246244,0.0007423150275680677
79.70279643281582,1.9626284141369839,35.133085326365084,47.83814194048814,0.9535542138988399,442.27728857993736,0.0007506838755317887
97.62893264577913,1.9312413968948146,33.66633943807068,47.653380353007876,2.046913198918946,1090.2138175932541,0.0007617768093044059
219.06044871330823,1.9255278829972051,7.9911752079181735,48.700891839309215,0.2120438395275728,88.77667624341564,0.0008003565996410381
103.20069870095851,1.4795832110976808,6.540266159680275,42.79874627955178,1.9818252402636258,762.4161787272931,0.000737509889116015
98.4847967535006,0.6554362821285186,22.75609886256835,48.37820502292965,0.3897998220127332,75.38937792577751,0.0007446276117515412
99.72713045690028,0.6329317416732007,18.495266855395702,48.639888068671084,0.3660822524227542,77.4872822127946,0.0007753667880379309
190.5611186979669,1.8049746466716141,24.840758828532792,42.921918629933934,0.6064928673294796,156.31803581028552,0.0006915585641191265
176.2857710418784,1.333442311664915,26.905742358198125,48.820034385299564,0.24083267076570983,1164.0624459470196,0.0006963308264519342
207.40181840090156,1.1234420683669588,34.583674420272054,48.73601676067708,0.44836092262548827,734.1890182398129,0.0007419898621184474
54.085998770623455,0.8794552147564519,34.626428821437216,47.75925439222454,0.03986024331577328,647.7873422269919,0.0007880585271786526
67.2745133971715,0.976612398634562,27.43158025446389,47.536059124052585,0.02779245773221073,202.59826114330713,0.000986783045045685
218.10196963624128,1.2597135950580256,23.477791269609522,48.981543575926196,0.19590735680645224,563.6966276393201,0.0007107634210435591
143.00524644038694,1.6901876626245171,19.71901629674352,48.97863851786234,0.0947710633523317,250.29519771214296,0.0008080964790831385
184.26500876986665,0.7368592440000907,36.170705334566996,48.95311425848337,0.055866341032728056,391.09378584614547,0.0007339395491063572
190.83885025095472,0.8836733110694751,23.27518901848317,48.864546103376185,0.06941362591359149,174.39168543350652,0.000718505498309973
94.0442743178764,1.59377866835026,16.144830558591867,47.86658415458547,0.06350847211088363,394.1838137701878,0.0007423834220513687
178.0554041287916,0.5090078384767336,28.347147721179716,47.9507855903583,0.16568114337691076,556.9451051294229,0.0007949940555172717
73.57338186482446,1.5647074256604216,32.086800898714976,46.86272181324382,0.0870793052512244,236.13666187778463,0.0006845863401155042
60.71867521319096,1.016537007372611,30.39531120414289,48.27597482716434,0.04560056213453422,113.00072608876833,0.000696651627393497
140.43300775094295,1.1563627264406042,11.609100789164632,45.75759284550891,0.20922271948669896,668.6526129287683,0.0008285323648563366
65.44909599866972,0.9717069160161506,15.51792723813331,45.2882315940506,1.0000760104065967,624.4388578483824,0.0007720786635781374
56.08461499545007,1.6793189554044057,19.553600754366087,45.581821919018545,0.5824425178376758,83.92484543093106,0.0006982342288280167
69.1111268973861,1.4977185167476037,17.998660724792252,47.078954031867184,0.6522239056320314,224.37593647769606,0.0007160910249806991
100.18611804644144,0.8661171933537808,24.43072376423972,45.607937177716174,0.32892595290187615,297.89896980530284,0.0008528423828723165
121.59832406093983,1.7703537525218092,14.1720654876235,46.929591539139,0.28015005209322724,838.2755665968851,0.000779700258925021
168.53005871448025,1.813862921856046,14.552876461923706,48.531172148778076,1.8292909478628967,412.41561453249477,0.0007355331088038508
194.1514039965383,1.472308137424967,12.709194920838044,48.682013682917145,0.4402485320534825,715.2131284064352,0.0007238482753281553
136.7981857022268,1.3643051925951932,30.261506387057107,46.20023503568104,0.16085043873568597,306.4790643935804,0.0007690061934100439
174.93634121898657,0.8322125360833176,30.02318258591129,46.84912314820265,0.038853440512927724,692.8213278326455,0.0007607739692764627
228.70946535804723,1.6064765961639675,8.418110671415176,47.97549544187753,0.4521266741157689,270.34107748281576,0.0006684446289884757
132.9652850318804,1.760417762387915,38.82615102161796,46.887140710498436,1.1434190182817916,697.4947282227654,0.0008982832509607725
131.6725984765509,1.55822759331421,27.636151089299066,46.7411117550958,2.0981055956463486,643.3500289479979,0.0009144343696630468
146.5518125013568,1.2899938177922385,14.51523415851676,47.80935552132105,0.08758496226381669,335.96290524667126,0.0006234272792885598
166.93594087180264,0.9224897406183616,18.082910785295045,48.430851320145536,0.08371727169184448,157.3260390029314,0.0006078813699070356
166.93594087180264,0.9224897406183616,18.082910785295045,48.430851320145536,0.08371727169184448,157.3260390029314,0.0006078813699070356
175.83192953969956,1.074795996736012,19.445326424405106,47.93579062133556,0.10163526585532524,155.42245561865448,0.0005906233784800675
170.50065893336082,1.328164812973474,20.225075838875725,44.94548542309589,1.5541651195085993,825.094343470059,0.0009158352120721089
142.97316947726114,1.468113137325348,26.32723503914147,44.71194819033787,0.9836121998561116,981.8422467108403,0.0008834535013090745
91.24539122356123,0.8577461220562129,19.32053901306114,48.31990083649955,0.45194326903548737,5.794319736595695,0.0006881281122482321
153.95804003941106,1.325585807941579,14.449296066590176,43.65436010753977,0.4291045224270255,5.214619432552108,0.000692827539466197
137.63050882646837,1.1031564458810472,17.54453186684688,43.890671272360244,0.9868502685687716,3.2711444433925627,0.0007239211547484654
147.55826717754107,1.2938539536689364,25.019281440024017,48.11156316393397,0.47916700854880456,0.916512176397515,0.0007217562572198483
168.30593346879036,0.8447797604655701,14.902759319667446,45.394776646598245,1.196425461722988,7.01094746280854,0.0009181857642027498
100.58813297081217,1.557665156277067,11.479207803921488,45.07061640649068,0.7388057420104303,6.048295352273252,0.0008758872679471112
103.2461701169819,1.6192379344805101,12.830220766507406,47.98856319290046,0.5331332425816813,6.369506894348285,0.0008360363616599878
188.0967508630423,1.7778979222335218,13.291128351216596,42.596584479376716,0.5994012336133072,26.595179248535658,0.000884097692036196
86.12110835460763,1.5683878335612589,32.55300323949026,48.70200592065404,0.8037648463934322,3.4865456696431014,0.000655572154184252
233.17710693639705,1.5534788672188737,19.308873176889676,41.4586759890879,0.46822479840367287,6.386317183998997,0.0008195238395654491
118.61210874569483,1.4752296773525262,35.08378707154907,47.88485915772571,0.5286170337171774,18.375858076886104,0.0007525449496583348
88.7569790800834,1.2367652321995464,38.99767771567081,48.09814123989527,0.5694084430235613,20.93294374191349,0.0008019070998702694
55.43667466970461,1.3110676606447995,26.16458734415497,48.31666766443472,0.8859238636177224,88.50148701864912,0.000775274504413713
50.33957057719901,1.2333233962271173,25.29263453022888,48.86119657005621,1.1745807541174589,17.293885775290764,0.0007096887801257293
50.56378234065358,1.6658902968203546,28.18222004812853,48.9353388937891,1.1151735001427745,1.9689592344179216,0.0007374585742224263
69.23940202263252,0.4600128551938394,27.56161740140514,48.858757910664785,0.7926476048036648,7.29549059396722,0.0008784137790438388
244.17726836999807,1.9189146252542277,8.409198975910769,48.697038591897226,1.2727431213311482,124.5927928211508,0.0006930168187838323
175.4529122374425,1.3716831665435663,31.669512450072055,44.980111818760484,0.3319416506566492,846.2047863040974,0.0008101584573034023
199.2515137420965,0.9140127479929439,21.430629134735423,48.02956721356442,0.3597973285317831,149.3684606723889,0.0008122667766700184
149.2861491310277,1.2299107988403928,12.683349256624801,47.89641389312523,0.7019819163205101,286.2614850224519,0.0006867534253102794
155.89780245760716,1.1246106591363718,8.699327815978604,47.77074913550313,1.0844682269319108,857.0407350206244,0.0007268957138758874
196.13906194635084,0.7582108188930028,18.149730207407057,45.65120281414238,0.9907744590333849,422.4509186677581,0.0006890308571642017
77.72145114941175,1.304034621988644,26.577028202274246,47.85539509194252,0.3848979465804247,35.27007260877104,0.0007614101215256729
205.10907231897406,0.8673685105019793,19.02752142146724,48.03595405879362,0.7817193430129866,84.46283093381213,0.0007476111270800511
105.74609386678317,1.5196458806021882,10.208687083457644,47.08127215890251,0.5563479524068881,842.6702867591871,0.0007578434466949319
66.68732475340705,0.49102016928383535,31.707667681719048,47.708019107462675,1.7747537254881327,213.57883676933437,0.000691526596885383
199.19208392314667,1.439056936133797,25.456588246229277,47.23781979935137,0.3082860544984674,158.837702227126,0.0006614613796775724
177.38632627645416,1.1823575061575344,43.79744472873314,46.76880175321498,0.39716046266494376,64.08217195512853,0.000649139570536563
178.31250012973607,1.339915519021079,43.54944688285098,47.46265544128418,0.20991676211714813,50.80896337754171,0.0006620446175349978
123.07790206620125,0.8424780513855326,38.43014117050479,46.75642595101749,0.9417503471078932,78.70450297839238,0.0007032889732917527
225.60360876629014,1.287916782671424,21.121397169458465,46.91648548623144,0.32889269266947857,283.43701270997826,0.0008565757847479908
189.5175710386574,1.1257489676834382,17.815683955208268,46.88284306427462,0.04753666423920441,153.75171132258492,0.0006992604771300279
52.92657960291516,1.7386142724978288,26.680397999446797,48.86387270184512,1.6422139819220416,821.7887373691494,0.0008039706925203373
246.4456641837454,1.9297201045513546,23.991430581654182,48.8670608672837,0.4556245947728852,173.34365582803076,0.0007264835745992008
50.06096375804282,0.4745191460487128,26.181150903137617,48.683153938644764,1.729457473785389,268.0732427554889,0.0007765371247616779
50.066969911971874,0.5834556935724543,27.151810719114504,48.75099874227671,1.1895462695210433,373.5464834869026,0.0007821113705718664
50.00164284546794,1.334638085055722,8.669428654846785,48.986949854618615,0.20790433435108624,142.54278754194962,0.0006930886421625149
249.8867830572674,1.6018682625260916,31.613389123830355,48.90151199802095,1.0463905169927838,79.1668598975411,0.0007824185375467315
249.59588708721702,1.5166369499679568,28.134122367673815,48.86109491170153,1.6205277045967892,155.81938847470892,0.0007516147218245197
244.88629744286146,0.8905624325968133,15.837000523372527,48.69127689795743,0.16908747960009632,887.802293997351,0.0007994064374335353
230.9284439680338,0.8177033483943305,23.394097665791637,47.60015075280027,0.18558303580467006,911.334019613548,0.0008154715128814598
71.74125146692185,1.4996750450383398,28.41267371915681,47.08104241366402,0.19332658594033056,134.05057014414655,0.0007421318625982713
72.97365263194382,1.709263584562405,23.573416699020637,47.8939489336869,0.10869738698541631,81.2692016342464,0.0007481032576241142
68.80717759898151,1.711331731137252,25.702899763174198,48.131416411178996,0.15140079586299685,68.80141883693574,0.000719202287294322
89.27319285964168,1.5619211285929857,22.941149703951407,47.98162135558487,0.38902305487646016,251.84995095777964,0.0007406513035309304
197.96006571740958,1.331311696897726,9.923390752951365,44.088790812999775,1.3212082093874882,203.01906125238384,0.0007882566645930124
173.97192090492322,1.325422331060617,9.910897448264228,41.312565135357005,1.9170369462638073,291.2260446644993,0.0008010924459401826
112.43234510512235,1.265776128926275,30.25356757563048,48.56457295857611,0.17097832038094932,198.79720903890555,0.0007449671107792068
133.8728933339005,1.3457484831307016,14.30677626221578,48.47698903360018,1.0070882314403449,899.0497781510624,0.0007249271058116888
193.1527104778721,1.203856413916821,10.46563349982515,46.7013731738233,0.3667746788423742,124.56358760484734,0.0007564616972737538
133.6564751658176,1.0384150694445933,22.93519906702048,47.681179592571084,0.10258606782516645,642.0970225296581,0.0007406145467204984
140.5340593269386,1.250722649786189,34.41397075268633,45.69959271690321,0.14972480659836704,387.92529842932294,0.0007667195284387494
68.72452802486379,0.6912306360762522,21.11030476455683,47.70541783577624,0.08445640575298732,114.19786408127965,0.0008910127859742162
64.07652231502617,0.9275385528562392,23.157549407295754,47.70341725666782,0.08401205077679394,180.25935979189651,0.0009117932772043523
226.43111807388541,1.310229195505751,20.95397848210412,44.6069113807628,1.782987231221146,32.952204163335466,0.0006531421905743927
163.69205971963333,1.3131332428674913,14.965410750374438,47.1808510020382,1.1343776963444736,19.572742063579273,0.0006599411109872243
150.70185692135954,1.0142633831927008,16.52484601021483,45.60017557832384,1.0282180927364992,13.857169567739234,0.000737858055369411
135.3456965177123,1.064846586346563,39.27149630346385,48.1400190202183,0.05415067060733398,579.1835724939685,0.0006908979451505852
174.38257681144304,1.9806157809069365,8.803038857724154,42.28800256395814,0.6756790367878763,215.37659461407682,0.000857417897533601
127.66646336368714,1.9711142852032033,10.756397636810949,41.626500619413335,0.5420038933817953,209.0399285574801,0.0008624049839748006
160.57283074491295,1.8399428620552054,32.29083738685246,48.849829530501374,0.36471586649766435,254.97448100906263,0.0007414216697724343
206.65515889163245,1.2811915870810617,10.12529125296651,48.35443709356744,0.7326095753147152,240.56818537916783,0.0006341227579921196
63.01612004693829,1.002361320222541,35.40443401208791,47.679041630385576,0.32469138320091784,188.54036835991292,0.0008446737051912893
221.9283183071416,1.322496928298697,6.416379379807485,47.031792035175926,0.5176479962960421,81.43381775905465,0.0006554836707766674
176.0061782697989,1.5708473198076178,8.86141600258558,44.606665173915744,1.056603931008748,51.54726963087312,0.0006784333733478986
213.45753695770463,1.0273592435778027,27.53532901520129,46.92939168308273,0.2106322023317936,17.39810744380803,0.0009040395079103937
119.3226623250903,1.2188895737525922,20.8609323319472,47.03325123264192,0.434587766189361,14.393020265251003,0.0006914755983419723
104.93169217386418,1.2932709207652882,20.865701584194753,48.12396179580764,0.31818131510392483,14.219864939135471,0.0006743548879482672
145.2289233421397,1.4777605125604723,18.82510416248199,47.849070819053935,0.4601070052675208,10.640598980827095,0.0006470608417399747
186.82525895204625,1.453156399776558,41.24525524981759,45.76909895799389,0.13446868670685255,16.809780421157242,0.0006177565621687461
70.5153578169159,0.8599989512396458,36.384981566114995,48.725463273891606,0.1158369419618359,220.5885215597472,0.0008412684138074634
90.09510923684705,0.8474388220810062,41.45679195960407,48.8090797526008,0.10124188240692471,196.2914914844693,0.0008003463366907042
72.39665148714998,0.9336905436517365,27.88455627898235,48.95839995324283,0.8886650520174626,517.4116828813885,0.0007213950034553349
174.44223414427657,1.1501878162000463,16.965853224070994,47.992203579463826,0.5820428975882426,306.53095584727396,0.0008684128340452397
119.30377421310841,1.0572367178813569,26.148797938705115,43.85899016613304,0.8732673209052696,73.1755980641688,0.0006148353193131389
149.26890953581358,1.3538494424781704,17.237633957506677,47.66448005462758,0.4492018053157009,950.8968040835991,0.0008951863985853582
155.0254886231262,1.0342144201334396,20.260840610221102,46.41703528998248,0.5021174244067543,99.87225121377953,0.0006559015578697965
151.76708347347065,1.453273032823483,20.565012063047895,45.13706859598957,0.7208057144069815,598.1001442740214,0.0007163624964756532
88.89282748658545,0.746545766738372,7.472400904997587,47.35998637723122,0.9315828327363471,349.79875880616356,0.0007807009351134985
206.81634045176153,1.8257882643448462,36.76219102885063,46.21267442385157,0.4279062348444162,104.25539256159361,0.0007308128466342095
56.41992241880243,1.420788687990339,25.428113076040926,47.459432628167896,1.5662166635632875,373.3052512285072,0.0007552702965466019
139.07016988230896,0.8806074693118602,16.04035378867436,47.161820498735054,0.4490576647252354,562.8350857243447,0.0008240238514595074
140.44843020240845,0.9786032301975706,11.675171196034379,46.77900702720952,0.5001018770749317,81.23914745492256,0.0007208992204706147
146.94246503541675,1.0427846650904953,22.902119319202306,46.96863822694959,0.6948452580743243,723.0265204913496,0.0007693100354641522
142.03523249136555,1.186481395373861,10.141297261950324,46.45494499139623,0.4940434794104896,194.22473590499703,0.0007729136109411541
73.51794292430101,0.8346053210442864,22.514347408402664,42.95450967864548,0.45804223120830223,212.90595711513467,0.0007900471549555079
86.66938838556796,0.7699706945201343,22.152618610552455,47.49971848134043,0.3353439279899686,359.8865155355312,0.0007219785355201021
86.44434807702898,1.4874864176845086,31.364618544658267,48.178445711342064,1.6216666341705221,208.43177271022532,0.0006840627245929211
75.44832885922894,1.4858620824423705,29.94486245425452,47.08468015170227,0.9436794494039235,179.47269909229183,0.0006637938653651768
220.82490225808192,1.0075552207759904,12.382915587380502,47.202556758065434,0.45829535769046237,287.26897410797403,0.0008650780030496342
240.8679158030384,1.3433660620919798,15.314559875922193,48.59814431196713,0.4325077336560867,296.62519934421357,0.000782311070630437
219.0825278793309,1.3592377750902103,21.223281676301198,41.6552379081153,0.6145677049910269,701.7658632425178,0.0008575803330945687
94.42026153846216,1.134615890770611,15.390335475206978,48.4942542804643,1.0969220545057516,161.1641299023205,0.0007352682005046943
115.7291244800517,0.9584924650884915,21.0889847359977,48.66057025898118,1.7505552463602643,225.24134687789262,0.0007217097324268033
122.35271668845694,0.5248587002083928,28.233985987013494,45.91826214343375,1.6244356127057467,475.4504333373403,0.000737481264577217
231.25478384762508,1.7989614376352425,21.961873792672918,47.29940271058619,0.32128498298736663,533.5675580066148,0.0007132987002186671
78.2988190542567,0.7818867586590104,18.278639354158518,48.15262520350274,0.24052387428304942,315.2216124014726,0.0007342603002018311
201.64171855116604,1.1855599619201491,15.020786900889101,48.598052068114825,1.4963193900759824,711.6530913703219,0.00078699811385081
190.6720051766427,1.4088363912511588,14.500079340866678,47.94590111198975,0.9029095690600603,467.43049076609685,0.0008185483971199279
93.69744165113649,0.5677986824788734,23.430946433189938,47.4208687404585,0.5321035184250102,103.16419746816756,0.0008035244231053002
89.10666564337488,0.9715659375510015,27.08891094034543,46.82762094634751,1.6522976746357403,309.80724735962207,0.0008240499416477022
201.7867071649214,1.3931832330957834,16.02090646573108,45.93088771478285,0.12611303726186254,557.3841638004342,0.0007044834541344203
85.43037967155188,0.8343645159857148,33.322978514758056,48.09656199057658,1.6702378381749663,320.10053509060845,0.0007726817550813283
195.08569099953888,1.4154275576157704,12.3815818991985,48.98872492443249,0.2719305151795263,412.88930074587813,0.000734487231685914
168.04076052689763,1.4299124786245083,6.843851761726953,48.986509388406766,1.0481622897616742,258.8121539807391,0.0007365594909098211
147.42134306987535,1.4077902635738524,26.302275513310164,48.89542456098894,1.0571818721193933,958.757622451904,0.0008112819640337193
109.64558660790196,1.6951431021031773,27.16385950132041,48.355322436452,0.7991807576039377,170.2076050571996,0.0007557251527040068
142.53499899520776,1.4457385612568652,30.751313677845854,45.534959991542095,0.9305203848308362,93.50571582654895,0.0007567328533356148
80.23004104918749,1.6965590962724733,20.455740000973883,40.26037000862762,2.66801266396302,89.83637125701401,0.0007673994654235133
196.5319989658149,1.9793788946748918,19.317930754705063,48.738779164083,0.010562715046443854,50.05374912852651,0.0007592558002662207
205.7601074338909,1.8201189487556704,17.140112221630975,47.75869547583897,0.046226874532491476,121.84392140779462,0.0008746504101250052
109.29701460380001,0.47981517246017,30.197990769253945,46.53596848342555,0.5800565260934133,450.9062064224202,0.0008176124975111432
215.1702926994383,1.6516175540392277,11.247301248481097,46.121895495790625,1.1173823800298912,75.75626413643992,0.0007743269501778686
97.59934549764644,1.2999507466690432,28.481176452175504,47.137378783757846,0.3857320805097205,293.0092256635915,0.0006839408169015857
72.65408221547722,1.222316225382611,26.960573430412516,45.36722541324052,0.4527376432457511,542.054788538549,0.0007052196860700331
106.20901203374385,1.127304385733926,19.264298254664162,47.56747585095418,1.454516168737793,248.6398112112719,0.0007806739898799944
127.85992138239499,0.8233768181804572,27.98993759433022,48.15507944553399,0.3950689801116226,718.660587874414,0.0007509159687745692
138.34441505638955,1.0198886590495642,12.7958476872893,47.7984031105923,0.0949002401921464,719.2695727463491,0.0007864461741065601
126.0531223984476,1.0304174162785982,22.26776351580749,45.64579275933084,0.02482880120081259,387.83376979535296,0.0007238929545732148
227.94130166502921,1.571128396438603,29.9706641210484,48.095285961242915,0.049992379276838875,127.10340652114463,0.0006673666909713031
83.97682614529582,1.7965896298783353,24.049781292111582,43.45825117577406,0.6608387568917309,207.9261999797744,0.000890218767276254
118.68502652705936,1.464142738955787,18.3588472975972,48.60503003385225,1.9104325069147392,58.0037847243251,0.0008703617929855903
94.9939548634239,0.8296953745214027,28.770360531509713,47.443920108965465,0.21144578900937097,230.1844359884513,0.0007673994127352654
90.79899951720331,1.5862539520829313,17.654602210449205,46.818705293732165,0.34829657731134855,234.83829766005982,0.0007057755240805824
65.2632939305282,1.5885501975512486,25.99287339937646,46.67382954104634,0.3743624171768452,82.56011770530975,0.0006917177209910027
59.96227137042293,1.6999894072707828,30.493398894018835,45.65695240442117,0.1781984536601198,214.4138899267551,0.0006618705549856373
196.73026264840962,1.5665092633913293,16.2931862978287,48.066465794841,0.07234106251122735,83.97571997174772,0.0007845403467314545
186.86912056636697,0.8476563267227476,19.940059621536147,48.350358463829174,0.17370411348510073,1055.4016085194455,0.0008291168575588479
205.59602123991147,0.9276720605321598,20.567467097663748,48.11413762419952,0.12823144888207935,950.4408147207309,0.0008110775831206795
215.14582559155156,0.8491187998527283,23.432536770738075,47.250940238710264,0.1311571720890079,576.4512843609982,0.0008406697549998743
212.57556653050102,0.7968088509654623,32.2235902234092,46.596850466749714,0.3630827758399995,386.69043192415825,0.0007936162837001685
59.8544958760874,1.8284644252186937,14.226274946398409,46.923504702677214,0.3528791431598532,422.37316477925714,0.0007802586936759112
226.0448376497933,1.914296668001692,32.783196180743516,46.78869305435816,0.522367813185962,65.84973183693397,0.0008061539842438813
211.63324773666295,0.5338782831500613,28.99738930985029,47.08061511973495,0.6179611832956596,47.04096846328785,0.0008442087579296255
145.1779137021787,1.2981635127885127,14.04504557699617,44.43875317346673,0.2720801193209145,155.3146640139741,0.0007754560099410459
215.293924737315,1.4858984446035104,30.370165807244042,48.487389510148105,0.7036195024524008,107.92178907570695,0.0007339353566856231
232.51543204301527,1.0050488505921917,30.681713168050674,42.439484570024376,0.8561947543740444,33.09603017502226,0.000661478480166908
79.77021729443118,1.1172640372049125,13.816393932556743,48.406607487622004,1.0081116635299812,511.7426803568617,0.0006566735085680404
241.38648533682218,1.467753627066206,26.358480586162074,42.56264651336738,0.5163770896555082,494.3921753236874,0.0008052533229249672
168.57268736703762,0.7087565493426651,23.985174471188422,48.28655306037449,1.8276278474861516,596.2997192228925,0.0007429258464762742
223.17423458597722,1.5402767604149936,17.56387270958576,44.00252279323497,0.2847698847673058,325.337274191765,0.0007244649003625143
146.9311931614625,1.3950597083128942,26.72546528331978,46.95192558172565,1.471645966171197,549.3816337501054,0.0006559982962975083
189.59072640710446,0.9535895436776977,27.530984609206605,46.05787105620202,1.5005128306505913,615.6892942406336,0.0007244050472618236
81.06575206610081,1.0686729867871463,12.252388253869286,45.10229423010154,0.3433516644578589,288.9510931230477,0.000734508167420735
142.76149137977103,0.865181782077755,18.589115119424996,47.76472697843329,0.24117644861229867,68.5162718760983,0.0007404429295096986
198.76233628627742,1.732306729603285,10.786979990292677,44.79257837335186,1.3688150942107702,17.306034498887023,0.000890279858329587
110.30377540133806,1.8103981073762065,13.93120711855107,47.57775291628856,0.5846542065276977,5.394581748423582,0.0007105475021632725
94.91412270523838,1.721552773042603,11.281033314759087,47.443064176608864,0.5080707462059146,5.934803685979573,0.0007001432318642755
139.53572700399965,1.2298800223911481,23.439284992798086,47.75131382313827,0.7709810589552542,26.56812715062214,0.0007560753472090824
222.15664536452843,0.8284818120227966,25.462078127138867,44.17243299825874,0.8155436807570212,25.59394597192829,0.0007453866715202485
240.868977909323,1.0375082572099272,30.329375799400765,48.02777789004672,0.5772575120016735,37.011528846406236,0.0006590132099469297
127.6758377278235,1.4157407334635337,18.85850263282243,48.7784223951981,0.8950628230304315,87.21173478700017,0.0008982294475937643
232.63413247402502,1.5621831952717777,7.3402106472739606,45.3238642935183,0.7628678259488904,140.82068025837594,0.0006548898659113897
117.0835371629668,1.4678449642533091,39.176508906695425,48.97869437708414,0.5158243360335654,112.16013976376978,0.0009007640915450176
90.18703050631517,1.0748642507561292,7.276303327556414,40.690059933328314,0.7740551027486637,151.77402605576307,0.0007921368839441208
167.97929084416253,1.7334151313599193,20.949805698400365,48.56007076357423,0.2824932338030459,515.9196476130821,0.0007615712324476119
167.7289780503843,1.73822171596483,19.9474049007898,48.46477597825794,0.45594026027034784,321.56502182723443,0.0007582361103729436
223.49542850811562,0.7117587339170501,40.53907582131495,47.478292997053984,0.35916494124179116,443.21146088234326,0.0007572426315487904
184.64327599315672,1.4271634055838802,36.99873131544821,47.3240699491939,0.5976620705407595,449.95147776929014,0.0007625647952768295
159.05624937668935,1.320471912687022,31.9589529498432,45.2579576037169,0.9429115101421522,284.3851117460579,0.000705574405769538
98.1418617416413,0.8468763126240739,26.587017513506368,47.77635389135632,1.0712615045889156,588.9737629742236,0.0008684184383205044
167.733158511821,1.1037296858211836,33.04148131096302,43.35216580855764,0.9413872538435536,372.4502066178326,0.0008125014555603045
180.49190997391085,0.9437778667827847,20.19122803788931,48.53658426772243,1.288771836870185,32.496350747580884,0.0008049803783070261
112.91213619788634,1.41621249803945,25.071704963343905,42.632300540680234,0.3041774787435411,1029.8031737516505,0.0008098781698327282
136.47991643873445,1.7079868651597294,25.32904070244252,45.31160168294849,0.06352465068792883,290.3659862400612,0.000694733418934166
111.29304246348975,1.3420203009302718,34.55965761464013,48.56699127534811,1.236632179481879,308.50684940133345,0.0008278844691504269
214.32662022285726,1.258166714933836,7.688155369898802,47.84754770184202,0.36940686039895526,331.36822063045395,0.0006613834367903005
200.938854869935,1.2239165539418428,11.802100073467235,46.92243358354658,0.4420209817318683,308.8131398407608,0.0006900289386732616
197.4674834871168,1.0258074189058,8.98403653153551,46.86098688262547,0.33992586628770355,386.28636740750716,0.0007126906816780256
73.70076924468587,0.9835640899372832,26.329991435041666,48.18440019698573,0.1836399862896236,261.1016719436618,0.0008883612749404522
78.63554568958538,0.506447375959442,32.20193372731879,44.9964148379209,0.38982161176264263,60.81662244605994,0.0008203085962584049
95.70925348039485,0.8998313660875354,14.076832604035964,46.65928820136908,0.1845834616152436,452.32518132339726,0.0007427093436193309
143.27025097281003,1.1640632362144259,23.866019607701276,45.88424097995416,0.3298897386772042,197.71259007131428,0.0007646310515439315
148.5645752626166,1.2253870786004355,25.291296386280376,43.91167431124202,0.6039296952923243,162.62262530265275,0.000682876100694849
160.57835808033437,1.4195616594024636,20.702418868950343,48.797698954165824,0.6582834733054839,646.9234801789414,0.0008401511519767018
88.15469817830105,1.4497591766995652,15.120185130816546,48.978671581563255,0.2529550881073162,421.6302537063612,0.0007311600253868319
221.3828495792341,0.9268952510219844,31.64630333868093,45.34263913699906,0.3647568608399531,325.52543029170323,0.0007835360558292245
206.8617466420957,1.151027638247961,24.767033260593962,48.4411508400087,0.25071619282718705,606.7674908501047,0.0006979067297515217
207.2977950791836,1.0662752006438938,29.92010681109378,48.78905840738163,0.13314201043906287,1239.3592468314728,0.0006794157028846467
190.7204412540954,1.7655500877042216,26.5499387989917,48.78688283952597,1.0770529146017693,100.05014699504397,0.0006904645345095772
88.54355220648836,0.879972986220409,41.21977290733124,48.71463446784462,0.632091546319222,1032.7255709207673,0.0008742623560837025
170.67435050176624,1.6085364837303562,9.4828188208385,46.13631584650143,0.9990879028079465,73.86190377032165,0.0006388399666361847
175.70545867328474,0.5596749417199193,24.470383567053528,48.489892431917035,1.8212276361322683,205.3398320936477,0.00069689057419442
145.6357656017732,1.817366651450076,6.141862268287211,47.05913398062808,0.2901451992615064,384.58515848923327,0.000813519340911652
80.65252342363681,1.7637475228932784,12.442903587935085,46.32499293515746,0.09933784974247355,249.63218528960633,0.0007911600806871928
101.36890288422552,1.0622260046310754,26.45257283610027,46.052759602864604,0.12035200027738938,239.57413713664502,0.0007075220335366456
64.25971237656901,1.4970112897143528,18.01794922348165,46.31312933692641,0.34322420791177666,299.42893704526733,0.0007569480825571898
180.8336060574609,1.0226731965219227,19.28680046280079,48.75718981936674,1.7493249275939102,22.277327729096342,0.0007920451180929294
138.28171842337673,1.5892844736659053,26.455298372840357,48.52148058627115,0.13361937916677707,1290.3606484042857,0.0007408077244196965
105.30532431863783,1.3556886472902259,22.105332432649156,48.66713234556637,0.36734145369503807,254.4494539361593,0.0007055246070701668
56.345667969313126,1.1823355127229067,23.95967254696154,48.81107675405191,1.1463078086132297,620.4227685908729,0.0006891829576566058
74.67504580163857,1.3310497860995114,6.146895656450308,47.513817838322986,0.452953122986159,332.82647774657266,0.000807322728746975
239.89561922362424,1.4197465421636926,28.45581762600463,47.72814224621238,0.6413794583677733,549.2514601357386,0.0006686152105500454
60.81393257127654,1.301838419968556,14.044991664846787,46.499850350607275,0.34847262296815806,221.6929963097481,0.0007973450288809712
62.19320731676623,1.0925954359770635,12.598578852186455,44.821549323111164,0.33236161239212597,340.2457333398392,0.0007926914315847209
52.931511928717136,1.3040790096774768,12.886899367027791,48.03928649224143,1.1694460988619653,380.7923288498003,0.0007554530514162767
50.58555646437327,0.7292689835263088,28.348325705968712,45.41176899473732,1.0909096548089792,659.8997445533128,0.0007578211060214641
203.30456691448876,1.326126787605072,19.15138000152882,48.176586631985295,0.2678809203837894,328.86043223731576,0.0008338602775096764
224.09073111674215,1.4230890448413118,17.085436881154315,48.238884856562564,0.3461191096234812,385.8506498123901,0.0007919058361936196
112.91007679466904,1.1781940445090526,11.226181226936616,45.06961169470806,1.379099301229415,384.24114803702076,0.0007746384927422895
244.44612056112177,1.2722521608442146,36.54662625074499,48.274338646086505,0.3097285980982526,369.01980700381716,0.0007398522666039829
54.38172737266429,0.7432928610271533,8.05043210765761,44.24805577005812,1.0749556719362325,605.1920211357922,0.0007563350361009599
229.12851713947913,1.6121708558164876,30.79366390873285,47.648900751933446,0.6484083835011665,319.27633936721446,0.0006291074950953276
78.67112907138291,1.046321445243106,15.589387369195626,48.75994949148803,0.37503106075183723,459.41631268098575,0.0007411376310239726
134.9358050968424,1.273739076976299,23.219876884186483,48.57910899209119,0.6320951594959269,702.0999917748848,0.0007682635116915012
106.04215341400486,1.4892895869075877,26.011411423416764,47.41147572585295,0.5278547217072846,178.6655938039762,0.000772903772884312
191.4840364143501,1.7443978700985157,24.85913972098947,45.23136519835008,0.9925843339522187,642.1890902516886,0.0008154713371574185
69.31634920970448,1.2313523215826532,12.309175770584798,47.98220264267845,0.34796804895013234,357.77305154095956,0.0006979957612156548
141.20128499823193,0.822333541234404,29.596676437391807,47.752336151964,0.7693322002608175,304.4783158370274,0.0009328384036104982
148.72313811818896,1.5599075811074445,17.205053655283237,48.10295569650444,0.48194038717060744,96.69263981239588,0.0006817028155287491
173.3473000525734,1.697704951835101,26.74612715149592,48.7194637147942,1.500224568228269,403.3184549020763,0.000846445296270374
121.49885751158924,1.8677605891327387,23.951090945795126,48.94800845634599,0.11018045285014255,305.4731092276681,0.0008003316914126168
87.01485715057225,1.8946375461883207,20.595444072383476,48.80467418876794,0.9444021681379697,428.4286035981569,0.0008054566613340474
58.884468411784056,1.9083017715026562,15.109033823362747,48.05466195202709,0.09941234624122872,270.2289769094997,0.0007393245354804471
60.51631636708098,0.2674558988842039,30.799482143909884,44.60965972202689,1.3908007071391641,494.6108561422857,0.0008367387707647474
219.86910048694094,1.8846527044694759,6.852701360456395,47.620760995095765,0.47741555061028107,794.9321729272127,0.000968242668589908
125.2201089849565,0.9956832684980379,24.95696044855844,47.65321969034573,1.7665341852741445,357.8858006335492,0.0008429445634530445
163.8578030760977,1.5341472978745745,22.021464040682893,45.55164764690645,0.18962581297223294,334.91280118019864,0.0006990947007104869
166.13122491286276,1.6042467346038392,13.569554010935791,48.93883292779998,0.21948375510719126,305.21172991605494,0.0008108952717435676
95.15648056906022,1.4139475423206886,23.824067181406438,48.935110952634844,0.044852953592784094,272.9447479515916,0.0008089994903836342
117.73808245192663,0.8914242758320686,23.28687352538586,48.80582222185022,0.5432275710364132,409.44053335513894,0.0007355737342954747
183.76921019603213,1.726549229362487,7.6480200921025085,47.27665125172496,0.15711033368000984,183.70853455063718,0.0008093662702440996
224.86500372277334,1.4148106870088417,11.24870932607391,46.533597607042665,1.9587791676699233,618.9020701458335,0.0008320714652434176
95.21022741183224,1.0613307482712313,20.583595363471897,46.79869482260466,0.49556412721497145,724.7137308710744,0.0008100408280488003
86.16690077962488,0.6990231313657603,23.454704178857185,46.3557769417368,0.45412721989854365,981.9638663472401,0.0006763982513224281
208.85774151362156,1.5923457212718306,21.951369407054578,47.415140385137434,0.13390643596917415,36.09169834985975,0.000838309332311695
60.44973880019438,1.366241866310945,19.656187959374353,48.011541324486736,0.29429340411829286,373.26541418170103,0.0007567561993801056
94.31645615644591,1.6321034693973684,25.787623762482593,46.94170687049645,0.11330962572439661,525.0621917493971,0.000737187243228003
193.92636057969062,1.7225882913926092,19.8737976936567,48.02323712121403,0.8570063755925112,300.405077791485,0.0007560406984748285
114.70422416628483,1.5738199022900698,23.538788560933792,48.09704782341029,0.3794635877148905,107.84537536067992,0.0007130871829360406
108.94719106175499,1.5208351375877742,18.983214625143916,48.476352916317964,0.43373809161815624,109.08708070211503,0.0007095898486505941
88.55388331676525,1.336681415873492,27.135931348290725,48.54017107961721,0.29314585112551,212.42364842687377,0.0006983523922512286
79.67579727098064,1.2785655569170562,24.610215031876333,48.445546554269285,1.2598781843513454,133.4135225686783,0.000835638482203943
216.61803455622413,1.8113885136192653,21.199761939832502,48.59366476055773,0.3088646361181242,406.4531244335612,0.0007086987248418699
136.82333838458723,1.3697916577076723,20.846808240784377,47.632924758481764,0.562432948004252,614.0237717207261,0.000675797421317724
226.32993436198768,1.0265642012776333,39.53788053376972,47.32755760069746,0.6222814816047948,177.29554852935067,0.0007338834167784306
215.61272804383952,1.2620883404820962,43.45246368965827,48.02921565714519,0.4638229617910021,482.5323788342296,0.0007522542820120083
167.9167261302481,1.59590727540602,25.034940728150318,45.87643785756593,0.10576096561400782,33.19440043871672,0.000814767068216418
188.53447772858945,0.8511914716936391,22.461749025671793,46.06377620976572,0.23616232720186936,390.32245047789974,0.0009112150038580213
107.92593139690315,1.1037088840379619,26.85464666224281,47.143721559277694,0.06889530579358803,29.774847248837503,0.000779117047642289
175.0529879294735,1.3424882377914749,11.451056753112605,48.10791437812456,0.07251391574251813,202.91175704865293,0.0007354278743278749
225.2891564899555,1.706354405850678,12.323967231651396,44.44668109273051,0.07890004061237127,496.63736233880957,0.000726785443707219
92.40400069759391,1.185400672911759,18.713725689188866,48.23906885442382,0.6068612607224271,509.49286726947935,0.0007564546292684552
84.25292616809611,1.013782028525256,30.70619790593635,45.69240320889308,0.4039218634599547,422.44088103256075,0.000760774651803097
153.5472280344033,0.6824737535267447,22.305814280036458,47.48245845203118,0.5765668093831675,109.46012833648619,0.0008760225183944168
140.40745691705962,1.8987942338521455,20.797169095340706,47.23589895691377,0.6303661106455876,271.5049804315478,0.0006662151163000474
130.30145804413138,1.912029855872427,20.69804263096043,45.814462727701,0.8830891433849819,528.5241124165422,0.0007989509567623053
99.04929877947394,1.935840875108093,20.93800746798219,46.31553053278921,1.9333197541327358,312.5831499758236,0.0009019240205064388
93.83486924422454,1.937560808191276,11.663523657588778,45.7232833681034,0.5452057586908085,236.9362726448804,0.0009396093917221621
222.11916381729645,1.9162222638016317,36.19176214730693,48.08416015916169,1.2283706559726195,769.2195835369475,0.0007534768492281559
188.84402706122677,1.9516191130977807,23.492637025955524,47.95494223961906,0.4560146649532091,410.4808991205435,0.0007087508560031953
112.74127639407985,1.9369656256789824,23.412350753510474,45.27199436169502,0.8936131523593966,6.980612738510251,0.0008434535690979884
64.30679443759817,1.557305782807754,28.253839713032235,47.12415122106613,1.1391592121021823,13.417486781428796,0.0008018431111779197
58.976203467071976,1.494468199472724,20.578427352165786,48.520519627028946,1.0895987300819867,29.272005217178435,0.0007573093155842955
62.52937297004313,1.4275478086739095,25.703471674345003,46.683229375950134,1.7801435669215777,18.968637553580905,0.0007976721047818348
120.95302242542374,0.7784248232678846,34.05139475813807,41.46278994223002,1.9575876628643911,29.073001868389866,0.0007940455126123297
105.30692075987828,1.0863344595357212,33.85446353554958,48.415715127521054,0.3857788454131006,36.960864905737914,0.0007018609607952126
172.91952904788076,1.3824279427704174,9.915089384639591,43.249200777050035,0.5773730601768706,206.6030589919184,0.0008456553270263165
167.9150266528645,0.8416931353265344,22.196110380587772,48.78591045400305,0.26879332551989904,583.8796100198264,0.0008328137588309633
123.9217970560533,1.1039522904654273,20.199568781100513,46.71099104103811,0.0441267893723198,367.8095379971697,0.0007907429418420626
144.4989457213572,1.4993272760902343,12.049609067491392,48.00375947024747,0.6877018972753157,237.2893280245729,0.0007935628842833808
203.2997323915575,1.180197874091194,7.3475002481376075,48.870043399838195,0.6002714790215196,463.41973597179816,0.0007989117491523501
142.21761045611007,1.3084911437335784,24.806737358968398,48.822145679460654,1.2410685595357722,523.7609724784819,0.0007761356078279053
177.76182275080987,1.4591507539591497,9.4279782035274,47.56235897349459,0.8892504060107664,455.6158534397691,0.0007105483597962241
119.66490910161251,0.9142573523220138,33.57153701012952,47.673723819479676,0.3445293481012263,218.74573336879104,0.0007795535232108481
168.51629602813338,1.1065708887758208,13.184981111960695,48.16732083828422,0.767999253875879,804.2918668612425,0.0008284579718999116
164.3783868130031,1.2325546252177855,16.65094016720208,47.88546529728599,1.0913813937375851,471.0418296419163,0.0006893861303961047
189.0816494753936,0.954130722843075,5.028155829794982,40.65395020765703,0.682897890148146,301.1700723060069,0.0007561290434450751
149.08317062407798,0.9227792168637227,8.434678194919421,46.56244851659085,0.8442630202779547,312.20954812979755,0.0007286919543954464
154.43074971651717,1.5206268223026513,8.383058620941961,46.9439622630936,0.44049607740530833,225.39729281557305,0.0008468037431190692
210.94881295240378,0.9182853080037616,29.211904704557213,48.06221212254609,0.019277408609485975,182.7591388357507,0.0008280595992386264
99.58101584808134,1.721497470086318,14.628875773871016,48.47061694866085,0.2983569625261559,121.47577022883405,0.0006830545605206329
171.5064723218966,1.5221370530231186,15.80382971905396,47.99827717513978,0.29973242722653903,103.61904163095552,0.0007199568661717792
223.30277865828265,1.3510118292221327,15.828298191105036,48.392587172207044,0.8786551582184445,44.897632461593595,0.0007968628797985432
224.95726247148926,1.2349086680564636,17.22697755254672,48.66816701753528,0.5534020749487604,27.502572803531912,0.0007842544404490382
73.63998885803566,1.3217681459091353,23.07705520945848,47.606371885306096,0.08677960013377126,76.52376218656582,0.000732873960451125
210.39229529222368,1.819969877481223,25.00862486982978,47.28734743144972,1.4575953437422715,209.44169355499218,0.0007294729631899299
62.979668123622346,0.630939859845978,24.974005886681308,47.58603781802224,0.08904706073310079,211.99149021419757,0.0007869399705901202
113.23816736232837,1.1857836443880376,36.522925091279845,47.034408260861824,0.14738554980688548,862.1570264611181,0.0007265872254597833
199.3543924851753,0.8841067723519968,25.08472630270796,46.8844320893518,0.18556247993178285,153.92191241718282,0.0007792326222715042
138.7712915314108,0.9590495792082018,27.46848403239343,45.63521440425635,0.16173126610079894,124.87340083166947,0.0007628160223919706
169.69389200483596,1.6086083946357321,19.544965384277045,46.63528290159572,1.3902145928788572,275.3788195535621,0.0007331302839520504
130.35610434944877,0.9092508711118736,19.619989181742113,47.478589850936146,0.24738102460504244,110.43339240830966,0.0007764887696366612
179.36686743330358,1.5960580125827686,25.43884276548014,48.57861818817354,0.17855079676641916,210.19565761639257,0.0007090286341433416
100.23846812318578,1.6230175123004416,25.17375921709202,48.79634784092741,0.650216207520537,578.1427669733658,0.0006925524089315903
149.81522976244227,1.733237305817519,29.657058433587792,48.827892250246464,0.9659348208783839,309.77256523072276,0.0006997711939822755
106.08559952303958,1.6321993423116827,24.980819112015613,48.84934240050849,0.8845250693074967,535.8054489494377,0.000779448022131909
182.29101359231979,1.7900674423242358,24.45660835714091,45.592537125173926,0.6723701202123983,156.05808985653155,0.0007269589789082149
192.55633662637223,1.8575738439612806,15.956525206887214,43.72903991291271,0.3514903237453931,157.4568221449021,0.0007618146701477204
123.40109706202949,1.0031164003949393,25.84109010749438,48.397089902721916,0.9610166671981778,844.7542977625737,0.0008277919901221693
89.22689193957952,0.7966880786124713,24.90487076135229,48.42789369109673,0.37918214291050384,372.3198570148702,0.0007443018300174748
170.71920715283656,1.5823657433527138,26.928572152760882,48.921005639141164,0.1334271208007351,143.21842802800575,0.0007482080652293509
119.46298951148435,1.5402144077485767,28.571908085858986,48.42906594854719,0.3980803933199942,1068.3385852594513,0.0006972234775263133
117.73689991335921,1.3749111719731302,3.1012193526710305,44.30859040749126,1.258433702507841,128.40602314389815,0.0008742318928097429
165.78950044494138,1.7259203253346629,40.25951954692341,48.37621950276393,0.32466861806087904,72.48546607082098,0.0006703886984500218
159.41012623313006,1.7469171340658556,42.659889128734434,48.17785346800994,0.4615883768760508,61.23595546284846,0.0006706849291319616
199.60826855379702,1.567172514285332,5.086185763627225,48.81466154044615,0.96212272159878,514.3506064350357,0.0008271832934294564
202.13692064173694,1.5513875130185177,3.9170513550249133,48.83763364292992,0.9681797205203706,714.0591999419007,0.0008100013707007632
183.84220147010993,1.4768189693187344,5.61090733719283,48.7586749326454,1.6969765647787762,1021.8424867127017,0.0008283378824871567
130.89699371574602,1.4380442454713072,23.811791776666507,48.90259313148902,0.1608614812320559,331.1414784767993,0.0005968705801876789
228.65362167841056,1.5238336390094365,22.040089523807577,43.70423144653117,0.4808895566851355,165.92463580948288,0.0008026484774371786
179.87317578682143,1.6457278361194154,36.91617832965157,48.535459521194745,0.689637380469999,657.7594609467643,0.0008277906465468321
147.6516370721302,1.296613921454791,29.003476841419975,47.24939037453449,0.9108570002574002,1104.982927593706,0.0008348362187558888
122.25297969509562,0.8475170341782382,20.91241732990953,47.41330420210619,1.4544429774295233,23.305386032748057,0.000841038057541185
202.42685784443623,1.4402972923772501,21.990955826984855,46.38291323477068,0.24411739378934919,446.2821249386402,0.0006445282053466932
76.44351963095127,1.1231367655654316,27.356402007186798,47.229638160900215,0.5008159046278688,376.80868651002265,0.0007689667346969523
76.98512721962493,0.9900792843879371,13.582143471444935,46.42004464292969,0.5352276079963865,494.3087880215669,0.0008042718663992116
73.7421799151825,0.7818810079318008,13.569239342526663,48.24534191489399,0.4605255473896779,1402.3392953288437,0.0007631016852454034
193.2086152260336,1.821925845826258,33.67274513001484,45.64099670681395,0.13546049162685803,6.9469086005406115,0.0007951143225136705
101.80067623158877,1.488144844502648,20.264807630005382,48.975565556019006,0.35659358355955506,130.44644389606563,0.0006527400260000695
80.17444072598713,1.1931816293849238,12.17740754310616,48.90761442443856,0.4803287442428343,190.18177866796842,0.0007144973245452144
66.66189250691082,0.8320978177556156,17.487150370795753,48.47899824880069,0.7739328116701675,218.96960421999134,0.0007524051126725933
80.79754414204645,0.8230902286962353,17.244712846088945,47.52824840496018,2.4914325423603247,335.370130272587,0.0007975327756544284
54.15309839521225,1.5435985734791458,9.446348355806288,47.62484350407415,1.0445462037958606,383.9845859525086,0.0007178338555041265
94.42103305682271,1.957856642059699,18.386423183281366,44.19792377906612,0.8338462164470241,231.42407359147188,0.0008986427896304144
80.9562619081794,1.9418050448795057,21.693202473807812,42.33957205540415,2.49480517494943,639.777270919514,0.0008709360834894467
83.17632442155575,1.9684991669911631,13.779032092725602,41.05125318047423,2.3923047364492804,445.8504789831009,0.0008613654007784224
99.52888679079854,1.969051933292828,17.534063814387686,45.06911859774421,1.6016615304181079,417.67004875604675,0.0008499736069411607
51.02224457209281,1.6320604313218794,18.137602017543237,48.19125913003084,0.44542689613984443,420.56235126259986,0.0007757342619261468
51.343238570916796,1.79506761124303,10.891640373867894,47.664054384493745,0.11116436276039127,114.45205722675489,0.0007452578604156562
114.36337949091667,0.5871485128037782,28.56185823255133,46.09764521463145,0.5244392096945976,336.6490690962322,0.0008228937677661188
171.94062799660574,1.984741758868271,15.424148553464208,48.74194940061267,0.409634352504649,155.85214251289779,0.000715903490558577
120.48282964788811,1.5673031812185712,6.897123349128344,45.96795125564439,0.1042913453438178,645.4509997778201,0.000754184258274039
105.15601685572295,1.5499012087108863,6.237528934358104,47.58759592733622,0.12081782438281857,737.8654851283176,0.0007378496624131318
132.08308741142517,0.8685835192457182,23.328656358585548,48.684661498846744,0.1469937962017865,106.985313002159,0.0007777926577237979
170.32832052079203,1.582541487443017,31.38459578829152,47.49665285344476,0.2016049853004695,302.48849481043464,0.0008867368528484855
134.73768518149078,1.5525275587468965,9.847837328537548,46.21519788465079,1.0232994058758895,218.93465257553348,0.0006598438787324207
97.04533647388794,1.8867041311655164,29.706663652986215,47.09427774992254,0.4492281331111244,542.3896740863313,0.000745323349401861
188.54803823914366,0.49962284271281254,20.071272897080263,46.6808673774953,0.7651439869247124,262.31352052660645,0.0008268486075047485
135.6474750229975,1.1024664696198805,29.193444105558104,47.47286294039665,1.5382117026755033,1057.361767745038,0.0007955489085941398
140.96415612426836,0.998137624963015,33.13121997576876,46.80963051201353,1.5505503993473286,352.36159315635814,0.0008115596625866001
163.52155909005745,1.0350667213340512,25.816800549305285,46.31913148598453,0.6004216288533103,393.180001585494,0.0007790317326058664
96.72030442768553,1.0254917727292752,22.444258386595376,47.60393047498775,0.9054514341564152,370.6225562845683,0.000798037428053128
113.37123393623007,1.180159192065666,13.93395969457491,45.14686758045444,0.8963041080823622,354.6827982176287,0.0008762094060752218
83.91441308226139,1.7859472262112073,16.331166814960664,46.97335365201353,0.5579178300325998,181.63755012325566,0.0007841701346829426
53.96908615070977,0.9521916485432282,22.13897622539846,47.444818919651055,1.4127070619290747,121.93340949376896,0.000845356160043131
206.1415282663793,1.9748410961013443,23.593545425924763,48.90073064993467,0.17486775601376425,117.51837044800196,0.0006873182187533638
162.74542103212679,1.9412805292109476,24.25720933292221,48.840264850953325,0.8972943753621321,581.4131578399785,0.0007519259311480332
55.59267017467328,0.7840642194272102,23.15497728996957,48.45958675311023,0.5989912977373857,357.58838531203406,0.0007636503630761226
57.47330520749338,0.3593114398056077,32.710748673223186,48.083307140731016,0.6491755078618966,52.42056129069046,0.0007944800757532723
55.54524910318075,1.1061754156917025,31.223147247784226,48.436253409991124,1.1190686684914324,47.9868950979537,0.0008137386815442623
59.11015222189739,1.2520503947940307,19.541538127689446,48.42918633310141,0.6224947555809346,94.0239757084298,0.0008300605004773869
57.82974770528215,1.831708583916932,5.097460690853423,42.528437711980274,1.3675410314665912,331.8436274491845,0.0006324015940241494
160.2871506770455,0.9124706487539421,32.65496847799025,46.883597876939966,0.012136095371589052,189.004863450466,0.000822328857308473
130.72137788076373,1.6114784982950456,12.380287119449426,47.41711481883284,0.023663317793751398,548.2631611720016,0.0007514448094699999
78.51038303092571,1.2497846428835118,30.71389090316171,46.94643939730824,0.15764480824181343,361.72133692827714,0.0006785410558039973
124.57473141038692,0.8616992644928069,16.84239715204311,47.03794418718237,0.08978033816505099,459.4931443440696,0.0008750379239014894
170.11841656758207,1.4113689960677909,26.10218519732797,47.27726574006221,1.7730192972902992,259.8118441300014,0.000693464018978805
174.1135261294067,0.8984131600578531,20.113210096374274,44.05689429752924,0.8267118972628281,887.7531681704573,0.0008363242875431255
171.29839588123,1.2801403450772806,16.814866494090545,45.20618180735877,0.14601640705381566,88.82986586455765,0.0007921298549649328
77.65180830946596,0.9774766683001054,34.116655525635906,48.458448825679504,0.15468159059853945,394.3478543428209,0.0008065133192072119
168.66714515424022,1.3129096036239192,14.168707246768166,47.652283308045355,0.030989678596732902,555.4052946684233,0.0007562691202351802
131.77090598412428,0.9332660785510186,26.658884275550953,47.8772721696042,0.14002805423674897,377.38187617709275,0.0007428183719363976
61.44643769230872,1.4424334392475933,10.872263370610002,46.322073811951626,0.1866571717219165,307.24523873432736,0.0006858281594709362
245.4094533253879,0.9033484334035082,32.59068023018442,45.56176720782292,1.5892466677345811,268.3901536528765,0.0007989080973727879
138.99827611654578,1.2805006054122838,29.343575164934528,45.82368834292145,0.54039262426574,19.347123767991132,0.0009098356920153195
211.82851316208718,1.1221450308950929,15.557619512868845,48.10841541345783,1.1221547056572538,62.746222954548706,0.000650548070270511
82.39716470536604,1.7372532978575417,22.936811475495876,45.890057480729894,0.4173539853829685,842.2734466657962,0.0008160343913348194
209.97489114402956,1.6008905601972625,23.24511842514049,48.25130745204848,0.0034293009485574233,877.8528540850995,0.0009009418990365037
82.33563003832286,0.943666026040259,27.046472651633596,47.68010442547671,0.04183555194306062,80.55162884390833,0.0007147905554159078
187.67800488026563,1.526401351199457,31.90608195095236,46.34478189367521,2.592002514000641,1023.3884661774235,0.0008556092090108922
91.76074308790976,1.616453568449449,23.875835807245085,47.24798301532157,0.1549612179688309,134.49675064652067,0.0007276021801769368
77.5647386224481,1.4740804922819701,17.46999053945371,48.03692360376387,0.21005656243545495,290.9146449629335,0.0006586308194902876
207.35743052205137,1.0093671812208276,25.678285501586366,45.85796371757425,0.5452147760568506,284.90985939262544,0.0009316516635314444
153.2136278107114,1.1979671439701844,11.381072119301159,47.52928958866951,0.02853277252673635,679.737289807989,0.0006927443644636638
204.63285946957586,1.2399806706416385,15.925026963059196,44.56733652482788,0.16502566122910098,609.3379409019443,0.0007719807734770637
98.79642898768512,0.9886373462319814,22.326904420088376,48.78688544417136,1.4181444809314214,274.4576783728211,0.0008796603137544474
174.9288548121815,1.2427130725034243,20.575811711017426,48.42711386499681,0.2516787282882913,333.6022719342576,0.0006467896309075283
199.3069025448692,1.487582762395303,16.08276670065075,48.66230903068265,0.09980434443143103,241.02407452233555,0.0006048873735279416
97.99483699470984,1.5098735980576983,27.463170561752797,46.19421591104078,0.05121751539914713,404.9371005877687,0.0009879477669580549
58.18146454942097,1.1031275774016747,21.060768349297867,47.888361737029186,0.008714845681309445,248.57786601944963,0.0006893912872981127
164.74434440287172,1.1015791688488674,11.984939452296217,47.64382819194105,0.02277805077753197,262.0607565646546,0.0007448406230166604
164.74434440287172,1.1015791688488674,11.984939452296217,47.64382819194105,0.02277805077753197,262.0607565646546,0.0007448406230166604
117.21646438638011,1.1752550048382122,18.23164177542224,45.95175303564733,1.87228409653974,251.39175171811831,0.0007461524961353886
118.77180031815719,1.551805570779519,16.689756114019247,47.22719679704624,1.543581614926026,392.5794069086493,0.000701493067911337
146.66565494293084,1.8151422416713083,33.93663229630379,46.856670256453,0.5230836741042726,573.2666798863401,0.0007452050123002938
150.2953655781581,1.672553537650003,35.38529875909092,46.231141635067644,0.4692265635060705,369.3310713094429,0.0008733637498969562
146.9434160266803,1.871690494540103,13.78904455317535,48.458356075790476,1.5572260811066485,487.5636255197363,0.0006700745166910702
127.40937968146696,1.7579579473794738,37.2927144722295,46.55579965393664,0.4455820231155782,393.5470545436425,0.0007905816990157173
117.56710201183019,0.8835629158862816,29.3222050051283,46.10058965475756,0.5660148816332793,369.93618009690283,0.0007821753969682662
81.45590161350886,0.8891973164967092,19.85838542672759,47.09998452173005,0.4962040459848314,596.3009030345897,0.0007701342039669721
66.22999108444286,0.8522137184759017,27.788168593320993,48.51006647447058,0.6360324684000794,176.74878826976408,0.0007700150388373252
219.91501422775625,1.297892489760427,15.167249509384623,48.60589934730869,0.23831065955575206,111.2025234968665,0.000715615157651332
71.75983644423818,1.262420659682295,23.177943021977875,48.66633309653935,0.6095746987829289,589.4916180918322,0.0007594959492362211
215.89326768951688,1.6358648461717291,19.358821724250962,48.79376914057829,1.032229757577416,300.9293616981563,0.0007450448303322267
82.54709684027105,1.3047720564092602,16.804150553149572,43.85251646046743,1.3050926141314818,238.72083959856525,0.0007044865651338733
236.3554409790219,1.0253269577718334,27.404337087027546,47.86704609872202,0.3940050394613781,363.6797064794085,0.0006815312653271352
