a1,a2,a3,a4,a5,a6,sigma
146.74857847598867,1.9903886967167752,23.393254864195683,64.58487737008261,0.08309801187504255,206.66841676073616,0.001495111378450661
150.90501093996363,1.9958428877378016,28.825135789104444,60.57718064868476,0.11431806108713051,301.13009242955695,0.0013231455039562107
90.36972203333563,1.902200974317976,17.746350754353145,71.00362093525713,0.7521921825787241,904.7112559146611,0.0013374419259423076
88.10170533644371,1.9931077569815459,42.400889175870155,68.68280384429505,0.021018691719903754,1137.8617320930857,0.0013307417219530742
77.21287986190207,1.9936312151842976,24.833594380925977,67.40652273548316,0.05019503272906913,250.58811461777515,0.0012553182195323357
51.657652436750965,1.9572126205735954,30.437041728326044,71.47222825513977,0.7838469818308497,429.5880126363542,0.0012405298257873738
212.9093565884057,1.9599399385287821,21.76885078800078,65.6780077483015,0.29979201604850353,1020.0256661731776,0.0015427414285909874
119.01036836156706,1.839522358667538,31.912373856181848,65.60307529528633,0.0752726834378082,338.2809481857009,0.001455572199575009
150.87033706872063,1.8473239004427984,31.554293862730155,65.12563921051735,0.08296471445189176,335.69684699138276,0.00149239627309733
125.80885454195204,1.9203423893138358,27.227571586755378,68.94816964916392,0.03553369836332017,544.1338125704197,0.0015156665600248764
141.74004561923783,1.979526226708962,21.53771746997468,65.83263419344203,0.2946976567078581,282.0467195104061,0.0013839965604397204
131.87545987426523,1.9936997357021267,24.39682669855569,68.3142344825595,0.4772928573400552,1040.711834797286,0.0013275390225628702
162.3293759614985,1.9799441652706964,20.781583524270708,71.99296418475737,0.6948824023785042,325.8479425914848,0.0012583642714333412
151.57198334120275,1.9795431533856456,21.28131955907333,65.34217930482652,0.352697599853526,307.32503028360844,0.0013777466623898383
147.48096175804199,1.966972577400308,13.873338244433036,60.674476114174624,0.059247235824992965,484.378676826936,0.001286335393423866
191.32171575746796,1.9059690987672862,34.606652013868036,62.51585329371255,0.038641369904063486,210.1240994374991,0.0013815195336533705
192.48327065252806,1.8931273908660018,14.505813936295505,72.32530179917471,0.37789803331431754,1014.0605416221377,0.0012885584133913183
180.09670817260522,1.9801541648228496,29.726593266344274,72.56700991713338,0.8577687316278422,371.0509174162977,0.0011742560245982456
184.896481034377,1.9910963404619988,29.340557575535485,73.63492775498091,0.7156988548368591,940.8212227365141,0.0011388325765664847
50.70689659388198,1.9634851465506902,39.639727909174276,74.79304950415082,0.6200296200308818,1061.3032797480334,0.0013827438178354058
53.289101464608564,1.9336784924788566,46.20599620243092,73.9009894903505,0.42154998736504157,1009.1871073495143,0.0011942475922841424
57.8614876703424,1.9462324215570261,45.753049872970344,73.49582551938626,0.2897777192979697,1236.5042151639618,0.0011755862726332156
57.1350767832818,1.9012262676004252,43.86881721401023,74.61209120940302,0.43405648698528965,1046.9516867251866,0.0012541554677300548
127.20827747835546,1.990846844016719,7.92645575343211,68.04635681074285,0.5228841427857311,790.0267378253485,0.0014641587366796397
135.1703705097361,1.9679323525981527,16.161640924833755,66.98834209498065,0.2602914807763916,410.75447212617166,0.0013928249477532391
140.3717012242097,1.967868484410637,14.805476290545972,61.576596952435885,0.37723840708385686,293.95709007825786,0.0013995366838311634
198.07517327143057,1.9587445216965733,34.57109331507324,69.04751149392762,0.001646555997856653,8.4817174586955,0.0013608241887682019
150.32154617766412,1.9528004126235945,35.61649529032938,71.21446159302522,0.002755606928687468,8.425662723699118,0.001397724774731227
211.08906006379183,1.9178769463439302,15.674828499330049,72.54152996406144,0.0031379440761325652,13.8657498902708,0.0014675740307450598
101.59804806163874,1.976227513576859,29.248045141626868,74.60657515434674,0.003549367660097125,1835.3624440934534,0.0012014786223631985
222.151706984027,1.9863839812521527,13.023160119638197,74.90244048212507,0.16306779704875568,48.18938524674437,0.0011982751988307036
173.74633720206342,1.8824229924079168,31.21500684185855,72.01259950767349,0.2080968036698203,16.42987265343029,0.0014171586049192663
94.91339586085938,1.9715261046144534,30.18868615770384,73.39869326827414,1.358868942590217,49.44287706539659,0.0014719854021249374
157.1465604539029,1.9704792054432254,16.44409113239987,69.5656393652016,0.5563430613642767,52.84744895870383,0.0013894443176401747
130.79226791741365,1.9792127847980794,24.484104682763125,69.18308051417408,0.4314637276399983,1364.4156968758757,0.0012815112890361953
91.29478368716828,1.9513946234719362,30.805546215649592,64.50452547481076,0.289140230231971,312.0428103332168,0.0013471396177699134
147.73941549305871,1.9508407578987026,26.64495868448763,69.93977884712287,0.5969579279052591,85.96253419378934,0.001517877161309024
102.01329259268512,1.9971960468432604,34.35976598728263,70.85060062058405,0.7953973213067824,181.15021771483003,0.0013642092462449473
124.29785860522392,1.9980756204544907,31.091794910470355,71.72574084411491,0.9871020310327323,172.1389482004182,0.0014625494591017224
142.5985039661667,1.9981430594883862,42.44841190695632,71.83843037402073,0.69525370443976,254.62330437939394,0.0012506399079299049
138.2406518789766,1.810314682824228,3.95426204075744,67.62164460557476,0.2556931452798121,558.5523830207753,0.0016653862175802754
148.83259919896153,1.8260884386318756,3.6129008060787227,65.94422307564959,0.13933155269253314,490.623113681467,0.0017045976308896732
159.35221299722767,1.8689505675339908,2.603349498250416,66.30205724121257,0.12865874892071275,237.9324206593669,0.0017475226450628261
170.6915884817061,1.8537986282553978,1.1891978598473774,66.49180157062845,0.1599772208434052,271.3299680173661,0.001763695505751513
115.57952043006506,1.9884288554091814,29.70991063902876,67.55536314993753,0.1363589061899704,424.2986713993831,0.001221004754531001
215.7589389399567,1.9839770244649724,7.710143601112615,73.12205451484733,1.1856782218338238,1068.6115302595997,0.0016724868036522022
219.14608308804102,1.9771419400706136,16.26842732580206,67.13048720516795,0.07325961033621421,606.7828576068686,0.0015320418447908222
54.42715541113409,1.8842748041561903,34.7689086775834,69.61540632432704,0.7190667340556031,704.546527637415,0.0014452235313822588
62.456967761306,1.9807527723848493,13.104510054785054,67.60495177914841,0.17752176343989834,684.708195627562,0.0014497195690999422
95.84364041058551,1.9689412581202201,17.783346063175014,71.12885386313455,0.2984810084881207,1289.327977893348,0.0014970074808916768
93.8038345794492,1.9370992592053495,22.584686815009817,69.73068019938712,0.7442148494296807,243.81065392406825,0.0012732434412898897
87.03292431610997,1.9827960728511276,13.324778971985124,69.97343165303259,0.6978010368017458,277.78663284791014,0.0011622803288766474
88.95166887898247,1.9869355702870055,11.885384715628089,70.81754384029595,1.0725831275183593,215.08146705778958,0.001150961988008081
207.40386736829984,1.944191294799668,21.565085877441035,67.75023398544933,0.1237129535281321,1016.5552600046476,0.0014678414058916915
53.30800171049399,1.970966328435837,24.947623030870233,68.42821793275924,0.7565324133264616,146.1310173964893,0.0013683396511136032
114.72083859036853,1.8855231671317638,30.03560503139501,72.96064473807449,0.6218111188535272,144.47209266971154,0.0014075658848571823
169.9622715227265,1.962477437802941,17.014239521889017,68.33286616149248,0.21037692965652874,455.20563942571135,0.0015148168460605634
191.76481837759883,1.9586858202475161,13.759518439429113,72.99882625115622,0.33665013638862346,198.27136250073434,0.001521097436480385
149.78337856715754,1.9527897906487894,21.215466106630856,73.06414364771827,0.1119528706225751,218.858657529367,0.0014049634110120653
87.69915993775267,1.992323749120533,30.105964186198246,73.63932242794408,0.2855695464781506,745.018524379707,0.0015908455115996778
91.82912872808875,1.9976400781210577,11.650531015156753,72.32985216899621,0.6259869767273379,907.7423662197577,0.001488927329228429
60.964219419519694,1.9703478567780972,17.66413536141562,64.45833757915989,0.14538189433187249,581.6675998526937,0.0011691534872472072
149.72894682268964,1.9454522869020998,26.408014639874867,67.79253651916926,0.2350247310592592,869.2524675111708,0.001352033207323753
108.95863845863819,1.9765747201697086,15.43456787168802,69.9164741742354,0.9542553373917546,782.7182509409834,0.0014181677838867991
100.7026166091859,1.9682331452851336,19.813286142080077,65.28253797844431,0.17848227422029728,787.6759260886506,0.0013361075049349
57.45740129074361,1.9635744796533543,37.15145985365342,68.28022589140487,0.25162162249909875,991.9064632877827,0.0012264628503480394
74.320076511414,1.9644500889793177,22.04683907326643,68.13540290469258,0.1727034872214028,1063.0552740222608,0.0011844896645609067
175.9505784170533,1.9273220867827277,20.242919212729678,62.89460137076514,0.26912060612604,575.2186168553968,0.00132159401507807
147.4973939814521,1.9321547604741187,27.83242975861537,61.28313918772673,0.05751775687213638,278.8784436383712,0.0013101382740109604
150.20672227663042,1.928416500994162,28.31828775195593,57.98492429200495,0.048111764035039306,252.7743427693489,0.0013083031860270902
108.87528786706557,1.9437050010988377,15.946402245361273,63.57255350298228,0.08854455345167217,480.33068840165697,0.0013717543186080362
117.65780356590292,1.9352297688059112,12.882965277765429,64.23073576953703,0.1083985984888968,444.1977831401937,0.001446076653640683
88.2958005212479,1.9595658609899798,15.88840200783617,65.40068185619705,0.19698728616971076,615.1362009958007,0.0014606553340188186
119.60273899273255,1.997358233535576,31.124642210782905,63.76278298144088,0.2891754567300472,591.4832250587702,0.001271558316945478
63.798998712627544,1.9827233341833161,19.101563294994108,71.96975242834665,0.2627085808571618,887.60776634299,0.0012818401149338407
64.7245533535958,1.9798102799894441,28.332170690753532,70.07605401318045,0.19308132644695888,1039.6657718592667,0.001314962405145146
109.30109825786303,1.9578917643023193,32.37146504349499,65.66533707457938,0.26764394478686104,482.0231295406386,0.0012778289351597332
187.57153342290502,1.9752400308495068,5.968732481220601,65.77061381442304,0.3314909631703673,112.57208620704925,0.001399082823702822
154.48928408463013,1.981487092383138,4.226467167782814,68.36772447620324,0.17129512257249396,57.28429180091836,0.0013729748113126446
205.7297306986018,1.9840245358571664,19.613545337672146,68.6803296700999,0.1895807495258029,197.29721246991147,0.001317094369702927
209.9745111030231,1.9863599610864757,21.20704343871726,72.74989417265506,0.791942107457041,92.10439142343522,0.0014420144979920137
112.63421546700798,1.94667511535992,16.81277237845116,73.9243075847509,1.0773342481275126,61.29486966268656,0.0014196047526560444
201.8482283601214,1.9664046536285493,27.7843820297049,73.10281664247745,0.21832654108330438,206.39214609584576,0.0012742479202188341
89.20567470406263,1.9612219935929889,32.734273537928246,71.33179747813645,0.1717081643515657,174.63594927031048,0.0011869646283584553
63.358554811554924,1.977872938258386,38.17965847754887,70.88313160752915,0.19844496673403164,747.6789860596915,0.0011411867521938263
83.01407503857122,1.9611158294402558,34.58590237234882,65.26497750607122,0.09552097437669001,870.2008376221887,0.0011703705693945246
76.49139383166137,1.8424459671016382,37.33313659895436,71.10283782015605,0.347401926870189,844.5611231794368,0.0012031904463654475
116.9549319255799,1.998276936177532,9.672780279258998,66.44603737936005,0.4620893744528871,570.493295251312,0.0014906637708291238
60.322317784187675,1.9974138952060032,29.053769586880097,71.44529573964282,0.46155148086139625,1013.6510722521978,0.0013938612062920764
135.6860791443293,1.8871627908309623,20.712750323681494,66.78895839078531,0.08715858638843418,940.0355398144656,0.0013353608121733822
149.9027800772125,1.9843055677169623,24.735841507625913,64.24037442270459,0.09939056988363892,392.4260195341643,0.0012703867695653141
177.00720806174718,1.9827437677345852,18.994672019164497,72.22763911919648,1.234672878863119,766.4564330032721,0.0013703520589645652
177.3723201299106,1.995813591660313,15.523620842966235,71.37504773539102,0.3685244676330486,438.90630368696793,0.0013734187532423526
186.71851824804367,1.9925610583057838,21.616074676741633,72.64070190955275,1.4091059194326938,393.59352926792167,0.0013813906362985418
218.02273104391801,1.9978050055093592,20.501740806034228,70.81244159282167,0.3204412393468091,328.42629877913134,0.0013046726498295387
176.04583599180748,1.9977456250639671,34.32874004587269,71.65542448447788,0.5124695134038622,276.45238507558133,0.0012792290852211945
234.17217633259605,1.9978026871414911,28.951811803240872,63.710190850725056,0.3146208429144311,98.13525152301834,0.0013128434265627302
248.35287082401314,1.8691257816142557,22.940163706577728,70.88694622184707,0.7051364494842549,1421.8640911247974,0.001364574720624606
248.98904685926877,1.976738147654155,28.422333713671772,59.03617278633919,0.09033005905711596,254.2011366713566,0.0013002698370586123
248.98904685926877,1.976738147654155,28.422333713671772,59.03617278633919,0.09033005905711596,254.2011366713566,0.0013002698370586123
249.46263699600834,1.9776690305100726,18.000038689667882,62.428283089793005,0.07136032823250993,217.81273393034445,0.0013108791352076294
58.237734663593194,1.9556485166461994,23.00781472925413,66.8505641965741,0.008187036668971264,624.6027105118916,0.0014052662957224913
55.16779460795708,1.952225425667149,32.25441488882218,62.65820323260669,0.017386503390989818,734.981509264159,0.0013566405173031223
220.62225266228657,1.9856794820562473,14.862135212998046,64.66780832988267,0.17697747074784093,696.9886405167476,0.0013520531412062858
131.79046425440643,1.9902852240581113,43.95402390538985,71.6870619951778,0.8288433713763281,465.5281292329808,0.0011857803376116307
97.3826737972585,1.9942666139556473,40.80218189496018,73.90091651229343,0.9877667588706283,504.264946052529,0.0011673556432806485
191.93816831560534,1.7479792077101317,10.088426829929862,61.05219684486403,0.09983190884632182,622.5788622396007,0.0017375528001893402
75.40383512665265,1.9946567328383173,12.099344783556822,69.67479508380075,0.8010591846487329,350.4583260814214,0.0014382550922428482
87.5599321521419,1.989731777803024,14.508932272539807,72.31287561367434,0.9524349336479742,702.8145377974485,0.0015037119606932086
64.44333703837871,1.9924997984769617,15.930527338031663,70.18136773428628,0.3490662433139306,142.15237430019485,0.0013582115732194795
52.49820009956738,1.9904970304844527,7.92229553959661,71.89789401481241,0.4804669058005861,49.36480070971432,0.001501050387502945
70.54242335697418,1.9136653418337728,37.68654604823787,69.5839116693717,0.21368682286489452,1516.6808582977742,0.0014065071862488184
110.29503418090489,1.943520721977381,20.23964585467227,68.55082639511507,0.09270826279618152,536.5784442894958,0.0012462699238862294
178.38953677978512,1.9667123672127353,25.326196004008754,72.31057544367421,1.1543367441885235,807.3153780682615,0.0013570304601820888
151.90302264024652,1.975682336152052,31.795836886361045,68.08906517341472,0.132425995700778,650.1943597589,0.00125865489779503
229.38213004008617,1.98363241648651,21.447746079084688,62.92267123473139,0.09462221718733513,481.9743987177368,0.0013004968798964547
215.48059221405998,1.983812316418698,33.30893850972871,69.55546148011578,0.10617341119252852,763.5727567277852,0.0013583392011489084
204.24496994269487,1.9738425676154967,27.795298296716233,61.55650854450514,0.2540326860274262,364.5992754141919,0.0013585620441545112
82.60867394107925,1.8834880652060477,16.428809054491936,72.99932938757628,0.3327045985231605,339.19806824158013,0.0014430385616929268
79.64776954460307,1.8471206923155865,13.085197102947543,72.84025515644214,0.33673321962707314,258.4249453877822,0.0014744622696276218
168.8143737175974,1.9123518505005144,17.65279659039133,65.24516715998375,0.1088628964963531,317.63092964208096,0.0013446521711340345
111.70261237224517,1.9413505621548484,27.493292957157696,63.10182295523929,0.05291324566351924,503.00057955492497,0.0013260165638114582
152.5268192947744,1.9280168332324616,25.14481826193095,62.683807394436364,0.12302280851459775,455.6684563311403,0.0013010774371348538
142.28974523905515,1.9718682128877876,16.054598483960067,74.04057388513401,0.040281500934337376,171.44903500216105,0.0015501748217519743
179.30609527838442,1.951940719110811,17.80934868861495,71.28752513509018,1.1619791811191034,427.77754783908256,0.0012141501531433207
176.60272229691313,1.962649852969079,21.860842978068646,67.93814602893352,0.23312779972426412,1071.368758284371,0.0011643148792808884
56.60342991346267,1.9932214149782626,21.478739106406096,70.10534062282304,0.4253799812705284,858.7569745857016,0.0014041641557276654
51.64813543401744,1.8457217501399361,19.01892484313916,65.91637367773701,0.22097525398002893,837.2514102005282,0.001123166247001584
239.04106641116965,1.995121453276852,37.2056414350083,72.43069966273747,0.8729072242254825,780.3800886353088,0.0013645800533299466
71.3249837367416,1.9622125128453658,19.74114772905634,73.83248971996878,0.6679970276505584,732.9845382339781,0.0016191751248600126
90.84209323104959,1.9066570472835904,19.41643644290382,72.96444432737138,0.19698578560928573,732.737864126379,0.0015525365468356492
89.01437646837192,1.9724653289637701,32.76362657941686,74.60197368469943,1.1599598404053921,926.297388431009,0.001569804140173952
106.06062466804474,1.9504417819060975,33.37651750957924,74.35168024281835,1.043680301472263,862.3641397800525,0.001668130003747206
155.55799475082608,1.9730295411994567,13.707287321437644,68.93713078108735,0.1313463164282445,596.6278943246822,0.0011075790673119354
92.43570141551778,1.9729952427307214,37.7306119947112,62.550733928192386,0.26597528689029504,277.58869749324896,0.001505892367404018
163.89171468945543,1.9656843850875803,3.167621573246151,63.312476133195354,0.488802897266358,20.921505887607015,0.001294367806860223
142.35858049649477,1.980423733226494,7.477417126029604,69.67200885098596,0.2776468584151686,47.71868917708655,0.0012786392406363063
156.7527676830368,1.9778205102860165,37.4314780018501,67.7272298064363,0.8962641357650775,9.34903763914222,0.0014826688147876518
185.36444862328509,1.9837297237684721,30.07578268665797,65.0967332622152,0.24558354211367825,12.217711708280039,0.0013675421838323142
128.66203058155858,1.9947652416354251,14.690871493351022,69.604070604165,0.6920469586335534,6.562067040230693,0.001224114046721851
144.67696489738537,1.9872912257679223,21.595194317725134,73.20944247033057,0.8763579331691719,8.205889067188401,0.0014235710953578087
242.18496600874664,1.8633906598251821,24.699234883506563,70.74608249113106,0.9076492411594189,3.5554749573756936,0.0015108346828787088
240.65756324096515,1.8767208107100073,28.622083676774064,71.33812590633407,0.9564539314469105,7.987278942789074,0.00156028408206543
57.97111234857574,1.9793431304637885,20.708524407913846,61.54728614919799,0.21705620671126608,2.18775411050515,0.0015076349000443657
241.65380728268,1.973697622211052,28.189787825668194,69.61971406444462,0.8837379461311431,60.51091397743663,0.0011840037639055453
212.5400335596374,1.8412555712290648,18.75000583585213,69.83809751364622,0.6326849414481529,70.43378388146942,0.001139570110916297
225.87602458931582,1.9312922084124302,15.235088363767401,69.10383651056031,0.3658212974730733,40.45680422905014,0.0011775759946586748
135.65175842526503,1.988427773986875,42.639646919481486,65.65143353025285,0.1898760997720224,95.78250794999968,0.0011831450229173686
158.9901752925581,1.9721530766429252,44.25330334881028,67.56206199970859,0.18953488345085998,110.16520500691271,0.0013002955583540285
137.3831715147662,1.9578775496985663,4.228207877471847,74.11925728410094,0.8660710027862629,195.14943438453486,0.0013883189437034552
132.6413932115473,1.9562385536075526,1.801879256100421,74.31016205652953,0.855223450778294,98.91263000563731,0.0014861969284133305
171.5026384858173,1.9541639993624085,30.21927154491265,67.47068012990732,0.4056719460967166,1323.3134340615047,0.0013576056199813937
200.14333879534064,1.932243497335534,26.597878048039604,73.69103100327412,1.0586826535571183,449.8682500744479,0.0013364105659515405
116.3395559251441,1.9758898068696606,32.969354821324856,62.05485605818596,0.20291431674506175,601.783216711673,0.0014032039117367779
116.3395559251441,1.9758898068696606,32.969354821324856,62.05485605818596,0.20291431674506175,601.783216711673,0.0014032039117367779
116.3395559251441,1.9758898068696606,32.969354821324856,62.05485605818596,0.20291431674506175,601.783216711673,0.0014032039117367779
171.3854735232483,1.9427057786467867,14.184596788218348,72.27260180778688,0.7054225505212482,740.1413415433058,0.0013162092973053846
114.47392388601627,1.9764693980026158,41.23150800213933,64.18500917539059,0.09211122715270689,457.89730754786757,0.001550074132518672
202.38248791268347,1.9046816508384772,5.755938918167124,68.07714820134237,0.6843003362802992,217.9187506940104,0.0012085622206813292
85.01869242761173,1.9733387552926116,22.04195581458641,67.65107915173543,0.15752695773947717,1010.1911351934104,0.0014179874236663564
122.67135429133022,1.975878225949393,13.771965383903245,64.02875029302655,0.2690259840559278,554.8200780645597,0.00144185909268005
130.42954985795657,1.9370319199902652,33.05199515304972,69.76117725554155,0.6062203100567554,878.9372458963543,0.0012509353103761804
173.89232545854875,1.968259235978332,11.58896016837101,58.510865273617796,0.1595336581036139,122.72520556786606,0.0013061824645683464
78.51894698765496,1.9814848764370525,0.6948173256595733,64.60175792572218,0.5978209247972933,257.2044320807528,0.0012074601941693402
109.05606988649069,1.9997253893061058,3.720974503584731,64.05852613265496,0.3830294454129537,1007.8137232428335,0.00138437685018286
112.53356123218353,1.9994187766680092,2.4433467662532897,69.94927641006302,0.5846992030051833,483.4127662155569,0.0013515547234677302
166.39495768172276,1.9927094931385207,32.48762336674778,67.85050873688552,0.2677233225810465,272.03611252279177,0.0012159202932145346
180.69377304600246,1.9924896807125771,35.00736335447088,62.07016948274735,0.27577556219122806,247.33482593727607,0.0012165860756997388
114.75911153923664,1.9826181931894293,42.0191335378576,63.881051692578275,0.15668185434824472,218.7056590895159,0.0014008391975366878
226.22426265192956,1.9913091818416815,9.946803537300507,71.18550866088357,1.164530885521783,151.1123450048791,0.0012270100500063772
89.22016792340354,1.9587279634541237,29.73634818551012,57.96835677385732,0.04792129224285186,118.99053060962677,0.0014941237620450056
186.66594300841132,1.9857058076109624,14.713179255879805,62.13171827848617,0.22612458521594497,126.61187623743496,0.0013653917674128363
74.92815908557326,1.9605464209482304,19.799455212202684,61.2309741356837,0.028623973947143284,717.1792187076451,0.0011495276294891136
100.09324035700993,1.9523931023375216,15.723850433110542,62.995074750411916,0.03554547715654456,500.92334284106727,0.0011836177803847066
149.54282318478823,1.9838624564223322,0.9076170815306517,62.617509532732036,0.07205495286309263,758.5695948521992,0.0015108916507551168
99.5439772579715,1.9717660914964736,1.9529008332715627,59.23095480745022,0.044273490544163484,334.3592542784383,0.0014613200830624453
157.42556960588166,1.9785823745431796,7.29888849143485,69.7580339365741,1.0628074654078015,379.0604047212621,0.0013779584937545762
111.07952914613115,1.9753716901665617,28.068716446462048,59.710212253411505,0.18956678683820774,131.31045257622765,0.0014688672581134148
153.36984459507755,1.9963240792522825,13.584186548657618,70.8475294097296,0.6327557546317573,183.30765489511163,0.001199584584682925
176.02296510781784,1.9717634600123832,37.985093478405844,66.82759621234635,0.5961219386510808,131.88858044750978,0.001042194162613337
188.9315665707447,1.9688118402001307,28.056329719212155,68.46570672338818,0.41247343975318373,993.2211853510354,0.0013140556143719808
183.7202993220481,1.9711319991419476,19.18654359072128,66.99757265805134,0.483965620239282,178.77984840392958,0.0011907371742149633
120.21362556624125,1.9867471901613487,23.24220727647934,74.33770709721381,0.3428259385939817,754.8183543357807,0.0012389205387067926
83.46767138525242,1.9922862963016428,22.822676999327385,74.47007376547096,0.695046589024752,1028.5375380201206,0.0012041300822540355
109.26406809978633,1.9854306134633488,29.87513226722116,74.74442862633045,0.9012877065722597,907.5000018133401,0.001340019134639555
68.21959193124354,1.9725083160246992,22.440784183519316,74.13376520768026,0.4377132897084503,1017.4389992339933,0.0013676390615452805
53.36270286600625,1.9080876941012987,44.53809539156347,74.84036132152141,0.6464048184823201,1124.7501918695862,0.0013156177365469212
199.59831510906815,1.9382292887236356,6.0710786680668045,68.31251841605439,0.607465383014964,562.669657577958,0.0014375962958944651
173.26851515272998,1.9861769165738874,24.359057217447692,64.95099204540546,0.35316756542623984,470.1841451525296,0.0013814050933028238
201.294327185245,1.9948667591054299,23.78587681115216,67.3620056075832,0.16334033075466936,955.9477185507084,0.001489225147093599
214.22465510899403,1.9986816303358075,23.68005839570498,63.72680169873833,0.21548886839861509,408.6308882527789,0.0015847898854696857
53.074359915184694,1.997046991624457,28.443675908359612,64.62461616996352,0.012033091833813559,1013.8675659645088,0.0011661570080720588
66.38885682186907,1.9899496689795495,35.68175234287101,64.36705204125815,0.018304197659543275,684.7723827331508,0.0012528088609956942
61.94135092636277,1.991220325325525,33.732129346356,65.70067266914452,0.33087287768173534,653.5462008854539,0.0012002401078903403
63.816125619687625,1.9952542105791746,12.044915440878334,70.80813549656315,0.17602800688994827,1201.5486861553288,0.0011603711195813902
195.53487826855445,1.976630522209915,30.784419353664493,68.22084678282407,0.3822775036705828,247.14259585150316,0.001485629015690016
179.00761788001657,1.9918423253171462,21.918098801765176,64.96510332949829,0.2374971471797112,238.81524669113136,0.001469146703298586
227.81820569659607,1.9862260383940848,7.591380933300567,66.3469135651135,0.8211181748037286,139.169633161029,0.001582163377620563
69.07312549072851,1.9849212959028513,33.863655396524436,64.00222922316043,0.2342427186503262,107.02456950267913,0.0011604597787463486
74.28882155840951,1.9480647976829595,29.819297238283088,72.22724376594175,0.8462852869430368,228.18579778208687,0.0012906567060391374
181.54511245119687,1.922842378286982,10.128322752667017,69.92821748541894,0.2263937096965986,980.5032874761469,0.0012585354570022389
87.04136374618663,1.9316290264660803,16.430460104738668,73.74499900531642,0.6346731335629526,804.9871974293752,0.001315582050045345
89.72720175506039,1.9351796082779025,23.483417809211716,73.49373249852685,0.20782742088130507,454.94556163966047,0.001351864560089309
81.61287228532264,1.854638704010077,42.016984215773185,73.53857334279924,0.039744142404972226,604.1614162789377,0.00141727815219997
71.3456033063539,1.917518997334399,41.24279915149839,72.45040714545114,0.04519228164665318,817.5111655884074,0.0013500970541156102
122.72150887324739,1.9735265636311417,6.004380664089984,72.31220053556858,0.1253288554944416,847.4410140417007,0.0013597860737531715
188.4139190030423,1.9942985402852873,16.614031292022556,72.5030557296084,0.5570299454131964,532.1384927284737,0.0012895592389634517
138.89071819483473,1.9947416641536133,19.572699701761536,62.139728802061505,0.019662568349009413,741.85925585973,0.0013063653004977051
146.70327650174073,1.9361430142824012,27.452554780485283,63.646231486905855,0.16569774645846513,694.8969712937707,0.0012101491866218857
176.17842090018962,1.9586976533313412,30.129246110776677,67.08341292084862,0.2766795147728896,921.1879644732081,0.0011662039859732668
149.0155225203253,1.9901736724535088,5.200674787648577,67.50518629383859,0.11233307652685329,207.50132234952179,0.0014063474221757684
153.13405560516037,1.9786788389130752,31.379984757852732,66.37392324070724,0.46842486476372797,421.8962882915215,0.0013107511024618968
176.05905408590962,1.9767836969341601,28.087038233192025,61.98369999904966,0.19867479536854227,322.7159056778501,0.0012800061240227725
127.59185335426889,1.9611005981830254,24.937345411474517,65.29632478600021,0.480193172218622,286.9010428853458,0.001318417129511207
105.17506948413575,1.9601743769305044,28.17852461895069,67.27287189428266,0.46626117714072146,430.36903851538204,0.0013292602282544926
157.8334093401175,1.9664851118595368,28.67751246739298,62.417126504752055,0.2808197318354082,412.5560193399029,0.001335368222596338
109.98940548915964,1.9358352949450004,21.60919503252815,70.04071006471582,0.30656390368327174,1000.07935392197,0.001337447206615204
89.80671825269172,1.9484763201035213,28.837243199815514,71.50552682872699,0.35601396015926484,709.4797062546947,0.001468039843918185
198.63459184780862,1.8720915912586922,22.053769681446727,71.78034251956105,0.7927388344389684,757.5377740217461,0.0014849720746486278
223.37112872025745,1.876004395464857,18.816968539731903,64.96200357622855,0.20002964483940877,1012.9218580000222,0.001448655209168686
121.99082568005343,1.9698806296860267,29.46477207520872,71.41844339442378,0.46237949144862295,309.358119557695,0.0013917931363036516
166.63333658068066,1.8347748147878866,7.053016590168079,63.32897926180628,0.25464349656467844,672.6680638716924,0.001387367113376461
183.56372776233263,1.9567897738213818,24.364730965375927,61.80697236777675,0.12468863668687628,385.26080467326676,0.0013507342303306189
81.04542479902676,1.9619670223921755,23.99555038947113,68.76257437946967,0.6738972599218173,57.67340892745742,0.0015492070918226943
93.15132867392389,1.990555602054709,31.04666488723756,71.92808162426323,0.9216952186440398,85.85087213659126,0.0014065820336990249
198.66820116910242,1.9811321226241305,29.39285899323184,72.57081534093973,0.9546418191901038,68.58946943915491,0.0015438521019646
149.03795493284838,1.9763342745923669,28.687140691907402,73.3619524044133,1.0783400542067059,105.85422574414733,0.0016233878510947292
90.05021915728994,1.9450437881099927,31.766841754216507,71.9862197891188,0.8084812157548786,299.5699123679052,0.0015818130204308068
104.67283792337933,1.9689856891330961,28.179802402235616,73.58207421618192,1.0501971422480563,586.0707640791512,0.0016050196127541984
76.12185610924787,1.9534349372356297,31.610639475620573,73.76408503305024,0.9932784447557741,454.6921597449569,0.001543119941213132
217.7913107255612,1.8755208770644072,22.397912202152348,72.59194839705947,0.4609371571309251,125.74521185400785,0.0018522068716270007
67.04553852605285,1.9461193093775988,23.952069769262213,71.71488772521427,0.3476400587723482,432.0216401074576,0.0014230824653772725
55.98023772552233,1.9936480635235796,30.50496643195813,72.21906320189322,0.03550462152653782,1541.0020638792896,0.001454862668468952
58.71879433405524,1.991729196693416,28.125959016660612,71.91385359898035,0.03403918979438451,896.7725765604658,0.0015168438942306153
94.42760914193772,1.9871771473120292,24.262085537380546,73.03890119209785,0.020977208205905797,582.8364965083337,0.0015880348634487928
114.96111980903811,1.9959540153483144,21.375339011222177,65.32525548380899,0.2433464662812056,864.7103065341847,0.0010690133012430994
128.61463602047425,1.9751539026325389,29.93873093863461,64.91780803776443,0.2371976070476746,485.5921696477791,0.0011864961956819812
185.4533366371245,1.9867152932273389,24.201654278697475,72.11671295909005,0.9992867859236024,523.3172934220968,0.0012884438988261856
167.88950217427006,1.9635189924764014,22.01219344038674,68.62762832190795,0.25447280654550974,706.445493785236,0.0011041164279390026
60.93803469301699,1.943710525263718,38.339349746472074,74.44314239732411,0.8653549393965262,1327.5583555642884,0.0013017186091192818
64.19869943275576,1.9858096961599303,21.95994934956943,74.5606466930731,0.29952127915488685,607.1648093345573,0.0014542683923152947
198.46382339913964,1.9844519046075944,21.019887585857212,74.41669550367155,0.48496478108918406,963.1079169861965,0.001265970196286483
184.5491432332236,1.9374166193032043,28.024022138176992,74.55089073004591,0.9796923920872231,727.6357128367181,0.0012483609625882001
176.06032722824588,1.8613326591469128,39.823483345494004,74.48537263555956,1.070821339995867,388.19080903224943,0.001165869809902422
118.5112359107532,1.983835371293052,6.585560403419491,69.28877704362857,0.37403533378796,952.9379980910069,0.0013421891392425469
173.0458026234728,1.9928705735072871,33.01831634998734,69.7585496537329,0.5704833419721133,303.5972248797203,0.001268943935366567
162.4323536589938,1.9874736333312888,12.916914713094831,72.6993256813428,0.472966260116094,380.30778806069713,0.0012620608384836306
152.77848007202087,1.9731647043832814,30.554524545915996,73.8273377913164,0.9382470352253417,662.5599235838233,0.0012356941280796691
148.84733441230216,1.9493128786652478,12.2665415867502,70.87380570489046,0.6102762406758346,217.5436384684005,0.0015462121132442741
125.72581367719347,1.996531318231101,42.71129542848448,70.56189984080915,0.15605974785290777,764.9905811282985,0.001480014122034258
176.74900921971076,1.9965950957842358,3.5506641400938093,70.79470917444274,0.894427951895531,539.124688419623,0.0014180150161279647
127.56216404450808,1.989765026808676,4.088775476479104,63.55719940675022,0.2826180030461667,326.0038924648154,0.0014698863357838921
114.06232066189922,1.9660022424052574,47.10001310855986,71.19778534642835,0.4044036895200557,926.1911340681013,0.0013392495926727614
95.62021232979397,1.9708391426320133,2.2506010244205554,65.62984709750621,0.5491819273604921,566.445043903523,0.0011658804081075872
95.13123437737403,1.9943230253201423,3.2390481653144105,70.37543310267972,0.22497994300278715,995.1744143569074,0.001358979291392645
114.37615107893247,1.873664880653271,24.014937243479324,65.55230186008332,0.40589484179013585,12.220228398736307,0.0013468148197592704
176.12616777328947,1.9854621169492606,17.544728585510022,63.51341079972821,0.4623242950797844,2.4218645080593575,0.001588992092598175
158.19113391223422,1.9942254295793393,42.66674427169717,61.33160642038311,0.12951325109309755,6.794692081185502,0.0013908619254195506
86.95388006786554,1.9914396961231322,37.57358775226059,59.72588185356944,0.10097156708014375,16.591839406914982,0.0014264356017705921
149.36204105213235,1.9866361859468988,19.297139645191557,60.86786128007348,0.19802848196280512,5.453307803828008,0.0014784001238964976
183.7729674994622,1.9806302296997367,16.921848442124958,64.73722989260895,0.2486650135490599,6.8260930926108685,0.0014565542012459185
121.12643427897338,1.9917303598715106,34.00521345684791,61.197748248084984,0.32970762899117584,22.694636655428866,0.0013845523529736302
123.11036704396953,1.9189559845212407,7.012198085873986,61.93184544505856,0.19181645704154895,16.592270921238402,0.0014126620092951118
61.7555422537239,1.9977002169245779,10.418329625190886,68.97803342546308,0.8242801499791208,29.04220276300122,0.001176930326174857
63.12564564146762,1.9989854760844126,26.89712090351457,65.39233948604473,0.3737768075659254,45.633911489434134,0.001105114160511918
150.92946631665149,1.9962560105181926,30.479536896508534,72.71466716251372,0.42442355721901204,84.82386834450664,0.0012591702752102606
69.38215158735024,1.9419240227763361,16.69114165494037,69.4448685168467,0.3638765074872554,1193.5619174344688,0.001269138003028747
227.8537425635543,1.9668112206614268,28.76825155078003,67.62396881264577,0.37646049071740534,175.86803088378045,0.0014682110016048947
97.4250088348324,1.937198509093639,18.435993153599814,72.65281824426856,0.5678383615328486,641.0146770503252,0.0013375435874232653
127.65652304164956,1.9813844952335156,4.378339678166542,74.30450033350192,0.6637671860236699,719.3296956023839,0.0013022827120215512
207.4393216395378,1.927611226380483,5.92687349615841,74.1337704023189,0.07853855142574657,650.7794729204012,0.0014474428087151896
161.32469448345134,1.9542228149148522,13.376986545168853,73.93256327367895,0.04782872846631996,741.8360091114806,0.0014036372852204906
156.5529075646857,1.9509361372121352,15.909049936283157,72.12148100313392,0.06342972252036871,628.0141140800503,0.0012368110514116436
131.94723541740407,1.9937294756378645,33.69654349015245,66.69438558477906,0.4015862751331451,587.1413060884076,0.0014149107104964053
148.4499739823914,1.9346196719797744,22.307052370555997,66.70683579471111,0.29383532020957004,790.8475352210371,0.001186443410866745
92.51754893989079,1.8896870777254486,27.424442362321756,63.62006738053206,0.06911643701054439,667.88926725154,0.0012376293688057185
221.94200055681367,1.9858268544016646,18.049287236386107,64.7052648010942,0.15139470293043616,675.1810636517339,0.001516592848747495
56.023836148162886,1.9634464170755477,29.33484584158372,68.44166627370474,0.3730210527721965,651.2010597507361,0.0012554146145990945
150.22799154268506,1.9696039840924726,21.202022474784954,69.02299720776877,0.343370624496552,159.16685637265698,0.00138775938814402
57.00275442542595,1.9879158510022845,42.91608608169141,70.28396685845465,0.2406230599406814,1424.6104306738448,0.0012657436407338745
63.152184477231785,1.936306831376624,30.421441020513416,65.43616706343443,0.3963615778110958,331.9884474256364,0.0013629411769071783
203.2489174964949,1.9849482856218676,21.12345628868633,67.12652185662611,0.07815090718121992,657.4843969170633,0.0012799833030408142
71.83492430548343,1.9649957880228046,11.905588427308361,70.45264073995665,0.915253762396707,466.6842026112253,0.0012379391450496832
79.67971399221706,1.9941004003781109,26.19699348285857,64.42149408202208,0.07321426944012098,530.9777795744019,0.0012662117711134968
123.06456899432158,1.9710625668382094,26.422936830150856,68.88565600846508,0.034802822829962485,604.3641729929896,0.0013933479075877381
158.0667159225637,1.9665933448362662,31.761240752188748,70.51409634660187,0.01866299574998097,811.7013199041975,0.0014092113663673326
154.3495453464479,1.9627791227638862,30.545783878995998,70.87015375683828,0.01958088576222042,859.7324924954769,0.0014390465924295646
170.4786100221684,1.9453232945666588,22.715759323486758,73.92500530507175,0.014617919921649694,599.0631178409794,0.001286199100564532
135.10135677210351,1.9723633049915397,23.808856136467586,72.81623547442962,0.008589117624933555,1007.0470260497876,0.0012262159994843665
135.95809497973084,1.9521155165866142,24.518395133279633,72.9338263806385,0.001759132226245283,1127.2591811155544,0.001330904021909959
166.34368868952853,1.9841395360188343,18.80666224248802,74.19600105990668,0.05914177470535287,454.5758968244629,0.001384249008381563
195.17086115028877,1.9668274057909731,30.19009554024207,74.7700440785785,0.29043715928861635,1042.0938890521438,0.0014979151072580326
118.57769010283195,1.963900422887087,13.964720083376928,74.94605358430455,0.6014594019435066,519.2279311475069,0.001455462614367355
177.97671001621936,1.9480117988263341,37.91318252082819,74.75641472506197,0.8984524777737094,379.0328919434465,0.001225945464041162
102.00222649701226,1.983176278434016,15.821296850749158,74.11816724239988,0.6915780161402799,883.7272084987414,0.0012358751751350501
127.27656650854932,1.9303333253162813,31.19473225501585,73.97168458356504,0.4456522417977046,1214.8041372587318,0.001124897314438975
77.73738180268043,1.969674065035527,10.733884533409537,72.61083417760527,0.5028759911035848,344.52859115563433,0.0011839388669173496
74.87688350548747,1.9821376632598904,17.76546843484822,72.08823948839324,0.5848646717491489,970.9150628667688,0.0011452708309934337
93.27407413384317,1.9925035665533,36.0202413433424,69.66799550906605,0.3522371823854848,651.2463033491226,0.0011704623131456769
99.6273920433634,1.9967846125280595,16.186641525023425,70.09023719980527,0.17145555699020157,1059.163424688478,0.0011608270249954026
92.88989259206997,1.9925836264258112,37.226922873141184,70.0717987729507,0.6849892274184363,787.0360573786986,0.0012164408803072586
226.01844784038164,1.9353168909852594,8.276855992122774,64.98362112037209,0.20304206704940828,761.7472037323856,0.0013635037797326954
216.59485251040604,1.9533993948552348,29.541521715427514,67.77615363751862,0.13024909911663848,705.1568815832292,0.0014835058033415426
121.00000558850773,1.9208912648260568,10.198446725982253,62.2100266802875,0.1350214654156233,274.16161245777215,0.0015823132339478855
101.11633133498641,1.9371492212952353,8.597120575502206,69.62033110526615,0.512506764910276,282.8099817051259,0.0015983245098525809
127.03180769830233,1.9370859150941409,14.849906929893283,65.45085510883406,0.5916890705170137,186.57163969516907,0.0015790325270037013
112.71369981104382,1.9037009557509033,19.912390364080217,60.79835041400112,0.18415645518611384,90.4870796486524,0.0016300111484750248
119.39946270215668,1.9849235534875982,23.75375459520614,69.61016548393233,1.007391747860319,70.5930460205503,0.0014404827304439058
86.5594370032648,1.9857585247060423,35.992344595817585,71.34958567256436,0.728002529517638,176.2351263925852,0.001376463616313799
133.19877560479188,1.9594044102235173,30.501491536590684,60.815442421144354,0.1133668026696902,6.020898922877069,0.0012958303096912965
146.01957673196426,1.9433281939257807,18.048857491185636,62.88805887076933,0.13899617275027965,4.682580711769958,0.001204223945565696
174.925314062121,1.9804202026448927,23.311572163506945,63.58969089701789,0.19824915887076267,11.493637330486298,0.0013991274840404627
178.10392562761393,1.9819548769490036,20.266965528109168,67.42861045642245,0.2741072876535919,9.973422147528654,0.0013781128302611531
102.02398129728036,1.9636673772161009,23.344534808608795,68.55866393279308,0.0855955882619418,39.20327383110754,0.0014705629081839245
203.57377238497912,1.9594137215581688,23.458573663190872,66.502479331962,0.5697629994972477,14.247283430679133,0.0012816985130487792
79.92971515327224,1.9725568212288795,34.50051442279023,71.65305602948997,0.15695791211480903,1839.2232910954156,0.0013716480966158625
195.03992680558696,1.9820783573430643,38.29745157872211,65.90111956876801,0.07349828819263193,267.11477443619094,0.0012095326718775674
189.0918302559567,1.9761030284500145,19.833338218742615,67.2628232279695,0.07973930542538817,85.50336090741956,0.001315847706521897
135.38393296265156,1.9825991823902236,35.784124295192946,73.4331639455194,0.7163406406985678,74.60360988605119,0.0014866327866333655
145.98359352901417,1.9311341874426773,44.49727680764045,72.93848638004738,0.2838263189215167,92.28347142463808,0.001424752308027743
141.38151148966307,1.9815815680148108,23.13825482872228,63.781780885379256,0.22009305646355837,785.4337563919162,0.0013725527864022378
196.92199453940714,1.9815090250033434,26.787053902589946,66.28999563211859,0.329529279552879,778.3904428193786,0.001446714826892682
148.63392725193196,1.9781434065310344,14.150516648309184,69.22752121414698,0.4038559624747143,543.4840931802242,0.0012713854024214623
111.87413443616016,1.906995629310654,17.681279133106038,72.48645555909458,0.7096115832949426,622.7111956185554,0.001474652912732798
153.8820138577573,1.993980593378828,15.546975622933298,64.10473902186004,0.10381076733990414,513.8854491607748,0.0013016308283865065
60.33505215729455,1.9883530882368692,28.27932304450857,73.20957659466491,0.861974259814653,785.3627422509636,0.0012329137814622933
58.61853527042457,1.9862871787094774,17.519058114137177,72.88201619423664,0.44667289437321567,1038.1402979186596,0.001142288125543609
161.74048658899355,1.975172153935193,29.3953898934509,66.08961326985194,0.26831733534158103,650.2479327755437,0.0011650283988167295
63.4457914468689,1.8795686087015901,26.168127628392373,69.77026825550146,0.0786314413175543,939.326333673147,0.0011981512419820602
62.80511196962354,1.9930359177651724,24.32217202659807,67.59794804760729,0.13967336450876314,933.4058417033748,0.0011385242440908406
102.15262003171304,1.9848989567323356,37.41198408874145,64.55117236425616,0.04942546836117056,889.8855994497427,0.0011924530982583242
210.57202848244756,1.9935503367801555,11.54088340920886,64.16110545951983,0.22718572582854124,508.3425032152326,0.001349209532927058
51.15924952427821,1.9787521528281897,41.61913823523908,65.422898691289,0.0012782974797286184,799.3384762872452,0.0013397586838552848
217.48640825234128,1.9959353758695169,9.39286438519204,68.93067458392088,0.21645904690715417,996.5301011526193,0.0013434131115951965
154.02775607696103,1.9695156706659278,43.59784922833717,71.00910767415697,0.6262844158833459,268.9374060244891,0.00134171811259202
201.7249740960711,1.9812530652779117,39.792758989028314,72.36477438102023,0.7522602978198687,214.58389919472253,0.001348078424600942
198.32381489684423,1.9764509696224042,29.11074218143138,66.12450833987656,0.2520787090362921,193.55666587204433,0.0010563562046863014
161.80479928072066,1.8666510449841847,16.269181438252573,71.3620981925217,0.7279230787460158,397.82859253702196,0.0013677013245100974
137.19331405006875,1.9906480484783604,27.048879973258938,60.79159413233554,0.20093279434923308,119.9137001736161,0.0013387028031885781
180.98984170776754,1.9927446207215156,16.165870209757173,61.35284025155736,0.23516700626403295,63.81344971160693,0.0012557005563630865
109.58150130450748,1.9759413692363417,18.80179394033166,70.08704913945898,0.46820059272463027,48.67169156026739,0.0013714213579292152
71.28541836543614,1.9843802805606818,3.139691808451206,71.93637305204442,0.7687196159821655,15.197413818108764,0.0014093305535193253
63.44425582922914,1.9865041029637363,4.655530223530673,72.37401102727976,1.1360887074100297,16.618447058863488,0.001413355138601135
241.0281258300126,1.9401271960456181,24.23391536877873,61.560989809585834,0.22140860739087342,19.667938090265192,0.0013978158706763177
116.70961259413423,1.9702595637007831,17.363294715502462,65.76325842911857,0.6209346910725845,35.627343287719874,0.001188437501289731
176.21355328976514,1.961651401330192,27.380936687465322,59.90438781069778,0.1436477961715591,104.77009238692241,0.0016054108948023841
117.82583999490615,1.9783224395521286,25.32663685976467,62.9513795315366,0.047591851987267175,155.77214324767147,0.0014975871268758634
140.46990137391018,1.9596809577716763,21.94076873253523,65.15576357641564,0.029949578765832947,174.13520015692822,0.0014529586392773711
115.20660291173628,1.9512915765910803,30.551969881317635,63.305298734657974,0.006288382516572898,393.5525827978623,0.0014937048854147725
104.22736756232021,1.9813837483166048,14.169714108544518,63.342666130772145,0.011341948095599146,333.91951816582986,0.0015036070312686863
201.17438892040275,1.9730042724112609,30.217837375613243,58.10556624233313,0.08724822536041452,82.61999197462488,0.0011983150285432684
229.61813851040333,1.9296237259838256,12.194984751651663,67.48433530475536,0.2274998643026331,179.2580571930801,0.0013042418227719576
82.38608507437858,1.9466682911481088,33.4265523153283,66.44441785148135,0.363190874931594,121.49963119234678,0.0014267688562089257
197.42456098234163,1.9645021642008709,14.68786891045438,70.22805299199172,0.30158478591833005,1499.8625389661618,0.0013907789180426624
88.26783463712907,1.9818141140548278,10.175158040993834,67.0964329453249,0.4655475755712191,93.15457306723026,0.0012837812614425767
139.0190267188318,1.971460039303894,21.45615713919708,68.31737551901634,0.9898234930318154,157.5690836415331,0.001416374879060216
95.61866811930443,1.9616214675941293,15.435301364496242,60.244663312299224,0.09105277699762068,598.062313783336,0.0015369107265918998
52.2439478378688,1.9793888144706249,34.40062603833794,73.08089138612046,0.490960874086714,567.543071970253,0.00127758010859613
186.09984186665395,1.9825055124757702,28.0376460549371,73.10509983064406,0.35405892124506105,480.7118257560901,0.0013171072939874185
195.83179888229313,1.9816953779490247,28.95874358908983,73.81177826894307,0.7952916693733609,671.0879582849186,0.0013145394453860809
86.02404632142078,1.953177461081742,37.788347074316654,73.19251574499545,0.8284003407678013,895.9257794684286,0.0015238899356065378
197.82903916186714,1.9861510222245566,18.14967991694099,68.93885179247356,0.36346891013948956,262.3583592896561,0.0011993639817500768
170.216959179948,1.9663501186998844,15.275171889654256,69.92643661272143,0.6294110223663133,1058.9233910904486,0.0013165787210230838
108.49005149129532,1.9530802547548378,20.695796887831264,64.37418387214998,0.09987764312224183,93.9504112196339,0.0013264358708734668
119.98034019787865,1.958098378716259,17.947678022262554,59.982065624240434,0.19116521860356991,224.80638240891304,0.0014256453526061204
161.2218119179354,1.9995036134597521,25.111623132418774,71.25952020890887,0.44342601462921233,793.0441038418458,0.0015070065204012767
124.6205544531648,1.9990597301383748,26.017211818697728,69.50421436894737,0.2847062457915926,724.9333460365882,0.0015012684950629358
124.02460666522265,1.9865814949485703,20.292148625721822,69.28209663502211,0.5372717648945246,454.76911670864627,0.00130223079275274
52.042484967792916,1.9452143441585916,29.770720558215842,69.99354370265385,0.06752061151726257,996.55909870704,0.0010881431597663676
58.66300928183049,1.921303698120847,31.214286519457357,70.67509295070545,0.07517568863459413,1022.1457322617971,0.0013614167396944275
83.52478456588078,1.978248730463147,32.90522719122661,74.14756379161983,0.29942090783012043,1127.7628614271387,0.0013984423179193841
194.33125274858668,1.882088280636991,25.9468756448898,67.28577343157582,0.4381949183779299,323.2912598700459,0.001423521023986976
185.29445073276463,1.9013878291876964,28.002512915138627,71.41895069821365,0.7420891650571528,438.55848539374244,0.0014079441657768533
178.95054377703593,1.885893373678821,45.497422106045285,70.54918601170934,0.6140012243371545,154.79464803983063,0.0015447007123504594
143.71487511964875,1.9922506405420568,2.510701740168692,58.220016679408054,0.11835521633565085,304.1066783603104,0.0012307831113005908
158.43889469832425,1.9917141389383097,2.586690155681757,59.041800284337356,0.09901268243018603,291.81827405840687,0.0012384424198175119
208.00317023835407,1.9851985949060131,1.1658704464671574,59.112123551837506,0.0971969477223658,389.6081953195954,0.0011874685312634932
60.36332848864969,1.8859899389932289,45.079694916027734,67.65755666273657,0.19857507799852636,1071.8414383677393,0.001452988193863083
129.84004870473274,1.9799618521143616,14.277895898300835,65.37807950785374,0.3495382173166926,443.3543674736881,0.001208144923365726
233.17812790679778,1.9694921402734868,32.499498678477366,66.92818496241037,0.1324856915013951,942.8660804478657,0.0012097019274364916
248.0114486300008,1.9836723219742363,9.609387408054262,70.8325235511335,1.2521096390936355,282.1152971752998,0.0013260465800420498
51.33880508103946,1.9275572442591007,37.455556661620115,62.80706344659299,0.07828080590275749,434.9395467876078,0.0014691695303989754
182.8179210733718,1.9237044194724855,18.5188104968663,62.50983733479596,0.03361919578387378,511.0829080639609,0.0016516362248961524
166.64115571540478,1.9336097760969713,26.729192650336774,63.18615919591849,0.021860601658064,577.42838616679,0.001688740950983193
165.92212063879325,1.987105299501191,19.860924311298177,66.39224266337776,0.13068464112809894,628.6646251138935,0.0016363598129132502
112.47536597792191,1.9893345010831318,23.391083858024786,66.71350517504123,0.3075626882777199,717.2330716311003,0.0015224999847926305
117.24031839991538,1.9865510819053727,23.259375577928264,65.83758161148869,0.2206844934841647,656.4375262691678,0.0015300275686395293
79.84485099175015,1.9991777738273364,42.01875493072379,69.65819346122629,0.4223094755218126,946.4331035296738,0.0011444183996543926
66.04000119138443,1.9800020940335301,6.60647749172647,67.74753521966197,0.3958661888665323,528.0440427305234,0.001505414921498731
232.72254729865963,1.9956875739911446,42.20573471391051,69.13706836306596,0.3568059594610483,1083.036152156829,0.0012838564553749531
238.4651724350944,1.9960013221957844,41.395363811716315,68.78152274435878,0.16270674858194298,1175.0532793293119,0.0013478506609226636
199.22758467155782,1.9991335923007099,4.261079899788438,65.2417551673645,0.3169810538175891,166.99739308557528,0.0011883797596510717
145.9234772401768,1.9795601778400818,9.180069507322843,69.33790354449972,0.38068870066942023,579.9702442182415,0.0016435511702038398
178.217602507299,1.9495430526743154,23.962417072206545,66.07172223540358,0.3977669772502818,381.55138324358745,0.0015749932345678931
78.02847343438675,1.9620634189572745,20.43149614071259,69.25837505011027,0.48021667696439924,637.0603191455793,0.0014533447469336751
79.38720974496454,1.9619789100430127,22.715722580615772,66.24085764929997,0.3659449929370344,804.5913017165126,0.0014181552950748833
209.15557192071824,1.9738237373615848,22.38836033083689,72.43239208559922,0.8829133644591934,749.4603174608665,0.0013974288063344359
179.34794313670912,1.9591954179077835,20.584184392602833,72.85230625896193,1.2467995380169004,1072.8752656185488,0.0013428470587918049
200.8490980665557,1.953425996767018,16.088415660323783,69.3643829350772,0.3445649514923825,269.9405905179281,0.0014064960695471867
54.81443424339836,1.9538999851112866,19.125007104951504,71.78803698587402,0.4012482050643804,1041.9996370681106,0.0012705016649535016
68.51640687384752,1.8685007618022105,9.578851905851703,74.11190498810458,0.789478419371881,879.1337855697121,0.0013462203810827582
90.62962642308929,1.9403632908184059,20.480269857137916,71.9545866325557,0.7060391659285971,761.29008258418,0.0012436844500170827
158.43415684025993,1.9583998450199924,22.169191866662942,65.64270961692478,0.2143116361822772,660.9029619824628,0.0012446413119617025
141.25723263870896,1.9800373775747588,24.34232722602715,72.75228344228326,1.017108032499124,520.0129231153784,0.0013681678058689577
113.41604564200178,1.9645186314870862,26.895094285126202,65.71406623477873,0.1706324862206498,788.5117302714273,0.0012872140976179882
96.0397817210889,1.9584428405786416,27.241001282048575,67.7898083023654,0.2588774915678996,1179.3477006853007,0.0012898756451237522
176.19133639747182,1.999346764354556,16.158213625554872,66.72649765736166,0.39215054404280725,333.91455935325837,0.0012439930469831442
175.54166046569898,1.9995150707055769,6.554119140307063,65.8578869204294,0.4192022551904859,191.92378578400903,0.0012934442080220138
106.46733911650787,1.987724083924038,30.944780613751067,71.81281674577599,0.052059009800184824,816.1301372457709,0.0012655459298960433
92.27050623974934,1.9768796341044714,29.608771316086063,74.45718130473055,0.43269897223449055,1126.2993638226264,0.0014061413592330032
116.10316694256252,1.9744364168908974,25.985512581913657,73.9967464055257,0.8281289714516555,823.2765483721043,0.0013214121003065425
89.68270199690811,1.9311531511493023,33.92426979888242,74.1633104297709,0.8951183713876524,666.8345290906526,0.0014671202185510559
131.9337622374776,1.9340974153301622,11.225933332369117,72.45248193886287,0.543024370368028,798.8320286655241,0.0013073477216784147
131.96187196764174,1.9973740913838738,31.487259229645055,66.18148720856311,0.009921771407612438,672.6738094148683,0.0014656725734559074
73.32755662592821,1.9980994644396104,26.03661080840788,70.38467254792559,0.016848067883546616,1156.0699863163304,0.001499737440221621
198.776598871028,1.9969259801061734,17.66571061870509,59.6439521097186,0.23863746026781946,68.73654171238945,0.001396512880805054
130.87930332025067,1.995710361656505,30.40255074186809,66.22594571501519,0.3119768481733762,811.4961508500019,0.0014181534671269605
149.70941428631082,1.996357237453301,30.762700573751385,64.57838099126467,0.22732572840674656,636.7716247426416,0.0013869625000904181
119.53366038573448,1.9899381326331955,14.684233283659356,70.47810916559725,0.8253133372064747,830.2907656887245,0.0014314750801118822
87.37266328936319,1.9897297450472102,13.742579876812345,65.55375632441162,0.15803716725704206,747.5050599227588,0.0014854584298273723
68.66466563889307,1.9814294322440453,23.141853489457706,66.42828712663257,0.16417287243678635,919.4249944488548,0.0015766523136822638
61.93955070770124,1.990246418504956,23.640478093350808,68.32923027821674,0.5478796918445521,736.524516809273,0.001472866415777209
77.49284509620661,1.9772531712329628,23.922075301831804,71.15170086867357,0.3067892793725406,857.5388052769719,0.0014845635966938577
66.91074740258983,1.9748250786505113,34.706539017950746,73.12802727743077,0.8308100854682164,960.9850800252343,0.001377065712440886
122.65658277819257,1.96875354274199,40.725532644208755,69.13105073389679,0.2767116702259164,923.0240999117035,0.0013226341861687662
172.3107919393732,1.98210128437782,4.158967727575142,65.82425641803779,0.3530872854784343,401.68136023709616,0.0013446641997958845
142.05930381767357,1.9364743047097797,42.750486385908246,68.16894581307925,0.15142009526371308,727.4070282890824,0.0014536781415238457
216.8240627401872,1.8513381595703868,42.93959503987257,61.335865908373215,0.1355112660131778,236.09392150154315,0.0013788734349265274
91.81208904431843,1.9879764835067473,5.500739098443424,65.7422810133954,0.5859781541239155,115.85476226253542,0.0012249962906638557
167.4980606117024,1.9124793735379852,33.60487670626146,67.46264967823923,0.33419835556445504,356.0991186632402,0.0013407557627757064
143.80952272622213,1.97971286457469,10.125473768236166,73.54964268954554,0.5879807238203199,605.459900658128,0.0015351967750737005
124.92329315599244,1.927834273782222,30.353015015362946,68.86287663823482,0.069617183826331,539.4705718022759,0.0012420572800437048
61.443187558250806,1.9768930099982387,44.065748645298605,67.65260921932142,0.1835833400875389,1305.2183278218747,0.001294956381133802
71.48936875967328,1.9568408386557792,46.19714702096517,71.30126675220102,0.6219860248274774,1248.440069118773,0.0013646548108735227
196.57619132532304,1.9784150739725013,7.370271208222605,64.86470725169902,0.12008443194151736,134.15911488647626,0.0015419669018461855
122.39742210502594,1.97996093110873,34.53627318007214,66.84008953680947,0.153357053371809,424.89504310487524,0.0013880817100704178
104.43945082573892,1.978862422165176,28.685997608703033,69.89235993747415,0.16664123941700934,609.0449353713698,0.0014835589197285466
197.7578899035381,1.958679398153904,25.895291613444087,65.54971747260046,0.03476106189864095,335.0305566130291,0.001481918229563227
154.32363866659483,1.9509117186500418,30.74260935823066,67.88230014296737,0.01526334376517611,387.39791932030005,0.0014227738129554115
135.55176624184716,1.9784088241854774,15.226951784298343,71.75644587456222,0.09703558879655799,1144.5120767699927,0.0012829047519817363
202.8682956599377,1.910775441361678,5.846018737817894,71.74268351457316,0.2447359302400182,541.5080730137681,0.001395123914593627
91.9670118366086,1.9833399337172954,14.552415123956846,61.89711837163044,0.12013550510661448,579.5111883236578,0.0014455837127047425
64.97250885548353,1.92614533453981,47.630465655447786,65.26950487310236,0.07459388132121882,848.089584045001,0.0010733480207284016
52.63621469913508,1.9733446675849164,36.88912836529844,63.99064742346777,0.01931033843049749,849.8406584021915,0.0012260372703806093
73.38165683855863,1.952574739236576,26.813833700112262,66.2873930942118,0.4409225313630646,403.0152974775191,0.0013260349339132877
75.58156604267502,1.9706596414246897,22.442409621081293,68.77820423488815,0.5511933006305648,445.57410891459216,0.001271877449378066
54.99967562367159,1.956546147935267,38.05662623332384,68.42603335222705,0.054756249298451846,1067.777776227886,0.0011675430824547453
81.22402357998554,1.8723035751892205,23.48359753024998,63.39955063556765,0.034268593502129484,706.405991770771,0.001168383889957661
99.59508299008388,1.9989544583135093,27.548186215097946,67.11258651701156,0.5266181468702656,517.2037958799779,0.0013727588332413355
91.23908167877651,1.998801526613302,21.434361467519018,67.76000275423077,0.416896703106667,487.8584827003006,0.0013770206498085263
147.26269130411578,1.9971573526841102,31.908175595574118,69.95008420786782,0.22571296840320693,938.6820437553632,0.00125950554467594
86.10093084321494,1.9912502744139124,14.278988936386822,65.44571394358988,0.2936354142127866,575.7242831291765,0.001312522038607059
70.90825742685206,1.9913317473966223,23.568255485129395,69.64233267777267,0.7582950067008664,256.9900996004522,0.0013000240743469313
70.76833092874345,1.997158313728245,25.69423180433801,67.99990848210936,0.33064402531046944,435.30841488014056,0.0013257641473460031
140.25825007684662,1.9964801317816196,13.072245558122841,70.15554078795678,0.3419302316417664,973.3793993331068,0.0013087892469131187
173.53787314422556,1.9717091776584974,20.13956989853523,63.86407791750484,0.3722558476023342,45.70052816255982,0.0013321125553692338
112.22337205916153,1.9746024006564291,14.369383046203282,72.13573041649606,0.5855182772629088,1172.261981733129,0.0014450211116014233
186.75968552748333,1.9473153346974692,13.702347291680624,64.75603969964297,0.4693027339023777,483.3921501832849,0.0013460228292911536
212.02403700744796,1.9171253871827543,6.913542881612715,65.5696792048934,0.327762394946827,487.9887643750021,0.0014007365552771913
233.8782936822601,1.943654150785583,9.581242967438234,65.65227361398252,0.23521706781162166,557.418486629912,0.0013836246348434412
226.9361202247617,1.952772004544003,10.190611024552261,70.95163281790666,0.58566692029,436.1275976684822,0.0012993075080434424
227.1419623386169,1.9628229504851185,24.916306222240756,74.59265438947413,0.6879806795506125,940.7487875063366,0.0012595159342999606
227.59277631740295,1.9644912053759054,25.45240357621369,74.67658541867033,0.7840889715098911,1158.8085827326217,0.0012383702657464424
220.7806911847544,1.9764252220898861,35.87019894823759,74.46502320457411,0.8713525179376744,826.8218585242948,0.001197563236377106
217.52540191472872,1.9931865661497825,14.615154406849715,67.86664271887139,0.6988184584775274,227.83476264021846,0.0012101338095903702
201.47071106592753,1.9934097036118792,17.346149244819266,66.75434675630868,0.670634505162188,232.22304949334173,0.0011756511376478918
204.44855446849084,1.993909502202714,30.340490685183553,73.60438155371591,0.4451448504461524,575.3845097273282,0.0014943241600004664
68.82033955136058,1.9990075519939117,35.543002983554494,74.58493821764961,0.3684089559062702,623.6834867430769,0.0014837030307148689
65.25094206664423,1.959330755082825,17.38845080845833,73.51780663841386,0.26188726603711177,831.2036741274196,0.0013220179629800939
216.79166961476844,1.9536024095214983,31.447933074675195,63.136367295198696,0.27425061923668204,612.9406110899142,0.0014421668342536349
134.11237451058497,1.8792383636115368,18.92620447987615,71.14511962177237,0.6014205772041721,759.7060277421974,0.001458906050080842
60.37368193393665,1.9705487115514955,33.32153105189516,67.35179667757345,0.29536615152503,1027.8094329221196,0.0014854213525474223
79.17935061585155,1.905898773986402,48.68080974038204,64.4071754931471,0.21701218180357176,686.2705796932894,0.0013033208778722414
85.82334983312991,1.9796269973480145,46.991129814767724,72.49560380595966,0.9023405613255417,706.4927855480465,0.0013312691672025321
183.14446688597255,1.994617890089303,5.964788558480135,68.01701061931952,0.11719851784566981,513.2212738054025,0.0015275867818697365
74.46721694600402,1.989446880761342,9.38165517904678,73.39754799313958,1.6838437944823677,214.2600206162509,0.0014438554926712414
209.53269966582474,1.8367502065515697,16.693047064056277,73.11260155347352,0.058976659777518176,410.3887964775024,0.0014216230413611791
57.57405757259499,1.9991401385514287,29.48877035229065,64.84156550832361,0.33964441979629956,179.46997146145608,0.0012630596077714664
54.59662284858043,1.9994509123875404,28.370512545109992,73.7298280682532,1.222162107570097,195.04696203900158,0.0012797239396844765
228.36565681292444,1.9998037876492891,29.509280511382592,69.35660807166315,0.12819408220560216,602.2334694290338,0.001102216661287532
238.7971388107085,1.999735836460356,21.347024107451144,59.639196536479766,0.16438154254712742,342.99344429126825,0.0012460621129228898
173.78850212532143,1.9995546319808262,26.825182744380943,72.96995735364791,0.813073227711922,862.3215719177277,0.0013926174700949242
162.34302336616432,1.9555017574824967,18.113218291475498,64.55129375223774,0.25331979384274494,484.3410720197092,0.0011424718388841197
59.375166142146824,1.9369491272713322,25.705028936227915,70.38334508678594,0.4133984133414821,765.1834939476182,0.0014522428622606592
243.50908243762314,1.9542408232902757,20.548158191061926,67.22927575301091,0.3375025019643308,400.31750548750904,0.001321305457017257
226.9052714689862,1.9772979027400688,13.16923959429187,71.3799258290305,0.8575219246540281,1158.442866483219,0.0014111417877874814
242.24166196293712,1.9861300859781403,7.404079506947263,72.2444963253528,0.7362013074868514,825.195843254952,0.0015547076505278558
151.84418182804146,1.9194286185238163,43.84750437981621,70.40281636738094,0.5246002760651358,598.0069937822559,0.0011409514168737626
193.13455450620046,1.9106229369744387,40.162868020534304,67.07182463979639,0.5143348488139734,511.7979465042814,0.0011635747062612532
185.6404748292811,1.980203571602914,14.571532937670314,61.22168154765883,0.34062282055761134,49.21021295814098,0.0014185787709872903
188.61233789896926,1.9777447963993655,15.370707825410795,60.66862028629866,0.3481985502916643,48.448567293960245,0.0014212559932997631
176.39086814030838,1.9769671356408913,15.401604845164258,61.166905227408854,0.33666450381485524,50.51079574548614,0.0013849187405522295
139.7561619111422,1.9525183802996564,38.89207458158502,70.06297120701903,0.5409727330792676,133.0309638188501,0.0013589156917356785
162.2706419058822,1.992855568010791,10.067388858310101,64.37391247038377,0.32102874257476743,418.63907527054033,0.0012910369387494635
245.567606514535,1.9908183790879144,28.52247624354982,67.19696981447167,0.27239699216394003,581.3528648662959,0.0012600698043105099
248.76483866549853,1.821335634291717,15.89605240287805,64.26782898315105,0.18813053383392278,416.23448710629884,0.0012973280129693356
249.2950778685944,1.7898372761512844,13.327306246276827,60.014646637582054,0.15126140658499854,529.3282613664808,0.001317325193577638
131.86236862540744,1.9974310475541999,19.60011042436777,74.34507184843666,1.2105945393989714,196.13280211648845,0.001311069151892864
52.98355027034672,1.9978056198123852,32.83320008492269,73.24015756780146,0.08708410867449567,954.1341005194569,0.0012675304415038504
57.38893637127307,1.9969721532486087,34.833241285293795,72.68240310691714,0.06719423047179372,1183.513970259975,0.0013229448021797828
60.95820801611855,1.997834603451833,36.22832112543449,71.76035369122847,0.10888191755418984,1486.1387027088554,0.0013491093162300008
62.67554033473213,1.9974937774021773,34.98363245826641,71.26840242027706,0.08867669669127505,1578.990580638418,0.0013439637474675164
76.26889944611167,1.9977578530165006,31.519201995909103,72.7680108075754,0.10418250453304592,819.7397158036613,0.0013750997666335172
64.31780009269262,1.9977854551491576,22.90933952936747,69.69023954238129,0.8350867024380405,742.9138762429942,0.001385850744034382
74.51719057073004,1.9943066514448773,21.264392542315722,70.01938812946425,0.31623694253459306,1134.409409312528,0.0014797283830354285
75.85027036965806,1.9892336494819731,18.10951237571902,69.0815497692964,0.41598346722011154,284.3807461170176,0.0014626033675229984
178.5650233637975,1.9941221043614796,7.09438161300128,67.45863268721779,0.6376713581881049,97.31735845010573,0.0014999561726108954
119.69104441867927,1.9965071044394112,26.23747313797872,62.71228275293418,0.043148529936864084,359.98334128411034,0.0014671704843755397
101.33335506908749,1.9963135844427393,27.783635412108804,59.94090363967958,0.03390641811117253,326.58466178651815,0.0014711893681606748
183.02447595830768,1.9376863056368985,18.896575219137098,70.8427815367057,0.7841846128455447,377.3773455391464,0.0012756441468473306
166.72888996867542,1.9848464319534864,15.631369389926475,64.46945847277195,0.3398863880498175,564.1843760405121,0.0012783308509844967
107.92563725378531,1.9701501390754939,25.94533946379385,69.13930174793461,0.39354587368560157,449.08901697780004,0.0013186055432248649
167.48507126724348,1.914573179197683,19.51814124194888,70.10741743633784,0.6090931868057614,1028.6351200319668,0.0013148475913945575
90.50418929869917,1.9910169677986553,36.74577494610104,64.19096543849783,0.2765395939902205,191.08185665362865,0.00140883430117771
239.11859821071403,1.983355810498499,21.862643297739965,65.20501041010577,0.21936534082721887,102.23714944713416,0.001517614629209998
108.23286373063544,1.995443413951607,26.142006522447026,72.32390767187741,0.7643312666263049,1313.811442018161,0.001247588679785609
192.5871211269921,1.9043218686982422,14.288904462479273,71.94773363678637,0.16124038244728003,57.92959352431417,0.0012937089390632475
200.0316539000844,1.9016721812144612,8.135342698744699,73.19614227063074,0.2502941508946286,78.93269571092026,0.0013353005551446054
192.76398282592044,1.907762617928802,12.715165252692875,73.59593406507149,0.2937963193565052,62.94181959410642,0.0013900266723856699
237.165993835178,1.9772030028795502,16.959090994398373,70.27211731069568,0.24033586070927684,220.19632654967907,0.0014184234005006065
165.641369074194,1.9805442942521472,18.47631126469678,65.92110979370385,0.015678011817981584,798.2041317024548,0.0012262374973443452
89.9480318182439,1.9876483799140467,16.21522074206812,73.37146578385476,0.3364179202764547,814.9616785936106,0.0015372123791515657
128.9430420097345,1.9935487611813307,14.766068123898304,72.58580148102591,0.6854091130878999,932.4934404637698,0.0013348111020584379
121.76825745381042,1.9968510956470487,26.46881018522127,62.41570319486147,0.05790117244714391,792.5316984051382,0.0012199898558293756
55.879027619869944,1.8009085569422363,27.317572727457236,70.63496165521062,0.7286589881901191,559.341453534804,0.0015008465691603277
224.65506198313346,1.995354280392465,19.512020023528784,67.91241330946993,0.0733900755958526,341.7515865448683,0.0012357504582025094
94.19627304484996,1.928472060571525,29.18659449419111,68.39752096982434,0.12439725088904156,811.2540450874691,0.001595078077791738
78.7489009216061,1.756129970141422,27.548275983913307,61.263491158573046,0.058147992329161464,773.9956393288351,0.0015722016060890466
107.08982398778967,1.9889566993005796,12.900732828307312,74.15880499575576,1.1311381785299224,578.1628675275978,0.0011767629841393159
242.8743845259301,1.90785628607679,28.53810680882895,71.60319431895299,0.112222274448168,411.34740942020665,0.0014331825035918927
233.0293277578408,1.9489544313768232,31.963885910840283,74.48841710992572,0.6429776429103314,140.16937242854578,0.0014321158948544716
143.12074972741422,1.9740887570722865,14.303132241992401,72.43482581868335,0.8642661865433184,338.3507084559168,0.0014573812587554374
156.5808862601787,1.954963800761098,9.348301521714431,66.9893772582968,0.5475633751160561,1134.0748711947106,0.001643670772723922
190.3869415921939,1.9910671008751821,3.61417507810886,65.99579684775924,0.3458515713373018,495.4498652730276,0.0014790254764273422
175.53615981156074,1.9902919354326423,13.588421908915421,65.19535505091903,0.26438562575320584,662.751306951052,0.0015240078525841725
173.64697109578418,1.9917668611181396,15.601771344767803,68.50706602146352,0.6909388442703591,919.2042404031264,0.0014105391777652645
111.30693942714653,1.9828320927827403,22.10938477924331,59.88317993653911,0.10898970950719496,339.2534453418244,0.0014960859958174687
181.05481445998143,1.9471432190083324,21.53213708811421,64.03131801972157,0.3275487478439054,46.77863347788609,0.0014085975488948568
127.69266884299462,1.993678750792162,21.451800529663956,71.65347389118438,0.40166644960069386,214.1467248288219,0.0012612336716199476
180.87597819690922,1.9873997463867377,17.288674086739217,73.35258114507587,1.4759707159972586,60.12599462345848,0.0013496404759876235
215.0838734546019,1.9843717178298577,15.337916781310417,72.2682173377894,0.4461753947382859,15.934235919275059,0.0014295306969132463
58.578485203099724,1.9574134424906044,30.332553151598844,68.03250360839608,0.6272076051466209,211.696894456931,0.0014581264983964462
241.78756817669614,1.9812223141963925,10.401492318856628,69.49806040452333,0.44863531158510456,212.49308385444482,0.0013049660297238992
197.5526282453129,1.9745461465385779,6.951976102744964,68.35194765682188,0.3379306425243313,281.9989980146446,0.001215016476541163
217.0459315127487,1.9783219982495814,15.117441525187497,71.39896142524577,0.375400792697723,176.17286720661633,0.001299086381830898
66.50759546672668,1.9701059998222976,29.399977646808207,69.33964433259028,0.3393494800319925,1081.5574215908973,0.0011943339887027541
83.91286747811137,1.9663959925313717,10.128806185063882,70.50651302104005,0.39174973299088756,409.4399477430493,0.0014063640786919672
78.43389833916228,1.9755360701965128,9.589162708737,70.12545687790104,0.5877493207562778,600.2454362885825,0.001356847518438858
60.9078349604429,1.9522057296930695,41.01166393392394,67.18998361709872,0.163529716255169,641.0620248000728,0.0014935068018789297
50.6276229732745,1.9789078837640977,29.447719256532746,68.55978486444461,0.20372679004275165,771.8412152015228,0.001123380346809336
51.277167778798905,1.96325676525078,17.360035527663374,69.671045094168,0.5515836484698958,1100.4835002133325,0.0013344107329828965
135.47964948040655,1.948059164419779,26.151214512415354,70.10281900310908,0.23308330992229204,433.46683383066284,0.0012984896409171383
128.62008546612066,1.967409404541503,12.736875363415482,65.6624974530928,0.025747106058810868,159.2638170602017,0.0012862941283175442
129.63956278609942,1.9704529806816635,10.600359925890814,64.69509355751009,0.024121824922995225,154.71821025450612,0.0012677742628343246
189.5086775668063,1.9686847880957838,6.924115450550464,55.89424579786733,0.011952566031357805,336.27493814905307,0.001191745692609699
192.80424003847548,1.9698904020898242,8.071561290843766,61.84772480147374,0.011619122126969939,326.97092919271495,0.0012149274697193522
210.48953468488304,1.9633089239537858,13.84062123415834,56.9772262417081,0.015035337648354864,308.4066000907215,0.0011995127015548075
217.42729029096728,1.9956287346600574,34.34971952479348,65.41046506432077,0.009129706778744076,1190.8076473984106,0.0012825214584893504
207.23976298928062,1.9932649435750083,12.278544925909415,68.44625614413943,0.058185182539103104,255.44544534825127,0.001488579294365339
148.43070801068134,1.9941667808437402,37.031921940548905,66.4578022163657,0.09695638729054093,157.8651169221837,0.0014099141564603876
132.67842116980177,1.9948143850962623,35.47758419191685,67.65205476943935,0.12522208119330924,129.0810137554128,0.0014015747095557118
163.8137368218688,1.991733292426007,16.342117606337172,69.81210697821632,1.0145101152618994,397.29874790110944,0.001181703140024249
194.97814204911754,1.9921937682156405,19.059715192267674,74.49403520778638,0.4775888046338477,570.214368479663,0.00136114070694724
183.67116931243805,1.9579449593675282,16.614488169618816,73.34962817502057,0.5470216271235524,36.162886083536094,0.0012682396789563603
150.2885328691206,1.96358946578046,29.043863822854586,73.00197739513605,0.08527158758319449,1781.450733122018,0.0014021581031389975
152.40495359915118,1.894140814996559,32.07788804012194,70.12881077803165,0.16836478922707324,465.19063349536316,0.0014341711486524791
165.2201015225058,1.9623423292998963,29.43898935729708,69.29598959158537,0.9961648843463984,167.2631610480261,0.001435736316663216
226.85011645935737,1.9390698326796383,8.729001276994158,64.55890190282837,0.39889976123484877,56.30481340145054,0.0014370712151343485
75.62235155897666,1.9658090095607335,43.722632972241165,68.49773138718045,0.6836803916205142,216.75340051205768,0.0013363103532989394
220.99696849072203,1.9358518117883152,42.10433807532942,69.70778780888847,0.6817755517369312,106.62876191618864,0.0012477214002512512
214.63589860336958,1.9731325806623097,40.34712181398848,66.19847070487529,0.5205614876453537,107.06323590510617,0.0012502678964386252
202.16510546347354,1.9771690957850065,35.92491415217626,63.7348227649741,0.31255791549208306,101.42365374144265,0.0013213468081599727
116.55182747655391,1.9860495510850376,6.499759267130092,60.490298012027296,0.07058318832741538,146.06698753535065,0.0012344089096488309
116.92626393922384,1.9878148519851524,6.135846541423116,62.755551290526455,0.08321463946677947,166.25962195234288,0.0012256637982414147
181.75644980898298,1.9969737600279862,34.18789066205569,73.92788331511763,1.1106873471176906,445.9009680413902,0.0014542085909229944
175.82666163234555,1.9236136134230095,19.248272841374316,73.90820184120076,0.6069162869424608,130.19733301804118,0.0014087234507434245
120.45304696173024,1.8920313758188942,22.280986185254168,73.00261268179332,0.17384549328394736,151.68948019116525,0.0014721990752873545
163.12618731336954,1.9729726436825346,20.273440951322378,66.82783798118088,0.5459898581109092,212.6484062788632,0.0012174327222393272
135.30748740104823,1.9856552662497562,21.74200984587004,63.18171708774194,0.2033684253097345,479.0220025999072,0.0015012753139172046
102.51665949100187,1.9827149669845183,22.72062540455258,63.37736696919169,0.22799031314631002,404.77372697593995,0.0014917319875230202
83.00601471328888,1.9956888080746689,21.493601251348775,70.07139441483646,0.37531230107231744,512.5963859841844,0.0011545617947526401
216.79169041879544,1.9346403454008807,21.23123993171991,62.86950870751333,0.3688614443531414,331.9805392265122,0.0012028242953832087
173.50117817067212,1.9609614951148564,16.29163905971701,69.31457166206205,0.19706798327866523,573.2091359350557,0.0011669869388446902
79.94099858886925,1.9758265880599082,32.50655494372529,68.37783670833888,0.5188568795044363,482.3591416244366,0.0012657140596038594
57.414332051738434,1.9771294652339764,18.15362776750358,68.2503110945551,0.30460522503035314,926.8587521755766,0.0011762439270821595
53.29120191110865,1.966289694955352,21.99647956010744,71.53433591508589,0.23094608885515835,300.59488841568964,0.0013837386063052242
92.9956232466514,1.978800849577533,28.12898444106709,71.75733139193991,0.398050310187558,819.0439035475089,0.001260001472112958
75.4591292260633,1.9631035616107382,21.65547941400152,61.77108243605377,0.20484485688911527,437.0389595480576,0.001349217934048466
147.80869658175817,1.9888337313036668,25.823106921130464,69.23335982671668,0.4909592380502747,487.02529073864156,0.0014877422757702682
130.10052037690127,1.8401851852051505,21.02137678494135,68.06938824968448,0.25583401518496995,719.2326506218784,0.0013891855958109468
200.82381465349033,1.9954668630478507,24.02490354606063,67.64370954955963,0.11581068181876147,592.3385823121918,0.0013936820603379627
154.831043199087,1.9739066376192809,24.66044982406102,70.05787578453605,0.18909624308109163,739.2203776652277,0.0013330524915000739
165.78947287101226,1.979386983183344,30.285038410090444,70.47574295709764,0.1636842052723815,258.02091852990185,0.0012717422049040297
136.50087396927316,1.987527905741291,19.06024071662425,68.0154991523278,0.1338853643223514,231.04559797057627,0.0012866288434406985
97.5142779484382,1.9781125765655814,17.29770398983459,73.59377454840313,0.08156414361827621,556.3521530593472,0.0012906693213277074
164.6650812341609,1.9902192050013847,2.8291687726999473,68.2759267795696,0.30395370786045556,587.6737979744601,0.0012867791196440005
186.35958449078873,1.980169831888795,5.962830091895725,63.55397335729313,0.1666270091152202,800.7479685820131,0.0012452861095001342
244.1441421417118,1.9332723441886481,43.17006159990262,60.43374359309049,0.018232495303730892,356.5657133491915,0.0013033275386852702
242.5361399955548,1.9226930617801297,44.86069516743694,58.299569731461304,0.014509577189150934,433.8080844497274,0.0012756045584862987
67.15425867996301,1.977508245922391,4.272341972620622,62.372179221643506,0.02351456481216645,606.1697998221788,0.0016545867217758249
199.82754812553,1.9781360289115648,32.83360098793456,61.939422022209115,0.06517421585431912,312.42949670606487,0.0014452258097654427
203.67488713087917,1.9717460417068176,32.54757868791424,57.66216146757175,0.044655094038750065,343.06019587583745,0.0014541171562916678
203.67488713087917,1.9717460417068176,32.54757868791424,57.66216146757175,0.044655094038750065,343.06019587583745,0.0014541171562916678
165.15608439835293,1.9168195130575822,24.60772228250345,72.27785763007601,0.12598384607106353,577.1437641657469,0.0014095779991903446
165.31488348662907,1.9017744058229067,27.3127044313529,72.84101169305352,0.1293587745541536,568.8244133301563,0.0013964142720828084
109.32597596464916,1.9537059325060506,14.423633539048838,63.84385028552254,0.08311213187539615,1266.781688235771,0.0013605181785882805
230.0217596634448,1.9779742047836033,18.4604740977207,70.23172735499372,0.22257816450308388,289.79029917325533,0.001405562762744054
208.1441344313284,1.9827209726373738,15.578465157342919,67.29177672111241,0.15656675174423132,258.4628990336674,0.0013326531740090945
171.10673836072206,1.9460743479414344,6.450342230290243,70.75971924352737,0.10390466794433928,118.5376349041935,0.0013715985515966723
122.6996902327477,1.9989402665609728,40.941402457630595,67.15721250698991,0.38190188337152625,27.824192589162294,0.001332138546173194
61.879577728987535,1.9997439008153024,8.384359020644123,63.629798688438356,0.5038920862336816,5.549083969439388,0.001289834247445343
246.92960960475835,1.9657483111860115,16.96291923559655,73.07630165627285,0.4323629193186256,183.33030809203592,0.0014486270009527703
245.36981795628384,1.963149214321181,12.980418736500168,72.82323441724608,0.4340308386444,300.57725821116077,0.0014441228409751731
143.6982403153354,1.893906297695442,19.76659105311628,69.81145808407564,0.6894253527931083,130.53471649810922,0.0017299091413724061
188.89181431251697,1.9640559009236735,13.469484202064471,65.87683560492921,0.42204727880981135,87.79215131861822,0.001484543522968829
216.19540548235898,1.9754528438654317,27.368214822738814,69.69315097346717,0.6994851349206292,62.75844670611007,0.0014921566303297536
110.97452414831204,1.9770752490163084,41.19051765523157,67.26164247728444,0.322631074069628,460.670919588167,0.0012137975231918839
200.30158637302492,1.9560074569504615,36.84671736385552,67.66192070186166,0.05487869080665021,873.4297001067036,0.0013218603307241848
52.43292600227462,1.9544753607453123,6.8809649091188225,62.51601497218617,0.07749472598723821,122.4031169351103,0.00152140880736495
53.40231122338108,1.9497648933375498,6.453424494361792,65.43525705506022,0.07785717543633836,105.6319216611098,0.0015153317578110875
71.75658171017785,1.9869541435190408,0.8998224818591246,63.875392563548935,0.13131863672382732,126.93249468146062,0.0013903170251680069
75.51441013096053,1.9928022389081785,15.55552117410717,70.40558596084152,0.0812207510513074,1195.3217131629774,0.0012942939225585144
169.88493302593574,1.957549067952345,18.298708175057445,74.45040577291157,1.4808212985471487,315.0742819620852,0.001439078628113175
130.16844801558995,1.990345607160406,11.860570521075603,74.45616484655983,0.09164216728831405,1112.863321628239,0.0012374994839750395
220.69747233703066,1.995754349853734,19.755043363502022,74.77116234982593,1.5245984574158797,131.48230029057675,0.001306992408484114
224.70723274152292,1.9951904850173627,26.434085761122173,74.69091506053638,0.9515448847098589,178.4447610174715,0.0013191375819042632
75.95679537494875,1.9990230966441997,21.34726801600616,70.09373712616691,0.5783708276857826,633.8583154751815,0.0011774571924415744
182.44104578060006,1.9478844964945075,18.320690216993174,60.505985269969464,0.06407072379133431,533.5985191852814,0.0013903402431253782
72.36049881785554,1.9519926026222918,42.44526151550293,66.3482858433637,0.13090565212165015,976.2340332482263,0.0011408312798326943
165.25732340117548,1.9660677412852463,7.673343731111537,67.98319973775197,0.5906174906615722,803.7986432823324,0.0014024252321157278
148.65374543674724,1.9663759629328041,36.586587725026426,63.67003244611547,0.19611747142832245,307.0456606521192,0.0014142967024115614
172.23664821451868,1.930193700520512,7.723176290841527,59.861375646101166,0.21179406310546142,78.19945567462695,0.001442875190481912
212.72311127351952,1.892793264815026,3.3166169287863583,59.32098231836483,0.17544548125204915,50.10879972813683,0.0014700076544749915
230.87359108628684,1.85425001071194,0.9473311442345022,57.653136325275895,0.2238010793219872,92.5336510388898,0.0015569578990222376
53.27841695503809,1.9969394746151643,11.574722446642564,67.21002074890676,0.046016517549423305,1090.9726143688408,0.0010932174303413013
88.52060539419375,1.9332287520415508,41.40656058179168,66.89845843532034,0.42562943113316737,477.2318238986064,0.0013082048156853809
184.28047812808933,1.9665261760981803,8.04198784115964,60.30518598344152,0.1287176484401944,36.735811573860374,0.001133623691816223
99.4524870927681,1.978641333444785,7.990715896108908,66.18750486886704,0.23689685144355385,49.468622746512374,0.0012460315155998858
91.64295563046637,1.9556951349111107,10.792409013186424,60.66418038962891,0.28543433988416195,149.4305323850526,0.001349951302226983
216.52834840073524,1.9578504517591988,32.04719732183421,58.4759558623337,0.010022485391736896,519.7309666683004,0.00123997907079136
232.8217862493095,1.983066044516353,19.26382449773579,67.74123571849803,0.015615193719615124,403.28540608381667,0.0013189571794928316
58.0026232438988,1.9511250596426408,23.913650917479313,74.81532757180226,1.1422222111698028,1174.7619290780717,0.00132063228476379
136.46457368147418,1.8666017898337635,20.43803519871785,74.15738243649618,0.156285417225856,669.0208087853949,0.0013079639906498927
106.49476505262884,1.9842068539226347,17.21384184192628,72.88843904255951,0.4266932094611701,299.0165715150569,0.0013401670577275749
95.59158632175739,1.9847038168497295,16.480742210602745,73.04710512297177,0.6200522544305689,403.93597865293265,0.0013538508658315065
116.8103036241207,1.9866532074700425,20.819110342145038,73.74709530296774,0.8891273411141802,522.676254566233,0.0013199463100929416
190.43007119661084,1.9179932516082858,27.188496075233687,74.52362487393835,0.6260571513818868,273.14166345284724,0.001330953140854815
123.92746523920593,1.9550123322419035,15.8095471791489,74.25386317210342,0.22487043178028426,1374.099924389728,0.0014978544837973857
63.88735789639835,1.9591887046160275,22.955433572491792,74.70706473182197,0.6009056033720335,1305.4210071078978,0.0015664558415833794
146.4166808165183,1.8606418952566937,12.949532475450178,71.62314614681254,1.0554189569491668,423.4812222770826,0.001293537655417401
129.9771603185361,1.9977294352793074,16.821200808235563,66.21062228519062,0.1107304552274316,758.983186706676,0.0012747374183744592
172.7344539015287,1.8333109609006881,20.06522431019794,73.45013123492238,1.4510173412999583,436.73979199097624,0.001316485227592441
162.0776920005232,1.98312510409899,21.65803039086704,70.49139430965035,0.08315105858480508,417.02447413072554,0.0016322955655365481
208.60645123808902,1.954250841123309,9.709637700922267,67.29333927052414,0.04582111617765764,441.1166335057361,0.0016308625802325262
144.02082050642812,1.9067301890358475,33.37272064843792,69.14209491023617,0.08980150116280643,727.5683189971932,0.001349745562292177
190.72231623542632,1.98267487488748,6.460259301906973,65.6156838310625,0.5687641654593958,98.95081330469532,0.001129845060067141
138.33866308680498,1.9972796071585557,31.69336840134751,69.75113086569078,0.34121287708206965,1086.5542350339085,0.0014379461931356675
164.20407133791315,1.9983751902224676,23.514350358149354,70.45571385712287,0.9249690013802364,151.62253010303127,0.0014191951933291375
165.60667029118176,1.998630945038706,18.32906615434029,73.26232518413163,0.41448644659003886,49.68150155246715,0.0012985967210543212
137.41089236085824,1.9728194366008713,22.141708232923683,65.75011256427005,0.48029358968135183,55.33346541682382,0.001199152928394492
147.25767975200515,1.9278916550330678,29.0726005140735,66.89636253976869,0.40303536003221974,150.8644780745838,0.0014228505533999416
111.00185292569302,1.9753049350437906,10.596209450259757,68.33061488278652,0.1834229491835915,669.6246283341911,0.0014839684168084111
76.19756982506357,1.9500021181429754,39.3396028001198,65.73503425791259,0.31015111259959316,676.5677035438712,0.0010949525589355755
58.494926236209274,1.8438584481986877,38.9147766999435,71.86960158812758,0.2977026906315919,1084.4374659890825,0.0012100804476906806
87.52434730430942,1.975825290436492,18.724720251475784,66.08124336555908,0.05805880216851886,695.2538590224635,0.0010760684995338534
241.30168621423635,1.9115437532502557,29.135737682558364,71.6883057428794,0.71756548899495,359.0596917153443,0.0016949654897029872
67.31171842201105,1.9570615656630332,20.353278359746657,74.37514061724934,0.21651535095413824,854.3971637903891,0.001361814832800927
171.64174906745365,1.9609339319171026,17.493680319912134,59.040187760842684,0.07133923000065602,202.64151663494465,0.0012888283878292998
114.07176226194076,1.9742714266237829,14.720329223186985,69.45464812014757,0.26234376685370714,208.82921998875162,0.0012768819181282784
199.84434700962606,1.9844090309481415,31.336857016066062,70.83948258404048,0.41143578012824,568.1114129744253,0.0014302215865675408
180.5950317960324,1.980233278296877,15.480246072219128,65.61032672052511,0.4575866971961222,611.7859422343818,0.0012764942445634728
216.14181106362423,1.9925398452302039,17.214135031920325,72.55841162460332,0.5129375080126832,1146.0346846427192,0.0012738234511355828
91.72088524576691,1.9691321361187584,41.67092158005044,71.04656454243083,0.7011022761858621,443.28378022888324,0.0012619203572756645
211.30067590035458,1.9681850538141723,34.37868616300748,67.44548118935822,0.4352195681010146,356.36867184757864,0.0012055576582482093
51.9565674732916,1.9255666678285903,30.26177232705671,69.90159525740232,0.05519709781872734,852.7837490454845,0.0014952886806881495
82.29296334019523,1.967073832786649,20.68641826140309,69.82978651406435,0.8051600013647143,336.74740140991065,0.0011377349914250892
189.45970062323488,1.9601642227812823,25.332107458469306,64.45670450996981,0.0523846522068387,1144.3788564162553,0.0016367103876127607
197.09229882038196,1.9849059859253249,14.504645627108548,63.34452058117202,0.26508237721582656,189.4986679252622,0.0012820971698400047
207.63454951323126,1.9186652581969814,23.30411380637497,63.190703797525565,0.04322365379613287,275.5311722458779,0.0013949854940131091
166.94158525850804,1.9286323630526077,26.538408505199882,58.67034745636614,0.038937442852443424,258.4260419312426,0.0013231320066826166
56.5804404511146,1.9590630731636685,27.30751611654714,69.75634023302929,0.45474337414261434,1253.7007859135845,0.0012716812775376996
200.32978282724784,1.9671932268334857,16.39255632246806,61.371666211054624,0.19593290099220578,155.73985084895662,0.0014969424364155634
207.79643257420213,1.9682986552548767,15.594999764703157,60.62086341972643,0.2321013216752089,146.57104232519475,0.0014886041017181692
53.09283469840492,1.9489394452314515,23.521798755958066,71.58965572497497,0.6945450449832377,306.45457174635794,0.0013739702154357636
242.27771537086892,1.975288786511144,22.615476307406414,69.92714027955878,0.3046657933730146,162.22996622726913,0.0012390434218381777
243.7110180942207,1.9731726852723324,12.555790915703335,72.5936348322632,0.9393161111133517,218.2589511360388,0.0011207577368293373
149.00523058914436,1.966620313906062,19.706418609077794,69.63686828706226,0.09792954136090033,188.48787194285373,0.0012162778030515762
194.39756655767943,1.991143699002692,9.13585545625439,67.47925284216826,0.41178643167415235,42.80570695818661,0.0012025046089895507
76.56578185055037,1.9964122496339685,17.02545413664605,73.42918378095425,0.6469945130761339,14.148457555153003,0.0014218640679590309
83.91755530610665,1.9894764374424465,24.00044563360799,66.01885375111168,0.7116382441178418,70.42481307146691,0.0013180253629418604
229.22120902862446,1.9216329842986997,11.729330628664178,61.69334295969109,0.12240156814807299,27.454392288185314,0.0013826343102456805
194.63759851283052,1.938084825960078,5.458677784421484,69.71439382164664,0.25102133542721466,20.361654095332323,0.0013979013354504088
211.72226681907003,1.9735791816788864,24.180824870866303,69.84903059380991,0.6926597375021804,18.449395410607384,0.0012872645806197515
88.29045572571609,1.9351425080018951,20.256203000135546,64.12931165881616,0.10484367824735204,31.66471264848203,0.001297649290062005
97.22489926535576,1.922417909082464,17.83140943228398,63.00051180908066,0.08424757885354765,27.937617786510085,0.0013032968871419196
190.06298296107335,1.9301076328862454,33.78778928996699,55.66512390081585,0.03127199532846505,10.639030839172763,0.0014945345661936404
189.8203766342646,1.8368122131574187,32.19554847788766,68.5336206950425,0.1731841476744458,6.128009863368079,0.001540174626295197
201.08679608827913,1.9234684781514106,21.17292653493478,68.97225970004601,0.4729229244032309,7.784448852744484,0.0015010609844086614
147.59752783516063,1.8323381894658968,28.48196368044463,63.01196614190606,0.22503457892878473,5.70788419042616,0.0013379366647339754
79.61588443156978,1.9870168068489205,12.877808972537942,69.81328060622211,0.7409290152573033,4.178977003424526,0.0014465905289121857
146.71218528101804,1.9661550788657707,26.40940525662539,63.46359876848517,0.31770608468256184,6.945494256873023,0.0015223420082903112
101.81723398206415,1.9876754806360828,16.998421963019698,71.12660676968491,0.3672338813172414,1224.3533583791607,0.0012002523942734817
73.01695337687768,1.898121477859608,27.43063069210529,61.85931968894698,0.24724818560530212,95.56547714722392,0.0013363753355940548
88.53124970376818,1.968361162833337,18.292099039978403,69.15819292094596,0.2990886059072529,32.93233457931804,0.0015402814817272205
102.62006908025808,1.9461846732812849,17.573064611407258,66.4249252699983,0.38943158386842264,54.897539796232124,0.0014931927793393753
178.65969068910096,1.9352575491580764,38.19215249465328,67.59055028904167,0.4406009687381368,76.07374972239099,0.0014420621178506186
100.01990931717795,1.9207947878252773,31.953926229307733,74.00711831996017,1.088555622801491,23.1354885756733,0.001780042879434789
105.21784018607015,1.9225552567200472,34.000707054059085,73.95402793028295,1.043370618934181,24.728555005250577,0.0017667032101588945
120.21954258057045,1.910728994437687,33.65113258959658,73.68994843333493,0.964292223431132,20.419134670412316,0.0017540598621040477
187.20768641019046,1.8860542718471478,33.198079601798014,74.10368792880722,1.1584467518572634,16.419467906047313,0.0017682481890737398
82.4394573885018,1.9902622406038664,10.562464418265565,65.13417378177579,0.28622728620640275,83.14085425853328,0.00132705569478742
50.11330424426874,1.9168056428501674,39.72319157769988,69.38450056238236,0.22469937067987727,1532.2025859922667,0.0013428873532857835
55.29346425021259,1.9282468289662618,9.172356096389224,72.43229745171625,0.6980559329098472,105.37708358516873,0.001606584102562702
238.4348881712757,1.9796762903439564,34.75969834957217,65.67050243681497,0.25639600757063197,350.56384694817075,0.001185502983446332
241.86964692441614,1.9867513856568542,7.8949648097092355,66.66940052483302,0.12324862746162073,133.7897617435961,0.001353942425046869
212.92912300761958,1.9766068860614676,13.839794404847186,65.46696074035512,0.19902703006587505,772.0158205435536,0.001317095256445644
122.04482996519064,1.92942385311518,31.305132588863323,66.2077198562161,0.25977816317410324,459.9775990776391,0.0014379526388752185
228.75115721804121,1.970520307488321,16.08140733490356,73.63550763584098,0.958552499954671,856.3371803742663,0.0012949517886264798
234.71440260938434,1.9807675031207788,8.464708733618806,68.85982392743222,0.2699604602532589,620.3822256847377,0.0013304702244611253
52.049601633313,1.9712655676130033,36.73665274696576,67.34391569476048,0.0071835853001479735,1077.4999137899135,0.0012643478528926117
54.512468503064504,1.9603079154556085,39.1119912482473,71.80873010551325,0.007584905111767536,1130.2279729818556,0.0012325876133180075
60.15999075676632,1.9306063391752892,45.33507783556831,68.35095730483087,0.13495384091277005,992.9998542165131,0.0012377166784362024
82.95032107410144,1.996993631502577,23.504717740531607,69.56510457116639,0.6974492626370116,595.3995414566515,0.0013832486824837669
59.71702469743927,1.9951949399602833,32.440059432196996,62.81272509366699,0.10127570308821045,598.8876548591736,0.0014235893915514508
63.70533035415949,1.9980011182531876,33.99553621021615,63.74228161011549,0.034517809132610315,900.4147781560667,0.001477850824550433
176.5111530563417,1.9745256811422627,17.652113811117946,72.17846235914149,0.3754867583834723,1132.926922311978,0.0010912586839618133
103.34208149323018,1.9817981641970392,11.795832766326589,67.56937810623306,0.41392847191818993,157.60576461581286,0.0014542497515977137
204.6151009620491,1.9370680073245918,21.849644522293445,68.7611644731123,0.48551792455497317,271.9314097061358,0.0014395739969404863
119.27045121065484,1.9842217680311502,11.476623066998657,71.1338553946318,0.3549336375376491,957.7511617482411,0.0011619037263528509
111.33506912668881,1.9875557559805614,25.68550561958099,66.21647483566532,0.07018109313346985,1088.5076339468058,0.0012751875887688962
186.97953022596846,1.9486009461404912,21.832346256769494,71.92446004500354,1.1825929732352314,77.04263570016195,0.00147138305603078
217.9921858175379,1.8466130744956255,33.561054404236664,72.31038782679259,0.22686087864611715,116.2032057292321,0.0014445837043571066
106.5708005966154,1.9462211153340296,14.03068784070112,73.29344065685606,0.3830933564995041,1654.0448103898868,0.0012751743856834752
142.04726855246744,1.9950933505763313,29.288310965247977,69.21810902540236,0.3977833481377842,83.82236046642689,0.0014279996117776668
132.80542263664393,1.9983800934564673,13.903002683830291,67.07386061924275,0.507851345827074,140.38189376477328,0.0013554876499391813
140.55301542067278,1.997242295089253,24.747428411313287,65.64233914058242,0.6324649038848766,202.791874701739,0.0014320251529100886
167.41086660512207,1.998054561003464,14.111191138052195,68.11578250622333,0.43883370629714236,110.74284271199093,0.0015140242829230553
136.64023790910312,1.9983369522778416,11.5694685904934,62.68942599651084,0.345458870359109,105.87857730197372,0.0015111898029888753
149.13547190509993,1.986363619184131,30.94440439425508,71.15292474567346,0.8995288692838677,28.988199567260853,0.00115517133150875
161.77812118008552,1.9842035789920145,11.740207792346757,63.091374889214684,0.23839113442261928,61.83038582307544,0.0013192679386859084
166.71808460042672,1.9863155991165748,11.376161312605477,60.72403026281274,0.23193173838118802,59.58082311603782,0.0013352218006229494
84.83716800955261,1.919380046529512,34.12448406199348,63.15673761244592,0.2507953359733256,120.35984512757959,0.0014065917301789937
153.91990763924926,1.9755877949425336,19.723330495225248,65.59163232497454,0.3372911461278133,94.77855361277429,0.0014210113504889476
163.11154713421607,1.9896670469730837,11.89601649684469,68.02585066709418,0.4401211326188903,111.31414169478168,0.0014057609324714176
220.92474166486866,1.9920429821022467,20.530406489644403,66.4011640218737,0.42900886602691796,643.7926842544633,0.001266153084769711
71.7862566588083,1.9435920480345683,22.953445142210267,71.31165553212021,0.5518537131127244,394.49223728905537,0.0012647372794950817
182.16898528128766,1.9949902974655251,22.858503969973217,70.59999875128332,0.04896902686266338,791.3391256832073,0.001293330125836831
131.13845970945195,1.9951240574358817,21.629441388231328,73.06414304146584,0.9899833870301158,576.6742897086689,0.0014705800893119385
238.61450719163219,1.8838413169939576,23.925085295229557,66.32006557177021,0.2674114546429778,781.015978415987,0.0011385846692804978
245.65669312502584,1.9606860532621364,19.069809591772522,67.16181474639318,0.47290537120625703,602.7257542383114,0.0011830915113911777
76.77649384714876,1.9880642695771098,26.035254220545422,71.25001513837205,0.3711739807640584,782.0483109749927,0.0014057602898145728
182.68606796130874,1.8363806921026502,18.28608470816687,67.86392205785981,0.386141796374296,371.5133648904771,0.0016573789033719657
53.55537953287684,1.9981642136972844,39.2762163590812,66.95071556732933,0.2389019534446067,960.8287529900728,0.0010055508331992152
72.88431212857196,1.931857033822602,20.331249857554173,69.49898778990655,0.32634017077834393,994.9431611287355,0.0014300210715888747
50.41111853837291,1.94581643510106,30.327378044371045,64.68871119755744,0.31418807410335703,615.1961491957542,0.0014705310895620138
70.72319252513849,1.967941913538018,13.948852448744455,69.32475772395183,0.7165454307978756,182.5061487523154,0.0013991929666045439
69.31096249738253,1.9686582591039943,13.17790917317769,69.56224492091567,0.706005777348009,161.8565967555647,0.0014040123644113041
69.44619061324359,1.9643929307577563,15.27722660365581,70.68496748193834,0.8515683181631549,175.59384597559122,0.0013781568428354745
94.45055628019915,1.961111934208984,22.57162991360953,63.558237148747445,0.21523152945986224,87.78534859392924,0.0014121752424980918
162.88966544647965,1.9658479032664438,19.330261778200217,70.80329772311713,0.9228457510115882,39.9549968249939,0.0011994006936100314
139.43654280872508,1.9747155464111,21.16437279458166,70.77105856367056,0.8520725665735513,57.7863362557119,0.0011068406561966996
142.02260800978624,1.9657433992003206,1.5569229478388693,59.42686672393405,0.13617182331393274,472.47613223722806,0.0014923756619629766
206.33450617773968,1.971712995876633,0.30112622920187093,69.97312548248273,2.1701783271318433,726.9050540949687,0.0013726772901197601
210.67854460574506,1.9137815771925164,0.09978149148331689,67.4294998489377,0.7797310996121828,676.8687778768588,0.001424920168660386
129.85262207021145,1.9885815732251861,0.00039233682660308103,11.869762125729938,0.3030485700460114,24.98099328876945,0.0012548451184254692
235.00159193348014,1.9106447160390165,0.01490109255066594,23.164947879591985,0.5559411342596922,503.51625849334397,0.0015479806231169075
96.04830268311039,1.9934665087795478,0.0028782009947463574,29.93715839864904,0.019072516367516862,156.70930511693746,0.0012752330203294748
130.0511914979849,1.9432293336366433,0.045219314872862765,60.14389104429276,1.0350156690453136,1257.9022779412749,0.0013796056153766148
132.71719522703347,1.9536337108669344,0.033200207890425576,65.27286357684847,1.2770037867792778,342.3082982530833,0.0014282265901530912
171.38500075447422,1.9688242952789834,0.17157109133566917,66.56840492852557,0.5670434231427756,831.8216323763497,0.0013705680589152411
235.79906778653702,1.9364292686342035,0.6055546229911203,61.133277263577696,0.3894434694496051,692.8245197973489,0.0013839865116561474
100.81472207399969,1.9901581946536724,49.50602713715103,70.15198408702695,0.3061316966391727,923.6921003863343,0.0013936804022329182
104.57727293216851,1.989417566840275,49.5299886835735,70.725390039215,0.6668913067018348,810.416363985918,0.0013893613769653057
55.08889066130289,1.9963774156053062,48.377280028926954,64.93589550074167,0.0639724634440791,830.5866712612544,0.0012444965837668292
212.51467264413137,1.9943293745626982,48.65845439146776,66.90098342657585,0.42802710964815677,423.3069664110141,0.001424803531476582
197.763848592559,1.997862306081694,1.2749863117014786,65.69409971362602,0.1970181278919263,659.061199988858,0.001348459976600768
185.22792947944166,1.998697429337514,1.0118213972784018,64.30447359664062,0.14251825663978904,460.02201499146236,0.0013116456985647746
164.68417357731013,1.9914910393827394,1.7032791922051773,65.28870490341276,0.00841169184681987,295.2554786693943,0.0013553599715938778
142.3840133924094,1.9255414982102432,1.8030933555480269,67.90769703291242,0.22323895447120895,828.3805565333774,0.0014315271396847123
148.0998326656713,1.9937061714399353,0.2898861843491689,67.77680240813692,0.3163126635950843,364.88828513614,0.0013984286323443784
207.92303413023052,1.9869046115034235,0.16211867720248768,69.9734585172253,1.2268958365297788,513.7183288113563,0.0012732996001301304
81.94851174180229,1.974892906807601,0.6229092879124053,60.830792219443346,0.46079271089002444,312.4283979929987,0.0012859299960343098
242.30117048498647,1.9813022406534426,47.3476425714917,73.59090556275473,0.524866469881287,377.13383676414355,0.0013523490816241962
88.15182765646506,1.9730134359121188,9.397641982822748,64.71579330194548,0.5168592316542585,287.72114343666914,0.001262929316497313
83.12594467863566,1.92180901388313,21.342452631169643,69.88112085417556,0.6407440436259677,417.8486872853202,0.0012294066253547196
76.4384067894086,1.9533083952606531,14.862763529941478,66.51577065002726,0.43419950809413055,501.7079331603702,0.001108762560510156
124.16811533455902,1.970816018025198,6.125950972582869,63.74501288415219,0.20477322445678353,517.2439546802511,0.001208878415284817
163.53094037323342,1.9982606743918245,28.016719681416745,74.21220557919499,0.48041005370532175,649.8724363521114,0.0014897481267937853
158.7562384357578,1.9957640707477067,22.22998505068374,72.48451455537301,0.1622011955792357,1350.514685595797,0.001628392675541754
242.4697582589816,1.996337554920041,21.129003241024684,64.88623984186196,0.607578252664271,361.20369221742703,0.0014633806222094147
152.23150610322296,1.9312020647515038,12.833632319608112,72.47384830757518,0.32766807737079184,353.5563339375185,0.0014066885726115603
184.01234098141626,1.8905659693941106,9.376738877904154,73.31162824093008,0.7609074267779583,278.8847296079977,0.0014242442124463594
190.3960798384879,1.9121100042027068,15.666197177639305,74.11241662115732,0.9908466205659922,450.2255242297869,0.0014008194978601311
108.76477008876607,1.9668929189118687,28.469259429301054,74.28990849701928,0.6143410268004819,695.9555098207121,0.0014607325097862444
60.61150804327426,1.9724710403343084,20.57840669187223,65.87995069846333,0.4897826883911091,512.7725595136476,0.0012970960660312497
84.9966503469955,1.9469695610068387,32.109860927996095,74.03971746708763,0.6332796306647548,1033.2733399983542,0.0013809919330012074
71.54115275133489,1.9280241854388498,26.428098904869902,73.69356688166602,0.6230569318578145,1398.251990478828,0.001362132048370303
59.17022674228281,1.9744746080315394,28.87112193783421,74.36044829915647,0.2556658100804582,513.0519049741473,0.001258698095245873
243.100775416379,1.9849704879215104,7.635825100868175,69.79617301879246,1.0792668683764974,201.74155139417044,0.001313373300746879
233.14005624608345,1.9872095458204495,8.169523890480352,69.48758365374287,1.0834878929217713,416.13054769460297,0.0014378860377506917
239.7423501288986,1.9864589672490331,6.839255336708589,67.78959275612085,1.0107586993563538,416.9948766015153,0.0014731899983359276
190.70491242127991,1.9948837992971185,17.991225075499834,65.29870607301969,0.07622574803858524,795.5545301322145,0.0014380690861519009
203.89719300785376,1.9830445526475242,28.47841456405312,73.30630259345982,0.7951144145555747,356.64407949680594,0.0015727487170698
168.4330315626278,1.9871530468196783,15.84059100808502,70.89825819906744,0.3213557189221511,1266.6555624296504,0.001430717843988771
134.35098653292562,1.9867637131973068,18.407679091840322,73.26861161767484,1.3103456067228816,606.3020147910672,0.0014222398600132356
166.59700866961794,1.9842507862769752,21.25507464377747,68.27166456916463,0.3331617597635427,434.654383042092,0.0015124421935348814
64.36808496659408,1.980519211245225,20.42509561507419,65.72228151411005,0.3273681066990119,81.73494739413,0.0012988827898640992
134.91002283470357,1.977407348114213,15.260943362116366,68.54067944373507,0.1710081465186595,22.84527946638693,0.0014611128911040932
85.4028181015588,1.9594044102445056,31.000971642342822,71.58319997526458,0.9777210997358574,38.83117498040968,0.001515078909077917
197.38785554993896,1.9500029089121553,16.447419575555596,65.4581898556504,0.06289257954677867,557.7742658864157,0.0012419901519965756
133.00831035515967,1.9827011937939725,16.237012838695936,67.7244357782131,0.5054971333706562,848.2498894653347,0.001278109394132787
174.6690270636822,1.998770607090674,28.597530792681,71.33173627149121,0.732499671025297,303.13353320397636,0.001221373309731663
192.29689116760943,1.9740359837513448,33.05343632568522,73.82988763625035,1.1283706053890807,43.7199118790607,0.0012975406724389993
218.54341853419248,1.970072703951635,16.167514052919547,74.21182042761296,0.8829086143760944,26.264534115245617,0.0014839106679493772
193.50979744849909,1.9713037837607001,28.868628780104373,73.91133452847728,1.271503924996519,31.977610457564065,0.0013263679305266251
97.33093022266969,1.952944214979763,18.940517668541126,72.93579306491841,0.27818290637810456,1007.2981217817756,0.0012378343106762058
113.36223660527615,1.9768974204113934,24.602816546697344,73.03948387658176,1.0324642663658061,526.1765344537996,0.0012073771051205446
166.50399304981903,1.9625114671190715,9.829279146129393,73.3557373370262,0.43439257027304784,1373.7664201190426,0.0013076706666734
138.7121554333309,1.985059324120091,12.127216793015123,66.03710202393128,0.05735016862631554,394.6148781382329,0.0012916821230560707
116.99363525051972,1.9904833650278122,9.107363872045207,62.95342969016292,0.037922318854108086,235.0748300043589,0.0013159122245175162
152.26387448311783,1.9950032461943819,41.715202977325646,70.08817366978388,0.0644305569072331,1331.1683829973422,0.0013420320635415687
211.81998897272783,1.9960754474128175,10.91340194819129,67.59713019258673,1.0225740590079293,294.7960739885167,0.0011955372549770354
80.7481695185513,1.9964625062285024,13.00411024447622,73.72122790908405,0.8870218759385403,410.91340019790005,0.0014526409569552766
196.93608111058182,1.9816439189995914,11.676161556611714,64.26026309289641,0.16005131392616384,411.7857076100481,0.001156940296716436
64.7673520029138,1.9942594507336626,16.468773474870073,65.93619228796062,0.3256892327037357,620.888492038522,0.0012847147892131512
89.87640656554109,1.9934762822114578,3.8714367461072436,66.15666458142086,0.22859715256547752,75.18033107411426,0.001422204838319879
108.95173008202607,1.9788582126047092,14.0349023145514,71.34240705340399,0.24938617234568838,1290.0799733846698,0.0013436161328252024
173.1200475780456,1.9355265462203006,29.299022182422068,65.36077065001716,0.3490161604032336,88.68894233863467,0.0012679008820405595
98.26335845510786,1.983053285819571,9.019104192891362,72.74054855927062,0.5045535210527936,175.2956469761156,0.0013862878819135174
102.21627132688933,1.9848784622635,5.811568038770474,72.36198759463981,0.5227508241753495,135.6696296767932,0.001416129119996938
170.32068298476338,1.9996395058362217,22.472835160938555,60.4223631569339,0.05305012137223708,328.6330150488953,0.0012235926426984443
109.77253580232102,1.9999681620808012,15.277955233625082,73.73535181266351,0.06452467518537389,88.61047922293578,0.0013946173611215189
169.43264461261026,1.9999272098727892,24.952005088864926,74.36086630824403,0.05572769241227068,172.32664850627043,0.0014555632972690319
141.06003608177963,1.9999595368010235,23.305594608078835,74.16021143239635,0.07891157106723201,185.3128176191449,0.0013028530146634199
97.66925907398253,1.9999334340672446,8.708901043661687,74.40095914491869,0.09921629766772998,208.64248655244236,0.001581683473867442
168.3509691288423,1.9927030434186588,4.779470055176972,61.671707486361285,0.029818254554139573,1049.3649785046691,0.0013961096203444767
119.08581922146873,1.9915034255575599,13.461937306370327,63.64284495714751,0.018851586466651072,570.9612969593146,0.0013582661654193938
102.73173769881481,1.9378857096711255,26.832105349564277,64.1993439732365,0.0443677789920698,641.3136636471149,0.0011925021543842727
53.23740647697478,1.9639081084559198,15.952643882599427,63.05981400611327,0.07048160588641911,880.236181152202,0.0013280991528758237
208.66301241002995,1.9493329841961402,36.62715549593961,70.26334554481663,0.6901211773744528,483.5959478230401,0.0014465979001023466
176.7222830640919,1.8074780849039145,20.89100754417233,73.43580309229311,1.0605505489131788,511.92442031834315,0.0014862087807655377
62.25010423934321,1.99988105099344,27.186382814947386,61.97729953197134,0.012297802430798596,652.3219039445859,0.00120669653896567
52.9727122891148,1.9995287711477079,31.6754456098482,68.6306351574958,0.11939268056941114,1078.4573801201593,0.0011322106128390627
77.20909866061801,1.9564247805794353,25.8590896798009,69.56791458841471,0.5195364032479571,555.2936994987613,0.001327661112612706
102.69298235632688,1.9555298305845017,21.15604755417312,68.09858240642225,0.3054919756391674,933.3369116828103,0.001310350072855762
121.36225257638009,1.951244248838724,20.362997002277243,64.79099634668488,0.3306511500310626,862.6119179885154,0.001288404253066431
152.80703422170043,1.9027204951014056,26.247458811027546,74.09708260216371,0.8079551907666204,231.12670567686916,0.001539870760321538
147.83136454275225,1.9510460960951224,21.527503229413718,74.66567464030526,0.5099249776354132,158.78250254204815,0.0012812194282442511
84.04469958280788,1.9468279682411636,17.36787175588139,73.56689776326779,0.4288279150646135,990.753169076284,0.0011966733666417919
185.4015707374524,1.988000883881725,29.45993051145669,63.68305393180016,0.36080952810048256,121.19778115030033,0.001249296576534484
82.6651851637379,1.9439493418784681,16.354542698169954,73.29530847306037,0.8987185265475941,206.72616066901554,0.00149581848164979
208.9043817219375,1.9176445782307967,3.7398698790702616,71.51706789221745,0.2769881293293554,576.8036329182311,0.0013478911909251773
211.1355062700102,1.911807580825915,9.959772736495356,70.1983870991229,1.3052043244604594,743.1545195068923,0.0012611322364422623
70.59747948937613,1.9904419537042426,30.331642276272724,64.4812923556916,0.01187222703219608,426.01016819548965,0.0015012704917550846
58.50700274000884,1.9828448202675124,29.45475165984891,62.95478923154731,0.01668791659967125,618.8642479919224,0.0015183181563072539
117.88221733921787,1.9929593759450566,26.649871302653576,68.5259053933957,0.4842044973095252,812.1422762040366,0.0013806051987802247
114.54134913571411,1.8937923626310231,13.968544531396669,68.07670521339982,0.434471551719124,592.6707013830961,0.0013678910733363112
102.69253924324605,1.901022050587428,17.359299120906606,68.93026944966302,0.552664012238379,670.8249497353746,0.0012546919637557593
56.03622160137722,1.9510672291884303,42.8842164077338,73.47681990845288,0.5289148136510553,979.3343056211144,0.0014545692679085141
229.08013865242717,1.972146482085598,1.0810723041719004,60.55499523112313,0.09976981747186098,54.94669176993109,0.0012671804180458392
55.82342706333805,1.9815099965724923,41.05943917097055,71.02752613582282,0.5065859566658808,848.2888767009106,0.0013083519684873957
55.14299515753128,1.9787582285625471,42.35462813795031,72.00124017279333,0.31087381401214137,1292.298544775538,0.001335296105564741
79.08364272407893,1.9857808040772311,44.65126501485817,69.37592678146447,0.139472172362859,768.8654327306597,0.001299216901909924
64.66215614113487,1.9829512193619125,4.564576821133602,67.14294186368645,0.13263922811348214,660.7570775165617,0.0015630482239815992
206.19834704034557,1.959915049986196,28.403220597370687,73.25401430847863,0.8830398072398107,178.64367563593032,0.0016585374166643305
181.377831606642,1.9845069762046337,19.46358159884523,69.84843954101815,0.8787083673126042,245.25251751653613,0.0016468075961024334
116.08039714788498,1.963489135979803,36.0734770763488,66.77936772074072,0.4728711908840055,387.009685903187,0.0014212621197441508
103.42410685302406,1.97839695105811,43.5023591296806,64.77727587136377,0.12468102577914147,1039.459878519869,0.0012320552733809406
93.54225700510662,1.9774159340861441,43.229704454239744,67.69449692958631,0.14794218151979788,794.6043129400821,0.0012498860026025245
55.768345234221,1.9622020362597175,10.916559504031781,62.26548125816295,0.12672201451283244,548.9923759342586,0.0012639616665809446
62.94593714211478,1.9700835165244037,46.110691398643866,69.23860483359202,0.2149474055060322,1058.9467129160557,0.0012845155061941762
65.96594451589205,1.964602374945562,44.66182463347407,71.2043148153583,0.1953113153483472,1000.3958920990441,0.0012916546231484586
132.57143894562358,1.979309436054091,48.873219605102186,71.61715636807415,0.5392355187960819,906.8395564031993,0.0015222612215503874
137.5935923017383,1.9817913098207196,31.798137227938,63.10243633960161,0.2174933643743532,439.77399096938717,0.0015085289088364031
89.42366398853119,1.9849534232175863,22.47317617040104,70.70297146028443,0.6634115811709304,463.9151928977279,0.001508368961882315
180.398806471915,1.9612283083146789,20.174727956337854,72.8438373900407,0.7677043537264935,319.3150555070786,0.0012902965452948705
181.73491419550732,1.9585394229605375,19.42219571693648,73.48169675214568,1.3018946225129246,465.4348680232621,0.0013486730026871234
213.2784237090702,1.9617994651953272,24.651689515642943,71.47148219436723,0.5444243829850823,235.2900296983697,0.0013934487289190651
223.06359082204517,1.955378102354694,13.163064158660214,66.91207674388131,0.40001464427250816,403.0722766921919,0.0013923488264935189
198.84259507187102,1.920295575925876,15.967735923606346,66.70349907099676,0.5909250248254336,336.434325837933,0.0014161942689486764
154.81048590835397,1.9768537843087095,32.056428631797196,71.53200198709759,0.5127058892259627,547.284107644997,0.0014001042720080186
168.61207461429842,1.9738612069495571,35.92983206477777,68.61622366173842,0.30625001268874097,832.725191822794,0.001366621023489825
124.01216931343511,1.9480615117893185,18.963307358252393,72.74001953859565,0.7590434219860351,690.9974898395,0.001491870467423208
229.97511257964467,1.9649840202268603,31.19080989977861,72.83874135968715,0.6344606205656785,271.1611590221979,0.0013253399675287087
234.20455140087697,1.943926731946833,7.791237880164305,64.3293915415729,0.1281923670110694,433.99564207851034,0.0011245761611244202
166.913459974393,1.9536338817275154,38.94367097603511,67.53061806060545,0.612576716317156,542.0188128168388,0.0013394946787116983
169.4366696404216,1.939895680761854,43.21958684817563,72.51534338337518,0.47778239866044,1050.9388272936642,0.0013312448711906965
204.73052354761197,1.927710365563291,41.14527471631339,73.35910267206275,0.5251223930238618,1496.346274433283,0.0013726534687632298
228.62610258717,1.9375572226474256,33.54403901247702,72.5340886640065,0.4719034084433582,959.4599070740617,0.0013369458680421817
141.56507995787828,1.987841964775944,15.199953092081014,72.25588264116462,0.8062084128505091,263.2656103815305,0.0012735926277718593
188.10744079930916,1.979533992035327,7.4482123657265875,73.5638138208334,1.3743628284921323,268.0798815205773,0.0014533637130729512
68.55629340798491,1.9832843630625427,29.793165403880117,69.21807151210965,0.43693973320025775,565.9028626249989,0.0013557770036928367
185.14843535506387,1.9963226854309255,5.8928541081161105,66.04283180896526,0.18346562104242192,734.8143550927881,0.0015333595892514475
156.42981160164064,1.992828822941059,3.6987975935822606,65.59921226081649,0.07679278798654948,476.7242410815242,0.0013500203916266516
112.08221694983263,1.992266625387048,7.580339612067491,63.52620373675437,0.0283574203964587,714.9852231594023,0.0014243733364806299
85.32067831065153,1.984956008247002,40.724011279641545,73.11666614001544,0.08728514182001851,714.4528888589725,0.0011998848309729166
146.28972350858172,1.9642655234632997,42.13145997702109,64.67612223066656,0.11859889065992961,1124.515868495095,0.0012319186220601734
141.18149903758052,1.9644113676101844,3.3905987736662855,72.65904047014976,0.8603578476170148,336.3470659066174,0.0013218365514280034
130.05076944064666,1.9570317335667726,40.833518970126306,61.959319644930915,0.0857645090892378,674.8147930894527,0.0013799397515041293
121.50384799717307,1.9647808692643245,42.417932983703736,62.103689176424176,0.05482397335351259,481.87707587098754,0.0014242536378169428
223.68216875911094,1.9716209987443616,17.561810585516806,64.02002507031062,0.05231136190125519,258.88104876592314,0.001621948325809555
243.47997346455594,1.9778048285359338,34.02213433264662,64.119833846544,0.22681937811204766,458.9039739271083,0.0015211688900667133
70.95477510217135,1.969982690055804,14.68882632680043,68.54100184365824,0.5107020840009009,668.8707057889961,0.0014860307548097006
86.24168813694895,1.9561256216107228,40.0185750488501,66.88039040600492,0.10454774533979128,866.9186965086633,0.001209751710010458
223.97082908038732,1.9792571443979903,12.11706256872668,71.72654893800657,1.2320612938437174,541.0689040911659,0.0013640709509004946
61.68450072577071,1.9975115653012459,28.349912502926728,62.48561781083491,0.1030149790713248,641.6696815840065,0.0011045498711089834
183.40699349233515,1.9972877484352614,21.634956240088492,63.71247054115238,0.025431320718602577,1010.8847024579056,0.001400225644271788
115.69374577583429,1.9957222858428283,24.76623035414044,68.79142299118276,0.4504227151286209,484.0355090329414,0.0013422208416422978
54.5447728634634,1.9857732065393072,28.94831081773389,73.87264655590754,0.03649545366809003,888.5904535501085,0.0012286542597356024
50.27769453975492,1.9930914232797223,25.43294958865451,74.36391137095573,0.07054467701891771,783.4769120052362,0.0012352606753342939
148.11613658616284,1.9846122172706784,27.428755420259993,73.64032185245877,0.011777785973711694,1070.1511494638228,0.0014551785095350107
165.54410328303905,1.9810521244115562,30.811065959943164,73.74393912430833,0.010908501804407748,605.9617797988215,0.0014627799130238414
98.76774279921305,1.9841154361472078,6.1630560513661,74.85453645811756,0.2562719937122156,565.5734845724281,0.0014437602668594756
112.63371839600936,1.9225869743629793,40.7191140720158,74.74423915470678,0.046751108824510744,1023.4115703101162,0.0014083855920016242
114.0494138038291,1.9597891958868972,40.19553059222829,74.66389043594086,0.05079378030612596,919.9958608145525,0.0014219681652865028
161.4894024555312,1.997239261548659,4.898034844157422,74.98480927436879,0.7879613120255355,392.6336393979789,0.0013282969634199325
106.26340332716141,1.969775965243909,28.682713558997957,74.99651710870202,1.057989108520449,1074.718153721259,0.001317448339979051
199.38413485768478,1.9555485026413042,15.73667818099257,74.98254025792255,0.21058747525997598,334.762808569116,0.0012827697852477297
147.49537852168058,1.983331739711836,30.058706638997855,74.98646370425107,0.29086253051599315,533.738610596628,0.0013036714257421429
156.92899807860502,1.9738025788309579,12.18880785388453,74.99551822918852,1.4537687016497256,25.60323345015804,0.0014609279977868595
133.68809672774464,1.9628471869816773,34.9133720931449,74.9857357388506,0.2961320763294953,1357.1660528135392,0.0014469599041418387
184.08674935929128,1.9574058131353855,17.618727666830488,74.91600058858828,0.2785957375055762,257.4597354707183,0.0014769783783924412
173.05310428267643,1.990580391624418,27.813718755178613,72.90244523701406,0.037418388188878195,826.696511694334,0.0012645555398375415
61.214272324812406,1.9943146597564008,21.546575071898538,72.42664490450476,0.019498945296278762,1043.5349735702816,0.0011991559162348067
79.13712880088474,1.9974216050687519,14.867694344782963,72.69637701826737,0.03741012889032005,1251.4712073181377,0.0012541915266541196
103.6926468006051,1.996535005586804,21.26772902747466,71.79473295732126,0.012247950526126743,980.3636837971391,0.0011859189269202838
170.253223395359,1.9821382349215728,24.76624586746449,61.938963434385464,0.008076337709316293,561.4189625529347,0.0012109689788217634
169.46896169751597,1.9203479994151484,33.72999495532329,73.4144683925475,0.528170570481136,297.55437385875797,0.0015671743822948678
183.2597040717083,1.91152971273671,31.352537789448697,73.08981632584809,0.4439607830265061,314.1975068224732,0.001572724437095796
154.34356434657397,1.9302486716566698,37.490848045256485,72.56135942227809,0.3805359089961085,461.1749663857332,0.0015886349952301464
89.18976194926839,1.9494824649228197,19.046946334298426,64.25627220927329,0.21049021628797046,897.602912005321,0.001363074918816965
89.04414207646812,1.9706294016974226,32.9474793804197,61.86947357657519,0.006785979569713485,594.066925664407,0.0011910935430080997
81.39342865171258,1.9858366015570994,41.095618298404865,65.11802482639614,0.001498210858173438,986.7746079857145,0.0013087372979811423
94.34422719511237,1.9907197973656694,35.10027812008632,61.013766785382,0.00282660345201136,672.9344692724408,0.0013410328386879633
121.59333802026649,1.9767426103294983,19.36937543368118,60.75405546733453,0.0027556709599913668,478.4059700278892,0.001374778436654256
90.95867315396143,1.9808767940275434,28.429739294901914,65.54277907743482,0.002542415624200331,407.28157711995436,0.0014067894161498623
176.06038940546654,1.9596498815079786,24.06240632583053,62.90591992773822,0.028219489177457042,1044.1858101880798,0.0012681208375423473
235.2422685386558,1.937008803132932,25.78398611036425,72.15581686772146,0.18509410819442917,443.9802160545761,0.0013516096208756611
223.3171344596484,1.8972266131441557,22.360736956410758,69.69911392841064,0.3773821218808273,689.8786863060297,0.0013636645896526445
127.24350935376737,1.9611451223071703,26.519769341697934,64.908429716585,0.3065589512253735,605.2044426843413,0.0013175162156183274
195.3120387359651,1.971159806494178,28.288544882501675,70.26757389186598,0.46951780905711615,516.6027223092958,0.0013630377942463203
199.31424268095967,1.9568884404941387,32.28853986797849,69.2239497413011,0.6330315930352998,644.4918391564572,0.0014507250469301268
211.2470593318999,1.9248081720535153,22.515907058082576,72.09807803551328,1.0172302148820906,371.2445486814021,0.001516146536756895
73.417374914236,1.9537784664369882,23.397144212548422,73.96754682258279,0.2086888736508196,383.6672848223407,0.0014321752776350785
119.46059687410879,1.9635712701801082,23.86712089284333,73.83009317249936,0.6801445889253451,170.34292492164147,0.0014306404335219691
103.99993284713322,1.988610177811801,23.035082955092605,72.75777863804717,0.43427125864718685,220.6638632147562,0.0014354767880155293
115.09312029176701,1.9722794446063707,17.807452360407943,72.84448744864444,0.9216193654067703,101.62400220911661,0.001307366917334075
186.5745897544789,1.998118962952713,24.90037685188157,68.7080175193126,0.583308048569988,704.0815688522489,0.001256598531859916
79.74096308207164,1.9961017717238543,23.19132628593089,64.92562139958225,0.31912379816997105,533.6825716380476,0.001857403820676584
172.51847457333892,1.98462231575899,20.745270975168758,70.17017379322401,0.27693740722158605,869.5447190045136,0.0010400901471664303
53.78289353685512,1.9345224911726515,28.039639711607006,67.95947273191281,0.1413263327458564,1066.5901842833166,0.0015535642989260088
56.223060979682934,1.9335853397996232,28.809446338936308,69.49862860571196,0.3281499068973137,843.1395027442919,0.0015743079604117712
176.12147623313217,1.9636541705500055,16.626946754602038,71.7159295361083,0.5920428264988704,161.02307518371612,0.00132514441618024
236.37267041501266,1.9894516069360628,29.471805274145314,71.69319705526058,0.5953018070696532,227.1456201066935,0.001360990420841685
242.20940655714816,1.9893063167389122,26.06919870805327,71.33651903341274,0.603657574968875,184.04896027377123,0.0013833028180784013
219.84353088774478,1.9194062737226725,21.798668878943108,69.58472794263797,0.047906337528718416,502.90447120439404,0.0013971004692011901
104.00362586687349,1.9825246883746808,25.799887195590564,73.59453279573107,0.1287049973897467,918.6212130069677,0.0012724680170882084
183.8616802005588,1.9814634666100732,13.534804141014083,74.78746308297907,1.483858648225972,363.3401996092658,0.0012243867485428332
173.53927318829133,1.9926040546885313,20.821698710102115,74.75060632337559,0.7802451056409088,574.0225883723213,0.0011955944535627777
104.7986483554742,1.9035214973055312,30.829346427991343,70.08741481373755,0.502906145514299,1184.4128670990906,0.0013603119698034267
103.45807040049849,1.9934485129680437,22.529305180402474,65.0964750656385,0.22792137882235194,258.58811222955694,0.0013591251981136961
163.8675343582848,1.9962950480279509,9.441111994008418,72.13626375426205,0.7477937011270388,844.2221163689665,0.001416443675773244
62.054173689347785,1.9867031759205307,30.710842886047562,61.204350901380884,0.062933983460896,669.7438155466567,0.001240639326177058
52.63991930264252,1.9878324360435264,37.328946487286096,72.00105004533434,0.34788100300562885,1311.1356707679195,0.0011884460051869157
123.24101370050126,1.9714689307762074,10.081383247303268,73.62336810627734,0.9949016095334947,601.5186065923864,0.0012563780433092941
185.43135050837463,1.9864287640506533,23.389872148961143,66.40580972517323,0.2923603506051574,531.4262987412397,0.0013283327828632454
216.62118092816652,1.900969415732332,7.06714679025945,64.84055458300587,0.28359405475685506,184.08700764676422,0.0012549881767575908
212.95628368087353,1.9665604332411697,9.026789064605554,68.92309629450148,0.4792792447462106,101.3747177805791,0.0013522722140742204
222.63028198049696,1.9457550276691937,20.242275948802842,66.95490650172162,0.6593882372936314,139.14844340763278,0.0013007214900725517
66.74147672525692,1.9917046132915959,21.70582705741626,69.85329447226476,0.15072669068272687,835.0472311699065,0.0012257831411845537
53.83375444250612,1.9945761224319205,27.967226076001424,74.1014749444747,0.6156115196894341,1014.6834724561171,0.001400409130701647
61.53596946859877,1.9899649108824833,19.37852398983602,74.19602267103575,0.48585808285615534,650.5159553757043,0.001390649148482574
131.3342678375129,1.9754119024892611,22.287199016529033,72.51362603541301,0.0957699469426786,1047.9687963834722,0.0012865178909402726
93.73814747363602,1.8911473444735196,33.59684694912839,72.58126301575972,0.7607137825005024,633.3846257002268,0.00144317387126745
114.51462494594062,1.97157625556047,28.828106432530515,66.19002953082192,0.09251076941979225,903.1782307190193,0.0014248770533347548
164.1443700151851,1.96103664019428,20.60631360264931,68.24368598338322,0.3488585266750394,616.9899089026248,0.0011753713962875272
121.14358780944882,1.960048712163899,15.979308986027025,59.787953383412294,0.04870768280253995,148.52309943585317,0.0012209370728099146
55.74454159784256,1.97374764998243,26.00482682451293,66.83371309725715,0.07857677144500544,268.15125488350344,0.0012981878693085617
53.478587335326495,1.9594841935157326,17.81249302559206,65.97033508826499,0.08867186877922363,207.2765706055359,0.0013610851296475101
51.73412325773759,1.9894600392039934,31.777618552607116,68.08197711425564,0.0425855141774596,244.25674035364761,0.0013505283160829946
63.652339007862594,1.971401038478019,24.39381404044387,67.27669717467559,0.042933565376772,264.03692064501706,0.0012976963255997025
73.65565251507662,1.9723717565053405,18.78513272112816,71.52664073905326,0.15994272780583993,231.86372624518648,0.0012870668630568871
71.41935437434645,1.9639243597478087,18.320468076500315,70.41894915329564,0.09695963408896428,247.49838470355428,0.0012666842866732558
114.5809197912523,1.9438345479395716,8.752719420184855,72.70118270580302,0.10145391961670008,143.789908903014,0.0012619757903966453
159.74798111182756,1.9503037458912877,36.11549708627562,72.05149180286847,1.1358735809735936,693.2294948850274,0.001151248038059028
160.79793495857288,1.9575113827338961,35.41670035210692,72.98760566103793,0.6432907367159214,841.1659522241663,0.0011751433898127132
145.45898684942256,1.981489236674934,13.920178278368326,73.42298965558493,0.8988625714527635,847.2632781701066,0.0011343899333627837
150.5476564800871,1.9771468208767282,40.62907391212265,72.57204397211403,0.3589947670389,707.1952387129123,0.0012078471320357163
185.55788847080893,1.9918920434179206,11.55590812420285,73.09038778568643,1.1949282333434106,977.8286076951557,0.0012955958618594977
190.83810368182924,1.992049461627036,10.007636266949621,72.54810609130416,0.9037766047578393,852.2515195701743,0.0012827240703140192
223.53459850381188,1.990591549427715,14.897356565496791,73.07913188430452,0.7405081803970256,1415.7936263830268,0.0013130052209588885
85.33298489542497,1.9773102137728702,18.13127109673763,66.2663886819196,0.19980754751048618,66.33698062023468,0.0014673528781727068
75.8447106072026,1.984623667561552,18.66851138220857,71.77253898318573,0.7387648587597551,64.25054882594489,0.0014116225199014036
167.42370584206594,1.929199516324671,28.46679228463575,73.46408912935593,0.29872469215114705,726.9239746078954,0.0013326625078635113
187.59790526025054,1.9346337946858714,25.785332706737442,73.11194124348582,0.27721409011939785,644.6748409684719,0.0013244796642206717
243.99945132685025,1.9814337392220318,16.998443499871446,73.04565097338198,0.27158894788075494,80.75974568201511,0.001299990162059768
62.891577350897165,1.906371664689247,0.9069549434915586,69.66934202568649,0.12381085607436115,1051.1048644957316,0.001422539783768997
57.744349377578175,1.8552131087789732,2.099767251295247,69.00571038486991,0.12514414192355944,1127.7981098977448,0.0014354193401735767
56.958205785298176,1.9560564301818208,13.893181932927668,65.86670615612115,0.09226862403198935,501.0233554931196,0.0014873941103437545
94.16867183624127,1.9859403639404027,5.892382776161577,67.87642218552395,0.13388518048052314,565.6882569411836,0.001468715389037603
