a1,a2,a3,a4,a5,a6,sigma
142.37232621914524,1.8782468274256494,0.009299000956400258,4.261771261515108,1.6832619449431947,27.513579433129408,0.0015226807800688218
135.2608240075987,1.971970628300868,0.004020109410318997,6.996763160884085,1.1303577358742065,52.710469947749374,0.001575767860091054
116.70776456864546,1.8774047647717418,0.0028744343047252237,29.08446244604012,1.1415520708002362,597.7125157684311,0.0016463891573980556
71.14638116283527,1.974039325368503,0.004777274802974844,1.286510604151074,1.109452595318229,299.3883248502728,0.001352220231350922
98.83735926037411,1.962383236862751,0.00543304510896235,1.4399367049204848,0.9656977035485547,1093.413539850642,0.0014132064426252225
74.75472152846689,1.9418713561563459,0.008257288208553686,1.5674578388173859,1.7372505848958006,1351.2268646553089,0.0013724840463139303
109.92606713110573,1.9451850596818216,0.01769361080634071,1.7339486843030034,1.5776527042909527,700.4244396062838,0.0014426612625588068
214.33496372486573,1.8854227762006537,0.0403605939539156,10.148142621553951,0.2487801315441078,241.33508445411155,0.0015827741232852196
108.1712186308627,1.9764264140718428,0.0005791461314631757,13.283986995114692,1.8611487422147843,589.9703892110625,0.0014545350739949747
168.5790230833684,1.9395270928539876,0.006979376522576069,1.7794471336819544,2.349723478284553,227.62950512640944,0.0014258421793387874
175.22729798515374,1.9655096118167166,0.006769793563778631,41.5499452887159,0.185042365243339,281.91271422128517,0.0016696916908172806
171.03913641426809,1.9818375239850559,0.007821107334896915,39.087829172471565,0.1826656929715478,247.59781170917165,0.0016598425085097863
152.47866776821877,1.8644423322318866,0.01048992655236755,3.01985680672687,0.2736875341951297,181.48049987191686,0.0016994958608119203
183.4895144221136,1.964795194823166,0.011821351571025072,19.16249458263953,2.314058706536174,843.1561731559622,0.00154850965243878
170.7826468359675,1.9395094313797183,0.002460494273145808,28.68966015527401,0.48153765600192866,458.1226018032804,0.0014847173155781088
223.05152831797267,1.8841140236434986,0.07232948326647468,7.016082044926341,0.13315157499985994,134.98121439578438,0.0015995968299657554
206.5741316300919,1.8987451728996974,0.0006154723667116135,32.97539039895387,1.5576741505544596,820.3884391162582,0.0015163932194798052
190.6303718278206,1.9795935212054154,0.02786832489247362,6.327188203178062,0.7862053759240406,53.59268568899707,0.0014273598799676192
196.1137842579903,1.9866586666793444,0.0013279737611856034,36.49493201760986,1.2779691315617956,1125.1165928909368,0.0014177835781579574
158.92814892005623,1.9850407856820134,0.002569542091489136,44.622050856452304,1.1709592951821663,1212.7451179328284,0.0014364936843337729
142.43999616980247,1.987598695728677,0.0016351843977786013,18.692317905087638,1.339857708638874,56.07290488911926,0.001776559254363841
169.69306201054536,1.8833795118824646,0.009921247267664942,15.71268558585754,0.933067539956433,252.0926542265026,0.0015941294828138866
161.6969815657818,1.9891761912923263,0.01353166438653942,1.441436978550038,1.2754397781363502,792.9919994695643,0.0014695425162437453
183.21034058343096,1.9337024779489318,0.005675816057029551,35.71696066552144,0.6610489947459933,200.20712257371994,0.0018661501012039066
161.38267893713822,1.8972714187734991,0.008650016504465953,9.610351139609778,0.5975501600322168,292.49218468881145,0.0017768699269567838
178.64956986361977,1.9421896127499543,0.050835771984023885,1.0716844007245725,1.4661641703220512,113.29778479502093,0.0015015794029181002
229.51717303689878,1.9550396770025136,0.5094356546962393,3.660628573190392,0.1435829663499361,19.09229319941702,0.0015251195131422545
177.65398441143992,1.9099989776740909,0.06976761241690793,1.4605250582442597,0.40113886408824,27.72030257143785,0.0015858013056326277
195.7201145492487,1.9597146846073716,0.009483259410002038,7.96952381499238,1.6811607911490918,59.44485738239055,0.0014771568435743183
165.07797561576828,1.9573532255268002,0.01536189282793707,26.803024852080295,0.4048021479921921,158.97580776657324,0.001490512775080007
138.85697583187957,1.8255536291643193,0.018174052351719917,3.8117786029923106,0.28039878804981305,157.47812147659053,0.0018198606967380078
171.59740178587134,1.7961220686898562,0.2406099404234285,1.1876464979525574,0.2371133623064328,44.12712621305861,0.0018806797668850178
130.68749113313203,1.9468436127926283,0.05068984611912962,6.516009958550323,1.5570757529547037,255.09261931074303,0.0018168689637245198
180.35614921562401,1.8999350888758104,0.012389014414994593,7.4113742288464275,1.4667859697459287,562.2877647691287,0.001796228775025194
178.07918811399873,1.957745978631349,0.004988748251732732,9.734652397482723,1.2395072823100628,429.7672526505995,0.0015790576373017166
195.19101869208518,1.9685842389239916,0.0017025290863051422,16.76864998972391,1.4235326208145485,531.6013894436835,0.0015618334534046592
145.21039846020122,1.8401549951377996,0.011335524719337442,9.004871044384435,0.6072591238849248,280.25227350112607,0.001749161073655307
183.2580257031745,1.99916930847837,0.00495308027477168,31.224555340949742,1.4465656007187857,789.3894168038912,0.0014760100898278123
186.24962254130563,1.9994826113328992,0.005110801659613123,32.397552660416764,1.7127598567395141,724.4808659919996,0.0015731752909144906
129.69549373923576,1.998871479991697,0.00208764547472393,11.770314110747936,1.0695929284011603,425.0834556468087,0.0017649117299359416
179.4376567547305,1.7816662268154893,0.025258113073333466,10.536134831318915,0.6648168677372099,504.8591714502248,0.0017239474784059398
159.13583100884895,1.9883749565748445,0.012315819218528404,5.317998776801737,0.9175785493715405,326.6551441804743,0.0013488221923448087
185.0114768805077,1.8495508597087527,0.02424810395452284,11.074997637385081,1.1594906151463389,62.441126552008825,0.0015650389891877956
178.61764682312747,1.9684130927713832,0.0407326198035203,4.533352502866322,0.915138707530992,169.43512964317512,0.00144375060697448
133.54846840882132,1.9055356137861288,0.01623364607480214,2.2185709712270105,1.2750244099120163,489.5279558332961,0.0015581194302541532
183.68920954406428,1.9256806777144575,0.039448531425528954,5.809300120168975,0.6589940143585651,141.61070283373564,0.001256874684035763
204.19799974414113,1.944555302496065,0.00417850022704268,27.927484499984725,0.13220897853982683,802.6393001900493,0.0019202909688650768
227.37748292350173,1.9791649729368275,0.001379408329579696,32.64271318999458,0.1371330667236881,423.4469082122299,0.001733857380394604
78.83608254811351,1.8955050595351577,0.006362043458400893,6.828914258531061,2.3656164061111404,117.49930827493695,0.001675691598088277
157.36642926500318,1.9676325583236063,0.1695527985843473,1.8997762829189289,0.32399680095564204,24.524901803117167,0.0014521825791651136
119.63936975186151,1.8583043509415809,0.0014591094721025952,22.534353472314198,2.3194254288603307,639.6872107210946,0.0015060525491248516
193.42452852816962,1.8259086393812132,0.014552906643845573,13.203293223722294,0.9622848702564282,511.2330307734206,0.0016839109886897898
146.4611909675306,1.9883588056693449,0.0034943540134561883,16.693901794779478,0.7164376539692792,235.57289591984997,0.0014300186323931308
187.02339363673403,1.95421638062454,0.01039627067174201,15.788860256098273,0.6798874157557061,100.39522053234957,0.0014982135720925719
124.78003401632371,1.9360430195605394,0.012198418622000372,14.514780612603921,0.6085725136241531,62.167883286315075,0.0015542200272778326
190.21548835258767,1.9808200640004736,0.003444291577615767,2.582398923502414,1.5889217899925139,984.8579290956225,0.0015917922747669508
178.87834833249238,1.9452534306549083,0.012480274144388504,7.411505193383722,2.0677870399142253,161.1083123772645,0.0014678164516698467
186.12432679109895,1.9342933222498817,0.0022383520349000667,38.14372122885436,0.5922275697375837,44.717943585054755,0.001710054807348538
173.24767307487465,1.9317178664933392,0.00634858239506669,15.374886600433033,0.2388877614461241,31.503317933096234,0.0016102334651173712
153.15169532784122,1.9984744651874438,0.014399000935451094,23.008274186984636,0.14453495151771215,3.8657411307652345,0.0014212088162851699
108.67455014297862,1.9992858914901999,0.003487475355179812,16.02240926636413,0.2469989854428007,8.978045380164472,0.0014981538893642566
119.99777194439616,1.6996937256815978,0.0014609566334980867,22.160302191186574,0.1238010877759006,88.8428359314926,0.0013947347197288676
70.22948252600459,1.969510961071936,0.0014821528054332386,29.82154117367821,0.13640957805622791,52.28601008703567,0.0013211597218429853
171.66298779883513,1.8930741254476384,0.009426760998421874,29.778754379485864,0.03109142739262085,45.64795657360471,0.0013148481045813314
150.86285732149668,1.9605246642598189,0.014135295904316836,7.69173762831696,0.03138746326860181,351.62697313736567,0.00142365243259617
237.61184964227238,1.9443462379404057,0.05631615613274118,2.2495635475356552,1.172547455270751,304.59476200051614,0.0017139977169992968
185.58378657818997,1.935352481460527,0.007396602114431625,7.415933077638358,2.12274677826411,128.57584941572745,0.0015405984131035197
142.979804211011,1.9156813669089137,0.00048536122989579025,31.46611370923614,0.561834463536456,443.26311076763403,0.0015814829280927157
170.58099930633205,1.951436892573682,0.00038886048652046393,7.946756206792984,3.2103973048984527,644.1179903120973,0.0015997852348424999
157.43940247479318,1.9690168148481435,0.00010353142031438811,40.64769598119929,2.1697636450482976,740.2842469480197,0.0015914107617718304
206.99271582860578,1.9722238599318356,0.0006152540050438006,36.50150295170293,1.4372233755910524,317.9273648237043,0.0015513998486819192
198.9467686008143,1.9774738340221654,0.004794258126309777,14.773816895172027,0.6991549223202181,490.47282140434146,0.00128011520594442
121.49549525999063,1.954024877108167,0.01934811375511121,3.779563292300945,1.66854600812008,375.63099662777756,0.0017088654162272271
202.71539976829771,1.7576848362150599,0.03572095386111838,4.547131281957235,1.2223196298932706,79.5670504999009,0.0016288177366090405
104.51029637981026,1.9544513660009628,0.0031723914171880117,23.814239806340954,0.9810648960124377,807.732199839069,0.0015541314372231173
100.37274930998656,1.955378050386225,0.002934003277362342,25.494432646071772,0.8647584576816948,817.7722128391555,0.001568985516492639
234.78534923082336,1.9257669550766074,0.06248292777812017,2.3137073032052617,1.3687795226529917,133.25720920534403,0.001506744140587222
228.2324627504658,1.957825393930142,0.06689347318876102,3.6523053433610215,1.4151168558452933,921.8753197588661,0.0014442484860266635
159.25481071545752,1.8924217227454059,0.008045260531971578,4.092760866634858,1.2544823192305634,103.28924396850282,0.0015284862600959204
212.0543589829101,1.9116447778844694,0.010829041603383884,5.392473587084371,1.3606777862844703,188.6628795591912,0.0015115590091286195
216.72063190231987,1.954639695661918,0.012156516214807383,17.373397242416246,1.9112588974186853,84.06343246921477,0.0016503775515992448
96.55497681977846,1.9049973626249197,0.00432532951044064,12.197056068860864,0.46022309144524937,38.66734116990086,0.0016090498352632752
239.44465632201772,1.9722058988865236,0.013068667030553614,10.155575911371447,1.3944748465543175,91.73352556706807,0.0015588479589106266
249.6226595655517,1.9546592785779517,0.0006783805465231527,32.65256392385691,1.1808120078449735,827.3193268350179,0.001849805159596482
249.77625749660868,1.9166296222421466,0.0014504089388384573,19.449793283570717,0.859568193231874,94.02075641601611,0.0019226574338646648
249.82232997318627,1.8457947324177542,0.0034526142786844437,6.728748734226404,0.263525141808897,125.27682053553544,0.001781206266538084
222.29832381678827,1.9987727845537184,0.08474460681172248,3.9857339899389665,2.0040969824110304,132.13716371576294,0.0014260858674898986
111.33724247798945,1.9941768910779771,0.0006062239324616473,9.175077096183026,0.39777036437953545,285.3099252028233,0.0017473373576309555
148.85953588119668,1.9946623263532444,0.0006618014542688223,3.8286810285112525,0.38611689472494015,222.85074838575287,0.0017690004873536782
157.35141297517436,1.8246141104756735,0.00036195748524572136,2.0879482699225025,0.9391555290526844,273.08293448734895,0.00152516048471269
177.28789726973875,1.9808768266204813,0.00038936589899225176,24.948013283990576,0.5890093618951904,133.32049148440777,0.0015316480796212677
143.00550565175908,1.9631582737804076,0.0005503282499077126,40.8925401379957,0.28339273744717314,129.49473810052768,0.001528889624829576
166.42609080454852,1.9966643829662356,0.0013943567186097945,22.04844695309482,0.3855764388434598,73.95141261165301,0.00158036009646894
139.7612239153837,1.9979851430541815,0.0008622460688824804,25.035487604749022,0.13792095628877932,99.78916812516724,0.001565852001093209
216.83318833173783,1.9995624377601333,0.0014258227669739728,18.486167077705815,0.581185940075459,72.19981780726643,0.001506507188471009
140.11873321405614,1.899288304107289,2.9610846375050997e-06,14.404645461145144,0.8358739607079296,28.472590039588738,0.0015797855221156604
234.90715628854355,1.9777562093855539,0.0019069800526348864,29.028415728495958,0.4845132999197571,30.46741974535111,0.0015913357595720011
64.9710944376531,1.9886899563324978,0.004555130633184169,27.867654996279537,0.4130798095599637,68.47507963596135,0.0015293381938081172
135.75052733396552,1.9922865994355876,0.016385504379024057,15.901766378827261,0.14314582634843823,93.85824814533166,0.0014939233451945224
203.39673830177495,1.928616706792801,0.0895143890587555,2.370324897206203,0.02551659250524339,66.32784477705556,0.0014131319252648276
204.75656081884694,1.9550141280168685,0.004554893514150961,35.58129377316702,0.03998022584104166,87.10026590345812,0.0015796057365737028
132.38402835098503,1.9372992461770067,0.02243891999706593,15.40747433394757,0.01382784184803646,435.9303747357183,0.0017046432360552245
198.70168550121372,1.9065283427024493,0.002881772760674356,31.678991898189672,0.26077941066415516,140.36852870625302,0.0015621959182001378
230.41756700807173,1.9822785202364466,0.0012214054338952828,10.423560096261584,1.6668356138966751,228.49249072953145,0.0016206515252648098
239.44262601064378,1.988122698011801,0.018754478777765128,37.539739035759105,1.2429249839273,129.55837718508715,0.0014435158367536558
242.22220940391205,1.932437626612075,0.038209232641754395,2.5835706498938076,0.6974988846008111,283.291515050287,0.0015492651964457392
169.94918337336776,1.989313204441714,0.002410310083691482,13.643431438635563,0.9112250363532313,98.49762369267916,0.0013534374370551877
199.16711356702163,1.8931420812924133,0.010152800767489147,11.377854727320136,0.4720197461316518,188.29558242886736,0.0018567979222995114
185.38308548142783,1.8567992884044995,0.00216918330325158,32.38890574682104,2.4274603506922037,994.0543753677108,0.0018672193922468928
185.38308548142783,1.8567992884044995,0.00216918330325158,32.38890574682104,2.4274603506922037,994.0543753677108,0.0018672193922468928
59.93353147167654,1.9652565851795323,0.026155798154701503,2.9079184442397867,0.15907479548861544,9.035220217760298,0.0016110872845520765
246.72737713583058,1.8919152988342334,0.003650178099668762,18.205382457070158,1.886947257731708,36.87358866808903,0.0014883189463110531
169.05135766010605,1.9513312969403194,0.1665470201234091,2.7838566596135847,0.7777157046200496,52.22926266949676,0.0018400269675418425
157.5488568808485,1.9561022145083713,0.001129423397037999,17.0618500985644,1.4175681705026704,787.8954649292197,0.0015962375852752065
176.70649318461943,1.9320320492124743,0.01473253796391127,15.263001921486484,0.7038958684316029,274.24832781053647,0.0014802171752043678
226.5977841446525,1.9635966474073356,0.010483394750922068,18.954919172643706,0.5560363550946461,194.50880654463248,0.0015225582688928275
192.28074728349037,1.9553910055200265,0.004834435721298303,1.647256876371761,0.45614604640463197,66.86995785490058,0.0014068545359260443
188.681556454612,1.964082480691439,0.0008578408691796098,18.412234498746855,0.34020446641812846,348.22819628535376,0.0014449983869648931
128.78576653540108,1.8099023269370849,0.0007976406615154774,26.971781050033222,2.8167260570625023,153.95884985568168,0.0016206434108936812
209.56845153363744,1.9860216474857373,0.006101939453458884,14.401673914582009,0.6936528401079328,513.4978697261365,0.0014887204462175954
234.77521380358996,1.9181122508307402,0.009650221213667229,5.271192867237827,0.19853873682049497,512.0767219208345,0.0014280929128402465
162.09942552727307,1.959014152238677,0.0023820667824650337,20.222477703995736,2.353150670469067,497.0764867145729,0.001651242596570809
170.45236289591946,1.9625553724740434,0.0134690129338485,14.978403812430159,0.2357220323925799,353.3624464650943,0.001597359510481392
154.63318648335212,1.9527730023117178,0.003922540362686123,17.977598868909617,1.0419460935233786,988.8631587451075,0.0016720389934430885
103.53374939614538,1.9725023328996845,0.002207359284459049,13.730298987961746,0.924817368877704,448.3549621989392,0.0016477885980373868
228.9849274719585,1.928655934061851,0.004774791715448054,19.75694257972406,0.5412177025272572,364.0003984355641,0.0014215715578950131
214.73104378957947,1.9402408531786417,0.02462610873364895,18.223296764306397,0.37620019607649197,449.81362224440295,0.001907963860463021
75.38986896671285,1.7810231000525591,0.0010316189084495452,17.53338673899187,1.7028451259108974,175.18783314478728,0.0015114687067487975
84.8954808180496,1.9986764843849603,0.010461740380185923,2.7290219121382844,0.6775562795297339,832.6306056770836,0.0016500345342448702
248.09260406266623,1.960125426235024,0.0023091696064008165,43.27150325719115,1.9077083376353077,648.6928400859549,0.0014775530555186196
228.62468902225342,1.9944000415556662,0.011472005838220537,13.11886773110945,1.5615157045007422,400.4031600549453,0.0015365573268159712
206.88155845398398,1.9948824037166055,0.006453710070442389,35.5526360036483,2.207387596438118,882.1449817072777,0.0016597849424977277
117.9247758672633,1.99956221323657,0.0010195209353929826,38.79457306805616,0.395069520768077,140.37874148171008,0.001192881036717861
139.3220097114718,1.9993217137558854,0.0007132691301997939,38.21734785441136,1.0938210669822293,318.23552881165324,0.0011988611791350768
136.79276305416488,1.9993236152286689,0.001465115337804733,38.47889502204452,1.1255663990146063,899.33981494352,0.0012669281594794297
243.25931595443723,1.8144178382814775,0.0015151411084285196,3.2945769873772073,0.4534365435508032,94.16753966788356,0.0018481034451030896
240.45361891196896,1.7754595740510053,0.002423166244323861,1.508644060872208,0.5970947580093257,62.990242619786216,0.0018471560492626955
215.1922125104986,1.9459909927008845,0.00025338568285115704,1.8575667142187124,0.8600339629886431,983.6886667475923,0.001572690640910899
224.4805887646405,1.960699363179852,0.0003904193148949523,1.6697115281710035,0.8822087220787102,672.3177016205343,0.001533814198250885
178.5155499295197,1.8685011598223062,0.017691069765987673,47.11527356905672,0.3884549024298683,364.72019417117895,0.0016367122501005807
183.4594056127734,1.897621597455023,0.00997408914149665,40.30180426142814,0.26672608430975947,756.498289993086,0.00153511244621797
243.62265855494041,1.8473902809806884,0.027910904669010056,11.08476357367206,0.5406557343055717,92.20217290619085,0.0017500883346116965
155.6725142047904,1.9865875724118314,0.0038469192099250277,18.14227357633894,1.4124964428419988,982.6148073254233,0.001644628062363889
184.84641616696072,1.8687273743058908,0.006565331687756591,21.486744669084853,0.7304514643334857,18.36949820845782,0.0013898347098147473
137.62660786992228,1.9902041759440192,0.014097685293366326,5.603290554089617,1.1932934261401598,109.91152623775608,0.0015579427474289617
179.57456101397636,1.999076155637914,0.019146197707818904,8.718199118726162,0.6976427634830228,565.1357672071313,0.0017236827536117692
189.67133363974162,1.9959820719834183,0.0034849915462351402,27.948656042606054,0.3535890563395844,120.504127640646,0.0016170212156482045
133.9403234132806,1.7727250427591985,0.00013717381907812613,10.523531743172056,1.7453687529691437,247.16945220957953,0.0017115615268587189
211.0078984520507,1.9915270220155576,0.0036329058320515493,29.61343400119901,0.47260753687181456,500.6600624509957,0.0014535576231049373
122.14402551832661,1.8600011858058805,0.024748056420905513,3.4522259715676,1.3793382570569486,424.34819094761895,0.001540399169365546
206.44148970844262,1.9725034842312037,0.0019400818069506102,32.97123080906714,0.727255075700651,64.59564455932028,0.001800266036419913
197.13374997030675,1.8885821490813541,0.011439296383983435,4.211185285799123,1.1228331685709168,937.9660149760766,0.0015632685360442867
197.13374997030675,1.8885821490813541,0.011439296383983435,4.211185285799123,1.1228331685709168,937.9660149760766,0.0015632685360442867
185.57829614918268,1.954031324925643,0.07633060919778936,2.5531420912711646,2.14262715684693,417.05121422280126,0.0016099719624443674
205.26475126999188,1.8292178502711014,0.0030944647059484207,36.343877642259145,2.068497703569659,1267.2516390342512,0.0015870193084565065
208.97866009076398,1.8457200437920391,0.002032610350382708,41.033857532269394,2.23614447590114,268.22079852088734,0.0016209728891943191
214.60996586309838,1.9067677001870402,0.0036370430967252927,22.40602421845934,1.7846013255348432,235.0430289575282,0.0015840058810118367
203.32410524153724,1.9575458060087323,0.042456711368866286,1.9454228537804983,0.7371830077650628,516.881130902538,0.0017954360213396233
126.21026050777992,1.985080172824943,0.027722981407164022,6.093990606971893,0.7359335364291304,605.4651503518186,0.001806373062140554
213.9931423287515,1.8625393193924313,0.006866922244513413,13.17395498580714,1.106173676159971,133.34107743651822,0.0013578886620391373
203.03344310033268,1.982776324768528,0.004529965800919216,36.11675105553525,1.3222187887225723,242.5500799213357,0.0018302590482541057
105.04030054026444,1.8755012250309315,0.002276459030314101,2.481647296334209,0.9039211636749468,706.3745931042625,0.001537592362850967
125.25977911274832,1.9311511805913122,0.0021270770227011493,14.624446361269268,0.6867700134357351,852.258749660099,0.0016043279652432766
198.45108525646728,1.9166897446159898,0.014454346864259586,14.84361421889783,0.5558426640342075,754.7205371521339,0.0016586130177978905
209.23475573138722,1.5977453931371193,0.09715246879937861,2.7250067392417314,0.5326743351824007,777.6394422566038,0.0016474877021891141
164.30898922956828,1.9038609890222067,0.02146065413461815,7.9903800808556475,0.8095704931629927,254.9198860535096,0.0015781575137216353
169.22331724936512,1.9513627661284219,0.011057824658443828,8.330783363467793,1.0586869638772252,78.2139939741378,0.001405196960166256
122.93473320463946,1.8797118550682559,0.002386463973694254,12.559741241693988,1.2223272869495947,657.9030626885893,0.0017546610700398498
204.22062386634465,1.9416087654767087,0.13998846239378396,2.471241249761905,0.5938926436482462,266.3813222087655,0.0016465709425907118
202.52905562073323,1.9766036346712577,0.0013566639452418994,21.841274993047193,2.0142491319483655,273.41865257842056,0.0013782925253771905
221.71496557602288,1.9823070803393614,0.006366858153876085,11.779819664812361,1.5588168683736883,151.23331133335043,0.0013874631785949555
96.15005900536039,1.6661948818546997,0.011271800084461811,33.95827075443617,0.26660382686502027,766.1440651632043,0.0017930379156880284
241.28878517545792,1.9934781309880294,0.03615671441417164,1.4952377508757886,2.4915640636369853,87.73690568992669,0.0018451053048187242
94.16231921149453,1.8419052087974468,0.0014911302013557997,43.82202225478148,0.17866444463594122,293.72428450283934,0.001361749674143633
137.8319943970352,1.8336240718884762,0.007056574603257665,41.115764731657976,0.28144472821045247,403.30461814106195,0.0013484216363540255
216.465912746423,1.9660680718314854,0.006733814945519476,9.94738990351766,1.0871799723688729,577.6035245244183,0.0014090790510636326
201.86938591878229,1.9216528852839727,0.01223966183724326,11.678992769521809,0.44993288730885184,630.4322860218399,0.0014389037015110468
187.27807658846692,1.9551260685025413,0.0015313651640846472,20.894597255472476,1.2518729160483992,239.45369022945496,0.0014208427412715709
167.85509829948532,1.9791356392326886,0.0012356502730418617,23.065972458982838,1.764080336469506,209.82276918858253,0.0013624720047633642
206.86563042582821,1.8735899358658992,0.03409546105266784,9.414803839731366,0.7455780578829547,216.06417779272564,0.0011975448404809804
106.58536782119064,1.9798255259463475,0.007825003830462873,3.8569127984326257,1.5751976052041696,31.842127180207193,0.0016065343222045909
84.00501430299985,1.9728997669951338,0.0073956996039485435,4.192707734259282,1.312690497516016,74.03700313879375,0.0016691592809205671
163.0096674145031,1.8665396067219158,0.09301455490190567,1.1959870731460787,0.27388115503364735,168.34926719894113,0.0017783295642290055
124.03748615835408,1.9776537774169702,0.0035411105133379313,14.97933185471358,1.9766959135293907,656.6106302591834,0.0015087000051685342
143.05585026916185,1.9789936068012253,0.004864511007216381,2.9634216259315895,0.5174968463244404,319.8183673032916,0.001322111225840347
205.41725371165964,1.8802946309471633,0.00575077133924425,32.99869555404756,1.2871053306404097,672.969625255706,0.001714141716936296
186.22276626979618,1.9862955129881872,0.0015614398519845914,1.2853772701737876,1.0331475580010898,328.35000756284944,0.001583679214303703
174.8543453322428,1.9904008525125165,0.002467386381873505,2.5217069220167456,0.7616937352273071,267.6588212330572,0.0015322432833693427
127.1976485496414,1.8646697903186589,0.0008154129037849777,15.44126210188858,1.228269064521316,892.3866393593206,0.00153168439935785
220.20125526539843,1.9886208057791346,0.005638854211919065,11.006944278271202,0.5540707912751025,309.88074401359114,0.0016717007279572448
217.86881113952194,1.9974429861169032,0.008278790304442953,19.228884249756213,0.7649397742829891,667.1439869985311,0.0018623341232388232
93.80402271739408,1.990646541964377,0.007148099108306842,27.036119815688416,0.058003836816180376,260.5556458008348,0.0014008110803279854
142.7883297419777,1.9902052125954002,0.001090045332044642,10.345734926115643,0.1373198120684893,766.7570516266134,0.0014694325125289712
174.86321067336178,1.9853574956692532,0.01983729342916509,19.64596256470841,1.5570286648398273,219.93192425711956,0.0014296860888437992
175.81926783907178,1.7726697409600276,0.030590708634688088,1.0560990618703503,0.7869425514433196,113.58015676189413,0.001770133722683537
180.54794074028314,1.9707493317024278,0.14293217604683073,1.1396857903145512,1.7699177043068564,51.70567790269578,0.0018027931049891597
136.23742043307783,1.9903483702656404,0.019090533978362915,1.5656297424683832,1.3568521252905699,210.55743851008125,0.001728914981678226
204.3416067910576,1.9049831599491918,0.0019373279906380533,5.789129838757749,1.2163868969011138,88.89140068275674,0.0018701436906304505
156.16907026998246,1.9708793071025819,0.006770667922895519,18.71166953843908,0.8465356325167465,25.116584128113697,0.0016035805046531529
164.90981863489102,1.9847886919427449,0.010284961635666133,7.376495397959445,0.5475047872223419,15.380591369640078,0.0015696090593255844
162.8044561399658,1.99117961525116,0.016335295137627413,13.80779908328644,0.7666268043902911,11.525098593795175,0.0016295183245088804
93.64296204462822,1.9608620908623142,0.002139021820527456,40.050839594802014,2.0105351213026466,41.73568611574695,0.0016892186550113086
171.09461406780886,1.9479458571300001,0.002195057206962405,6.256165901778612,1.4585545206810497,304.2331200991785,0.0015457677227679384
190.53075031391487,1.7809646236591752,0.04511121373514039,40.1289256153475,0.1950773991461857,452.2800669774443,0.001651588401215371
160.35263316196534,1.8518705628611396,0.01592964693914345,27.086956428816084,0.24456261453051495,344.5318655113897,0.0015928423326098534
137.55339573903385,1.9371776058352648,0.0009773402874733873,27.607971140587118,0.4262351937185827,697.7824042561845,0.0016180106867244822
159.4167537900479,1.9698893549283716,0.000987089930228849,26.908453116008182,0.5597163052251746,534.1734448081555,0.0016002102039165773
205.9338353488117,1.9857195813222286,9.869920014022916e-05,11.254365971367388,0.7584576218067074,384.6425735609218,0.001543139905001154
212.8631842292239,1.9372181262638062,6.012000953716993e-05,19.551616802493932,1.4274460056199465,569.538339262577,0.001474688505695479
84.41631256756447,1.9282776081857624,0.0021414350783638177,16.891241873463223,0.4141264131543988,157.5435929406915,0.001786389171342837
133.7804504273853,1.9908725752956848,0.0032438121208192114,1.6650508612118522,0.07843545367748693,243.59346019619525,0.0017056910751318969
179.51950287506975,1.9142993617591375,0.006328519473591161,21.96247754359646,0.10094434370897416,704.3508662011741,0.0015403111991358887
174.94951556109632,1.9569712465094429,0.009243715102822105,23.97662931574249,0.02475263550430531,122.56785587246915,0.0015076097385514856
231.0303357260527,1.9839330879284889,0.006596546540566974,20.030831720776835,0.0057790420627718475,912.6701824371818,0.0015142316298377128
198.12002928404942,1.9537034974305494,0.004388546439201284,25.32732285590849,0.007020187678583226,116.47152408265823,0.0015805287991066885
77.56598357581834,1.9153600726560915,0.005190141354957661,25.617351852521388,0.39269318740429765,427.0149887592385,0.0015731763233720933
114.45087764699873,1.885271729873992,0.00288958109242172,8.013832351950093,0.6064613475468207,704.5598560265245,0.0015357886405072724
218.95011415433936,1.965914566220604,0.01872357228874181,18.330345559633866,0.9716589358266204,207.39188014113438,0.0017523162985996967
234.44424150544876,1.8380910301420652,0.005227239469240011,27.42834872219813,1.465554418555284,1271.3469221129408,0.0017800250324905287
135.67128304684576,1.9759039695520506,0.01078141060911975,36.068977578919075,1.8592970972151763,34.895591337310535,0.001677378336657526
181.79388749205867,1.9448282741435454,0.0059496148308710904,30.964076985804034,2.7330591638233837,71.39110025512062,0.0016873091606778336
131.19120599998735,1.9278882557379204,0.003285920954884358,3.1240459235578912,0.3683015535615846,119.29795370582156,0.001602249537493255
169.37122433187983,1.9633534698280903,0.0027733629175299796,33.96850548827817,2.175916332163704,745.5252022995396,0.0015629158979536583
148.54188116870318,1.9149156176768796,0.2063716606125785,1.4767450296438962,0.34830958184021715,13.719626087899641,0.0018044208295320068
153.23792283276867,1.9583816386642459,0.19603172394409518,2.461138831663826,0.49635613362611597,16.478066473863933,0.0017514722761138681
236.40463968171994,1.846186454444172,0.09361544935985862,3.532743465730369,2.5334228973103623,24.384416716388767,0.0019109744162415212
238.21144114219032,1.9718369468851853,0.0782288946247023,2.3407180168180446,0.2421902967882087,13.910077062990178,0.001387553610245727
85.59427864195807,1.8258398593392646,0.01795180755815708,5.93551587466917,0.786435978687911,1289.747470409416,0.001570728209438124
122.19450018161557,1.8635047631937198,0.05027357185614622,1.7980996412866919,0.46310182350782997,148.0692439503394,0.001504289804475587
166.00470286448046,1.94213282761695,0.016780887298358662,7.196489778827905,2.5968974335725536,109.93369582439124,0.0014997061151726188
104.3227814249423,1.9775978052873238,0.0024626245987803812,5.774595574004643,0.9646078523720196,681.9020468449878,0.0012137625710093075
160.3180545982958,1.83945820828901,0.03854211230074457,6.120721103774927,0.43198778394917653,351.49250729265907,0.0014479551939472755
172.1990550863599,1.9981996769740065,0.0026917578025012806,2.109707890234449,0.30259384324005073,78.95780441001266,0.0015915081455236588
157.32872026798822,1.9976633945349722,0.00041707563356718503,10.040699185340259,0.9686190678387686,1374.7456930389462,0.0013557906611724178
143.37585767617458,1.9976024896746005,0.0006381064373727093,4.365484691823901,1.2246060651241317,1022.8778574201697,0.0013102456503502296
158.80062185272075,1.9988454903137214,0.0011311840144291286,7.921599083785443,1.323532628513845,550.6301602379068,0.0014108620400413363
184.7000010364294,1.9868568375312692,0.009975310396602583,12.370686838445998,0.8673075490103125,251.26285972457833,0.0014546444175707446
189.39827432735416,1.9598029322613753,0.01555956312181245,9.15720692901587,0.19025250456546622,443.4799447040766,0.001625568455567548
227.04374091251105,1.9315584532653556,0.003807387130174255,31.987714761649144,0.3506858202816954,539.0934881699745,0.001300393601437455
118.86623970713511,1.9222252874053336,0.006084868559152405,48.322897631026294,1.4576345763998155,438.07312663043507,0.001540887541027243
213.88395451040512,1.856309197821362,0.005202211930420624,24.270584766547437,1.2590350938519683,461.7314151473029,0.001429412589600382
214.944215219513,1.9815062415393634,0.002129927157192568,16.061295526168955,0.9826698759191513,408.7762519913545,0.0014623318312146807
222.4274882514917,1.962374128797873,0.0018127254000466345,21.687056740276475,1.2098564519847248,823.1949591109546,0.0014450308963750848
155.97821615806174,1.9306554623228989,0.03820394769787649,2.789813934830963,1.0540585145311014,70.0641565967778,0.0014203435077252238
196.80031301871875,1.982536386857753,0.00389969998289539,20.666425360382753,0.8151478219825259,649.4025324877817,0.0016341137203246376
200.48121412898828,1.9920690957966842,0.0409131079313555,4.032055507849155,1.8251507154659474,228.5472996416963,0.0014312909756891588
167.5112026698762,1.8643621426195751,0.00407068854792274,24.62243930295914,0.26074845332886637,286.4904713829592,0.0018067364445308652
130.39138806187466,1.9745835138546741,0.0038649802463758213,7.333790693738367,0.2306077416030641,416.2250735584502,0.0016913702546480544
209.16421779514565,1.814098987472038,0.008989362933398864,21.22633965000708,1.6070151106231143,342.4374659394986,0.0016572023266296972
95.71038928362174,1.9491034919661963,0.0003424470291510527,36.323291619073075,1.1025583362410853,347.5749914517,0.0014435352256719114
208.07227645209844,1.981288789943422,0.0006727072051603269,7.8268532535190065,1.1755600139627653,376.15293060241305,0.0016727872071933333
216.25725032680808,1.9828357025704817,0.00054807101760059,37.894981713187555,1.919585068464943,744.384538461928,0.0015119302255288708
221.89117483033186,1.982435381601535,0.0014215733921048401,37.893429595154785,2.027540604040607,823.4807887579524,0.001533152988348607
204.90974152313285,1.91600571223339,0.13869359035472567,2.1895195286585616,0.47978955419585756,129.59388526015638,0.001849988429158039
160.05716665601904,1.9980419424266,0.003623361395437291,24.626075704463947,0.5245815680940961,15.306128041880115,0.0015165325804289609
107.8505789979849,1.9918242304276725,0.0008502050999601871,31.081363195909606,0.818140647017181,4.58041845752077,0.0014871678722045
223.05954052162454,1.7476651238391117,1.7816008843642366,1.0662649856895898,0.6354107483571871,10.489181460629748,0.0017588320935519382
230.6352316177084,1.998233880979703,0.00045902714265068655,27.17812184413765,0.4972330814773543,203.94494316768353,0.0013162520174478214
191.47497575246973,1.7747451364779556,0.008860039387919079,21.847328156884792,1.6038948679875857,418.83257273903007,0.0018176509324218761
137.1488526757832,1.9900839851082457,0.005475799838980316,14.008634615322437,0.49846083440712013,23.40122808797046,0.0014692431223890206
116.03026203170774,1.9926286426360784,0.11679720544724206,2.2241503796995326,0.48579943758704214,44.94529971948326,0.0016125868617654679
210.33385365149059,1.8635501384279287,0.0014092764416730914,35.59383946049979,1.2670495781817481,64.03308950608098,0.0016039501682250583
222.59554597483026,1.9896158597198932,0.014463718583817224,9.474302031590632,1.313294751896418,602.2594604715354,0.001541516879305003
246.8124462670962,1.7450093313834025,0.034599307971871794,8.067510014707423,0.9408085779301478,612.5176157645906,0.0017621657373970952
236.21634008031327,1.8023566016601869,0.006571358413893479,9.218796100417471,1.6555353968307467,340.5747013846135,0.0019141809752039514
237.75749269279532,1.9903481463262223,0.009749328547215896,46.76139328785432,0.48177633022257754,408.71651645727314,0.0015086333343323792
123.96562933342786,1.912205571568852,0.007251659339962756,43.255540753860316,0.5116807792623486,499.2544385003515,0.0014128669413499928
207.65038514700396,1.932579977801493,0.002195863913202084,26.05158420814,2.974998144882349,584.3828264670915,0.001613658158060538
134.20151634772353,1.9452305748603174,0.022640081856603475,10.290234222983763,0.09302303647375879,275.3486330200682,0.0015599134751586707
174.95006290594876,1.9251121548056644,0.1391873396850067,3.971534173111085,0.05442858928079532,178.1165594862903,0.0015748438039647965
207.11340222342344,1.8388959139037964,0.003665185789564777,20.707980231207696,0.01923079020529079,343.70579613443283,0.0017445709698768231
177.27097744430935,1.9397494802296538,0.004286996519840216,14.449338957692984,0.06356641494494923,416.0074904226129,0.0016486517268571668
164.5255339666489,1.935425403812654,0.0012619808595398059,13.049159337286193,0.12347468859484403,274.87740422970256,0.0014440819585813855
119.8856758423702,1.9898886056144196,0.000674059156230498,29.34246455024143,0.23013022510799908,264.8949366556302,0.0015255045901530026
108.7369741586052,1.993417279780235,0.001220045988562209,9.60371699124778,0.47297133184563234,357.25758172271276,0.0017360799532266118
226.23812594867465,1.9939858458918247,0.00740971407026957,26.201208248515286,0.8231295606552668,470.1769172812084,0.0014694681127453999
176.81293184140404,1.9443694534914178,0.0017470621337514552,12.034512109230826,1.231612554785172,523.822396174801,0.001842329865073553
143.86219326215516,1.96265099145658,0.009861866625192964,18.235606697859644,0.8213924478199459,261.08046723276277,0.0017451642836408083
137.41572704199814,1.9081667599536485,0.0014432513321592534,38.48186160320881,0.5042800046506781,845.1949542329278,0.0016160794286160718
111.84366487394357,1.9446811785662914,0.0025434238949503464,41.99123645256737,0.48999673471107147,1510.3422510920811,0.0015556674484561912
107.22323516171349,1.9007363177597123,0.005775309565302107,30.455152302194506,0.5544796077837928,893.9187586588894,0.0015777771039959438
212.38852730491288,1.959106113641818,0.015457326247948384,2.8124307701285507,0.32356480052931375,124.2053739871078,0.00145636276554702
71.67542170897148,1.92653052340837,0.0014742275189529872,10.22553136537061,2.2658110078416738,658.8767725632364,0.0014892697187594132
74.77920686103471,1.9659188512149006,0.0017511631955961396,22.010908736559877,2.5063576045867997,612.7495566671163,0.0014335051319800864
74.05658210708502,1.9894944933676297,0.001709028118774957,21.52022024131751,2.4922469535059357,350.37426826343636,0.001382871405420482
135.33538848073619,1.9193453823718154,0.01692579875184114,2.176359455249938,0.3361758791364502,338.2289028908939,0.001563571733437822
201.07092810374405,1.96872799379498,0.019912842669965104,9.444923012243278,0.6159531314280761,297.3542352255293,0.001393191032000347
158.56642028079366,1.920988814197421,0.001596000001186546,34.33654991484816,0.8654865602207886,606.5654715828106,0.0016451673500068316
131.87418696510275,1.9488131094328185,0.010510682421753183,6.527773449658719,1.7087524278976924,433.632007402942,0.0017340166499797977
147.05561100792,1.9716805039563967,0.025684132011375007,1.9273523160569885,2.926696973725667,163.22443938824546,0.0015685469213151748
161.3297866063666,1.869493830997276,0.037457076078806925,4.851125691415031,0.21573770761733108,307.96953813193653,0.0015042696738398766
215.4690065560836,1.8954483856821054,0.019703776974143557,13.900129000712639,0.5067927865926662,605.9077893372439,0.0016494958540271142
134.89402439841086,1.9552424776743431,0.015180007866780096,2.15184265160274,1.5534057222280018,337.5445649402816,0.001485539914791249
185.90420954826638,1.9179993204696466,0.005393026314508786,22.637872067949186,0.44738725170916166,271.03823036414167,0.001448066157887124
219.83517852770493,1.8928726534738172,0.012771688731136557,23.784353933527072,0.3295765439871936,273.00566224103574,0.0016063572173868777
104.13415545264002,1.9939491420260147,0.014030557209752584,8.586388071031875,0.690625121016759,22.09494107114229,0.0018646340379541426
236.4258663947371,1.9787075024068908,0.2060909995528814,2.5444604702110847,1.1168987088650824,6.9612452103536,0.0017851778893169603
126.03490854824335,1.7649900473008449,0.04765121724915973,5.969806435700457,0.34654727742425595,0.5496860719970788,0.001789031252462074
202.23478195441123,1.9923770652421238,0.023246405180755367,16.63286305420129,0.26401575339356215,0.5021059276830664,0.0015826485650234398
127.13884090544903,1.9902530326771946,0.003732156677131668,12.362941392930107,2.0798651983736964,3.626046488184875,0.0013380695885771006
137.06417763678252,1.989022031286338,0.005225913158365702,14.604569881479536,2.2979858604713046,4.310921186163661,0.0013331114299338699
223.9582939135938,1.8208910225604447,0.001159361607415864,22.37057531808122,0.40669842389968397,32.59044312629345,0.0016700911252986715
165.65384307744966,1.9127289855756033,0.0005002865139571396,7.921805657695076,0.7058568212507697,43.58453172879412,0.0015046271446278474
173.78485013774335,1.9789734613076384,0.042125464827573456,10.24948565353812,0.9583854373339737,242.16646094012583,0.0014942637522068142
192.23761197114365,1.8794411042585626,0.00048047057078378513,14.202375460297215,0.18359726930214207,547.29758754978,0.0016690749668380822
143.85484719078704,1.9523942547282147,7.335870864524868e-05,45.62263904159423,0.15957353545605676,531.8858797060861,0.001598929437422366
171.13918356429022,1.9411524390235788,0.07905235944294282,1.2186813918172537,0.8597091401807391,83.52578979887328,0.0014918587638444304
186.95978757061104,1.8999617559031787,0.002091198981104061,42.597981814811725,0.9631325913342482,1041.837475124006,0.00156307450641043
140.1028188056483,1.9612526436982671,0.016198848763386148,1.4029283935306534,0.6331735797085041,10.132015936437167,0.0017122738760910637
191.96834573922828,1.7583185447043113,0.009909233058020479,1.7937390309230865,0.851406282071248,1085.5326794749492,0.001574667531613494
167.49039323599786,1.9917382733975106,0.09402196891165604,4.117946879780618,1.0527031698240572,123.62834290671162,0.001833216553640524
142.62077686977767,1.9054459829122008,0.001913526802017244,7.9227545952454825,1.515956999284804,452.34667294895854,0.001664033838668142
156.66186229228455,1.9485773650930982,0.0003130838042402211,40.911788717477286,2.4184302097091135,172.04678209957163,0.0015427161084755306
136.76015187702774,1.9342910979642813,0.00027671630605542,44.23762869845157,1.5116244410701578,277.80164497337967,0.001593680459080416
199.47386077869427,1.940732412249991,0.0023495934336698315,22.676018108563415,1.74598040278697,86.3875506069627,0.0015000915373567713
157.30555860531194,1.9009186562860514,0.01593245273402061,24.700234274425846,0.1431673911993689,842.0991379588864,0.0016944901354710871
243.75166892128482,1.9442329789987143,0.035709974559029835,25.24503973022417,0.08493732696794505,45.94474114598082,0.0012890051868195403
157.6036086740856,1.9466404025873396,0.010222804039379502,16.9947498535898,0.103649857988554,23.449396391193886,0.0016193009196965428
149.94718667618073,1.9276310590649726,0.005179585319126157,9.36225943336446,0.07186229477749484,29.16538675757645,0.0015545647483246302
126.20848136693763,1.985040706319922,0.0008226062984770108,31.815387982062898,0.0929560065417413,866.6233048321858,0.0016035396500702155
124.48727709600496,1.988833405927945,0.0033490596487599014,11.648956072736192,0.24024872193372102,685.378529452204,0.0015654324994040863
59.552396007410344,1.9652218405471549,0.0009478530314431643,32.28720635173339,0.15873316481858615,214.71085630128033,0.0013783529522343972
64.64752697964826,1.9446508637490978,0.006066484946773835,31.99982062645376,0.21296627624892467,111.44151365841464,0.0014683572631102126
88.89406108201474,1.8802689680613016,0.0011440729019633698,15.793790598702593,1.681822244589894,128.9122119506551,0.0017506577533837621
219.76582051932735,1.9743956830808382,0.01714694429837834,19.02003302753242,0.5645512906155198,338.6437903240173,0.0014143781681768084
236.20953123666823,1.9655645324014541,0.011503764516753865,31.690572678287133,0.1889637828423135,212.40609827488916,0.0015608634966476314
232.05718496365313,1.9339563592505622,0.02600833377156012,12.647868966525676,0.4193561340611819,684.8165893152214,0.0017563772525795043
231.42735057739407,1.9394961764395817,0.012304494912453655,6.016913625561599,0.3426471605114908,360.67901276695636,0.0015959486002301195
102.73257488952781,1.9856681872038402,0.0072787106873150225,24.147738008653725,0.16106916138287722,134.40486861896244,0.0014392034231825038
205.57401908736506,1.9944260778261236,0.012936427854074692,17.422623050819958,0.9046036912190828,183.87675607136617,0.0018524043115017248
183.21169792443928,1.9359816107245524,0.004852154811083101,19.514864930110562,0.4305811024094052,876.5048184611118,0.0014606218244394929
161.27710537592264,1.9788378712806884,0.004259007510619283,18.06881543967653,1.9343313075144424,208.586051345721,0.0016811984618430504
211.3502164059427,1.8846583318630712,0.0033230517354198904,9.683230041845393,0.04200984124977792,725.7259276772033,0.001461626968815588
127.61847311926469,1.9951179020002994,0.0021296772572438403,22.344469805300168,0.6319719727126518,119.52404781950358,0.0016622227604274093
206.0809037032169,1.9870013882187014,0.030187293151482157,8.40403232136978,1.302501650462114,151.1793415819148,0.0016256186080796681
119.39438051190974,1.9032654935743951,0.0008946848080702316,12.75195905613749,0.7762162474729203,774.8167720812052,0.0015227034490787157
129.83495150632183,1.948488862888187,0.0033348452737098876,28.361332623613393,1.2917371124856583,184.10761204446925,0.0020595710525461164
164.41239880390566,1.9920469438997646,0.005156052043392768,32.11505382576178,0.4280288065774998,261.7371712567605,0.001694247387388556
163.9574665035566,1.958944456130581,0.01586760022938483,18.794326116012748,0.5769993827612168,81.10061751961075,0.001657171091860713
153.49977965787582,1.9384774063926349,0.01630922179470195,20.025400214934997,0.6698836310969528,157.84670418203723,0.0017110894451800784
203.7226928678604,1.9792755762524985,0.005340838988238826,3.8897998120869985,1.3280345207753879,178.92060745466364,0.0013906062203339045
243.73308935870642,1.9720574931004533,0.041983711858460254,1.890642665686056,0.026024436337803346,247.1865358052384,0.0015120023469451984
161.28838641943975,1.963554100807848,7.967900765071298e-05,41.44615959085474,0.0009481243724411486,659.1429940919045,0.001627207636966983
205.16659849913276,1.9768638068603595,4.902639854662465e-05,32.84659899517022,0.002617566867988197,748.8784140045844,0.0015209133401988238
233.05840179090796,1.8866483883462453,0.01996401578241699,4.916297921591353,0.002089656712425493,277.4874019027832,0.0018301676198909692
166.59250126126494,1.9439692984938963,0.031219566659186848,7.455438306247219,0.0025149837424768237,621.516343674717,0.0018773769934033594
170.55715746444153,1.918530990707437,0.015911811516223583,9.470664893750508,0.005099215567257888,589.4330695183709,0.0018503312923313215
172.1634674016687,1.980989498720542,0.006319988600154826,19.578355359418765,0.004954049287286837,180.47537558049083,0.001397637616723243
159.98322022331428,1.9153314152309076,0.001990350319334265,9.611075899535273,0.3985120293454857,352.31880985981496,0.0015481390175654032
188.75398763705306,1.977340139491719,0.014988876729099645,21.315905452490046,1.8184135057767947,433.42083125075624,0.0015295316847360324
214.56193159331025,1.9682711201852945,0.003785925078493596,16.572846296416298,1.1235584253269093,53.087455650875434,0.0015126922913496184
221.3023636861099,1.890115878355932,0.0013382498749350458,15.822404657307679,0.7982971303090588,215.9673657258796,0.001569983567111608
153.208196077706,1.8924184615532131,0.009645016950398868,25.542085854237897,0.7533564703859581,86.10001948845095,0.0016966775483054158
158.0929560523018,1.7842517818934045,0.005801559980849023,9.75583698736766,1.9541201412390874,204.3495371439826,0.0017226227351641614
211.14537028898604,1.9817521806295548,0.010956879807994207,23.406782830437315,0.46184294869436504,806.5173474706572,0.0016374424467807056
236.95432127444414,1.8387183650540047,0.05637452551899287,2.243104952682868,2.5995755978322537,212.20996692402784,0.0019044670338941299
176.53688295297306,1.8865925743081937,0.019032266137564622,2.9722596979459026,0.9286067544331387,503.7296780028663,0.0019622859928687987
83.39229852125563,1.9667268732871634,0.0025553455086907437,39.66099958217546,0.99171771377895,108.44559335980168,0.001525471971830613
194.79784505634038,1.9719464849037118,0.003320839950101745,45.426941624660685,0.7144109725959081,464.85228083262365,0.0015305261367497612
123.7373769433249,1.9421503013943733,0.014063259206143725,6.8200509724903045,0.11849518074442945,216.79685430278403,0.001582911680573874
231.04195001145175,1.9768293092223816,0.0003101219553943501,31.111400230086307,0.16874471113951606,221.31578692608585,0.0013128630335948386
191.88487315237836,1.8331252124184858,0.0019245868849288702,6.475519225407875,0.5428044258793976,652.7144967892025,0.0016608975246207203
142.13162867688652,1.9910679242422193,0.004634325522163377,32.58866496576909,0.776256363946722,125.7034344501347,0.001516977138984076
208.28960227904759,1.8283935318872433,0.024121436652781988,10.468133776328166,0.8915856420748797,446.7545632577774,0.001666322974456379
149.70605585968966,1.9857804808655932,0.010156347632745807,12.770608421988266,0.8007104363633274,129.2879144109256,0.0015795947433134016
158.8799352269583,1.999332096992223,0.004998889059784212,15.381481548950603,2.0870025819744575,948.9927895921484,0.0017392457616079073
213.2555644085809,1.999644172223963,0.006651403774298261,19.849954696334876,0.43227638137639185,143.98462972567228,0.0014845551941801505
176.22440186656772,1.9992636569804572,0.007075276255718113,13.741712342190851,0.4037928407257939,220.67656701956608,0.0015190602999058753
244.35957955077816,1.9964596989672694,0.03839258881740746,5.951683695813978,1.772792759338531,692.5747074292779,0.0019367965090963943
122.65467921950783,1.8513896881471215,0.00391616122934104,26.730905669901148,0.5445531959731393,218.4828179640846,0.0018515738135779591
221.87063219971964,1.9584244156830088,0.02203276284472034,7.8534855376930075,1.5693483460803193,80.38895948196725,0.0014775462820255966
135.15567696958132,1.9519232064958123,0.012649555372757146,4.930965919886447,0.6617814296000311,304.1035727132235,0.0016842118107436453
204.17769269876663,1.9092075922222072,0.00332013855502083,40.43722707977205,2.017501101832072,677.7285748220378,0.0015735153930724497
92.74010026627558,1.9500724195747663,0.00045188584273533807,5.520214143747573,0.20649936863361743,693.6968588333192,0.001826224054974763
202.31066442299098,1.962547552925458,0.0064554664175261916,29.880294816508368,0.6194939443463633,275.17538406984414,0.0014350541724172964
137.8407554755975,1.919078308650262,0.015233112509721385,3.0954552987870647,1.1116574897394444,493.1018659761382,0.001610313795383395
121.79214722233591,1.9365526744411805,0.03624181274338075,3.288915077952085,1.201593070729603,517.114952412316,0.0016560343400611251
171.2904277690589,1.977908545875223,0.004381431639750988,1.8835364781257504,1.077797354120764,473.08381745581295,0.0015289720692443726
151.8297111778316,1.838914130378392,0.045822857929446154,9.944690149297122,0.9240130132199137,691.8472129940299,0.001794747353044873
82.29402452700863,1.8542726361680009,0.07963856322110742,2.150460044944132,0.580554024560282,242.60106451826067,0.0017691738924320638
176.40247611023432,1.9757852436874113,0.0001981956752865401,30.25155647246025,1.6388207730525084,330.42660794618683,0.0015566115869250828
127.30981554565902,1.9626026645777834,0.001974891978185145,18.45533899936518,1.222291575004735,875.7400041727458,0.0016511196892717694
234.37609448243197,1.9428827375782922,0.0026593225252205424,23.335027269611874,0.4980134178132567,368.3405116631429,0.0018279463090937669
215.7766411491939,1.9380542849423135,0.0017649892591784311,10.198155031307722,0.86758218275071,398.1831755265153,0.0016357150528875648
113.82379372371895,1.9709341882852374,0.021723696878082992,20.24729318645477,0.4721672710953414,19.49940601923791,0.0014379908084904552
174.1789208082578,1.9467578239112358,0.01204029404173203,1.653789580430454,1.759863619098165,323.7518718710487,0.001491587723915196
147.85605232782527,1.9875282472850915,0.012666872574896182,8.52220379151253,0.8198633370532146,641.8845853681329,0.0014841508268167761
69.62118895473441,1.9975788293989782,0.0032884968270278374,7.3204419368648095,0.6293855859652161,642.2460012931987,0.0015855447277021684
69.10773644758727,1.9392590516378796,0.0011621905988424674,19.50843164932292,1.4470893684537445,246.03891388118146,0.001730280350289542
211.53018829337825,1.98740760422624,0.0052026218875924814,6.327293479149705,0.5966948432198697,111.02607464876131,0.0013092047851468416
154.1043178287856,1.9715041111698064,0.0062721968232021235,4.141031756258409,1.69522916972242,44.96233777944043,0.0013018132081203
147.17236475415808,1.9248824498937813,0.008929900058186892,5.0023797718540886,1.8721185980878947,95.61473902077509,0.001370026542911158
104.95786902096943,1.8776603248784691,0.0020428659131915697,10.571120553086864,0.46802217750699326,611.246369056699,0.0015320500436708713
192.36972330195613,1.987393463271819,0.004327138943526171,23.513446461302696,1.283191981482206,210.9550489666651,0.001499722680371258
185.38523054937153,1.8986817528150166,0.022980778233028427,4.381257659979145,0.7412858961048349,120.95266009230711,0.0014729617994362059
158.45119389095092,1.967588248706397,0.011029221699852411,6.183443639220226,1.4798430337089525,537.4204129572306,0.0015867921843969897
67.0292207183202,1.8624215246565676,0.017208315959538464,3.269544348313009,0.42391472297133287,312.2467995487958,0.0015751287824553632
206.00181300265203,1.9868253169909147,0.08167469082160961,5.015947226975714,0.09816093179675774,78.15954726436512,0.0017533688745284568
179.04270036073328,1.9786627637904624,0.016363554316787127,8.605992414789066,0.2253061952183079,501.8664622669954,0.0016251361541437341
240.91310817633837,1.960022025473182,0.0060484813679826475,35.83492513614465,1.1324858470049681,501.130888887052,0.0016949100348579804
238.4075604994726,1.991463947912696,0.08500490015798244,5.970956890480794,0.7584298292438648,249.30290533617085,0.001603690369654646
229.94166504232183,1.9862896216127623,0.0411205380206275,2.1180046571868845,2.0180017428029933,328.73825876376713,0.0014949437497424347
109.42408513548641,1.9317226409222084,0.003631510242856571,34.66688213772859,0.8028425201050436,477.30908861245274,0.0016296080904635254
222.15345700556287,1.96724609803327,0.03829321066739368,1.5968626479797579,1.5557703987833709,448.15047307144135,0.0015398185787285738
137.58294476045785,1.9083291540931857,0.010742700207202959,9.86914879891841,0.36548455016861775,550.6533042209113,0.0014855025719960869
227.50332886731135,1.9885402342741265,0.12970140812626904,3.4849546667394975,0.023486811433447413,7.632096468187121,0.0015577046562664952
222.6901245430058,1.9964536929581849,0.044211664271439445,4.262146102882441,0.035268395516130153,6.2779512876512475,0.0015138896619733323
102.26520335765247,1.9953925894748212,0.0021893102202438586,28.104756338935516,0.07116496870485932,3.8132848267384456,0.0016622924101252056
157.56119920081042,1.9974550157038888,0.02116276412211868,9.846768898839372,0.010842144032354154,1.0455666203853409,0.0017212505055431502
177.69713509826818,1.873203868482423,0.00589593863628321,43.68750060920485,1.2389017938853863,323.70111855466797,0.0017213814198242154
163.9026031743019,1.803716574179382,0.004886841986638953,42.774062373229114,1.7633313438985574,634.861101023644,0.0017475415933907326
152.28051404873773,1.8081060745865432,0.02040523769463811,44.86594878976835,1.1903277503819343,465.62027595594816,0.001989939987256476
204.62653727323575,1.9720489638483096,0.0025640527433870223,40.44775314691969,1.0614002078910236,344.26951532144466,0.0016089812294161317
117.599191821823,1.986985953855417,0.02101413694236113,2.1565373037261764,0.2688047179909564,377.58595772896774,0.001442081426423379
233.5451375391039,1.8134585848898956,0.022810227076286785,6.812724519828143,0.569242404529714,173.22375428949294,0.0015270475768581818
117.18393561982208,1.9894974417412896,0.014820104014463107,3.1382334804352396,1.1041270016652938,893.3182515384551,0.0016631891068855245
231.75145271941054,1.9719768826966189,0.011504882965936658,21.297748215586893,1.07522917926997,170.76443114242625,0.0016423708465334087
89.18310456965565,1.9044076728756267,0.005768775674551318,7.869229507420849,0.8009942134786858,511.72737991324163,0.0015862302196688956
210.44667194158745,1.9571393305340692,0.0036441722622213416,25.37984425973854,1.3585385463357202,287.9641325279915,0.0016502156424030776
96.0863805499901,1.9630744558016873,0.008267404826518634,4.003156056538285,0.4223548492428725,269.6721040082143,0.0016517584391166867
205.62879447748261,1.9741446893975974,0.00343158862266421,19.1231453435814,0.7982737329040855,81.5548073635158,0.001454408572633934
126.67968422556255,1.9481944725186924,0.013577764161129964,14.629358670223967,0.8347769651158604,691.6444097706737,0.0016777480838656195
181.19907130448544,1.949661241262664,0.018056268037201506,11.966587118898843,0.3917868912599367,279.6046802090112,0.0015702642515832334
155.15594331589708,1.9376144476524362,0.0032261374076417238,5.041064020626815,0.15956496168657444,598.725927549471,0.0017219304786224503
104.44524790163018,1.9266717096558719,0.0006051110154457031,7.841247641301198,0.17415864015748173,397.5738808537361,0.0016450745160250617
190.62255303476505,1.9822119220594887,0.00010361825300106352,30.87457457938623,0.7989709362354925,434.9861489721587,0.0015382228907179396
232.67568083183085,1.9066016378031478,0.02891986097245275,7.751018612595421,0.33709613498362334,629.6366464078677,0.0016633405484707548
70.70133301458563,1.9936974458260184,0.0016326479977939639,12.6318353023998,1.3478292554358802,182.44718789803275,0.0016307647700914854
144.7618380197314,1.9646772908385768,0.003139184208977777,17.576976147967883,0.9119804063269277,124.70924980408262,0.0013943393390379514
165.91792206561607,1.9823560502950202,0.0016799837289072006,24.026024573975914,0.7866060812762932,441.1514433053741,0.0015894029158363481
167.46607655629,1.8739019696528805,0.019586794148318085,7.515203125103509,1.4583413128071077,26.146408395017644,0.0014280673076016506
188.46133717242694,1.9791396408404478,0.013829486300015256,11.335052867237167,0.7606655543048719,798.6725347510743,0.001690430869228691
158.32204029402578,1.9218973378721058,9.857506032583082e-05,26.273349541976515,0.5233805961041041,112.38742547589474,0.0014919185810170442
176.07260086032866,1.952429879380166,0.013660054106976665,21.477951402818597,1.1766158527206814,1027.298187656174,0.0016134582766722347
154.6630470786027,1.8937209880987715,0.0019008035617393208,19.58688314254394,0.9801680684231485,70.50998333913341,0.0014012899177542556
140.70765750417192,1.8937003705371198,0.0011713209103185378,24.10980673369286,1.09091567138144,67.580659837303,0.00142607455747426
170.11748388080565,1.9075687896531714,0.0025403346261592334,12.32261610673325,1.0242147098505794,49.56569674801805,0.001362309186166315
83.64059755443633,1.9779156469709789,0.0037690593088081405,11.058098184900947,1.4337501074075845,817.841331527818,0.001486544426696997
108.67600532147785,1.9772115308593199,0.005076753695320233,2.6612236056452243,2.0310733832893777,506.13774418627673,0.0015148638716669734
192.7159633638417,1.8883416830975854,0.0686800943895275,4.220496134122813,0.5931565495914519,360.01798942531417,0.0015415992359120224
155.40993550571608,1.9822883334119616,0.019984129993076548,4.180223223825763,0.8200879397110802,421.26600521931425,0.0014424086581553384
126.32717837713004,1.9702661447675804,0.003812887033699543,5.936053898222767,2.670426328539529,473.24302769894837,0.0016866003134897467
182.1042804840321,1.9555798528058788,0.0011152488960060845,19.77995410666453,0.13095159861657335,281.54176628818743,0.0013769724832930082
95.85747791501234,1.9447135344013986,0.007329502116695543,28.29505153601074,0.048263260602668875,630.4408633061063,0.001463892341058527
78.28432459138334,1.9298997837755134,0.0012389600978812536,24.20478649627777,0.36563176662707364,112.67506944922276,0.001510700593779491
177.78217446978562,1.9714529170429975,0.0029627223455499434,16.304264355867193,1.4469995374866214,171.431520439628,0.0014512805724424252
140.8188480128167,1.9251107594380594,0.022794655149757197,4.1882814583760055,1.01054353977698,950.1830809068513,0.0012976794339664896
170.60616637986493,1.9930667681656165,0.03136566606397272,3.4335886644757974,1.8009415238498323,99.61787010619923,0.0015327819988068224
197.34103376181378,1.9658972289453467,0.008162703457105368,12.92856093985335,0.3025620892642912,102.05209809695356,0.001595993849820771
107.42140646592276,1.9294370261881926,0.008618707485132797,2.060047284287115,1.2999551018801032,380.60060588570803,0.0015525532482384898
146.09541607363863,1.930460750544643,0.0026643289318628105,36.03390544674969,1.0921658683751303,306.6965610524028,0.0017378695345455367
189.5040570819833,1.9386856476807037,0.013133993019882682,3.2164120081023073,0.945135665733024,569.7584061161891,0.0014838007841965627
128.1619685700147,1.9600318060395638,0.04116057078381141,6.245311016056059,2.348123130807206,100.74165760383384,0.001490164527380561
143.01847030282732,1.9928878830526555,0.019448768309195015,5.367656035082302,0.7995993546544591,304.4510877960977,0.0015260014433675652
168.86030660209613,1.9736205147384411,0.04548096313229112,5.840904573761826,1.0773304259497525,65.93204679095292,0.001614836362414566
129.86214408161516,1.9487814935899013,0.026749422312112504,5.692761900827379,0.7480539678812634,21.639149911926495,0.0017117734204066515
177.87503783383065,1.991411467412225,0.02248196073459916,3.4263707846490217,1.575557024024636,30.761319777969526,0.0014301989554502317
149.33498552237953,1.993667596387689,0.01665176526512512,8.018039693043672,1.7155995408879583,53.56311092168316,0.0014754465887385382
195.11832764996976,1.9895708794136324,0.019076977816894596,1.7776622704890879,0.7095623560869116,636.5880093773613,0.0014354756063324051
76.05467050716706,1.7710693303136353,0.006522856854615103,16.51206547537178,1.7810868301060705,266.7965224579476,0.0016326249112481458
123.92528386809352,1.8712813131171386,0.0009446946408386156,39.93165824122071,1.5643549760130804,593.490608710565,0.001408797146643521
92.10097262574239,1.9589995274873808,0.032965568923729524,1.403312602560305,0.9856964928893673,334.67736681251483,0.0015252205974134654
180.430070671603,1.9040999922430137,0.023712863880697144,5.299603501710186,0.7372785124441747,98.4011922386631,0.0017053493331228426
171.8725008534441,1.9643087038878446,0.01107806448567772,6.060663611110921,1.8430049055578368,1111.8628690061616,0.0014317263870273675
173.85598073496016,1.8534244489398055,0.009522182709975454,33.17896002333305,0.4270521473953287,54.963125131492276,0.0016326161773230733
168.7746603052552,1.9571756683541617,0.007132969641492668,15.231899474964639,0.397766099818085,381.03123893692936,0.001730757888667684
91.24933811897172,1.8416838721039495,0.007750193583600591,9.375834334589165,0.12473999024957982,718.7194405835236,0.0015041126245090514
162.85709149449542,1.9914663283129879,0.009148675052953671,43.46185709192698,0.15266879332640165,271.97552598271284,0.0016478663436772661
159.1814535669895,1.6929609156492287,0.004078150301514138,29.454574427390888,0.6302030255080007,169.61294111066195,0.0015293629356110201
181.68649877899475,1.8078043237691153,0.008329564089382088,24.56931574189668,0.9465249235814817,151.19339286784515,0.0015793876924144257
156.04590962903066,1.9743456096423513,0.0069556891890463065,13.349446887107868,1.209777625106531,437.44658569442976,0.0016873812516199824
216.42925049189822,1.964762658739672,0.014655697206272716,7.016856584097318,0.6078420720167764,324.2811074552271,0.001637996917765104
113.22107431190747,1.9846444094701066,0.00039223020440852546,11.194230500612736,0.8988887237109522,563.0817516213974,0.0017216662175297526
213.1248094231761,1.8991080960094329,0.02620332214812111,34.75069557908604,0.08753878576169577,189.71519734449572,0.001567301053095032
124.5208917954276,1.951909591108122,0.004778939467705862,20.78667816758753,0.18208470612944483,535.4395741944116,0.0014268765991200332
235.2360093454207,1.938536946653991,0.005260348233862056,47.83261130116633,0.3678145644663933,338.76628376585126,0.0015276210657195624
240.7146828381372,1.8274554532431067,0.002182753840425265,48.33338634334042,0.266451220020424,286.3993002550013,0.001634953512707288
168.3738482515023,1.9778273511321847,0.0019648870178368494,43.72436610272548,0.2374477540529887,529.8741179802443,0.0015841465928244352
203.56601267442477,1.9174662347693654,0.0048205600910119425,47.49169618447338,1.4681319765384364,751.6609780301573,0.001511743029286211
202.61245180526439,1.9734378493370053,0.017467098807968442,1.1721659036250198,0.14617787973280325,249.70302211723333,0.0016521952291900866
128.4882891062964,1.8676400718736634,0.023547166988482866,1.898296739658761,0.9173233258513506,369.9060190207164,0.0017132964959216395
213.62920685052208,1.9734141338473916,0.002378393811436315,16.558835771593394,1.0950086654338862,565.5801907844525,0.0017269472122595202
93.68214065628919,1.9887091430472896,0.007015789819404903,18.61684814822742,1.2738346314140006,374.31161032603455,0.0014920651317296182
162.8977235932926,1.8739016584138064,0.0030305049847856444,8.862179102425777,0.7573240622330247,125.22437324336916,0.0016929381926833393
211.93897826191045,1.9772012164981168,0.0039974723182961145,8.41100130674937,1.1338222423265143,929.6309027979028,0.0014675697689648945
189.36388635632795,1.9836698274676776,0.001219908053683219,11.964880735309979,2.5365433952217322,649.4270961666952,0.0015672127782527336
181.00886161895616,1.9908700655491967,0.00024311776465192492,38.93666430151777,1.9450680724330227,827.7911686856567,0.0019955812670608255
85.86714085663317,1.985606255894989,0.0036745214592320756,4.040498146440268,1.6002393361855993,167.70421400481115,0.0014086128128283273
214.72828641195875,1.8045690233950302,0.02611527512176197,9.624889130037731,0.9179472982011198,89.98948991355356,0.0014100377493617843
218.3233245922857,1.8902131600147476,0.05794384434342427,9.515316218116132,0.7214603664250522,39.69492470055709,0.0014446935164724897
109.94931093954219,1.9707561895968615,0.00048109115429778983,37.09480563548692,1.0721805721021203,468.4522632726958,0.0015660213677916796
138.2263256703269,1.9834096983170075,0.000663586449718875,39.68524189766215,1.2891424810781502,420.8903277949204,0.001373627264490381
196.1902287925731,1.9369141994697758,0.0013758920633143142,3.371569647616554,0.7860135074672968,335.5509556447035,0.0017431619176054803
163.8874770572316,1.9838863895399732,0.0003755143717635573,8.854040079271604,0.5839983279828896,733.0993799721115,0.001635224740795617
249.71390530407683,1.9585637943910688,0.0028225896932057024,34.16226009402204,0.7248694633664451,272.97216964105286,0.00153790269650265
249.9069454951897,1.7762767971884457,0.005769728312107764,8.708519314613945,0.4276902176663087,144.82845233742637,0.00155234743922498
249.46862322779225,1.9737103630379362,0.00959391913197179,27.837382836801524,0.7401628640769854,111.06695805954448,0.0015120901276587575
249.6173659725501,1.9652848742943148,0.045635572055589976,12.387679023321972,0.6339769624117456,39.65487514187333,0.001520892169002897
50.48157798458944,1.8808277503281623,0.04366179644376584,7.957234457334058,0.0977147462671306,2.3779236328403455,0.0016997614134933825
50.76449248439313,1.9613487015010362,0.007600113289398795,6.9471403343196165,0.41795097509773577,3.315167572738825,0.0014675512031072165
50.90748810696563,1.8844471231583064,0.004422957645375853,29.515769677196616,0.18122767496300338,0.9157114409133681,0.0014397365897572101
111.8378231446102,1.9760343980526236,0.016367628974774482,1.3345506702644592,2.2610983658515633,2.0999927099670033,0.0017000289286365803
191.62800491900066,1.9741560966853777,0.009419343759055725,28.123648705243696,0.7640888202972254,7.633108104819284,0.0016908643620174185
216.88319753186448,1.8840850831006886,0.010317552860828838,14.66203733496778,0.155755347926626,5.548429806145719,0.0015347796783209999
165.8638952232397,1.9503207641841063,0.0025442666099745144,9.3728207988504,1.4204625476067698,1006.6294599781936,0.0017837056649011643
192.76377518620066,1.9363781431939333,0.04931497576852805,9.137015653285978,0.7233702894990269,40.903204406830945,0.0013920412312813087
192.64046893462597,1.9749100374312605,0.011654435015955202,9.043959680039316,0.8477105129900426,15.823988792418858,0.0015150577183732827
186.32508781489122,1.9855627713061244,0.016036096321574416,11.584218158433194,0.17859803269311003,36.810268360715575,0.0015839265482051
171.33802473181876,1.7712822422734373,0.00633921717012106,22.33132798853345,0.16362426269535993,79.86730737501041,0.0016245071655507674
95.9210851017173,1.9838512584475025,0.023088372297369267,14.49403936744382,0.16239114746057381,44.22832016877379,0.0014791903518164519
109.62268790659347,1.961307242552874,0.021222677112645236,25.227442298048896,0.20875958571273864,47.935305763088614,0.0014957080304179766
227.55111310893895,1.9338114184724002,0.0012167782327475462,7.023350068864561,1.3496785465088932,953.8349519164259,0.0016005060579075917
193.40310724496024,1.981359832867101,0.005193893605941599,11.025227684702859,0.49851348360232334,226.47353209564082,0.0016134951697719601
213.17082174728975,1.8021079489548852,0.0001926861948699062,34.56802706044715,0.5839022332387666,824.6740236431134,0.0015595090880317082
67.5575188043839,1.9948972562142866,0.039062550002015806,2.476924089324754,1.5770077707841375,75.48338470658412,0.001464188320291338
237.6742630081442,1.9932135671139615,0.004539909159830994,4.015234352849933,0.8063572276756825,910.1003555833752,0.0015262354378514924
163.96422788447762,1.9929853446822505,0.01851309130786875,2.7439921512817387,0.44688815548636174,26.58984171589927,0.0017634724514541335
174.97473822055417,1.9860551707742187,0.30216804170336464,2.8160767991168867,0.4027304342027276,58.90590907403528,0.0015003353779741817
151.54106814683232,1.933213337111588,0.0007946426417205204,4.35340689010185,1.0992521605827388,709.4897350085853,0.0014173186574041982
240.04316323203184,1.9899903387192104,0.0039351477437745384,3.954692079768776,0.8386857775135083,273.5781617082191,0.0017219009141744939
87.7481831565774,1.877897670865636,0.005150232667669546,16.913149115645172,0.011938025528454814,139.33781153419736,0.0013470072548585493
230.13325647374435,1.9916104339627583,0.010394085840386189,30.228837685986583,1.0186655201323773,418.45550344315456,0.0017425865656456845
105.09629451456325,1.7341752891044062,0.007133270848790917,6.141018886225967,0.7083466517966396,302.57284823852706,0.0016728493521110995
214.6407466211763,1.9966938492491721,0.017820874676674925,14.87952454408461,0.19675427445457114,65.7552972012618,0.0015755031578634875
124.39273606018021,1.92718081150851,0.028970149210098464,22.560449403476028,0.589127816721139,117.61602943678035,0.0017079569749573528
216.02462785172682,1.9445963067060759,0.0003812920468875512,14.43375232763381,0.14651897385809587,1024.1022271531936,0.0014910430057841597
225.7695245902142,1.993583984139068,0.0003288642389788972,13.710292965118233,0.17280105287682657,210.1314539496935,0.0012584896356607562
241.70699653258848,1.9977874980753765,0.0006350373872376122,20.69293557393961,0.7632147429327731,397.59303140172375,0.001448024414047737
98.57350443805817,1.9708296187918977,0.00015954705247207381,7.235221614074845,0.8856300446726086,52.60154044398753,0.001410928922700264
70.57556131259236,1.9337601840648104,0.023320820713719038,1.397095933934046,0.31352418753926886,56.06995273495767,0.0016348334448771555
225.3851015118916,1.9745821642334371,3.5988091644974746e-05,11.710401042595178,0.2726247714208808,628.9669259278481,0.0014892458154210514
101.74878152118262,1.9170957390255023,0.00011717807601138876,26.344407719784193,1.3958857063089019,404.63180120464574,0.001779264572100396
140.29484324886198,1.8988487055261571,0.00013480389428919824,5.414827839407583,0.9576977639007009,735.7066957499954,0.001985346930828867
181.3989467673138,1.99142432772266,0.009622749923713292,7.668957772342916,0.8161391592891114,365.65886373501746,0.0013994207752179655
191.64494490749007,1.9717012980419075,0.0165600760735537,8.042573125323987,0.9071515759673042,718.1887321735026,0.0017109060075692112
185.5096790621389,1.9611235728353953,0.002686357563011591,23.46906056656021,0.09745556812368616,429.1662325512486,0.0014627639630547585
144.13839029050138,1.9552390248992406,0.007720565197646883,8.365867689435104,0.06915541184605795,367.1509906238524,0.0015806087489125423
153.66433382390386,1.9418845362493387,0.0013106682227833337,8.127025860817838,0.33911138563346394,417.26200999644163,0.0014478993549050176
181.41389065519166,1.9711197741156914,0.015654265992494608,27.7346783604676,0.08409185989178007,304.1525811355695,0.0017445763757780912
122.99837078176321,1.9614682728130466,0.015653538997277963,2.8514415890327607,1.0647227373840287,18.086749853938883,0.0014604545976545451
183.23757285099126,1.9608110496492976,0.06099687533958018,5.868252595210754,0.28708896844300075,2.293215412937988,0.0016149435395611607
232.13824635557077,1.9544981219290465,0.016504887857051124,19.072666493620986,0.17608553149123612,2.0881011652805372,0.0014672658480904342
79.56131477755707,1.9159234039556392,0.002159873148573438,3.754362999770319,1.5130273019512366,435.8418095221258,0.0016431087144309396
82.21627040235698,1.938048404707077,0.0005280247093077374,24.820941714260023,0.6616503853262324,325.74950902969056,0.0014407384092835285
212.85794550662428,1.960163950044974,0.024192643446316497,3.780105627258169,1.432857879826901,247.26159579107374,0.0015558406365227607
98.45627585803531,1.9355966417776924,0.0008569370244014512,33.08401192093858,0.9306403144203105,622.2001198949666,0.0013990686856937009
78.15145295970841,1.9447932025340133,0.00022846747835565564,32.66203967217315,0.9696676044937579,901.8512552303704,0.0015138928879577195
110.40391940060255,1.9861886532760844,0.0007231324152276679,3.239536227909439,2.2649120739795867,265.9453525546653,0.001348442516981099
138.15793721846552,1.918997406261351,0.017644817579536846,28.876693578654148,0.3245717657422773,733.0287368513469,0.0017292195545061822
89.82369572941047,1.9532899073353711,0.00259738514621682,27.478562881084517,0.4172136338076098,227.79439466349754,0.0013768589361900134
181.68582456575976,1.9083162831528608,0.0024183512279953604,8.022445111412756,2.110374495723546,616.0167868493907,0.0018866381876120554
85.29103519047851,1.9412712704392232,0.0033562996122192255,25.46851061303421,0.6639965889649968,206.48452541668573,0.001880849869047381
141.49483741603535,1.9239150868819923,0.013293769989513102,11.654355380054028,0.024644156935163645,34.17212375329592,0.0013709585660788832
118.90574658956442,1.958001261154197,0.004340956212989534,7.84037837154098,0.01965200458984708,27.370557601056515,0.001299520839030021
125.62554127109746,1.9480105061999087,0.05371426628980086,26.59251044663366,0.0891424704877372,29.82730283116046,0.0015936792015414031
211.35609021367767,1.941846838378625,0.01921828926453153,18.953781090818232,0.044768639289363206,73.90375816528064,0.0016556341592830256
223.71353253120012,1.8918441447734071,0.04085961727366115,6.047517587557272,0.2866321026085229,114.15324029483948,0.0015344787084180323
87.33192253211787,1.8813616213772029,0.027179509673988703,2.298356054008763,0.8691957655744104,131.5321917672955,0.0015742866942802301
205.83000696351087,1.972470260465014,0.0018323821177316912,18.60722341101347,1.7354448646298668,114.97522154650056,0.001684720916443392
171.91343849425346,1.9399954355049904,0.00019401679536038233,20.62661528957308,1.1998375645587978,388.7146150778002,0.001663846862372753
211.9389905170751,1.9667367892232317,0.04833244246722777,13.916158597648007,0.25405274457974647,152.87087803771544,0.0015374605950773533
113.052688940683,1.8599593735055426,0.0011344000571121015,25.903746543745427,0.16552032433257524,329.46386130147664,0.0018684766169220195
225.6473451950735,1.9742697316452698,0.0008394450186229734,47.66602768615154,0.3539652888791514,359.4816726026786,0.0018041666125175068
109.6920780830097,1.8599532813897501,0.25539239873989017,1.040388376874167,1.440810460952757,20.98695608468366,0.0013625090050880004
103.49161329880488,1.9164790631138833,0.14242854953418307,1.1007079250431628,1.2931091466092912,7.570134543977717,0.0013593565165849757
144.7205576290807,1.7618710425137707,0.572426988708606,1.0710848765613883,1.056891831389488,8.295944416323731,0.001454787231083191
196.96876037494417,1.9921053269570625,0.002247268586747064,35.137901738935184,0.2724752170138172,6.473655692246556,0.0016440029354654548
149.8534184184918,1.9924680063282323,0.006621959688192519,38.05961234271996,0.39029152841606196,60.82323230657656,0.0015967708935715407
145.10694737812804,1.9930707835582984,0.0018837977861318102,39.28116997874182,0.35346503331745843,80.04656337122664,0.001605450817442278
211.77517937652058,1.8834043536210792,0.01682092231010065,31.19361670522824,0.6134821241946491,176.66491727057988,0.0013972606435925772
127.18338953035558,1.9603802161153998,0.0014830187183887307,34.33394369836739,0.5195066163271735,710.0503947727469,0.0016161647866404947
137.34990567694965,1.9488709823957162,0.0014739171475277163,30.180772649203973,0.7176916868812816,649.0495897903535,0.0015772871525490397
111.86019733634049,1.9734454169173172,0.0007850622082648732,17.26696339326422,0.2719140822570196,354.35328822614883,0.001479166456139795
169.83912427197143,1.8927231446705282,0.016870146974297198,6.57005685650143,0.159714703336231,234.95691592178187,0.0016047689569365137
189.69979338165638,1.7560773598460813,0.032397952813894404,4.945322470974411,0.1226762931000362,152.42734162289491,0.001691687943993978
114.95902634150349,1.9940128342647445,0.0007739573726313645,15.690265398335686,1.8146556165872152,302.0041191215979,0.0015607330789600164
214.98927397293056,1.9949381835913074,0.0033731058851424,16.91940857639021,0.8886851607935222,553.2795780000112,0.0014310146779151463
168.51878945171111,1.9934458750239599,0.002599873862275177,24.70615435918577,0.9639177358408764,435.2566620645606,0.0017511368331437674
176.77887018909536,1.796584756502499,0.010633312026514786,10.643394082863647,1.2275907685427796,454.0181412188608,0.0013661067270308623
208.38347881879992,1.9888770625108345,0.005709656854521326,11.340837455169073,1.062306600385395,586.8488243377125,0.0015323461916237823
201.79587726793937,1.7564137355851337,0.1335041903403555,2.47645693943361,1.012310962902688,78.51495828004764,0.0018118887128587594
109.54550582184284,1.9891982807703914,0.005499744725734842,10.882963176886522,1.4854612936691787,1190.4114455737122,0.0017750400645179648
212.48113697107235,1.9485879839948734,0.009807752141652878,4.375911784604121,0.40508283262669115,90.45654502504907,0.001370108232573158
147.36701329032326,1.9138655446171269,0.002811362743794353,21.10912092808812,0.5568446850250487,126.3044018984893,0.001703419105266478
237.66052962257544,1.9267085128686239,0.058450792840692205,6.170408285642539,1.5296194529357987,511.82783368116003,0.0018055912060220968
129.23715023892674,1.9336089815935948,0.01177418274398784,2.5963296371374165,0.8820729104692465,1181.1536427034837,0.0017250086935140581
210.73532020432893,1.916311482758316,0.0014511463146806261,17.39956649086018,0.7480350723331135,120.42853700298433,0.0014730554190449346
209.34434790187944,1.9588501437784478,0.01603300845122863,20.14916459997879,0.40934332692905756,130.51079563696038,0.0016121338337802653
222.3763423236484,1.9805214692121704,0.018319740122700184,22.789733242275254,0.5554751157977187,141.2169658814178,0.0016845389942630729
106.7476801934549,1.9481245829235336,0.004131386921016149,11.3573565903311,0.5346492465244417,773.146912733177,0.0016144315598740733
101.29359698219801,1.962190367654882,0.004907658436175857,24.697454323620907,0.6372421682473867,703.828846623002,0.0015917748541892634
228.33524245243305,1.9582397176089634,0.01302002448836588,6.332396541723461,1.5236449873511215,183.74766959864667,0.001548078130958723
100.30266793765045,1.9366340049180324,0.009110805647714488,9.25571299953667,0.3954309545241696,59.93108508075975,0.0016765845501273077
227.43759356688952,1.9837628725230265,0.0045379102732098974,5.401062486295433,1.4046855540141336,620.5723669323976,0.0014920522257113552
104.11018302350995,1.9749158337012687,0.00044066285564848585,44.78953711325911,0.6568555365771443,373.8210343577407,0.0014700847439216662
187.77604846784925,1.9346049840115276,0.0032636290641732783,48.528825422135434,1.213076139641317,445.6865349787008,0.0017315821764333037
131.58726795297608,1.971270275882022,0.004173127668812551,47.7572930024626,1.7393331191369865,300.36400865881797,0.0017525341682764364
59.13732873995152,1.9744527818489401,0.0009622432783870978,46.90373305826893,2.9533492841926208,573.4917343788865,0.001735501339696064
142.63392741907572,1.9835436911216533,0.005616075686231099,12.78548941953499,0.35434709444778023,137.0490766589999,0.0017095328296803283
195.94523843566816,1.9640422584814203,0.005133663610730528,22.542695539190323,1.5002524845838972,554.695418057563,0.001344725222972197
229.6788986887221,1.9621964553444153,0.01607558300579535,14.60070755022432,1.0886232191075609,229.2338759645512,0.0015061350397037618
116.42978773066017,1.97987768756871,0.002064531372334915,22.25256110327294,1.5611808698627778,416.8090179549316,0.0015054154646579364
112.2012667654343,1.9258071842098345,0.08804383272038421,1.1234980952133145,0.559579415791769,269.4481222891038,0.0018268389487562807
182.9639368573554,1.8280905261691442,0.06442446754792434,1.220028272538475,0.40803793215208556,374.915059198769,0.0017484600970900052
157.47641245258635,1.9910453908204717,0.0016814302926475013,3.12279676212263,1.6303257194665781,535.7724753295388,0.0015706366535029356
233.1784876055735,1.9040334891667277,0.012046954980522665,48.02785010953049,1.0335025260748374,53.13550796620633,0.0016144189263177133
149.0910516939211,1.8601915438696948,0.007109027036204068,48.21097983523342,1.3384846472182568,49.0487913119747,0.0015846487581859514
206.519230866037,1.9660640466546548,0.006861615055333104,39.00630485028445,0.9854357256440752,1378.4129448065235,0.001721188570752615
234.0059614253707,1.9935279007634723,0.06735879579664601,4.0756917386910825,1.6429475758270884,400.9583694388199,0.0016007882613704712
124.60371394498334,1.7384074242107654,0.000910992786507948,22.335788188063297,0.7333769337237449,222.8350903799944,0.0015640040170184146
61.52524599271855,1.9994407839837656,0.011124015755100369,7.313750500150625,1.0453889287154237,97.91366543844008,0.0014921875368103337
242.09618309784685,1.8444531672247182,0.022855274282172412,10.245600676709817,0.12001050926075896,199.9359013091983,0.001548198921090595
237.7805978522028,1.914299971542412,0.0052377031385764895,15.078365365686185,0.14694604287516705,222.36672372590996,0.0016255955489512099
233.69321199362625,1.8469966477644268,0.005680165865409852,8.755318267204405,0.5258595337919497,589.846396242156,0.0018088998402416819
127.98386224146736,1.986399912153542,0.0028737327140453076,18.881826303101743,1.4285620193344128,85.82100154708118,0.0014213863535800745
226.83678883570343,1.9323384270594686,0.1790891453354495,2.2971400729446585,0.3649473569100617,74.10842518827984,0.0017122830402026533
154.16985102782618,1.9262450223506653,0.003886132075455114,7.750955974765475,0.7480794970194306,1034.8733254037722,0.0014117259215312744
226.44975040609702,1.9222931289469118,0.01208080350637764,12.08498986033624,0.19199954823190127,582.7626432874678,0.0014692244363556743
60.454328463062325,1.9429457858951755,0.004173403028130292,19.17502134483873,0.1379590033428987,123.33372878667585,0.001739902745979851
155.70722596895564,1.8999765232799688,0.003061878513235052,39.21415130944375,0.18801423979360798,72.9791464423017,0.0016496255604149745
176.98247925429428,1.9868290756756002,0.00015515000985365533,3.565577978375553,1.5582024279290059,303.97980305592273,0.001513272178967586
145.3749751097952,1.9907718321182457,0.00011869046740722553,11.82950613722291,0.7627795179408629,1378.641649887444,0.0014618277592700168
200.62913280321422,1.8403656575787048,0.006941431763337248,6.981188622098514,0.5582808193784505,4.301370482313556,0.0017066049400920416
159.13049502933376,1.9896384936646363,0.00021500640394867137,5.794962895982524,0.7473001111271624,412.7708991276677,0.0014410791075793474
216.9271161550726,1.9956976642546582,0.00018437207173735337,23.07137928501217,1.8943523078758295,64.74970693939167,0.0015305260750207237
97.24810527824926,1.9762503088842795,0.00026972530688752804,17.416198385523014,0.7790537754211347,112.11907812692263,0.0015267847608643197
206.27995930586243,1.8634106429442288,0.01937124117250309,13.475894919776689,1.2867282986425226,1104.954891923512,0.0017935243414225156
164.17282019078786,1.9690441351909813,0.021762078252179004,2.911788346119856,0.6371208495254119,43.89898711265677,0.0013666589006569934
149.59928455532227,1.973723675800752,0.009109833814268588,2.915561781743114,0.7508924531637898,58.553123023677344,0.0014616866945720047
179.0951294795429,1.9099200224910335,0.023327804875605686,9.829026676663396,1.0788935557054706,10.730167956775345,0.001537633631336138
104.00227993771281,1.9149542889084619,0.003461729483478712,29.32559476395825,1.0161149980052644,100.80117010292777,0.0016095720916631826
197.66045264412398,1.943547737110739,0.004789935346280101,6.562427877235095,0.626093203704607,10.323601837277577,0.00164602964827078
154.80751135713487,1.9728049002170314,0.009385731317766084,18.38456325671202,1.1451898676825878,50.05175286968716,0.0015689018036758474
149.1358890349909,1.984218842418951,0.028150741229878,21.34264507192472,1.0052282857041237,43.381842282162175,0.001493957352013468
232.8240292724421,1.7895839492782262,0.02021386368441157,1.3404071701457494,1.0456376745528766,282.9409694356163,0.0018507339120874967
170.02461939406408,1.9732972282575012,0.04577318941619994,2.1712086061207008,1.4447398456389693,647.76809070078,0.0016167656246581104
169.16427135966032,1.9770445349959431,0.05127385912063663,1.68663041633169,0.8345648972402209,166.4614968123286,0.0014954164691560246
105.67681431886467,1.9791081728595459,0.010313011552057752,6.014961132189426,1.1361647624992308,172.53217682444287,0.0015429012275794869
186.07379010953582,1.9830691078187797,0.018315675165978398,9.575266619706708,1.0788418478858561,129.952021041682,0.0015000533634810733
126.16243177324577,1.9928051785834948,0.015283832033020719,2.28181596842974,1.4219825172750347,573.3064774995368,0.0017050813536400539
135.87221561673846,1.8417384703323707,0.011833244328850379,9.109854774156558,1.1598853592762097,383.74347494979315,0.0015653575467748588
135.89378820781977,1.9708949198257708,0.00041660404865796427,37.87038809894269,1.4531226184655839,256.6591878266499,0.0016170977396913046
170.01649232621128,1.7061022443113827,0.0002883169201464711,30.364267684447263,1.4325313964753965,330.5769213094387,0.0016002711648087618
214.1731262978723,1.8932328768663027,0.00045971015942928184,31.553261692685517,0.9893248828640745,706.1722148229617,0.0015724086519679408
141.40428121619416,1.9375685682358184,0.00047954898535115895,9.935319462703728,2.955615457327331,776.580956494377,0.0016273205685933506
90.44404722223904,1.9231413875739558,0.0017114247572900894,4.072739068403122,0.6824921754983918,299.25339878891947,0.001690375732613542
233.6969366969106,1.9447169152797386,0.016757709565087084,44.65373026553774,0.6833989552024233,172.66131043385403,0.0015469816671057832
95.35243182456121,1.937713251893035,0.0002563595077788298,29.267205677443968,1.8633379787391784,605.4387775041728,0.0014236244944739202
167.32833589377677,1.9090601461363177,0.016591526277107603,41.46423312411059,0.21869350153459216,933.8817427633852,0.001850096350544802
180.24437114144828,1.9938706992104747,0.006648863489803913,48.575244696957704,0.22032329107856466,146.8434504930574,0.0017299187557227493
120.39537393142662,1.9977275180181633,0.001971239058776326,31.274458576420493,0.520295797955285,124.2285343977239,0.0015130940091452087
212.58260665492065,1.8665708965805607,0.0028539505792108035,1.50716573068667,1.2074952552633391,943.3016462487145,0.001570917687692082
212.58260665492065,1.8665708965805607,0.0028539505792108035,1.50716573068667,1.2074952552633391,943.3016462487145,0.001570917687692082
217.8277047041763,1.853764637369226,0.0011007949889758777,1.9098710775000787,0.6737242832485107,381.4164374465359,0.0016724430833203162
223.64419072205038,1.9218512495761202,0.00221175535245911,3.119889517868549,0.6319032372033331,767.560787361081,0.001578091585673663
140.3334161592956,1.9869677989482322,0.03815734270637441,7.374585534290741,0.721797017775757,36.32284174975241,0.001892190643613098
239.67997618186777,1.9985877802846113,0.010440247319790038,13.58313288193387,0.9174548189492638,122.47176953859297,0.001343769044406129
182.2639843938955,1.9747240979069849,0.0008500562688403343,9.874251792814151,0.6843955836570998,1240.368252748962,0.001423033004446779
156.18041794012038,1.8761710237038718,1.1146522614152063,2.393358913684051,0.05149893354920073,2.4578456452381676,0.0017253663080936624
165.47814239069055,1.9758896338893515,0.018929417685347526,11.667137770878337,2.292999783947807,24.843017587947134,0.0015142057044170811
179.92662938105914,1.7695220286058024,0.07153007534027002,1.5693468843255458,0.5655586333802478,677.8322359169259,0.0018272510740016863
192.3282447448522,1.9624751254417863,0.00620986301566902,30.24055605668624,2.1758472965438465,230.30894921617082,0.0015223390000419154
101.66429440942457,1.9123124686059672,0.0012115907295488005,9.851821746986598,0.4986897879597467,767.3358952677424,0.0013340779040886118
118.38166662555194,1.7782520534272863,0.0037655015808316893,12.839551190668988,0.6445210889432472,733.408622470425,0.0013861082273947684
210.12753998032338,1.9886957558887572,0.11628262951406629,2.4389213797920544,1.3600191947611402,92.0623764813311,0.001912439258042826
227.06890603893032,1.706892862666907,0.005366392925209014,24.18286978226545,0.7945833809180158,62.382258906021995,0.0018321574792413038
105.94375264167635,1.99819124487621,0.014568102787339445,13.831884828599222,0.32328680947657934,158.9783227633879,0.0015663845626000942
118.17080695144314,1.998124888880782,0.031213961123442376,8.795860155158891,0.39057487084910364,160.7115397238121,0.0015212045979988167
232.48857289099374,1.955027658798582,0.022367059757670095,1.8764107509466048,0.16880406805335357,748.3415510201597,0.0016140893020387742
231.07149674012553,1.9746653798024942,0.03197754192286493,2.6455898360742642,0.24017616012695944,322.058325154258,0.0016520142385224694
120.22952054283967,1.9036647318216242,0.0010031383153148792,28.35189986669598,0.8417856029979106,646.5592279948503,0.0014561599060986762
234.3970695107545,1.9916819388144988,0.0010685902416932124,22.683488481465332,1.2877487897159137,270.9330688177175,0.0015190440423816921
129.84117208096407,1.972330332368819,3.501330294816347e-05,16.049281714371386,0.5805616563515292,709.3147119698207,0.0016585193460785504
234.42910035077466,1.9487963941334456,0.0008777967046544873,17.6824663602544,1.866509616119992,177.12049338361416,0.0014217463167358975
134.38004730749748,1.8797478945196,0.00787226788986037,24.09059965088665,0.1166532193732096,167.99487548446672,0.0017710592846880823
209.64101076482743,1.9805528197856888,0.008990477964827277,9.54439162636492,2.571410188672819,570.9855526391433,0.0013275570901169287
132.8949620539151,1.801077135355231,0.008985919498193221,7.534167206293441,0.06242983209779218,277.5923185752474,0.0019224766866963088
209.62059659499218,1.9844834131864635,0.005256929087370898,2.193587972214084,0.0737249850567596,527.9032171466262,0.001536303664718695
122.16710542795406,1.9855931571254877,0.016465688813601023,11.457910112140212,3.2070960231324848,353.2518941399647,0.001485544970372592
210.47671203885264,1.9673245636839283,0.0038267884168120695,11.572424698675626,0.611040054456771,705.5581907712426,0.0016518196748208907
103.46191997755172,1.8952560846230115,0.009300754499721627,14.57947970589792,1.4408065193886819,138.5774658947023,0.0014565530334097283
198.85303346307347,1.9310132157263868,0.0015802153353141485,29.027535289798486,0.7447687940001472,745.3769497767414,0.0014700392946023768
183.02010750141724,1.959303256703779,0.01504902272974176,1.8860609730790485,1.1566217639061984,233.84986718913487,0.0015502000709560352
104.71686071397464,1.862943715393798,0.012274059603292878,7.0277529186149525,1.2604910192950787,300.49803346312416,0.001598632293665956
217.46266061430782,1.9610255764010633,0.005951650105404826,18.748288190016257,0.5060039510093763,655.1686321076874,0.0017229587994841904
172.78480548220517,1.9317063644757673,0.00033812624411821133,17.937165528080712,2.0359452811226673,212.72030482558836,0.0013147857274284857
228.07455481363962,1.9435248731496995,0.00039578533346980603,13.496925324213949,3.095962680432796,454.02091698439295,0.001339223915398164
217.42912977067678,1.9863412630989816,0.0005128770421914362,11.700174529625803,1.4671419164918964,73.60404148549176,0.0013374951532763295
91.05695478874871,1.9924669064461038,0.9462263548880406,1.2115787923887047,0.4387111676592582,4.8312840353011985,0.0018442779858078861
177.148363893796,1.9520383567105717,0.017657548261257882,6.118137008048789,0.5484706768532036,36.87277894864893,0.001534921301868818
243.18378115965587,1.993938921513693,0.11693805278326029,2.244960680954598,0.22999212337849703,4.8387353672137525,0.001680916553623237
65.8401458607155,1.7870645501981337,0.08624408624809249,1.0799978665740633,0.8903489404302103,12.617799578087647,0.0015072969883949518
226.49793310227213,1.9812457355592104,0.30895896186813854,1.8678009254044483,1.2995846849229422,8.44740651766666,0.0014307901761938047
148.3566248605972,1.979966525947714,0.0075501335846468905,12.510968533894106,1.2572507727915765,153.0140646728695,0.0016153374331009762
194.73010578625454,1.9824939874846776,0.013285540659680115,7.388095319227265,0.8682447237941622,788.6798949079686,0.0015053238423739781
224.14973510931128,1.9496257669973385,0.060058676895534076,8.058030677025412,0.3777295209422498,171.00976957271405,0.0017723887188675165
117.68506773731812,1.940360050459483,0.00253152403804183,22.693091679181393,1.7174013697514605,165.72161698214674,0.0016789463186491014
199.72134043911166,1.851819264022325,0.04936728485377495,16.723059895620118,0.15304977550824067,279.7786213727161,0.0016296729703714518
152.66185034295233,1.8925818782543975,0.016688954495880662,27.86002634570969,0.09039315156552881,94.53087611315941,0.0014542725165811142
236.35014033355117,1.95263050680765,0.006541229031703128,23.178609995286394,0.2009799619584961,880.5316517984971,0.0015163151966152654
194.15115752748056,1.8920399729818773,0.053223244297823914,1.927917835098794,0.6301645849012494,195.87147646101255,0.0017390152333002225
170.19890434448482,1.9786958436955004,0.0013701576417339085,29.975546529502303,0.5362329337786285,667.845664747048,0.0014223841704445693
74.65118792994767,1.86006812683947,0.0038203422136745854,3.2540915847870724,1.6063091196053454,243.25267082600348,0.0013723394898440804
196.18572888109725,1.956453147312585,0.0006507201141734712,35.63081092620797,1.5125027074522264,800.4520695320172,0.0013886108102951866
158.05279088636115,1.9680011939423367,0.06408878041517506,1.8351251196809852,0.6470098132872439,139.66570858908656,0.0017819149813648255
112.46678902313253,1.9708754169981155,0.004883126574565732,4.8450475412451155,0.6334731572484436,227.29761730326297,0.0017190804435819411
147.48107340647456,1.7915853676001376,0.019979038268918167,45.852364780683345,1.1642127168828875,279.21099926136117,0.0020505522676973215
202.73951583282442,1.9836403869150687,0.001684492918475957,1.723553628495039,0.8469837481210009,390.159207092048,0.0013548904616000825
121.57429182427799,1.9632352920300735,0.0019243898646493522,38.99045628451064,1.3551391255967251,343.47039450567223,0.0016401851499401403
242.1301041787597,1.865145555556522,0.012718306463803015,24.976504967929362,1.1175432711178193,293.3309200372792,0.0016903409905145313
76.85145876488878,1.9786581224058528,0.0018128882330016964,6.797375494524278,0.7496345168059222,275.4555509361877,0.0015355284812356008
53.96889677428127,1.9310925493456859,0.0035874582511139378,16.92727185413799,1.5556932009090823,870.284204602854,0.0015092393420394865
63.77248333055452,1.9202953653562136,0.004693325747587657,10.307622593407109,1.6674262282323282,106.0147307453433,0.0017146503059389127
246.62181258053374,1.9483148512304815,0.0057938860936333275,21.07423779138039,0.6355328908189442,844.913390155852,0.0014359596588005676
241.3571006121814,1.8912535499970693,0.008454598196912721,33.65689726023478,1.8158023965848011,712.2300485229831,0.0014172977766071472
219.925088921371,1.9463363009253964,0.0037639694600305274,5.148975828249093,1.0096927152791033,455.6893414135107,0.0014885390435529192
175.38823828284845,1.904880829888422,0.017705615813776172,5.460462937243719,0.6222258013556086,446.5308031605102,0.0016991691453486573
106.19982298100412,1.9156938476568421,0.006999366628598649,12.472916735871301,0.4925906414115562,444.7910955051665,0.001723415366413568
134.64554984732175,1.860251754803385,0.012207195597002207,26.55934314830194,1.3972773420862206,567.7516623682434,0.0016433427624831614
208.93404390371165,1.9938477621394368,0.009293033486267829,37.430085523115814,0.09192756347184516,142.71518542264457,0.001506733093497201
244.98276588281496,1.8805445974825954,0.009824825406890107,48.70314968933711,0.9197132134983399,624.3771100814527,0.001503795127327689
83.25589718463458,1.9581388300133085,0.001433167720865975,41.42180128546017,0.9233700917076307,408.21753460093566,0.0015694046746530074
190.14752072555032,1.798456645514029,0.020136564216396428,14.40265713082695,0.2394668391572945,162.17714698736202,0.0014613294495042705
120.13301307692706,1.9653861717655066,0.05511181439623846,2.9875970135189567,0.24886888539002386,128.02455926214245,0.0015731110688676293
147.71596856075413,1.9858786129658275,0.06764051447880974,4.858518815321072,0.13187408293527364,209.72799540458414,0.001655555432480483
129.70091635035325,1.9712485587692938,0.05184152998996796,1.57089833699529,0.5018179958393267,11.571242238798664,0.0017334343892266213
149.99979505185996,1.978157384516942,0.019111681777050086,2.7497648852270427,0.42732952276358405,2.479135306482975,0.0016251957056097957
194.44538368183566,1.8927708520292446,0.09068556947018752,2.685719668083061,1.3838993901535759,0.741031100793545,0.0014038230931451526
184.43834865344618,1.9395809596785076,0.01189675916397121,11.632685101561748,0.16170147179247363,1164.8006552747065,0.001677102207715828
143.18347170452148,1.9517038436644993,0.006042911378611829,19.04531110472911,1.724148686713751,3.039255853134037,0.001410784051528665
220.37193463487966,1.9571660516474525,0.0933064314320584,6.86705388544731,1.5638154123370076,1.0990275639759028,0.0014729670467513588
215.84678655025164,1.9545045963380556,0.004010137613308189,10.32942951958516,0.11696073063553736,29.159928699392545,0.0016683585334257484
180.66910621639045,1.9673804174120184,0.39091800967231727,4.35982576190159,0.1466887133455058,2.429338019059389,0.0017263954361463418
168.7502831111601,1.9873546278541305,0.0015233430792653086,6.474713909054902,0.5293665518503948,800.6697806027739,0.0015647196633010257
133.08672164754137,1.9958123658260651,0.0013339853794657056,19.591384109226528,1.5667954564130098,314.7015255484026,0.0015762921532992127
156.5922532467171,1.9943539117327962,0.00040262647552287466,26.94060680494252,0.48518857327447473,190.5287079952354,0.001399782723652581
172.783920517362,1.7141796129946496,0.02582162816139544,16.133001409295623,1.540086021805633,937.110929648377,0.001754846990799616
232.50695218457642,1.9757939871457588,0.0034587784986186126,29.248188494944422,0.9831389876077047,212.3010769166155,0.0015755884395899653
222.99040663662652,1.9722265473451912,0.0008356405462197161,25.895895284651395,0.6349867922258968,965.9256155361597,0.0017718846721939139
111.58929342471214,1.953286367430648,0.01580295165042591,15.147212423628037,0.38030667217078507,151.96991765006382,0.0013820971720595343
206.9708068893084,1.896199338071615,0.002042111415680188,29.94520552922738,1.1468395128272173,576.908265222502,0.0014513535647099787
200.4182762969351,1.9876366882781085,0.0009746707813321677,13.965936335513593,1.3114073213320327,345.74845867010515,0.0015196462541884623
136.33374926231792,1.9620434870856793,0.01077133506418884,26.895176548444724,0.9160786606489961,676.8596818072156,0.0016209253877711488
211.5704795430953,1.908100512875634,0.004805627325288949,13.243731126167239,0.9582928882713901,205.46783015565128,0.0015397314745053074
97.25829578903948,1.9189295108732,0.0065865703248290134,16.363159950612143,0.9812639242180918,521.1597616912878,0.001677202641732588
241.60929276753978,1.9736079438880028,0.006454688380623917,21.262879180675213,0.31029437474807026,250.44254789127947,0.0015934500287158881
229.89723569252698,1.9943306959833864,0.007916747777081939,3.9642016876661317,0.6710624153327934,851.2777111610842,0.0014247689641070324
105.1824048038296,1.9974900667406186,0.0037209530479048103,27.873382562026848,1.334700453700598,265.6958364964757,0.00166265787601547
183.71042870570915,1.9900782808991504,0.003569608405286333,4.277195555882313,0.7154103062520782,785.9328677600822,0.0016141567623549882
154.27758824720686,1.9780638975758276,0.004408517189939242,5.271849763876901,0.5721717186756683,852.0955136065447,0.001593756069623472
114.41974491835212,1.9141929900114434,0.005001568006733964,7.784674463997149,1.055403695194042,496.6311967686806,0.0015613413054157122
128.76820770239516,1.8351978875087016,0.006985434437780206,4.795600702991211,0.9716918391884416,616.9029571709725,0.0016668266117116084
240.73968757764737,1.9990733722097718,0.06101302742998556,4.598348266440702,0.9329705503911769,211.9098044052038,0.0018046681789220718
87.3429180031311,1.997947489124298,0.0015633035741251726,29.695757101223265,1.0618979791750622,77.00527461640934,0.001330950506907313
248.92222182745428,1.9981246469989131,0.0076656531047189,22.317310881949794,1.4432682359344626,372.8464264730202,0.0014276628089094807
61.854353458276535,1.7894279190837585,0.008713609417609618,9.732120580202169,0.4608379365344895,75.10814407017767,0.0016869339486627912
117.41865881417577,1.8834096962356304,0.011274303889345604,4.896301344247453,0.7667364176650013,362.55214426484207,0.0016153863988276427
158.37807268150655,1.9799977062058307,0.015174709125331268,3.1904795170273164,0.31154334186853144,388.7988643317049,0.0017767268781580376
177.81914928613782,1.974085036127688,0.058389356218120796,4.5625295134433035,0.0988506817438625,175.5601266518773,0.0017775810567485176
212.60788557813805,1.9101613987234387,0.0032385267431861374,22.578903168420393,0.0014382916780165762,21.389971547447843,0.0015247688121178202
208.95058212838705,1.9137007233985546,0.00367722950312648,29.83713075862621,0.4518429185207114,740.3662042533883,0.0015307128502209805
89.87220204921351,1.9882965436950577,0.0003299659554166825,4.078774741740098,0.872932238061264,137.60503508995373,0.00155040256725899
207.7840857755075,1.9605565546013821,3.5677156943429956e-05,8.065216531887092,1.5363374390014517,575.9523890523847,0.0015157956723203011
131.78271838311605,1.9885560362243337,0.011630266311218532,30.240270697315655,0.4550135702038139,429.97284896118884,0.0014853725823870587
87.62716076807214,1.9903737366183438,0.003140453252115056,18.278606967830882,0.7398664456256288,1319.0260805700084,0.0015838925414607577
77.4168078069607,1.995895143757581,0.0024139983602794396,17.274303239639526,0.9955244458762192,660.8760300332376,0.0015690252938643373
244.43551931320505,1.9948958717322933,0.027406175796382482,17.892579472117724,0.12471865272015106,253.19943957909246,0.001697224600735999
243.88694524413526,1.993083295673787,0.03243349394675032,12.939023729539201,0.12662535646343234,299.32171868287577,0.0016370767677413695
243.63309351388762,1.9845518865475782,0.006014589712907088,21.90028248070082,0.18066589896818103,753.6620507954792,0.0015997372398530573
242.1062031173045,1.98213842777765,0.00632003460062512,15.104081987498844,0.2029512739151782,608.2053069497636,0.0016074045792462213
249.27330643305896,1.8481286220417046,0.02405871586641507,7.5692741888897785,0.24208844945544544,454.5377118777334,0.0016179060208197462
247.74695851698937,1.9864642717460321,0.002374722421601463,19.435191279353056,1.5133611488852554,445.4307689635494,0.0017877513532015134
236.59762134385608,1.9458525764282109,0.020632135118158545,10.266015244582542,0.971740503288997,259.78017379237156,0.0015808405167493146
120.38210180969065,1.987355585227969,0.01129192753595814,6.566396696081379,0.42845157810289414,453.7850911458156,0.0014947207862794844
237.59843616045328,1.961410713510703,0.0019419206779023362,24.174817981242033,1.9948255209741867,324.81458620351395,0.0017387090713607777
92.00152693958195,1.9030976089039064,0.02444203948788646,10.321504074926015,0.47716357193282344,299.594196169631,0.0015068514021337382
226.50117295117613,1.9344382416096308,0.013265370897272536,3.240274267487579,2.2385716941894613,654.3940599957606,0.001648976286798408
107.48483020449503,1.9772317210922878,0.03197975100349025,3.111283010362586,0.22188839163247265,174.30186911678243,0.001456275623940464
142.63418689092714,1.9859799873465909,0.02392817243762459,16.553922055736784,0.19962227552361392,168.79458167447268,0.0014262674225738205
214.39827265168668,1.879415404075157,0.00698916654182695,2.264019828110715,2.2566077657413257,713.240817012719,0.0015406261593871621
209.2569982027337,1.9811842796881827,0.0010112027264758633,32.950497296684716,0.28748920649297044,217.35611539788272,0.001404075219843792
125.6064774830696,1.9737558147806318,0.0023244358057911496,19.15667514188945,0.4093951183495603,100.20508067735906,0.0014596533839821273
237.1522671061657,1.9810376302489534,0.029817060870708744,4.221237259144248,0.6203787126045003,209.92619514069344,0.0015906898719453022
113.35174567628586,1.9630592061783605,0.004475538936252723,9.799897328492218,1.0182964750278967,566.63073440475,0.0014676640309729384
214.46496098811326,1.996053466574151,0.0023695386657468244,27.3525768000302,0.5177931755906081,455.80844791809614,0.0017621087900052167
226.19907332892893,1.9805172867787668,0.014373514694547335,42.03872841226645,0.4778788941631042,524.7940249424807,0.0020429136538961147
227.86577463943527,1.9624116206282223,0.022025914818181457,44.716298590661395,0.8140339014796983,753.805710695976,0.0019762121300390297
148.6147300593702,1.9968425627439732,0.004217860884422862,8.682663689650461,2.6819198236235677,453.50911999920197,0.0017715497938142544
170.99987024748634,1.9980437475189876,0.008882955013552641,19.45878912950391,1.9387180712446224,84.78759750063423,0.0015241744896802901
73.30063256497534,1.9858592302880027,0.0017552763626229738,35.700018865706994,0.5300043905941123,489.7258129278265,0.0015720498856247461
242.00508975350695,1.968544646387859,0.18476381984676898,1.189849235035268,1.4754947388641282,11.430216064759733,0.0014899899558665722
85.3451107262182,1.9797488273996295,0.0066373829955375645,19.06736899188549,0.26764862081612056,696.1781232842261,0.001543888836679768
185.6844212052128,1.9719521944665606,0.004190068164898815,38.16772557537157,0.6279768946487377,731.2490232424598,0.0015283518721927727
179.3783763350489,1.9279397620558063,0.004306428769587024,34.853800934911504,0.8160711139353131,414.03280355229134,0.001707906348070554
113.71437401299505,1.9413241799275687,0.034381280819097214,1.4047651863182344,1.3628872205156661,158.83508272060595,0.0014697445554000587
177.74771573989955,1.9527922673466085,0.007066162133772508,6.993807343049458,0.14858656181458926,591.3209970301014,0.001545401986279169
164.22967768389464,1.955339115465808,0.007062654740503726,30.250104221447685,0.8381379384027235,96.99406870052361,0.001638637699634478
130.24106419150263,1.9667015274408817,0.004226931580302103,45.38000121626827,0.35982480592585553,83.97644497182593,0.0015203157866946467
202.52757094458485,1.9751594210362364,0.00018685018637984097,5.6971166006786,1.931529983227084,1251.482848137409,0.0015115752383998808
123.96779483521885,1.9327553674423605,0.12985100068200556,1.03599496778998,0.3830196516926993,32.3375911427707,0.0020243776195929403
191.22994063123662,1.9293349076408206,0.006600965050362705,3.8605694909823796,1.0174196494568015,712.5169056315535,0.0013611233623525246
159.67413651687528,1.9783380019224432,0.015440280344660592,11.687537967931075,0.41454452292697214,211.2831436897724,0.001715957160682631
96.57431077646736,1.9511320388963704,0.0017616258180082668,39.00204752197526,1.0488894343437232,58.80747769252952,0.0014689111953917642
175.07735644876453,1.908720089824384,0.03976148338172502,14.898871330614796,0.1215432558886425,17.021478023276078,0.0015225756451410113
167.86364945687836,1.9492675272703033,0.007843324046099392,15.575760818803925,0.02944924159806156,261.9201389341989,0.001576850130211525
168.03212914682007,1.9412293882076368,0.004112380143484016,22.835112769754197,1.849029332322589,321.57217594065514,0.0015054342587195704
145.80495022828987,1.944374635904254,0.01000586658217034,3.1412310816114366,0.5600615867597323,125.74479679406473,0.0015252362323305013
203.86225003335394,1.956279785259458,0.056512394677583205,4.703023756812765,1.0436517829136644,111.80700509953753,0.0013986878799947576
125.84911825479904,1.8826241780144948,0.006034580906125632,4.256766571223958,0.8578397772298524,915.7454941258588,0.0017335541040234142
213.8485262695577,1.9833955206133336,0.010277942217135367,33.77519633826021,0.3578117654008934,125.86722606224446,0.001572250565965062
133.41501902795352,1.793827625832089,0.018255535782989545,6.294182920774701,0.13486326183115,108.61850412575158,0.001604648332660833
120.00102205001568,1.7898196536791766,0.01597910318598544,4.649709000522038,0.09845851576196062,310.5502667412149,0.00169730356345237
194.73215524818715,1.7523909174533134,0.08560010029916444,26.252796607503583,0.18927279638869737,43.191477358927905,0.00169425472243972
136.2085897093362,1.9884945644123946,0.000600033344623407,7.098155212838792,0.30691456983797044,90.7462374159076,0.001894618375039199
126.62341238657197,1.9682919959928602,0.00028846076670848927,24.00462056995774,0.18421881172968607,424.42078908836845,0.0018497682045580418
202.52498532432045,1.9673127384365745,0.0008494443869807715,7.310012008070213,2.38876107905235,404.86273604655327,0.0013150821545683737
158.62158242699996,1.8941387279768593,0.030355177133962578,18.828008918829013,0.19636582247709025,252.7497416648388,0.0017566543531328841
169.48665719987807,1.9424348107487075,0.0006135980346761848,20.196464063012588,0.20404020460429279,9.141383513600912,0.0014382155011783994
140.49286553747663,1.9862811599209504,0.011701708936363372,18.479890479611445,0.012187445453024215,18.944804768968634,0.001601156516171777
100.55225429665352,1.9929421231715803,0.011802298538390387,20.39888543171699,0.007838843464680369,8.614486531329733,0.0016289046174908315
89.44623406309576,1.9290020516680066,0.0034376977489787943,27.36107006576144,0.024422744309167955,2.009355012106791,0.0016237061529018385
229.86438031071668,1.967472771296548,0.0011008339840523442,9.252112630972634,2.3068023973069267,208.18032334583128,0.0013880237150657665
139.32648921488735,1.9944347773327764,0.021849481807836798,8.536297963177972,0.2795598349990024,321.6930593958738,0.0017660995843785346
200.23137790924733,1.8058305352084434,0.0006087241327448104,21.515885753270993,0.13784305015769224,343.16429675709804,0.0013368241692899142
244.2450995513546,1.9653858878851438,0.004016859447799022,17.602235658767047,0.1569293002625725,468.9632658336173,0.0014442864960081871
246.813671821221,1.9354328324908574,0.002986000351231394,46.3234190533298,0.5376000059082844,1057.7651294589025,0.0013881910956969282
246.813671821221,1.9354328324908574,0.002986000351231394,46.3234190533298,0.5376000059082844,1057.7651294589025,0.0013881910956969282
238.94578290036904,1.9712362355398436,0.009354955151512767,33.765308085659704,0.2707533335564141,54.124273773214526,0.0016021933273739446
68.20627196283776,1.9453669386707582,0.0030673358553326598,4.0066390612007625,1.3435508951808584,167.51285308873366,0.0015573966398620066
135.29903739775975,1.897101723419207,0.008554999850709264,12.217558146037247,1.3143105624590752,543.6993027731061,0.0014684628789247186
169.10419387964163,1.9991532918283283,0.0065855329989675665,5.331663746350841,1.057576709408534,118.32791506574306,0.001459835840125117
222.27796411501836,1.665629303094954,0.08076310836248589,1.235108806951058,1.4912934862181795,743.3418665826562,0.001542755895270633
84.5097163835922,1.9942743465380475,0.006684853884905758,1.9984801725748842,1.0859447958745372,132.59143689497537,0.001465997578287367
215.4051414560272,1.7720898471315074,0.01159249291195381,27.09717143418748,0.8965631029803791,703.6164104364843,0.0018815560628283302
117.77350699781708,1.9842674471071007,0.00489299352301161,6.15207332938703,1.075421170150966,173.66740506058844,0.0015950101400472585
219.16616351976396,1.9998176606727134,0.002382840685696817,28.15024040848695,1.0697890947471045,546.708556003188,0.0015600318608721534
129.75288314168327,1.9919449176623443,0.0003469875870578507,6.204895934582876,0.6340288048606808,223.19533267579317,0.001619436025192618
208.43211823540534,1.9991591268663724,0.00366717207855301,25.65763460982791,1.07178839670468,559.3749750019039,0.0017625560910283784
55.17432374119707,1.971492764907042,0.0003426359638205631,11.450345073270773,0.9158379307787254,182.22617134414813,0.0015163214872389392
221.24879036799302,1.9170047982504728,0.004650724457635882,14.438187384715684,1.168123121446176,653.7210786963489,0.0017274523912964791
157.37912828544088,1.9974438171648345,0.038146125681101414,2.597545142403471,0.5649531160823149,406.2180461501441,0.0014864273417763629
211.34792880106903,1.6308361999645489,0.012752070400125354,1.8208297790021755,1.0129283373187965,145.1058425078259,0.0014318655491033518
243.7547906755774,1.9841253671862806,0.05751910643054685,9.522996492812041,1.1852624482471115,1005.0518039501077,0.0018064009609048202
57.43063966829616,1.9353765212070726,0.0006316782035966359,13.20549623096315,0.8220243923056326,42.899041130600295,0.0013985327388354887
65.03470361970467,1.9280796866553447,0.00043095190565298484,15.41300380838474,0.995730026095008,113.41429360804769,0.0014234521095597115
211.87328271163628,1.9394944355104822,0.007557579840459658,1.4552484794358342,1.277682438325047,474.0754169341416,0.0014678863319581084
195.59931020541183,1.848080248256527,0.029324546100904212,1.2254628021118557,2.9707634161588823,442.34142600353124,0.0015766733648081765
161.88787681752507,1.9622894959590829,0.008590926128550471,42.93353453032405,0.21170736327451037,199.38507967402836,0.001456041874070204
101.78047337890376,1.9061102911143804,0.0024058808550157067,4.057661412213957,0.3477492669832208,1188.247809065055,0.0013787568483057183
101.78047337890376,1.9061102911143804,0.0024058808550157067,4.057661412213957,0.3477492669832208,1188.247809065055,0.0013787568483057183
86.51330782284182,1.954698709736681,0.012697994897136255,1.7097027644264828,1.6624774001785199,96.41550992753749,0.001537766053690836
137.90664795145028,1.9777795259759035,0.13660883278293184,3.756967420904184,1.3189683911884709,129.9508895651115,0.0015857039726673275
127.35088137469003,1.9875032752456505,0.024900249249648447,4.941127054904381,0.4915258148001342,180.31199518593425,0.0016396863597377901
213.11046904885453,1.9939332254343818,0.006623365547783813,26.359701310134888,0.36043896165599504,384.61589069727677,0.0016309935177463734
244.5822512592505,1.99889576736285,0.01022447767690994,20.514834487831912,0.18474218857728142,156.71780698158116,0.0014984345810999202
198.5238820258762,1.9989029263306104,0.009274216251447332,18.544043307399452,2.189568447005894,243.75708768702168,0.0016422239301396339
114.44997752115607,1.8968642453729554,0.0012087249493950116,15.70208698797311,0.657049641109697,739.5997513863,0.001593933154321978
206.2968181410334,1.97362343888422,0.008648517654039333,37.256011072376054,0.2307203814377885,173.64801138126336,0.0018914553909460837
173.42684588063162,1.8173010462690422,0.006300890486209228,47.84384290263257,2.349499837539379,196.60561066898327,0.0016120520028927224
96.11053984563738,1.9049746672576928,0.001957946673931248,30.149938104907534,1.35764117664385,455.1082093370507,0.0015161800028371546
143.19044338663812,1.9749344214244988,0.004501218313095937,24.221649780801027,1.2153237964741208,502.1581287683049,0.0014735185750856007
184.4283288784139,1.88585458804903,0.01607289445336543,3.8120280152636843,0.9468613805336994,197.32462819752442,0.0015892264171728867
226.95888218588433,1.956687332519001,0.03898439414341037,8.625720871475163,0.4655343835934159,389.0013127855596,0.0015523097944057703
116.60539154271922,1.971836492624729,0.013231214087249546,16.718349141863982,0.34164243868454663,132.74306236600967,0.0017131904387472333
137.44884370736017,1.9380768791812513,0.0007710312601456488,46.05848010868013,1.42159900929795,557.8827490380938,0.0013955589534543154
159.59773215883888,1.9700575474510693,0.018862970016047986,1.1802978876840389,1.279783789984133,629.0650217913452,0.0018294665714684193
189.40689285665567,1.9256974951349421,0.05956773871435417,6.303515206171243,1.2286135136253384,371.15967593473334,0.0017205522332608121
138.5443853292457,1.933271193163755,0.0026557559127514136,10.158090178188328,0.5021760641780222,222.82873708160827,0.0017415946194464565
152.69674618588493,1.932346879448482,0.002424309355984513,7.149616949451648,0.5106346919691086,287.8369036495278,0.001714915464618652
144.24381773524573,1.947536746784516,0.006384134894039618,27.510017777378447,0.7637264899634525,411.02122774151724,0.0014322034474781812
113.1253930749788,1.9334431170990725,0.0009601944307332369,17.985064232029817,0.8357068725946784,208.87132921326045,0.0014857136317888353
213.35701925062403,1.9492801825106412,0.03876407979611802,3.5651568644167844,1.5435270057524622,656.2346827213714,0.001607811833933638
92.66376957338713,1.897044807410221,0.0011806408776697092,3.0146377233555968,0.9492916109795676,383.6573854339891,0.0013747690119450414
162.09403149025596,1.9349031245893582,0.0020092747056830573,18.429563096807378,0.7355304663274961,586.2998872668286,0.0013411906886775632
85.10307372241732,1.9716217611382865,0.01265116052052016,1.0573597051976233,1.6710200306687646,522.342773160133,0.0014166508261783295
193.15732416173438,1.912413832930281,0.0045990805898943115,11.675761030362352,1.0327883945811636,187.98054454073304,0.0014088733968801617
144.29403505381953,1.9626604107147265,0.020847806631451967,27.570281301483533,0.04339491694729014,45.71101646102463,0.0014899904408561895
230.82814608989523,1.9597516751286441,0.18341909734889106,8.146473786345888,0.00404767681438532,2.517046248739339,0.001762102191809578
230.82814608989523,1.9597516751286441,0.18341909734889106,8.146473786345888,0.00404767681438532,2.517046248739339,0.001762102191809578
220.52308246185345,1.987526610704848,0.03507266402370121,12.411556242212836,0.0038219009143481094,12.408536789096855,0.0015824254983724307
228.93330817147609,1.9892188934463066,0.03892895177781723,21.611437904295542,0.013993257930797637,12.91702028530068,0.001627463246570915
88.0350727722342,1.9614373422611635,0.004399884940095813,8.654240928596682,0.038154879617921945,111.39604599911979,0.001506919607535742
128.89657719850493,1.9685931036438364,0.009342610742120547,2.9860965599995177,0.03737475850105883,130.84946685726203,0.0014205290486606866
127.19197047760224,1.9051680231111772,0.010027559436591494,15.704598069264135,0.053701502014812934,255.72545047385722,0.0016711250333996113
230.48113546058255,1.9391801770069683,0.0045193531883865505,34.36749871450186,0.004785856414221743,283.95768912928077,0.0017703954459755093
123.01206553257119,1.914801348110294,0.014978407218507628,20.10721415132393,0.18391124325008368,183.22589993183743,0.001550333380715773
231.18409434410293,1.9701269308776987,0.005337926243469038,27.101906421773748,1.654735233113748,400.5939280991464,0.0015739520982015111
244.35093505503983,1.9119839131163638,0.00253874821626623,28.56005610643267,1.0800069025075016,591.3443404084684,0.0016580409107688644
212.66187881016452,1.970862200227869,0.009516312134580674,6.3591334709465865,0.7852261163494433,141.6602679561086,0.0014518517303316039
200.43337095956565,1.9481283818308741,0.006518790530326264,4.992711658585131,0.9211067538032751,250.90840734260902,0.00148350463111746
190.52444405408198,1.9255697386332535,0.0012883551847139704,16.06189799896757,1.9814699923353203,264.539910906165,0.0016923596310835015
229.08192993643672,1.928953423518471,0.0008061202043218513,24.873109898248636,0.46597652229085257,423.4173271991131,0.0016128850151167387
235.34935037846344,1.8648972419331717,0.026414960102673735,16.40316992378905,0.07499984224470561,505.2367574660808,0.0014050965241347532
111.30717441147416,1.9523539051737318,0.0025397550235164924,31.815947480297968,1.848747092240389,308.0804007273072,0.0015730301635273351
177.08858149978596,1.9382398202495066,0.0023402094198231253,26.39775100067752,2.6242971711583385,141.19050388439743,0.0014845213470985586
167.8998748584793,1.934234081247019,0.006477235344526618,48.811391198303,0.35228101525776,415.988241421109,0.0013840291031411436
171.55698440591905,1.9680245198578927,0.005967569277383934,46.34971535373569,1.5870966944350733,152.89176431209987,0.0017114791090415376
165.8062040559565,1.9197096759813486,0.0016085075291766616,19.492628638420076,0.7654854325006499,309.57324258640836,0.0014778195217958153
182.0167132269896,1.9943391109624022,0.011703532219783066,10.479390298976238,1.1489880849287903,326.8286107119503,0.0016031599776196396
163.30536054005026,1.910013605707961,0.0008020287398401577,20.263623706277805,1.3997272051119531,644.8584488193651,0.0014527668507994763
218.00583482102346,1.9691273182758637,0.0027095849752044637,7.164166378635163,0.39885668475931874,260.3106805800343,0.0017476809774969095
248.97158083469756,1.9554336382420272,0.025586462402089588,11.87153857961027,2.753436067001798,818.9544215495122,0.0015721470920634574
248.5753688465699,1.9397395289877493,0.01657294491073468,4.8788178202931105,1.0331118735519926,546.3579942058195,0.0014235892999425255
222.81541838041213,1.8535060306615259,0.007205720088979356,5.688783450797112,0.6072663381317467,454.84953440053675,0.0014519097015255867
134.07362506350927,1.987517435853922,0.003017443249224605,21.59483910139292,1.0477961446448616,343.9530655304437,0.0016940895497485225
194.9039995431899,1.9971368518291672,0.01548165650467737,5.757897980320255,1.0306341472019502,383.8677919804245,0.0012924313388185098
218.97845568054996,1.9975421702238758,0.010665859885111519,9.726621115562843,0.6659523621995205,461.5610227030521,0.0013934747635589361
129.76857781210614,1.9840077225731594,0.00290684693535465,24.913552115579105,1.594112113895539,396.99399754720025,0.0016605965593413188
182.31788023288368,1.9816251608657296,0.004288518054203928,38.025976593998855,0.25984463510783845,620.6368601301982,0.0018525676038857108
248.08400865000888,1.8010475954746195,0.046240617620330084,1.76460723693126,0.9536705101441955,196.26965445123895,0.0016039430260369459
64.54071157962888,1.9927981239922679,0.006010076259671685,19.036959572275407,0.6887667899301337,496.71224637492026,0.0014359616591780814
205.6630869872637,1.9463971351134401,0.00133005013756703,4.273539411621505,1.3024673769202246,30.054164581852014,0.001592827833191369
87.32727440148959,1.9557053749811135,0.00010214741082980702,41.24651803494343,0.6915558981415819,57.43030971826909,0.0016327094728000172
110.09581983079872,1.9055749564256674,0.0004269015179477659,42.18638642690934,0.332517979175661,81.75336579070542,0.0016870772379047765
165.1362550733661,1.8794622703714017,0.001059906298678972,18.83038792591181,0.5445917466257304,103.56849165614473,0.001576891401508214
179.07530400650833,1.8981910891366305,0.08965271957402335,1.510745689348478,0.2522883907322895,560.2244102936108,0.0016121819562481818
172.2946659565313,1.9316106024423656,0.05809735020494465,4.701691660821272,0.21316887384719807,782.915485758305,0.001632011443994632
200.40244348127806,1.9176846436841204,0.005309375695443785,10.433276468928653,0.2394658669556715,766.9265313816777,0.0015930732151379042
198.1536115540087,1.7850662792753471,0.0020270251914751495,8.987552820634138,0.20563438131794612,323.6304791632876,0.0015670919557456428
138.70982012284261,1.989018930622553,0.030276015561440498,39.28267254716173,0.37031070975367514,43.90431266577073,0.0016649045556172445
186.89373794534902,1.9796645451986614,0.005427916841298207,37.354633707725846,0.3921212163897977,328.05817743094707,0.001774352153909391
193.42392328038014,1.9620673491932352,0.02059250973037756,9.431100129703232,0.2965943145720696,367.2259846200273,0.0017777506559127675
191.22886109865775,1.9716126650766914,0.003979152195446739,9.109782867554967,0.2032406294483844,705.7075746381867,0.0014739301904966163
150.2247692103686,1.9814674383869049,0.0021337017337179852,16.146636130224124,0.16230394210859603,647.8430046972644,0.0014316642522567721
183.3706076125009,1.8315505376479029,0.05086670677195051,24.633279145035843,0.18965421553460238,44.483245083065015,0.0015722964480815946
182.66507689040705,1.981620802359604,0.0025828097071714734,15.278022743739454,0.029859647780087577,597.2760607042563,0.0014272946553477931
164.2974065385241,1.908173014068267,0.0014026091371072442,23.8824842735879,0.0343991109650231,386.6430532685586,0.001472144110847115
60.13572385798169,1.9637003792579717,0.00918214873652759,13.732490557356094,0.34746061653049765,25.105078994948094,0.0016692776487336157
174.66008722492816,1.9297895292801477,0.003932801771134145,10.307258963475428,1.8798489917570944,223.78655918493135,0.0015122987261614285
161.84899959758786,1.9707011557818215,0.000628479443465254,20.695267886354983,0.4858619294364742,19.3960936922778,0.0015318569619704955
190.79758709971622,1.9686522174091732,0.0008867171274094667,16.22786538194983,1.3692396973933185,12.97040803102761,0.0015644682910910305
146.70047460319225,1.9672347326919666,0.002164094900783492,3.131581988433056,0.1647080267941822,770.6157932321337,0.0016310000184105906
132.98869179245034,1.944006036212323,0.0008149459102390423,3.117317222836455,0.36777178237628766,791.816139289972,0.0016304406889319323
197.4905086551496,1.9097296408458315,0.005742657063762988,40.515674639347786,0.14694537831682805,209.2595317869438,0.0014823572389270935
150.61342737691464,1.9962521906977175,0.001334636596946921,7.244182135018827,2.6709557994317126,313.68605719176276,0.0015696108712759335
159.28473120165373,1.9903539329099964,0.012319329833572248,39.87304888137979,0.33460125543704794,228.84049856298935,0.0016353970834097255
181.2695561874978,1.9795157138763446,0.008162246399425175,27.361235565437415,0.525269739858468,604.0899947680318,0.0016552617849501371
79.9625026511834,1.9815711587136007,0.006537677852618128,4.398825782613055,0.4669475900989069,429.25048381419475,0.0015679276110778402
202.96886292079824,1.7908550483544547,0.012702685355486592,4.053801058883077,1.7393561067670715,534.9035337858153,0.0016195969530189759
188.29657804299288,1.9474208623279705,0.02190109395689966,12.31565771672635,0.7497414439351121,588.8141663073535,0.0015848727312062758
223.37333280021033,1.9560393108989118,0.012409612279640604,28.479351442439107,1.002537233484114,379.3479097887673,0.001620045163770388
153.61105989403495,1.9577004418739858,0.002920791498939886,17.16761493454779,0.9827213122917541,433.6294867777769,0.0015224532343602812
152.00120348442633,1.9824633631894857,0.009329571377140683,5.297271401454155,0.5869694197322123,973.6487637752595,0.0014233489992942308
177.90509899806946,1.814760808374823,0.0054524907906751754,42.85703268837073,0.3705497654193926,59.569409587402994,0.0018013056169462814
123.48207335990405,1.9731667911117365,0.03797546695792643,1.1870589906817346,0.745928161465165,170.62823190291437,0.001388258125317184
203.96548262353096,1.7879378664351713,0.012940091012006218,3.7640570571166867,1.657928311272072,235.6752345232173,0.0014661769902755693
119.51727702787176,1.9843174587279182,0.013046391144350427,17.110538847226152,0.9518708434742125,66.64742779223964,0.0014419302678245342
189.5329651912469,1.7649541476744786,0.0058485038024875605,8.107194084255763,0.7886689424245207,81.37241791630801,0.001727268977461153
202.48531110760626,1.9939116217195192,0.01541387972327472,18.48681862894772,0.8286752234722203,581.0576495252734,0.0018421031343384612
128.92245463018673,1.9269884772455328,0.00040732485430794614,18.185548927914006,1.1702612252198235,196.7070800487834,0.0013160832595937911
203.61300100231972,1.988634812863986,0.000628582886949976,21.75517584462328,1.5005646482689556,238.2686990673929,0.0016752219109584863
175.01902028691586,1.9880755605043703,0.0004542137964544754,23.664107378778464,0.5635232983291562,365.29410409949895,0.0016240196060902006
145.50366199780225,1.8498079235049454,0.002167748820950769,16.926672581564958,1.8869921855587353,15.662685933283509,0.0016721398914549537
197.22905216889097,1.9944986104323146,0.009469872867130013,25.053106722391036,0.4620894163358553,925.7885896370489,0.001485348428857281
168.0000167281326,1.8096240158715222,0.0025116000445299597,6.534843005575322,1.9224649483760585,50.16158376231457,0.0014953704275715571
150.6293567256153,1.9933407175838807,0.021615594059635757,3.1624429133601737,1.5417967490963538,38.97702615359238,0.0014701192326256234
197.34510955316136,1.973437110735638,0.0030648200251870974,38.444735500759236,0.8435682273151643,84.2383362437098,0.0015512467846900383
201.92026428597913,1.9723446719773203,0.000760855907282181,44.32961221960474,1.7471507873683625,244.96612480242015,0.0015085426116869544
177.267262636093,1.9965188654691088,0.01177766699782217,13.203774055099892,0.7775284524762899,580.4765614094849,0.0014418780760617283
191.87101621852273,1.9985645024532084,0.006580306384881369,13.73790681025237,1.9128987300757558,448.52628644276217,0.0016503975784540222
182.43535003093908,1.99888364406278,0.003069415629138737,8.57756813291319,0.8470032532894038,113.60258109723945,0.001751501855596913
149.94578195365466,1.999338391169028,0.0007672023301853928,5.591267917449449,2.0977046908264034,187.69374000094638,0.0017450658131515488
194.6244823418265,1.890739566660182,0.011478525213799627,36.97278260513323,0.2049614193689675,614.4063935398531,0.0014801702709548168
191.42844766242357,1.9064406576354302,0.004952452404612838,3.7656917344091205,0.16736555994202915,590.5924311964513,0.0017222882693891934
184.70514039671778,1.904512478329674,0.0005058645170833866,19.247394658580852,0.300641793145851,585.1784102814535,0.0016712219266933168
150.8979838160082,1.9547049874837088,0.03600563881000003,14.182123182080641,1.2387067524038693,197.93906968329034,0.0015749070669974843
176.55296792963856,1.993032051121013,0.013841667132676736,2.323296642085825,1.6636330418631917,1190.4112077530938,0.0016427640888328678
161.596710311059,1.9281814388126504,0.04163749036684412,4.093348848766823,0.6702682974612779,64.24489603015856,0.0014403926387037578
160.0270401252331,1.9519591918037935,0.001504642536736133,25.424953863672265,0.8384062163073683,1200.350156601574,0.0016452128165198809
177.6842400185199,1.8346322986108181,0.006497083324664106,25.316416995199152,0.9361433564299407,119.05110971973168,0.0018291638652046653
237.37549326797907,1.966967572916173,0.012011640957691161,7.573343018823625,0.2036427622757479,299.163322370316,0.0013221557876321472
96.1671308073674,1.9436685351303205,0.0005829397810416544,36.83537600315047,2.1290942565230804,691.0481255003075,0.0016355240621413964
213.85315612605368,1.9475509375260445,0.12076083854411082,2.496614367124991,0.7099181584273728,224.99051623758098,0.0015863589894025778
115.72588018145069,1.9191175542944665,0.002507340299044176,17.335749754281117,1.6571942056469628,572.3315132598367,0.0017159552932264938
215.8472180022903,1.9738621748685756,0.07599624509002781,4.158089571884824,0.3355747511038503,189.07274307807006,0.0015315855858334456
208.59825564719344,1.9276040222336601,0.003928169307385201,18.593178952159658,1.2143290010619305,187.84589915368517,0.0013709649352880808
109.02897945326005,1.9552958414071524,0.011454127541371597,15.328962753090364,0.12875541085433667,22.037207383313746,0.0015418272299813917
243.18554424795045,1.9000201853450758,0.0012108964821944067,28.887509606947148,1.788200710658818,71.4672799350634,0.0017529734717584295
79.73407376597693,1.9287420868447536,0.0031906103274421385,11.063903678154192,0.6696097673902529,65.85300239668868,0.001710428755912753
220.71411460602704,1.9947751374987785,0.010420694024400549,29.50043253796163,0.2941744930312235,705.649553493401,0.0015290552393162123
181.95213493057133,1.9955934079034217,0.006644311813387863,12.597476935015452,0.4866935063746728,536.5288475529693,0.001610378739415785
157.52613169900295,1.8891848626366536,0.004700363172979313,15.913051366948448,0.6372536241173392,236.98484043508373,0.0014772561938888947
188.407825132829,1.9805742418585457,0.006994866284026268,19.183955812017807,2.7671662656880187,343.55664748063185,0.001631104361537005
147.5195872314133,1.9889859281313436,0.06450962154753447,2.44701089843776,1.4371199221668227,989.8699334210067,0.0016325132062256467
169.52510625915232,1.9840296409141496,0.0008028618524807504,34.841402524906684,0.3984424532864259,58.52176434727363,0.0013870726118704255
176.93316260083844,1.9444957922236414,0.0053637977967218595,10.034791903882706,1.90371156884592,946.7770053057465,0.001621476025141567
150.344878391787,1.9030517800847206,0.035409683335928595,2.987205913775399,0.4596675835351426,106.32385674825737,0.0017041077827661547
100.761061153987,1.944284988747882,9.641446970048675e-05,12.873639530760371,2.3430315550492002,508.1089087832078,0.0015434774829091594
187.01155031718633,1.9915233255192184,3.6970137703762896e-05,19.635903141195882,0.5288309548374678,404.9277662701163,0.0016056123249931949
157.204584785851,1.9031013935142058,0.00296273429761832,14.850663755665423,1.8172841386555307,434.0312256230605,0.0016180123406015386
140.7225606162992,1.9555215710527618,0.07862540680421913,2.4945018472953913,0.536359064773489,25.048438838694356,0.0014950735758735628
185.94255596227228,1.985227068262522,0.016168359191375485,6.35319235868519,1.0308929472725075,83.18143729448269,0.001528537857930805
135.36474671049083,1.9869477848036576,0.0026663504116968373,34.29829258289284,2.578360886122295,130.56651925062948,0.0014607503857286853
154.0251453073744,1.9909723503213106,0.010754631513673832,17.656806017072057,0.7491911109556205,135.7322313150098,0.001359629811725513
159.2334824148332,1.9121295063742751,0.0032263864822678545,17.283354746190483,1.6035261729374917,1035.615685896005,0.0015918474617265504
159.2334824148332,1.9121295063742751,0.0032263864822678545,17.283354746190483,1.6035261729374917,1035.615685896005,0.0015918474617265504
206.08765455279098,1.9799436130274097,0.0015237567242935438,28.735414089324152,0.04206693728991392,60.57355285706174,0.0015573557181562672
173.09335520677465,1.9928089224436312,0.0016164505461498681,12.17131815772832,0.1819252640542755,28.28103075539568,0.0015535725720721653
200.773048541577,1.9874293372439151,0.0007017925715407488,9.205579924258195,0.3339680782414447,31.335649521093366,0.0014859305982289732
176.74655609879807,1.925385738381739,0.0026264303437568966,31.827267805918698,0.6072521680239586,38.64312957829854,0.0015103214377911423
