a1,a2,a3,a4,a5,a6,sigma
197.86253259888102,1.6634142702931687,31.470118747480342,46.188083478261774,0.5003559262178361,41.048675874840875,0.0018315151258033833
80.22427871739715,1.0850265474404686,29.96402081439442,45.657819222883035,0.6086500873124763,74.68662023635639,0.0018165341651168157
56.176844546250926,1.187433682699922,26.159135520901415,38.95445870278712,1.5447168944961782,53.55668087076336,0.0017454971253991346
54.04392209669169,1.2360637744129772,24.87294444933835,42.65832011241797,1.79233575727066,8.45749428857248,0.0016697154395292964
101.7486148854146,1.3583534993873427,18.648626310542372,49.09207175579284,0.427573368363421,266.9104523388065,0.001904106297548049
58.90423938454882,1.0845682322813537,7.803132058044728,51.5590256143545,2.2478929447977354,183.46165424607682,0.0017254977386519797
73.3844988201596,1.7507041992320707,21.748084095907608,55.667242028773,0.8632710402664144,191.31619278884742,0.0015049293589055148
63.386809588023986,0.7819282489896296,26.984267712570198,52.11308391161247,1.4242104598653973,546.1692135222246,0.0015503749739817034
73.20335125921892,1.53845556515792,16.616816905942887,50.934779910919076,1.0242687682745306,652.9482276550826,0.0014121882250387806
73.7452698380238,1.287455540614194,18.555100912760984,44.599569583462426,2.2776680859923895,645.8374944790243,0.0015201295377162932
162.69420410805245,1.3977652606462534,16.999047623760262,50.62457887745688,0.3343799900604646,516.8358499822012,0.0018231536105977057
135.63122959503872,1.3011040778021268,31.821586061639273,42.64296884071066,1.487715320873951,84.18373138542339,0.0018233960373233314
145.0722496918076,1.0139942189773326,20.220041171012408,51.83425508018873,0.8027480339887964,613.6966856518254,0.0017896296726239496
80.73274861213997,1.407929553086829,31.727371835873853,40.86707775803079,0.36012556723649947,388.69436842951274,0.0017504748302713108
180.59795269373467,1.391200640417979,19.47282228575584,48.713107121141555,1.0205533320564593,343.3372503850687,0.0018534222549178507
159.83845501459874,0.7609111591326578,21.062457737530263,45.478811257117755,2.0657524825273685,645.7246304479697,0.0016851136811039135
75.78074338923805,1.8909294346494863,5.152942538124247,50.211882315127625,0.5474715449581766,287.73786398082484,0.0017555699337365289
219.5030163531266,1.8095048245901795,45.02766411849236,48.21370292421142,0.340146735429452,328.840110394371,0.001743677336462967
51.91989634689871,1.7202885830882533,7.199477358473688,48.19679717976791,0.42832866352758064,500.2081721191906,0.0016847543423009718
51.52143036604537,1.7123110532228134,11.930704382733406,51.92094547586702,0.6959980370233773,739.1591669288864,0.0017046579779479683
59.47972721636431,1.5729456034271196,13.006329715778945,50.55916033285286,0.4325113981776279,583.7986388486465,0.001679223094016517
64.91575327757714,0.9817517322232685,23.662544922152225,38.78089054248565,2.177016032412988,250.18272474397858,0.0016085143035714632
197.0491922018783,1.6737954182151464,10.952556854691373,51.16633189716923,0.5546725467117346,598.3897271587605,0.0018323371001489333
182.69206235184313,1.0747271401362177,33.28704832550295,49.29807189583752,1.4060234143711103,495.84950010288856,0.0017449890257089057
94.99327439329538,1.5620630741720976,31.687515386611643,57.35604863282305,1.2035959348921088,382.725212072953,0.0019488219142471065
64.84143809645141,1.512680958897818,23.49112794153994,59.88783806158535,1.7566507160352036,1208.9104080796722,0.0022058078848741732
221.97175262211,1.2028340325335782,25.428183265369015,43.77940279922546,1.0115876412659683,53.8680341543971,0.001509525639817886
71.12385442397276,1.4226480198533167,16.57841222595435,46.302003096033104,1.0112836827312524,6.886515406298384,0.0019772648945833343
66.49865602323257,1.5377988387795989,25.387967448525306,48.30200792409586,0.7916148006834148,4.13187749724884,0.001848774596757383
225.0279655166354,0.8131054155761963,34.64257425178026,45.285605927791636,0.690189482678785,206.6690419367702,0.0017252526075354103
78.86151266763706,1.714379825500432,13.431650501885093,48.459426760395765,1.6058000701563906,130.04277808327032,0.001752453139135854
80.18207007048402,1.6821304195447397,22.204208159899558,48.72409533564741,2.1534981948727103,188.60773470685822,0.0018349417535129153
102.01975604098854,1.601182111575512,21.832278796080328,45.74178249889042,2.1829733200866115,208.66500364890868,0.0017755389778065626
104.17690077461074,1.250581758398837,27.335091775883587,49.80934739173502,0.3991435616519911,616.7752031705519,0.0019142172957570813
155.0039679980763,1.373559309161803,32.90798236305842,52.685567464812166,0.7314081532311509,587.830860717524,0.0018679818101930232
54.280093919944385,1.5720663555428405,25.775224720550412,54.91953952761187,0.6514853354238042,614.2734492159442,0.0018161943063812103
191.15657176394,1.6808240753119579,26.765139055191263,54.280822596808456,0.6592818736362106,672.6895361761739,0.0017274300398284204
237.8254589997857,1.3456074626713646,13.553455995124336,49.29899476321627,0.6370386633558105,322.12595656874583,0.001935574070012145
220.81335406694276,1.2548770062518801,20.57253015065979,45.477374424047525,1.3075165561203563,691.6416083630373,0.0018383994751836768
143.3201270945813,1.2173524095297639,28.25734446902023,51.56724312895039,0.6437122224822155,242.091232461747,0.0017019399126183975
149.40368329053172,1.4745578464025655,13.938270219780435,49.036522649189784,0.5154355154892091,593.8799189149252,0.0017851201721232246
186.3679206957867,1.771319387094403,15.610732084181752,50.89663714219688,0.3184736947915677,1057.8660891789746,0.0019736871504858517
228.4492702452396,1.5516390313013495,14.430526937481,44.97566619446911,0.3143845120666301,363.8631836772977,0.0017295691752208567
229.82293967378305,1.0258251733191093,31.07515777893704,53.85237552573685,2.387821649502232,337.3083634287559,0.0017851478887062496
102.26169288177034,1.61291577844209,16.132294126351773,48.116751579339365,0.19167677956652807,642.0453982613099,0.0015561011703017272
106.84773838086052,0.8914220739308705,27.824138365587885,48.0017143415279,2.4192203186770707,262.54951441862755,0.001981366776068817
187.14159165775897,1.7855623555558624,17.49207674230268,51.33664401123653,0.24642990076719593,1063.800288054002,0.0016105093593224173
85.60045368712495,0.8177201138952032,21.79558596333698,47.99887050803541,0.2672150806558875,76.54475607305747,0.0018280001130955496
105.25068459482503,1.9017945636432532,25.187810865531485,44.47649904544931,2.45305538626055,36.89376036806317,0.0017133656501985397
200.46661468183308,1.988434501648126,20.456419702788683,51.672733519524904,0.04631618796859215,1212.9936746805001,0.0018132541075001648
192.60077599427188,1.2244852340066377,16.040606906212005,48.352967200919906,0.07941241260549063,296.02458729651124,0.0020273946754190766
123.31263763410057,0.9188669151706588,23.87387134565536,44.01613039794647,0.010294419122457198,1105.4580979786076,0.001997121097249388
174.48511091229219,1.3538087455461294,22.862408933745407,42.87335981291406,0.02906235019680714,304.93413684857614,0.0019686877463197974
159.82336232871592,1.5050171520072781,18.27034127036111,49.044709918634204,0.041570617157761246,683.840807453758,0.0017310663063022152
82.01646505482488,1.3780828583461084,7.239719811910033,47.73181306320087,3.6258367911405616,247.1884950653535,0.001726152647795084
204.49058461184407,1.3500118094737812,17.10736731312564,38.9527103316619,0.20434137581219342,848.6995489517126,0.0017766059419620618
177.24074947117717,1.3458071942467706,17.645092910888945,42.03651040359394,0.3503788085479105,896.6379724454862,0.0017357175228886101
112.3314658237574,1.6506849195761433,28.559893066401454,59.215581896912965,2.0548035187929807,470.3195608935873,0.0018348377664276873
208.55451428669386,1.205585839788579,30.37344054829052,47.12589015606618,0.28483679299275083,810.2655483925714,0.001634372414738801
197.19027098817034,1.0159319762869108,15.76815151665972,48.71787069897762,0.34909739609423646,409.2871723783548,0.0017355597249355573
207.75366386276423,1.508226847087498,28.530801849057337,45.376040482910845,0.08610431546465237,187.0942128784155,0.0014541038623949389
150.0936461349828,1.117511117527203,28.561743938833047,44.348738152667806,0.20376694405531376,1061.6824756981573,0.0016955503122771725
140.07762620033992,1.659455572883033,13.09670609815845,49.85147659618541,0.1616157337513845,219.06861154272957,0.001735722341940377
194.29187832254377,1.8153738880278945,15.721335563414037,40.292218875773386,0.12072897950592193,282.905807301671,0.0018545327799299773
75.07040288719017,1.296871343107308,21.073189576961305,51.82361523726859,1.3134834502603252,83.12206319286145,0.0016724043152431774
94.92216676243652,1.66389568403523,37.37227539158177,54.40415160120371,0.6569075176740329,16.93448686025237,0.0016953642878125964
183.7795234569968,1.6092518979608956,32.51337434295271,54.11726197824691,1.1524205583490434,31.56845811953923,0.0017354223095806805
186.18771546204064,1.6124048085347171,38.619430271230264,54.11701703550115,0.7331375612899931,102.4815988419369,0.0016847823306043292
121.26080017093436,1.3724654845677857,21.102760758277462,42.84115261372018,0.7275213025357509,927.4966035104046,0.001952941277414055
138.87843872305078,1.7535307855125237,30.686790161057765,46.18047762022235,0.816421762451679,640.5117636082383,0.0016911958664600963
177.03868854534937,1.5976335240423563,11.890437238567085,50.77042361315436,2.3159828725764546,784.823880997684,0.001735011651663029
176.1292758795258,1.805651761854174,11.98621800398504,55.080914191259154,1.2602225276602674,553.0569693434089,0.001701963208290766
224.29829419153467,1.7174377262700178,19.54922084580222,51.07854076998887,1.796431544446115,515.8161299239298,0.0017047586832388063
59.27248050078626,1.041544434739149,25.724778471634767,46.31009607964435,0.3256123184734777,52.65305107080379,0.0018607699555227679
246.31220329441953,1.3964409401560425,17.802901082442947,47.733707752697335,0.24525247834568312,1070.0757055633453,0.0017835832593956383
240.4459922302638,1.2371394233725235,26.90060784194009,49.17108724181379,0.7563536449992325,375.90630564346884,0.0017495969709405295
200.5072036640181,1.3147858694789634,25.101740337962962,53.496092006844876,2.3142370432038537,155.16829660372503,0.0015790626590384128
173.93839917613278,1.2731939796081235,25.300943064975577,52.32785584678362,2.259724817679978,136.05113113296832,0.0016123050732766127
162.27077204627918,1.4242283053538205,21.264351383484478,56.5680776975311,1.6612963477260259,49.761847334749284,0.0017087066460252757
118.74984277604806,1.2312777537236106,21.939190942841023,39.43761922403739,0.9443266514501019,1153.0991765128397,0.0019149384158768986
80.42681183381885,1.0598318641127042,25.26140343096712,40.04210673762211,2.4685391416950364,599.3621796112039,0.001756376241929543
107.85467844977941,0.9855847205133924,26.675750016256416,50.17888041678984,0.3177450008426048,518.7342919656811,0.001900821581957493
75.04370639123798,1.4742710794402119,19.19191009473336,49.87369743525552,0.520157431168354,592.9443196055771,0.0017297163690590742
216.7646326077782,1.7792992505034433,31.452866422618502,48.28865384398767,1.6607798042723885,416.10493830196,0.0016643138037547834
194.47505832474613,1.5631641689067477,22.25665825972912,52.02372068507146,1.2565629599307473,521.195422082183,0.0017100825939143586
72.07342818139928,1.1704512494669523,15.169902055769144,51.78221161397038,0.5775532364801376,550.2758722094721,0.001844134592133448
180.66848810083647,1.3152023159599846,31.140665085558993,54.18872398301477,1.2396385066071292,556.6294133743925,0.001792218865688324
156.77539932853722,1.8034195691796884,22.352959552460845,54.046058561902434,0.7756061506842472,762.8234175421064,0.0017354326455131495
244.26313900363346,1.4719560256610065,30.82572111598777,47.90650017054075,0.22059039386391546,406.2928853392415,0.0018227857760437084
76.14691023047064,1.0280193045744501,18.87316260454253,48.75138837678525,1.458333632857428,560.6086752777613,0.0018135454700463239
209.9410302009116,1.4578901176825283,26.98825948983194,50.6058162170362,1.1414920917780036,386.98800712590236,0.001744990388661801
168.3828961797022,1.0923469286666958,24.444090369963543,51.29051468804409,0.969764180938961,792.7190896912708,0.0017768719281673622
215.9263871671298,1.2178046718420064,26.214010270800937,54.76577298206579,1.6619246141268949,796.8815466978068,0.0016811991500582158
107.78558927227523,1.7564659413107,28.810109380811692,49.72635409293059,0.8879486551210058,628.7774025265938,0.0017445397896601073
128.0108725464052,1.5947841785635164,26.198144971441373,52.721381713293226,0.5580818435669631,413.0540243870317,0.0017532490138320973
135.52830154538518,1.235554345814652,18.8625158235294,47.294444761751635,0.6100692166608387,660.0012254253886,0.001765942833611531
113.14442734741036,1.2969013955153657,13.753817040637614,46.432086442202504,0.5051065707258919,357.71285657125486,0.0014022616457838532
176.22224968464687,1.2368765685179977,11.286191872784745,48.28122653390307,1.2385023589446307,747.5411400689022,0.0013802598268308644
98.15626623789987,1.541691927729165,12.881761349259499,48.20393993445927,0.8381320595328832,82.76638651359964,0.0021175452942148575
72.91802510514138,1.3358722423041576,38.98505232116793,61.16971760233633,2.282156396768624,23.95576589559913,0.0018952195436585083
97.22371609335791,1.4902636520427763,38.131805958739754,61.7591687958818,1.6988803060932804,26.166355359153773,0.0019922207202225533
106.88653433876617,1.6428738589406757,37.81721286513739,61.81507566716922,1.6955848497160482,25.607428297130646,0.0019786025704452343
152.1428750517699,1.660685283413692,31.418002324519456,50.96512259842296,1.4866667235897637,3.521265538829617,0.0017826850371120517
198.4691602324151,1.7464148922792635,38.37790834554158,44.45906380548884,0.5833640174681278,6.300715221575025,0.0018851047220857554
164.1472394521473,1.812427982856278,11.96109009659428,56.555636200873764,2.0183621101346416,23.176373469144412,0.0018314953796688082
149.21174489297624,1.6205803781179993,11.085148413370327,51.136309054577346,1.5642823854321022,21.51823409910513,0.0019491701286427326
153.27000732865002,1.481696736743171,9.72234710657914,49.89501008782726,1.019380062560096,21.207420285292287,0.0017905334927725922
165.87218282106434,1.2229843925673534,24.024095155322872,49.46604737008447,1.4063154552379795,21.536457448526015,0.001910215200427218
92.85355667352628,1.057724007139154,20.406707246737138,41.8160117760945,0.9439966054061787,958.3771414193025,0.0017552538878169367
155.68953256362255,1.6707129791892572,33.6199499504016,53.66317963094673,1.1410681063726975,116.497274163613,0.001791464875693451
196.1585256856039,1.0293796492721194,22.771621500527537,54.35829207542549,2.5635945405041345,690.6868237941737,0.0018580765720830053
89.59216882160977,1.316948289113439,19.764299502649997,45.83006251174234,0.4339494715725948,548.3130018575421,0.001774850447435118
172.18800137361814,1.3314850380718815,18.64685092337219,52.2161202550318,1.8916254699218071,260.97582641627395,0.0018357697782090134
154.89849829523646,1.3102410555676773,16.46147238777021,55.45742789879714,1.349439929875967,157.97539226769084,0.0018565216715327564
227.60379250706285,1.7560395951974677,30.76887681359924,52.019201113402495,1.2151164985387124,1190.1612468025123,0.00178719616086013
102.86684112189329,1.7849888380931136,24.952228288203276,49.41585745985765,0.26915113044256,296.9495771295906,0.0018058473161897508
98.35226829803548,1.2201193765793612,27.8410508596672,47.312615135920794,0.07149696430366077,463.15384315657525,0.0017892455806806308
100.12425441062568,0.8593107424642694,23.229668869602992,45.76468410719069,0.20272923410025254,639.5815042882525,0.0018211394529830086
85.41223506712241,1.3495396194130336,14.475481625785374,45.17879594166426,0.6100696913445748,1114.4304357844264,0.0018345682028355157
88.15371423228459,1.3007803050179279,20.64865451939474,47.38687279064124,0.3328997091493799,208.75263909259402,0.0017578825428430072
98.09472938029617,1.430665624491253,15.008197967084817,45.05145811831087,0.4637676474151008,807.9538865894741,0.0019761724645704533
89.27874858254238,1.259610430463047,24.14310310459423,55.93814103693581,1.587045218692422,48.09892915243675,0.0017606349062401804
66.63708174406916,1.1751704561759917,18.681921461629308,54.71533992812416,1.16244797087202,90.51703103007176,0.0018108670903827847
192.05481138581345,1.424016088678231,29.50454715364968,46.901156204993114,1.3353841801819073,697.9720349174783,0.001697649433988032
112.16460814222526,0.9296642052588818,23.291433365240948,45.59053844536895,0.813701735199333,237.84435949710684,0.0016674744521587117
232.41328833764499,1.797663171096852,25.491952571719917,50.43379622703992,1.1651489931335945,499.5850403589797,0.0017317388939224526
205.06562514437923,1.6948055069922028,33.089491829169916,49.15230064029458,0.6701817229514994,588.7317431675863,0.0018367419511986945
139.6695534336076,1.8538047753027087,14.768984798437893,53.023935306140174,1.9331957084520868,490.0818582082952,0.0017239891094206995
177.2270833639562,1.4660059512112915,14.327145573732913,56.040333694310945,1.443273294279183,294.81818292404887,0.0015889205652286043
177.2270833639562,1.4660059512112915,14.327145573732913,56.040333694310945,1.443273294279183,294.81818292404887,0.0015889205652286043
188.0823624679377,1.6711804987347063,13.355828700802155,55.63051708874449,1.4364970733496236,275.1082380084585,0.0016261121732905324
152.09256253571408,0.9839666319443677,38.039123614703755,51.88827824975908,0.636076114033962,588.8635662481609,0.001642153416295799
144.0006031919408,1.3973781735964022,7.017642916297754,45.546652134785944,0.2605429079823174,453.1066028810824,0.0018939454153818758
145.759327372441,1.6522240743725354,11.180351381187414,44.18264875685048,0.57585935515174,790.6484142027573,0.001835053106509377
141.3138199821491,1.1523861631451957,30.953707035165806,57.25910277324926,2.278306199401406,565.2243042965877,0.0016910790011308604
160.01836973013116,1.7609999811084889,14.8958298683225,44.911149267281566,0.28784012152917027,162.7554401414406,0.001995044587598684
200.08173326078472,1.6582242217927783,14.265529314821062,42.374945474974425,0.3489024962323492,220.07312676110303,0.002084933716788913
212.24462833429715,1.7226568395818667,15.928940529572586,40.30196834872047,0.4836269730357596,441.1101044690159,0.00212772897889448
107.98257940566124,1.0364492218151415,22.18307553455378,42.30319051817518,2.556782037790824,507.2463349754527,0.0016758084114892608
145.6402640001509,1.9244008127269983,28.686508189756495,35.750071715828504,0.12177314278148196,141.36441601291585,0.0018788414535152675
183.48867017876637,0.7408488473912452,22.15681999380796,54.59710343224411,2.1817750400815306,123.08002502332442,0.001963800412359272
122.42367256054611,1.711382208273817,26.43321756411395,59.39514522083098,1.7522367906506129,1634.6272801929942,0.0019426096470766554
156.63459138028918,1.1543364366841427,10.239612748703026,42.56877672991967,0.5917405542498246,17.621556691953668,0.0015324273250466867
108.58407181084083,1.4833917925290272,26.60760805553897,47.231370219465084,1.094167292935023,221.34155158717954,0.001729838313114415
81.18026757064418,1.4686373461505375,28.77218156029569,44.71594382562969,0.840215615991801,337.6461901185047,0.0017361619589889357
66.88457973998385,1.108862094389035,26.606844584075724,42.08960890451192,1.2045981474002816,262.28774413231594,0.0019377298980722158
56.45434104112746,1.1861606705417524,13.973580703262463,48.78100397694152,0.7315877600540235,105.13674762176666,0.0015722065582782659
176.10327941477692,1.888996422388612,45.34771094776848,54.70693802667634,1.3119565065028362,51.61125283464484,0.0015899364940229498
175.40772298103485,1.3431567651234433,38.46993617524873,51.93049809983176,2.2559904198125,9.663599000495665,0.001782321641482472
193.70305782347052,1.268373988096647,14.630578674708373,50.61563621691943,0.9516550756513411,63.195784944762536,0.0017337166188429703
70.11123446798806,1.4940351552649693,16.787333671543642,47.232000257166554,0.15869282678036925,45.02863635018387,0.002007784214772588
105.83462670868222,0.8203175236142861,24.40700099570021,47.63325240973592,0.06412260526664014,58.32318500065005,0.001827612388988954
157.49911956792795,1.8587955405010734,31.357330381846193,51.39435049720724,0.04177471469828534,249.43259756165475,0.0017675637063655346
83.52693917332466,1.8977359198028478,15.327082982741972,39.80128424626086,0.0042192153327250135,772.6056564098741,0.0017935274660468748
79.96482285742333,1.8324151984937689,16.800632300761396,38.903068220865975,0.007265657985003718,678.9237913372383,0.0018838352369183215
133.4377552116234,1.0491382648726901,19.987245947268146,46.75072035072382,0.03386071276486074,777.1523935521434,0.001986616647043957
149.80703976038265,1.3529813571891696,14.03936132517328,46.96340890721712,0.01832038237206635,427.5039937570321,0.0018883388614769159
125.64017308568755,1.374543574004287,15.146260791144318,42.47322928380258,0.015187567515496544,490.88784032587864,0.0018693716662577593
119.93341338967515,1.3917236034142981,17.310673968725656,42.07578178733887,0.014248875835469797,639.3451971946733,0.0018327518861141609
131.98491358294478,1.4732537060119173,16.38817391064214,41.433090150030765,0.01353317338733388,738.778251844838,0.0018607505658506313
122.65523639353572,1.5481411584771818,17.13910697490591,42.71490648196315,0.016726137232129287,983.6749929768291,0.0017937250891391378
166.67283296000576,1.8599345108057084,33.547952187015305,45.77746138310741,0.21273997997020103,423.11834084330025,0.0016543792892299734
232.8309515475237,1.9081113090227486,35.9975136966193,52.529158272837414,0.1648513178860838,479.3139395494936,0.001772151791028768
64.81055160854844,1.948682284631399,9.000358817862592,46.63823548902857,0.4589447430149278,387.28593879014676,0.0019147224242694104
111.61507286281547,1.9384178142063004,14.453919628180959,49.23065428703586,0.45906078733283223,167.5563411621103,0.0020438512394749114
87.92836798875622,1.8545836784345395,26.429323403043416,51.382855585373385,1.064830818132784,34.901901183993154,0.0017197678072253526
192.2044082460849,1.1180121072793858,27.004145393439487,44.36236493999119,0.729018525738395,261.95218085849734,0.0016498660728302389
110.74767935098238,1.7170934371480147,18.522050337600117,55.674086316417316,0.6652747050168424,625.394643731615,0.0020175598186578498
108.70329719501932,1.7399298227929725,18.11082158698242,54.968212369913736,0.770278966750501,650.9625928161314,0.0020001953846513895
111.83958960565728,1.7140594122127697,22.389047244008008,52.65780400387658,0.6040625145169409,627.3379780188549,0.001950480202360022
162.71835587548713,1.6013423857309046,16.738821543034867,46.347878711377476,1.2747441234983348,666.2589246012237,0.0016377217923526427
65.141618669511,0.7258677901195172,14.993083112899683,44.10698245299787,0.9594617436175976,268.48667232104464,0.0018586109054781117
54.80690786316091,1.4829410049941183,16.300862973684275,54.13582211310766,0.5576080800669618,1412.4160922929054,0.0017347542864867636
139.62037891201584,1.2038632676802041,11.37454939781785,44.42476394923148,2.136240349828456,136.41044875111334,0.0015824826630040072
158.643202550876,1.648269539977633,40.111355253533105,52.37521162890757,0.361248608439186,107.73132476507686,0.001899669709255651
118.80140282694062,1.94073794705922,35.24987901887404,46.90220916134686,0.03229351850005093,295.44092496667133,0.0016831667818460914
146.99818090892924,1.9439021500686644,34.27014830065859,45.51249613075425,1.5210811748348767,495.37853559252477,0.0017740710137425322
203.9910691316679,1.9518870585359072,26.363517179499667,47.96910176242511,0.7409463030860723,170.10885081526078,0.0016985510348466403
125.94085122595726,1.875244750505501,23.24293441999445,42.61186768967436,0.8527225160941578,186.59167852566378,0.0017348344430303474
147.25676477939942,1.55827690298053,23.031295025619542,52.353491355373684,0.9695854609834162,864.7676867704188,0.0017667173697058598
110.08967356027185,1.032232155458444,36.64940547107126,48.47813352346845,1.270234361800665,339.8513964494034,0.0019163858382362133
130.9961653333598,1.618614005309505,13.64920983675019,49.95445030846855,0.24220663275756557,536.3066805719137,0.001587014285075534
192.4027002146484,1.7630128894230837,29.827716711386103,45.09499245880222,0.28624115444426246,143.52916177850912,0.0019302548959172917
121.91366616738868,1.9907270287487198,31.529625129143867,48.85373225888937,2.6477081367425126,826.968184729328,0.0018015305881790128
168.04053881269454,1.9982866033872595,30.754657599272416,40.99968862262097,0.12341607745563389,138.5093005075938,0.0017033071867349375
150.1188361210716,1.9720381191629375,24.86108262101234,46.08336204600041,0.01404794719065504,43.02996934644886,0.0020836563801777883
138.02227884156616,1.9747208289913594,22.61910065616894,49.568354108519,0.021489307464947545,43.19666162363146,0.002083165104746727
131.88061530366411,1.284163441673947,20.371511032255167,52.66368057154934,0.7440409343524316,89.33390378193656,0.0014785967477461781
85.8986298471859,1.5404188944664756,14.520476113684222,47.516392406351216,1.0606427922435406,159.64806495894362,0.0016291985979190928
184.97255674781528,0.8340210795619076,27.21769002576443,44.826253294373544,0.9520937559032144,899.9493588583717,0.0018586214412935416
86.10193427274973,1.6145307943637144,14.411099171203398,48.85768489552314,1.1721191160868294,204.83561544558253,0.0018242964991296527
202.9612808986061,1.1902967603138495,23.61095524879195,42.85171464967747,1.3570615741578318,317.6892651188972,0.001677548204092329
145.92337061853098,1.1003257884453839,18.110892487298415,38.87525128593114,0.2307341371244322,267.31830844074625,0.0017321963329276712
70.8895648497867,1.3978435176263442,29.673740238098674,50.73469569884011,0.20553920544973064,759.6461655483714,0.0016559334812135305
87.13573651852504,1.4621046678304725,20.701165918407025,53.998678515653324,0.31587400635183327,742.0612203339833,0.001787233589142896
78.6244629086929,1.2901470958660017,23.69221218614868,52.43238519352781,0.5498252118247441,836.8046574450996,0.0017622618504636142
140.72265408439887,1.2544948610005915,29.106440156085974,48.07848277957639,1.1241628140697282,852.076071261786,0.0018096534486346924
161.6818789768422,1.125138690814451,18.383851113649165,44.48036343731375,0.9948648867718992,147.32178138773435,0.0018529397808076278
148.5299294428499,1.0136475726310663,21.85060783672758,44.49110393841259,0.5100907262540024,146.47228496903583,0.0018102698729849484
189.4414600326964,1.3404075256384451,17.699332682279202,54.036702883383974,0.6660475590233094,658.0322039902176,0.0018655560527185732
171.8632535280084,1.2138026892003937,24.570646592189725,46.713569551182815,0.10441305705639123,174.93638921437324,0.001859670402949637
133.26272259260512,1.7267272909905214,10.645550120808915,50.03659540623164,0.8976778338836005,544.7303474480472,0.0019157953563707347
131.49067987836858,1.6194121791042444,21.34407100481311,54.75948415501717,1.02612035665422,34.06596518777176,0.0015573788035306837
163.05179250788888,1.0006872686128503,23.354791169554186,45.563432603100054,1.2852246549034088,74.42608922102681,0.0016233836801533405
191.02826512139123,1.7966403174048713,46.52482409022789,50.979624473043664,0.17456918652035724,249.9426208749843,0.0016532390980213449
156.59845461231865,1.4794675918592581,8.716502731876727,41.991149141808016,0.4413706622715102,799.9318214502617,0.0019372806936418117
113.30630359496146,1.2318476731991186,7.466470578190414,50.16870916569591,0.5308715750788755,215.95346018456456,0.0018332929517746491
147.61602672868884,1.8662508195116982,38.759334981537286,55.61617152863651,1.4896690429954758,474.2681442666973,0.0016965702023759304
112.62409048670638,1.5473363287500275,8.92410358767365,37.775237171298095,1.3893735136379883,310.06555474897317,0.0018610563273284573
179.21376269038024,1.7479117431433522,28.942806118744308,41.60025564645782,0.8726772203637855,813.0756072829101,0.0018653246448122529
236.78613855005025,1.7459721566307476,20.599323210125693,49.02588674426629,1.7575549969168327,221.42146319595562,0.0016612636841278625
76.29445331919162,1.0683795359985402,14.93596817999188,49.97275990662846,0.5947236119651631,110.61703739211559,0.001684180284665431
146.3349947912831,1.1016955062946188,30.687589848759643,49.540166190639106,0.33309528824095913,506.1937609734092,0.0017886607898254209
80.94894432568995,1.0098772788893482,39.819185126430256,55.33473046120417,2.3353223291821994,251.2276607407368,0.0017321975123379292
131.33557478349906,1.8485855280939767,26.253631846275905,59.78334060748996,1.7856421984875226,1110.6323518700096,0.0016829163413223597
82.41921049370914,1.5864566599696295,21.953292396601544,52.32146446290651,0.385102670327907,145.04305213897646,0.0016499187667368361
86.23901805886877,0.685401670445295,35.59992492810207,47.38050181713339,1.064993225707497,1266.1578603298547,0.001830352986838265
120.27508055592484,1.7454064197279582,12.872930045008072,46.91778781152749,1.1282130221562559,28.775065576694427,0.0017580912214369027
123.08207866429932,1.8208203057509782,22.32882187166969,46.85164039913493,1.3794981916294455,29.452960974642625,0.001843748926146544
108.09433556090751,1.7345070409358951,21.008308015174176,51.000601408478566,1.456961536031608,374.1650965754608,0.0016662997690467707
224.18555799466148,1.9329576193586824,17.082835331979496,50.45126228511252,0.5867417355823691,164.48745295375164,0.0018230015479186383
224.18555799466148,1.9329576193586824,17.082835331979496,50.45126228511252,0.5867417355823691,164.48745295375164,0.0018230015479186383
77.46542325098041,1.7838045351144782,20.77853594480563,47.426238784801605,0.09680138483138784,59.53671762762073,0.0017380292714972195
53.08256314281581,0.7599919976338195,16.216294377766783,48.97240558211145,1.620741592955651,23.714366027784845,0.0014803718622289931
243.79612667584888,1.6039920909900423,22.751026021932425,47.07652663663368,0.956568025150163,935.5768706615856,0.002232164798857893
138.30142527310858,0.9653424472675651,23.647205709314072,51.747355052543014,0.9256622518581077,257.36624611190956,0.00205824551783944
149.8122311791318,0.9744720680914476,21.289792427412298,47.50999406285529,0.7692944629040286,136.59102963117994,0.0021175250082939453
92.18716929033552,1.2961046382061279,35.83824282102914,48.64048020873513,0.3094894505171808,856.336310490975,0.0017556931730306926
109.62366914126427,1.436393180965909,37.123758570729954,48.201567628895816,1.7142862718290601,437.98629815065726,0.0016487859841779213
160.72440389457415,1.3934694989789567,16.543289015345668,49.748977381495216,0.42998589238671253,215.03564564839218,0.0018211483343799411
131.26145570716398,1.0169821872236802,39.5729073427605,53.75182831317653,1.6128228731641208,442.40964300880654,0.0016989138246711604
66.47870647499428,1.6386202290493612,18.840680840264035,53.32949722609632,0.9337693081507104,350.884320195009,0.0016423679461385567
181.01639334656934,1.3089409913567265,8.898863224526679,45.52896860697519,1.3000267542816009,58.889354792889414,0.0017216128821683045
170.63772576614608,1.4507818436882043,39.98104760189401,56.139652085057016,2.1924075206213898,107.60635652896525,0.0017715828745870211
69.49865753941305,1.7317913493649797,19.866846588046158,55.155960797241164,0.5624259067080221,10.746917525138137,0.001713133545535573
67.79624211745177,1.56042253782189,17.47980638715523,50.52652122690341,1.451133597588652,8.77377060108037,0.00170854859449652
127.7809619362946,0.8644186062762542,17.167104928918928,48.89646863837054,0.759912167539912,18.85575371149165,0.001641094875804863
206.1747550986881,1.5600727716296716,17.337216302919202,45.618584603558006,0.3551537952121077,49.28060753694546,0.0017038586167114538
75.62267504141865,0.9827278236782329,27.190875427585354,48.48853548233398,0.6221449892567323,1206.836070369852,0.0017473794185880389
134.67865237780399,1.46593963223486,29.401175558915583,54.62409693539291,0.6906402131361569,674.4642824160229,0.0017432298562635254
194.74442627527444,1.5622648659926768,26.575614684374532,49.57774194801391,1.491804899622074,111.73413667664411,0.0018496513909290477
156.93206518098083,1.7288782432064693,20.015046630886587,48.733559399601,1.2985460223709628,737.2102148791513,0.0017504582923780266
196.20282507304137,1.767332073793058,19.741889458016256,47.69110009300726,1.7537127301055655,516.6821651711933,0.0017313225231655647
134.95148821242674,1.854569231265484,25.868062469205793,42.56327768456048,0.728533333885149,686.0001433710448,0.0018966868756144864
139.48613409251948,1.8858282480265007,17.550367486244998,52.70087886156069,2.2449879463901032,422.6516332757921,0.001890130097784175
114.11589507686159,1.2060699359963096,24.39729557141695,47.21939907518706,0.419711667604228,645.8022196592932,0.00168531834743719
87.55376385334905,1.295997197053403,14.102847601502466,55.52478639028731,0.7266054168890058,816.1729105767544,0.0016980073526029977
119.07661537252474,1.815541014642637,21.494796338221445,47.70793252654459,1.5340565102654478,253.9006960423291,0.0016933960464247894
130.9180975988911,1.1071953989926562,14.333640927994018,46.390151220454165,0.5907837049342323,387.6566477887317,0.0018357983294054643
183.1746091326703,1.3025892882701011,22.219567279703114,47.73076658455115,1.7756540862152685,630.0986087560877,0.0018501042456498006
95.56790808926493,0.8392521894206321,34.80171878707674,42.07430999564159,0.6064960804830013,386.73017205335475,0.0020480703967796507
133.0195700929594,1.2882871501169635,16.764083726819518,52.06045123361867,0.7700816719534462,440.12954200397303,0.0016257573145536082
107.10578565745527,1.4440746397809916,11.796405742158022,52.02678942090679,0.5733114115473111,245.56679435967268,0.001479077160063685
178.08580050612608,1.3410482123442087,34.930474732296126,46.63257095365916,0.09913010323622844,306.1236486174859,0.002043320428521387
184.146203909065,0.9989146140615613,36.54859505715681,47.1243271567329,1.6674929242025658,439.38006339730094,0.0015624248211419936
133.18424545110946,1.6134567892357532,36.883471621466114,50.954677214485535,0.25021574723090373,552.8425079772636,0.001725137801784742
110.3409288662124,1.4729831409475702,36.61334264749361,54.850400363550435,1.3729162617857558,809.4498873759798,0.0016806278785004103
119.9522388562396,1.8450239547345115,26.068332343252447,51.38566532815292,0.6400150257187194,287.59620185324115,0.0017895393537459324
214.92589477310844,1.4962857892439856,28.612928144667187,50.811136460110035,0.31327653622808904,114.20060267201305,0.0017369519349364568
118.97985781940372,0.9671802354037896,31.010560754791356,45.58016442041764,0.8769609820539891,44.05880344431013,0.0018658992361682697
89.78537364596522,1.265142414445685,20.65081861633007,49.87293297048408,0.12610988702433248,613.0140391771331,0.0016410565700505006
89.59681223312738,1.1360278564802473,26.732051943832495,47.90748360423693,0.06502188536827422,609.4105327515582,0.0017668057086150759
216.53391127855724,1.9160951033700857,23.69957059436471,44.92666907611455,0.5397702875187347,493.271429283054,0.0018052439277306035
148.5129460800728,1.7727467446704308,26.207158471501973,51.45816949686943,0.17857458609348856,1003.7779449556922,0.0016708825751958361
163.87755332804747,1.8562502139074915,15.585921480261025,49.222821039812786,0.2558174367315948,167.83264842883972,0.0018487525822597545
154.04788066499782,1.9345900838985743,21.476714348685235,49.11075876436326,0.07897798785473627,320.83094884738995,0.0018406123632471803
161.0645955115312,1.0766206159725402,29.913030751065516,49.94178968215745,0.0376107738703,437.9254007377711,0.0018711406576333474
122.1790803086537,1.5089485509507912,26.203694764607643,44.5603689698862,0.031146137344638496,254.6452420031369,0.002003992306023043
74.62911503864613,1.0345070979723898,26.39537095522091,51.30325286282198,0.11587989043474087,525.06969389241,0.001626984564539366
148.05454265356366,1.4626746734048757,20.44557000357586,45.714623311046005,0.2770517651154024,82.18491858559392,0.001784004502236943
207.13921634124563,1.4621660883737182,24.62562637820106,50.070643123814634,0.5262602832349877,296.843480476908,0.0018193298007380097
106.44196299602038,1.6908294552591692,8.011518543606298,51.390532148397526,1.8284362974009087,182.71155641369387,0.0016140394590807587
73.0359863885699,0.7756692341290392,5.817998831667079,50.63853729554778,1.7131142819921723,611.7271336562281,0.0015425676530114235
98.90595169752588,1.808538581342647,5.2471833296666075,51.13654054548224,0.7758042387761568,480.42883244216347,0.001678602157289785
94.99348713319193,1.1670965893328498,8.674617681150128,41.911978498343764,1.7645730555777033,410.85927720664876,0.0018136106129487653
119.24144862913644,1.3052994616487081,13.498624655643003,48.74812711999931,1.2717280433395484,456.15983565582707,0.0017318871713520837
144.1226182496561,1.1045183952224689,21.029353620945976,51.837447178764585,0.9975194427742254,251.6189549727186,0.001756149431310722
208.49111035313362,0.8489042335505675,35.29462925271011,44.12405244961592,1.3184666323263876,173.84236889634238,0.001714650985706161
228.38732608997597,1.3702725037343446,14.685735420148918,44.779774275462486,0.48600909677255133,713.5168170626198,0.00170436865249604
66.29497436025068,1.7229161874892926,10.83780065635327,53.59495483294902,1.5128422443350058,264.85520229565964,0.0017987303028680847
201.27288789307164,1.452375230793062,30.23152920156852,43.36849788358335,1.5117018622767193,40.65465692806345,0.0016083729514232959
172.43327342193905,1.081835282130458,26.874144829558862,48.463730034072384,1.4681479117503875,134.87044552203778,0.001662772368199012
61.41373482789939,1.345172816094346,7.709305541383607,46.59170536315255,0.6544696887115953,423.14010463534714,0.0017401142667562012
194.10503332749641,1.9632949914707412,7.690178432249175,46.71677399627347,0.06979955277877559,592.1695135011541,0.0019124631307500333
248.38159216107022,0.7349226339961615,32.15428310866499,51.0113702011551,3.0859796803593786,75.26027099590995,0.0016295905049478006
249.80799367599656,1.9078271525969541,13.273693574034501,47.95438470289964,0.03790312288529914,922.578258214371,0.0019323794845656156
249.85903280474994,1.943624257482695,16.172155610101456,46.82024958499658,0.036476051940197166,1314.3261406287454,0.0019152445340186383
50.31100953145706,0.676638945633051,29.324720862849386,46.6263284620166,2.2760271498502536,43.935858348390205,0.0016407491011281642
113.60833369103655,1.8272331012850118,8.871440254273516,51.94582126298468,1.5137841005977821,125.04851647871175,0.001959496032132228
123.84112856656351,1.5492190199993137,8.260259066284373,47.163067433179016,1.373535967556709,122.68746402772986,0.002154138961356484
196.7297683172042,1.346647159273149,36.17083816665048,52.69999789694285,1.305483123680974,1009.6147708727731,0.0015260013192426325
101.09125535844605,1.5592577110641255,5.201545786455264,36.99661363608053,1.4780239952234426,346.03461530509696,0.0018565208468739485
214.5351549764143,1.8588899197238755,20.685007731786186,53.058893246821576,0.5081364559827939,365.545040811361,0.002006554531294972
67.44609688413206,0.8662670982730685,33.192678744644304,49.14518504949041,0.6813305069877906,563.8991012157468,0.001714164201886901
59.28803027154249,1.0031083350696812,31.497803326120422,51.835310809856836,1.1129740105586388,847.2243236841225,0.001682686171054945
100.50571784774178,1.5411322620773322,24.65270004739279,46.51199188428345,1.351978416581661,361.03572891310057,0.0019786556958343287
201.25607163101188,1.8223928686634379,21.51689201563852,46.11441261752018,1.1786826367419192,633.8430213818948,0.0016928833433959645
170.6024544846328,1.7810020958455421,19.160966999719466,49.14809181919833,1.3867607330312794,750.3480390764248,0.0016636322316889956
98.47813338527888,1.5573610327239011,26.49814896198186,46.85533549627524,0.5498513400974127,486.7930877519297,0.001951931635464524
92.79993579605217,0.5988936017681703,16.282340593248403,35.60411810377857,2.475852788771635,573.140683245134,0.0018727910207556593
151.02024612497274,1.1361496238059612,19.711406751743375,37.9350182127317,1.546920556158698,679.6860722809065,0.0019305504146390653
104.37191905090442,1.5709754174214179,30.71308612278216,50.79036852106074,1.0160436539214004,340.31246844721574,0.0017542508823860845
100.94925237354427,1.2074608209350508,29.812368708501396,49.502411251592164,1.0481985718850366,390.38717290986233,0.0017395719248591893
85.37625212444485,1.3930379818556078,20.958618879246075,47.83781201262881,1.3069604924052174,512.5541383613896,0.0019075313554438873
71.23784353062817,1.4154152820899961,21.634493494653135,46.43616992167334,0.4252666209855703,373.59399419085196,0.0020751041953623
216.7250016329993,0.907243931119336,16.807628454467935,46.062506640451424,0.13137945843617033,896.7440883456876,0.001967331784679679
213.7200056055685,1.2351870589442329,18.827591980540348,49.276203983912865,0.10697052562198663,917.9569123613791,0.0017731133551988094
247.90631376101805,1.4450601302844768,40.98626397055437,49.24652005825939,0.09085656506242745,313.87913667012697,0.0017208239525588905
50.57975189550802,0.9036485373732183,5.661573259477548,46.15568301460104,0.29869059388335195,706.4957352317182,0.0017426895481046803
126.05019458771814,1.455302583561309,12.824075789664798,46.69180275101871,1.339502850584038,562.7430826273659,0.001935086388613364
101.14609321959402,0.7257377319974433,33.162472106065955,50.80297742152895,1.1753104332385589,468.7862739096441,0.0018152713255714683
183.3216986200481,1.7913031832176758,10.432367073298963,49.72610929931564,0.8165258212293743,633.8466336304713,0.0017186618206656385
92.66931037474535,1.7234248646800103,40.01588081395552,47.33998965869089,0.49020947173296975,363.99630468621217,0.0017798011674360625
163.11632177066096,1.766650608783711,10.676560052093576,55.39788116894973,1.87375178350004,24.158316855474563,0.0016896061693766173
140.16256109304166,1.6368162263393067,25.21514772985074,51.77921600085428,0.7729070692016625,4.877442151757296,0.0016594617782540496
90.51206336238006,1.267290733781727,17.58363226312321,52.813893873878705,0.7554654747153882,1.5875070220629928,0.0016276897122932594
218.75215408102946,1.4840160374459255,27.346052934336374,44.771334297334946,0.8662942631879476,4.170794416693743,0.0018835741034083588
78.74836379560934,0.8158762926266131,17.105211321044724,48.71159906148198,0.9831121963424294,438.8623992236646,0.0016905803590890644
163.59493517680664,1.8531030306269316,12.800785633805772,49.8328977650979,0.8735061488319997,325.0972259005347,0.001889083242571364
155.4222340349122,1.838220938059281,12.71011343565924,47.24394750050333,1.144861046498934,281.6688344310736,0.0018590262520272755
245.0555511694042,1.8410023693712243,29.073800911374885,47.05934929070011,0.41687600261403285,280.03575917817045,0.0015943621090378415
52.71500467580245,1.0756058508734212,12.807260330018883,58.67333972446914,2.2393207527302628,212.35896963744977,0.0018699807885399703
53.68647123512047,1.1784579776128556,13.423967945390425,59.170843941459744,3.1378678269173275,303.6493602646173,0.0018625342988418873
64.7551191475621,1.0007976918513342,24.469054503307607,54.4463065417772,0.7974706820414824,964.4788858460153,0.0019384069081985235
56.53927235990475,1.593194376499211,31.419834091037714,57.478005156668374,0.9024063744821459,786.9711178123886,0.002010719216850047
212.65620997281604,1.6522043023067083,11.998094044317064,46.56505714603922,1.214674616083329,424.58453637854257,0.0015145504583551437
76.30881597821893,1.042120871800252,17.845515526740225,51.78325684341579,0.6023191226137122,499.1025549547978,0.00212909987774541
153.94093592817092,1.8268967188506555,19.55513130262525,52.94253545755927,2.182332776674749,252.14550225671923,0.0018123387839870464
152.0625291299033,1.851690989688819,30.409411864900605,45.28516093854852,0.40070916450328115,402.746998633381,0.001799603563032989
212.67853505383795,1.8659473570052842,25.66696569280056,48.276585964213034,0.6010180015462205,754.7548654736315,0.0018611317692461015
208.5559600505912,1.8701475522824302,26.823565676744344,50.593207370586605,0.36742005378660364,841.0065687807912,0.0018511724704758496
135.9592833845451,1.7043165378818819,19.542239972637752,51.722830460533594,0.7704372837004352,811.0807684779185,0.0018010675323986154
138.07485619352136,1.2863617084747327,22.93029877158106,49.281151391711525,2.0200131912024775,354.42188069059256,0.001640159366541785
101.00875050193714,1.494654188927377,18.89200060720527,56.4780850741075,0.8523008904888394,792.9408651852297,0.0017727012324272335
109.06169375312923,1.3469626075561438,27.909789722337308,46.74979918215673,1.2268118856430736,188.79699273303808,0.0018796435120105222
188.75899298433123,0.6349342484492393,26.892634221948438,45.83601529318935,1.716286900312215,88.51446991982915,0.0018404376737413144
172.11930697077688,1.9798678045154543,19.803755736887588,50.573991151615346,0.9330751961490119,32.638382536759295,0.0016738862592369345
208.8035701430379,1.983801353619618,21.708898637080193,48.69029020525927,1.9062790274741686,15.844750818820103,0.0018973872532362184
164.5166517986522,1.9186753787770876,22.380493151630294,52.83121596636104,0.8331385177337401,15.687202630161515,0.0018571756057318518
70.73621470828985,1.431014397317043,29.587494377563246,49.60604843124739,0.8087305426058794,382.0318147892473,0.0015832916166625562
85.82041329501578,1.0609611887517454,27.369107731864357,49.025907486415,1.5660042347537517,441.56161216102686,0.001602344466393151
193.92240834909651,1.5489304393264889,16.78288831280034,46.328215535215755,0.43063374173887026,38.48086448280316,0.00200293342108614
76.79720235485222,1.2086971579906713,18.002278599926775,53.46899534338707,1.1597266382306857,14.920441232443249,0.0015905383811971392
132.48185402324347,1.2752273651815653,21.87517357609782,51.79077740715798,0.7951088210987152,15.844405807294127,0.0015128645209903577
169.263257015842,1.4740791317580864,26.107993518606243,41.86778833182829,0.9066638646707417,444.5437557100235,0.0021066543904041703
184.6435611225427,1.6586694137548874,27.26228493367302,43.38421760127462,1.0020891889155994,655.4299772303076,0.002070810935116674
135.11129397432302,0.7775503935854383,29.12422035574953,45.61889732303323,0.9684954939568549,182.1229923635061,0.0019387147580017688
81.80664718880301,1.8413464206927967,37.947330786733325,54.69291650487881,1.7839533188914576,117.67580133157473,0.00195818946936095
131.48266835126245,1.980427983382778,21.211961501502234,53.02901229118551,0.46659464230278086,796.9042833642891,0.0017944091468216196
144.27789199171588,1.8839517039572644,5.323390486221846,46.72046358591383,2.135093801567959,548.6627352129815,0.0017389623952816754
173.00230770729166,1.736064360034778,5.348522274212314,52.61754141667861,1.3961589083410348,511.11135553619073,0.0017785603148186503
60.663746118816086,1.2593740939598503,44.732206575563644,55.23541207998906,1.3087111283084123,854.3738247284442,0.001815954278733004
155.36073124524964,1.636406677214333,16.210613215944694,57.085076265700835,2.729667153612376,419.8193655637278,0.0018373845806225466
178.68503405130653,1.8032894980599434,17.472977118276507,59.07705293363377,1.6356582067166232,582.5296563118644,0.0018112038913641953
66.01593057894473,1.7984920668147872,30.952550061540673,37.0632887411483,0.004715851397713356,456.4114786248319,0.0017931874084667412
87.66366320196151,1.9694260156347647,27.593595351591095,41.4794798870371,0.00863953524731321,886.7723070887578,0.0017356525270056824
200.77922642900396,1.990531574200067,28.603803523217696,51.63674196531312,0.002871712284267294,382.4570147113002,0.001714721049128823
103.45229758128318,1.9528112497878067,32.81689381611263,38.99186722426713,0.06340669103440691,231.5245983425334,0.001870074306974094
167.5154809144897,1.9295298085059884,30.683774060811036,40.4408809833094,0.4475102046233882,913.2872353036827,0.0019803442571419516
155.8602277171643,1.938230642521575,25.52435477375451,43.71715763695837,0.29845394000925385,551.2381552507626,0.001984287452104788
189.6489346176734,1.9381495739014476,17.541211731665204,52.91907919544541,1.2846013762584167,426.45500075538973,0.0015112095177054303
147.34507504087196,0.8686984809270286,32.92195580601653,53.824961766580884,1.8191271518162264,200.45335816437353,0.0015184828015674555
138.5897370457127,1.2016497522183207,32.13943669815853,51.28326971310809,1.0907322152903265,455.1343839280463,0.0013850695439799772
159.0604838330179,1.2437775178672288,29.59428354866946,50.79787811326138,0.910446417130426,394.32630146347276,0.0013614432147978537
197.58225039778966,1.5576647032565514,19.996098634441562,50.16448392496376,1.2920037713580135,428.1603372821993,0.0017171962021485668
103.17254347246424,0.7736779513936816,30.85094137849891,45.06661759129894,1.1033444919603557,738.369637126862,0.0017335419096805292
106.45777518963172,1.5573022839336157,21.889772159351097,44.82259800699992,1.0523760907845157,534.8727557838168,0.001820377946994365
86.34267605735917,1.0059100525374858,16.169502007792783,42.61395075990112,1.5271422773703158,596.2922363010931,0.002058735278059061
93.38089913543452,1.1072816612717087,42.06935580364627,50.58012219984478,0.496507632121122,351.3957662512389,0.0016860579350640133
199.84573809376386,1.16375492088895,27.61874386966162,46.34874828502916,0.5929007903736644,607.3802137651649,0.0018031240366313168
222.0283177978105,1.5332797268162752,34.77064515954513,47.663857446883185,0.4584118491909466,1054.6329741443917,0.0017717568591829884
214.35532587834308,1.5177805386925098,40.8391107007704,53.296634352274374,0.3390398413403384,795.098555398666,0.001718237399435056
165.50178972533632,1.5800186865973864,7.436941347395701,46.75475375873827,2.381403180987181,811.1316070481558,0.0017491588637337174
134.64963834270233,1.1612520618583673,13.143064162862975,43.963350688487374,0.3386192740218758,193.8835013320686,0.0018991448634954717
165.13096808601264,1.423676210148234,29.71654549238091,49.974251210783095,2.1162619487569443,803.8075737922555,0.0017730980760813303
104.50311691071087,0.7148757273328381,35.56293392181092,39.3121902324285,0.6746621292745519,207.4358257876972,0.0016560883817756439
158.3389558753364,1.3552476195142296,18.651438882738113,44.3507500109761,1.3911672820106935,453.76934736207653,0.0018240514290941833
160.4761578278142,1.5491428798782636,17.274338315534315,45.65707570359237,0.9788797557341922,492.2614294078351,0.0018388497988210866
108.27972163756365,0.8229675213224629,19.62230737980008,42.04412858471166,0.3969805545677116,164.80348697882633,0.0017625340644593964
97.02603824031716,0.9076172579838736,24.855869942261222,43.797101304081714,0.46225468976431044,131.29757498398098,0.0017536623265213818
53.23417184763995,1.355469858368645,30.02007948286069,48.03372878110916,1.6208420443182476,575.5910827107124,0.001598598256879687
225.64080245769165,0.9690392702637265,15.293439160875778,47.35847983590054,1.034932423155623,479.1053509248491,0.0019585869428809287
95.29655216262208,1.600947792078763,19.156484077554502,47.23279724541821,0.14311493370377262,334.2897085965274,0.0016550890766147662
118.48871971293875,0.7085485406001368,14.95889396408928,49.116128146523195,0.06655145528812485,529.9581419471006,0.0017466054687586923
76.81198866029929,1.555664758179127,44.631575573534455,40.76817091134213,0.31750655311861475,426.01281138297765,0.0018207378295809645
220.65317895944847,1.489898777802482,28.336427128336283,55.338639421625274,2.6255007592178083,40.32251011211016,0.0017295108663371178
128.51121052947443,1.5701324935086785,27.48888923698049,48.31324947508825,0.4057651007874088,992.9904121453155,0.001787610691148005
187.94673049413603,1.1278155282563966,11.279820039872613,52.10135471940076,2.270146012792329,55.62002499213745,0.001763245896274621
125.36268419449345,1.909892583121606,18.182488673125988,46.75287729206157,0.40157881468693524,115.20023562332919,0.0016964052065930853
202.06060442874045,1.0106912217604107,17.620719992270768,48.145374731778496,0.06200045968088581,665.9306881715453,0.0015474673878122054
58.5539632498384,1.6460858159908243,28.53432539975432,48.69573303968685,1.078795449553642,535.7209513221889,0.0018355391707547493
153.6112034364231,1.0508864066148516,13.920433663144435,37.666891635679555,1.3961856204899048,44.42680175831817,0.0018513117324968618
90.76413772937832,1.1582960929240278,18.54075113355599,35.20879707387702,0.332436040425237,14.546825651241619,0.0018596803285224712
109.84737952489215,1.1405418542812034,26.23971328309287,35.195058393069274,0.28485211837372365,16.106744871408914,0.0016779354392414303
147.37652944430081,1.6505453971430915,22.092095550601613,45.27924995956153,0.548202552093846,18.222786862920294,0.0018806716927128122
156.022021152288,1.6705291462854994,28.995820155490215,41.40392594042808,1.5876764525334262,96.01652404379512,0.0016758732893697548
119.38679005267313,1.350585526720664,19.99317942365603,51.75138677856825,0.5640210186807559,11.55569675890832,0.0019437488987182913
83.85392259183187,1.2615953115566119,13.220603864801737,50.456231891022206,0.5243014314620393,13.4415990320502,0.0017875817315021615
94.0851915661139,1.289635652268454,18.164165709441598,51.5271951945435,1.3546694220788285,83.66156672533833,0.0017497172485554174
78.59306294933006,1.1835210288260722,16.09048393624152,49.76603129956499,0.8351930420503673,60.87374269188898,0.0016578054747784683
191.24820574299596,1.1948217000894463,32.86861200252581,54.99906510836821,1.3716070046054167,972.3986829028314,0.00188917312618776
148.05779071339214,1.4781616324278746,35.23098125819622,54.91402269320508,0.7798558316887559,933.1099538083494,0.0018447838190778754
87.13943336109112,1.8321970067744076,17.41750293365072,54.3718162899994,1.3381687664056348,505.02782899300297,0.0018102703182620375
207.24302722341827,1.3748075145353464,25.361884987589566,43.60404900492428,0.6315381199181566,363.1335857615493,0.0016003678990489302
74.97722683585796,0.9672194242427938,22.300397115449464,52.14202177619339,1.0352118393302392,320.67929157872135,0.0017505670212070068
90.79713772640196,1.1273215225079165,30.600860484309045,49.906112122523304,0.39048559466328236,778.0985096266835,0.00171902799531859
165.70055810643737,1.3712788647450267,21.168762940166037,48.18849704716759,0.30711487577884994,621.8204448104515,0.0014846512059536704
148.10988593903275,1.1056720410735685,17.931812845206295,44.000101843154894,1.6151863697769948,272.1696195839983,0.001904199316300732
137.07263779097636,1.5080481899472449,29.135847349713835,51.98484434676832,1.5949725912502932,1060.4030940410917,0.0016608596263714562
58.12878030202609,0.6387600576584037,40.390592947062245,45.932083477597125,0.636644709122693,198.22678741103903,0.0018429454992849807
244.6085545602476,1.6549073529033818,22.784501847609633,49.38319982956718,1.9466012860790847,210.39325209160242,0.0017474862285271223
130.51818382018521,1.1164086437562486,11.619138301763194,43.56854482542945,0.4253172208521111,487.4732691597298,0.0018128088026084458
124.33159332874676,1.1389336365767408,10.53098733806821,46.18522327170968,1.8582956490833629,596.1116002018892,0.001818219524565498
131.608357930724,1.7470680849754507,8.364698387301335,45.750671486332095,1.2435005615941535,420.8245220117021,0.0018331901592240462
104.57141922598701,1.79276179853416,7.943339629567945,48.29803087941726,1.7081977218726372,333.52804235236863,0.0018198014648126678
101.93393204144759,1.6620700659157384,9.161771411120645,49.31994376480618,1.0951154860630523,469.63363711765675,0.0017863872037554827
190.86453841643888,0.9319211224315868,30.946837536424137,51.873866004123144,1.2064011835185575,60.96587691954476,0.001686256625734916
105.0127975733811,1.4621347811689784,20.862454471782055,47.580283176584736,0.7641646658116169,878.5643224342327,0.0017593700972012526
232.98102200930975,1.084932161028825,21.09677508035975,46.778325256617705,1.836605845398803,214.1509458548115,0.0018140715657415523
143.15257717443532,1.3250897224167903,24.25163947213569,42.74518557931191,0.4295583337553327,662.6091936059322,0.0017508592978661079
78.5668298348911,1.1148836790558314,37.566875456884844,40.86962702080422,0.8708611447420045,475.42865638867767,0.0016934535338546802
153.91498987796405,1.9953663888296087,27.157263308923834,53.64650433859803,1.4221517728143676,253.42596614646206,0.002004727609945073
110.84807428159993,0.7415026702778685,26.516733340338405,51.31884311258864,0.42493409669912896,282.89513697324753,0.0015946018770160086
79.44887169624664,1.7843707508631566,30.91247190569971,56.13181045979631,2.138351608685874,1068.6736992536264,0.0016493983275149495
130.06712815834385,1.7713985060905555,30.499744456957355,54.44506770153466,2.2431035770241166,669.2767736250271,0.0015390663790561467
124.84685393618055,1.6907333004549914,30.851648978140577,51.754177213103915,3.5861056715361315,1304.4165305999036,0.001538429234875568
84.55471134576403,1.641590946492081,28.43526402779986,54.384013115448205,1.5159839445965777,1236.9041261432778,0.0015045473636486099
153.82065567133674,0.8548552355555427,19.048712749435264,41.57710074249194,0.9752209432086066,43.511284452144196,0.0021221936612576295
104.45074500889686,1.2956272748531925,25.90732822945199,42.336727749652724,2.216580591803415,89.59479954394715,0.0018181919850152387
198.19700790625973,1.3200451243626088,9.275155964899477,42.046627593601386,0.7103620759374724,214.09295431828463,0.0018981027719434749
158.60429952770414,1.4012396660827247,29.023245788686747,40.855475194594916,1.2458803594507017,676.6352582286451,0.0017709269333719326
141.01694588773134,1.8229884623510606,26.936155758913127,54.623634544468345,1.3437780769473222,269.10726646822843,0.002001746108674037
83.10818936481128,1.216717022731369,23.77919627908896,56.341536264947095,1.148391341323046,989.9460569386802,0.0015490862514160831
92.87294307782042,1.5277287383741711,7.906682180363281,48.955247366105915,0.7065521498558692,143.24686323482476,0.0018151065242497278
125.47828310541932,1.0031028819236218,34.90224400018826,49.33727601996153,0.0785824369458353,338.49390992377556,0.0018492342216450003
181.7285720350289,1.3348765321445153,11.68982900607038,50.56274398208128,0.5131601317536902,541.946639863473,0.001695379693272326
167.74582847460601,1.4827426131622639,25.032955341614077,46.84603723135069,0.11562225315910088,482.60869352842104,0.0019980344883379067
170.2734137290973,1.9638476358344517,24.099409849953304,43.97726737973488,0.17002310611253751,511.444689223601,0.0020047385704629887
119.52891643238291,1.884372343165876,33.68487206547865,54.692677515865974,0.2864583583767954,435.0388035740471,0.0019259462198887682
81.75816315401937,1.6166870302628693,32.09851667870222,48.26928642654212,0.47615145456172586,992.5312351316262,0.0019379507694878553
91.45715889546217,1.6140310651674843,30.69106949876781,48.47432377667534,0.5972060584703708,833.7402227598731,0.0019338811071478942
104.39351642503951,0.8640365006569947,29.104237792003516,46.63083537339606,0.9840127842343829,388.18286681469897,0.001858415466638995
229.21292405052674,1.6889331781852728,25.869896339179743,54.33551695954506,0.7027113994049727,633.1246802483688,0.0016110683983417058
230.7656702317198,1.74936425082115,29.588333253625237,54.25773059995588,1.2098755815240088,245.89465662749444,0.0016914157531470742
195.72374524091433,0.9420714053322861,27.703626258394358,52.686846836330545,1.1869693733386595,1012.2734360534068,0.0015651661548646795
64.27247396658554,1.900059036879912,19.17380665151878,58.78661479092262,1.306949391487105,188.1042987879236,0.0018681204420787545
98.08866884822945,0.7901898209782494,41.96582048061414,58.05459849297006,1.9874088656767033,77.99607794007908,0.001694673239362439
196.8540331523393,1.7775056528951494,28.748647567619617,46.73423229437281,0.23535135978927055,388.54822533426716,0.0017574099571808159
75.28585164379804,0.8421162794164124,9.76599329026781,43.693061762255944,0.20449444117525864,243.99070917103015,0.0018259835881638306
220.74515001914173,1.9284934841494779,16.607123050690404,48.570240891531,2.8334582346779156,624.6140210427042,0.0017414165201454477
105.73224238960297,1.809481835469548,13.193975801795869,51.11248766403068,0.18429337683415367,390.02241029646444,0.0014558581389007873
146.33605063428303,1.713607823222463,20.32514869898081,44.037925409916404,0.276964695832052,253.125864035364,0.0015737944744938016
125.42474586589277,0.9556312978895596,20.190658127244212,48.24477198219101,0.6439421857875133,405.3820718945366,0.0018612209294670621
154.82504049926777,1.5432844667575691,22.976217949664644,54.870864019456135,0.9179868340830396,298.28855642477055,0.001658961570547094
236.99043114949436,1.1927833476066314,20.893197176079102,41.39466052008378,0.7656487105632308,599.616203481698,0.001692834656172264
64.37159834036231,1.1107559236580256,34.00530773898903,47.07395392532171,1.4964359825543394,363.88383557851154,0.0018074776473820295
63.077341155538406,1.134644637234095,13.168332678583278,43.62298450714703,0.468282507501553,641.5560400581196,0.0018727523834569815
52.674011689996284,0.8313598943638101,11.956979975463643,49.77387018414041,0.37892862749637324,102.74423695047821,0.001814365072452979
239.77658699978718,1.635812061413032,19.75978712058041,42.01700978080023,1.5204842755610628,339.5293183760337,0.0016930422860819037
224.67286132423712,0.8586509092471949,19.591438087681606,49.82729002970947,0.4545260637813535,1134.0970734899863,0.0016243538608197888
232.6684692392235,1.8511145246609686,18.008461207812378,46.81850574433983,0.37248866183278767,215.42978916592702,0.0016500393635764646
196.41066631848074,0.8717999657992428,12.585961834208142,42.05957536080185,2.243316869723946,629.6612443255275,0.002000161410139339
113.04078037789029,1.7314361132021387,19.814692851247678,45.587791937739006,0.38681790215841494,379.22302561672046,0.001886578357601082
163.0502066046178,1.7757586906673524,18.534929406699998,48.17503762308509,0.5953680342361569,432.7313624662009,0.001668602410639839
101.66904341860284,1.8623578064547421,26.650453437762174,46.68237764062196,0.3972185104630037,507.6945498367608,0.001674695037490083
185.36933492186006,1.4929148253606972,24.55167939936324,44.58011926006878,0.38567245926138394,319.7403668411088,0.001672004675091032
139.97001941079887,1.49487703080293,26.427110011889,45.83976392478969,1.083771657124922,231.42787600208118,0.0018515706634778203
143.28427096745068,0.9395061739465045,26.63756112486595,48.35338849298979,0.5218178951198877,162.24234510708231,0.001683274976983017
137.662191979965,1.0737311740741953,26.34014346975835,48.55546283099312,0.5504092729111586,157.46492760404445,0.0016930424632428229
135.98974344297775,1.1785628616123425,32.53075993789834,48.45598822924938,1.5224839193596444,1033.2329892097073,0.001673320561461985
142.93423430418937,0.5786142086415657,25.392195404192563,49.300063258503286,0.8124619086337604,1320.2800051623285,0.0016746423899471747
160.58178017123123,1.3353543498141325,34.52712228109464,45.65229346648425,0.7989533176237417,563.0986988578701,0.001682063952144554
81.98941887103767,1.8445596106339421,12.213938173027682,60.21231407928624,1.7329959499736836,604.7929618414282,0.0017615335358511658
56.11915214881111,0.5536870386960316,29.02142299370029,41.25384258623095,0.9193188582027456,611.465276831213,0.001895621052862787
161.97581818011554,1.7320290446823885,15.668153353003635,50.19967836776596,0.5587833942535452,213.68484493468011,0.0016857724477807666
177.69520171952988,1.7835110267273202,17.123797317177708,49.39151677256247,0.547661153769171,228.1598548746209,0.0017515413730030587
176.6749341443791,0.9926325888393178,18.409392254082736,53.387039865550065,2.1013959282021264,972.4734174638227,0.0017677204686160982
96.62289997758587,1.2953805982007396,28.250998165358975,46.378822131430624,0.05074943199933333,81.65556304787873,0.0017554245013331516
87.50491749486854,1.224998836181139,27.7042969597178,41.8634103502401,0.06782627111882339,66.24470750940678,0.001673593529470808
225.604085345612,1.6480532889580537,15.49466255036894,53.925300833235646,1.535433900414418,704.8177722036984,0.0018828429772885706
219.1599028463588,1.7271350157505418,15.159292259904102,53.47727813676816,1.4902434243579985,721.0983471149966,0.0018772192081327897
136.70833255211417,1.3567233053442758,37.272119101582554,48.055192761216496,1.1412233422859464,293.0181497819204,0.0017289895256922634
156.3351779076184,1.7684005397408251,10.164600251122236,49.33469613075203,0.48119965083036115,795.4374147643701,0.0017713743507058192
113.28630964615567,0.8580188385493831,26.281797332408622,46.14605068258021,0.433344576567598,84.26239931917293,0.0017477549369998315
136.2520252920595,1.3667821593572036,17.743840762868068,56.021575022043294,1.6335844591975068,275.8542420862917,0.0017685907304605553
146.61039680726665,1.4879356140376137,17.329014021858004,54.61529129061613,1.1606515278017506,398.6878573119677,0.0017206040982191632
130.30030781305342,0.8235315287844253,28.095239182439585,46.6043656955033,0.5515951809610303,546.2322801300875,0.0016702752545369767
145.3998123913716,1.31904155261115,25.648358131899172,52.445118276320024,2.605576916474611,159.8004284576334,0.001690772953270959
249.3292984960976,1.7439140201283618,21.62496559221932,48.852953305658616,0.292139201248099,202.298597524225,0.0016501892919233135
62.78960812797481,1.789916545320619,30.574850447141603,46.03884433504887,0.4744845965650953,303.6745307248091,0.0018551661167856355
71.70720698395066,1.9532835306330503,30.57369847529451,45.555284098571434,0.5438747144211895,333.02595801142667,0.0018193744630123335
84.54815228447642,0.7411432339573535,24.640879743995264,41.98819988321857,0.6606334452257421,1065.6226838247173,0.001774164593410274
227.90805148221742,1.7904876981719813,15.21839284520988,49.058335960502774,0.23623822037696648,130.56136636136836,0.0018011866992675726
233.12788161456032,1.7335707809776766,18.792275078074976,46.33145659472741,0.33878989752109523,141.42538191448162,0.0018437534546804238
58.399485352214924,1.5386362573866066,27.553268642079516,51.86818089950764,1.7804296812341862,370.6698763304741,0.0017097256349114921
142.73139439768894,1.8374317658857808,26.579780711769548,51.972558066336376,0.7510378442497115,1051.461207938806,0.0019510072455108992
152.0993786033372,1.856116054153011,16.391925531029774,55.44394269973127,1.210680184050789,344.10121306960747,0.0018299531965641819
113.5815126599799,1.8583937447421486,24.999513194965683,56.12542222068505,1.3069933586898244,785.8251496027525,0.0018319660741306389
127.11309473798221,1.1685240061421829,23.997476362722416,47.370522973719105,1.330555285244962,209.2985674324545,0.0018428333527303262
145.12318407010778,1.3314622106506186,19.342477173768522,49.96405683737682,0.549407887768682,826.8466959056191,0.0017707065232274344
141.54567614624463,0.7846921134922078,36.21465286531708,47.81318035846089,0.3084133787547563,697.5847548637256,0.001658602340953545
117.67056083642846,1.2753656358726362,7.225626777896195,48.47432273319144,0.5740639116824964,64.4068368996392,0.0018656993180477864
78.39874276242197,1.7124535076213234,5.467799819267413,48.381258566240426,0.3142677517475098,56.38239766242078,0.0020136387806118003
183.60294948524856,1.9033067193952415,8.030134956820813,45.63890477531059,0.937698214283937,97.75625640110458,0.0019632728938933533
77.09662507264589,1.1584236563821528,35.43807464445028,50.788824523821376,0.01736941552771646,550.3264678574601,0.0016264211375482832
212.0963211363777,1.654581087674828,18.129679892765683,47.98773376549131,0.008408679110829232,569.9487649737291,0.0019292397924059795
202.32596800915067,1.8044316803530862,20.49989145395834,44.41005276982192,0.008311766097060858,860.4370113780014,0.0019270127234724663
201.1659465166288,1.1382804441302525,27.209381916177318,46.79143365727939,0.005912746045428401,331.0047492173075,0.0020842718753331714
144.81658488091983,0.9333925480221342,20.580358284806092,44.98999573819782,0.013596059595340288,975.4198790821607,0.0018665872385871091
167.34202456674672,1.5289407988361987,18.733024176949385,48.283855793973004,0.05933681253582408,280.93427016038527,0.0018383585537385457
203.95712810982772,1.9298889273371576,25.771306989903366,43.87846579766047,0.7235466745589547,634.4811338931393,0.001712448524383606
203.10336234673042,1.9527920941213397,15.029718368761532,45.39239323289552,0.38975656009904985,668.8603603895291,0.0017000495101356296
232.70667141583954,1.0504904354906188,28.204698255754256,50.90780102089539,2.5167620463177793,356.6702446064851,0.0017834200297561196
219.1102412871665,1.462865787860714,23.193556661768998,47.201159405390214,0.4952335779822941,24.83383145557285,0.0019481291920907657
211.3188276226023,0.9181323043636475,23.533011255371466,43.49327981454876,0.8784092586481234,7.177508335448107,0.0018270226045901225
89.58925534355357,1.8875001593773086,16.775394216523075,56.196483203060296,1.3817258785665476,26.175199074528074,0.0016950462262976791
163.43386741805784,1.8848155629529746,18.840413252910913,55.948033657895984,1.5049841734146452,21.47374286833471,0.0016671478181178002
113.48233753568493,0.8963605292373189,15.851184232257562,43.6079212158359,0.5208408394993077,33.23056626828476,0.0017276761923071691
186.03343694998574,1.7208736332217536,32.46863586971457,58.11619437584242,1.8023921485044416,375.98258477316705,0.0018195862547499466
102.44639108388243,0.9255666894979125,12.750027578828075,43.79852527551495,0.6903870223268109,730.6005533436955,0.0017015593135463877
112.70069595093317,1.574030059390618,14.555373237391652,51.17888385530547,0.07464176019437448,444.9010382357564,0.001710442960433476
61.21145653673147,1.5773392517163993,16.85135588879637,49.751585864024264,0.09203458874083084,415.5679494283938,0.002031896123016867
182.51358137586018,1.1306279932130991,21.21906320141244,50.632221185006586,0.729355634958588,456.3062284973898,0.00178571303950365
200.44778961508578,1.3982561593152223,23.873565175568558,50.10885272284703,0.8368771917516897,724.8727455890379,0.0017983907678223606
156.82983376350117,1.1739552487638614,21.237938831279976,53.27132036988173,1.2501493757843947,436.65730168143483,0.0018073994418173873
130.8157017552593,1.1712319747399114,20.669127447143907,50.727548981112136,1.688491981695339,349.05932417944814,0.0018142889998600598
114.45820150058572,1.1614562882054404,19.256627597355312,49.09782926651397,0.5358223270378228,423.81891804841894,0.0016445056475807365
162.6427227690336,0.7784916452796022,15.366986607141516,41.54331985759592,0.709004802621532,1170.1777931621998,0.001890577344886595
97.68412780891096,1.378645564784856,14.251462168713633,50.440426231418215,1.4593528993514624,266.2316129362377,0.0019967358654047512
104.47373068539264,1.5369894904421122,12.159787341193844,51.669583991892345,1.8146230378891504,195.8559985658991,0.0019661755044040026
100.53372458622165,1.577239864241297,19.402090190410355,48.14104793731859,0.8881747179411196,243.31258273631124,0.0015984349073883716
189.6542110010635,1.6071232782085818,25.400576011766063,53.19663758446385,0.8444148349973671,564.3826787845398,0.0019746100858260758
172.83130518545642,1.2043927386320343,17.002604230411034,42.777987680614366,0.33069060981880927,387.1422424016994,0.0019269615515623679
183.77407359850855,1.4167421453333526,30.6602879267132,51.09667189276073,1.2869177363304714,731.1763318664434,0.001999296862994678
151.66227241040852,1.232886411970848,16.97912516512311,53.48818226220979,0.8524086242261188,373.4450418482828,0.0021627236508245697
100.4375756466497,1.6656514701869407,22.883360762388524,41.635165753773016,0.36140163770271827,400.14708366890227,0.0018569830553857893
179.43188305030418,1.2995023400537806,20.81637614066659,54.12329941647481,2.476516646548554,608.7427704365293,0.0018311130549558128
78.69733308782631,1.38454293186321,28.446916906866086,48.60062007653888,0.6431564527069413,330.79385788963225,0.0017307819624193242
93.55323284815815,1.5800467857006022,26.586706500080272,49.04296290361497,0.4850930481505162,236.85958107358087,0.0017038185176596055
96.32833718013136,1.1970969873318884,15.505800391223302,50.9626355387847,1.061175431611307,130.523010578443,0.001847068457037769
138.07376499992867,1.3048847348031674,14.077431973817669,52.01777268887045,2.631404759593598,99.31016842335272,0.001850334222302886
169.91912926384097,1.1900500089821495,25.20785310981645,49.07356996577567,0.33510326529032614,1195.3547868814876,0.0017513456984818816
94.84454374131866,1.1341866321211767,23.320404264600157,48.80934244814001,1.0269125494622482,266.89222989535483,0.0017810994880651176
121.20472810102407,1.6252926038345716,26.88031474064242,51.017037184779234,1.2424473348851988,431.20384957561913,0.0016664724930295577
222.33302646814263,1.4440372355147966,14.605744493319017,51.471795747295005,1.635295015164813,870.2099470981334,0.0016066843444911012
116.06903649832988,1.7897586233119704,28.483583715476453,43.61395786894279,0.05474935556346948,286.7336746770917,0.0016595101525185498
163.08908552445283,1.6013989043331418,30.868325886715535,43.70862421040104,0.2078489716717824,888.082842932633,0.0018242057501225302
162.18048079444688,0.7860009075789004,24.718671720855355,48.034518144883464,2.5537030136632985,100.89309966581853,0.0016837133146777278
137.99565141367884,1.7100658095780858,27.874515323935523,50.51797956929375,0.1109434338260156,22.22669091894808,0.0017914273957017903
141.45392620236004,1.5610359692779603,8.292484417802099,46.922914139207364,2.544873324300625,959.342562227037,0.0017607686641557235
129.89342086726126,0.9423838413475836,14.320463630411295,47.29850875231968,0.3525853463930521,375.2402542091902,0.0016735059880158588
171.6556538619629,1.1214111531793336,12.498405575080627,47.38855787201974,0.7650580174029176,222.8863630791699,0.001723868564426461
116.39625171573036,1.2740624499347615,32.983620685936785,54.04806525867559,1.3007552572026386,127.74249526110903,0.0017073024121095051
118.43980471570478,0.7321544657357398,41.30257860337495,52.470424537679555,1.1268197746229753,179.12807967149465,0.001661890771460263
93.50407041262737,1.4641203370607079,36.53823533904343,51.3687037080723,1.221097107444157,191.85627622749465,0.0017071460188219372
54.46737767439146,1.306673723241948,33.40552413253212,47.3446699995474,0.37936538267146697,259.64660030929,0.0017034826915587828
50.90462801696697,1.2851689179965837,25.233813224319718,50.60638677139691,0.13342107066066045,100.19287413677603,0.0016560345775160133
52.07534204010342,1.6021483967092707,6.665071211204235,51.77397855119232,2.079878219022121,779.5065184696117,0.0018555521093103183
85.04451867398988,1.311840002712508,8.570603232105588,54.697690488562735,1.289345767755822,622.3688475951467,0.0017174445923853062
88.58624373547033,1.6806964740924182,9.896582314444451,46.61009416901988,1.0766037706690506,1182.3371718905976,0.0016819079263807745
198.26872620493657,1.931667506900766,35.91842372547273,50.14388460356763,0.3165304372034457,149.66409023848837,0.0018490585814798016
72.7233639098748,0.8011579154795639,16.957375699738524,58.307725045265954,1.6208879423785443,512.4837722350447,0.0017330532167918865
114.08261419036164,1.7828978996075353,28.81351053016778,44.12775845612052,0.36091666655604215,482.2556538410117,0.0016225794591261244
157.45373732349745,1.1691521486438106,18.39769017010857,54.29403742448904,1.4021657269057133,485.92353057239177,0.0018025402746342175
238.16634290035577,1.2873374922768912,32.89641165661653,52.13842805157785,1.8316169025870221,339.737805643378,0.0015981193387896728
207.74353169331843,1.0893421081695502,24.376285921875517,41.778862371974434,0.5974039043004923,378.5865958792113,0.0017734024079897523
121.67717630364183,1.3794358014372723,18.45255858672895,45.99416743135651,1.5611540925693277,669.2233222819352,0.0017225466404145015
194.38822226605055,1.595356503642581,22.49632749742293,47.239806251706,0.7494688912191744,84.27808770211956,0.0019184836746466089
57.23372441727175,1.31985546311175,24.367569010276338,52.09627384014324,1.5763143640113209,126.92832688845999,0.001606723056277919
87.55761439072268,1.3098377047614451,20.639031841771587,55.908288787392046,0.8839902155312365,1141.4203017932923,0.0018912858438972033
177.60259980817094,1.5510632838384208,25.153649001562005,43.395742816424466,1.4350863180358882,172.7615682343212,0.0017316895636028495
74.61360031971597,1.2483027555703086,8.484309495197438,47.29093330333988,1.511205284070678,673.0014663403903,0.0017862723459168945
80.82465358368503,1.2510601975460574,9.837172000173922,48.619966823972995,2.789533657646672,673.0596765725387,0.0017897000982415564
123.78774925630461,1.0979133145611244,13.76006450438005,49.80434711352821,0.618268534404592,725.0810760489014,0.0017208191960245988
206.34295519089082,1.5474711128355176,22.833370994175024,47.51184496327895,1.537201290030548,249.92979598134886,0.001804021761602682
199.03948736543217,0.952652371500515,14.644007245346243,46.20522631343804,0.5539614192087855,122.09117350598049,0.0018481030349982396
230.16788215205187,1.0805001244947665,14.519027398860137,47.16169897543662,0.5829598451036996,248.93777312219444,0.0020648798918483247
228.13502783421362,1.2815570994192298,23.440904199571705,47.47187952421952,1.28509112088744,85.33461391886468,0.0017642258820276574
195.1950202637688,1.561332758284779,29.326445240653264,41.91748443657341,0.7216169240996179,186.56189486271163,0.0018158079446180299
152.81906918425005,1.5300111041249354,25.25848315533623,43.139067757834454,0.816295535713669,133.79886829373214,0.0018454177459019626
153.31001664226076,1.3527013425281316,29.863518743575064,49.16125254699271,0.08231171160725749,223.49596854895907,0.0017984669184754579
137.04425584871623,1.9741798169904794,9.218500211991403,51.72700140106546,0.27125328590337494,1101.8336706521316,0.0020527936872090577
95.67063573571775,1.965457357704479,13.781417413885091,43.2895175473462,2.588168377581761,142.0054206146358,0.0016922154793711267
110.90476570453907,1.7949162244767467,27.342221777813425,48.361550852314245,0.25482408265045686,648.8979753837533,0.0017352057054778548
153.6135785962501,0.5710514695675477,32.581374065284365,49.843133962338214,1.9292953396780381,154.37625516556665,0.001775255227772246
115.21991545948389,1.7832671861929745,12.364199555209316,49.63994195306248,0.2725533003297599,401.38965036938623,0.0017641883931446617
73.29530428289385,1.8417479676488195,21.356679669407143,48.34276183112028,0.16885461022444423,710.563444452154,0.0018973929446086009
211.63331460997293,1.9337005469151267,19.886297877002846,46.135010231660665,2.051707803560442,271.6138464785271,0.0015814438007507002
87.28434414917248,0.442651187186392,20.215592720827186,43.795288685217734,0.542159895019189,574.9541240409907,0.0017476557901526738
82.63836137097785,1.8236152842503852,21.392021822957254,47.483858516154,1.852298498453151,396.23457837888503,0.0017755220128620867
129.28142768878942,1.056996736254466,16.604874627439834,45.58527175029585,0.6122628274420717,29.30506651456709,0.001845046009015117
177.82406979222014,1.4517283699562815,28.227692502798334,55.18221103848714,1.1249556521527158,1062.2565390044279,0.001773625704542514
56.302002185845616,0.5982877422833742,23.446332833847432,50.9207776749287,1.9239519301088492,359.44086649356984,0.0017054882413771514
227.20008903402447,1.503020504184837,31.237474069116644,47.31814049362907,0.4460013955159367,699.0601890150377,0.0017767063516651888
125.99018711209413,1.586082257684927,19.48657519789648,55.788975569650276,1.832945794159773,129.25593813660564,0.0018007011884417989
87.98352200699262,1.2381372215781892,38.1231747179197,58.96265565878568,2.1231671661699054,9.917580049728743,0.0018869905024992992
138.1259788459166,1.3190057135373212,24.354872462927855,51.480198681783044,0.9578287568878099,14.538939933862522,0.0017356986356803334
176.26635738880043,1.0680998928425611,23.375918843404683,48.72625210484014,1.597926092017806,243.5748159888465,0.0019040560008837196
174.59324149096324,1.6112295726541181,28.569502894716624,54.969092633011016,1.956803240219946,244.3648099742429,0.0019377943384631972
223.90599694521006,1.5641776752499807,35.79172164603163,52.16028733913475,0.4202230389152778,467.795989698311,0.0017497555632331508
106.41488904245708,0.6123595846977795,21.83679109096693,49.67318334041027,1.0930888292422694,1020.0624621524954,0.0020610284913754827
171.30152783278035,1.5446751619166565,13.913037425318153,48.84962445625733,1.7436381203438645,363.72767442631425,0.0018098989489633466
79.89162821273106,1.4764356776782763,34.82224729317388,45.436347645353315,0.28379216638685395,282.2206067005196,0.0017502285188489837
194.51442403330293,1.212015071013011,19.284137289529696,50.321625272684535,0.6910828516396005,837.6875977148076,0.0017477134853928784
163.01090818033873,1.3204552232327886,24.63495454177474,51.15751784881409,1.5078078027786885,135.94132916939316,0.0020914625637488767
113.7933295845821,1.6695486468140917,26.699799298665074,56.03427269406045,0.7907306042652721,1306.737908039575,0.001623512755931288
116.88466481750382,1.6710013015887497,27.923019714632552,55.57279152724583,1.0821024879852186,760.9266170968233,0.0016085835602202754
126.675933127301,1.6524707254143793,28.075097875339196,54.877469367612534,0.7647465244471787,930.1766258801467,0.0015904432495665154
87.86032100305806,1.0529223524242317,22.204558921415636,57.65472656218606,2.2198506687043875,427.87785461921425,0.0019590301667418604
112.55578727091192,1.5284497641237247,23.4585017696037,50.968760011573416,0.2372816678175797,504.45880506929046,0.001555483503506149
73.25134581316364,1.368356304524949,18.45293434237111,50.03984071936255,0.9050855474467837,714.5491303365802,0.0017693782318598213
226.25582410311145,1.1946718419300684,23.367741456494386,47.61285989013324,1.0541105491905105,365.19820399765376,0.0017088469463107936
186.7380955586852,0.9992037398985991,25.051749798091972,45.43763659113319,1.7007491072560523,1029.4074168430016,0.001665957155968401
165.29584369582687,1.6451652025765982,20.39873097160668,43.54196756382443,0.6033471561963827,175.27680565736404,0.0017912041132007858
57.633754261715154,0.8994078658713909,29.511339499033294,54.20668445929054,0.5845474240261195,530.8361632526559,0.001973542755843066
59.44438948996109,1.000670328594411,29.916972229092476,53.13188097999493,0.5879168487196186,386.577871137961,0.001950338028191738
153.54673293388475,1.880452766816121,28.295722347351003,45.350543129477494,0.5401562952753516,694.0248247646732,0.0019504020395169329
113.23116356458463,1.5743564500473382,11.726228128579573,43.54572320966327,0.904224833539401,87.34669942578182,0.0017149788671218626
169.3756021822479,1.7187722323626409,18.175870387699476,48.15095559024188,0.9690741239599059,158.0753522506094,0.0016631227399598217
141.18621949158177,1.7894290524669079,10.93759770314705,51.98648125298528,1.199676537646772,1215.840952229275,0.0016092029657815846
111.55975431545019,1.9480687317346306,22.50044843508144,52.85316564990053,1.7339331443770523,204.95361604879693,0.0018359020673655885
142.532538391489,0.544848835847,49.47556470852271,45.79909158824553,0.036448968453398144,595.9994588184421,0.0017830878078563598
88.58489245765611,0.7731695844704538,49.50285986382647,43.07908452538145,0.05129943184646957,1003.5189270509226,0.0017817208147558466
125.48758507959751,1.7042268732090433,41.35781844883352,55.214466443598255,0.7864642892630056,235.1566185052488,0.001891753087566567
105.58513016250978,1.2166965020542655,36.397862849465284,58.24948700276372,1.8749588551623266,101.31735145120159,0.0016969993990235193
132.67218294240428,1.1339394440907014,25.30898410573976,52.152626564278975,1.4975993069989357,113.11877828915738,0.0017521551445744742
104.26094857786426,1.8076249253706684,34.64043546581673,59.306020695818674,2.349501328509507,194.89098748086013,0.0017837995849170204
119.25674402161607,0.9144092771395881,10.432649844305113,39.411971454306624,0.34967196257445643,119.7115864284517,0.0017146303408335421
179.1080815011735,1.839352189784692,21.39449453247808,50.01764418017028,0.23059611485652412,93.9357712620267,0.001708194069498289
179.87038379943553,1.81452983998358,20.341708275812532,47.01459507641142,0.2404940475811012,115.27574653233671,0.0016978887567149418
135.15788472815515,0.9947251288185393,15.510147519431596,47.55409274589192,0.4294071384618675,195.5110923414035,0.0018126017678421968
72.91067799925072,1.679682974652705,36.97998418637864,45.71312088105024,0.6115522935338522,102.16803755546718,0.0018249053225183431
215.7600023505662,1.5913991908340854,18.900476129766343,53.06368888553819,1.0133231480358036,970.8878306256142,0.0017307878666417784
183.89019477370894,1.586045548237778,28.210573504992475,43.25553068306502,1.1693659740092766,131.46313533642493,0.0017053840911193845
143.91817807674275,1.7778577178411377,17.172582363499874,56.36932320109661,1.3008787198666942,444.1838285853231,0.0018393251081567567
166.18328868870648,0.9094253063290749,35.181476917289224,53.64172498180042,1.3381997240053776,716.6241964420054,0.0016057806655488055
141.84435724537045,1.0133020562518655,30.02177847970825,49.27892687487188,2.324871387488569,1017.0759935031356,0.0015849923281404618
103.15656860114964,1.3719545796748944,21.358470965794236,40.75646191570085,0.41470248264573983,204.42359313951778,0.002049357176520696
155.60929448405778,1.0382662696210823,37.785879796077666,45.14171998348333,0.7054253475119888,212.60318975760234,0.001834039305701468
143.87342676864822,1.4290690348949457,22.095489255781004,47.050568146512965,1.5789044042633118,1107.1287839673773,0.0017982097937088103
153.44599686535767,1.0345878230226206,27.669637775624977,50.03345929113237,0.2605664166264345,130.91649379065578,0.0016362640212874927
71.31735218822075,0.8033344978931547,16.71656397869094,51.82338360844379,0.9049410325056523,87.67903332917957,0.0018207663733639163
225.43732363414034,1.9689457439348486,32.96008715033985,47.82769379710767,0.5495217442862119,1058.698148329816,0.0017434086691847416
62.206688482545346,1.988988924287252,4.898188676041487,45.155446072153694,0.6283016595065871,93.49581528720948,0.0019689217256375303
82.9905558289217,1.9885361051908037,7.458180163559648,45.30920240289932,1.4819150891215789,100.52996135423459,0.001967956535622944
199.74044233408196,1.7249776469745337,15.05003351530299,49.33036329498983,0.8943431597355987,766.6576561277424,0.0016840707104538214
232.25564992242712,1.8920453284920289,29.674154175903123,48.60586372919511,0.1958391336128024,227.6785487672408,0.0018733151430371038
126.29008848173254,0.9230698347265254,15.075594952313484,51.7776728522446,1.2811586414819967,495.8916009246966,0.0021512635847871333
147.39055807299238,1.3125088774531601,25.537003393827206,47.83070474041548,0.38725704915960013,143.26930903455758,0.001442834202987017
190.64956321077747,1.4660897898876353,26.96736606959178,41.77596323992948,2.6748044483533446,206.93133767844873,0.0018029172880156602
237.2615637094162,1.5245295018113674,32.37752432563519,47.38563307860162,1.7464501146147131,810.2037926728101,0.0018437306230264293
64.34240519968796,1.4602461637357362,19.54204845965288,50.37048871117005,0.19271189250763604,35.335293773705416,0.0016217100650879014
224.0703267646528,1.0008781844061692,18.499637849484486,44.876940887732815,0.1089347510591914,1244.388001277953,0.0019058108951403685
84.61637811284697,1.2162588121572973,24.69888341968715,51.437307963272616,0.21954677324827052,381.503991075291,0.0018127218746297334
87.13791073044881,1.281266832680835,22.576165353071502,50.87127001058178,0.3565074952703516,797.6268152912309,0.0018268063131979162
86.82742775852297,1.4678111588508858,25.611989022563275,52.52611024280219,0.2969191545407733,969.4846475814605,0.0017971159742478948
99.94696354426156,0.8137491652833813,28.91099535732223,50.15888076175611,0.4529455365645172,520.7227413695825,0.0017733627137809318
154.52217916855713,1.5427072534689152,29.003499891212027,47.10382926877046,0.1684000584937817,552.9529241370286,0.0017517066439792172
196.56939769099253,0.8603819859767214,43.31853525828662,48.14897336393492,0.36617901619158655,306.96367606651285,0.0017993961469404383
220.75736670009206,1.4740072213003426,42.058169048226574,45.53600712303337,0.5933147541076649,565.7307753482585,0.0017413716504725652
55.65563102809389,1.094133101903661,22.4679850563075,44.668574085734775,0.4731020135759222,486.8911987178727,0.0017162022260554957
188.0233147880017,1.1907559399550058,14.674125562604862,47.28508293796619,1.1867133354683626,602.2893009916212,0.001807119153066494
92.57269956609787,1.1899313007747585,29.978545956503105,48.75198097612199,0.20751420091105102,227.51106139134512,0.0017438991865146932
194.87917791184327,1.6822964287031832,14.238535654203444,50.67302049302886,2.5663263788979807,301.01950865558496,0.0017443430192554438
152.3052142496372,1.5987696252512218,27.50232646683158,48.97303388178423,0.053507491400692817,151.84969107661448,0.0017011935330681668
116.61894075267286,1.2448071191588375,16.09522274613755,44.33704906934,1.8937367384320634,1110.2577958007087,0.0017485598957432712
65.95747497716431,0.6199337099652611,11.46791719658714,45.59116137939691,1.7864631694392794,646.3532271633322,0.001773904678630769
69.95387522055685,1.0479623733355,10.814207482017139,45.603642558165156,1.048093537213352,1014.301778147789,0.001842189504432758
52.37365559012818,0.6066202570577957,27.884636122443744,52.42932796684561,2.598709375424959,303.62454533608656,0.0017210783649416956
52.2081934610486,0.9911398640489967,17.134144031249612,50.462070911305204,1.0949412621172376,429.2888273364309,0.0017702973498757348
244.72466788429458,1.2352050867925966,22.05103869203642,50.814060220403874,1.6915210466717117,232.3127650175882,0.0017795343713601598
121.72510153320196,1.7197423967774341,23.850198401947186,50.56929508218362,0.6739692630093789,100.79888240349776,0.0018983442086077337
226.31058695584088,1.5563712707924306,26.07449815941618,49.73540668721359,0.5669125363089133,1423.4347800864184,0.0019236125587117111
131.5804702331532,1.268294745267424,20.13470759716607,53.58784565255082,1.761421419706305,38.141849952986526,0.0016537326630228142
111.11525589486023,1.2047550899509227,23.977802661074026,39.99751849604345,1.3288108825259417,986.0537486512416,0.0018804651631869095
202.10372084259197,0.9529564505010293,15.586735088341634,49.04884936477676,1.0073323350111347,725.9001271243244,0.002141772577062435
82.27009185451926,1.5879969870707038,41.12362839305671,55.5341780483866,0.7016682827877393,328.1910002118282,0.0015728989851429738
71.9428685483255,1.2704148072793489,8.56892967138685,50.52947779114426,0.12975532608534862,784.2190802124667,0.001775436277829811
71.9428685483255,1.2704148072793489,8.56892967138685,50.52947779114426,0.12975532608534862,784.2190802124667,0.001775436277829811
55.077261417894455,0.97754429276001,20.138704108005324,43.731167397366015,0.12458566996658778,644.997397852218,0.0017198191978237893
103.04908149170339,1.146016906807792,16.697275546645866,47.14014108312049,0.0064599780893603445,591.2811630472386,0.0017165123433742341
121.92448456538078,1.0845033907522283,13.006636126662494,45.995864400463816,0.011598355002246137,896.8844487769296,0.001735112129462403
74.09757258550012,1.379053281846881,18.27392427750502,47.338857114117324,0.16885827031787234,414.61568634920843,0.0015484452437729906
198.59304336756088,1.488334353221215,22.266000651777734,43.14283608447142,0.1101067545532463,258.5965493928129,0.0016340274774546905
182.68467893855623,1.5738800955500287,21.09461849643566,47.604015334069096,0.10795291102823013,177.03684516543024,0.0016230629290451442
92.8178607375796,1.4234008599491885,22.78088618038189,53.83080836151358,0.4075992162851817,624.3445304778561,0.0018713621523527904
160.0566268920983,1.3473060114062714,22.02125805948996,46.903600694697396,1.0637961697440699,345.41310166511283,0.0016660309838960581
142.24846423981444,1.546269433078296,21.630640798359945,46.888152677351385,1.1669967814472275,375.1414361184031,0.0016750078781324793
170.88299863926613,1.1943497024568979,24.318129094882444,51.30225952322985,0.947672985739195,692.5173812286043,0.002012505032311745
190.34765421783337,1.0944465649016022,26.420931979874833,50.49518980406941,0.4507023140139659,348.55442700193373,0.002099806454033994
84.07534991785248,1.159070501452514,19.51160154792553,48.93993416917646,0.6156022674770937,534.7689295001343,0.0019223884141190784
62.256127026001394,1.0908711889753453,17.938793649325014,43.83688470353013,0.880294145718832,372.43328519366406,0.0018403914627426025
227.20321265313902,1.1203180566644435,26.14321199988637,51.930614809701176,0.5557484252308111,310.7965772436729,0.0017088000236660566
150.42987318509776,1.4145521037228088,20.744694495255068,46.02532708868523,1.521225424093751,61.54569816726677,0.0017312732014443779
154.32115171919344,1.2357966596965355,22.705955224952806,51.85040749772717,0.7863589417641996,1257.9768275047722,0.0018171603689847557
163.56682422401303,1.4057318084707124,35.85774758680983,57.46683486757562,1.5797120369881883,118.75473003836301,0.0015221473201356204
51.65608043774859,1.504002083121947,13.6792778756003,55.659053979019276,1.1314625650444585,227.8024601646234,0.001626640622146883
244.59753168925684,0.9046486305922254,30.298447459949767,43.85935903547965,0.4543270756587147,537.6057531789572,0.0017858395735934963
61.890001842959606,1.4261957713790143,19.749009807653028,53.497924444724795,1.5687168601943275,185.2961550041565,0.001929807080265664
217.96913480647842,0.8024166157093265,27.642973408661263,47.0493670954237,0.38344593116537873,553.6314706763775,0.0017271318952671818
70.47699753540593,1.5620627514205658,32.94241892184008,54.20763314564172,0.35653381400552386,236.9029452643432,0.001788811404269752
68.95847286630843,1.5350378948980168,25.807678841712733,53.27909980224832,0.3892012179971068,163.57358520396568,0.0017111753507961995
79.52972274305169,1.5805901294642406,12.959122428099132,52.110070306076736,0.31066057169148664,852.5071751611201,0.0017656952905917215
119.29335210295952,1.4965603945727421,14.855880506170665,54.08573488694159,1.3673623914391748,773.8271693947155,0.0017149180280185458
101.63411949408776,1.3558273057835046,18.27453661612916,46.73377523943293,1.4221821872325118,303.90960741712956,0.0015423574868870895
133.8422996481116,1.4418944437052963,27.65364679043307,56.24984134899262,1.4524287027693086,734.4913043253066,0.0019417115817753922
129.0918859424477,1.0962294547575318,15.125403677084021,40.95499220476191,0.3489290154506436,399.0875182917069,0.0017601880936080267
109.76549179185538,1.459362618440182,34.80192306713575,57.54927695824127,2.16477863198087,1109.1051374967049,0.0016851895259220558
133.84973317222457,1.3242805994875508,7.2104572835757175,42.53051187523511,0.33318302326275095,42.85503023504783,0.0018863181380229799
147.05560312160253,1.9528353862051957,16.56070954604958,48.479575887339465,0.1750800250743013,1180.0712920778371,0.0017453882690828208
177.42294075125216,1.3292633093569335,20.277373984555126,49.76799287411858,0.49707184153997763,73.68108734339553,0.0016234816158280211
131.116549826271,1.1203754722731063,21.911721864979214,48.46806162609918,0.482191320866596,207.05912001846076,0.0018949666681415793
82.08539246060097,1.1159687106500786,36.291146694309504,48.72867692734725,0.8868412365841518,153.0697267254979,0.0017809893056168287
89.40096814680793,1.3404556932752882,23.967605258358212,58.607589379050836,1.2008096310450787,1088.995648621819,0.0019277361482992524
100.31385250192372,1.8927733185472893,24.243416059205273,56.057460618454556,0.818832412432427,115.8456605214246,0.001865659531450805
190.6868808750355,1.5206263936505895,31.52219777878767,53.143398074323855,1.020455808254983,148.78616647225115,0.0019430496276646037
102.14804684304134,1.4442928923952627,14.207088158642451,46.88761688762401,0.7338200432804579,1095.5872201641525,0.0016296468609562772
71.8517522884902,1.61708889058707,12.241845129058081,44.35138146488275,1.146561137840019,581.0308935125001,0.0016638018393506278
152.36167530978838,1.554597366093901,18.430833983694303,40.782920651774646,0.28969082938085544,780.0670771442176,0.0017289090433444587
170.45122278354444,0.8355091548163059,16.36371192712698,45.83435426833789,0.26886494708724545,624.5123406521673,0.0015715722812459304
113.95039089298758,1.6582572705577885,34.327464169988346,47.15647009773128,1.0160874140850686,436.0235035562283,0.0017981173906783563
150.39480312688022,1.7634241657168521,30.180243190647175,45.79271151873399,0.8233944856770276,495.2103218020654,0.0018764829772852315
106.49620396719635,1.984631721209459,17.500778983930353,53.02551019599878,0.7261015048973981,418.59306485346315,0.00170548585948054
186.39532611767856,1.9943120701346897,20.429078114089748,50.955825462525425,0.3118511660382645,738.956909841548,0.0016896277759048102
125.05501625158672,1.9783012601778491,16.031667419013942,50.79663303810974,0.17240266632614545,548.3628326700934,0.0016335357408875674
173.394737854378,1.7800149422925353,24.356989497695352,50.61424337992507,1.5225618915146064,470.61525167894195,0.001914245666785328
218.48288575904283,0.8762325581565708,16.375113065691373,39.8731383390879,1.5278227822935877,427.5866284697484,0.0018074080927924258
127.51731764124729,1.853952105232723,25.37390537194578,50.0758334178358,0.989188233320624,141.4423023123376,0.001590033451841967
166.9066787512563,1.503330855113379,22.124296236589583,48.11173809928476,1.1024961537389992,612.1679170520869,0.0017551801103801432
115.59444019103746,1.8827541787140225,21.08348414089316,49.466699372890965,0.6954146306866983,577.1366878230156,0.001839079655570667
163.91184825155077,0.9792443648076181,29.55783531274021,49.12600090207729,0.1735335798944575,206.20862403902618,0.002044634682860552
199.0804277556943,1.1740116263388372,26.371761925024746,47.09702379542068,0.20098992000412128,526.5046061710271,0.0018775106716258086
121.59152950778248,0.9616319300549255,30.76765178576686,52.56524717187444,1.699567073498503,454.12144330593713,0.0017067909065442749
193.0103396370636,1.571484603660114,23.395992143541164,47.586809703820094,0.7820446449879175,838.2558506889862,0.0019256638271182135
101.18858380694932,1.2356531989621173,33.51161240113038,47.987581873918046,0.28871198145570415,248.76508493127315,0.0016290216963161085
194.5874043631891,1.0847321891555415,23.392678598837403,47.773204619832086,1.9058691990140613,623.8845554149183,0.0017229544811434372
151.3691222721268,1.34895057156332,33.017729423888156,51.00684627956194,0.5966043214615251,136.24608151374622,0.0019743678182206777
141.66055631300628,1.5779379496720247,15.60541380321486,49.96651307831399,0.6229770328190107,136.08598823469515,0.0015429173286645797
154.9643667166992,1.704487459824919,20.80495737493219,48.43875305448597,1.960228137187897,311.05854456002567,0.001841794426471758
143.0498821242604,1.6320002541974608,21.76249479249676,49.01161797101138,1.4573881754881453,358.92568213178697,0.0018147698270537514
136.9588148648093,1.8592061595061171,25.92231989953974,52.06999412374668,1.014601161737875,639.1017411985487,0.001812613012469833
129.87917412509572,1.8884410693719937,27.981978340642954,49.76162642341954,0.8057029049453535,486.4754239970707,0.0019144100966620118
179.7328680288659,1.8607286342581615,16.327100927896204,44.43757809679508,0.19024636128627076,264.67719815207175,0.0018011561820723433
221.63194178514794,1.9545015824358243,31.728525701727794,49.625340802020915,0.2012268433759946,193.3090981705892,0.0016660644550262039
228.44877889519003,1.9597286766179614,28.100796320447945,49.657271175453815,0.18157784426763854,281.88523612036056,0.0016426446964658019
212.7983890373295,1.9122276518889252,24.49228396329453,47.00506147744626,0.5179584714475205,343.43333027642234,0.0017959176326306694
76.09964846175015,0.606356263164119,12.541942204935616,50.19799310209767,1.6196989556256185,340.64369592639645,0.0017065423265395575
189.3781428387961,1.8155952680985556,17.92343476165589,41.52869464930438,0.48901485024945857,835.0668884230091,0.0016393356901915756
90.67946862853631,1.9756888509429382,35.832347177755416,48.875281935784116,1.4327727922892,121.56544509248988,0.0017163404643636933
122.36069436283725,1.9753650255164765,23.42016285690458,46.46414154286421,0.875016899159633,59.43899592535773,0.0018042559135480823
61.103008547416074,1.9256482174688132,23.05493494107995,45.19413439061757,0.2218752656155488,35.48811923692392,0.0018101829752014732
71.91947095957245,1.0457852541692336,33.58336480394099,45.38961739929324,0.7375213351195208,35.392017829977156,0.001777960045995797
104.98893284518003,0.5330894993437165,42.71710690591452,47.47284860462932,1.9999272772007635,141.6255827763726,0.0015934051537251808
114.76657943416949,0.9368892767998774,7.824719955130231,43.407867280139655,1.2487415983053012,112.52561741391219,0.0019628525997336926
170.124100562486,1.3839234411209282,27.653907158820456,34.206961302586,1.2111525909025254,77.12123368978165,0.0019385428016702431
72.94868235026127,1.3452114111599123,21.96469608332754,49.757867402088955,1.8955736122739895,69.48576813117377,0.0017069549410365825
71.13536477919757,1.1180630649637404,14.515442956622005,35.29920686048835,0.5796531944240357,159.0165131822224,0.0017820097482953508
123.70091735930305,1.285662797588639,14.5985317584511,49.56142093712477,1.6967760277990305,128.9972731231094,0.0017519619418123926
117.51020529565663,0.6961031173517467,28.930485803715694,52.84307605432065,1.6744742253428941,167.85611205234852,0.001799666069978437
156.83235408009517,1.7711870471735849,25.008845144630698,41.1609319066135,0.7423424868729639,735.6088011171184,0.0017262826951392402
124.10711642414589,1.7527451768695583,21.014382211056905,38.00522807280002,0.28295193226674353,898.5590492072691,0.0017988096224059794
85.66663781741404,1.7970132242719472,23.143747961107543,52.00243823989268,2.507525139823252,203.9271030089422,0.0018455460880000018
70.6862903058391,1.811283066049695,29.31285051140001,51.8267988096661,0.7564950379039072,222.6832393917677,0.0018124581195465227
64.603270204344,1.4819772424671502,23.20120506068696,51.04554415715846,1.5494409997384604,253.67023923456247,0.0017450725393202019
221.94196180476496,1.9179086399789496,24.684505495864368,44.05062076442391,0.4463723288523132,66.94391867524509,0.0018067759422168033
76.34252210216383,1.5417247033996226,25.71202720909761,40.00467165480663,1.1261153542400981,1040.0032470811161,0.0016826703098977935
133.52436639909533,1.9805704424712742,22.21169533577445,51.32828030090909,0.05176187141705526,444.48050225685,0.0017949433805472073
162.6097195463714,1.7118031527403268,37.00513541256564,52.58107162217735,1.1800625365556283,498.23994945984794,0.0017975987766351582
100.00146621564907,0.8844893345205249,14.57929382523741,52.98693103391497,1.3015072077118048,679.260658051992,0.0017307482797169847
135.39898977180766,1.4930312326493838,28.08041977332094,49.27341121038676,0.19075360281831544,173.17584884489202,0.001766262528644657
145.01978175320718,1.1893857519770437,25.698622428519474,49.00561750149441,2.0773637777395852,170.49072758950757,0.0016891064451995262
150.31910485777962,1.2914529549296128,18.980862899310548,49.01619512525344,0.2828749958677105,283.3803910343045,0.0018418981708379716
165.76827750095194,1.3242853306011182,20.720905069459857,49.750732618466216,0.5622399781372998,570.7999238622247,0.0018916317822267321
86.31419885696013,1.003281283452976,39.73800099895319,45.47529614960333,0.4067954704675896,571.2042088202817,0.0017108259024797012
199.5370847009621,1.574543034571636,10.364918847386214,48.96135458013205,0.4960039322160878,633.9375393920086,0.0017414039293947592
210.06631278085678,1.5582466717671652,19.571799461085078,48.41889180311408,0.5585700662991104,481.5999570613751,0.0016713626903041585
91.40694979353047,1.618846839550753,14.14022856580836,46.88062227802084,0.24851637837636367,1176.3659699080795,0.001664723105498713
52.230876282089824,0.9940986934595712,34.12827906252311,53.81378857370032,0.8639550332611526,217.30140852407348,0.0018653355256240379
51.04969884512113,0.8895835441703261,40.00888501335673,54.00470803621766,1.8020674826532224,96.4613324030022,0.001862214712223058
50.97806465374554,0.9410913462362162,37.93461110521784,54.202005464280326,2.048243080362037,57.45076255528782,0.00185758945308299
230.7010358887216,1.8699652135023483,26.039804745142604,42.58974297193806,0.6322747402041548,2.396020473315418,0.0017951325130636292
60.66196443889221,0.7944354037376352,15.851548805839643,54.87164583788277,1.9169582419970272,0.08129185030411902,0.0018021432731825681
116.34425320773683,1.7547631148250424,22.96342109191513,58.56009378541633,1.3261269913252138,0.1611000081984816,0.0018723553506033608
96.24598330529082,0.8038470337136686,13.851304978264917,45.523093370654976,0.7269679737308344,0.005162873758083248,0.0019814652105194595
181.8596453638292,1.4190633067316616,28.252137779266977,52.646646612374155,1.0933229747896167,0.18605519889794153,0.001679879585094519
231.49087553898906,1.2757981818591453,36.07770043112548,42.580573361648746,1.1207172426095098,3.544578154759471,0.0018006592287551106
93.14142582061378,1.1126312204709143,33.976359045618096,44.19190806730965,1.48131924948157,9.506398220737221,0.0017232035004336487
171.52633006778836,1.1342552134976995,38.79003091296899,40.12536013856671,0.16402451359975154,189.33527587597212,0.0018468914615042465
94.43705690880483,1.406969316547916,10.637494594005261,55.62855497800941,2.9892835914115135,792.726911838152,0.0020092273131506653
220.83997139653263,1.0736944651818183,35.924392878795594,47.50062812626222,0.6992603205500405,433.7918825322115,0.0015439301303029548
70.770744717605,1.3561226334808596,13.687789742692683,46.464104733691556,1.9747616657354987,392.89369088753557,0.0021052092884533266
90.58301805731597,0.8720418683194273,15.262541448830422,44.12554696624137,1.1037789177807409,456.2426764791995,0.001860479737743653
95.386137043503,1.3363111515051391,15.368172830894936,43.240280486453834,1.3240140129460936,356.34994647075456,0.0017481237224151894
142.1216678858862,1.6043041006953336,15.06619346821527,38.59019022250445,1.2460347102284182,788.428239094596,0.001795146221694534
88.15140509740328,0.7526619412445854,29.84903498283925,49.57261683184345,1.020025830754376,215.89255293623594,0.0017054598133517678
79.45966477934313,0.7912547046774894,28.173187363319112,49.8689693722311,1.2127132915211678,196.70959674748178,0.001729420622217292
69.19289816261863,0.5829848006787598,23.20275282584342,49.18014766519227,1.013243639722881,166.0117152497619,0.0017691586629737968
116.71858754750795,1.4082075502747813,46.53602972245859,48.29409739202213,1.544076105815859,35.280002235576525,0.001863576158553663
130.96459795767782,1.7162021865386943,3.2147719832481427,47.60086395099767,1.659554028810677,255.95227545324917,0.0017202993398358925
121.82095828296745,1.7315366455961996,32.573762265181195,43.47145085254413,0.6671375501294051,116.43779007603388,0.0018088924826978412
164.2220398576142,0.4531890804636495,26.910575391672893,43.1947067548865,2.1374848310311387,595.1726558367451,0.0020682421450261335
121.07111234475974,1.9944793916825736,16.280826487316595,51.34859178501538,0.3204360413076568,257.70379205313037,0.001587040316643544
182.43910071766163,1.779550757479568,35.095158559542654,45.653008752451846,0.8785504982385112,1104.382157197183,0.0019517333902909309
157.55772918637643,1.3976150351122698,38.953817175355745,52.16717535506783,0.9390363059727119,644.2459543807054,0.001961433452719086
133.95329106254627,1.2463450873883022,32.00675349767268,48.93137987684662,0.5790099739160145,398.03053972021655,0.0019371187227716184
181.78819371906764,1.6137729398854572,25.780609802547627,53.229860483257355,0.4477204184817448,263.05378446208175,0.0017566242451627126
243.50757453514007,1.784817007258876,24.67162033751003,50.73634476227746,0.48489929042879193,4.078003271963505,0.0017133947883829737
162.72829175807277,1.1337788496989216,14.513057619692843,47.95504990255234,1.1104619294430176,3.1007947569951355,0.0017540229482056117
108.9170679211834,1.4932045374531822,11.811599515291576,52.11930574275789,1.386118268454338,7.311307234080669,0.0016265428992788997
103.11636930820097,1.4303442873157424,9.63270986347718,51.06561349499429,0.5699152868018952,6.524418523908277,0.0017210760584168829
162.35210998804823,1.577870728312522,14.090301645361533,46.169259272006705,1.3383307523953965,637.5129154808866,0.0018480750846037739
115.45588081353765,1.6698123316150897,12.467129670663347,46.048192115452714,1.0684867298072618,774.1209498833923,0.001924025535643757
93.23585885035494,0.921490842812007,24.74519691385423,40.51587982235922,1.5070399083308266,183.25965998532956,0.001691257784485382
193.08775205667027,1.3077131829383817,29.993649867706633,53.00700066898449,0.6602239694662083,811.926404773339,0.0018777073113931376
193.3809881815386,1.41397702472909,17.493979018006026,51.74161827728444,0.9974532694457202,893.7046110173751,0.001889760284318374
59.06170643206722,0.8617977025775465,28.378544046299165,41.60857464106178,0.604491065941958,50.947692289259294,0.001699670688698078
167.35077208006157,0.8928416221544744,25.549125293889997,47.29027648410929,1.421043938417747,39.832952620686186,0.0017153103727285857
147.71389269818738,1.3575653593908523,15.851106353237387,47.717215525089614,0.7365043421211507,844.6679934201774,0.0018568648732457443
82.33828019072527,1.2784827133442334,14.900155279152386,53.10055283635401,2.15819192336474,192.66755491930343,0.0018324898309262853
120.20610362512517,1.441269084210011,32.87380648406847,55.20061873933331,0.9696411571969419,390.9091038130685,0.001636150022356606
62.58396153124193,1.167656406088284,5.162197809977574,47.48003742394017,0.9267373634243936,704.919404944938,0.0017046101198135491
163.5071804206674,1.131376482863358,34.18357779763794,46.01134898873791,1.0736697630622298,227.323318954632,0.0017318843907984398
132.2124303781721,1.4479594933612658,25.675171490598263,47.8232162578507,0.443960095268442,302.87153097120535,0.00178373856892185
177.53009217645575,0.8912798296624298,26.27806069125862,51.43631284607939,1.6890399082905516,1034.7891192156887,0.0016131564328992491
95.88404481229986,1.878106900632974,24.431927476912485,47.37919228998592,0.731967886042385,106.69994387574215,0.0019687847880720355
196.17670538393165,1.2317890982599213,17.80918518476424,42.50560095307686,0.8314274913469097,136.26915549776288,0.0016820436905117088
87.82264083443422,1.2744159981555323,17.079530457048737,50.024095936157835,1.6757470171583269,597.9378045013668,0.0015855743875592201
70.65533497796635,0.7166512425898007,21.536182328240127,47.22042283335597,0.7094295321244936,575.3445092580918,0.0015968609962716312
78.9662414285938,1.3300358435080673,20.680629158278204,49.37679032800919,0.6876485526849372,423.72832655601684,0.0016182327859339647
162.30244438308011,1.3832332152819744,24.796471942597595,48.507369052382046,0.45186141214295683,400.00000725011546,0.0018987295426536957
135.07785503651547,1.7035761792949211,27.369344859651,51.81193964727858,1.134926394352974,286.9043025377129,0.0019060929653915465
203.16603527169107,1.9707551843099986,13.227888538287441,48.054721804494285,1.7270824591351916,122.13063199687512,0.0018676716909614775
214.54615137658757,1.9654648206533982,13.315918974839677,47.147241278307725,2.4972379340399256,156.73432608208375,0.0018854991116282653
197.06402931180222,1.4098608502554235,20.063806811495006,48.370729066213435,1.6288908565938127,233.20896565773654,0.0017004946934334752
231.48919012650703,0.8522219902932953,27.1372750345645,44.490034810938255,0.6663319027880964,1031.8519355029564,0.001851884402370228
64.05166856521498,1.965785787101745,32.76671295157449,45.788413315228446,1.4110863742896906,713.8228009047598,0.0017448694082500393
107.27928490891905,1.3582180894465556,21.122971928979347,49.33193005537988,0.5268778837586675,292.3760349420354,0.0018596857774585691
120.64552891914356,1.3150124845968816,15.678065066321667,40.43037002927367,1.0389963021821487,459.9038847381324,0.001677125623458091
108.5744033990629,1.2242853153510005,29.013240261130314,55.23441229663511,0.47575425274344707,509.51710521320507,0.0020518265997313176
73.2187940409419,1.061912771770849,33.21706753775828,47.596374013111465,0.6118323768454472,563.1438648336292,0.002021436016422227
93.6762679555977,0.6446654948659487,33.769660234818566,51.648737740969594,2.3244703579368924,282.14470023507243,0.0019793132438184965
186.65739290314968,1.8920973171834141,22.52820900126977,45.850739195764135,0.19509580493234505,684.3039729781053,0.0017151871117173602
92.93632747914826,1.8738219175088526,26.40207243991206,45.947620872769214,0.2334333614277639,537.2728967902672,0.0015911398002368621
108.51039360695634,1.7183403684390866,22.579409926966157,46.50319928724707,0.25359893098503883,540.6119438231154,0.0016392740182479386
128.41571841457227,0.7491294628197387,29.871039421517754,50.271847089417626,1.8343694107416348,385.66682504554876,0.0018544893353081332
55.436860046430766,1.6796613835595688,15.527162744406937,52.835661025299615,0.08212513846661286,614.2844437060343,0.0018001972233990017
53.37843570835226,1.5663147419411525,16.79477679728602,53.058106284026834,0.09908924115798168,434.7027907639414,0.0017340333281937667
178.09318822168044,0.5763733075945624,29.151531246022223,44.127440311840665,3.024260315874472,458.03042799299163,0.001926229505558796
121.44561667033445,0.7071238671289228,29.70336986894931,48.09769643988118,1.5806157015394184,659.5870403394946,0.0018883978001425132
163.07059066853827,1.6898607758721962,17.683769312703802,43.71013401138339,0.3575428216903309,224.36710857989942,0.0017303222457964087
103.01965616125257,1.8441269635002624,9.909778397748285,42.282631089560724,0.8335466106669345,936.3377526836775,0.0018493029706375052
100.81384141011313,1.9405337124894593,12.715836852609986,40.98188430988575,1.3207493192998694,403.6679554482844,0.0018563028519004278
202.94125670418543,1.0108214702026974,31.448606281343753,51.605322209847,1.0582782007095521,276.15845724478646,0.0017010101617782286
115.72504623197906,1.4923117519549627,26.04074150043746,47.9990681605993,0.9572086791990121,762.6266079509717,0.0014394493931132164
133.42485256859172,1.6636154386287356,21.54933766123515,48.07336886023562,0.20234314972090794,314.71417989417614,0.00219113792183413
140.72532941431476,1.5037096225878743,25.53079186859432,50.73103471501399,1.2690974801821389,854.5032866017142,0.0014960806999761767
138.5549341137397,0.9851715438391073,26.2708651681962,49.88635225834661,0.7443381752863666,240.73237103550088,0.0017896993368122797
233.0711860162743,1.911228070490692,14.858082648741936,45.76681105548974,1.5334715306966433,766.4618961995335,0.0020057551111263153
219.21947498437692,1.9115750356581278,15.498208983366544,45.82429979960682,1.256976210667486,975.3326214390313,0.001975245798198589
180.77862965067547,1.8798748065568285,23.910966917619866,43.767185588435126,0.5642955123574641,538.2771650496754,0.0019647765535911544
161.85288914999475,1.9180243846498226,24.761709363846514,43.69299762283742,1.1959420762490418,393.06882930987405,0.001957928893292141
149.21376941532458,1.4008375795833723,17.96015319423061,52.60441856685271,1.032558938532371,958.8595510404537,0.001716217081692454
183.86006375108968,1.0554692087876665,25.326121636912056,47.07842897341655,1.7318703362916752,345.5043230293707,0.001831777884915378
181.070966396613,0.7434977805211064,23.90732616671251,44.65474980798646,1.351370712721853,1016.402746667665,0.0019500253827546
209.44303321845774,1.3558657149512947,16.58584130508383,46.30217665680752,1.2247924533707748,379.21279459707887,0.001885730911496502
174.45300091377712,1.936856767691475,25.91527730607,47.64213070811998,0.9166279129404096,1184.8735876387668,0.0018052115612106564
81.52830256738284,0.9598696074296149,23.80043360792928,41.966168198582665,1.3947391851428987,95.26611026803293,0.0016993426749567398
84.5274133611602,0.9948578774033542,18.72830073273053,42.09656003336444,1.4371231648584335,104.31360308729437,0.0017568618587301982
121.81863531266853,1.6405182087263563,11.880930651928999,47.72358933590839,0.8506568680005817,1177.0908369339843,0.0018206054535370322
120.5365539039388,1.4541073775366287,10.99269817148461,49.42001630568115,0.7417114329119056,627.31947421166,0.0017976933860160316
123.62781949517704,1.177882942174685,22.342308587058017,52.193889787990635,0.5553878962259957,578.3151008299865,0.0015230299427048365
176.63916796880144,1.4534840537648017,22.06525490221772,50.31041071098426,0.7532916681816132,301.6279057990019,0.0016756371595915182
135.02672690172813,1.8140225549122824,22.956145835544515,51.81582689734019,1.8438402078539626,866.2686188695869,0.0018563854126642865
57.2003646219497,0.9964338202430509,21.67578757476057,55.358841413673616,0.6334905555420172,309.8041068690479,0.0017539518420384105
94.65606976404116,1.4686756275452202,23.194727230597977,42.26597582637506,0.14139684901579902,444.6925830618584,0.0017970152427123512
209.186694833759,1.0029764396745589,26.659457257237218,53.98232124344581,2.7619206348399916,404.6326225550708,0.0018669619055542014
162.98748431043288,1.6741255006503772,23.1420113777831,53.64610696609102,0.6686915083661156,818.2727724718758,0.0019468016432351541
60.98688257996362,1.8459049495185693,29.893561016825675,44.982232982494644,0.14472605468062616,393.88398003411555,0.00170934618075905
75.82830173586021,1.6796912662768713,21.179051253811732,43.499383651901624,0.017199899307115532,768.049529297477,0.0017374612071008326
91.76128978480656,1.570536329065386,15.267101306815414,43.02407291769215,0.042026202675318536,298.2848738896738,0.001821250412208644
99.76167437938793,1.486060360517063,18.002940519832112,47.79508469144301,0.695838061230664,956.9133571475894,0.001971696513247781
80.67907005840917,1.5067792607429544,24.290103455626785,51.33435650216815,1.329522069495159,1169.50399841851,0.0018757568419812331
75.81366372687725,1.3665507440535902,23.988229332247283,52.34418500489087,1.550164984667658,869.7483224325337,0.0018431058584937154
75.02442429160544,1.1483636001563464,21.631709259330005,55.79963335509744,0.7266121921527633,1215.8529247243719,0.0019048804820211754
106.01347044608492,1.260706222818317,25.56203801914038,57.20722738065329,1.8753737300009024,382.4552115638171,0.001742323000132484
100.24493863397028,1.1773484268263474,26.043998836168253,58.28446957919837,1.8170831473329727,331.7154767693275,0.0016734313665464264
94.06605354981082,0.9558777262736665,27.75795901307952,57.80646159254043,3.6359969537184837,551.4663879819764,0.0016457137243010116
156.27185962665033,1.7463334305647875,22.264351448732988,35.96723694455954,0.9275983448795792,576.0948068073899,0.002109882109214709
192.57104534376506,1.122870334243752,15.928771098156188,48.716660803127816,1.6191664885314905,209.09418780044857,0.001967068658037136
53.781278628156144,1.7041918254862163,15.957466126532069,48.035851469397336,0.24141578678236444,184.2536078061349,0.001628111407804493
51.66557407965359,1.1461559200568034,12.94685973767367,46.94186531799501,0.3225964655968264,60.384804781357516,0.0015452454134864304
52.051236966797205,1.4166599003756197,13.625249967094685,51.08464859567858,0.41864131916592906,160.8636851225021,0.001846809332918211
208.98529595082124,1.8895748555476706,42.49973433249675,43.833949717094285,0.6488367781288628,10.335433748031296,0.0016340256678159175
57.530357368259835,0.38296574190498894,31.864775891863246,43.107408220686146,2.082759597258398,251.58975649486038,0.001890988958550818
119.1777593774428,1.7661851062423204,8.221573563431129,47.25755231025263,0.4558578491382595,384.38917164539583,0.0018591189588073017
81.90766708157079,0.5804112887775118,30.585587593347434,48.11068612339833,0.5804173413210556,136.2865401359479,0.0016806054333361443
181.26073718044415,1.604478427071646,31.905188218309032,49.62231753685032,1.5695217497945062,395.1214262050336,0.0017093347166259754
140.03833761197268,1.5117521855818414,30.427492160499376,43.1611711750291,0.668521661612734,668.5931619697748,0.0015972040151370586
131.7060533463411,1.152118355313327,32.099971383046345,47.45078824181845,0.8018526059179519,318.8300947688553,0.0019016310124204232
212.21182158190774,1.8516702644102776,13.650154189768813,49.544191687472704,1.2534045315226876,574.4066006530943,0.002012980290488572
187.46658421984742,1.601157675607742,22.91409938516778,45.87363942378673,1.7486649136740438,481.4910826343989,0.0016286445429807813
123.2333545076169,0.6855101408923181,36.258139391633556,53.27877860666293,0.8713912902368692,655.7741350826868,0.0019257938451984905
246.9243553121598,1.8608399562372953,11.664615122363497,44.97186578833665,1.2283937818215214,53.44419728335915,0.0017032653197911868
245.74333288225606,1.9097565437050543,17.946851764221318,49.41804736834105,2.2436637142279676,39.855617845686375,0.0016656505997021723
111.61095629339125,0.8583591596082117,15.748763296823482,42.82874548484879,0.6887004133023901,28.14741302336417,0.0020376409205366186
162.43751714697754,1.6757841156053335,34.28288677402433,44.57374275424432,2.034755464975618,147.45225904561306,0.0016636067366367258
94.75797442257203,1.2515467524373125,40.441255274247304,52.214498253009374,0.21467426978022877,159.9022664671823,0.0018573723834561114
94.75797442257203,1.2515467524373125,40.441255274247304,52.214498253009374,0.21467426978022877,159.9022664671823,0.0018573723834561114
97.66993892634665,1.4132727648695724,37.94870735295641,54.335138414987014,0.2982157793165445,137.3321122906869,0.0018940996853296455
95.07252091198194,1.5827684846676582,34.93338677712638,52.32455117297556,0.3568733474817983,135.8899033134966,0.0019456715134471563
91.4238596903488,1.4664682007517507,35.29284215730021,51.73878481320913,0.29122913276073276,113.61911862536445,0.0018520081823763604
108.2412135285998,1.4476721332577709,29.47009377425085,46.306847351235255,0.5427742919788733,134.63388461090315,0.0018252314436090682
113.06586254709129,0.9099073734761097,22.18432176171648,49.88727403152314,0.6036126402208001,1177.543051682297,0.0021536531592516485
168.97212193630523,1.9066307375291962,25.65630066638728,40.510172249074905,1.5094360418522907,69.50398091939107,0.001584593595143828
112.9430071962476,1.2139035677492513,26.718724153290836,50.21606847020749,0.7093813155003088,219.38185624858315,0.0017722907283367823
168.7898276529965,1.399381447887907,15.726406539091423,49.87412722183916,1.3288106288826347,778.2264338266045,0.0018056462143035785
196.5466529196899,0.9919608074732887,19.509299156129796,42.14759164002871,0.5292348206062322,365.9831824899668,0.0018452298709728556
70.79554897979081,1.0997286817554162,18.704363926398752,57.33219350079732,1.5862271684059936,433.8042555019988,0.0018150873345166346
164.351761027042,1.899678382190424,30.33938986319975,52.75276281955538,0.7389357645591037,635.7859991293404,0.001866596142914883
101.07472712710486,1.4771873024924673,32.53776067112717,52.24733447160982,0.6145331590095913,1043.703275156107,0.001914231406837555
110.44942583212607,1.7327854643447285,12.846148075502414,42.8090398390087,2.6834845529660707,345.9335467807644,0.0016912932556460525
121.77826740222405,1.381652171444148,14.031668237754669,36.74506145609721,0.552547557574695,143.95481997323398,0.0017006366337887317
85.32318607998008,1.0477024898112128,28.64460266265889,54.63520002444433,1.8788234796781451,265.888186724947,0.001827135173874153
104.73232924341424,0.7486734941909322,30.783705091673326,55.499844304390066,2.2933604085284154,644.7953655692485,0.0018214779541694107
148.07222717681557,1.3983043643116106,22.460830707213468,52.573012956705774,0.6491540737692184,623.3499654458183,0.0019005221167196658
96.49229064589429,1.3183086562821758,23.017750275566286,44.073084867257194,1.69781900503065,242.4761735616065,0.0016755707920726834
177.02840982739463,1.652030949501415,24.76673985545512,46.801990359105595,0.6538718977491297,708.0153533030275,0.0018852808086683227
138.67592204130082,0.9661553082198066,11.557116806987807,47.672249185694014,1.3674235508332706,221.21820634880004,0.0017795137704758174
137.57970668995742,1.4241677617559185,10.42851646125034,46.82763350975364,1.3999144460776,277.1163582631894,0.0018345213959099597
215.87110105136077,1.7075055581300105,11.836373819913442,45.36385241242776,0.7913278224654136,1114.584816790146,0.0018092638444107704
245.97529034393344,1.1694034885899067,16.53038644532085,50.67057549042309,1.3338249348661435,195.61467494086256,0.0017944059943958812
122.95160286075321,1.8204733355502691,33.363478120441826,44.18145130245016,1.3376432996156484,558.9409132009073,0.0017468144710644446
112.49753755360149,1.8796366906037303,24.13050127304642,46.904507294590644,1.1583170610444378,301.42259898802314,0.001709361831570521
183.34020366162267,1.3445388608943092,17.759377045028497,49.085245942243816,0.9479716078271332,68.56981139706438,0.0016351724629833449
168.0180898827045,1.5226984700952173,7.446411768135977,48.66509406466766,1.6603693337643726,256.750999865764,0.0016438433513525745
106.82976420226763,1.331898432612581,20.52541557509628,51.10598727827977,0.46202545017238156,415.67352941461047,0.0018253530973821783
175.94320581714163,1.0404906174250936,31.575888175542794,40.9975736858293,1.9108054243836756,526.6719774404063,0.0018795957140240879
129.0739957217658,1.3486108495703037,24.620977790324527,48.391035806208265,0.44139765222087207,419.012836587221,0.0017659851215168251
143.46619217123032,1.174411202737765,25.094520409007377,48.34992751564798,0.29238797461186206,540.5853839899273,0.0018840813660973422
138.9787687339882,1.8899849634614825,17.20453938196126,50.940826426262014,1.4439585257266792,230.8542718937263,0.0016758951196634772
147.15617270317716,1.302160175961135,16.280286825518214,53.988981438400536,2.1469971780726795,156.54584625048773,0.0018673529266783975
119.79522102994198,1.4258696868168261,33.92990717406972,48.95783872270557,0.2065024241347271,269.9518087784384,0.00180087204074697
57.61261772911636,0.7216682305420065,18.41698794146073,52.101496958067045,1.6337652011415755,399.23320208961655,0.0019021665251286225
54.39146738179071,1.2381071823932617,23.561915618196398,55.40092564170632,2.4919831455158543,569.4883941978836,0.0019900876091814806
52.03190822206065,1.106142210647036,21.421580424570905,54.47504452776374,1.9759424493205773,619.2720623791741,0.0020089887383115033
63.581728339985865,1.711303128508002,23.132392060754853,55.089206432860415,0.4038114658691218,405.11392316998456,0.0018443873383558824
62.314420817614675,1.2446315005624546,16.21265412906913,56.78845961216054,2.3094403617432597,827.2800607508253,0.001958968007200953
226.3120283764854,1.9774678078985126,30.239415344597266,42.59300695990357,0.353039193235729,657.3171960852628,0.0016194038324330506
116.43218352616354,1.3756050543048575,36.85920168530985,45.737540832611955,0.03447471539699889,56.60186614474355,0.0019224428142509812
160.62517973811688,0.9472021664513868,46.20130783570042,49.87509361809433,0.3363148202807525,899.8852353968275,0.0017418525123229392
136.740756514763,1.71905802066264,38.95607543863865,56.06374164053734,2.511771711083909,194.36803373906727,0.001835428319178335
143.3945585866102,1.7434114473207525,36.988774966648904,56.04082545204414,2.5260083025528135,245.5424114441546,0.0018412515168185356
159.45788506197448,1.8658520308349589,13.648422142616507,46.036193086663424,0.566116746462298,290.96588450101586,0.0019017252688074697
105.68800151218073,1.907635719044114,19.558152251025607,48.23279094111858,0.33700230458700414,951.8713719355276,0.0015522032799093833
94.39757873185742,1.8071646737309386,20.241412407122734,48.0292033560834,0.48101173621961996,132.4106600991387,0.0015411529020039941
108.48098749886623,1.7502619881510089,21.463233088480706,49.16952638233539,0.2714620586894783,123.89368758668097,0.001568943084363507
87.63599092753884,1.724859010190861,23.042995370388077,50.67663597088177,0.1723699226238905,88.41076773099547,0.0015293346912564133
197.48627451188094,1.0735700254561238,20.730237574391982,47.759261733271444,2.327610494452397,1194.1576549195233,0.001883626275286675
220.966764648986,1.4717391868073821,15.684121592246376,46.67076053695123,0.774762552488799,206.41242712649915,0.0017797289584744183
203.12621661987416,1.0045951732371299,19.972874863186373,49.68665095656629,1.0031567353990332,178.38092061291877,0.0018072689103831839
107.7337338343319,1.3736047908011237,23.13410996466049,51.558072845377616,0.41479200399475,923.3265272507576,0.0017080608209763277
192.72723998474805,1.274286313363926,23.532515310293597,40.95703879236737,1.292950790065108,199.90366995677545,0.0019836479219163742
124.60573775338904,0.7843219463204985,25.885143916578652,37.75615264133335,0.19304105416223932,374.31235535862413,0.0017403981731967607
124.71107995465964,1.8280855896191768,17.588399915343764,59.07734516010849,2.211722572023951,628.0641286369516,0.0016908791707581218
109.48273682986893,1.4483797749263962,16.626441337543927,56.925743431279194,1.8126452695266728,575.9310554894738,0.001573166618804508
90.01906019025732,1.755242725500964,12.221273332765891,61.16463236794718,2.004782413139881,976.4237644512676,0.0016309245012692303
68.08382881058489,1.4332031901984497,23.980493488304436,57.43191077413039,1.761240575201781,552.8556225668644,0.001687622764308989
85.61551770918643,1.175552618582175,19.31634470407861,57.79148022404427,1.390398277669452,652.4383416077625,0.001609749950518451
68.80070244057629,1.42381207253115,29.53131071804178,51.743785854708555,0.676904924317092,772.0896754803,0.0019285904358132542
218.8863121794205,1.5682039847164446,11.422793478550156,49.04133486243298,0.7665813074040378,234.53261628569803,0.0015673579136696904
239.88798303908214,1.7699177243911426,14.406822128176284,47.086092459286235,0.819643691938098,1082.922103077135,0.0015189055556709941
206.2033266975289,0.810261531658479,16.78117030582025,42.1798564800619,0.6352025972465256,236.90857611005538,0.0016688822166322768
56.53327657952274,1.6554283565226837,36.71134857667179,58.03599206158055,0.7752945597877583,519.9698773709288,0.0018089624591492953
231.9237469947483,1.460495075475948,9.217027204007309,43.48808843297767,0.9053054115387893,476.3930953470332,0.0018315173002805148
221.24459386690913,1.4097742725885642,12.705946498299573,49.44424311572074,0.5951522163886985,488.70560158861093,0.0017356047102273723
129.75129926211153,1.4576073796284037,27.08949080206312,56.31370775472084,2.0807650046602046,673.6034804648549,0.0016033034902864867
223.0075754647488,1.723313321781219,30.19382269362849,55.82995877182257,1.9512939892682581,771.3916851210884,0.001617502454573403
64.54453328650584,1.0938686542309826,9.612136747899887,46.37001389138711,0.8745792256786569,208.84280627908464,0.0018264234386237387
99.6559417948151,1.2799206334348272,8.950041662537442,43.873927784158575,3.365651360621645,448.38978677790186,0.0018608995909855659
91.5167496972873,1.4520439502567621,6.492610808459465,44.224824330671865,2.6514872834581427,410.2820000247435,0.0017895505473538
179.56081221085088,1.2196283277642812,24.786409399280902,47.81545579767806,0.19424419299422147,506.3251561386674,0.0017492052650206933
215.19838827883981,1.1905967124782328,18.783611525355013,47.868146628245356,0.5974685866453074,769.5462358150584,0.0017263157479213917
97.31781196994339,1.2441855107866517,16.16019096226417,46.94737454394274,0.42601157851047833,335.31146120865793,0.0018893786500489619
167.81530117603964,1.9505076455734187,45.751814758861705,42.92014170629093,0.5443295551426002,434.22171161444487,0.0016949913776461813
128.007794744942,1.6569455505686694,42.248687690293046,54.60405712751462,1.0158630909778257,356.8948624930789,0.001739541025464488
190.50689283838273,1.6826652327011924,18.329640035463875,57.17266441870765,2.0729363108611993,439.0125134427163,0.001507742392408821
178.8571408994826,1.7747210415328096,11.048464645824264,56.31534028163196,2.5923043116878373,543.4525595919702,0.0015818440086628276
120.45226169392969,1.1381305105255506,28.43870183603719,54.24639466448713,0.7910133003116541,775.446795057581,0.0017433929321560542
93.97589291287397,1.4952379886973677,30.861887340599953,50.364740100180285,0.4942996818654879,467.7330214156864,0.0018703489082860048
191.11296457247676,1.190434694750643,15.003218669456352,49.279765639345975,1.8435513543392978,205.0314334357878,0.0018716791265968578
120.37055088615283,1.6105570400830047,5.4432235567980305,45.39680859105513,0.514230471563255,1141.8188227742905,0.001904990741221593
120.98303976211862,1.6879355920951546,5.260088859591025,46.926437290967286,0.4420908639963139,1134.1018241145182,0.0019451979470535678
76.72558037367452,0.9980900903404252,25.871570781861923,43.25633073041373,0.11998957854736707,97.03068420599107,0.001781629808052584
169.41116997038816,1.236473420247236,38.55118211258251,45.42567049888522,0.08102205747258412,1178.2720700650848,0.0017559582628931703
55.511779844855866,1.3589559142474068,32.836647043504826,45.547781331665895,0.11333037454034323,329.09965611746725,0.0017036830051727649
227.1576504343739,1.5801132710942671,26.143675740654526,48.693626033294414,0.76308040766887,1077.5961700265168,0.0017172089136310354
149.14011008483854,1.6299492454253586,17.42707677796655,49.40469553105534,0.351083928719566,201.97854384048622,0.0018979152122147226
131.3451382244731,1.549455494325332,20.754018180565705,52.01116220517672,0.32470855017457284,232.93310145399252,0.00187347952344807
136.81673137910377,0.9061890378226676,22.336601670539583,46.290355920412765,0.8147896345367763,388.3271575012879,0.0016467064127503113
192.54468612257253,1.5888598737672341,21.9329012887777,50.50372279245138,0.6574599898567453,168.86424553396245,0.0013805761567393516
