a1,a2,a3,a4,a5,a6,sigma
172.33264284611846,1.0710682267372607,23.59440437317298,35.649960979559395,2.020589649399086,113.59859426994822,0.0013058236891880463
175.9795878569764,1.297129212687209,11.683040312804525,38.67621825428533,0.13420033507870818,797.4022599200158,0.0013873915200908749
195.18163514851346,1.1519765595304923,19.78977997287201,37.23694212200909,0.058634175442659926,502.0276981485891,0.00130944894986985
207.87870381043405,1.88917253424347,7.886501487211691,41.440913243107104,0.1211839531522426,260.88771819472925,0.0012089824183311683
89.84199943672428,0.5002044613231484,40.18387574161491,34.183043751331894,0.5910014437856038,695.1751435348416,0.0014827193620867542
227.0183127947185,1.9003502820228644,9.016613312613925,41.29089129028269,1.5889546331692355,201.22361600882257,0.00132080022380403
76.20251955687057,0.6469983385807595,25.526987677291135,32.70721618484558,0.5496200688675763,540.8995786751744,0.0015542600784144553
157.38268935940982,1.4099985503703696,29.817608928075373,44.72821239553423,1.7100762087625052,845.1563154277752,0.0016623392759673376
212.59621466212403,1.093754996392642,31.246894937337515,33.80556024696236,2.5683073274387334,746.6915338832725,0.0017250995617164085
162.59342715217565,1.514476950291261,15.517688581552576,40.78170100047798,0.4199153824420672,479.5495266723265,0.0016096344114052547
185.87078902606967,1.4942525945126726,15.228199493427727,34.36096850433831,1.5115217498861442,327.0626554616849,0.001300970990853498
147.73861572498424,0.8997652632202549,23.59758476142055,37.43440882715884,0.9116404976545743,310.9553977462598,0.0016560278695726713
97.5639522343771,0.9383625316191576,20.281957392583752,38.21380970533615,0.6032716062722878,347.9737057454197,0.0015828414964118302
110.96530032517431,1.4894576221902425,19.359180018206672,46.18957688136642,1.3584398627473913,715.2385227966947,0.0014455883704687896
123.44121025667948,1.3916094431628776,18.501876475817735,43.39578401584726,1.8075301829581618,502.83422502489566,0.0014509378747759936
123.58818736820231,1.0913292010168332,25.197933215568714,39.46086799004547,1.0474052762891184,405.6866718884878,0.001436793563177453
125.87400452753,0.8711333039090758,24.174522792821882,51.13106785460321,0.48888192445850887,255.57715036707037,0.0014830720376252454
64.54993455238369,1.4018602880769557,23.303713683457307,40.687970445442275,0.15811161075732283,88.02710300641621,0.0015957929738859634
219.82019807069037,1.5302728059594601,9.690135424501394,37.057065634669904,0.19763362499941883,66.61726488246781,0.0015750376368565116
103.72817365857694,1.316095304361448,32.22222204016991,39.97077804847481,0.37927147182453425,23.936261116012346,0.0014295327374607438
211.0991111118805,1.146526753445376,16.731973682933777,33.99337396969144,1.0332973605450264,181.65191720580523,0.0013392092967397786
66.86373873338742,1.967740299589791,25.56138284286227,38.40324105326297,0.9460911419590757,415.5387948425228,0.0014428297073424841
234.13062770158663,1.9520569283788747,8.504399832060477,49.75342086961179,1.5333872549708485,717.118827184865,0.0014819219713072462
171.06525376035074,1.9709498286152582,3.5761868093015554,50.81537762867832,1.7644485416177083,436.81804343851684,0.0015655299483842513
149.8876853788847,1.4979160472892348,3.8173011100502814,35.85019249583274,0.724747279177842,270.78047974580915,0.001428911195952306
96.77640964544038,1.566007336454751,12.853880705399565,36.6113239023012,1.6234221258764887,375.33056638219267,0.0013663220413500962
137.71890338273872,0.6374763756769395,17.384613815532525,34.96708049639303,0.9261458272480728,358.00281827611195,0.0013459006879831341
156.3989202526141,1.781141605338109,38.41676727151634,39.84616565454905,0.320469356224597,447.9366420908599,0.001512902689952288
210.52120466956512,1.8796868811782934,44.20461618304537,35.03377395503208,0.5384354216683706,237.7511646843071,0.0014266749100697905
189.16244261962595,1.421039772856405,43.54077709235577,35.3379206452251,0.3341042238630738,823.2773584264581,0.0014284693277241147
153.00560606611145,1.8175496835351137,3.286592415263514,38.27021671225887,2.6863613251751652,246.80128273544923,0.0013538442197855974
218.75862931916768,0.8206358830272256,30.159852138813648,41.62553191336827,0.1367263276517734,759.2905997351513,0.001422801474846901
105.13489033995175,1.8256738747100463,16.660640013909457,34.98525526812485,0.3196730365103267,429.0563845357735,0.0014606696180888014
154.4570702898199,0.9604622500029479,27.185871894399728,37.076493867291646,1.0363561994191897,239.55334909146603,0.0014114418224645386
210.44764017123998,1.614665896867353,27.50576765815464,30.554605368191606,2.072653765249945,446.8576796157819,0.0014201267355549172
138.58580046864637,1.9473863839167653,2.873542338941224,44.89899878610353,0.19954564129550992,472.35826864402526,0.0014167234581488745
150.72651169459814,1.2378991953910936,24.676224439927967,37.61881222565396,0.3315075279978594,913.0188403302195,0.0013617517926731578
103.10796019800023,0.7929796303243202,24.934581955770593,41.83526493588709,0.6316045767337164,675.1698659332775,0.0013355150235280285
76.62061470776577,1.389342019419611,12.244844092449954,30.58497229979762,1.9681682893833927,495.09728584010867,0.0014924837075807346
198.56131192029778,1.6889869822765253,21.877763587798132,32.79031686428825,0.9772205040576089,171.9152017738446,0.0014493846362187228
187.85975562314124,1.0647633972990993,20.82237122832524,35.48282214253978,1.3341262038302013,80.04516588477628,0.001414302706006384
197.18720835315787,1.4319154737862545,22.792355983388017,31.384426953194673,1.5344679030260597,184.7991431608257,0.0012633345044787104
122.46438785450525,1.0534430407629474,30.998564570031327,34.69959092615222,1.5462885080338873,895.1443466703968,0.0013266761617023106
150.78120387151853,0.7926404130789089,31.78094270625867,34.84077577445439,1.8063177734383709,1099.8652244368427,0.0013219515461295836
142.72580753462074,1.438598082877987,23.543971738268155,39.26706547325037,0.4022630937397883,495.3780334445333,0.0011674098842308972
123.80448804363488,0.8764933340247956,21.95620060053494,32.98904658651897,2.0304048259371608,302.5497418145902,0.0015663848740672028
165.35123668657658,1.3207744054950423,21.807437043637,36.683007333874805,0.8656945167148229,1093.770398648699,0.0013966384155539638
140.68121635165542,0.9677745417736782,18.927975400236527,35.64518534993661,1.085830759615514,104.29228191976914,0.0014908095086827665
184.15114631158212,1.8632456392565329,3.7559326126114447,39.28989892870368,0.6279225034109643,78.43149358190709,0.0014815912910505487
184.15114631158212,1.8632456392565329,3.7559326126114447,39.28989892870368,0.6279225034109643,78.43149358190709,0.0014815912910505487
206.79050962488492,1.7886807831897265,3.6027323709282575,45.41034508667668,1.3043016627008155,53.10571812581591,0.0014413963508183552
87.0055413500876,1.0778907758914107,21.72623786632875,31.386962646598565,0.7377155806254785,1219.5890839780914,0.0013358823557804976
98.14899873600898,0.5580722980081605,26.960644179366323,43.88493664075656,1.4143765749968296,529.3265023566505,0.0013091949114411485
119.29653598260475,0.6131631244614574,29.91208075406586,45.060802694528036,1.1744212173598634,582.6931233977479,0.0013127302109476864
150.3820827132123,0.7681236118081509,34.31290113282442,49.36204980556929,1.1236346491727622,471.4661108995179,0.0013319866121965997
168.53579246207914,0.7662022977584805,36.81792298765416,53.95611563666361,1.587975225390697,822.8388937429816,0.0012841681808107683
131.26075506668104,1.648355077321367,35.952255674104634,31.87796404846894,0.7869881096110853,151.76321457003405,0.0012633617528856847
99.65368617307308,0.950153793694015,12.190317203271995,42.25838221215436,1.083852140999681,197.57990918691263,0.0014352041994894484
184.76657073081932,1.2971692933084653,15.245006500340097,35.57941873889829,1.1646905740607352,253.7545590401456,0.0014606354520946547
215.52170558015163,1.0071692586684102,30.901530675669385,37.60127797054691,0.9858411211180096,431.66014382568335,0.001388965292879912
223.4144721441772,0.9311788619941732,37.86661096925019,36.65717718294797,0.42365558251069085,574.4350547789105,0.001404239546000469
166.7086169854155,1.53103877006291,32.7537556680256,35.91119869165845,0.8847294297729679,326.098645338534,0.001454605690180676
74.41646231361104,1.1581486140108161,44.34174084641667,44.48032628885849,2.3696297976393152,811.7367186077793,0.0014596007429431008
69.45241916670282,0.8191459099633424,27.331127806231155,39.168999831453704,0.6017124706740994,333.6939932386956,0.0012898858163518366
134.8369184650224,1.1590277518442686,20.167576876671582,38.68985004149789,0.47689519793598956,397.23215898240755,0.001478429836908542
141.53383129755903,1.2379357848411727,19.87819933000916,36.47898295479215,2.01252116299683,459.2351124766088,0.0014416106043422662
113.72672675096115,1.1930653559618418,34.64226739896572,39.67477071532095,0.6349660646731343,685.464347725268,0.001310485742293525
137.98598894963814,1.660194482698231,31.61790803857258,27.420331081239095,2.576814097302649,310.9204933138472,0.0013343240099640934
184.21508753774611,1.1257775567091461,22.331552611684955,32.20610826202205,0.9913110523228594,191.06596546760443,0.0013789361731726421
129.4706053481462,1.1125100163409614,20.3480212771193,43.41942946654377,0.7173210073899581,960.7787151562916,0.0013762639085103416
228.8461069667468,0.9683020959446067,17.883779836669138,40.810629823944915,0.331760137650865,44.44374625293126,0.0015959581749927965
150.23071714728437,1.7035751886483208,21.72745843494178,35.11791605016432,0.3229962339800448,476.85552940873004,0.0014812889125048131
238.81699749016434,0.9483300200641708,17.653027505250602,44.91418718852353,2.135418075518208,412.49779120003853,0.0014687690293147832
228.2316382141421,0.8431403345395261,35.73456773176413,44.16424136222833,1.441499442067549,165.98702767966793,0.0013909427356572916
193.1051820298025,1.107677814854587,28.033771875680618,41.8216285306356,1.4681948197750332,108.16277609189028,0.0014423270918579056
165.1103625816319,1.9180912713638594,10.837867857027419,39.13556384839444,0.837142719885455,931.5232111729326,0.001359620328364885
106.17698588678687,1.4790550917529677,18.985534987880563,32.92505260256205,1.1646389510270276,315.3573392366322,0.0014393392960736116
120.63344073821517,0.7907510990964335,21.948725641115775,34.154501848651954,2.428811856550408,291.19779784241143,0.0014341389233982643
162.93311885890046,1.4221173654624217,28.650349995242124,36.728848287472985,0.3200055698310621,478.20080767535063,0.0015059339825117465
149.83164628193282,1.7873404948923024,11.437123175377685,36.78997275822609,0.12210357958329351,666.8400774245632,0.0015293565003125795
151.29171499567644,1.8608960522533715,11.118178884841084,35.507403415427966,0.36744942003461617,578.0332867578928,0.0014303511773581818
194.1043194495039,1.703268037562448,17.14193928430162,35.40178766204651,0.44975361860702145,948.8135153491281,0.0014923854757568867
123.09929005208363,1.1526834733315772,16.60652488374818,39.47817341820445,0.8900002429397167,194.89349438596616,0.0013363024082876235
106.33015494180106,1.3599321712584356,30.974048666916588,35.61317456476052,0.544811712368203,941.4976271663439,0.0014844107039630944
118.01790933266875,1.294617919370572,33.56267190556424,35.088552122203815,1.0121640842653148,1032.1183794383753,0.0014873494507040984
120.1850338169523,0.6374277877743542,14.919842085053014,40.54239601475521,1.6110102046309729,298.5169852562121,0.0014683755874824434
155.04393996227628,1.4792673219390082,25.686650620800823,35.14128133924624,1.0678108456290458,346.41357223200794,0.0013320427730596806
219.71057271339643,1.570720079643626,11.275053852604836,38.059694114704584,0.6176511879959876,383.6432390009677,0.0013285701558069204
99.64516727455201,1.2111787694605791,12.867536991618431,39.37070983655077,0.6516844474931403,791.2400745587746,0.0014576723737604186
104.58923994467324,0.7867421857443699,23.127405486260397,38.020544879025024,0.35920951050317657,655.4092606411525,0.0014850697150421979
191.58901233890424,1.932014801408508,19.197431874297607,36.230650652625286,1.7241182061520068,386.998670086819,0.0012271647222083638
172.54255248396964,1.8877639233938794,16.359350076840386,44.67123706589151,1.2803247507831064,697.6890636581418,0.0012949041767214742
93.81435385547395,1.9202297381639148,39.783716888499185,45.65930252826358,0.7509093251244878,885.1550270593067,0.0012898216174048421
237.99771905846234,1.9977334115823913,18.101562458055174,36.2568073967885,1.80424955571185,232.1337816867974,0.0013556262940137482
162.5489973358309,1.9981740335355784,4.76606199662812,42.07263474721925,0.5217550943923587,569.9567358169223,0.0014265769787851464
173.85330745781297,1.983491307793983,14.813949804936364,37.26267532273079,0.36523997468165703,306.6540099455403,0.001301859206621682
202.9691200429814,1.9783350849880748,14.603281773594098,35.74099882437515,0.23959292662961285,424.2036390873627,0.001291224050903793
117.62859604940769,1.9264484955553027,7.459497527178215,37.632708529543514,2.0758841651910593,575.374158747606,0.0013726133993447066
125.84650554145558,1.8896479133885256,5.010751561356586,40.118231012095016,1.1143247646394228,577.6654573879387,0.001335883600529465
151.92747452813146,0.7269825444060624,38.83085707227502,44.249300271839374,0.9533616350345345,301.9464517172514,0.0015195648965770033
156.6423333724047,1.675570794105359,6.1123296312650455,30.977132284583885,1.03051823138828,510.4994723463461,0.0014258900025392314
167.5454090973293,1.7546252259598012,17.328762400598187,36.50714556504306,2.2379773429003174,610.9833613274371,0.0014907321248769899
74.59025898954656,0.7197694655607,10.286341734037332,51.5505255083128,1.4423398089379866,503.6128086598191,0.0015014257839599497
185.1264463767856,1.2661540745729714,14.546462406299465,37.698211626451084,2.3215824026997742,925.9141313893018,0.0013507303505696081
112.330789937724,1.1925463465713984,12.579576521257971,35.69139189608991,0.22839191310796125,242.4259835589151,0.0014798614198683578
133.45152042051936,1.065111027936318,13.735114952532648,32.54267623174467,0.2918824457173297,186.12806285573276,0.0015089781194115783
161.15290134120238,1.7657051170797482,25.099891496428572,55.65541167165962,1.0751354246385927,959.6025083199565,0.0012818529837307388
161.15290134120238,1.7657051170797482,25.099891496428572,55.65541167165962,1.0751354246385927,959.6025083199565,0.0012818529837307388
182.51386803715496,1.5486843667905672,24.628420440861138,55.16055892919009,1.1414218765631365,707.9129066394851,0.001323276787269146
207.4269436755024,1.360047597860388,17.981505628203962,54.84148006795259,1.095282990984948,641.7938372939307,0.0013917892241005223
170.1036304473047,1.54188481769253,18.52283611692462,56.13169050879851,0.9793191899053015,700.1016146742945,0.0013383770730789248
156.11901871351134,1.5673789247374417,13.963976371346753,55.59517418670451,0.8145755012234244,1257.523160305138,0.0014024562281971255
145.73482559740734,1.4089873155715544,16.59652771534197,54.053843562057196,0.7966266522517346,932.5334830189036,0.0013994131330976377
115.12291140818543,1.355510088783386,12.984291360414934,56.04634456368094,1.0425203652593802,230.4397928211195,0.0014093033856706762
115.12291140818543,1.355510088783386,12.984291360414934,56.04634456368094,1.0425203652593802,230.4397928211195,0.0014093033856706762
111.36861715664948,1.0273736824565354,13.02619309811742,52.191301894554066,0.9449211971709596,222.06979836345997,0.0013985333805455894
218.7592218980786,1.6070677920021668,11.67026732417516,54.876054310063836,1.763066229640548,1271.5959481139516,0.0014900592486599856
207.3097387785823,1.6966475680154398,9.723334685664623,54.869845500647216,1.199194628173225,830.10100011442,0.0014649618313950562
198.20436603836498,1.597647829712586,9.863980475512673,42.158748741150895,2.483449375009192,584.4527177448117,0.0014040539035927858
106.39675982766687,1.3478050708788514,15.918060882409849,33.3927580045469,0.5525711172199652,667.9413930823715,0.001469516662843276
67.29834940549604,1.3577724291780768,6.12360941133591,41.33312366119875,0.1928209787129861,328.80718444945995,0.0015415706254191853
166.1092556706576,1.098984670623285,32.581653310332335,34.95221056818175,1.5104236713018035,665.5398343893254,0.0013192589957904829
159.24492852642535,0.974560174552758,33.12508839853739,32.51835113408951,1.8900974990737858,568.549209055354,0.001320946728504897
76.0224965093582,0.8811999855223455,28.51365719579983,40.331125900665846,0.9876457868879582,123.5084040548327,0.0013177836257569403
118.90060537571533,0.8280699680538584,32.57168244315905,40.36410115765081,0.31871429522065403,299.4458579026753,0.0013336029588788833
185.87049374183812,1.5506920634693093,3.5846623231205466,38.4777784143444,2.3692210319586846,263.3986147157111,0.0014675584537717987
98.63002421609255,1.2587736661059552,43.89282516841981,41.730350334569955,0.5289658185710965,893.3951043765783,0.0013207607736003654
224.2969719798336,1.10910960853133,31.83155005247992,35.96596081217518,1.5183874285908587,260.2720729995749,0.0013904918217695328
189.42035889003898,1.2841811263618481,9.463145904135231,39.156462162128044,0.7596097043191196,397.90466260998744,0.0013732676134512799
234.6656443859298,1.6078944801176207,14.201481923612407,38.211879485392544,0.8653540397836122,89.55170606271102,0.001423616586970847
66.63351100255024,1.2420098368794488,9.294230920689838,36.52951529179907,2.090358992327722,95.90044816338268,0.0014496031311155952
243.06172257510835,1.098740031778258,27.795806433416704,41.8452128648357,0.27946862424256685,72.74038915887701,0.0016405292312536234
226.14222331282744,1.8972248203957325,23.555072261802565,35.72351538462785,2.72601577742028,71.13839531018648,0.001579619266915093
105.31768832779102,1.3317034640008913,10.649662065819115,39.740869114041885,0.14314070400431197,168.0319093140807,0.0012473316042265416
213.0823687352145,1.4266328116776654,12.08272536348477,44.086086382076466,0.24541243444911204,147.78814578842753,0.001310831035022738
107.01812778356386,1.5624683694483983,31.881817090986925,33.26758610671566,0.32534474090280047,644.4250120722345,0.0014841836565444614
76.87208230229758,1.0119399187463534,24.530089023491886,37.68600098415281,0.6202067993236737,304.50973444899495,0.0012781612479347275
62.52996604547556,0.8499507007557743,25.060196082571256,37.66337900336427,1.9208154621569058,189.5901265996876,0.0012887545183316897
142.06307021166685,0.9427039455229069,34.14510897742554,34.17498770160999,1.0641424278764444,168.78164760277053,0.0011946235825610275
203.26993391143066,1.403958174067244,22.19618685387171,38.768986969424994,1.7334413063883618,91.88353134600139,0.0014044899171177516
184.27553838324354,1.324720912240677,22.579514839681803,37.35722616402658,1.0808698492739786,142.8007076005562,0.0013946046843511732
90.02517975510162,1.0841810311891322,15.730194226667837,37.95999867875268,0.2397270318926418,1195.3916359797433,0.0015727698387504587
206.46167439326527,1.1772283291475556,19.62860357042735,36.23432104412616,0.26292487731685055,241.78119023601027,0.0015352897787991237
142.46734171496172,1.5371748172536857,7.460852388665342,43.491820047624174,0.10070283322990832,1104.2613276189388,0.0013432201193352067
183.02824802661272,1.161786337467654,7.376439447454364,47.58208285945897,0.4904592049833299,298.77830937283,0.001242700358046782
168.24471444835854,1.5412539032523616,8.321427907315709,50.564813832922795,0.85214834770647,311.55219793635706,0.0013258314914646907
75.71152987458134,1.3592818766099273,7.230721154158508,47.558237964090274,1.7507630014094628,800.393942922969,0.0015306444086745593
207.19895205252772,0.8229800669411917,22.539098190242797,34.81883281283346,0.8888637610667869,463.76272632755257,0.0014447240175698654
236.376384203622,1.7576004895440847,30.984415589437603,33.655401718485884,2.046429715150512,1099.5801004886973,0.0015218817837957534
201.32917490448165,0.9600344001923033,25.16043904451531,36.9703166775955,0.8298161661486217,299.8671621620246,0.001549187718649339
135.37454105924112,1.092897375983624,31.847500692422937,38.026132996622046,1.2825533772045155,555.1034318887783,0.0015041409028019848
70.5060511098467,1.4397730891539195,23.16479909860035,41.751719884330136,1.6591160912035026,1308.8441207425735,0.00139757156559202
70.38119815218786,1.366553267047896,23.470543134188635,30.94675308517297,0.36282263899625616,137.6834727620834,0.0014286106448316456
228.83915133391702,1.1915463489578157,21.53918464067134,42.219658009090466,0.20271627495760663,1041.5741168729116,0.0013597185590342009
226.16636037132437,1.3793554274730446,19.96211607977113,42.48579139187408,0.1531557868879792,979.3749759522502,0.0013773966344994004
60.77935594531225,1.1516105227985012,10.452407146320391,40.676523295927616,1.7545437580120855,34.51788627376683,0.0012860031562023323
83.28229589832897,1.479954567403566,9.793091209917757,48.400397032192394,1.9601243854376897,29.926006844593353,0.0013419339222901215
83.5699820853188,1.4886591112399081,9.240096893818544,45.260920930861175,2.430287673386545,51.3505246884826,0.0013931409268829551
142.31331558433698,1.6263999111401388,5.670354230018362,51.44462550805325,0.745528165466181,78.49027396259486,0.0014435646460111986
214.33435520723495,1.4285857902514678,24.85024984899211,48.28137325874681,0.8025770124864026,15.133296204859262,0.0013929258495031347
147.2194598888453,0.5991677371881046,22.27197706775321,43.07410547705945,1.0645544951098886,20.086893469312052,0.0013838750567977086
118.1876740042398,0.5994826402530713,27.529288104408955,35.28127637867554,0.9458652655314307,18.4554760183753,0.0014111937196996669
132.27876083810435,1.4799477191556218,10.1369746845187,34.03752277284445,0.41259988144259235,1338.492722005185,0.0013678570446414738
157.54168632900704,0.9853062250385072,25.339720955385893,38.52600609166572,1.1170321122944222,149.51033098758705,0.001404913506103845
190.26437530081105,1.497338216894219,17.601784610163257,35.19313576735479,0.975285378599354,72.26962853375097,0.0013971325139694468
120.78978988835975,0.6699918266824207,24.33415511154682,44.626220253429125,0.7108996618243172,811.8118069866481,0.0016525689085125843
161.23456182457713,1.279956260154459,16.803850628288803,44.651896949315386,1.6352931594414333,359.53660007514003,0.0014996714585288034
201.288911761783,1.1763236593581268,14.681774695743677,33.35421678615064,0.777703710305692,828.1225463580972,0.0013967168725726215
152.36407907335715,1.2743997896101633,10.215604241003778,33.25577521026071,0.8964375768546572,1008.9566743732972,0.0014037297705952597
229.8091354651439,1.707007458538192,9.254792834418108,36.97755078576966,2.003363275503468,640.2256201436498,0.0013200617777484299
82.98871608871848,0.8357564769121507,19.713608640254236,41.156070430503945,0.10540632147410503,382.1435690145536,0.0014226090278111614
190.51789395048863,1.0419549241557575,20.263125274542826,43.41370248160157,0.35379349633175894,829.8141075023373,0.001401218081453384
210.3305338256937,1.1236999538682984,25.110034499850286,38.393675871414814,0.20808294753413256,342.9842584690387,0.0013768035865351193
177.08899103685104,1.1775647834555638,27.440104003691452,35.2000139408917,2.658342999713645,162.82261407100827,0.0013273385915257645
143.7799888535123,0.8490913191489745,14.110547427405576,35.184849914526836,0.6024378431109844,119.28093089242952,0.0012817893292840265
134.81102886375098,1.8106988963941255,19.471007377873264,40.5363404861855,0.76838320855172,674.8146905727141,0.0012755067409260046
164.9817180292276,0.8376037712579868,27.2050087301557,35.6332741180821,0.18456086151407042,360.48711721497705,0.0012955308018541057
224.24247717495817,1.8214885163243149,12.24206564368003,37.81084813303168,0.3672705566853235,577.5325545166363,0.0013147499809773745
174.63980963567573,0.5676733932835648,26.89543547179664,41.78091241325457,1.9810744430923335,296.95980896492347,0.0014474936913532548
213.7933733014721,1.7148060148000381,8.705515113671659,36.23490754869583,0.6130002963042697,171.9423755115538,0.0013375535080370857
111.79818009077668,1.5835093430835312,9.228046377671255,41.26849607801043,1.075029292958982,333.5945935181093,0.001372078570600361
81.26561173883118,1.6510558322720748,17.58686730526139,37.03904226049746,1.7759482479022897,691.8483299158298,0.0015265144328104044
127.1534639981004,0.6174644981083969,22.30837533658299,35.22241619750834,0.6509027689499673,648.6415151435787,0.0011792225971778854
124.32603719928352,1.6263133208827707,33.02781418007305,41.31496757017606,1.4853594050041021,523.4422559261089,0.0013638089069305964
102.31326004798518,1.3877834899527832,4.053733969656312,44.92141088571028,1.2669431875522077,405.4223855386324,0.0014503803065196736
102.35967201032133,1.736795004301958,3.0657694585370954,43.29151050511303,0.9938848702614475,918.6339063047644,0.0014498216829643704
134.77417329713188,1.7923593291950313,2.6606039781276736,39.03000588124306,0.8247326737027074,645.3850072396946,0.0015058185377478388
176.1753358464525,1.1120796061430658,6.3314174107378065,47.25666280533818,0.7987635921436335,205.15677308905418,0.001304833506442266
176.1753358464525,1.1120796061430658,6.3314174107378065,47.25666280533818,0.7987635921436335,205.15677308905418,0.001304833506442266
176.1753358464525,1.1120796061430658,6.3314174107378065,47.25666280533818,0.7987635921436335,205.15677308905418,0.001304833506442266
146.51168593775304,1.4808691085404728,10.287484911318158,48.236043054698555,0.6887405529520472,236.9613295518805,0.0012908788023489317
226.03108586170796,0.8471981217809694,23.874541112609705,42.46596266629705,1.7058498411366192,157.29920942135803,0.0014396618019748616
208.97646939626517,1.1317819289897333,28.96720266368392,37.35095908976616,0.9944480132774924,398.1349742482365,0.0014738558889314474
226.76231027137362,1.042033605292048,20.88750403091047,37.383525926608264,1.4341347087217795,369.07115707124495,0.0014070130432632538
221.8022490312725,1.1560479375819959,24.07627902500425,36.77745740594636,1.127336328896182,408.5635690912387,0.0016216338184330441
112.84200869769366,1.0297048983238033,19.393981733791815,38.349537147680785,1.2873860860379283,721.1981810924618,0.0015139752010772548
180.78354713678362,1.3038059841488525,15.10038825186902,34.21747917285291,0.9723331537080208,50.37414256076369,0.0014562770654622846
94.8194651439632,0.7535004835232341,24.4383054414533,38.89185316047345,0.5024243975520722,81.39231540912597,0.0013861510924692874
220.79214805771164,1.6849935818021171,24.701037448015615,36.469856909674796,1.0253337000430167,155.3152762063254,0.0013529121410932655
140.39231695876663,1.2241334379848643,34.72523980916878,36.30020906238051,0.17991597646891602,329.48487688543014,0.0015882854019773859
117.9812509052016,1.3275894030183446,35.370928782009145,34.53774162641809,0.1377649377529105,376.1836692935527,0.0015949394442301289
147.96204433924999,1.7966799966528706,18.54317221817275,32.364289349224606,0.22702355429935153,518.3262132993101,0.0014630369563269885
105.87487321407568,0.7333189216224987,19.38421784790303,42.3720879903488,0.8796592987394325,851.5963582317987,0.0013755856781356617
196.25577455628263,1.4485267942413458,16.272379921153078,32.16769473581076,0.3449223659264207,335.5419535116834,0.0013635742163894083
54.82280245687008,1.8761252312561,15.565755873681852,43.154617706226375,2.548674787302696,891.1612035263549,0.0013021269969097178
158.65928145791696,1.6540827554063877,28.774300578999046,36.321967595582095,0.12296383033493558,383.0658901433713,0.0015561007480990503
87.9122599990228,0.9906077529563367,14.049458024161027,39.7849835496963,0.41569240194238616,748.8553734156135,0.0013261887580819592
239.92966358881915,1.8302147869536796,18.883811412224976,33.5840944679625,0.7904692089676395,268.8734539045049,0.0014845488265523648
235.81932824268412,1.747598481365347,12.738557403901925,40.26479004412147,1.0837977888240866,1007.9291962708425,0.001465174193753946
96.16096952074444,1.151936410644887,27.47367508572205,39.1275414224803,0.18933608729926213,344.41678120878015,0.0013223490977876697
208.54909914243257,1.2211020090383673,17.992668676820344,37.45765342529894,1.1490427631246216,450.01120548993265,0.001349255388133558
105.02807148802985,1.0261290708995014,22.19098809312337,37.97777447384003,0.3094232877154779,739.4137279560086,0.0012991275689803797
57.21455444027187,1.1210970071597663,11.263262289961244,33.85831162021117,2.492111139384607,372.9375124793284,0.0012969581452808559
102.34717100442245,1.4181258003746346,19.19728621053022,33.92042702446783,0.9467477574136416,607.1114004124023,0.0012938988100413523
92.45506617625445,1.1387281754217398,15.323456173658176,35.30799876628954,1.853050617529834,1014.2134852761433,0.0013334498421720992
90.99035324123074,0.8490302664884694,22.73677688382261,31.85148930421454,0.6381671850311197,615.8460084347871,0.001453004637995099
211.8543398539388,1.8255790914305512,14.215875544192155,41.52558968809832,1.2190797372743676,209.50240464972828,0.001493057360247333
166.77092038077,1.8081131141699536,11.092785002793804,34.903770061798355,0.6184818546099315,251.90279438197524,0.0016324353254936934
204.16700674090646,1.819597595088943,13.842076747360569,29.58736112321109,0.3932536322051781,137.88696714684644,0.0016312888318447045
181.72396801463907,1.8063636720854306,16.451263270506544,40.84082607410565,0.6760732443854193,265.4444007617725,0.0017893989347896632
152.0514130075312,0.812972621894126,23.830235998386865,40.353298025708156,1.6956684644716322,353.6290778761023,0.0011549800387811986
246.07352304443918,1.2686715113406164,27.26518181306959,37.463730209845366,0.8226979404579481,271.3531940395451,0.0012855710096468078
208.52285481869447,1.3466462885404478,20.331450922295634,36.00095443049655,1.2235748087684362,179.70360105028556,0.0014290882828893701
64.51551113763355,1.3165608561032163,25.917033713066175,37.82616469249967,0.8405141125739014,615.6414671804607,0.0013364258906789724
224.16618920875538,1.3222276673788353,22.746548412700708,35.74683254600611,0.7834111140525467,708.9584929405761,0.0014931415393135198
218.99686206745932,1.4459297667343403,13.41385042471344,37.44231996094326,0.3934138631023819,396.7979455782888,0.0014738043847369142
194.99961010743482,1.535850166099542,11.487587630219569,39.303721452654116,0.4127335274827085,315.6365795921698,0.0014913133169370347
151.00875834166766,1.5304282627211088,10.84459581716275,45.92300231864224,0.2734456601694848,278.24468356814657,0.0014918116071604328
110.61000108115468,1.3542986062461198,35.76895079745615,37.8514600081813,0.21203212247648928,198.23093897679033,0.0015625722725921601
165.15965997828425,1.688129811646964,8.377469666196577,41.18801599950485,0.11864871585667545,870.8088264804609,0.0012898035337878355
147.45146886912968,1.5329514902192083,16.845716051453618,36.66907531921891,0.14992173954480534,82.3792372835912,0.0013200192030349777
227.4305042344172,0.9798518598969107,28.993427092771956,43.001275945524924,0.11364414770901103,260.28640852691785,0.0014203501465044773
111.71803411585731,1.2477260460743873,26.046712028946494,43.81833633256672,0.2013180526005201,349.8775777547261,0.0013575566633965775
153.8190204946475,0.8654768838964998,18.07166832475231,38.41999943205298,3.1692403233298228,512.1122185894089,0.0012410055577328494
146.80468965979946,1.6281362703673616,9.843978056809195,34.982209546713094,0.12949900009437518,649.5694173241737,0.0014803052471427844
141.6409539916658,0.7584882137442182,31.78200299608647,36.99394134240982,0.13801973919137897,181.85556844036154,0.0012963032558609348
181.3527849308407,1.9971413512925063,10.20585436391651,36.19190764140067,0.029886859331054814,187.70230169729467,0.0015265354655442736
149.49630754316607,1.8614543469231422,26.720950770705276,34.486784876252514,3.0331443204828292,319.7723682656653,0.0013908706018834565
121.54456820003833,0.6951559193108005,11.962147896389256,36.50711800650535,0.2694164182603914,166.80652438124392,0.0016071211995823608
81.73844063823461,1.1324651911566108,19.4091467280198,34.92034870070832,0.9589159097117645,217.77489908211206,0.001686735710017378
241.44383690145793,1.7143281577473086,9.198309102878213,50.44192363017131,0.9213106993135396,521.1989764578937,0.0012361067148430414
72.48266308003875,0.9757510381936706,25.59907710397541,43.81031940960427,1.3878209697635744,636.352886151228,0.0016223595650819407
235.02900525674067,1.917127497434422,16.837800704263504,32.42035704432532,0.12540482656883864,166.33035304643914,0.0012247842463500233
229.18025726835958,1.806120365992333,16.06293248364548,38.757482048741096,0.2769085599376174,187.5424621255217,0.0012700810250419034
230.0901938661704,1.6297640737999957,14.131978524111876,31.901499656397597,0.4599750337666609,193.55219895060648,0.0012156768733538454
194.72664332032264,1.5853445445559167,10.766025423986344,30.904304908397854,0.43869414065106854,162.73065781753934,0.0014087744533321993
185.94259819086676,1.087460514494141,30.246490073363532,43.69770448941175,2.1777789441763846,197.06206477517583,0.0013493782552772896
151.37017875794487,1.2050973740621407,11.923644825749896,43.201221807389274,0.4914675295856248,482.6402020924427,0.001519124718529637
107.0955060592234,0.8876422544997066,11.062852376255385,35.5089208603121,2.046472925266789,461.5867589236706,0.0014539643651124688
135.81602522736154,1.2547091225856792,14.415742045167903,34.51582211241767,0.8119764172774842,353.0683277233374,0.0012912412615310664
77.66787272338594,0.7289607889226662,26.74441452526242,39.46317438188056,1.619761230920745,487.7672137309441,0.0012979492096730173
68.8230228268882,0.9002063489521208,22.729928189203758,33.359883492050706,0.9757068142399948,548.4805278084455,0.0014217707861203586
216.0118281336114,1.3240685194408668,8.365752762791706,41.82623193473932,1.7883783020258508,628.0789536206654,0.0015932572050169835
122.38797346945128,1.5972207898347117,6.873444343392429,35.69866251952638,0.5767978505970659,452.27699018677816,0.0014934745460606813
193.4966106847377,1.715873807248737,14.85310847855289,45.06331473996182,0.29598467597070527,682.4314572763099,0.0014397485758118724
118.71727149174981,1.8555925986808266,29.457721178197126,30.612967500646022,1.267533479932602,441.56578659841045,0.0012720100175648871
124.96660793346173,1.7440507918080341,15.998053938348605,43.75594776483527,0.07953777566483276,422.3734521410077,0.0013593271960415047
81.77530570794997,0.5643745745256821,20.67947170710688,31.015292870987324,2.4836723144191737,642.4933995353306,0.001513887611495433
74.96029755843608,0.9411766903805724,18.650072105878966,34.394740022382,1.4334745146130772,582.9266237400308,0.001440838804757092
145.33539404448553,1.872293588197552,7.010954966270916,36.33623654809156,1.623094126376182,866.7695166564124,0.0014306657019366896
105.09880226474266,1.5843189218824423,3.1699969821956837,33.06306711501708,1.9077662028862092,856.9079247951063,0.001350792542246615
92.71648305180268,1.3354068294878974,10.6956221315961,42.25123492286366,0.15723063314196928,426.0979017117856,0.0014591391797979972
163.96428637520427,1.253300434854585,19.862730939529083,32.40121590693936,0.08582119281812907,790.8191826378549,0.0015351552906439838
170.34788609031557,1.1580664411395696,15.63963582251878,30.845321396523023,0.08145613847976363,809.5600653085073,0.0015455268139856237
167.0929684638003,1.2455475593102106,15.962241316618911,32.18805358005489,0.11359570555869965,791.0872541379899,0.001560783317433866
103.32350197895104,1.733371196853818,4.530539561069203,42.58288581994954,0.33794014483735946,178.66433448820314,0.0014496303397235908
74.03226130418197,1.2696009546361784,2.3288740977557363,37.10308558639836,1.5094908963087548,107.25267288966698,0.001594101525342309
102.79211651108933,1.6815403512442888,2.5172067520102037,37.81592373341269,1.277980680491524,107.87012838194549,0.001618875372286816
191.25647033423004,1.6377345010703652,3.3543094279876375,40.58420616833387,1.3176156628086138,104.10676614651949,0.0016283963083229284
202.20941770340323,1.2556611197181202,15.354997564265647,34.03275418685041,0.8804703523794866,177.84409525616786,0.0015813934881381622
196.43591252013323,1.7522011378397429,24.728403610431577,51.48955948455825,1.8372448495489668,236.75273998695562,0.0015235210253404954
225.07852633193212,1.3090361352875193,31.80187658879981,53.12937591507291,1.7669622289988427,331.22765535947303,0.0014119192805970501
223.09065714423042,1.5419060850309267,27.001761609472485,54.273846987936366,1.108689784878647,290.77541853952243,0.0013409082638572865
216.25899007771784,1.8374019889786855,33.42644989576827,58.09639682637077,1.1742295437214028,817.0469971051676,0.0014399292234349805
193.14832132735395,1.8878004847197087,25.94955503754634,58.68792812356713,0.9969390282064131,781.9824296888552,0.0014498608704894302
177.77691772037994,1.8858256256565464,30.463186474763283,57.912884481507014,1.1285339895136357,1207.6627321473454,0.0014380317802451551
178.43611306182476,1.8125501458552677,32.580810860378875,59.56278775927836,0.8936933134590408,1125.5965661252756,0.001473198636453266
178.43611306182476,1.8125501458552677,32.580810860378875,59.56278775927836,0.8936933134590408,1125.5965661252756,0.001473198636453266
190.65667083285686,1.848082151813832,31.80437525447436,59.91561340707593,1.2030969191320828,1709.1845129693686,0.001477598845493687
198.05110356484576,1.8390006334401858,30.326736283036393,57.13917910355271,0.8289883681104664,1267.803338863043,0.0015100222601009425
208.4892666616655,1.7530899997421843,20.544856152595134,62.060394211115856,2.4358195176472943,516.1901385129457,0.001422294246330539
194.021168207186,1.6107321450879581,20.930041828574268,61.30897842700831,2.9096245395033513,469.20371806246794,0.0013725582515540927
194.021168207186,1.6107321450879581,20.930041828574268,61.30897842700831,2.9096245395033513,469.20371806246794,0.0013725582515540927
194.021168207186,1.6107321450879581,20.930041828574268,61.30897842700831,2.9096245395033513,469.20371806246794,0.0013725582515540927
214.96729048747864,1.4846785418871935,26.662613507639172,59.803564136671135,3.3359782515062877,264.0416439787815,0.001348428984406645
230.15418491822686,1.4825123650579892,17.90779378219864,58.85606086198821,2.688891957221936,208.45655175626467,0.001338662840251878
242.25573117479692,1.5212914919934721,21.964083583059146,54.964649429995234,1.3950241540804433,310.54747505907045,0.0013295064934753464
242.70107682856838,1.2009644545754286,16.9306346579439,55.5325237539083,1.5015138398391195,213.71508738640932,0.0013497004575164946
248.05027495071786,1.689974193471892,25.51453020880968,57.5129136156393,2.042957991844094,124.35085309501918,0.0014802917097228078
248.05027495071786,1.689974193471892,25.51453020880968,57.5129136156393,2.042957991844094,124.35085309501918,0.0014802917097228078
248.05027495071786,1.689974193471892,25.51453020880968,57.5129136156393,2.042957991844094,124.35085309501918,0.0014802917097228078
248.03480637502028,1.7137671278861928,17.492691606285415,56.894715721780244,1.8058888134142628,109.39690714446158,0.0014365017105938147
248.03480637502028,1.7137671278861928,17.492691606285415,56.894715721780244,1.8058888134142628,109.39690714446158,0.0014365017105938147
248.48720183981217,1.7136116014193956,22.817614000612593,58.08272046207442,2.0293567962211356,145.98419388238955,0.0014701434686988438
248.48720183981217,1.7136116014193956,22.817614000612593,58.08272046207442,2.0293567962211356,145.98419388238955,0.0014701434686988438
248.48720183981217,1.7136116014193956,22.817614000612593,58.08272046207442,2.0293567962211356,145.98419388238955,0.0014701434686988438
247.3187025453238,1.6804645875593165,22.082310410895715,56.48655938769608,1.5801103645089336,184.06649297935135,0.0014886236160632665
245.81945059993836,1.8245909044378033,17.060343412176998,56.25706916167451,1.5372069235058343,170.94447899736298,0.001475712054783422
246.36414423070906,1.8662722245815095,13.62223998920085,56.85831358481262,2.1872308291040494,160.85414888422017,0.0015147652043383125
246.15612442546882,1.7546434515483798,14.194267438877228,55.65321970274593,3.5756834944590343,158.57931703570284,0.0015115065539628957
242.68775447448562,1.477185764358803,12.383407386455463,55.03810301695341,2.371653147769521,188.66918961612333,0.0015305468325233081
242.68775447448562,1.477185764358803,12.383407386455463,55.03810301695341,2.371653147769521,188.66918961612333,0.0015305468325233081
223.479716189541,1.7842256907496539,10.240590538409988,50.30816505203161,0.8890452408963021,100.53528009296255,0.001378875888000333
228.95040762752782,1.6472238329815703,12.769898517266999,50.668457025687104,0.5663020268883844,163.5265441765959,0.0014045048193408658
131.8375341778249,1.813495124383454,6.699937485718589,51.85691947333262,0.9293559336958921,61.04261193164799,0.0014353328954737768
245.1595584710646,1.8675561790870334,17.710754365555758,55.16071763897367,1.0526173387738536,68.61346325271332,0.0013923126072302814
245.1595584710646,1.8675561790870334,17.710754365555758,55.16071763897367,1.0526173387738536,68.61346325271332,0.0013923126072302814
233.18235001703934,1.9054485548785192,24.16567858871452,57.27465403249013,1.221090973660374,128.91281241091625,0.0014121269549345241
235.9151452120215,1.966109743224225,28.54829291921473,56.78179549361244,0.9500660486985582,531.6246411566264,0.0013387049128248093
225.31256457278974,1.9641278954442574,25.298690786057005,56.33140438521964,0.7332722341601688,736.3681126797183,0.0013114682937583526
225.31256457278974,1.9641278954442574,25.298690786057005,56.33140438521964,0.7332722341601688,736.3681126797183,0.0013114682937583526
225.31256457278974,1.9641278954442574,25.298690786057005,56.33140438521964,0.7332722341601688,736.3681126797183,0.0013114682937583526
240.94565129627568,1.9828315519509796,19.711391245802158,54.59821640236974,0.5715858521903062,864.0415832235842,0.0013192129414418097
240.94565129627568,1.9828315519509796,19.711391245802158,54.59821640236974,0.5715858521903062,864.0415832235842,0.0013192129414418097
240.94565129627568,1.9828315519509796,19.711391245802158,54.59821640236974,0.5715858521903062,864.0415832235842,0.0013192129414418097
240.94565129627568,1.9828315519509796,19.711391245802158,54.59821640236974,0.5715858521903062,864.0415832235842,0.0013192129414418097
240.94565129627568,1.9828315519509796,19.711391245802158,54.59821640236974,0.5715858521903062,864.0415832235842,0.0013192129414418097
237.553809623732,1.9843952176446018,14.06995602374789,54.29325928339054,0.6169797316465758,580.0033254493154,0.0013189589503819867
237.553809623732,1.9843952176446018,14.06995602374789,54.29325928339054,0.6169797316465758,580.0033254493154,0.0013189589503819867
237.553809623732,1.9843952176446018,14.06995602374789,54.29325928339054,0.6169797316465758,580.0033254493154,0.0013189589503819867
237.553809623732,1.9843952176446018,14.06995602374789,54.29325928339054,0.6169797316465758,580.0033254493154,0.0013189589503819867
237.553809623732,1.9843952176446018,14.06995602374789,54.29325928339054,0.6169797316465758,580.0033254493154,0.0013189589503819867
237.8139465674543,1.9792672000715448,11.959631024478124,53.98828483649651,0.7704011221064746,523.519381806166,0.0012712916165412947
237.34932362782337,1.9595757378569028,10.002370348332127,53.72545282955398,1.1885057779977517,282.0417391004735,0.0012640157264926571
234.31701307719698,1.9314479652180359,14.109652520460983,51.90871006121674,1.2032403983563484,407.60483571525856,0.0012964550691924137
235.47139064655266,1.7852729942068433,5.933539402103783,44.397275640559016,0.8491558050746835,329.6507833546238,0.0013979577808881471
207.25117438568964,1.946873614644758,12.88707897439868,47.93231469949014,1.253161057620532,916.8162681504929,0.0015093572638294659
82.82355778622129,1.9878685912200067,9.648830627952057,44.64987431027903,2.3412510507757203,784.672067376379,0.0014683631848616764
51.86692555658096,1.957189818248756,24.886178061250106,46.04612445375455,0.6361750600842933,735.1465536686017,0.001444963524195137
72.04859114068296,1.891208698654639,15.030689863700713,26.71205571418232,2.4577108868397715,234.81489085686513,0.0014622600721138843
86.32031183219509,1.974960204887234,9.699352520837893,41.562198767648844,1.0391394463245898,922.5583767953209,0.001577078504149155
167.9362877013072,1.984877019758822,3.3510989896915873,32.07935656566599,1.4756806631061348,130.8123141060234,0.0012788608845756121
109.78487586378688,1.9420336530047204,9.92510606367092,39.11848204765714,1.1462498546845474,1181.0901385220227,0.0013893540869900798
135.5461604375216,1.9617058792125388,6.564773869154691,37.42572507306559,0.972534521938827,722.1812284668548,0.0013366303400679305
186.45559693923383,1.9358500495657287,6.422910008537921,40.59850113857255,0.3746382706900688,587.8799693203987,0.0014285560643307106
131.03997025225485,0.9174449559821468,31.920016662701222,39.89959061984525,0.8825856374387818,509.51487911738474,0.0013979796219986754
163.01174733767584,1.4562355378003984,7.5503287007146564,37.06251262204724,1.2671969274535908,250.07576421616156,0.001426926027831123
113.42118370021336,0.7904770943166908,25.884793164931857,40.00800541096964,0.5238002203991732,735.7714198829058,0.0013801401145063094
147.0289959670888,1.8565844476732187,15.843727266047603,34.346500957146226,0.4265715541707607,349.418672907024,0.0014208876358346337
193.95102421541236,1.7587012661595451,26.889911732411136,34.90153544112194,0.15790489168857946,115.58849773399574,0.0014886970298934703
220.579669843175,1.2153180145740061,30.091012818926583,40.2371202568242,0.30102494495750476,117.57560517019203,0.0014763833915514227
125.32390478278211,1.0246959743136481,11.701557201104379,35.24051496880806,0.166580577250364,74.62360286791652,0.0013624631300730105
115.56197955452309,1.7770928112329465,29.216006777369678,38.56361391142174,0.4342517227522681,343.2594075216285,0.0014187539713705366
131.96454771948592,1.8298424812448997,20.705346787467438,35.31048998391348,0.6810215327841764,50.55838803327434,0.0014019136395257022
148.74840483033788,1.8891401027296768,38.317102917764274,32.49048508860778,1.743402670618209,204.0672817644149,0.0014616335013219696
89.59859361264678,1.9667070929525734,37.1756159675953,33.84777143648257,0.5553224194044016,238.18292700495755,0.0012655751049132807
127.95858827352458,1.9625996970088093,23.99834909817143,35.92931937163909,0.6669492185396177,203.8898392485728,0.0013291444682794332
111.58245854156307,1.9181955903785695,28.3599484145381,38.08746691628657,0.751896549727952,287.9740123478511,0.0013131022001147935
193.99667343648727,0.9454142499198135,17.796855731545694,42.32339775173541,0.6586016539932389,291.48510968730477,0.0015627127263572876
196.6689778686925,1.126020032638204,17.926945649081823,35.89334472944991,0.33551423339472547,432.7491820476177,0.001613547630269128
188.58769486396844,1.1293928925973544,15.609281668459554,40.49400454675244,0.6559719177075023,316.0069853645907,0.0016378739534914982
176.25125813660438,1.521795252566678,6.311799139892531,34.10204117923765,1.3454404835127682,710.8755720862963,0.00123727791476253
119.6152420736983,0.9602459011729971,25.800300821145722,40.90916247270937,0.7851303119138472,329.70385498539326,0.0015829929708864666
183.00684423533662,1.3377130167401612,22.782407746081784,33.5450596481091,1.6938135172702,478.68094289361125,0.0012972601345135396
102.6218824237854,1.62451179709398,43.06416746417297,40.50623764059645,0.6997721503658714,430.2176636400809,0.0014702258646471487
155.72344270456202,1.619638117826784,4.09100287132813,42.338872849392146,1.1326887309654496,660.610588561247,0.0013160529969574396
104.25470275376213,1.7244792049567819,2.923903202766486,43.66704084602442,0.4983794121890105,117.7365889716477,0.0014713174099048674
60.903093264013506,0.7296535498337524,23.66902488266427,42.420047099054514,0.9205307482485732,379.1939658647061,0.0013837121850590367
226.75068902398047,1.4293649251775888,22.921618113109048,37.948243629068024,0.29202237607654147,493.4968085737634,0.00145898533254076
88.16518553478292,1.0777488166865172,11.355708263448957,35.477592871365864,1.7103047981172046,558.3135999318016,0.001520999783748018
77.04898945317609,1.2060855682783806,25.345760959794077,37.16217322775037,0.7893291190090402,500.83635326995005,0.0014047523652008643
172.64501433344648,0.9533111156895138,29.831928510267257,35.091640027625814,1.8905587410052405,457.33722388884667,0.0012992230744509601
70.26976242588353,1.1230756393924777,23.28197798480582,37.47007109947619,0.8707074406451063,706.434953511306,0.0013102940465425199
224.49685981818615,1.4713498518089467,16.126311276976534,42.76803977215403,1.506008904064293,327.88445844982203,0.001378507643766718
107.32549135069705,1.2232302981755148,4.850901340034807,37.134219131122634,0.5044909420677673,162.9268645679254,0.0014240454520156754
192.00664958163014,1.1991877597470575,21.891000202502635,46.187704095021026,1.714967180477913,751.6666405986684,0.0014395011940279505
86.20597555522423,1.2511593181749197,17.42859654593099,31.01927655543451,0.8517463585274331,288.65732851186806,0.0013617408673427401
149.4272348535551,1.3858237421631185,16.842583497474447,33.415505858167776,0.9276422496737541,494.9435941934068,0.0013769491267343924
82.2046489302569,1.727354044930559,9.463794917323366,41.88422472619999,1.3113222291838218,237.75048012914823,0.001383216633795547
74.8149234407773,1.0260024646076968,18.646611338530743,42.240258793068314,1.1357586217756703,368.21834706311347,0.0013438051643585912
207.71999550571317,0.9205477683222538,39.6429008506111,41.91802572572865,1.4077361062686715,808.8823251874243,0.0015675997484250876
234.56986604756352,1.6873590428000604,10.006214560939606,48.9643519407559,1.0364072066640893,1075.546938925455,0.0015439491726770655
245.97690848376382,0.7206698024123083,17.264195504326388,51.36524034848388,1.8155085041811718,740.116671859665,0.0014474812101644874
248.52620728311223,1.3055627836191646,30.182610299682278,53.8310265647305,2.128104552779276,699.8591128754366,0.0014305089621418723
248.90985518936637,1.6117728979626973,15.762666027789246,53.91007983712635,0.38824125657495423,890.8622389117925,0.0013655788631815487
248.8324076892389,1.2818144455612641,20.228146702146294,50.19900673372019,1.1955677212044933,332.82592201186117,0.001509310479682504
248.50024431281406,1.0660357917992425,21.62490088564591,51.56185840110291,0.7880477645038375,409.8135041282408,0.001461673005832629
243.19206082035188,1.807282333496144,23.317394443650105,49.60432824243578,0.46288708797267236,358.1557897956767,0.0014946440292133874
242.89450413362815,1.474625106397119,20.55282244783465,49.45455467869963,0.4268504134692357,602.0262125905616,0.001442121017167751
237.92628005481347,1.0574212433848749,17.504322924684473,46.50514334564188,0.6369196067077109,633.4502842768777,0.0014528446487191333
84.01299509951849,1.7785671329610757,7.198816857437268,57.864506693277185,1.5591421040161773,448.8622569724068,0.0013944044840582008
79.62519005570155,1.7621078278704403,8.724673491692975,56.46125092557418,1.4028642551413915,541.1805256985526,0.0013574030149099301
67.1477023462428,1.3494366914150469,7.11352710205755,55.931368712560804,1.0935602743441628,431.2411889601637,0.0013312810751108638
67.1477023462428,1.3494366914150469,7.11352710205755,55.931368712560804,1.0935602743441628,431.2411889601637,0.0013312810751108638
50.96818318245737,1.0222434940540472,8.076514998816599,54.96855989351913,1.7765712261217383,350.78381148194785,0.0014025810752161336
50.96818318245737,1.0222434940540472,8.076514998816599,54.96855989351913,1.7765712261217383,350.78381148194785,0.0014025810752161336
171.90370522763476,1.2236981399804012,12.247071222654746,30.683163750095016,1.1681029630236772,311.7283813135599,0.0014665387698717934
111.23648297909699,1.2200789589299852,28.136518575493223,39.61230252337602,0.4593225169702466,661.4987718450888,0.0014803658366349453
199.21517184092815,1.188235079591785,26.39736376081282,35.24927395501016,0.206644264346306,279.7041704348612,0.0013405820984829888
132.40997460698594,1.0455150199012693,23.2148100020451,44.22195318996457,0.4854094054391492,1344.4615551557572,0.0013932368126853701
183.87070454628045,1.2827014755187798,37.861009213322546,39.48025707738641,1.9052225723866203,143.68298946815366,0.0013543998276627865
116.91941949353549,1.0397340826314523,7.241759604227964,35.902727777811805,0.4747706129622669,627.9962801809304,0.0015529403300543008
160.01929908552938,1.5105197512079471,5.99491433810252,43.084102469388895,0.10977446500765004,366.6889068525716,0.0012761495165219611
150.46193098575952,1.397210566389544,4.192310634238463,34.760577273451865,1.9730188908314377,97.99928226529198,0.0015297692363197561
214.26758592669407,1.7728176692332587,4.891541632133543,40.52113811160154,1.2710740506051044,102.79659763803444,0.0015862050603680012
86.91442689725285,1.5216153923293247,13.043384112463116,33.10642087259569,1.273630202603102,53.79212804760744,0.001369462361672643
220.03169334754793,0.9498997758714118,26.050446971573194,44.19611622035811,1.1617515226320607,1293.66271898727,0.0014992876287807891
203.57451734582185,1.8563793685964562,5.794560385409813,39.00674963961165,0.4121851012199807,156.78342238275388,0.001347749236616237
94.3925345380251,1.1142498334213364,16.77402714385211,38.44619678559919,0.15273099206786833,1093.9178929276402,0.0014805940184199307
73.4272400179846,1.49806853618797,22.590783791699813,34.524730527040155,0.8723327068006419,85.52856380616026,0.0013635328466795296
125.4962984120232,1.5658667831194122,13.734525123166453,33.298274983535165,0.29627029422803974,59.75573303237923,0.0014747737702431362
219.68020363962896,1.3119465102006567,16.250172711083692,43.376491618118585,0.3723691476842991,69.49239195109885,0.001402397761410255
97.6433544874354,1.5255020529602683,22.409806225182056,31.81352882791038,0.5723302759037572,169.47707546606748,0.0013603379490017423
105.72231571849402,1.002152178820708,7.545615948141592,45.62000245304902,1.9334130151221325,862.7895026706442,0.0013564612857387551
94.65329948395048,1.1128688323680722,13.167002291380484,42.48966568109054,1.4115508886536272,197.58661952208544,0.0015234434513563436
208.72966073715142,1.4375791138222922,16.20949260928129,43.60483419763425,0.3585745000157477,434.5782538435533,0.0012953738048050614
151.6268835697329,1.3933517327266947,21.6651358620342,31.013267923271567,1.0477470941456228,282.3853516857468,0.0014936249139625227
140.79082070160396,1.0032486783622119,9.64809055105675,34.87841725452944,0.7276388032477873,218.74190708958656,0.0014306122306832706
140.79082070160396,1.0032486783622119,9.64809055105675,34.87841725452944,0.7276388032477873,218.74190708958656,0.0014306122306832706
67.52443575888678,1.2149498243227197,27.922173435630032,41.25840533366719,1.2644377391638653,200.5382668971456,0.001311055171351608
228.96151065205814,1.8708287610088943,18.60893621635798,34.388185881167914,0.7591936137153129,236.26977065146983,0.0013273445241304093
205.12119839207244,1.8658351016797363,5.537174102734668,36.649549225137605,1.099952885471653,641.4566355171904,0.0014170779594029686
167.0315349469337,1.0004194017553298,20.849490074051367,37.047070622710436,0.9832888006076931,449.04955236339134,0.0012797892772684239
182.46552944008565,1.6649020680414268,24.83497548522037,38.625762642728745,0.5704399773326521,812.8805712093634,0.001353623143408522
157.02742151184813,1.6009371946165176,23.5881264541963,39.0909463374524,0.7451372774204257,740.6641177908913,0.0013214687947140388
83.9954860175295,1.63997469609977,22.82998099848642,41.878673312730484,2.6837060420380863,1216.586670061653,0.0014026062219745302
131.0617756525058,0.9945877140144802,6.364411762315382,47.17839614305566,0.5632712415325145,311.89912132827266,0.0013375495761960001
122.6385005808128,1.0699132683414625,7.196239328990529,46.99942934706204,0.7828063421545839,457.5758744188103,0.001358233266670208
229.02255727029132,1.9342252958408632,7.2136106299997325,48.92858185793964,1.4688126949380806,796.4073688161059,0.0013950246645291773
227.89197058114507,1.9826260233029958,15.024695521375614,50.68005705916636,1.117638534594223,1292.9485849461657,0.001435053612402449
204.29995091783374,1.9864736686842441,13.053458789258668,49.081501461242425,0.8342588579333896,824.053960508292,0.0014027998221339951
145.29202533007015,1.6791698370170032,16.235921736310964,39.5659176995236,1.4527376258884874,359.23816470890455,0.0014608462308214232
158.5326886273888,0.8072275324566957,28.40930896864517,37.14985857658668,0.9108994423302962,588.2569825095399,0.0013030348383364664
125.63927595625141,0.8911462218159439,23.812070720151915,42.03180660233589,1.0432445774099923,397.37052398658636,0.0013555052549126128
172.68997182311278,1.4740839030609045,5.548095490061518,34.30367299851757,1.0979307908006006,671.8450574248716,0.0013791216037719225
78.21802947705511,1.3010855723834278,5.96592075069645,36.784418939905215,0.7982131017546363,413.8406979522828,0.0014136960117015793
94.37606591425153,1.152662376950052,4.457245025807855,33.42744709708268,0.675646042739295,377.7992835005869,0.00138997728318954
234.5136199311514,1.2576140350479503,36.325858797010504,36.5276154426914,0.6610348204456474,20.30565939035418,0.0013901649170815506
97.53968783265512,1.725701947814296,4.670396449611813,38.92474241827909,1.298275281821666,697.4334020017186,0.0012756836291660137
197.01745116875188,0.7826366779831065,34.75321402945593,43.49126060625021,1.309337915064908,115.95329331986963,0.0016888727400410303
118.08582344174656,1.5768062030526055,16.87140120775691,33.63741507923426,0.5749311406495664,558.6843265469024,0.00142206689668685
188.07942995953772,1.9874564377441324,36.61995986220183,42.70357164558665,0.7206017269775624,580.7002349032927,0.0014693652996502439
166.51542698092143,1.9312791745406919,23.457603658823995,33.84803682911921,1.1828575571045166,178.55602505009685,0.001571550472846274
66.86031235498342,1.8637064483124817,31.80164130766518,33.355294702372966,1.4315097289836345,282.51436209334577,0.0015492627479145502
73.41571112216239,1.85904256811936,31.6673484684103,33.3793325398921,2.6081333298380236,289.45927127909965,0.001515532280367475
91.3108005954606,0.7439364115266273,19.48848086768561,33.1386095844063,0.6211114147041099,483.11979554291776,0.0016085818791175413
111.52751228779337,1.1893989491765597,25.734588937651054,40.94912539036494,1.151133505056636,847.8301430220662,0.0014064477269205712
99.24874897776489,1.332782680479486,15.513470299965581,33.100139872887105,0.9088197303975292,359.92395042978245,0.0013500047689663287
189.11527114070643,0.9688258789250729,23.078934094685533,42.157286176444146,1.4428016808622592,216.36556330698133,0.0014378566211644284
152.52297313850607,1.0323071949768312,15.302800611140722,42.935191784974045,2.0771519157942153,159.18607709025113,0.001459165745005203
187.8648593966751,1.4156918834469587,32.55379750197341,30.26589007136079,0.5528225773914173,291.53707047029354,0.0013946166765580875
122.53299968510703,1.8831729754978823,14.189105317197448,58.639782300153996,1.2930539876518448,526.6050612042671,0.0014564516629863083
131.2859240837492,1.814193730354935,13.765876437760232,55.392229156684216,1.0868649577144776,411.1881034498848,0.00144870640387402
131.00595737062946,1.783992979893587,16.70642159388493,57.39292152678771,1.2797911309153027,526.2238717958636,0.001460145677402401
131.00595737062946,1.783992979893587,16.70642159388493,57.39292152678771,1.2797911309153027,526.2238717958636,0.001460145677402401
129.66697368314166,1.6248825081631804,9.64079123157152,51.87160698136564,1.2323067832183818,119.23469180406735,0.001451076708329543
137.9453473576887,1.1805154450160074,5.14045709006009,49.89877873230906,1.7572069851233212,250.8786197297494,0.0014372915893911251
102.96068971506061,1.0079572279617584,5.100851057191147,45.31195173135393,2.5633716666541138,167.62384614996589,0.0014141104890086846
78.228236844442,1.1558700936309614,21.98454509004568,31.67942000224494,0.4857580584796027,381.1316550188828,0.0012955684378197368
56.80569163662767,1.3655306905794504,16.237953117524505,40.49091274632234,1.306008536942067,684.2604351671051,0.0012479842219415332
76.90124748049116,1.3814974799114395,19.86197404291257,42.05706532947901,2.079245338871962,956.4250959038917,0.0012288223281857907
129.32473219831184,1.343592707108516,22.78537221084322,38.98231298410396,0.5361500049804978,256.4614730656237,0.0014324374377759866
141.97134163200053,1.2403340432690975,19.992816358878247,35.491079106168996,1.7705773552448096,566.22011337837,0.0014410720993776778
164.32285451493865,1.5816371178231063,9.461927859993986,34.128223816451786,0.9671670523954342,689.2934809648879,0.001393830961960189
151.13433211252743,1.4443416311171768,5.116827411805422,40.73446028266732,0.9263361742502583,259.6415161727222,0.0013286172781593036
242.20070395448775,1.955111156272405,11.981062948480972,40.37430408951818,0.12376384834034126,235.3440267165537,0.0015321709371260408
234.16620212941984,1.9894365543649841,19.02599701752662,34.47578486110852,0.30766817469212365,172.2951489711694,0.001517339902964409
96.42614221197663,1.9975215698538038,18.28112111237294,42.3554790456051,0.3180871858305666,677.8646248248376,0.0013699056732307782
187.02540504018563,1.9998922636420577,29.83678420165525,38.64533208613127,3.397086002785181,640.9638747120541,0.001518183451809842
179.25628082421383,1.999919965477177,35.224722822566385,33.17226176045897,2.565503188324875,617.6595431525315,0.0014560655535226122
162.78833842544748,1.9995872200118778,16.173824390393076,36.227481165929056,0.5947733059688045,300.07162174067906,0.0014686294136240696
111.36868893852375,1.9736909390878663,27.764450765134914,37.44217043704753,0.09792680578881303,274.57844349479217,0.0014574902085369296
111.86748815846636,1.852008908773572,27.704232714788745,36.76183849240036,1.1111688959301445,490.78567933187935,0.00149138324011812
179.33418724673044,1.468193235002093,31.005374116050138,33.91197064471905,1.5050607800853275,372.0778046053026,0.001483215692115741
179.34011000614564,1.3305390489508788,9.358895042110607,42.24966213896709,0.6413616373128732,281.312898106646,0.0014273929159105997
175.1925759027269,1.2185301719575774,10.42742482352613,40.936539600749654,1.1786844812568544,738.359670593043,0.0015047807801655733
172.4416070803283,1.279573437663279,19.14458004620392,37.4987183887097,0.9998907339495793,311.8980639188505,0.001301682154402979
85.44581444802428,1.5690914489727505,5.337694367893952,36.127761075357185,1.5757878017601388,210.49503306474745,0.0012324543504206626
131.47683308265778,1.7543098182639085,2.3317359142749017,36.112828833943915,1.5297067998187077,118.71811861236841,0.0012510116427646577
131.47683308265778,1.7543098182639085,2.3317359142749017,36.112828833943915,1.5297067998187077,118.71811861236841,0.0012510116427646577
147.0112792946188,1.072652422012551,8.130393473025094,33.580109379880334,1.9526756999611654,418.7050494808161,0.0013907409861370944
212.09429877436108,1.6315225698227647,7.9961896599170466,51.02087651773823,0.4410120086409903,619.3937068660732,0.0014330904392791978
189.98386779293958,1.4442782667603027,14.376291538584749,47.50034565772398,0.3285731977239028,910.8707858852027,0.0013832673618026916
156.9998646128515,1.0583361373403601,22.14494410325233,29.851606009719518,1.2084302916102887,49.133864948362586,0.0014653644061562577
140.23959872335018,1.24752004846411,20.258621820174852,30.129008719580053,1.6729192949999678,26.30590420771238,0.0014438861863409675
183.61502669834624,1.171286830855866,17.612725651418902,45.239753635707324,0.5953617879873868,3.5339920275174843,0.0014370675913824567
126.0398996633492,1.6411689437820347,22.39766374163136,34.260437152157955,0.11752904151207404,3.9320517972238958,0.0014737214350847984
197.29079249908838,0.9814476189430328,20.976432247854433,39.66925058576289,3.0259687251359706,136.8563342717015,0.0012917868590834405
207.7055872303887,1.1499187601025516,19.824084825399186,42.95349818555888,1.8961206591190982,159.6013486774759,0.0012303033400083623
224.63594843438958,0.9398347701662928,19.395798589951106,39.85809004794916,0.9808738880611664,173.74923698385555,0.0012539714576430547
203.7303859538721,0.841179896762702,19.40186323138375,39.85639411946748,1.0771427724028888,114.49534527335248,0.0012544219794157147
207.87581738639028,0.926312036450997,18.924394817490036,40.22690586796799,1.4634186403477287,97.50687990936723,0.0012637425312573333
124.40930131179313,1.7274591037852904,3.566407790213449,46.91516956421318,0.7165278203725285,1201.0617586710212,0.001455807525690447
118.41085739684932,1.9318668068306566,3.2295788695031296,48.00363590143168,0.5815088494865243,948.3462648201183,0.0013665825094905327
229.37971311472924,1.3239214059918896,29.9047858188299,36.40112739304844,1.6291604178271943,157.88097234893388,0.001355980904902196
147.12571432842435,1.4041180980596426,17.550416268572413,35.654704416555994,1.688670117314394,124.39721838989456,0.0014883024053855866
176.73751304151685,1.5738763850043282,21.17962296735529,40.29603415996028,0.1372745556512814,266.12540032445645,0.0014856533577176695
174.4243615255448,1.0537950440876425,30.390124376781948,31.684622198059802,1.4040921211749036,904.2628046176793,0.0014089678246753477
172.7628318114902,1.2982174508396744,28.78730854458228,35.50738312907343,0.9336316193516045,541.2303830017202,0.0013831765365934332
219.33086325242465,1.2911651465316039,10.927067411451176,41.39212885119902,1.182218655853565,516.514312124571,0.0014904631162287107
81.58325947371085,1.3888489982868826,11.10367754085697,32.412605409878054,0.5920636647328489,196.04791614127598,0.0014896443216526178
232.31694356888897,0.9679346435450168,28.027247544027357,43.08832978112013,1.7012688932378075,584.5407259276152,0.0015376068860533682
201.84539867757593,1.0836272915942387,31.461055997823895,42.56274814529469,1.7152651816575586,537.7308749914284,0.0015725136032269048
214.99125087669162,1.3592088316473334,13.161762286661634,44.35445983055411,1.2392049883647553,714.1032156348622,0.0013587063437536118
216.10059820972296,1.2511714097277506,31.28514635678871,27.8059858638624,1.4654441471260753,489.3322018446216,0.0013099789666779775
135.5037148699185,1.016065125921821,17.317197409930838,51.67807048750494,0.9923068899522002,133.67465353641867,0.0012340315297686105
184.57456142332177,1.6917509730574205,28.303747101248828,53.9876515006406,1.8942672082627359,115.35020461236964,0.0014563650431649643
199.6711805187744,1.7526908847568057,27.772874067677648,53.46019726645707,3.214465819039576,95.15953251672296,0.0014451324269426611
160.08889782253715,1.3619831986286048,12.009046980123204,49.25549045802704,0.4473297606476177,117.04783628545317,0.0013929862573996003
170.57099721095557,1.4157381978063126,7.979626563622183,32.406694624225594,0.3891400197096284,512.7795086988262,0.0015674912915395207
137.00739046357458,1.2454109896366252,8.540933620899528,33.888966005148994,0.3966941846426796,502.5242453610252,0.0015747031770429489
204.56506535228252,1.3629379138167788,13.923198889234447,40.83550455685332,1.8932181914064663,668.1503218604755,0.0015358955512669412
179.65779918890817,1.0346777759959935,9.149795885532892,53.284971694624254,1.5784539313243744,564.7372247967704,0.0015082788157305
165.96208632917475,1.1094748940904193,8.118085756934953,53.77131353401649,2.01780515791103,571.6833941926226,0.001503734960609088
190.4303696361334,1.638434540177517,21.408203106377126,55.18245171839526,0.3320425939189876,1007.3781392250153,0.001401041297633282
125.68147250626657,1.515983608727703,14.315731533087211,32.75556249226545,1.2641903721201966,207.39982339435025,0.0014230868302040347
177.16596957788002,1.6240495117261269,16.270913165865746,33.63290277556086,1.7133554029896376,382.64856823229024,0.0013610552341489436
105.66705830030081,0.6182084512221497,31.74407086377168,36.75459348258474,0.6745146547725936,314.5340714205441,0.0013400071693271693
108.24202189059237,0.9165779358367243,31.21036969263546,35.746364044140286,0.308594106967701,329.31638608999214,0.0013579255211137247
156.87395544521095,0.960027924675932,25.44757430805451,37.0959153372035,0.6638338673294691,694.1362156909831,0.00133138758750443
106.83163802466773,1.2212902902595308,25.946509029544217,36.88408703598805,1.8380501944323226,296.88781575554526,0.001362647683144324
159.7960878394505,0.910866269937669,10.967461145987718,40.363610210388664,0.8985062699759,556.3362808490347,0.0013959775524054053
158.18047670520212,1.359530757293294,24.977197269554,37.0184727567176,1.3441479569377757,718.1010498707057,0.0013538123857425198
180.67150402130176,1.3526684219496334,40.63579493304541,41.05937745307877,0.8650424228453016,466.24623128776335,0.0013256070581543176
218.52049790663457,0.7124249402150667,39.54575613172929,38.92163027692801,1.2221214377552114,178.05154852351708,0.001323192711493239
176.9023546672635,0.841896625243205,30.76377936843825,44.0495760602526,0.9296510517772609,348.4108261445317,0.0013096520833762535
138.60857373384692,1.432032001571076,16.966163636271382,41.67988574426263,0.4796118820060193,181.39648729124303,0.0014593515105518133
154.5259034729309,0.7129121411509582,24.218659063903022,38.7418432585692,0.598933030728695,182.8345982974607,0.0014838702608818107
128.19561550152358,1.5304124692783148,14.997021212536781,35.033770846187686,1.4778976188441968,2.574829129001461,0.0013515565758826992
165.77849096462555,0.5647132691928085,24.440496320885615,43.09893142080541,2.018876323442973,2.837797115429265,0.0014032191944890126
169.1765191487131,0.8307985600558089,20.2993222623658,38.0752382196171,1.5149189459763621,2.5217223681513086,0.0014046466895737504
114.3225924254053,1.4867895619983744,24.241129003586913,33.69684807960041,0.8853493602977247,4.754408617088495,0.0013242969551655634
112.77278860968657,1.7489174838572565,16.573614945245467,42.05282362108878,2.7691522475033468,2.797643052308397,0.0013983736374917513
174.89224412479913,1.9948032156946134,31.180169411448617,35.39657827615129,1.5671481896798958,985.5215486411373,0.0013907446758448907
187.04416522134517,1.9835997403915833,32.098806892838674,37.66373901395038,0.8799691015528711,930.2823217975116,0.001405746382252988
164.1491729446206,1.5990980420186007,12.723413104209621,36.76699734935803,0.7201182007775645,126.16331823740397,0.0014218302798430374
164.10733666384095,0.8048778526663232,35.15887986696915,36.550317984999566,1.1390037438794134,982.7187312359199,0.0013797910913925723
73.09059094298024,1.6450952450220504,19.117876532637286,34.777409387325214,0.7079362751687504,195.53086219671582,0.0014914279681485063
116.08287843768524,1.278827868855335,28.665166823561705,37.9420908766244,1.4273725872362995,711.4113912651962,0.0014513641228084814
207.69457691009302,1.0717049202446902,18.544126805503804,34.71965745261561,1.362712076205594,385.7706689616498,0.0014779625514497372
210.3903023125461,1.2642434620339624,24.814161455761074,29.650642022493773,1.3737516895154738,172.33764773675398,0.0014522617852547963
118.59985519795974,1.318752959026292,26.385691355830765,39.79737576649553,1.4864149520076642,186.68806387520763,0.0015180111646127489
112.68707463660846,0.7894487762266226,14.099635012424649,40.861155114327126,1.2475879472138978,950.732703018556,0.0013484663375852662
123.08814665778183,0.6835143171768763,15.467999753088055,40.486495746541976,0.6398147451760318,1060.2193834421812,0.0013433008426609206
208.90726730228843,1.822680299219771,13.21547796012437,39.98416058610456,0.5958557367681148,685.6082410182337,0.001364109552142833
154.66209562315615,1.5300112770306995,8.34515112336343,35.48068325901324,0.4281630199514949,428.13184642270704,0.0012381973186591205
183.4975413975196,1.9409727645476234,4.031590064398903,45.526823152314286,0.27601554279139434,502.62728636703275,0.001410966388364891
63.16315121313013,1.7021288816345579,38.34430763656696,44.81591553880541,0.4245384886458473,454.2400297470173,0.0014743224784819875
231.23826054506594,1.7578210753455532,12.42480686871244,30.561574743540934,2.209927053805537,13.337059326846335,0.001421697399540586
188.13554786148467,1.3610505457805864,21.85708344605709,33.06577483134093,1.1037130653830303,19.339336960777846,0.001394563357688379
161.09009991792684,1.0383924438540566,17.096908796605213,41.134376019389556,1.192256616946464,21.199169404625124,0.00152428337177777
157.9688340813496,0.8606425921392037,25.479821390849406,38.88327443672399,1.8566788307431277,887.2681302762014,0.0013446164647544776
128.17967324534095,1.3241255837804047,21.0378333302618,34.46395028349876,0.5182183521556118,429.7362082962293,0.0014259445500175777
110.76706465616175,1.7563190350532423,15.361867132528456,36.68723762403424,0.9122571941515853,659.3648103481763,0.0011801829822570909
150.49980694677313,1.0367369136339346,18.782648687050376,48.81042666090392,2.1064624958607574,744.9966580240092,0.0012868764921716614
132.01353331822224,1.0484893046256285,15.332431982509323,42.82072686355398,0.7996244667354417,700.8916501910526,0.0014246657584127504
168.5950484667361,1.4619127510114813,24.538206542680037,37.15947073975137,0.9483760525423747,672.8467844885695,0.0014112372572916369
89.87168683723036,1.2840724248555717,15.596669944707243,43.61232487904345,0.23709329393565104,355.14582475347635,0.0014070751213476687
217.76915176498005,1.6863932394291015,25.592487328611174,34.272361689060475,0.33014504513166837,739.7303470802705,0.0013843992692943862
179.8240710468402,1.7046369594919406,8.51973613020493,52.45131147380964,2.0407801142397073,356.83398956424406,0.0014327350933291154
164.0258594208352,1.881522343191942,6.845431264302175,52.961243243763136,1.1593693355679593,447.9490332873303,0.001438228419143393
185.35432309526558,1.6806787578978708,15.843846883747158,53.50011099447198,0.8111253772241979,783.3785886547339,0.0014486784385725764
155.59572670839802,1.4157244725279214,12.363211913843577,53.36768183959984,0.7175159160751113,966.0891627947705,0.0014848058280211665
130.206981000668,1.4644607429331122,12.43981247187557,54.37782372455838,0.7398790678453993,708.1379467413796,0.0014918239402750952
165.64277083221916,1.0742997404648622,20.11690465634025,56.016075770244036,2.0340239457665703,289.38473619691433,0.0015420904307927817
160.0342515857476,1.1487420283322352,17.56819605279995,56.67746751210041,2.469667302142306,242.6827216652288,0.0015456360878148441
152.51878493276465,1.1355708246490968,18.229846856133772,57.30200079480239,3.0933354129542434,254.64470471709484,0.0015042081700154088
94.5681328252249,1.1113492136215812,29.870356104258978,54.727379357724686,0.7601888004831028,484.81934589681396,0.0016409032880423083
87.75623157362439,1.0121375151360474,25.758287655901608,54.67261567327075,0.4578876828583767,436.54957937287395,0.0016353078911174222
71.41820865289452,1.4373132783488816,17.755996950894158,55.476193312512095,0.41906721826432874,398.4284206354346,0.0014752262828527727
74.4241572820629,1.4898226782889366,20.93925058591069,53.8253955781541,0.46788707472685703,315.04738751592504,0.0014607051728135303
91.44024882305577,1.2863247774088369,15.371850892739324,53.66552809062127,0.6875618326971699,428.050669252202,0.0014468221575143847
121.04717053092034,1.1084931432051954,21.46337322814134,54.33900931132027,1.0832310925219502,448.0445438666132,0.0014170557699045394
126.08217762455666,0.9497660472135521,38.963005675704096,54.04074313947696,0.9702658309308919,599.1853076973548,0.001364727477866171
121.8350580272935,0.8424962299479627,37.602735345944375,50.5598436291435,1.538375940026066,749.8077570509726,0.0013708845691048647
168.13140294891878,1.5861775024292142,29.428084142531606,54.70595493112308,0.952773774059891,1103.6910460448842,0.0013163895218689173
188.102957363647,0.9178665099194591,20.755966433565018,56.2391449903165,2.6796658480375815,659.2545153043553,0.0012656257730031429
188.102957363647,0.9178665099194591,20.755966433565018,56.2391449903165,2.6796658480375815,659.2545153043553,0.0012656257730031429
145.84598453503864,1.0826013136526873,24.295753543928836,56.136922009899415,3.0405983678471142,986.8566931518159,0.001264687798461049
184.77048163806666,0.7612373410971287,29.243247623607076,54.929701201468994,1.2049767856056464,1288.0748494443658,0.0013388466886370101
123.8298731206848,1.4736689911088416,27.66831138183474,56.57129167689964,2.3667866357940905,554.6187129898028,0.0013982877607823072
120.44975997522364,1.3297134955702696,19.70084823484838,56.38289694249804,1.7152463149551913,953.2629909140785,0.0013650890586271761
178.6728217216205,1.8436023594267683,15.920213833857682,53.46174944322369,0.3542142858290101,318.8039844738893,0.0012783706420413448
178.6728217216205,1.8436023594267683,15.920213833857682,53.46174944322369,0.3542142858290101,318.8039844738893,0.0012783706420413448
178.6728217216205,1.8436023594267683,15.920213833857682,53.46174944322369,0.3542142858290101,318.8039844738893,0.0012783706420413448
178.6728217216205,1.8436023594267683,15.920213833857682,53.46174944322369,0.3542142858290101,318.8039844738893,0.0012783706420413448
134.24349412700496,1.810248089843535,13.895662016299811,53.72050185553984,0.37466245406692433,710.4553944136336,0.0012806605364856034
134.24349412700496,1.810248089843535,13.895662016299811,53.72050185553984,0.37466245406692433,710.4553944136336,0.0012806605364856034
125.18200464059004,1.909033802072946,18.789165288444444,53.66909856900964,0.353655204660758,1520.6466532316365,0.0013717580677397808
193.82335891633832,1.8441282366738367,16.462342361922573,53.56280860663316,0.7026294650710514,485.6368027597848,0.0013346437493293713
172.67033329323564,1.715031555864493,16.997841106413656,54.74399066447904,0.8854927966270258,450.7330341410079,0.001342429503748885
119.01768505787788,1.0966553523644378,25.640190579954826,28.229877431008717,1.0997214797983978,456.20473894633477,0.0015711407656950804
198.43256866384152,1.5315394833639098,11.409341811023786,55.35122910729876,1.2128976436151462,435.7520816914217,0.0014195276145847731
167.66594782251642,1.7191981078143375,12.115505946456267,56.425567848773966,2.550025125920227,363.4211586536534,0.0013308878199057227
125.82994114738814,1.6016543604494982,13.945753512717266,55.70535524321685,1.4945878143980842,331.39553878426307,0.0013267344092469553
133.96478033074672,1.7312863775287914,7.89750925189519,56.0944990244376,1.5493878369783562,291.2722495036897,0.0013393015308055946
133.96478033074672,1.7312863775287914,7.89750925189519,56.0944990244376,1.5493878369783562,291.2722495036897,0.0013393015308055946
122.92262839229767,1.6665099247941801,11.13331184862156,56.94284393451766,2.1260701592557303,641.974211084787,0.0014172503975833314
139.09766488255133,1.0766251773044893,9.831217316723107,54.4686259883835,2.3332913935467166,521.7028562996765,0.0013609927381141899
169.0888335471394,1.63041975278126,18.020248020447184,53.406581618947165,0.38708159651147317,137.9759991266578,0.0012884826992864773
169.0888335471394,1.63041975278126,18.020248020447184,53.406581618947165,0.38708159651147317,137.9759991266578,0.0012884826992864773
107.38477373580577,1.3017979432665432,15.800620923268562,59.41488137352771,1.641417513746799,439.90269195735607,0.0012661783783529863
211.79632722114988,1.5819669094825637,24.239278737482074,56.60709152351525,1.0547576078325653,493.9709907483159,0.001228597902316751
211.79632722114988,1.5819669094825637,24.239278737482074,56.60709152351525,1.0547576078325653,493.9709907483159,0.001228597902316751
211.79632722114988,1.5819669094825637,24.239278737482074,56.60709152351525,1.0547576078325653,493.9709907483159,0.001228597902316751
180.98925783736334,1.5782999321691453,22.95513627069649,55.62470452824753,0.743196260204254,531.498191168463,0.001232462136218846
202.129630884945,1.640485899753303,23.735468153542435,55.815385343790865,0.881977640359477,634.3759996811391,0.001228772821360465
192.70267573656056,1.7078491878183637,22.203814139115327,53.80574228971339,0.6652436602607916,929.3944712473502,0.0012246071329544688
223.73596546618046,1.6969248748225592,27.424220707298293,51.96741807298849,0.4241078425618219,462.3682087415497,0.001189054280331399
223.73596546618046,1.6969248748225592,27.424220707298293,51.96741807298849,0.4241078425618219,462.3682087415497,0.001189054280331399
225.77783226738399,1.676265475590179,28.420761924301065,50.482096734082724,0.3341854320362496,435.2513436283146,0.0011956444213185463
225.77783226738399,1.676265475590179,28.420761924301065,50.482096734082724,0.3341854320362496,435.2513436283146,0.0011956444213185463
217.4356589958109,1.410874541908398,31.952964447684334,52.48977780126316,0.4906189978361606,678.072582349663,0.0012148827862803948
216.73150714757966,1.4699192355232262,38.980666665173835,50.114470130574524,0.2825247581861066,607.6471662758796,0.0012273184695817936
223.73677692361485,1.7917802305930628,36.267759605609704,51.1981559956844,0.41925761166231357,798.7836582549745,0.0012569415612914132
223.73677692361485,1.7917802305930628,36.267759605609704,51.1981559956844,0.41925761166231357,798.7836582549745,0.0012569415612914132
114.9152618989135,1.6593494435208762,38.286697289472734,52.15427961102806,0.3605221433728312,1117.217001690156,0.0012399060719766085
121.69034308805519,1.2488417082520864,31.866633855581807,45.53915951976079,1.0775909289905967,383.13525342993324,0.0012996133095464196
185.31970004675168,1.7855826539024764,8.36347208772159,32.54968416517216,1.3652776160226077,586.309716924575,0.0015452128690925835
137.30191059221357,1.0319791736216215,13.673472739977452,38.280178367042055,1.5651825237165358,620.9483899909536,0.0014323728883815089
187.38336180610017,1.526677491067593,6.63270573567518,37.36387012283035,0.38319205174649773,469.8364058957962,0.0015805143775851254
210.29184190387375,1.0370599285093898,20.79577799229164,38.42462201786259,1.5989383605730663,275.4430376296933,0.00128201247357465
215.22561298468605,1.043732240547208,32.548042262905476,32.02661874860767,0.9811633969444269,337.88172843594936,0.0013513693932241107
52.06678579846163,1.1194595720126104,15.960720474934579,41.541608807388016,0.244837327835913,645.7385324884906,0.001379608873696154
50.544614789812606,1.4256268800472165,19.564032809276767,39.684828249567616,0.0986006620061085,961.2460618128282,0.0013514541682136303
50.43892733397925,0.5984052892457772,28.88546342376571,32.397014682874726,3.119617320900096,112.58619087235537,0.0012499786801674735
99.23478371223565,1.6220340718343693,11.811490046557177,38.766851666648144,0.08828742279173309,430.425224754215,0.0015546083083862801
69.9487852653603,1.5259836204293165,11.473844514106778,42.34640115596247,0.06444400006581257,380.85863404477027,0.0015754666426602466
163.77263145198938,1.7393696157565404,5.282887155299651,37.592831016184014,3.5456723149358544,265.2952197080337,0.0014858489746833936
186.6681683924387,1.3807596853763362,8.371424247015831,34.065040304375344,1.1920803619460196,453.33449211527363,0.0015231029327516857
129.24450810701006,1.1707206550236724,20.649789943144945,41.982285132540355,1.0052547464581778,335.7723949092903,0.0014354206557271776
192.66733067108802,1.0826628271764454,17.459822958249784,42.67359582471155,1.2318307184157855,258.1139567130823,0.0014154007388110551
172.19287830413262,1.1056772652711344,18.93018344192481,42.95919725021002,0.7712690035877073,451.2933566029072,0.0015785347708437189
101.14231378948702,1.2057736114642112,8.285299731604518,50.56530260120359,2.082914382643641,718.395219680419,0.0015772959399205867
156.58454444305065,1.2716408033870745,10.441786400409942,33.651386142067686,0.48678877986298597,520.3102563091968,0.001414866069033876
179.74826214878627,1.4409526142474096,6.8443466338501056,42.47765923178714,1.0714148589582213,904.4513989634881,0.001383647534714075
117.27024786847798,1.4160566973604447,35.19290982155397,32.400518399190176,0.12437926701935542,9.374787208150199,0.0014315856747851704
139.4551517252208,1.411597088262772,12.725315005817128,45.71330337933905,0.08831961097137009,3.9484638214704844,0.0013256683028157227
197.39270634405923,1.299189275223357,3.703715338183463,38.76875480478373,3.6128183983512563,10.40840846119358,0.0014444333913669568
197.39270634405923,1.299189275223357,3.703715338183463,38.76875480478373,3.6128183983512563,10.40840846119358,0.0014444333913669568
124.41519379035279,1.9310448563735687,2.788748855001402,38.358944913621364,0.6146465725139582,7.711380015390384,0.001385634249246676
124.41519379035279,1.9310448563735687,2.788748855001402,38.358944913621364,0.6146465725139582,7.711380015390384,0.001385634249246676
188.46658890284195,0.7433777746680998,35.39158684048086,34.78619174280498,0.2452441863298482,30.353845392113012,0.0013790335903130673
209.70739126224393,1.465986355734448,22.158448694720057,37.37036553600801,0.1533708962081539,14.358546112157079,0.0013560169778736133
174.07942175256375,1.4079722199206302,19.66722538850561,40.68659471712022,0.06935141867716796,88.50523240153284,0.0013890264710589874
52.27161022893283,0.9922112060609835,21.01557941056954,34.83189055495117,0.17208345031340497,280.1376454935535,0.0014854485633300893
229.43161068600992,1.1927462732486964,26.850449224184526,37.368807321798265,1.4971411063971505,337.1078232261113,0.0013676983110250552
227.3928999883154,1.3402031214458208,18.138355759135216,33.57600560480547,1.2194223490353082,261.0126335094437,0.0013294486920308022
184.90823648590586,1.1635638715282604,29.11505856874038,39.65055256599203,1.099161941115465,769.8415923264279,0.0012849573680677373
177.89427991380134,1.434198643728229,30.424983687771352,38.25959213591474,0.9709337044176157,559.7623293556921,0.001252029657442625
137.5836125658683,1.4780302801227139,4.254438409634163,38.018443586637275,1.1966353785980843,20.71688920781646,0.0015217497608658525
148.29563054610077,1.2328067219437226,24.42306049327109,35.92740677477073,0.7214743290993534,10.109020251987978,0.001320230754471958
132.6772162269395,1.2582777358842385,21.47866232661094,37.58673398080578,0.7799311867806872,7.238779136281527,0.0012996549208970484
144.59796477300313,1.114815666586757,25.382539767164737,32.9436982043057,1.5100617246107304,5.050890270291865,0.0013244019872670682
195.02555353699512,1.4371880862107096,25.979763433922436,46.90154647739305,0.20458609788220397,22.197568740248364,0.0015624642684461077
118.63959640630755,1.3420659286043664,10.30722964708257,37.04396060702533,2.6072824100159804,13.633009946536646,0.0013549276774351636
198.969088691889,1.856741733805297,25.071953621423365,42.524609471450184,0.9834826919374722,169.28344204733853,0.0015045422496645132
178.41497057798605,1.947150604006023,27.565395929397873,28.504039581354796,0.827322861814858,178.59842564090332,0.0015066356500898451
112.20417827962066,1.965246240946326,26.300632815817128,31.390129506299406,0.5602541614523342,230.94622259368091,0.0014675941722495037
175.2629513024545,1.356617901393756,3.826520741194882,48.00618469183182,1.6713835972565905,416.33862525985967,0.0013602992727516654
158.02510430955974,1.6627371117930365,5.790560917196838,39.02282229124159,1.9504831565969696,388.4482780193325,0.001260077313830292
183.1027636142754,1.1168249980939917,13.896196568660066,32.958526175011905,0.7327246147329894,709.3604193210623,0.0014396387376815608
151.1491938991467,1.7391137765174207,27.135341789263123,46.30234137193277,0.6949383951915659,277.2342331251152,0.0012363475063807208
120.61213368262769,1.652733863613065,14.661023690525617,35.68775931294446,1.6366627917361218,728.3480780664433,0.0013830364172458711
178.1318032550161,0.7411286598684116,22.173935325947383,37.57201279510032,0.7171530435427705,466.0268605417565,0.0013868581783920016
151.72678561092786,1.0883634648671263,18.01611615781073,36.850604727246456,0.598615444364961,469.24434305681643,0.0014256947448071326
115.02021459059357,0.6877593433202228,24.242830404423685,44.057430034545476,2.0399214187362706,1011.1173251093163,0.001466300653832347
229.21944399829016,1.8146665498353887,18.760574868883577,54.647569113707775,0.7065182111228228,323.40456534038236,0.0013288094069031828
228.96159816884483,1.7123910318208981,17.3795003121723,53.40645353039655,0.5193662139942388,427.9308342719902,0.0013358197240847605
190.1505787363189,1.811480889561303,13.68487999481941,52.18455210613252,0.5838569949998672,228.45109065776572,0.0014609547401699913
232.08903719061777,1.5059419153000209,32.11854138029246,37.10709684969634,1.0025488640928872,822.688244203077,0.001340229206933588
59.487183926891674,1.2644811408208216,9.902938883067488,38.35943913394953,0.4396138355354698,101.7629873984718,0.0014564579179407182
55.05637902006591,0.8242666783304522,26.48729902672616,36.27647912128472,0.18296763382114747,167.98897324376685,0.0014176888125651216
101.51028242101926,1.4669268096339512,16.972447738701128,36.81626698588423,2.8559426049027667,958.4247267546405,0.0015147074053125874
90.10106101703454,1.4084217573936273,18.6167889594783,37.3412568767695,3.1450659027154475,893.9888241107905,0.0015280897282671049
103.2455647478427,1.063399084530547,15.017443627084484,37.94754224976184,0.2505944308334013,266.397337130835,0.0012005450716689756
232.42639354221416,1.6239494980261846,20.031756627391285,37.26336740104173,0.2665590889526496,177.75319434045082,0.0016592654340436832
242.6902014498386,1.3402539431760008,11.251412431557071,51.34487814616684,1.0435799579690423,106.24713404605248,0.001221586580572383
242.6902014498386,1.3402539431760008,11.251412431557071,51.34487814616684,1.0435799579690423,106.24713404605248,0.001221586580572383
243.66992575859487,1.3147847942129625,10.322835077762402,45.70585862102501,1.5598649171945784,76.98409132736283,0.0012276357729923458
246.2032699722808,1.1509214333519153,12.162344793238395,48.99119701921682,1.184199316145727,175.91926771660715,0.00130579036145565
84.31827371146713,1.6562118289886292,28.30254094652792,40.33627116608036,1.7537621536648826,95.16179985986382,0.001321613440741024
210.27082739297776,1.6133414232470746,20.923894796295517,33.70662995955974,0.6821050709930446,992.2600078559691,0.0016113515868140962
151.6203583479797,1.4815102782270628,29.00077254884797,35.86862393459122,2.1589095041317234,257.65519314089084,0.0015041737698760886
143.75274558990228,1.2019497873004281,12.761218121884923,37.01878515552079,0.7995055453707233,173.18350651490567,0.001353273945095179
135.82127685344147,1.2809941783986434,21.466937945151273,35.94069806685651,0.45174925473272637,854.0448639149112,0.0012397843755740864
176.0593035232478,1.881163851110719,20.557579866041962,34.74974790606176,1.8543958688108184,223.8201200415772,0.001736298751277502
213.44118196670138,1.2226675515146381,14.077622127749475,38.23667825193605,0.35433562537437435,376.95787404803644,0.0012708286243373326
81.04254528679468,0.9567452408494316,25.493196152494562,36.72711296253348,0.9663073595792869,604.1662357560443,0.0015137826763181362
55.516834089054264,1.2546325949055956,18.860527505071012,33.918727154872634,1.6792027237508762,446.53807941883974,0.0013721474137615994
214.5118930029016,0.849995282398941,30.01635435204422,45.02242751812831,1.9390726992818812,419.5152464884912,0.0014573380919479695
215.0482657826025,1.3505557465993225,32.88497342251719,40.24249150481358,3.046571889667303,308.51207989305846,0.0014048227649889474
116.66353904877627,1.0527744638827672,35.24987547694878,31.858451213954616,0.14571376454803667,66.89929842867042,0.0014217146421034044
100.95295756389594,1.1430407088201902,15.275238042446105,45.922246657009545,0.2616260453376084,118.12180415786963,0.0013302150034208693
200.69302512218542,1.661983579575328,23.944875638099685,31.89505390077101,0.3506888046694267,348.9254447520784,0.0013425217499558463
106.8281030368383,0.9262607470591566,27.197126132967593,42.57251725813778,0.2196151219833792,1396.3559008882849,0.0013462762983068625
66.55676028434448,1.531793750101266,25.035254208862295,39.33226521201526,0.12782487502431733,274.61752094562615,0.0014466337418821513
63.61006008480868,1.0253656717115243,22.070575864406443,40.164650929557105,0.45654151320204583,295.77631283445015,0.0013784370507489412
149.86549717098563,1.0029669344904533,36.52734910646346,33.82475913526744,0.4249295448537117,234.98260930046038,0.0013116885794326842
147.50969251865354,1.3189573652031743,33.74329650497401,36.904124292130916,1.8496769800612083,115.42930141978478,0.0013181584101384894
67.53649082688634,1.5259018788603653,31.91708144401134,35.70679442321489,0.3146411148560735,29.10557121879263,0.001380095016776104
58.216645245152876,1.2662201265818291,31.493920530478974,38.38966294921951,0.22233296355615642,51.14546795058141,0.0014085070736686842
151.80823034315648,1.9524926192722043,13.810555381343134,35.63962022797741,1.434684152047361,959.0261851566369,0.0014384296341858245
202.1938511507698,1.8658620907643155,20.458170057719073,37.37946577747029,0.7921775275812952,138.96389449169826,0.0014240800897207552
145.85835667887687,1.6667122335689737,11.97451245545805,37.434076393429244,0.9124424355862313,810.8154318018519,0.0013883594696065555
225.65071745785394,1.7473139791173538,11.079275026843712,36.954728429816775,0.4061464451096639,519.6897084563781,0.001479762468332379
105.91614223619472,0.8765371648676508,30.577027496053454,40.975476807843094,1.287683558566788,554.52851989783,0.001372466738628655
66.802472516418,0.7616746188479508,20.664497999204173,37.905286594110926,1.6125828270496543,250.6840088020564,0.0014834060684981545
230.60519563183038,1.728033055657794,28.8064207015248,35.62896237855782,0.8702904692779352,135.5296958239035,0.0013886573445490396
238.51289205228085,1.5127973225948754,34.16972930087363,37.64455076734892,0.698487274585651,355.9589283255859,0.001384968441209172
60.887950564891995,1.1901822091847405,9.549775734783594,37.181176530978,0.6081934582485241,235.58110555429633,0.0014937640586542467
228.34389713473578,1.2038751700436547,29.26523239992498,40.351372790980086,2.005347926412932,386.1829661392411,0.001489059294733094
125.9995908768109,1.5527503053799232,11.808095426823527,35.92902384733656,0.3515526566098694,515.2888885955449,0.0013282865244907897
226.97575346699944,1.4381586748337336,34.11335502447337,42.05646308022924,0.08104503315794517,543.3221943938458,0.0014963639092708662
181.41150161702345,1.0317811964114096,13.143095281648238,34.99020145451227,0.29995732464319025,561.9798766762764,0.0012076374986651017
236.81912499814334,1.945631836020229,5.005676429642737,38.79950062828705,0.4767089626670359,820.275241163021,0.001294849999583752
143.65324749952177,0.7119618206809003,20.554698397070776,35.910610030438505,1.3946436558708084,259.61027819242145,0.0013515175446484461
160.06551785091958,1.893623016177054,8.877387042742791,38.99966801953681,0.9572376721247329,345.88110497648444,0.001382958177595611
165.76330607240706,1.304993129658842,35.597737059933074,34.17385912704655,0.19944126495500772,213.30341371377466,0.001352322856230919
158.68646499605182,0.8848992555987738,20.554115427923787,47.67755485355195,0.9302043681830423,564.4905383058398,0.001321114340457319
148.58273571676577,1.488224212196969,16.23241240738767,43.80855995072978,2.873563919764466,487.5687920652611,0.0013380564350056836
203.16152927862385,1.1791650982214428,10.05891163639304,38.256777849280894,0.39366397378429646,838.9887758262223,0.001453825861173832
133.14013913461864,0.9978214011270317,32.498981240898125,35.037506972277335,1.4106700951505518,104.53474350781568,0.001361469750684378
68.52903634401308,1.278844847130627,7.409146028284422,37.69408084571677,1.010551227548449,35.60596819195499,0.0012911795020787706
215.7601944838411,1.3665111716167353,35.83130876316847,36.35844511302912,1.5235255431514323,1457.2606432460982,0.001552840799189015
80.61733852460924,1.5841894013125353,7.72932727445285,55.52426695320197,1.4024283336179704,9.673951572042188,0.0013723221791765413
135.6595477969689,1.5417952373279298,10.128199802442662,55.5977773287802,2.046136544972138,8.532743740183625,0.0013564256577654427
137.62149636916794,1.0232620166872162,38.85873514945448,29.309648445331433,0.444693373333995,31.6726012203189,0.0013824909191121593
98.65542594285313,1.4139396069453876,7.147791820123405,57.09371919412372,2.3484896354309654,10.348225966802492,0.001342316801534325
85.72143283636015,1.3823712093989498,7.240475963568789,55.50627981674936,1.9790074042013823,12.122056527695557,0.0013140689938633328
85.72143283636015,1.3823712093989498,7.240475963568789,55.50627981674936,1.9790074042013823,12.122056527695557,0.0013140689938633328
66.51815163122004,1.2315342916872343,3.940917986842083,54.812165535337606,2.843912134887562,18.152892122850904,0.0013898277686456096
60.674466695748414,1.582445437868403,4.691812318209611,55.47575782414897,3.253861860853051,31.85098846254166,0.0013801253122147394
75.8372198556889,1.1368039530672691,3.1778667851468123,53.41973786076531,2.273865898575625,23.621721864545254,0.001352083082029251
58.0143936940117,1.7935385478898203,2.711169302072484,51.26944211772668,0.8446469385250012,14.179372733681609,0.0014256243809721155
62.6334684777956,1.891045597984562,2.307622531678446,52.82823543241663,2.1572843941414326,6.040206744194244,0.001426813626838119
136.05123847393423,1.3762024815705542,6.573134836153778,40.63611170427006,0.5546300851694759,72.14871147504975,0.0013771679024110557
246.8203174796701,1.1889379616186868,36.16159676962717,34.308659358329386,0.6793266222635714,1014.6438961033409,0.0014190938244745817
210.1273374873137,1.3642949996078633,30.949081105569647,37.14060785256098,0.2950933912295319,272.64442591404634,0.0014049794378058833
149.11084929222062,0.8562346132486173,18.138414656905567,29.375477365802062,2.720676804056506,649.005532052276,0.0013694461559658024
180.82678542680927,1.3037059852930086,11.741589544219027,31.869760721862153,0.7216059228023699,504.70545162535444,0.0014633657131207399
140.97923513326802,0.780013895345912,14.925442910730904,34.91387081750938,1.5606624798828643,741.4719463470283,0.0016065077387727635
118.73934252802285,0.776789629617005,14.336112929759693,35.905358575246076,1.198441080323941,546.55181576215,0.0015825466241133665
190.7468571792734,1.8433675715618252,9.909811376103843,37.46179423677442,0.5857018715908098,418.7976427063496,0.001295738215822256
127.6004454189632,1.7231905382901416,22.952489225696343,36.807433088957445,0.24001375715193182,513.5532365902632,0.0014468982367675976
97.42236482604092,1.8824988772580014,17.90037058395623,38.389807252163294,0.5057060259776753,709.6927712705894,0.0013910850093976548
103.12148514144455,1.3279875179667517,17.941298138089408,40.990570824511764,0.4159144234382746,690.5447491605287,0.0014007485088218178
234.64407015152727,1.2638267885463348,18.191531025930434,32.67198924632691,0.41227899294702003,562.0349434671524,0.0012453393548707847
249.53771814470468,1.2406314306069364,27.41718906886397,46.17695285415704,0.7776652136047688,344.1486474873049,0.0014201014992173723
248.70942421113932,1.6136754713766714,12.253801632173147,54.13067574763231,1.5686432979885068,806.684717086737,0.001352955087442982
249.04150879006238,1.7191445443035083,18.990376872274382,54.12055051117544,1.1300239704636392,1004.0066229088412,0.001386895161082591
170.13059223733146,1.5385566418345038,21.785206590919632,58.26854569067379,1.6189793315214969,524.9975222708832,0.0013660562579231607
129.6959026084996,1.5400005057295025,24.382821575907645,57.66288212031782,1.5186420423165221,535.2109410883187,0.001334314930248293
164.4591721156808,1.4822931188557031,20.536198159265908,58.04384810601548,1.6023134166139068,520.6800758399858,0.0013177742685859229
200.4892058647862,1.6333045079248636,15.765624360704114,59.6876387177904,2.2704851681591562,246.6458800690688,0.001297036720175901
157.59352347136493,1.5192062788947656,21.307777727281998,57.61543036416616,1.888212799133661,179.98361936085283,0.001265485377312061
163.3747858551347,1.5106866721094443,17.08596826273384,55.48797415611065,1.3334760144058415,211.94064429717605,0.0012756682519794787
163.3747858551347,1.5106866721094443,17.08596826273384,55.48797415611065,1.3334760144058415,211.94064429717605,0.0012756682519794787
118.46039818025032,1.1545117259232927,28.575696087860656,53.88812264096787,0.6325832196483081,184.34021579332233,0.0014062425101500126
118.46039818025032,1.1545117259232927,28.575696087860656,53.88812264096787,0.6325832196483081,184.34021579332233,0.0014062425101500126
118.46039818025032,1.1545117259232927,28.575696087860656,53.88812264096787,0.6325832196483081,184.34021579332233,0.0014062425101500126
168.9791647627769,1.459614854016813,22.227869142870002,54.38089657091844,0.6248583991750835,347.29988156425173,0.0013233487444939682
183.29382191495148,1.501773421768939,21.888733408364264,50.79480442925962,1.214622762941622,238.8354411466036,0.0012996289760779938
153.66044101423452,1.2964820768182121,21.505866941092346,48.156604157968104,1.8805337093341328,184.4168210454215,0.0013304821102903192
134.91217898028967,1.3477665885135393,11.654091905838152,51.80184202684529,2.3505806435033736,190.56353403759346,0.0013439541838405687
149.8799327014777,1.6068231220025084,4.930323133939309,49.20075318365154,2.030433428539293,110.75201005220691,0.001351860762590033
231.24353605386966,1.8545788531069445,5.2242645316298475,49.32642808652719,0.48273699130673736,224.62827942420884,0.0013259695319182687
230.50719033995745,1.672358915598583,7.830228141802226,49.2722853625146,1.1325019840284896,163.2157758855153,0.0013720182083985341
217.01913256349061,1.7591054603468408,6.977603120959565,52.24883506505137,2.2139520502886385,313.1777991640124,0.0013998393665734768
249.42840387361719,1.2642142975448925,24.6182326544916,50.315595210663176,0.44460271456480804,480.519052230247,0.0013896594953508009
249.88991132460748,0.748679585059303,26.84468746891594,51.301325267507465,1.966371530425822,433.17625510585884,0.0013422093029715353
249.30404094550693,0.9267216894010706,18.017048888997387,43.637190418086625,2.9756995442312926,338.96045848498505,0.0013311877861923956
206.56907686637828,1.5462714014819796,13.027922665639844,50.324829079309275,0.08524330912218239,547.2438016041674,0.0015248404541590766
104.03597899685879,1.6286981404023004,6.316400132726008,51.05693688200785,0.10666334067121606,434.6567384203327,0.0014766994885529558
123.20875440567602,1.7706793929876128,6.295466093886747,51.35534521533089,0.12438619097804673,592.4062198246543,0.0014288924334398398
115.90604904651615,1.7472539144017847,7.955325716772073,50.67434770810945,0.12864122310208828,829.8867156375293,0.0013982396396191982
115.90604904651615,1.7472539144017847,7.955325716772073,50.67434770810945,0.12864122310208828,829.8867156375293,0.0013982396396191982
173.61715008231388,1.2173481101962065,6.781176859933705,47.49106117035773,0.3279967422758293,781.0272884374415,0.0013958220377909107
173.61715008231388,1.2173481101962065,6.781176859933705,47.49106117035773,0.3279967422758293,781.0272884374415,0.0013958220377909107
183.3771418818404,1.5978063391811677,15.26562992013399,51.31899191789867,0.1709458007959859,277.45908457379346,0.0013259439328083282
183.3771418818404,1.5978063391811677,15.26562992013399,51.31899191789867,0.1709458007959859,277.45908457379346,0.0013259439328083282
192.6916504360412,1.5564998087400972,14.522052077986821,51.75310381112478,0.18784443871433845,814.6273536013813,0.0013477284436788474
171.93556677185185,1.4273763441871625,12.2874187045841,51.06138492575268,0.2020240355576599,929.8460593835624,0.0012847584580495828
171.93556677185185,1.4273763441871625,12.2874187045841,51.06138492575268,0.2020240355576599,929.8460593835624,0.0012847584580495828
122.34534412103663,1.3207617554368527,16.147825976514877,52.87520884431833,0.1291569889132382,875.9067097975484,0.0013193441044538447
122.34534412103663,1.3207617554368527,16.147825976514877,52.87520884431833,0.1291569889132382,875.9067097975484,0.0013193441044538447
122.34534412103663,1.3207617554368527,16.147825976514877,52.87520884431833,0.1291569889132382,875.9067097975484,0.0013193441044538447
148.90453204172962,1.4746954596219404,14.940076896027138,52.590565360083545,0.16140684946868433,791.9176628687267,0.0013425877118985938
148.90453204172962,1.4746954596219404,14.940076896027138,52.590565360083545,0.16140684946868433,791.9176628687267,0.0013425877118985938
168.59307489931908,1.6622634811838393,13.62264914995591,50.6625825615488,0.15859701177956156,437.66862101776644,0.0012995366850082793
165.9290916093755,1.5613089083881575,16.498271198506824,49.34854335761633,0.22597598059477592,183.03479792683328,0.0013044101721728027
151.8253605892595,1.434286961269045,16.878011294375288,51.0595394175807,0.38414403711502554,183.5621740660746,0.001292590526909661
151.8253605892595,1.434286961269045,16.878011294375288,51.0595394175807,0.38414403711502554,183.5621740660746,0.001292590526909661
187.30019584715726,1.4212596074461539,17.535304782358075,52.47795406023647,0.40739426713607907,171.01970920430327,0.001262390805726003
219.80238041600546,1.6379020912531514,21.496675453068455,55.395373754405966,1.978250375307182,308.09696905898704,0.0016197303382137374
139.20137912280796,1.3239271572448712,35.75321937986521,53.55005927790063,0.8481108515622952,187.61185188900393,0.0015322838480359953
113.70474297309372,1.3459272699867464,27.530838145772947,56.05560508037767,0.8008109519254866,282.7508603428584,0.0014763374129902734
110.53004718979436,1.1375146846109803,27.609779616210073,55.427942656238976,1.0301086526540701,339.96720690889236,0.0014642463755775489
151.8161558325916,1.1893404309726558,31.208521884772832,55.337488370126636,0.9430039914731303,281.3213220586324,0.0014320412922008662
151.8161558325916,1.1893404309726558,31.208521884772832,55.337488370126636,0.9430039914731303,281.3213220586324,0.0014320412922008662
151.8161558325916,1.1893404309726558,31.208521884772832,55.337488370126636,0.9430039914731303,281.3213220586324,0.0014320412922008662
151.8161558325916,1.1893404309726558,31.208521884772832,55.337488370126636,0.9430039914731303,281.3213220586324,0.0014320412922008662
151.8161558325916,1.1893404309726558,31.208521884772832,55.337488370126636,0.9430039914731303,281.3213220586324,0.0014320412922008662
151.8161558325916,1.1893404309726558,31.208521884772832,55.337488370126636,0.9430039914731303,281.3213220586324,0.0014320412922008662
151.47206261961492,1.1962611042884128,28.447614701237274,54.85846633758198,0.8604761175029743,166.42035505732872,0.0014475105253034621
166.1035241718204,1.1490323111547946,22.234307650229205,52.64526754028024,0.7509754242248687,201.10178243172265,0.00144970707805281
186.07527542746985,1.3473018799085708,20.582975718398288,52.60069086075198,1.5027448334958755,221.1467072229835,0.0013942425749052662
190.22736529975265,1.7349149340762158,12.293483713145942,50.171425270366015,0.7085397277538895,406.52755001925544,0.001345629562589031
185.39760621632166,1.619861733938034,17.668395163248235,51.014682328161655,0.7005955849077851,310.87720989945643,0.0013386229315508185
222.15143648193666,0.7059172708891757,23.514999305096342,45.668698583590896,0.6435517918213021,130.40793828994495,0.0014295654770432476
201.7863214078628,1.906665092370445,10.664825772654215,56.67685923117233,2.008470880806268,193.43963447346198,0.0014215675264756472
219.15674112757875,1.5585059123254126,25.494725056049067,32.495043818156915,1.2663796966013012,180.4185705486509,0.001380205606768629
151.6311614631926,1.2007050953919594,15.941528149363062,36.12127716003118,0.9991281330062329,386.7133482037824,0.0013986895956212258
217.59265971779888,0.9128344296116788,26.290681027086393,33.729058679169476,1.1483295717771027,176.14109016471807,0.0014883767263052868
170.8021714068755,1.4538485669693604,21.423494510171874,36.24871845298507,1.3229196111162005,209.39316593947834,0.0013719064957508729
139.27914948971357,0.8868165619307092,10.181453781023016,40.14717603269433,0.6837887745208164,1208.711609905997,0.0015391962858400045
80.0054577939287,0.8894291995249535,34.1241060223675,34.59279198267298,0.21384335581527797,296.6960444439458,0.0016369814281860199
95.86224648028139,0.7799611357951527,22.752960421543747,32.21523562310426,0.16766993631538074,485.4269223561129,0.0017165712046989024
155.27048201676604,1.2217577999460276,24.213824685694256,36.03104004877262,0.1751151374836156,790.8018276692375,0.0016373400569632108
54.707008629434156,1.1937269527497028,4.301170080972272,37.57173855116802,3.0688053174897183,316.10644189471276,0.001368962979768801
218.01742742273248,1.6590178444074666,33.16191469955685,44.63722690643709,0.08541119723181295,630.4798828354067,0.0013240043125602686
228.79175143350525,1.2891979518043128,37.99089078909512,34.77144966844063,0.1476845892020757,354.3902882250638,0.001274535312480428
66.94765373515038,1.149421072475023,8.631938502881024,38.65477476858699,0.6135595791904395,261.5585630312967,0.001477844998789875
57.78647184518156,1.5344870755637416,3.934284989165404,40.00827519144652,0.6873757881383107,664.7506235380297,0.0014085479437647948
183.7642482501093,1.4957062448417198,20.54470433190921,38.3610998611326,1.0294853392709522,513.4293434946122,0.0012287376218788905
165.0337431905439,1.4944527825162879,18.796227680186345,38.49842659747314,0.898229195663624,623.8625582122364,0.001246367469137199
85.6235335672265,1.0071157959922057,24.87706991525703,34.850125183927,1.1534440932251075,442.9374482206896,0.0013136088966224945
68.06047961624802,0.9054534877815238,18.57921805640603,36.924045248386484,1.362026005541665,372.1458749938608,0.0013079476888155652
213.22525003462147,1.0298010958084334,9.224081663187201,38.78749196333497,1.4723507075195814,620.7059054998236,0.0015431563123278983
187.81720061572045,1.0401130354755472,9.527158631302985,37.47818719174339,1.5980375050224571,620.124909909523,0.0014860862832830335
139.21119440819675,1.7017799099012734,6.110152583684553,36.54435419453215,0.6225980957211227,555.103677989847,0.0013055937376563707
241.59632447493436,1.299063271919066,7.1568945718553945,40.33222712937628,1.600055521676809,548.4261749393414,0.0013753209053991688
239.48640770396372,1.0775379796151727,10.001492072391066,37.01255341099278,1.0750756270541257,347.8592716707754,0.0014118797260901771
241.48573328944326,1.602881188206018,16.31994775046828,37.472743916051634,0.6656362889304319,1112.1920630185004,0.00132933460705612
236.80057907048115,1.5615465774622077,9.850838230131991,41.04792863495445,0.7508099634893285,922.6118367438288,0.0013159355070206686
198.17720651823447,1.7855971843658185,6.375285881097718,43.41497471662165,0.743863875292703,531.0253373492533,0.0013238183854250552
77.90770464724231,0.8568140539752065,28.463865871371226,39.6325122033564,1.5550502876903747,541.944402985121,0.0014216244353966573
186.7295194266418,1.3729035362453463,33.34684963384147,33.629739305078736,0.19352021472020875,448.30795367095396,0.0014671286729172192
175.1408325297362,0.9553593952330764,16.989676342503245,41.78778971202849,1.5144278408794505,674.1854874548676,0.0013807403951907877
131.47533919199145,0.920572960561457,21.05164484932552,40.33436287211386,1.067577676978164,159.39498570423035,0.0014658286278692206
176.54186523908496,1.4166463110325804,18.078658882761104,33.86019031316721,1.227149333141102,290.7202855871189,0.0014881167068280258
195.2770996045516,1.375068344583448,26.626040402903044,35.440549436682254,0.9370321092358824,804.1661772076603,0.0013620270187822794
148.19937087865654,1.6495185835542587,30.56340553707318,34.70043445650252,1.3918341493328128,308.00809670535637,0.0013223659421052513
85.89393911493602,0.8594464211537666,24.361775172261932,44.6648850971414,0.36007365997861124,258.8986379376635,0.00159115020545162
191.49445583814048,1.4146907942962004,20.376221371472212,30.36958513946501,1.2323771322310704,51.734661898780594,0.001397827495979082
56.68636226175239,1.0838043614373403,21.239075138688793,42.45128369462157,0.6880771249689767,369.00345942467226,0.0014212395501677784
105.86104236350396,1.0695579079485698,20.662581642912183,32.684713884947165,1.6349689562992007,359.4466568250303,0.0013371752761722037
114.57068415459881,0.5175352368935123,31.392199002928876,27.941187335295986,2.9656579726714125,346.91752142691365,0.001362838243858391
103.73548347208255,0.7466925262650562,28.14499098976398,29.151023798038345,2.085002619593051,467.8161580466836,0.0013393019063558658
146.31460584904312,0.8233465215587437,22.883038674825055,35.522555020401285,1.3570267193785321,474.93577498221913,0.0013313601641245431
108.54863591474823,1.4334368547556622,19.933635948032176,38.81738513434922,1.1792614615239265,462.7734093891971,0.0013749837742130688
89.35813550440476,1.6400218173225036,24.19094869233509,37.83739999140805,0.7799602427002578,382.6787211003264,0.0013411364392318448
231.1629524075473,0.8074669561697215,15.877704631580473,39.462489297608066,1.699666399377486,552.8676223364573,0.0014935413436943919
234.56097547449016,1.457304162840246,15.980950751558998,41.6001204093147,0.9330871155099332,704.8514875086123,0.0015667558349514998
64.35728908955731,1.2996073303555067,21.960796144304215,41.48694142826481,0.14044610229306653,354.986772739151,0.001305796054957269
59.85977879371763,1.2360794588550872,16.54800475589065,39.66802863657447,0.15773363122300293,300.08846569388373,0.0012977175020836111
199.8134206279451,0.9492404642451271,16.812691216424252,37.93789921154021,0.8790957269651577,719.16652749481,0.0014486022475325108
205.08344638713476,0.9274434326774114,14.302802156576384,38.60905606558498,0.8269719774931643,694.048143600136,0.001479410100924405
197.79406863245867,0.8624164306585285,15.564957972420926,36.61902192854758,0.7990424528437787,644.3340569913593,0.0014944156022803595
77.7669879375612,1.5729857904632978,26.17675214348507,36.812700412455136,1.0437506705621766,361.16897247170664,0.0014107509431342373
116.61694361335142,1.2744150919786805,16.464243882594005,33.9754884627549,1.3015330722499268,77.64729958173209,0.0014657095812828703
171.1923608789433,1.2173963689245388,33.96532687191981,41.60772081404348,0.9052185564628189,739.4112003466553,0.0014474923359927895
186.78402420192583,0.8290588017205331,40.006779899928716,38.58640705927693,0.7409867771900215,904.1069455348963,0.0014776248651956322
175.0938416257566,1.4163469164242104,8.362516280641126,36.59705023229268,0.9343135273887182,276.65965145271485,0.0013719259290340328
141.68972772769868,1.1206457751577925,29.388069201877265,37.50857001954412,1.2060983430772387,559.2356742580882,0.0016636278064269467
158.32603530250026,1.785213417076753,8.871101529246108,40.28487196715211,1.4303449472168994,363.1844815311485,0.0015187351678955735
136.02951378050537,1.8314432018615305,16.775608826907646,42.78078510468359,1.2805044272412789,760.2129603469742,0.001627791163953122
175.33454944370567,1.9785663029124867,28.401610240115556,31.927704589219893,1.7911528059448074,407.9628937388274,0.0015716379752675263
184.44671019007197,1.9886867242147046,22.980719085945815,34.110491169327744,1.806236722768072,523.8810897282688,0.0014350357017802835
202.92695380033703,1.9587966674505386,15.334348612571914,36.09456509487001,0.1621741800273857,359.10258029237303,0.0013651777783585417
186.16910696243292,1.9226055114725722,9.818417211398831,37.48679994742906,0.6649838580027534,427.4386704121203,0.0013925926379293279
86.98008311577489,1.068657716993889,9.729385106735613,42.81045347255774,0.8121860587929345,250.73291618617355,0.0016175306275443982
188.51078432140585,1.131599011831894,19.17173308189687,31.840375852940927,1.6254455048642609,242.2975377794804,0.0015431647606966572
210.3409205688055,1.716740504885083,17.779872325088416,33.39378292565696,0.11134712682609672,644.45370274479,0.001271169961465448
161.13800598424692,1.7407207598021832,28.778770900437067,39.905311671711104,0.07415747019790846,372.4527953137535,0.0012881130849953769
171.73847237214125,1.6527943180913263,19.38553433555199,37.3739236039899,0.052226139131304326,277.348581688675,0.0013079703089250818
161.4336486336122,1.438410244395597,23.054465359029013,40.32271620706602,0.13102418646604128,126.54905409980177,0.0013749857075396243
128.2839428811153,1.2808205632692433,18.607695681150226,37.87690807128185,0.18545691139714712,281.4297118918141,0.0013635812193362733
113.72353606279208,1.7797459549516028,1.4679743499890034,39.48078308942303,1.8984072174988436,425.69186740778923,0.001414447619969236
91.03353558860601,1.2664674809261396,2.6305480987613237,39.8360704869621,1.5324549384553041,297.8289659850354,0.0014198570880955908
161.65907270433541,1.2495137711921382,11.82444428867759,42.19174196486418,0.7426113756589463,206.87720177586797,0.0012736269249404473
218.62077845292904,1.6297235022346486,8.861630849494835,42.661416463881075,1.4222118307743783,100.83183901694186,0.001199565695384927
90.60080250239395,0.9328690361411314,17.98904840290774,32.51713491541525,0.42449222971068257,181.68140100746885,0.0016731691304648693
94.50988598732944,1.1733208874273597,21.53988181230228,41.624646299811786,0.5362703342960846,194.68591063354089,0.0015039336522127654
111.38804251954072,1.388972598851027,29.882956546921807,35.999836352896345,0.453062722692168,182.67284760339382,0.0013853747430859998
124.93855886783521,1.2545030485144446,24.867667941688104,37.16756204229596,1.1672907674994537,404.8928074483749,0.0012952149413224335
144.8631370710271,1.6478507965666769,25.966495386968024,37.978792218477395,2.072699718832988,425.9132603597519,0.0013057882734903202
229.6566106427803,0.9829701864630087,15.67520525432794,36.747633320345955,0.43329996933085235,404.07223708658154,0.0013798428016676871
159.81931804728058,1.8215460859340706,29.68203722176493,39.42055212280503,2.2069694129677675,761.156100375387,0.0015039714746719098
179.06147288599738,1.871065414620656,29.052888128681705,36.72811700611264,0.4464076095653867,809.8706344118009,0.0014860488294927668
96.46764830847394,1.6559132662331488,19.554604300259353,35.559792328563994,1.0561109012833523,147.2304988880006,0.001362134919127784
66.18796094917698,1.7132503966371635,9.506794136518714,36.490013019131766,0.6242224586427737,390.4799314566283,0.0014246231598960778
229.17830003857483,1.3748225830527934,28.083896740538083,45.810845030763964,1.4995731823790523,628.4450510867194,0.0014269830325683332
214.71772829077452,1.663171495466848,33.495267060174235,48.51191165571249,0.8242553903704569,1217.2076329406982,0.0013276553395591359
71.05822730243818,1.521611192848947,12.485256017551498,33.585817497355094,0.3208983920126238,157.6238313640344,0.00154896768519132
118.3346861887393,0.8030832679118751,19.705468029774714,33.25087407353909,0.3407872218331037,180.40372596254528,0.0015463156634813954
163.8514936686303,1.6509244207837337,14.16645790713981,38.7700677232193,1.2470752217952261,201.37066839668293,0.001543713129691039
62.579822364932625,0.4314486750521464,32.78259420227507,40.68433783511686,0.18787197909843004,1414.4982928852658,0.0016040094108696616
225.47046131227302,1.4026811566653865,24.669534823096072,50.9608841122627,1.5094692705609305,108.62466346051819,0.0017417344802898068
228.2055166239763,1.214687491015803,20.048185715076425,54.87220570414133,1.2167199731357967,88.56172335520135,0.0017466646653681913
80.2955096865207,1.7045991900030653,40.85953301073243,61.82618234039816,1.050472187847701,897.4070930804413,0.0016802834731499843
107.57620088128466,0.7826360675840061,22.72079430406993,58.159162342666214,2.144239399669965,890.1237347499198,0.0015090210386515242
101.29415656447517,0.7289673862647638,19.56511653307071,58.396997498022955,2.5679079479992644,957.2515798754948,0.0015174915402430648
101.29415656447517,0.7289673862647638,19.56511653307071,58.396997498022955,2.5679079479992644,957.2515798754948,0.0015174915402430648
94.96628159932821,0.7991428650035156,19.2075700427947,59.231960128247486,2.0444907442938782,748.366263327252,0.0015153554828521644
84.17053788850382,0.9878521364027174,16.508802452329626,60.05668704718098,2.5108874794666165,1049.3890738095038,0.0014879742948939513
156.4197872138638,1.2309931298194627,16.813614957909454,54.39029924095854,1.3368083386697103,102.5773489820454,0.0013814196287888227
119.92402856341987,1.0755465716513588,30.29822558020262,48.961299596334975,1.0804268449130168,1388.3808425099053,0.0014010458403470167
85.28176883140662,1.1819934727512398,34.96112571783544,40.14197112617496,2.1125579406179447,204.0620350849792,0.0013565295303393941
219.1244980661975,1.2628161053400928,10.466072669043394,34.45628138390145,0.3166322791714995,555.1129276955675,0.0014061919286087075
64.79961106531579,1.5665279863084307,20.107614628006388,40.55106793384832,0.21240871766738462,382.9427990278454,0.0014032904311417752
229.5143809811148,1.7210968537097866,18.815950073639865,32.85712140774129,2.2715177223579133,631.1308374147673,0.0014981501061288695
217.31545094740744,1.0049179088585194,14.607480384699404,40.93304802625988,0.47264693600419294,212.53897307844727,0.0013827147023570301
108.4149378408478,0.9963314623733146,33.27410721437572,46.944967256612614,1.317258140754833,324.5459453900323,0.0013289466110149965
94.86896977784764,0.5918146843997812,27.16836896110662,42.55257512272362,1.5361775433311535,446.8067164202503,0.00140086780701274
165.47985901354895,1.0608687265174632,12.061508036288531,39.57716999743062,0.8093927182549457,483.5838191913614,0.0014154668934846604
142.42626590619756,1.703380399153117,33.254969602576395,34.48034572028604,1.052713307784688,97.06181307158295,0.0013637498499707262
103.52881780294415,1.797953686575716,35.98476069009185,37.81125412395206,1.193336118690271,63.09965411840595,0.001541002760689729
144.7906300639239,1.9137340125123679,31.03649064786008,31.23267862763422,1.2951148793621028,98.74411946214659,0.0015408922152562662
103.6883145372276,0.7170693249317804,40.808939156026305,33.116187485847796,1.682768503653679,185.5572398410204,0.0014844154145112344
78.82858033392326,1.5423922553188376,38.31528363457429,31.665575037940137,1.4749167088026531,120.33805124087512,0.001397111700032779
121.99191355716259,1.5056403606382085,30.651593162319596,32.856661609282106,2.088907106830979,131.5053888968036,0.0014092500761821022
167.87445293521392,1.981476584935236,4.33067523720432,43.29490812101324,0.04462917044651292,896.041653459495,0.0014271460182524042
181.56367948127615,1.9954164808528638,9.517790836912313,42.68288725517109,0.06182802717877777,216.7661042931868,0.001417948430416861
142.43685177892172,1.9529267291697983,10.017365220880645,35.97136141842221,0.1878876902844582,131.31500322105757,0.0013996561254135996
125.63404472845357,1.9586977222195772,9.901987008264856,38.93522479282228,0.19515508463834566,440.140594161686,0.0011762551409138817
145.6358246089458,0.6880638924644498,30.961025158005967,36.30086829139085,0.6719927654367023,155.54945669622248,0.0014853356185443387
119.81427754858228,1.2368007601413133,17.868563270897347,37.365835858594664,0.15753020880351626,982.1583463086752,0.0013493258795892968
150.72609642942322,1.4646698321215734,17.1755844160771,43.881662875546674,0.6636673272907746,117.26164767052607,0.0013427496321136028
150.86534833137796,0.8926136593097188,25.33624464830753,50.38950186188778,0.4458529923653505,220.68557651501538,0.0013804059497265495
157.40169130046294,1.340301565349022,20.61451070817367,46.423948594163996,0.20540690236373194,131.15396931638367,0.0013128174369465707
193.7371753050065,1.026503765798996,14.45073184098794,43.43715011006588,0.31063380099438104,35.903551154857546,0.001444465076762787
131.40492856894227,1.3617380968034882,32.82121279993678,30.89853518903773,2.3710421054970583,59.262138278621315,0.001561642352352883
175.58976081959364,0.7663386221599856,14.913492754102602,44.1303707900909,0.6821985187027805,116.12936551017332,0.0014980351429240849
129.72423359978313,1.7429057170659092,6.9154695455948,38.710803793835474,0.10170474022048022,75.95966083996643,0.0015644701533450859
190.47155760405735,1.640172145682465,20.92933083293879,40.81375486494438,0.5313003534590371,648.5408695558523,0.0014444307152222204
128.02505944431317,1.3708246240290332,14.655732328283827,35.01618563650912,2.5600686203196426,229.48276921335443,0.00137602013405112
83.2435689310282,1.4506310566738192,8.514176686918553,37.23224596753023,0.5163522290784932,153.1078149471853,0.0013353732078860293
108.42107144244794,1.7275668435568505,2.393854420214542,45.19488651272064,1.8588968773729213,533.210027049922,0.0014941308568673832
105.00446227886246,1.7181207914481265,4.793713479751744,39.63551171172929,0.865869459858049,360.21210011742716,0.0014108304010738183
214.965832883736,1.337006558640874,9.298287353163248,48.2246016323808,1.0158946652179601,829.9186445161004,0.0013054327062099712
74.48857305743404,1.4795841109364702,17.03388062913927,35.21097072237908,1.3451530821303468,411.48738517645864,0.0013537484793364873
168.44969379432203,1.6745139688693405,9.832920055377619,37.68751293936849,1.618786490535676,155.00953004361708,0.0013925458179675347
124.1868441044034,1.3233107594364304,19.734915343578077,36.18978406557268,1.125177615579727,1132.3211252564377,0.0012644971970371165
209.0552782442646,1.4442613585052368,26.202989662995396,38.2512925966341,0.7601382443850931,148.12702535186153,0.0014736626121189319
191.80338928286847,1.504125323618527,26.188177572919606,39.675443714858226,0.6479480019200723,216.80907546941697,0.001488458614111639
147.81636093665358,1.434406049760181,19.230726761747743,43.0827560763905,1.8326154335869618,55.25025296982815,0.0014300744087686569
193.45590712412056,1.5626452387636485,8.915905418563836,44.9984956692396,1.854200589474976,828.6657548386561,0.0013756082341700943
139.4014791580746,0.9470144181490445,31.546686397957146,38.66182031691803,0.610250016060851,597.074806953027,0.0014775388680787524
197.96774979253422,0.947179567639785,26.20174521402623,35.16556952328595,0.6179654413444854,368.34396007642994,0.0014718146894086592
99.04025061462961,1.4189406069963828,21.073759727898572,38.110446209472286,1.4674310045846795,598.5444947434513,0.0014035701299684863
153.6712782231153,1.6297934748642795,29.982381041035588,41.215199030425424,1.0994952226582133,815.0390539929274,0.001436410004157432
179.27586542708644,0.5697021991420764,41.09576093055761,48.54349277620337,1.7565682376988665,214.87093740781486,0.0015098954944118973
86.0829816014714,1.665294214218191,5.7626583895906585,39.49294081920786,1.5948468016071689,100.06475089638379,0.0013396736447154481
108.51381983840818,1.4385387918767227,10.727427224710235,37.68714606673903,2.2597114860674368,127.07562352779112,0.0013104875539947697
128.16929279948988,1.6853086123431233,11.452145711730346,37.28866708326742,1.137995213770732,171.40337142415538,0.0013585488858554211
121.63164758917222,1.8371342445618166,10.520422432178023,41.19047811659812,0.855465694394809,545.3217681730877,0.0013592156252337465
154.85173857851385,1.697919370976114,17.01920193048839,45.88904996025301,1.3852176487765824,462.17337359044313,0.0014437035422088227
141.53386919755647,1.8750952747784653,22.093247761326335,41.93814455051192,1.0346122225872185,947.4627977226927,0.0013336656952130429
201.34784700691327,1.9121242918487338,24.13670921271453,30.27983656022823,0.6006685375870565,221.51693736751434,0.0014475269408696322
187.84989173253217,1.9112666134617604,15.783820344431444,34.40168535331405,0.21590061844223477,122.62957571577248,0.0013815421407393793
155.24051290443688,0.8362673177189932,13.076628832505346,42.276107314302436,0.14556061328342818,1184.737328689562,0.0012680510901299593
127.35255245685353,1.617427022299746,29.42684505957817,30.39361914808402,2.9898935166874745,125.72646716140052,0.0014210132201262697
104.02162832751729,0.5208302682006166,28.72299306302228,28.006993490470244,1.8413921276340202,89.60242563721258,0.0014239519945202814
74.86882128860104,1.8973665110098363,15.684485980892163,38.6322821306343,1.1735742997616117,66.340142599646,0.0012369788292110437
83.0526111956469,0.6438962166891572,33.5205149336161,33.09528761721917,1.1094176069536879,85.96939405589602,0.0014345205573442332
180.2450380593426,1.3959052635299931,14.855187116852745,43.15709344145352,1.0925497274131226,201.56230109130408,0.0013962394152210492
113.44369796576966,1.5375033344578277,30.96916394122503,38.622269730278084,1.9152161956377654,296.17715689196507,0.001470585635705774
171.62364219654006,1.3969673361743633,20.80990623132549,39.2282483955658,0.8180043134154606,200.1583092759554,0.0015219662680200734
164.14386826268012,1.3173902054482287,8.694240644058556,36.963908832566986,0.5981416140427653,798.1228575946191,0.0012970746934641685
122.66051595372852,0.8970781795435865,31.962566765178014,37.469665253786324,0.10882493498269384,255.09377474429203,0.0015492360621478635
143.3446621244274,1.3921934742402735,38.895128607008,36.55410212742615,0.602722492308616,216.08939300582603,0.0014191653978837663
135.4742687873178,1.0937379805739822,18.915803880720997,38.37048475779454,0.4025506846087445,892.7709425613984,0.0013024883686060746
141.22089076243722,1.2855292409852457,13.951689030115224,38.97273112664645,1.8470862707173694,169.55007561988884,0.001586722097649134
123.37869581434747,1.162937183713871,13.234707552986414,39.323650407996894,1.690079773906389,143.73265206041822,0.0015855482083065075
138.7021073135833,1.1607163961874432,23.458600037697575,34.92090374050019,0.6216635677131891,420.2974268125949,0.0013410188530647365
75.95379111449274,1.0971543352475441,14.161869648164583,37.49213520662137,1.722332813976448,317.2667507785322,0.0013633730253991797
161.61640835776862,1.428797627164694,10.481125610381335,41.879653182124585,0.33891812288337264,337.48076235165274,0.0014280924758947847
130.0796972093836,1.6198500601286585,10.122652443645267,46.70440076534097,0.5985562553913832,306.87336224386763,0.0014520867320626928
149.8683838792206,1.5591132009637017,16.177371436419097,35.381137583507034,1.0692788840011458,455.548614688735,0.0013741165112010519
91.06928336313293,0.8887694735180475,29.974443294805575,32.333439816939084,0.8029692793487767,778.4392147930962,0.0014233601810095947
95.04755921178533,1.434172142218649,14.081252598379438,39.6495675292949,1.588917418522508,536.7661256604049,0.0014717883519492557
242.0969934459344,1.060269885557546,22.695508095871073,36.199012363560904,0.719916517414933,672.6286248203355,0.0014270065345906944
201.1588535704982,1.381249522792909,25.737060187976148,36.02189997589487,0.7010195869060715,1081.1051402962744,0.0015328843297748008
119.74171588756526,1.6781237300733287,14.67929131394258,38.45206322776336,0.6917861003851118,107.71527123179973,0.0012975883102604045
137.35272830861723,1.81890876262559,11.632313767308041,37.70093889309322,1.440253229157979,335.20077749618457,0.0013372469876001486
147.55358660798748,1.7842839512929616,22.019312432903305,35.50296893913625,0.6867997246500479,521.9143016100896,0.001601236100107825
93.4106534880988,1.335202951502583,17.948590293878752,38.15135247294856,0.8316784622162349,607.540695663749,0.0012620496288398273
98.51083609011982,1.5080790505090391,19.80079894778065,39.115619177862506,0.7951654915425624,459.2680403918259,0.0012514046366215662
99.57905985501476,1.452012163231102,19.070139118692847,39.91789398754624,0.7379962594365782,479.6968357358469,0.001274760762359238
226.08549496270572,1.1590572145527478,16.09345776136833,37.61460229383791,0.061670719762789525,623.2773241000322,0.0014003612688949446
204.1192550219461,1.3186927384348974,11.461998173567693,37.39837729283261,0.06334521461130876,577.4528846841702,0.001330579657656315
234.1832382442834,0.9690243366155272,28.069933977847604,35.86169397688045,2.614830892724787,247.55133998461577,0.0015391574214393064
190.45359582378674,1.0033992711021986,28.80449037964094,41.32455056720621,0.5619543654149477,94.39011581021727,0.0016526188905476515
153.74305240896763,1.7411615524050688,20.240470519250707,33.6425311145578,2.152987578577133,78.36413213876489,0.0014637332483006362
120.8533106913653,1.0314532218306185,23.327656680337093,39.38735837681116,0.3979693319819832,60.46447717810023,0.0014256307510689395
203.7828378974765,1.3235731227568155,13.713385009110793,37.74831885783856,0.11807208772673188,816.8400475627316,0.0014131691490961676
181.96094670023214,1.2713353332947652,28.190045024933948,37.10091363105146,1.1773626449987717,525.6916669549488,0.0014156604689019533
124.26151293611743,1.270269388687168,21.471828502166186,35.09419900602306,0.8091043158800025,647.0927925209784,0.0015099846933843515
155.17000881480186,1.0006764854863204,20.190310060686656,37.56228122620317,1.4371144155312632,170.7280203547901,0.0013270914958155094
180.28897568634673,1.1134900441509497,13.840748061102145,44.80147306572169,0.9366179913280578,682.8402808377737,0.0014466691271605233
73.3362580506022,0.9053710564368211,21.222162187483413,36.357734303697534,1.042180123145032,271.04247035433616,0.0014712336534684143
226.01122223912432,1.23599567792355,20.030162440365817,39.15766520058512,1.2758168057037451,190.14136874770608,0.0013099548888552616
90.10621290091191,1.459763145232063,5.253176562884876,38.01760009922242,0.12608932563300992,295.2914638132528,0.001378596944202081
168.5199983245965,1.2885764166814104,12.072265752587125,34.17303891291557,1.2119982748158926,439.75884764066154,0.001445472545607751
180.6906885493575,0.997652529035414,32.800522942731774,39.26484512011776,1.0226804248394186,603.0433741248095,0.0013792570434541503
174.2050655458442,1.3375463384575625,5.865761320369653,37.36839772244136,1.0679890634106683,477.0397193710393,0.0015874192470128649
162.1757223416356,1.3691891537984664,21.656948520807777,38.169397384411866,0.49596373609306743,475.5497721249255,0.0013464894014674374
127.42884614728743,0.9056435769628554,20.42415927167605,37.39919687686479,0.7209224399547727,489.09268945416903,0.001371013853714683
213.20715967305105,1.1170302079993852,35.57335581379043,35.37400194055072,2.3330554250189306,468.1063575490716,0.0015507768190264589
