a1,a2,a3,a4,a5,a6,sigma
123.14380689092047,1.7684549329057888,24.091870159897148,39.81432551388273,0.6902429101754517,930.6137212437916,0.0014262244014609448
221.98299428221412,1.2827833560178699,13.586700140305963,31.68205041157764,1.7163202047451134,269.4899039889619,0.0012981010971851626
225.4809202732047,1.0307069797835333,19.321245241530445,35.796077592864094,0.721259468865132,301.84207081944714,0.0012635029921384865
231.6567334783426,1.828134773585792,11.48283022369799,36.555936566972825,0.6815190247584982,253.0121902934725,0.0011849763202797707
61.53601967502115,0.47655223496514787,39.55798738655619,36.319438725667936,1.260484755968006,848.3111274515529,0.001553156060111461
58.000012619404544,0.38951419771310364,37.76988985685235,34.505952312359035,1.3990472250295234,915.8695577425053,0.001559481077524415
66.45672447000887,1.607012564368276,18.05852220820202,38.170975197784756,1.1348267386293203,274.7389758947581,0.0015281027201287018
81.1431178277107,1.4722203308428132,13.877746774161778,30.38729326293858,1.097763516035655,89.60485250508106,0.0013042989112334168
237.8188231904238,1.1553665867746776,26.017959351433163,44.86236881895188,0.7627430006560736,923.4264156641228,0.0016879896052900915
226.05360536998535,1.4364664314024087,18.822797716230625,45.62972133509008,0.8111706786326851,629.4935388585283,0.0016413032018974176
78.15574765035412,0.5198713332818885,16.60716703869297,41.883675784765316,1.4225685096212206,113.1874875725244,0.001269288453568383
114.76377861056947,1.4399947917198714,19.066159129159928,38.855828366075485,1.3058296739178104,49.3796571334004,0.0015457703984448935
185.2570244241185,0.7992787487247444,20.034756009330195,38.67402471196819,0.7822409250023309,963.8291795863172,0.0013339030957026645
113.12391748568736,1.6700937090987698,22.319142288719217,43.863225901008974,1.886239442578736,316.5748681367078,0.0013466704798697996
127.1096467881704,1.473567195533594,21.83002636447917,40.50811418142834,1.6125403563746679,284.4912301405621,0.0014009615034045733
125.01505343449782,0.7191845896083838,37.18066835839129,29.783775986156847,0.4271986616230919,203.17463365661402,0.0013772846105332868
137.73033142265913,0.47164459971940936,31.792456533093215,42.490986657138066,0.2952845711341998,156.74543553478225,0.0014156174688065189
120.47962597199961,1.943818681404105,6.008764502841981,43.086811118864006,0.39939546354344824,78.28555832726855,0.001462005499045316
184.424772446636,1.9417996156485258,4.654877501486452,42.92166779886351,0.39427768297975313,57.209684406418994,0.0015642364112367845
137.75204284368036,1.8313677149671135,11.85956646920122,34.38052212057465,0.20349479016359948,15.11869311342019,0.0014475514936959782
184.31455218659968,1.5353592439852053,24.600185221143704,40.74653181072235,0.33814448235228595,85.44472169430229,0.0013625956531553777
71.4878673699887,1.9715605014979547,17.7373344097796,33.770882540230005,0.3875386228845045,115.20360500124889,0.0014127451246333674
210.24716551208448,1.9593279405501558,9.080398883918726,45.53041718662847,0.4174369501669134,439.17108733276586,0.0014999964765583026
225.1897514591591,1.9410496770908707,12.061967028170177,45.4053000543772,0.36154827021862807,522.0662370285269,0.001457868068054543
202.39813136724035,1.9193360038931724,21.481487361632794,46.27702729720074,0.2608166519953911,835.6528126761833,0.001446407256920025
112.2419964951637,1.9075413514375876,23.74794324434794,42.85631926451079,0.6145095496567373,485.0893197067876,0.0013843517793772323
170.76906869861946,1.6678521567135838,17.296722452666042,36.51897523528118,2.154177799856878,453.4258607847998,0.0013855133920715771
120.03585650873606,0.7351017914494767,36.947311312793126,35.56546289263513,0.1811174137419344,596.8926810865461,0.0015284472492267352
167.98540574604314,1.7957697537554704,29.609721331296885,35.60304284591343,1.3386008135791188,414.5434646099691,0.0013580162040159622
125.35646125027215,1.474542052906584,14.251743332766727,37.21493926780522,0.63421919053459,215.9279996297839,0.0014486931415140449
159.742554811904,0.816205614332642,21.4875758181726,36.12231411906898,0.7839328077071216,871.5017960305069,0.0013898806805355997
88.7969805163,1.776143401873313,26.564339220868575,33.65177261048541,2.3421169981763867,315.6516550053855,0.0014383986848149931
180.55554325639142,1.6583419197613607,21.01979285996502,37.44616937984543,0.23079620321486644,510.26560738392124,0.0015102687367868758
69.47411110663668,0.6450048644451224,15.43966832997735,35.68091553560659,2.5976900335304554,109.42775795969496,0.0014097671785453401
239.64716548303352,1.2936901514113663,18.991691986803865,47.62023779273305,0.424754992965688,1175.39161150047,0.0014967806902232796
97.1009624438461,1.8724848142165604,1.6076111725944568,44.41478552564679,1.0029204947290928,120.64569434310293,0.001364854474042426
111.59754577250744,1.9116413738051188,3.5965844454785434,38.14595222114798,1.8395504194188332,19.80560564150448,0.0014114774964438359
205.95137012898113,1.931210052042835,6.534121886518168,35.53177468593055,0.8228467604296938,43.48838188728317,0.0014765894030798943
70.44790845125131,0.8174926846178103,9.851621846015068,36.69163177690827,1.3277845845978653,1453.2535582476755,0.001457471926345204
167.22607775750396,1.5576001692927042,19.8719369942753,31.927412811466567,0.9970464399926643,264.89576111014566,0.0014212001039235582
180.46227889146232,1.105345865866489,21.120455866080697,35.24840093304954,1.2856361467124193,140.85434672805562,0.0014050029610568947
186.2563103204829,1.3869361899332782,24.422581635509058,30.729293819184434,1.5930780029147114,258.09196359367616,0.0012797054642412855
133.22321503904516,0.9801543168902431,27.957984341601836,35.49959507876099,1.6250380512687312,867.8661184322995,0.0013291077177759534
152.79639063353824,0.7687384730645304,28.809134186767032,35.37268177634115,1.795995750938965,1046.9844138391682,0.0013253255598276222
153.90555857794553,1.3565381686511346,27.29177075841603,38.03466694763135,0.639663841771308,707.2828448308634,0.0011900231860756537
101.96547516775945,0.7660698228394857,19.914752069665205,33.65602519214703,2.0564226807096326,270.6373963627825,0.0014846500531903262
145.76121495167524,1.1841567597761176,21.876548886507067,35.37122028154383,1.6890391511043985,986.2751134270558,0.0013887673078014989
179.1787155244727,1.150802267273385,20.235821866582107,34.82445758360612,0.6828666327014405,192.54611192734504,0.0015095955115622646
132.54155857049892,1.9162380845960565,3.097120496312697,40.7114899829851,1.0285313053882217,239.72491126313886,0.0013821851215889054
105.74350480857767,0.41602123797946367,39.658874405188975,37.2747893367886,1.4908113986728662,166.5668165911062,0.0014363101341586665
195.64124366995713,1.8835553619150156,4.468364885798558,37.89705365165499,0.6405671486873841,97.48629947343255,0.001357387397944857
233.56283610758481,1.5192503886779012,4.6542378261887425,43.98662364237755,1.1841945254932997,49.1768214382605,0.001438161546113606
212.8329171614388,0.9190751996978721,11.31572905654021,45.295691552951,1.3230064967814184,125.15773698392726,0.0013751008412242807
84.28998032081779,1.570610244929143,13.047375961999707,30.08609447835422,1.2712755281089894,157.0493574695387,0.001401039903013465
116.82701221392774,1.2722557833961874,18.44890865768675,38.20244102278924,1.162146814844657,151.5686064912105,0.0014097676315431244
127.64178740584936,1.6490807714588829,9.861900910177848,35.803239026726345,1.0633613838142182,202.55569299928325,0.0015143721117739457
154.8225952331108,1.8867516629898795,3.942372218033943,40.525712015463334,1.7350078048869833,507.73867568382155,0.0015896651756093791
201.52211584346676,1.9213782365867986,3.6701441592056425,41.55680512410734,1.24155973060216,734.291497001448,0.0016032304702214395
92.0526614866258,1.2549358781556685,46.34901463179785,39.346444442481385,1.2816401529524886,348.7932380567515,0.00125484040301958
86.49369719210986,1.6452916019242527,10.86466196705049,36.48082288294108,1.2641627611327584,653.724418713529,0.0015067400934399035
207.06796519394186,0.9413333123087942,18.647497572250092,36.449816298115444,0.417432567054383,350.20566853367126,0.0013330373881780995
138.67777629714018,1.6892876009449393,19.7281600178617,35.803043688556826,0.8010224408485904,752.173369406568,0.0013280240955864926
79.11333164023688,1.2810952775784101,36.21545379144451,42.11294193634798,1.8145114996181908,990.2565781997943,0.0013744376086822453
156.95947458513032,1.137540596059297,10.083692140597812,33.872980902499705,0.9233351915363979,153.51391105896857,0.0014056194656372665
164.36108810243314,1.445395618275879,22.131779030215018,38.165029296325805,0.8495609686793643,503.73517088982345,0.0015777704572375558
121.08247100871765,1.340557197148819,22.117078247601395,37.22655880308469,2.5463628969698044,868.089430198446,0.0015019403296869845
147.6417838681762,1.7724244466365653,25.64241154252402,36.37004201812896,0.25410046024586685,197.54418235386692,0.0012719053645680154
159.33504200808684,0.666901638218618,15.583013718832426,46.65574310163968,0.4449468621316268,1128.20957056024,0.001650167290175832
96.68956843022289,1.7423594556214923,27.83894023344994,45.17987973334499,1.7597097187205248,648.0333309619625,0.0014898195818023546
203.30777957734907,0.7658374551174342,18.102936566885397,44.959587285622895,0.9733109330082698,581.3346876903342,0.001345219045729634
68.62990248182831,1.934958971160539,30.053385827022495,35.466685501867126,1.3377922208696251,923.3889342504032,0.0012446000781324137
227.39384295239918,0.7195230684088281,14.75946826547691,33.815447229401954,1.0961930654573278,164.7101403293728,0.0016343680777493293
242.51802910072036,1.9228013434888906,32.93871722069806,39.72242093622067,0.9010344642704662,657.6529644887938,0.0013502566383141726
237.11806219625373,1.5212365489638364,42.12586451124123,39.15878343746846,1.8209288484384538,300.53478095884185,0.0013241543447521198
219.2693883553524,1.3592441578334697,39.45999976153262,37.97150243777296,1.5398817590405305,224.34860224621488,0.0013926793522265426
200.0971065342946,0.9812742401444787,39.84729027188856,36.055160509750834,1.6186219016683434,209.6819801197165,0.0014104245853690316
198.49891354078576,1.188454896911837,20.853770102476382,37.00460404951677,0.8767180485322298,203.3768577294939,0.0013929000527924812
163.32631366023008,0.8204398837033612,23.06084739556587,34.06561661987501,2.280194774320573,184.5238348005494,0.001397140369814991
172.38935807134027,1.127065173228782,27.41519648881397,34.93908412451936,0.48026911463589245,259.12427780537234,0.00148200652300703
160.64838717982778,1.0527476514745473,16.999971786423266,35.24164075125083,0.6904558285306722,407.0301788749157,0.0013454902805573679
149.26597274604438,1.3910832247121867,17.78832990817646,33.80315105431881,1.273125535843885,422.895310294131,0.0012951949966220637
132.02077772084465,0.8912122634344419,25.918451033280576,35.08342670519035,0.8197711338537993,123.84704883784246,0.0014183322409131666
141.33115628169907,1.4571435797074401,14.025568703672162,36.58681338661583,0.6688446308334769,413.8230490127657,0.0013492161685089317
194.885384321485,0.9943701844102839,12.220688174528895,35.459984296308406,1.6786586603559477,98.16605479697802,0.00124949838783052
132.94389101228424,1.6092997032849246,9.481270853890214,38.3736662869009,0.2291053818311391,72.43555001011958,0.0013258651968132559
174.74510311540809,1.4885379159273056,34.179427372136225,37.28510005702228,1.4382807387414724,971.3478435381124,0.001503489605217647
130.38674766301608,1.1959592590515313,14.033865319774122,35.29889222996812,0.20063756078283276,272.0369869877135,0.0015233920149553104
111.35235863608558,1.3610164371987359,33.14787322004617,35.20258316098359,2.7200113141884414,756.8776584828897,0.0013855198602217129
159.62503304368022,1.036695825047526,38.35510665673365,33.63151655493445,0.9409451285891979,295.3906483544312,0.001438533691716684
172.6612403967563,1.5698544561676804,7.18726933989251,32.544541631337566,1.3471455367764038,503.8711980516158,0.0013668827527520122
135.87743666664537,1.7933086298821606,8.600037349875643,38.006497333031916,0.8487442322092369,669.6803585179438,0.001470300547798346
149.00661671275108,1.6631323017892348,6.57373563838911,43.28420005974905,0.8714256625954616,912.5404322376276,0.0014935907900605078
101.63752329107042,1.750566591085049,26.248670560680527,44.04839009672431,0.6157534320278114,932.9671809703681,0.0014217011488141993
231.7936631514335,1.9898774668264478,23.803757209667374,40.416642463117654,1.3793557730903216,339.35895445705506,0.0013769073082054953
185.44401782283077,1.992183702073784,7.947081397834828,42.934772029731064,1.0278080681095516,624.9379540133949,0.0014207266896122213
160.95118956857246,1.9844380308545468,23.397922383219182,29.82781886373078,0.47445074920701696,335.0178349199574,0.001310097048020991
101.32083861968007,0.5553913967842508,23.64174475019821,39.250978801797295,1.7413292889490506,384.5798989404295,0.0014994591958215901
108.00901441093436,1.6251431009981425,15.354967767763366,32.417552723691486,1.328831256969838,524.4403318891203,0.001395307211004658
179.24475743863195,1.0862286051205932,6.83406726318493,42.391172848341945,0.2640534955119971,499.5583126374092,0.001273145700119699
132.98918950178214,1.762906468775006,26.118239526531283,41.79751159774685,0.08199250475088937,462.5834763937432,0.001529020284024135
131.1576452480718,1.7403517268564679,23.368167440374783,41.61983147457375,0.28539471811671163,532.0653361977903,0.0013235831098182124
151.41337251025345,0.734545767008078,13.341322811283831,38.61040070043701,0.6977392199370663,453.20924028120726,0.001589807954523805
76.6824218694795,1.9224595383669383,28.01111665653324,47.04718673978292,1.281768323016779,388.73931448788545,0.001308874890896651
69.21724395249997,1.9305513148307534,26.237054559598622,47.99576413570784,0.3952974589126406,276.3646337992058,0.0013946167755124847
85.5407983278034,1.9032481080009662,32.0247094303979,47.901902792156335,0.2957574481959568,206.30839309994036,0.0013808041403209576
106.65989172412613,1.82501071508623,17.23246691425865,48.77940456829423,0.45864137395310206,1055.7677201117087,0.0013300530234609856
192.996393423147,0.8436967486997532,30.048674889605557,28.95631840348001,0.19177789076657933,276.16626715039337,0.0013560451260418611
224.74610396446363,1.1774256268490262,22.415530837270328,40.89423583201042,0.20116798731674443,921.1279619681931,0.0013197917926192522
210.2295232953401,1.5601716545784878,21.860131831685308,32.43118641737687,0.9243259270036369,202.9067432582164,0.0015081130541889096
149.04070219277588,0.7829377588016805,19.282806279746367,40.322236828564094,1.6839137970597358,891.0583525273851,0.0014730281486659573
177.88445582552913,0.9230614229547083,14.728444317419154,38.785537893351425,0.945488163106453,288.232857611566,0.0014051033095459139
147.09418532349153,1.2215612891069831,11.072957171090996,35.85782059910965,0.7961217743482962,812.9404729236472,0.0014628031404648678
131.31339637035717,1.0172257913918903,31.749717112125893,38.93086982452452,1.5847879163116996,235.33390472587774,0.001398099115245076
99.13901302035985,1.0702484715997498,30.474305462376368,37.6354364672886,1.8665693264521073,94.56945728114138,0.0014060216388900755
84.86299144044467,1.2791149778413728,10.720745451056036,43.03902568804071,0.9075045847848813,139.67968958263623,0.0013210307302415672
201.2144885313369,1.3384618128722559,34.69936107774308,45.76709095085697,0.9484096402015507,1179.2010854494831,0.0015705597722151673
103.33179527861219,1.2468491849779422,13.627490588058077,31.410600293234523,0.5552845258035845,99.75271077776581,0.0014214545570818615
113.46618252507476,1.5495802527341824,12.121991776782496,38.97041950333338,0.41158202054125576,69.8267564959627,0.0013644028195318313
192.2473583397706,1.5656355594127946,29.348460482700506,34.64357381185367,0.031329429902339265,436.57878942938044,0.0014425756146389291
149.8648171139892,1.264777219026804,15.33214343440727,39.141168303868184,0.07735989565834205,388.7805064384411,0.001339443400226774
124.08593720824048,1.4947918288629158,8.627990445888539,36.121910094749545,0.03367764551908398,264.2043802219175,0.0015004311332074297
187.99305808666196,1.2141348767561186,34.57833519492418,36.78966675500828,0.7222143908823747,531.1969582117636,0.0012963773662540905
112.58250710033538,1.3006005604201516,7.980049854534517,39.720832250578525,0.9198778969970147,452.0822196897203,0.001535921531056523
217.36275405441103,1.6226147860730613,7.471760741500015,33.837166495553205,0.6055421690798929,965.1401979886348,0.00150581226725849
89.9690330349384,1.3601560249168374,11.079309695686614,37.62098054506737,2.32165847770819,130.45473293448362,0.0014336627088337465
201.2851156418707,1.320654095031262,10.159480909726826,37.26807362833133,0.343993067330801,979.1077556970281,0.0014031812089712534
190.37990303793856,1.2611989887136348,19.494912891358506,43.63552107714001,2.3080001137349937,215.0678699775071,0.0012945960055192052
166.085336699576,1.464404861799544,17.8281215789912,43.36591255173103,2.1683903521258077,234.32178377322137,0.0012968399539251302
93.97436062914659,0.7255880729448246,30.927374894212374,30.894444707234342,0.38848861220847525,661.2637418635919,0.0014878924905188566
237.32581662780538,1.655847290985957,6.329016466512548,43.036784406514045,1.3417258070747828,67.04239037206122,0.001380242096345787
51.6745657246271,0.7998733894615346,23.83839421325283,39.355696402715225,1.383367991848832,127.12338241415968,0.001440767171289575
203.0568359614824,1.1398803319594275,21.048157392092644,43.78152967040183,0.8402334838862962,62.08772887220112,0.001636771583108479
98.47301152937534,1.8288260686690416,14.843246462598742,39.726898107697416,0.31296176048045865,1074.8716619362942,0.001305291425398694
194.85480279066192,0.6847458502486395,30.034931918834783,36.975529949209225,0.5612952551935128,82.088235061283,0.0016089606260718263
94.41836375738879,1.7880276139161089,18.94921238226051,35.837196718856205,1.5461799971385972,458.42620689570816,0.001484156506686326
158.06285116306154,0.6709162037484285,9.162197850882778,40.65072580775479,1.3943091259233282,378.11286581273976,0.0013899661849301613
104.96034420454038,1.0920788447134067,16.521467175332756,36.100294615569766,1.068234434389966,293.6760910823435,0.0013073136716700287
75.2092196044765,0.9156573494538407,21.344067849860554,36.79838406731432,1.9109842641755275,191.380614399023,0.0013025578393808723
131.7235151856447,0.6420914256483794,34.6076838088557,32.81308008736092,1.6120883401503634,155.04999230625916,0.0012037134704369604
105.12407825056584,1.285307263471301,12.007650188888462,32.80565435524959,0.4897172192035744,432.80159674655255,0.0016564350591019611
200.14942945309082,1.1805390975191927,30.457198316632024,33.597224287872166,1.3933479649961908,142.566147479541,0.0011944315463734082
70.61033470986398,1.1334832641112706,10.449035717467838,40.889228677100846,0.2525295214446322,807.1697303045339,0.0015480652277080735
86.38404785403964,1.0812877945562112,29.039070485321282,31.833658849409765,2.322625895428679,248.72575285206986,0.0013057278953885671
164.4589080615556,0.8290411408111956,34.64098459809627,35.26096531032037,1.6270358095087858,81.78814359844884,0.0015377182125570295
122.50110590981691,1.2373384554191196,19.83135740502106,40.87308048603134,1.083470335041743,194.44874174977443,0.0012743108959180822
119.83670800621856,1.3227925352792436,20.522311003908467,41.75402358277055,1.3939989371887138,195.39022435459606,0.001335784454488229
119.2597812767185,1.751767336351246,21.68760275593677,37.933405117846526,1.108115812458889,734.9582518798275,0.0015529926257627177
105.83826709049184,1.807220317056791,17.084719885074957,39.735634238376846,1.2605599579140567,559.6045102484301,0.0014941265112979223
82.45194839388552,0.6464846896791541,18.715981079144477,36.37981155224235,0.6489503672694942,67.92405476249493,0.0012737622524852965
87.17317525605468,1.3662901952515811,15.146261568928798,37.2858516583734,0.7454131722600484,49.41200947282254,0.0012435412209893903
103.79531952861534,0.7792965783883056,30.84833558043641,35.65909736377171,0.8662427677126046,94.362116205166,0.0013567259832574998
64.80029943532226,1.141200934697342,24.473869502868624,39.921997170200754,1.275480032365593,569.8982381202968,0.001319619638177405
156.46531094563986,0.8898004175507838,24.015831928374304,37.98612064883548,0.13554536168358877,619.2152737762627,0.0013427781558812974
95.2684492492965,1.484563403343614,17.324851298971552,35.24481313941917,0.04301669562028205,479.6925576999851,0.0015490551605280623
98.63622096130926,1.5822473954888903,16.12922486361093,36.25041732662933,0.035316551689649506,504.7293190630591,0.0015593447803564455
212.57371997653198,1.752501613948527,27.046412358426085,39.50067931533596,0.024394690580478842,237.6051258895917,0.0017141573889571883
177.32797683514153,1.2703984127773684,8.149703041373513,47.046153993538184,0.737280223037301,236.4789552664715,0.001379760916081232
152.07286757816533,1.348075879099936,6.629647120482845,46.50541216311639,1.3088120709755502,334.5372404042359,0.001413526637692343
157.56599420841988,1.6346042197197,3.034339112738662,47.899975135544366,1.4019053443433092,426.9380805041035,0.0014384569956169455
135.81347555834043,1.237564880032582,6.611517894808115,47.041874534725046,1.355446418011309,62.310452461436576,0.0015099454702030715
124.8164748349661,1.138569101178252,22.187202178706762,38.80508157541972,1.084752006454018,101.24253049775385,0.0013705288921977896
96.92609367301486,1.1058815417370111,26.829789134998933,32.0144584647728,0.983778105543581,94.07101742997837,0.0013929281516567482
152.85831713486593,1.7578661379511542,17.347848365266938,32.8973384923238,0.8601508051964604,1070.5644002557071,0.0014466814738792891
158.38578495363112,1.105714251070149,28.528480305705923,38.64544994444752,1.389222920485648,236.59692011220753,0.0014480775874160675
192.11053250820913,1.1100589274120793,21.507733751793943,32.44068576275023,0.8427459129142342,111.09222197243409,0.0014183610463944897
197.17466173642666,1.4170016027202872,21.729844851442774,29.509320970462678,1.2203131535939526,77.5540037964804,0.0013187862598152016
168.41688539173137,0.7491780892497292,16.42838617401751,41.37978102196898,1.3578418663639753,87.55086256289081,0.0013795524842413515
147.70817395568375,1.6700316230076575,19.942119142480887,42.195580890522486,1.1562890475074366,729.2709819791567,0.001443728513346144
108.25449181462376,1.6928979553512162,15.498581466882321,41.495840651070424,1.228533424731532,883.230338011984,0.0014474158895823558
243.45196969809874,1.6338039120719745,26.58359825556832,47.43895907942605,1.1522088848615657,194.0148689305741,0.0013513978946738487
243.03127589489804,1.5610542379128245,27.160012214979538,47.58322146850372,1.5527474179571366,185.6499610839944,0.0013700010206972142
245.82046407889308,0.9452349352316831,22.411351573986803,48.14733218037381,1.95847578488885,431.36624022890237,0.0013828881385773237
56.713549483843046,1.3162112136980593,18.39120916487932,42.312293909273066,0.5762993897711021,527.3079977917857,0.0014724215882248425
206.28713937416728,1.1577348463521004,21.990314922452246,36.46565682206881,0.05872877475259078,315.1564242191741,0.0013926073488762496
184.17029200026283,1.1137003629713846,14.04505899740679,36.56586375427965,0.030071106653812397,244.8173886182268,0.0013369183394199196
135.77099170804084,1.7342981149316905,16.626065336460446,40.308801396879296,0.03608079692316738,720.4289760055095,0.0012768794103791773
156.4453030262963,1.0422257094259395,20.322013171905297,39.971105581021625,0.018097927231307077,358.1680137370538,0.0014458318959791046
215.05756743278013,1.8152528205468466,10.584465446309103,36.71344321752933,0.17706653594705588,705.8055831320571,0.0013636498699115627
227.65920911359717,0.7680871443297237,28.61421540007773,40.60328357494958,1.2160878078143116,282.8244371797413,0.0013722120445946347
94.86129827764587,1.5566429338915495,8.327648356458054,43.23209686292547,0.13131946663723204,521.9530828160556,0.001445458649723316
168.02974010291655,0.7050340761130804,31.994222317387045,41.10208908459281,1.5113496647367548,739.0803227225322,0.0013493445784922371
217.9453691251327,1.4204498455366183,24.220700499919168,32.95723109121319,0.3756689917673043,344.1831930141727,0.0012671461772322899
161.06392262325346,0.7999089692262393,22.6456358773954,38.86746553310853,0.38374615732539397,959.9446693449651,0.0011181569397138535
123.75600719780378,1.2649943814000641,31.709435329143204,37.217229912536766,2.689544466761542,442.54694760476644,0.0012763448925437726
187.08113681337454,1.023059401463713,17.52313998281956,38.97760532034097,0.1713087039953377,521.6800097165434,0.001614793579166944
106.63606570573016,1.6807079713865942,23.520253177013135,35.41717901577148,2.6649770494661325,108.96026138711731,0.0012561614351124864
128.82181803896228,1.051869198008105,22.44171774759565,44.944274785677415,0.2318029493203263,1122.8065251143519,0.0013803382763710923
174.01272287164127,1.652411281919581,17.997722329626384,44.130462529858065,0.7107764668146813,457.6412846536716,0.0013939776563523213
178.50905189569247,1.8057393078056692,33.3340724126055,34.77478251495005,0.6864741841039098,372.07750997402513,0.001426173905329928
53.32204932977146,1.4172900745306782,30.389656448747733,43.37089100942707,1.0848302735288284,881.2485460078113,0.0014544872590815613
52.061129497649695,1.7774610523687349,39.57962890762643,44.35988185974153,0.9635211282955556,672.8589386390267,0.0013840413822324591
51.832095479011535,1.709081096105747,17.203773530831832,44.35377247747803,1.3079667685302725,828.3181191855232,0.0013966663149213038
53.86251199689427,1.5409930089803885,25.305745810472125,41.86618906437914,1.2188518344719341,920.4056499928997,0.001438623231170525
52.29941355084979,1.4798844607452546,29.645923444897065,39.04247596286191,0.8580823536231629,585.3888051006192,0.0015091500663240768
72.17969286286831,0.77234985566945,26.58684537594298,35.61043841313792,1.2822658238282751,460.8850155153438,0.0016545546811570619
110.74462755727806,0.9480981685257465,23.96793298117217,36.431391224217855,1.4307271078776291,944.7003358858834,0.001568518065541116
163.08389088322096,1.431036259050659,17.375920667754112,34.5336310779487,1.6746401283218693,77.65783023441469,0.0014978020914914066
152.5595975877712,0.9877530050641045,23.129247357441443,39.61042396147477,0.685570094752343,305.9883664779295,0.0013900464714500897
193.46141415752555,1.2928840522968084,31.74106533703383,33.94795504265531,0.6267758423946012,351.73529479651756,0.0013677651387508046
103.83060924884394,1.1471858632237169,7.044246951072197,36.855828649722255,0.9749357869355373,588.6528432776524,0.0012724162904093929
192.95651229937363,0.9600921532329443,35.802520387568514,39.71015080507512,0.8565361885187897,384.9928246169388,0.0015678933253653548
167.3329896406824,1.6595577044578826,27.640992750354478,31.249521553636036,0.8126078210995997,515.6008142567518,0.0014793271112655362
169.38894979694354,1.2141995739053233,14.238016344253044,41.542432296793834,1.4975200869479823,194.67599096101608,0.0014790998373980543
143.79444764219363,0.8886020333442991,21.746980977207237,43.4999748188113,0.5369268801956742,488.3203910177725,0.0013741786860714518
56.071856928591295,1.7678317238587595,16.36468798767636,43.830604586789114,2.5203922962527283,796.0950289594425,0.001291085185887307
233.72446317936263,1.959922487508882,17.34229590287096,34.82682916301476,0.15715120457650156,292.0377824015161,0.001532546185776389
59.646381810729515,1.8335202855583346,30.216930166989343,35.1033000947638,2.5268581832447494,442.83950545940525,0.0012562581196564684
53.96440666369255,1.0561424730011917,30.937770640218925,33.68806508255277,1.5918864774989676,467.8195771191338,0.0012894103979808223
159.98202362381974,1.471439918896876,14.880988027533053,38.949925025905735,0.9506693380518365,964.4668533969118,0.0014126800917819479
114.25925110281763,0.7304765953033665,28.50827026471685,36.24995635050372,0.27200618411076566,435.0877617720294,0.001306175388287935
153.40280962442236,1.422876584373251,15.97995729670757,32.55732144490739,1.4829041108169252,641.9154729008899,0.0015207440245751536
129.4245064574271,0.9846142924548779,21.675355533343623,40.05515069477468,0.532606770981554,692.825576642111,0.0013427507180890875
59.120712991383655,1.1089473413101412,14.171091398334907,33.403296409991825,2.2747421699030466,935.3600774228383,0.0012782141838571773
246.1557076065234,1.2649561270981313,30.736702308917753,39.364759372389436,0.23411661695445535,215.47697513535056,0.0014467893788438053
54.589752277893425,1.2502957296747552,13.611348893656947,37.52636459756894,1.0798166692722055,123.02747188709903,0.0013877996512349413
205.4374062449848,1.2521143711126634,26.835402188371738,41.0160401557011,0.43321170360657774,513.0752329781272,0.0015763730136259925
128.77768295882765,1.6562427368898471,15.303423607357775,31.199419164304643,1.2256079391893586,244.44517297645658,0.0014302224736612253
127.6203614288241,1.6684590461602606,10.220578549629366,34.9888396060914,0.8757643783326163,286.29082346419125,0.0015741526573583638
146.3454596189779,1.730308350716973,11.416031079170311,31.320753156059823,0.706744498741318,215.55465523130536,0.0015836256179344273
187.09240720843553,1.7197412655287714,10.3649238792363,37.40786521834157,0.6273738734271519,276.8460100756633,0.0017578199874257066
150.6788654900341,0.6220947689686173,27.73622352197026,37.634024375262584,1.3993806570676615,286.66665635503847,0.00122170082609765
52.14702766875953,1.6879068763887712,9.89219683788624,34.53466634061849,0.9059528124791595,802.2671003939677,0.0016585841298112896
82.77847737575689,0.8391946557471397,21.8431835700016,36.20253936685143,0.5922837428603377,227.99761032615788,0.0013180583977453972
219.95193437480762,1.2406629637607098,17.364321547968242,34.62545065839762,1.048313653098489,160.40088783777517,0.0014208190635165634
241.52545567967863,1.317698956185866,19.502645092824082,36.642788081479914,0.7517457781744536,600.4219649186527,0.0015295936515769383
242.24109245085472,1.503444340941181,15.918927009973432,34.94036559958263,0.4141657504568527,483.14146763835583,0.0015032752655674444
237.73004632127947,1.558401800127471,14.032047348674512,36.758355334797876,0.4303727817000545,402.2072086832007,0.0015175438076169593
245.9297190459697,1.2327789807635796,17.273889998091445,35.89549905505298,2.3390579770689715,680.9797104151218,0.0015002657350699242
97.50262882972288,1.1587166105027353,41.27647795253645,36.22621823538066,0.4408965850319114,327.276072679982,0.001579953594982558
239.18764834034764,1.6371827995495956,4.82102348391708,37.22427981566308,0.6736505001292196,788.9664952135571,0.0012926191758640573
185.86618502463244,1.6750585796658226,16.080846531732178,36.469331785315546,0.6122010986298951,160.82757228979352,0.0012961609365793568
201.43094456665565,1.3763612637020732,29.892891869014708,35.48857753214301,0.47353412174919934,863.5615921608679,0.0014807494178444222
218.80463724184276,1.7208659856947848,19.430350753684877,33.30690613514784,0.7106468318225372,618.1235115195906,0.001506959437533419
80.29277256631222,1.4027698338814347,24.118592472115107,34.24198236301186,0.16389233897186348,390.1921094445963,0.0013307669310015466
178.22224980973007,1.6121136107391445,27.6536666188067,34.12313301618806,0.12373625162106354,326.7523551710093,0.0014765584684892435
70.39122921809387,1.2612065460243196,20.11420464234651,39.133370715810926,0.05868110313780438,638.3478933354138,0.0013355505002033649
232.34471022040452,1.9777614000972243,32.483763169082245,34.7177982046019,0.010451647032969481,279.6052981342404,0.0015296562719797682
78.43957140026188,1.8261532969922847,13.797247300538402,38.044231660997426,0.7445389015677374,327.5883605159501,0.0015425103519881057
82.25685994799399,1.8971608925920307,17.728533642495535,38.23282996658667,0.9228526775226478,425.2958599183292,0.0014873943831900736
66.85406564749736,1.7774346144999045,21.128312990820234,34.04551466808119,1.5995798147154399,429.25127142731736,0.00156578432822887
209.11875602936044,1.4849032394011452,22.99243769853273,40.372794514850504,0.2950015940217582,471.68513404724905,0.0013478965451860963
221.5489188891311,1.4630106354318477,20.178836758596564,41.41611797478023,0.27506472579756897,484.2145266266789,0.0013502297059502623
236.49446743343782,1.8894946784801288,30.029787220670745,37.970604716059455,1.9543760042808678,248.3809973260288,0.0013037176019975248
233.58682045733346,1.8413509521194582,26.21664758549654,34.672664387369885,1.4299723647690608,245.462165364711,0.001310730119862058
230.795443627306,1.7838290653363502,24.697601697033527,28.883918318893258,1.7053400430044314,258.3495384329457,0.001259571060377465
66.76379991290815,1.803247995182149,27.39942859225404,33.134090599458034,0.2535787307906963,259.0346468478421,0.0015277711772317482
89.21711409981121,0.8535203896107949,15.894854958735216,43.17750529917742,1.138711602589217,996.0151699811867,0.0014859234593491374
154.09455632453177,1.325310402292833,23.72181818697307,36.991350590479655,2.038638001420096,479.20392000631006,0.001364631687394421
85.32751653142799,0.8293154089012217,18.86686254367868,32.1898663339366,1.6766878799025173,472.2247992282336,0.0013761261522775895
200.91952973961108,1.2260494371188129,23.83076188232564,37.31638854227086,0.46721063581137834,468.0233420976553,0.0013745179984535174
85.4270818920144,1.5996533487362474,16.431353215652294,36.007339133160066,1.1540348440100376,550.0559009076288,0.0014306018034373623
70.64821797740511,1.3031976365377966,16.915983322319427,32.8942573570638,1.0074687619962581,571.5679418818398,0.0015070721638272794
89.8588195457374,1.3488974066429569,32.7258379133815,43.24434470397963,0.3831956453687105,469.68374320357054,0.0012605141200331478
212.31077893712026,1.1842713528997304,14.154585542944115,41.079735771106925,1.6172704655856491,226.0039054237286,0.0016045112551595195
66.28076293252882,1.3178477554075119,30.8701522158729,36.80614546125875,0.3572460714045978,755.3112456001361,0.0012939073574310942
79.44977985786869,1.804067519331909,31.56501862616673,36.7001144989376,0.998241756034396,524.8196311979842,0.0012563925239045004
91.78547236381223,1.7959523898355474,20.615417970412423,39.03373662712944,0.10433343954475996,456.44858593551993,0.0013252264611323399
167.58161971465836,1.4123269607307083,25.79245864294158,35.873393845139326,1.5576915098151232,206.5300551484441,0.0015000565632957148
140.53505747746274,1.3656074454365599,23.974337825688753,36.16934444638606,1.385704079990514,231.2319592811176,0.0014432861918596458
172.6687161730077,1.8703487822565787,10.694425077640918,36.140661408449226,1.7472597946920123,512.2105993526816,0.0014367792707667343
118.79840167816354,1.7067278135017458,6.9140558086611295,32.27260782591014,2.0586621924821786,683.6450907240406,0.001370278566200507
172.87179953409583,1.3937683003419399,32.0451529521238,41.40526387022356,0.32484872365281436,513.0094434661208,0.001405328575845189
155.57100856358363,1.1049581810826512,20.000911270742858,33.643360573058885,0.22144264051743887,694.8588188863115,0.001552855445971597
158.98879618587367,1.0830772308871552,16.871398087434113,30.32592354435866,0.1925929075146262,823.3193300659091,0.0015616939996766777
161.47588414650576,1.1094945244714798,16.83499121503767,35.60369581950897,0.16181755087394092,654.8063192275785,0.0015167889036766895
125.24053661324174,1.6426011411124384,6.673367587770245,36.26781191073707,0.2611758827541887,189.67992214006782,0.0014397525961587132
197.64053668116006,1.3064993206382103,40.309160836821135,34.07468522450574,0.29145857695758437,369.33606307518124,0.001361700406884206
89.80364600870263,1.0351584891418313,14.540826712460394,39.59882349100825,1.2551017597579759,707.3871270304039,0.0013315617274316646
55.635709485480454,1.0795069387899505,26.4406345974741,33.14329133749608,1.1001143187177662,473.22737839872116,0.0013368548272072154
243.53752608271503,1.6473009260558753,7.065088860101822,45.771629116066094,1.7519819225132482,428.7170558468319,0.0015094545090736774
57.76630575372909,1.3377727980574725,25.810044240944656,43.45842393333349,0.9120411929955948,539.1307526045342,0.001337545865183223
83.98749275864554,0.8467543331498963,12.937582375006878,32.96743342720664,0.6670614825351213,463.7800402302271,0.0015349892650630068
131.08619269110773,1.116657614880949,27.634010774196206,36.60172396287421,2.5994068792363647,628.3095138422148,0.0017015951829974184
131.55207345487452,0.7864725684383469,14.143066561550945,33.49274821341432,0.7515922671576859,145.35659454467262,0.0014359680180774394
168.6863102326041,1.855081101760046,14.101917637768457,36.01687799691019,1.4485778398594473,948.5315070811729,0.001398447395893676
174.39054731757477,1.6482018330912453,13.093728346409113,32.39646959068789,1.818545674025823,199.54683423483613,0.0014373967214869367
152.32435245107484,1.7977396544279056,9.45146155865913,35.30527778592522,1.3752010084530675,223.55236125897457,0.0013478366623705122
145.49405168372758,1.5907504459348443,39.306394268649996,35.78400184748895,0.7154434331980757,644.6858202299602,0.0014721408804272975
97.47431912579404,0.863796401647245,29.35298959703903,36.18870364135172,1.8784003684303174,140.30006414874836,0.0014284351011668245
167.62673051235012,1.2244656319833949,17.47627850365362,46.42916136463363,0.8623383702125061,264.76072926838225,0.0013067134086397472
156.5641064047774,1.1203440241519669,21.773951993203283,46.31536468813891,0.8130347699176002,347.8025380049805,0.0013474926582505025
148.92786772837536,0.939511377937265,20.546618955990144,46.45144209723345,0.7815093744783737,319.88495736027943,0.0013118621498932497
136.96218922339634,1.3388671246132569,17.650353362669215,28.156796332523164,0.7742831341477434,555.464126632996,0.0015104104125831005
204.60076414677894,1.194783473642768,26.001221129702014,44.296700283362114,1.2974421098757014,490.6478984701125,0.0014637731969654203
141.06372573388848,1.5808381812652756,4.9487613272388,41.18186383567161,0.4318030422304246,71.89560158642448,0.001366014273079317
84.08476155451365,1.1491951686245494,24.905842274196548,42.05207817411784,0.33008356347605056,223.82082686946663,0.0014218076954850617
73.2013660558002,1.0945223618758795,22.400308598656334,43.45365372813125,0.29973950690701623,204.7868516152849,0.0014334187315279462
71.48963882444183,1.5143807723836646,28.100152657477327,42.99906574410485,0.24596274807816465,407.8152719794745,0.001404436889072368
220.60551291974718,1.462921024480473,27.303963531841326,46.22421297514474,0.6957855913760508,184.01281940737772,0.0016021031117451586
173.23479987949202,1.3889023149227235,25.155578997922913,46.71172068160324,2.07783798237716,188.10549793269394,0.0015128757982259544
153.63110378109585,1.586010275814019,4.486930084862391,42.823528165594105,0.5085387946371089,271.15996020670207,0.0012549360498854498
157.47068910489062,0.9888093054219604,16.841024003147723,43.98602819730944,0.4595342516960047,531.4393967153964,0.0014338743143179488
155.59716524562012,1.6247126680281125,5.328233417047333,44.90323976815847,0.32547664136310783,537.7364172852459,0.001366859898875786
141.1786188836387,0.7279866385363131,32.640154292297986,38.5971291250045,2.311083683934752,489.3113558403234,0.0014135733600243137
185.74384272167265,1.733939553843744,26.74237493499236,33.94400109059669,0.2771381949921898,318.98225428789084,0.0014145792794479969
118.5870483962465,0.7671181614603265,23.070202252096436,35.24039633114314,0.257943609976154,671.7845902775346,0.0014204504640984751
170.046232757468,1.5550165766393746,17.75841520463525,40.96254649029355,1.7873612458459904,303.808431656408,0.0014566667248105225
107.16415560315853,1.9070634597115819,13.570842230775035,31.40720728160844,1.1136753350220026,328.3979962895072,0.001400858581223222
204.18265289187192,1.6029020897461121,13.380898929868387,39.125699465527894,0.7833674383356966,577.4398014918509,0.0015718671364329541
136.890349757482,1.8014248898032363,20.358168650946286,37.5240769811642,0.04951642929485532,501.8315204761965,0.0014151275093997105
194.85393873268632,1.9506151320790899,26.46671588937659,38.180179007076845,0.08311217396873946,374.41686624351223,0.0013687864563890451
169.06853620470318,1.9978031039237387,29.016611578969666,34.9546123785969,0.05893702873699507,400.0357923632389,0.0014212167300832084
154.44370825016566,1.9815248559205478,7.060455636502662,38.304643747550244,1.0495361223129698,240.5120349109585,0.001330289402702542
148.86794518160121,1.057448485368421,34.04228031347707,38.88444065975293,0.32915721962335176,313.2257141727365,0.0015208589585378324
127.30292806353592,1.523774302447843,8.313398317206037,36.16132043356594,2.4305174552976436,93.03987026251873,0.0013872147744134805
240.39763494123173,1.3090121302866105,35.57230733116965,37.22505516278522,0.4017514966298351,189.93905793366545,0.001419273126568664
165.07966254814806,1.7419368863874891,17.60900379538333,37.96405713326007,2.258842752030972,1151.2977957741202,0.0015010359272793373
121.41802930290726,1.7750362946862595,21.1801657460833,40.03955001447028,2.2447080312555574,1577.6415471165249,0.0015154992571074295
193.18746620055308,1.9723718076329704,30.05172211576851,34.57239038263291,0.6026517455045395,185.56400375115587,0.0013287886075166156
81.58268785079753,0.44057912277606287,16.96444999886814,31.76823401922445,1.450369767237498,213.10445334574138,0.0015596089551933895
100.60566785605138,1.4351396733322417,21.209380852500757,31.371958150736155,2.085270666908104,352.5298050084949,0.0014033423877630661
83.13586110879643,0.9427392973615863,9.987806893637782,39.170748697476554,0.8190901871434059,833.8212765278579,0.0015218810056464723
70.40685345827124,1.7484662703896794,40.88835243463323,32.51884940625619,0.9416339376328753,101.04168233887746,0.0012950528403845986
99.96344404371311,0.6173889509953896,8.065457897338945,41.40186246671438,1.8272849894425822,16.062696398712557,0.0015222840450075097
144.7105428553348,1.7299181178810208,18.41810686590212,33.34321511695484,1.9174064578913463,34.37464857407189,0.0014639438065018528
153.80602520939465,0.7854803874167519,26.53291426255045,36.4174694912593,0.6213379096599407,209.59886716090585,0.0014273198036960132
177.0383184551378,1.8095272955599246,6.122479684434629,37.37396600483657,1.437639045874335,196.14894540635223,0.001423012446569338
124.8960290786562,1.6982515863656182,3.7134385690162377,34.28168893808142,1.3298635258350553,116.90248475577762,0.0014090037857951805
170.4903672262231,1.192168173075024,25.307676074830987,36.031158566745226,0.38010795612789966,800.5382444518718,0.0014757783488740278
189.15868949857804,1.1973553806021222,17.497918813631397,35.96939354389879,0.722277016729369,1050.6236570499118,0.00147976729472084
179.64171381093465,1.0806534322440566,13.933410263440473,38.709761291013756,0.6759909020754191,954.3731941433069,0.0014752105323076188
93.37169339131978,0.7501887207553293,20.169948648938465,38.34864211054616,1.3460349367370885,295.28971391577727,0.0013896718760489694
190.9246485156415,1.5167111585027135,25.743724431712312,37.82232150538067,1.1596598963071973,830.2564305925185,0.001622302178245722
116.7485903499072,1.7232899030483182,20.036356800050562,36.70632912391508,0.8393945562897421,78.62539182694695,0.0013601734303461711
107.88517929402431,1.4250379429474136,27.145486729901698,32.38591546034138,0.924668479802557,148.4503123561303,0.001410848885416917
76.8314737691739,0.7186285314964929,27.396417431923105,42.317626598801674,1.2678587558702552,391.7503537389384,0.0014394029490457667
107.04199072463642,0.8352208945533391,17.754607746540074,33.17511525434151,1.0069224833857602,147.4623456766443,0.0013057657785562195
61.28874858675519,1.6053579424980038,14.095592649329488,35.20788031621073,2.264851735705593,334.0479359019071,0.001329378845048365
50.98586639184274,1.2065451990356764,24.083288146810165,39.24782307028426,0.8621114777394645,509.9102207031667,0.0013498481484336025
248.95604754478754,1.6271966852954676,30.09047403073371,36.991618755725526,0.2014633249464737,628.1104155115066,0.0014245656074502104
240.6647204066418,1.0653936356203624,26.08874248034827,39.794020848910385,0.5889764544413284,180.98959219266885,0.0012964018399833513
208.67581591579466,1.1446255211523888,30.873776998642597,38.61280363501694,0.39271125206356255,1075.2792860485463,0.0015582915994863137
148.0881910411848,1.3344522542740922,21.648016330223502,32.93185035038229,0.47968940886575767,613.7229228489433,0.0014987819940898532
105.30176727628138,0.5696333569839976,32.23458326420252,40.10309257897205,1.08607839545104,923.440987792497,0.0016277921983786177
165.2877221035635,1.6486708570041384,11.192509543706754,35.772959781563785,0.5785819900373719,213.25886655211144,0.0012515465355953212
134.66229155124842,0.9485045356318892,30.074442107523286,37.14726514100807,0.30344470339928087,651.2059109038759,0.001612125967783649
140.40374513705336,1.6333926036866924,14.117306912955563,37.68406066446502,0.43950339158935464,370.7345985140722,0.0014204088845362816
104.93069163755379,0.8964721318182225,26.591151963755216,39.45066775439341,0.3411023098360536,678.0914780532139,0.0013781148043998616
175.87667445060217,1.6422349905838642,31.79999058723928,41.95787382483189,0.07821598707060681,604.4683588987388,0.0014168702159077372
192.69475751904042,1.7241249141452943,35.163429369059976,30.487473897993702,0.02966600150510488,182.80916353262458,0.0014768505277773436
220.30288299613503,1.2414198767704754,35.86147200488932,37.96952473933765,0.046679103280867155,193.62319188526172,0.0014782562069008116
170.07343574477616,1.407996260017425,35.07162895481689,39.726175814335505,0.12611644054760737,52.4652745726587,0.001474480346673915
152.32398216937167,1.0239021061920053,10.048293229167733,40.71385362104207,1.9160147873112146,213.08298216181123,0.001376934109858284
118.49003023312716,1.674715387426236,30.916920365895106,31.54107010785049,0.5398680266148422,24.423482826022052,0.001384824249944584
143.1089428459778,1.1499891451494753,11.740215145386397,39.99151605853803,0.43703658024673747,14.831469072814187,0.0013502871028759707
121.3838462550367,1.4193721361542193,15.045829778131617,38.37983997903201,0.3307099983138953,14.518766875488836,0.001297354379661973
159.63663726280512,0.911792391528792,28.563526552146328,36.79469993107038,1.8596726342984038,294.40276167871866,0.0014221513285669102
139.9795211645142,1.8455143858763516,13.776852334530568,33.13577008993886,0.5720676960831325,381.50535831518164,0.001355696432682751
118.10638099105327,1.8017128974030014,12.292055483641875,37.69963554551177,0.6844586696278939,504.0213203971636,0.0013887128294563936
190.36544001865042,1.1181837861277388,30.32953708434657,40.67722174070032,0.9711353843851072,352.8976772949506,0.0014796954886256931
189.83272496005276,1.0483940017200497,27.593481603318626,42.84887082990609,1.454081231294815,275.40931236312366,0.0015030862031097146
86.60084500243863,1.2269632513799507,9.327994018316552,36.63655467235661,0.9035917518985005,487.25680231879045,0.00133493485204167
131.35849275374795,1.112877422547368,11.554677311197661,39.555274954746686,1.3559209730539488,568.9179452792199,0.0012874615778378105
170.91350808843623,1.4080142423525008,18.687131920670677,32.469437574799244,0.801685728639572,471.5463460853181,0.0015641451644806885
139.6340591341107,1.5189602823081803,5.134683108980431,41.18184757099444,0.7590271521892433,162.16684668569914,0.001411021811185728
174.3747400416228,0.8180195603945463,27.407273798611193,37.08100209702196,1.4326940929321836,718.4882722754103,0.0013087363782809621
188.20034089604795,0.7371076576295701,31.897597639511527,34.99698486236809,1.8735964522027886,1227.380222798917,0.0012745709591250529
74.95325737482842,1.2732012901654854,10.456732842361573,33.69765585318883,0.34998354086565914,21.4982954770389,0.0015671537270328746
212.8074215029435,0.9714445730642858,36.74515993868996,35.007121665952624,0.2865628659905433,154.99772270583347,0.0013105318916832556
216.1819943224196,1.0530084072734491,36.036329298095495,37.515034405822455,0.35081949883448166,143.14789660832716,0.0012628269716937796
234.2122676318374,1.4132833802464657,18.261458398276215,39.54238502086528,0.25215728154170824,274.989148858181,0.0014012008119330694
64.90414149405579,1.119660961680483,15.996772824700823,40.68018294604136,1.9718365208537394,819.720037663693,0.0014072826300793708
215.12214950232155,1.2678023806702519,22.018072379493653,33.30797682703608,0.238276994365486,301.9332053422096,0.0014695154815626387
146.24725103118777,1.1456983338722273,20.34112174944753,42.93754467950081,0.6861091523017713,812.8388066521117,0.0012527216626158455
188.21045536198616,0.9469171491889182,24.157497786902375,36.841536177647235,2.02174677883477,201.56444543866766,0.0016055329929604244
132.26844032739783,1.5609627195029965,26.831059178347928,40.65898502022002,0.5138333110026058,651.526296904806,0.0013360700524477317
199.68407975700293,1.031401664702238,19.1618683843129,42.541268982139144,1.510942566970141,184.3678638598825,0.0014849883564535698
123.26282961064477,1.0228510753312798,15.683697076014951,42.1751180359386,0.9402762416267213,1017.3046921021005,0.001396389353293048
166.0659775012023,1.3514081733255037,25.906315120579475,36.11683636435623,1.3603096674330641,103.33527265737638,0.0014126705301444587
88.3585833342373,0.7720074103480635,29.660623156358024,37.17758320276431,0.9217936415219902,408.1990648469322,0.0013201785616880207
200.12090322820197,1.4979041543387703,33.27446926847191,38.869637898013195,1.185674409980383,710.7880343333235,0.0015829581139741888
142.08823076495474,0.9044673484573307,13.49505207752606,35.80618684637049,0.8680230944189327,439.9163920047458,0.001325215460991348
131.38912906082786,1.8991621527695188,28.943986388040084,35.592789727909036,0.8176688433980567,310.5491546259087,0.0014889895539412874
91.27297063210959,1.6251084319139784,10.626800153498987,30.84196029612434,0.47525719429081476,390.10498179728376,0.0013411297055902912
179.21758302977278,1.3162251302747658,36.97693024986548,39.85237995158991,0.9534661663137332,172.61219488841033,0.0015048042901153543
157.4775088169504,1.0859343717607792,5.170820486082603,42.27155652921669,1.515266388825295,267.4495937869698,0.0013054630220036185
158.92211174525437,1.7707299202187687,9.870094428975381,30.82093028738215,0.8874530738779114,269.79938788353564,0.0015867321127719723
141.79920648326822,1.8320969137235328,35.25462110706816,42.52860577154126,1.2125891647586011,722.4411829537912,0.00138675798036677
124.73398874482105,1.8980324759054326,30.259371292336144,42.87300903857462,1.639754334365797,413.8634057233121,0.0014476463276188178
168.89799915455163,1.8010422014899896,18.67385057159982,44.776165916561354,1.0912374952302735,614.3025410279089,0.001409247562741326
163.05098856458733,0.7411897800089401,30.587418790558807,39.699949312805394,0.7017593401021339,519.785272204956,0.0014259083465787106
135.7413617363539,1.4554996158756648,10.9287439827278,39.14640724665149,1.5654256129583828,459.3124963074651,0.0013220986484765464
77.8333465111718,0.7666877181159808,24.837486554681053,37.05256287221517,1.0111012557706287,368.57128921851927,0.0013677202414504007
229.90188702081218,1.3947896172576404,18.789841179890956,33.881148096869836,1.1914568840505553,703.2096149766412,0.0014184959960219313
86.1595808044197,0.8360082801241959,18.285181741813723,34.76912176241347,1.9556141344782707,443.693574715181,0.001456708509284737
145.8234062848855,1.7551831350461007,20.206698654360157,40.19606301359603,0.7317938281336668,635.2567888145697,0.0014509664640562335
206.79331519313286,0.6810346423224957,29.93669514644986,43.81630466407512,0.9418173145759547,862.1946396632788,0.0013776846700130885
199.437359566839,1.4725035896850303,16.059186626300516,45.80215794755806,2.6967912823647313,479.63424352410686,0.0013691712045033084
101.6366553325035,0.8359144173572423,25.111655497907847,42.60765645988957,0.1493292506788296,197.56297955139988,0.001475562317018579
108.28441111953843,0.8776421166525651,25.897872205055993,42.33162365208027,0.19621710294367536,924.0350969165329,0.001437796096715448
184.743881670134,1.3483470075601411,40.95571100689986,39.91842698508713,2.6867489357790673,426.48198701543186,0.001369044979154798
109.62121820376099,1.2192282712899725,17.688566296244208,34.02108728936334,0.2526729328263261,563.4175263818966,0.0015947448888864427
175.08254352243446,1.0684116548332048,16.259837150965765,35.83210707615194,0.7847912027687628,509.33348014051273,0.0012850048791758495
54.500683189297696,1.0583648182939933,20.824477949759306,33.79124066058469,1.3089437830488295,84.16137633116539,0.001509384768636164
51.26470371663838,0.6764867055304683,31.210416274286914,36.74429666424632,1.2235866865785918,285.3828321494893,0.0013494344442650354
124.91580253918916,1.1156071091724586,30.865784007168806,36.137129520369534,1.3169732830411218,965.7674328108448,0.0013355604462640595
191.44880018740753,1.218200135690439,10.431966391126233,37.97981074322392,0.9331069818772758,187.01067974040336,0.001509501641784898
100.88892365265725,1.358225417591955,38.33607962394155,34.26480210188832,2.0527055495808577,586.2611016187985,0.0015149107587431256
93.79547647254098,1.1560950293913792,38.91950651091223,35.67370815372091,0.8043711188523441,644.0801762351314,0.0015220201386677555
195.94722120107454,0.9194908238009575,8.274086906227895,34.409801754108926,1.2012078740153773,343.90061540477484,0.0013155484735850405
209.32186624403718,1.2994741039870314,11.647591495647989,41.35572801532243,2.2367766532001645,750.2047546663719,0.0013064530267069756
94.53803413447663,1.1115976208684875,26.6567401556522,39.330226750736756,0.21420806782819035,321.5988677985743,0.001516184610521327
125.02808919666124,1.2548026654616002,18.957611505098505,33.855983044408276,0.4384526424068708,287.03844947366173,0.001308977655333273
183.7443247326908,0.9839202925276817,23.95502214786043,41.436292383471745,0.611387172235354,305.89138980862236,0.001369328208524522
106.39279359940808,1.2136680487354226,10.713599121292514,39.587013273549246,1.28058397308117,384.5635630081416,0.0014763895585913776
185.32836910190161,1.0738448040708757,29.533401380345964,40.294450428941886,0.42162866647338176,573.9587862506086,0.001344773814265393
142.86190955619614,1.4597685895438628,25.78392433492575,31.992471532059838,0.9358352456879745,357.4485880980755,0.0014837232801784075
169.97401903157603,1.5090089544003884,23.306090212327348,33.340364909660906,1.3402274573413175,738.4855461697028,0.0013842484926954468
187.40521605078055,1.8954551300219857,27.847241475432188,33.87011748216811,0.29310592033113697,251.21870669893852,0.0013950110232307253
80.04495065384076,1.3138277934236762,24.721897565657418,40.3856820362775,0.42959460043223935,180.03606301258404,0.0013244902066472585
222.733874256688,1.3002471003114602,18.311649581990743,32.14380287466423,2.778089770555684,126.85966452217085,0.0012700258756123846
137.94237063233183,1.1614166475179089,12.34778475186515,46.60198276222759,0.32557031367983175,244.10990107049457,0.001514052353206287
140.37928622755012,0.8566217655052418,12.145763668211048,46.85709842975316,0.26722646910091497,262.7889782987809,0.0015751213196299467
180.6440835154338,1.5863615525559922,15.795427684093719,46.946993648789956,0.20735992876652337,499.1605864695228,0.0015505421918723416
127.01724293884598,0.9801216667242203,27.554432149076973,40.42930842971076,2.2259631908721236,544.1240549492201,0.001250372628156098
78.27752296914716,1.062716969234991,24.629996096084895,42.361645239820604,3.3267178093210448,1002.5324489590837,0.0013245982657918627
215.6923351025617,1.85966127138871,22.205668454636278,33.296863225371226,0.039419304759359765,128.506598740606,0.0014579388090821602
84.31429059783204,1.099174787920108,18.327664540924978,41.27727570482388,0.16111288322204662,124.74514040472103,0.0013222609411112259
196.40062141832044,1.8284976900167222,22.4039023344426,36.03533917134033,1.358825086727222,542.491250292528,0.0013557193072682796
134.8231551209181,0.6808580847620522,9.956442797946838,34.12291196083397,1.3228002042850233,158.2397163520592,0.0013379199148340205
110.74820476169718,1.9645072792584308,35.50028751877664,34.483870372714435,0.6611063046569357,466.8434766652392,0.0015299340419313305
173.45831343568855,1.852432206692502,18.095739150471868,38.03668152175006,1.1973411888558982,662.0618228479282,0.0014730021782632125
86.70957780116838,1.7165297612626573,10.070159637010132,34.244345916063246,0.8134271710992289,379.52061403288127,0.0013967472394510773
97.76006765135288,1.0375150882220991,12.850107163793123,39.18348560169849,0.8881029781552569,316.00598007727314,0.0014145141739648238
130.6878153166072,1.4142551756844075,5.458645007897804,34.881637098396865,1.075511346804185,852.9831458558309,0.0013433771947622523
197.81698352305287,1.1440297298134487,35.8189733495577,36.76566365669373,1.2804446250015207,125.84500136187388,0.0014469583825192553
200.60888205693922,1.0349057015774146,15.102607530472037,32.180553649516774,0.9156421964955028,145.6532056360114,0.0013779913623063916
111.15071111799169,1.984898824660615,38.181734504991546,33.97027727716059,1.205577636213686,267.01385664435713,0.0015675201597669874
120.34030703909745,1.9591028863972673,31.42738950882394,35.71039185857895,1.3508121163626206,425.8552104649817,0.0014566608064133612
188.13688726417453,1.3734490642467074,17.98251770197713,41.707683212021706,1.3931957038970124,517.1924029098235,0.0016509467032818912
130.23049112895865,1.1066009434330935,35.60849293988417,32.77211160200252,0.37951574661804494,588.3690872846374,0.0015853145166201301
108.33657595676243,1.3362357419670388,7.877937754152605,38.52490150350073,1.979836274097088,195.65849229910677,0.0013898515327546612
155.6969427885727,1.3778408529747124,22.354059065810233,39.66648354343035,0.7286169143221453,1119.2401933432675,0.0012668897462433605
88.75090437333618,0.7394748325685545,17.478279130205202,40.33727002974003,1.8804696095309823,118.3196183048516,0.001630089984487909
169.55498495346933,1.5680221684297801,23.445472572280643,32.570829481777736,0.09495145287075443,260.18031427444015,0.0014371598555671745
173.09515043646383,1.764589494036859,21.27082936824916,42.15282341126238,0.027417553781714125,416.10507967667223,0.0012830677522963408
152.4177870345462,1.6390767072741523,13.2929748468081,33.60491198700761,0.3416265562296411,219.93856801285835,0.0015385491478478643
196.65793881917898,0.7721505107964569,30.298377321794494,38.48607277064277,1.6522580824520228,709.8803033189189,0.001440604029035736
118.78972154540935,1.502393193125646,11.087170532026533,37.88447322371876,0.6296548072698193,217.62559445886123,0.001342424268643224
211.29533280834062,1.0875541810745488,34.53804310488859,34.35907513591205,0.24378168143333956,761.9806786244446,0.0013156124031765825
212.86743470395672,1.0087843853308145,26.570849105374723,39.538880825953996,2.78368480097687,386.0472597427384,0.0013745800820447946
205.78701935717905,0.7800240381661642,24.242019771906506,36.243584863136284,2.189246276898545,417.4101229223519,0.0013682007963569805
202.72530300697426,0.9723957213929317,19.684343610573794,35.00680363722755,1.2657435686970553,329.88532323867497,0.0013749694506802372
106.79274968043374,0.8166072915265514,27.844035184340683,34.5007159489911,1.0426481711953726,698.7533137931979,0.0014355324257224057
116.81637187094866,0.8651628434015862,28.051310569720762,36.1004416190962,1.118153163753214,698.7318047084561,0.001491410041161776
203.9717563061346,1.4035251717107005,10.032999232346983,45.43666083752243,0.2472222151229761,11.000635768614304,0.001336587300873737
104.0761015388328,1.249214139024285,17.708520891946115,37.693892645704906,2.503652686612947,812.7654573656873,0.0014616936102486858
154.00544116075966,1.5739939825130242,20.23927132016059,39.940473158650995,1.029551359219973,1011.1397590090204,0.0014722869650596992
225.5384205233193,1.306674956485295,15.597321677556309,40.02053369157295,1.2320110619702223,290.79719240420866,0.0015583684506001868
124.96824538503259,1.3918837089070581,14.47936130334731,40.858069659192196,1.5943417594126117,488.7350442492345,0.001427861458841431
89.97955084681972,1.198833540874995,16.447399169687916,34.77736901286271,0.7271143639568374,282.3288368528255,0.0014876659573033208
181.3960788533359,1.8070844486661775,25.610272570042834,33.487552487826086,1.0710668856504098,151.83886181481034,0.0014912360756680208
163.9092283003347,1.9168261470814572,21.25588461861492,39.311012982503556,1.1217741395377783,300.0543241836197,0.0014138073219369597
155.74335371530452,1.9480172867215597,12.659152086477176,30.5244149006139,1.1115284108790016,825.8395073401147,0.0013816209549390667
144.58816916411192,1.6780227456363086,30.74004318016259,42.34107082734087,1.7001017105487595,587.2432253159634,0.0015188801548906765
79.40389673588913,1.0189965112555686,27.277452970442233,40.174480762654056,2.6729339770114104,693.479199654047,0.0014286030150027734
100.17770950588,1.7542655373063958,31.833842101350946,34.188697486113014,1.6357690131859957,443.4307757462223,0.0014570211218704037
170.70734627101956,1.9681897693451307,16.10917513787655,40.765584459194464,0.4989391814333547,619.0154015453992,0.001419260984881572
179.5432172533172,1.996744890661505,26.28077958080456,39.63042638638586,2.911353190210559,775.7598825221523,0.001530283946505333
166.5869057713238,1.9977812012080172,32.3735949327635,35.06596578564107,2.661322565027044,758.0639933157979,0.0014794009663564324
175.31313396804046,1.9943727256278712,21.37737628735449,35.15477304941159,1.1903346567061668,422.50453462094646,0.0015000336442513697
97.17353023198062,1.9082653386174389,27.685948233092688,38.04930818874135,0.23264833706814603,337.6257792471797,0.0014964202833710931
168.13161645974225,0.5877362951405689,20.20148150726393,33.8175745574689,2.3954385879407956,744.5765131921526,0.0014426036774234418
129.18930114479943,1.5691627320649055,12.808953739975001,37.58151865207085,0.8009418094556429,562.8173290439779,0.0013783638989415586
202.4065921953169,1.137778091618641,12.039441281672866,38.42552116704585,0.320638850435581,302.33593184620304,0.0014076916894676134
158.1939735574047,1.6805100381734799,23.65641122999855,34.54165510538144,0.3908371648700524,239.8548356758412,0.0013299991050872422
128.25755349557804,0.688402477887134,14.680503405549777,35.95956521084692,1.7796826927484495,272.88618475173274,0.0013806955191897512
222.23176195193335,1.6654148989452373,39.7572084498535,36.180002878743295,0.5078320318064938,813.6864893685986,0.0015561535494180983
71.36100925720969,1.1118390580780853,2.0252399224788378,37.382192368422395,1.2425038100707422,166.1582270142055,0.0013039274208418094
202.3858861398862,1.9214522829573228,41.84435221484306,32.830380944002584,1.335700574219952,311.8221310559082,0.0015304568485601429
82.0336248099925,1.7552490091163921,7.987009496088474,37.25108929727986,0.41312127328916626,242.1353506628635,0.0013538388937668427
158.98981683945766,1.4835805698887528,6.214634828883481,38.46660908443914,0.25482745313925537,198.37969099847288,0.0013898916831148749
153.48411866400545,1.195717011456917,14.994586644170749,37.146724249846486,2.4031086232621583,165.61337266717285,0.001470965448918555
131.31177730256778,0.8921313191713874,14.43838686215811,39.7460497230134,1.3486254932755894,634.7359591766144,0.0014276079151114944
125.90983235452158,1.0022197005740177,15.385518046916042,37.58254081127782,1.4457770776068632,453.7404949226423,0.001418834015508447
192.83428179748233,1.3166539379080637,22.241907027937135,34.08335602835987,0.6566148557831057,43.99083310683565,0.0014157820603904673
143.39156611545724,1.513264481748938,17.93857708188477,39.85402338231833,0.1888178939691165,48.18176741274459,0.0015013234641720254
110.33830548421246,0.7961210610554145,39.57673759132951,38.68017044302471,0.7456923656104026,505.80915559988335,0.001330336152088742
193.6873368182785,1.2688458782425875,5.594763616049181,43.40451370512845,0.8772078715755216,618.0223213737087,0.0012997798118924416
90.80283708733512,1.541711196075422,12.067585050274795,45.820932674941346,2.5824977509625016,486.48990491579207,0.001330409695986884
147.21116313543837,1.8500633798932833,18.339257405188288,44.37333797116601,1.000589480650399,989.3607106903902,0.0014196719001910362
156.50822745771848,1.8415934988961218,18.239715046984696,44.43287308951012,1.2760099608502156,813.2684224618996,0.0014216020308929736
188.47291256315563,1.6445137507844039,3.1809082261070625,46.36410083733202,1.5779989091436484,538.5933108130126,0.0014093205218342728
156.88436015958897,1.9503359565297163,3.4197754361029626,47.29511968742107,0.9053831204497252,738.8406267248753,0.001282247305897929
126.3338540247305,0.3624978503005251,33.99205633488789,43.34489839354683,1.739765825072761,272.4044055772977,0.0013638185888048707
152.8580564656051,1.7192978755875667,22.806495162197603,40.905019350583586,0.5521531298111509,992.1325811309146,0.0013197633399537232
144.29189964987026,1.0307670174782941,22.193871904379332,32.83443139348108,0.2589115428799689,167.35485117920365,0.0015349374972917467
187.10676872327636,1.5532870780554686,6.608331303095162,45.14357498911514,0.24198796876912065,77.33233320265792,0.0013358905475196628
149.59631155725447,1.0975242058899366,19.69999312060988,34.99479637042086,0.11851060136385823,170.84437350670265,0.001392507340520328
73.52392015269747,1.4958397573784443,25.208412800237866,39.0654355697862,0.3235596677337688,363.0274928615666,0.001346590818505685
59.33919099953343,1.0725872151749205,16.291568969379437,30.779666716871567,0.23014079327019749,158.1269226763205,0.0014139439169882726
58.896879142655585,1.1473490647559825,16.929452620604245,30.168750692484085,0.26036762627131455,176.5422459654596,0.0013703061620384319
57.703925167659804,1.1179693681002725,20.488340133391265,35.033670626215304,0.37068067200732,195.11664961972266,0.001422363500304515
236.30478932743085,1.0123607559836783,19.832294801644057,34.54841444725063,1.6352624662036663,773.2108421976626,0.001406107971436944
237.70603438693092,1.3878670820712227,29.400469776626554,34.169092016843265,2.4311423220223376,550.760996500684,0.001353599789396536
69.51935218798552,1.3419282315014922,9.56045894742195,38.95573371703152,0.14357783646123815,297.70598905537247,0.001393873105106234
149.79012266776996,1.5628978671016016,13.14188421932759,35.854311444895274,0.12209500889716735,781.1451659332089,0.001198391344272211
125.42499305794395,0.6917927908883547,30.369071992238826,35.881201231549156,0.7828815391462101,242.95236562963683,0.0016416838542561473
131.1887111567131,1.4691155085041612,11.049291756510007,35.043401354678174,0.6585115193216463,320.0586199755222,0.0014160661077666078
120.82879736613599,1.461058944679987,8.103602654832196,34.63682028043548,0.6164056152897213,750.4309213056423,0.001575883927700262
103.59989771354218,1.3094889626648427,8.195258885235276,35.24820297322253,0.6025096781829515,700.5711683258762,0.0015809670986372689
174.56364783798702,0.9046584509021315,35.40205472824409,36.647970959700196,1.2279663285559181,302.28411710296086,0.001263350942813466
151.41962618219677,1.4962350458707123,8.530011462340061,46.72587470812572,1.5213684119946949,418.800507108849,0.0014045479357186626
146.65364104361404,1.189784568969303,5.466633934370242,47.337733839937904,1.9089258444355606,440.9482360267024,0.0014076377051887973
129.36539778239802,1.4387496061079148,3.5081989592325407,45.827339245051746,1.884067876029429,177.33835607571064,0.0014783748694890352
156.30705277160015,1.1732301227459143,36.25043903223112,38.288743289943,0.3282861775146509,481.9937191175483,0.0013380038378719619
132.6491472292294,1.4540406484666826,10.173593644265923,32.81261759517578,0.7121537505951013,400.7640279089234,0.0014959424727345768
114.56894193840384,0.7000324884842698,27.181890528716874,36.46543597537939,0.6119647625545951,313.26424833696143,0.001405022816970969
192.12935362248393,1.7839500497082394,13.779051940453,38.376815843164934,0.03843324385731714,712.628569486132,0.0014576765040276963
146.42980592546937,1.8665381496020013,15.219017980463178,37.97804630824112,0.060294391546594446,313.19761386816424,0.001475744400010674
112.42777324939186,1.5606870909877437,29.662014358079393,36.62765384254843,0.30367623274231587,274.1759623086933,0.0013964528542532067
151.42096915645118,0.8701971657173043,11.894708672425129,39.87498102886069,2.0265963256225796,434.7163320383304,0.0013967340677295478
143.92217831694478,1.0810658786836027,23.453914668264026,34.585636055734206,1.1637447055302086,594.5965393356975,0.0013424976700843472
107.12811478315628,0.999251220393845,20.834545046689684,33.52833971284855,1.309308441547807,535.2441452202105,0.0014907288323742752
166.84116879031262,1.4874089624025522,18.770441658926757,34.78961569935752,0.7338058864971381,170.60498035926176,0.0013321986237806527
153.287498975138,0.79226145271827,23.12933459924417,41.00277660878422,1.762997143271685,229.75645078573436,0.0015458889281212416
160.19239127514172,1.9138280161880261,17.93730613354768,37.94267293261802,0.5198359171994513,145.05356465273795,0.0013203065732818376
145.98827401165545,1.9990391929335842,4.177660675128619,38.85612114554755,0.36446302657597146,323.7180283152564,0.0013143598275352308
182.54939466990234,1.982484308247808,30.3950585887245,34.53843455303158,0.709342955205883,8.17208231902107,0.0014718241114655447
67.09898933422235,1.7785896605932017,21.751608636208587,31.437509521150474,0.29438639642606945,89.26426094313216,0.0013343976994605801
75.90930907191559,1.5464762505467688,17.875191510920704,31.791631085354112,0.36434758444553067,84.95067993927829,0.0013487456260265116
99.45937299894784,1.1248258515559673,21.464173650686426,39.714390758681304,1.2246926590617329,135.36122438296073,0.0013204080142309761
189.79447495665428,0.7926093690758047,26.535800976132613,43.76749015957261,0.1609591639745256,276.6712335251489,0.0015335209559586864
144.0165390559813,1.9791167682582878,11.182482604723496,40.67145560071488,3.1214028425362574,779.9964403248797,0.0014290220323151792
113.53487337972732,1.9960201493124599,11.852665696841557,36.222996290368165,3.221333400500896,653.5635850931493,0.001407742215358475
72.56739899923808,1.9984686141976111,13.20669677086079,33.228707834726166,0.7560940694400324,813.5884758468371,0.0013629463169451852
185.94460570728558,1.9900839392338683,6.5872627845168745,39.645667783322466,1.5211227448587261,153.9892370800221,0.001448973277319159
77.6212485753673,1.9922009446736246,16.573316164540472,31.70072776347804,0.5240403542149141,119.05590343106267,0.0015298156533151922
101.79999987800392,1.9797324835278252,24.57174991688163,39.13224621422507,0.935813877243666,361.17916086672653,0.001498028840230571
220.1365898107876,1.4263916822404445,19.645846657379217,38.52070808072337,1.9261538918948593,806.5428174217018,0.001512160738175164
218.43769493852128,1.540631560455404,27.17820793116691,31.010320000078906,1.7157109443136342,378.12527052562984,0.0014875561629672219
161.4753539494449,1.3680902692745471,27.551094975130543,37.912448677020706,1.8287314329677669,351.84928707868033,0.0015503732706977653
176.1540496482083,1.5136843539165783,17.98548829619342,38.061301983394436,0.5338478044213436,97.02681071294086,0.0012498096912900948
106.92774290047349,1.2147807835207258,22.936895798683675,32.47658491522427,1.774486028044871,122.49878892815552,0.0014932882246347081
132.26689609614547,1.6056795679287423,20.924227833797165,39.29524299998968,0.678836491335448,73.14006259065033,0.0013517608192363977
129.56231899593246,0.8817721895760864,27.51873955549587,38.8487889895655,1.4610691586216447,41.76193900463917,0.0015424930647234783
167.30155518438212,1.8371552975224419,8.106732618706648,34.96716001981512,0.44335382316650596,361.55013938293695,0.0013521951032077963
95.19290272891621,1.5072900093902375,36.67359576767184,39.56890888628609,0.4070908292435673,131.84399922408258,0.0014660983676109511
68.67472573814868,0.8307882323732896,34.053126723478975,39.83473818260103,0.3250505198611269,992.1702810497594,0.0014376415963325293
75.56589699888961,0.9244161622918158,35.47834775886276,34.06113001203519,0.47528118691526083,562.4095314327578,0.0013896067328462046
100.30681054656418,0.8321357998541565,24.260053272076625,40.54517610234535,0.6598839840238948,431.5806648890016,0.0014949401725138564
219.8116014708989,1.0591936608557502,23.63513779166698,39.24781723948347,0.2020267613886476,737.3380209391853,0.0013294684135085968
115.59680130494903,1.3017406720863196,19.203492244438088,31.598386544554522,3.3502767744763378,478.2182087569096,0.0014429914969157037
81.59588657187241,1.848345304753913,16.94843967462472,39.87371637106662,0.18342344706478286,724.4739241667035,0.0011991783634265989
153.61911588777005,1.9882003150668066,30.779708106071535,47.57546593793903,0.5213302806941136,276.17884983640073,0.001665336369996974
152.73257018036722,1.8572685800921982,18.766013368756692,47.71104663350282,2.4630270276849324,670.6720171513513,0.0012749499979709043
131.4293691564276,1.4022920668993173,11.468034837902579,48.151023018649475,1.4040236597687785,583.9377745487719,0.0013302362872542968
173.25195362416235,1.2384928866902183,15.991938763782047,47.28149412645452,2.3281015572290116,683.3030047032979,0.0013414481092591593
138.0312222683651,1.6111782365751068,25.91659291115044,41.155373498406504,0.29310284936303255,366.34541193235555,0.0014301061220241378
209.7039601880099,1.103067185736964,16.210309056519137,39.553579197270395,0.27584551182948824,281.9404677521876,0.0014091486554960854
128.30878618100758,1.80629225802628,31.132134521276427,33.597352976441734,2.3059272695362982,217.36963327594825,0.0013744406194221525
118.14041484198718,1.8421733350034266,9.957242059922798,37.21342846270121,0.647450768453235,187.8679815638921,0.0014169542399939945
77.62306129491479,0.6255361688749286,7.457640410207257,34.38290194461576,0.7353406244457011,765.0645068921615,0.0015207882856225524
110.69648976632405,1.0761504890407816,9.015177779938412,34.086742081085916,0.7845282958649485,875.6775459652208,0.00148076250936399
174.98761483494692,1.4749276157553062,38.24672714572679,36.08752528501162,1.2456417047536905,99.65627457297289,0.0014653391634275785
176.6438749133467,1.4556918174258149,38.98318724502069,35.44293972362469,0.9634326325523122,120.65962151586626,0.0014571498758247927
118.6032543907991,1.3404981870977035,7.564836804115374,34.627515039814135,0.3160087863273038,975.9577052106732,0.001337817607204158
115.2180714316035,1.4281829012244838,39.1375483688129,36.964594862795664,1.2513181253290158,164.2584826061488,0.0015899319019481374
100.06024238439348,1.0304727384759629,22.773484151199842,35.539309245973456,0.39827393946397904,170.6785909093231,0.001526357573497263
157.35064560302055,0.8961898242858839,23.92573941799879,36.98070950807553,0.5038492984289552,206.19508497774999,0.0016093353981795541
149.99447074599667,1.5047159767498688,18.092277949596575,34.85764864590241,2.0429410844491387,770.8284389233313,0.0013147841651684543
183.75478129060784,1.4170107968373706,11.713707583253894,38.7783634216891,0.5736908336932853,294.1381010502707,0.0014027010845404598
173.4081122565356,1.4798936286056275,7.236977056951306,39.20631507498692,0.3976423855187774,344.19065566474217,0.0014308310693776083
118.26660213710782,0.9757639240091609,44.10646101637299,38.53747461028098,1.6751750484016659,688.67528226136,0.0013452633561282217
147.74392388960771,1.0866809602457095,10.75380883823301,41.16851390291769,0.9144303033468019,374.636248585874,0.0015003124939911793
182.60167025048318,1.5570937675774672,9.40744135044207,43.20672106812093,0.6593321053381298,647.9288456046104,0.001432320605305039
167.07478684429665,0.8581325013199173,16.085923989383165,35.659523301788795,2.728242497370979,416.8392760830665,0.0012874488851067293
149.53434950649682,1.3869607665620791,21.0975259826255,44.055891012129294,0.1955620700184541,209.29853492675934,0.001574427317516937
237.1527556328555,1.4653381838648523,16.703624997377194,36.46394115198136,0.09953826773635892,49.58337533234199,0.0014367052437360103
85.05664761588838,1.5859313715546348,26.155374010380616,34.395908801773345,2.4693792178504745,407.1246951248949,0.0014027424766199967
98.3690002109344,1.3278857499604402,23.74323305082005,38.364414125391974,0.2817470160174427,406.17011758793467,0.0015298922489338537
192.28087976412925,1.0739484242809887,14.806776550481846,36.008883059865255,2.0916675345481495,260.96244728799746,0.0013390668216644755
206.90515837930792,1.8334395598119693,19.50562536183028,36.05796547829554,0.3052701581038768,276.47398949223924,0.0015217811695705415
216.0610420206862,1.7094600992842934,30.25141545866983,36.41444061506562,0.5072480606540112,885.2480128031395,0.0013583610146028682
237.78267249401156,1.8661260404978233,26.3926612317136,36.489858158963656,1.8128275016430224,528.8026914180649,0.0013406214551703508
198.8493109398427,1.9427784443176064,15.996781801882912,35.039327785896596,0.5079811599304558,648.0772433102427,0.001397033594285191
112.6795014875123,1.8448974423890674,7.187754062962721,41.827453898329665,0.43915523863949785,1565.700904012801,0.0013939592159923162
95.344062216958,1.1063371958890613,12.140078514581084,36.88226411047456,0.2161325962142727,582.3383834967551,0.0014297726437647621
205.82628104187077,1.1231284079189883,30.062101792047745,35.88894174501971,2.7007388845968863,103.21946024221783,0.0014297643271233107
136.51347346627358,1.1953823796833771,22.753065069048752,39.489421719567794,0.8879766652790771,208.25666322854173,0.001488188956225954
113.9259112361854,1.2443166695690902,22.290340419478003,33.282371412936705,1.4199961239473717,368.2045202860993,0.0013813422823282413
212.30568355936072,1.2773111735265479,14.310689857826903,38.684545436281184,0.9657951583976676,268.82659864711025,0.0015302759566654422
90.15220603176284,1.6170583992936005,27.84332871184373,37.99703523864825,0.6747837737885284,434.6356633687372,0.0013540787929906672
198.88525026624743,0.8286793667920557,10.666956678167674,45.2616387097713,1.9029512947800922,418.76101026955405,0.001314254786478604
239.0897250649901,1.7483123855028706,9.095015720144941,44.58356157274234,1.223712029607296,678.6903304698739,0.0014087630746752542
57.55821576769255,0.43084173610552395,23.77451343886476,39.10268958823587,0.940562467381613,528.5068912880148,0.0014169369933186397
235.474124825617,1.8784248131556824,17.437476611559475,31.81347082849566,1.665187288155295,17.978721700283536,0.001505879756080237
221.0013936513405,1.8096848438734723,18.198356562397542,34.535780523724696,2.2596726540306933,36.077386441851026,0.0015592657932776473
78.10552034300427,1.022267995972321,24.235553454401547,35.54948148409821,0.05113514003289553,1303.84212525341,0.001302898757975021
188.2850158027576,1.6207602208723209,18.649072874077678,36.3187369661936,2.571691882437434,19.40917467443895,0.00134673068910402
70.70949332713867,0.712057247051306,20.28786876771943,36.38563695771579,0.2345317434697417,339.2215241703764,0.0014353322411103434
237.4214449621355,1.704401887986581,17.794242486478197,44.40343982079788,0.5158903117538098,339.8286369157088,0.0015334331800023974
248.58223934072117,1.405119084903981,30.296456652122934,35.521683799767615,0.3187644571787035,507.7181064358795,0.0013442166850987807
127.04748899008533,0.9512015300457297,13.305224310969068,33.40652602049744,1.6981630993803127,225.81792503765465,0.0015223043315902938
115.95227871457307,0.9833820408707601,13.915264679349276,32.91603535685904,1.9281569210366472,222.3250409596085,0.0015559114897120926
226.15005991687497,1.312979360383584,27.027379387193573,38.381639102916466,0.8517167464895156,328.43514877982125,0.0014442618522957377
185.8946665735524,1.0777663861592035,19.654517741516734,34.69374224164815,1.6797204719850023,872.3252451693606,0.0013881069240629963
155.13918942649823,1.3491999553240155,19.21027055978925,29.778460491342514,1.2513217204050702,1196.3005619817093,0.0013725025856719567
200.45145969007058,0.815657194730899,24.591720630843675,46.87942149412945,1.1101433126216138,64.39659816170064,0.001368822002543216
79.17733060167262,1.315235047453985,18.909653770423084,43.84439170382174,1.2630571109837263,1193.9111704644279,0.0013763570716082832
182.75168371094634,0.9407787778002624,18.48520551695066,46.44889464717208,1.4639023965511926,192.59487583297425,0.0014370739696179802
128.7869059638756,1.862582112800115,12.68402881159326,46.63548283756265,0.8573019152426486,201.2072483579717,0.0013164799462994329
197.63862187491057,1.968427138811299,6.194665130111564,42.914408654559296,0.5103101600549543,67.04936574025336,0.001362242761945814
166.2811966760416,1.9671890108707868,34.13105847363222,28.938662667138885,0.12731214520338222,78.73062936365642,0.0013939684748921356
126.49649431156547,1.3573608446625525,31.668000598380907,38.17204490101113,0.09685518106376631,58.442499207132364,0.001366389931879624
129.05021614735114,1.9347933238295385,15.083838797510188,35.22602641242295,1.3364701327546338,35.084596816713365,0.0014289343167009584
244.28976417800968,1.0935779008675985,13.969134320526596,35.05476195469251,0.8954075872981331,27.327351723305128,0.001512236251009863
205.51144187901295,1.3810481933919636,26.174164929415817,34.24529657435722,1.1242327039040758,47.78682425494816,0.0014157439288864362
195.12389012164624,1.1598990892884569,24.59216861825665,38.616782264303104,0.568068704025013,153.4765440131079,0.0014972530968721518
152.55645442482714,0.7571269356428499,25.997547758928878,38.46033633111125,1.0158624896264505,219.85694196893462,0.0014110903095777873
143.40882074107373,0.762080798638512,30.984517418826606,37.32479777274609,0.7269684253906147,195.26488319550782,0.001372611182228329
81.51412764403611,1.5351565873695432,21.691684229846043,36.44113878941437,0.3442989154340174,30.242208788114308,0.0014992896295607197
185.80831132893002,1.5426902925710748,12.414805270858514,40.25926858479352,1.402727569443721,1381.782588940854,0.001336945460624764
243.96169584072987,1.4766446109957034,7.941238054861699,33.0837136314681,1.6861002085544807,195.41745694188006,0.0014305498595045592
248.56512833350394,1.0242030474456967,19.071718211941516,36.25360064559961,1.532306584012058,103.6481462395063,0.0014779875218422153
249.39582726482746,1.260201296504466,15.975140353336768,33.17387015429817,0.8001338983364539,173.9425663971009,0.0015585093950223452
220.59853516082885,1.517509952558799,20.626869016865353,38.475845086873065,1.563102408009062,942.6098948250279,0.0014445373147076244
69.88883643497476,1.0984268489411637,18.416896952157106,40.97462596775747,0.5713334934661988,308.38767275848085,0.0015113434310641033
221.33520802794558,1.718281477975873,7.516899982472623,31.01911456499483,1.1066207651390003,121.72750605219278,0.0014158507259226074
80.84992294963513,1.5257058000118637,40.29754444508336,39.19093974663265,1.124702136554785,664.0891888864344,0.0014206849639324375
210.98083457194775,1.772559140798817,6.670274647447022,35.003180970692405,1.4555793321148431,241.16364465574708,0.0013931407379880033
52.599213254376934,0.9873517290535835,31.284430140453495,37.756403063494425,0.6809521582007066,1000.5518958718699,0.0014887152437142847
55.91242354476973,1.6449717822371388,28.917483450329645,33.58109842605772,1.4460370208405824,447.9024403611283,0.001322236365751157
218.2781265186079,0.8499303726407171,27.299870259012714,42.06935847409381,0.654637800242782,410.84186155258726,0.0013832722204457013
138.2561540496175,0.9523450859451844,17.36120636152465,42.220613781236985,0.3641848472512159,241.67623412541903,0.0014883930869088405
154.85424278701709,1.323297317630386,30.131183034951487,32.53054614662538,2.1739130106476994,79.98505630207323,0.0014041849145099486
141.87695653839506,1.702644338198574,15.853093131120369,37.79707500551458,0.28704157766180055,7.844566236487038,0.0017327271460489092
115.6636915385508,0.8579870821654372,30.705859102012916,36.58414172628112,0.1092745030961194,3.1261262140143162,0.0013870920048293716
168.8854786660734,1.2917384444624636,17.74013665526348,40.040134838027114,0.043305264150055374,649.8422432917781,0.0014736843770587265
198.61520854031923,1.693515169639395,19.263691664955548,39.28002789352421,0.038599107336706934,653.3511460238152,0.0014447662480107717
161.1896383362835,1.933055941265543,11.67058995736731,36.71776029187484,0.09506930074931862,345.3738138795503,0.00138403686712027
178.62721086531678,1.636575035206946,8.67623566302025,37.610456498539264,0.05995464991945481,437.9064591116932,0.0012422940004892967
114.93961105764777,1.2771199437559075,6.315814800185916,41.08453109651509,0.006758321009649894,626.1386569331104,0.0014239696758077294
153.73092044852618,1.5828620642960975,38.43764893786057,38.53592414989911,0.004040458466018686,310.13629233882637,0.00134995157570321
141.7169743778688,0.9661597775440548,13.347852406228283,35.7819265151954,0.0031509352953089775,718.002808377826,0.0014371653519305735
50.38564421747974,1.2965862519419935,31.447876156593708,36.97547002458426,0.08506094402994305,251.95911327783529,0.0014214426501805836
83.98549950661268,0.8846368838824489,29.508104999550838,36.5702644654663,2.4826757581228502,245.5199958559584,0.0014255302213870879
98.31913629400566,1.1770758224987914,24.08588305764719,32.767578568898124,1.8257127860638054,203.7615273819032,0.001384675721639273
149.5858816069307,1.0615975414126655,11.932527239261006,37.898380224420656,0.7489499712692337,182.23286260270055,0.001541457164818117
145.9032662063602,1.3447770598815163,14.346411010881166,36.71077602160688,0.7091273135458998,149.28708738718126,0.001498804785529243
155.84896473144866,1.2833728478491087,4.952420150284126,39.492063001131186,1.3043852680902233,10.046434685731628,0.001393324057979746
158.4959213789954,1.522511451900445,9.625316814939632,39.051079564659624,0.9291073076457876,469.62369285700504,0.0014945354527431524
184.5610482443119,0.9201780374330056,26.475107866124798,34.02417572638864,1.164814951429517,723.6636351825185,0.001514918968477004
150.53984078621752,1.230192086837665,26.348455944709638,34.79318304109346,1.5860559011318562,300.1898114955704,0.0014354176281391265
203.38311823841462,1.104864701597226,30.65711684006218,41.37372545429116,0.22462080619168726,518.7861059856061,0.0015508867868720855
187.3075127996084,0.9285005125794353,28.559356838261667,41.37961814777512,0.2761866564707846,416.1934846271139,0.0015394075937133476
92.24296215834676,1.7197305715869384,15.184009487099296,37.92268675033388,1.9284588546942125,497.61978309783626,0.0014645778621521959
214.35374650599087,1.3515197606775413,21.728585599104782,46.13357164401334,1.0245650884595896,678.0872775980649,0.0014554853687815004
65.78547125219973,1.4276399302833949,26.28588886448766,33.102523537584304,0.6448934916432436,511.3429174815965,0.0013705303527043826
144.4223311006759,1.216459368686656,34.612448510319716,37.520121345429985,0.49319875540319164,665.1710709621741,0.001450645926112998
167.02286746210564,1.0748374454439233,17.325826209159956,40.56251089040498,0.0467448311649628,482.6523883951169,0.0015813766602932803
176.34827899884849,1.256610100165241,21.781656736471326,30.414477784249154,0.067104037622882,648.0419756169431,0.0015603541842756888
142.15811021284514,1.2363341737383298,7.196833684971768,48.264356616106475,0.10594939193410048,186.2818195749223,0.0012731182512051415
137.68510530090043,1.822403616891316,3.0921618571487,48.32255151063154,0.6243005807122988,350.7395020243515,0.001299009909009973
169.05372996624155,1.8634205930994039,4.102117100352025,48.043845777425624,0.3182593819404314,188.6518937084009,0.0014017518514339486
211.04845411008313,1.4410925911516925,8.883415243999213,48.154523858436114,0.637103564872883,238.79622699560986,0.0013223815882344757
90.02076378961341,1.388439723389868,28.83607448389326,48.70847749006609,1.9014570361354903,1019.3010959287528,0.001488583469099436
61.27365144356949,0.6556957566097649,21.543736853859922,47.80840633203277,1.3086755355564927,404.35730332266183,0.0015438848885534415
160.65858376379063,1.7404026280822513,28.96577210686238,47.62429468671969,1.3960225237458426,251.13279887930065,0.0014019669795096667
136.71231829207466,1.3163557201508254,18.54969435823707,26.757355445244883,1.2290030654817046,175.75716707568563,0.001581281528489553
193.28330874059685,1.273564500807601,18.118448866104835,28.015453161364043,1.04777260300496,165.96561826729865,0.0015315260051541933
94.97481722042627,0.9996402962921781,27.21976325356189,45.87226164598451,0.6714398296357078,196.2521064604466,0.0013626268234347794
229.11439540602666,1.5718889624857986,3.1788105981952164,41.42824679948411,1.1389082715052916,311.3445743448704,0.0014972833205478208
234.0246167283998,1.6118220907405878,6.868631158289473,43.03555781504275,0.7564896596670023,145.79041349755946,0.0013755590661523702
222.35716406582787,1.4487938060080308,9.941635290761255,36.527750433425666,0.26566726084184844,234.61236603294637,0.0013415018619137389
72.96301925690622,0.8827928768816826,33.54541502904604,43.09701181541759,2.113546602648315,294.02148896738765,0.001386803562456226
228.77865734336456,1.769372603545478,6.094090246879234,47.321484171341375,0.5709239377343636,210.66115567951996,0.0015040900655553385
245.10769424763967,0.7398636356030356,28.534966737034644,37.3880796900353,1.822240395317797,49.931482525884334,0.0012765857607772231
235.08967612473393,1.7488077067112262,23.51611016006687,30.81604029104014,1.3611134269520464,31.157704055211397,0.0013517753562713383
208.00317585613567,1.5285845742095905,20.37475237778206,41.649110261467044,0.77438841751985,76.46043462113236,0.001416111815650374
94.66857217726925,1.615907454495858,19.942301801731034,35.45749708352987,1.9177531929873242,404.4039145659829,0.0014201794489815834
56.9320406699556,1.8332100365578845,32.7030246610933,32.873233443125486,1.8482446810606927,224.33791334160796,0.0013702522102964267
244.9796347301896,0.8525232952593846,17.55776576421854,32.63518880133273,0.9592131738625466,210.11260799381654,0.0014950079736146837
76.17548080692919,1.6811213701353112,21.94794900337102,48.158933621040404,1.5578560500802194,603.2502324930308,0.0014358279229590687
228.4706587738884,1.7012528210701183,15.892520686812613,37.04041377792937,1.2305959001511495,317.24593920321456,0.001394064265206153
196.03218575785854,1.0245684247092972,19.201326397894267,35.6279940443529,1.5776239389669735,182.45994913640567,0.0015903316182001778
183.1646134586071,1.3197957452587872,24.636113274194276,34.78215509271083,1.2931805213411254,250.51433944172462,0.001239254224662512
218.0796196437916,1.1056847843310231,15.223344599290723,37.3140977898004,0.6622192766242145,350.3305012188153,0.0013136844100837455
75.34399773050335,1.0182556873718631,26.5939981611215,39.38970453650941,1.541507731915262,540.1291134393584,0.0014387740607259096
62.07828894964067,1.0536881092776256,28.109447693414687,36.57480537238387,1.8735066842819041,683.4233465815682,0.0014263751330132245
51.431700148315514,1.3516314291102054,22.856991651923785,29.747614135095418,0.8396313945197351,683.4547500218982,0.0013861533589663538
195.81330108764934,1.3972979358372775,24.350336127617844,45.66993761637154,0.7018653990308691,309.64301588340925,0.001422391730060385
134.84529197075267,0.8112739326177277,37.242018905929605,34.81858493162546,0.21453896707152337,86.25582504382709,0.001433857888651064
186.84014555464157,1.630015037407185,5.999665767584922,33.05046565567395,1.2825287459707537,562.0454648439467,0.0013320369396509384
128.05689878866863,0.9834015610208754,25.93217517085383,38.7024216754629,0.9621743035486904,527.1580598037018,0.0015461009766838027
93.18942747729336,0.6563038642407956,28.282049039729458,41.458776629215556,0.5212522721714175,1400.7343101334573,0.0014823907700722786
74.83138176002736,1.8415684335919589,22.12349689763983,33.86771160497976,0.43897155671047394,75.65383174279188,0.0014961302894792152
172.19392185033223,1.7952971730101814,20.277842545859748,35.36489331278873,0.38637116731661086,143.31462753122244,0.0015203546264601078
205.8921536743295,1.6453791455153677,34.273681431526704,33.76610330435847,0.35913752728737386,131.25918805471352,0.0014324528024008821
80.87353251211019,0.878246202543493,14.317359979406882,37.968140472906136,0.8367432822651442,81.97955717459362,0.0014337368479208816
69.74194592442814,1.0792731921255758,18.255704445367318,37.629067493904614,0.6576002055237,58.62136920983455,0.0014298652087631485
244.2329396385547,1.398523249166799,20.872046261054855,40.0004721615224,0.9598842625892524,23.23753309079292,0.0013894030723288107
53.05511858318627,1.9118737948420068,16.958646764692766,37.66244361797101,1.4846857191263352,218.37664399332397,0.0015033513561432772
114.04940963835215,0.49639737868131817,31.5843104236046,45.19659369995719,0.8781701473082314,583.4640346857451,0.0013490100291248916
91.42202720266285,1.0686646334283798,34.763583513916316,38.46645981192367,0.3482104473674017,369.38811822355746,0.0013999321469349857
113.69607787712417,1.2443445271536997,11.832353181541547,34.06482202222408,1.826539460590462,70.61303009754249,0.0013527831730102333
184.40165622457704,1.329673125278403,22.278658534894916,34.67584915777312,0.6382669300448492,906.4153864166383,0.0014754050402557184
231.6149502275931,1.6345158436909337,21.724599315491847,37.061854340610964,0.3631867527791774,652.6218866965564,0.001370508180250891
145.21031860579896,1.5825623535813689,34.372592539128696,36.010387650162244,1.3089524741823233,215.50016910486428,0.0014812158668635253
171.31665891569116,1.322186330159248,36.89707325748422,37.69937230196206,1.0840960803407393,453.0970692901198,0.001475494847530012
149.5779299677669,1.33025196449942,15.662365609760146,38.29543756039331,0.39803534302813687,917.0320980894792,0.001353693210378462
216.42096286171375,0.9669821567021277,24.79025574911905,37.7747873798224,1.7555000740866487,301.1436193088996,0.0014352008381787748
164.53366814671523,1.3868824781261482,17.101377580651196,33.806555383793466,0.6963263747194874,400.6895267501447,0.0013442697177805708
223.92696994369402,1.3654350800370905,30.38600135374646,43.02345317204771,0.18464519194667217,763.7154908627771,0.0014829168872389968
132.8775588199208,1.0370716330375296,18.111072892609403,31.49332090029819,0.7425690239873773,355.112331909491,0.0012107778347157155
61.90287604189421,0.5635545185807691,33.62457186796605,40.210295129258256,1.096310594994812,215.20078624762738,0.0012863658825306248
178.14421827483474,1.3643787517589339,20.271708216161905,34.16695828272344,1.665456088162046,870.0553802007146,0.0013021189533073889
138.46211776285784,1.3791647274217753,19.773013667366584,39.3931570509247,0.6733173771392129,126.00875804419678,0.0015059131231124486
145.2967066132423,1.359425699179463,11.941225470796422,39.954749763588936,0.7574803479545255,504.29895663088644,0.0013204306237497546
171.438473344621,0.7939424555126192,25.373130287634517,44.0396806818018,1.0635284857310183,617.941186769581,0.0013059604880897337
123.32383918580102,1.8398278061135331,17.334681373938103,29.68601561747871,0.08846643066208745,385.4921302779816,0.001482415631437608
161.31871559597516,1.5485963974288552,30.474990286170094,45.70883911417072,1.3310585740886276,481.8431998359539,0.0013509906832599799
210.83021877504274,0.9474475965817157,37.66431053441689,45.88573909188232,1.1926099862704045,331.5512678092132,0.0014345833878942112
64.74383327434333,0.9902802238434324,3.3654747002727032,40.584262717506945,1.045808157007582,132.62319607028803,0.0013750821206603122
239.25939511303005,1.8861123276288656,40.60924949060971,38.56998091142635,1.40147814645016,655.7741962016206,0.001530672603875275
191.1965155868021,1.5286087702536675,12.26765056574763,40.45159989972356,1.6719426851649306,82.50756373200309,0.0012878056356772413
156.68121318925003,1.4004394114161942,28.762002345077363,37.75583974453777,0.0974167957269,836.5809220494862,0.0015189276983979174
90.97897041012614,0.7548454059400849,31.745852486811437,43.39938384055362,0.18777649858208642,266.1855346123145,0.0014000322696805611
127.76153569087164,1.395942571317692,31.943019022671947,38.322885928137154,0.17145697452324649,527.6931584366573,0.0014329214955866578
103.19842555121018,0.8380849576020424,12.71894933992314,38.09096752475699,0.9068944824442127,558.1312823021236,0.0013119851629537949
209.21039369184433,1.874182671810493,14.380904018864465,42.884737946753276,0.3643759279001999,458.09105432623954,0.0013863855289255895
233.59311401076317,1.6630672355328822,32.78518632482733,37.51738723469607,0.033666874784163234,362.8940493942696,0.0013185882856502232
241.37389219694833,1.2011254016832997,28.227743883155686,36.44402106690676,0.01967394439243284,176.20605970379333,0.0013481127440981141
248.60263210295074,1.784422951238069,18.494594032617027,37.101977284390955,0.02225021747829456,203.00498685253427,0.0012703138289326555
50.76589003770877,0.9034255826288957,28.741270818502674,35.162017656370374,0.05551558210199725,273.24801481864307,0.001579664431367487
156.83344309656354,1.3501571621809416,17.551126114700985,37.40463733197177,0.03916403382280856,835.7667029824718,0.0013431578169325518
152.393508046309,1.1582813613812406,12.387449171235799,36.165060571685046,0.02510895262051804,525.2389075285188,0.0013545224024994736
55.26427228889376,1.4990388688400156,12.80317453049132,37.531334568580405,0.23000816645661643,198.4964486644799,0.0013906912043514339
195.64980589406775,0.9083788893776034,25.9406696416306,39.19420972535616,0.32412985319586307,388.35835880877704,0.0014134694235866767
104.92788733297945,1.2201996814316352,13.174349015848346,36.4741765614016,3.297479639248979,767.4400222376094,0.0013795390111441957
131.33519870102137,1.0769168000431553,37.135992491331386,40.956116715981,0.019000578817408232,400.59776356067016,0.001418901883619862
170.60173969898048,1.9648051080836286,33.93090524996855,40.662280925462866,0.01866808126342676,312.71904810837896,0.0012352162623224083
192.88062491206082,1.9480871947442702,27.809252276631426,35.194816126358326,0.06197309406332841,774.9049318509423,0.0013540215542675756
155.3897042262097,1.1234713638315714,17.91302940040778,38.93529386369862,0.5944769629253513,238.7511311156117,0.0014410445547707639
111.75603593158085,1.230999560487816,30.59820744163453,34.405572011581214,0.2796232440670567,507.6490092354959,0.001546048084306687
132.95428145755548,1.7437105332090528,14.400950604705773,37.26079629620503,2.6147111683161963,561.2050014513126,0.001291431982005295
105.12920071731129,1.1824675750785762,14.472132657750139,42.19576591680481,0.6144294001922466,1161.255725657043,0.0013539912650364955
218.36293825409118,1.1891172305578048,20.125862393250173,29.167758709188846,0.4756027506239906,457.314461304716,0.0012306896560603554
51.30213431443162,1.1911226449504964,7.4477267546310815,47.53816648687041,1.9039002960068492,578.5562115322547,0.001581647640982586
50.80256915483671,1.0716533466571316,11.137591703141943,46.43381612690996,1.8275319605617795,488.189558886668,0.001597617033679544
249.30146435289873,0.6388037468479374,21.86981387826409,40.83189703632538,1.7765622100203016,303.25566222291127,0.0012897076284758746
231.2269071478789,1.2336840980263364,22.90347163645161,42.81888810007675,1.4806278194954476,292.32247584625065,0.0012896948062787817
241.35212894313588,1.2605967771127746,11.050325600911007,38.91257890153892,0.7359591988026404,513.7297774247102,0.001551696097954221
244.5029946861866,1.2593678727617803,12.331751569012136,34.48150059040493,1.550028004939045,469.5886066999242,0.0014145255699846426
238.19938956087427,1.083197907630001,14.386801906228142,33.172055682562835,1.0240795760816828,829.5675404245692,0.0014372192967710051
228.14640709892936,1.0152424888310898,17.41530226958792,32.610760091578996,0.8148685464347445,609.3687572355441,0.0014034705501324188
214.415184490079,1.3678634730638097,11.345102615248843,34.4516043882947,0.8151421464781997,676.045051283744,0.0014221759990200931
129.48171468040445,1.3846839884861326,36.1586625347938,35.87201980619491,1.0823856714215954,493.40230109499805,0.0014900132152584253
82.5290197006911,0.9514747968061845,42.36574572762933,31.71252087903516,0.8179114602210901,376.7972138762161,0.0016176151777503372
91.20373550620178,1.0658018075670244,44.58978321879115,31.517651238963694,1.0583653933530264,485.26085927730804,0.001551665878445455
67.66262104128779,1.072291021697617,25.07515184524592,47.26731837273885,0.8215035769139517,492.2149036668745,0.0014721489796759696
227.65545543952612,1.2698782110659868,11.68152007989204,33.48977587688032,1.7148142067202707,517.7942594292615,0.0013496777331805298
195.80743629572964,1.2878033493813728,19.885926048580334,38.82182460243633,1.621439877811121,202.13548162031387,0.0013646522998706796
200.0640306707482,1.1402810780318189,21.08645549817156,41.40602376883302,0.2035391681718233,1150.2516631314147,0.0013421587479209714
110.30399960224683,1.176257789181181,11.254888811497764,30.104970595502085,1.8067220383076488,90.77138903147193,0.0014511931438260768
145.38009302472787,0.7408926864011597,30.176727048179558,40.384747803615205,0.6722337273535657,384.7289407637283,0.0014446049917737642
202.56455249049762,1.7665743918496981,28.256807844583754,32.16008287436158,2.1398469009588323,429.43094600051523,0.0013385727997897042
117.6963086552473,1.491900271704575,24.995575970138177,37.42812333420966,0.8808491834176577,873.3526368589041,0.0013892371425026058
154.18788849179518,1.564529436918899,15.539813522719614,40.378778100924194,1.824652053810787,729.0642777931893,0.0014012787429793835
55.0844407309233,1.7045088023215387,10.347764105380424,39.08796123893373,0.6623324611475644,606.8623562651195,0.001433355111172819
50.74539907775224,1.8998289310433112,14.452635495767835,33.06373817633276,0.07748830874450056,457.3526105870894,0.0014888653733974022
233.73139583111782,1.8967590907451688,34.82356562071766,44.44069141144136,0.014101800541699216,662.8777013644016,0.001439316106991156
230.94699714342116,1.1345870869402268,20.344141541822307,45.899302335024515,0.01995268003095274,757.0075181573707,0.001471793985223725
248.9733217755455,1.1936960795751939,28.736733713383845,44.70510985177376,0.06547976699522493,477.18739572743743,0.0014637656092739617
248.7336882478141,1.575999271178763,12.655036861493477,46.41147719123122,0.2048443944594121,920.9899449735176,0.0013098623772229325
72.03144161459262,1.1269521547473622,23.159859268407818,32.554342234264055,2.586028733379925,110.9911642710308,0.0015741018368584053
185.40680431101177,1.219637006544017,11.617318531739551,34.26960831221126,1.0607833468904633,170.30652580691577,0.0013921406046361142
146.30874262885283,1.7208083167030226,27.37069020975072,37.87321261300843,1.0212119235258172,700.1643151096072,0.0013996998747301975
208.3472932647354,1.6596640882076883,19.932474921976777,38.230148858682945,0.702676967012841,668.3676097437475,0.0014198428380177508
190.7508212461946,1.7674904145909964,38.52359364648579,39.431110207177156,0.32320946385456056,164.82900540359725,0.0013126600721779706
209.5788663062573,1.917501334104883,40.837885745896884,38.685809283283746,0.32293300726780955,207.6951144106583,0.0013179060733319078
205.2804879264421,1.8541219753776887,36.12717151868266,37.79935330741687,0.3541661101488878,1107.6641336847715,0.0013587893965133122
223.65393963698133,1.8760678195886988,34.933507962670376,40.47445114151194,0.38594360339238576,622.5856569717483,0.0014807350259216018
185.56962823157377,1.8190942371218237,30.75415271168899,34.9738234525345,0.3651200284288917,607.5869197351191,0.0014643170028229382
58.71695092504149,0.5448194895066785,25.32371412971166,38.95342075556809,0.21438749366156404,444.34606335460853,0.0014876353113140923
236.4000970824638,1.5464023135417315,10.583685244347725,42.34148648422938,0.6428797886474162,165.21254345514132,0.0013088037025476595
68.0513631213445,0.7539677289372351,11.309193332838694,33.554690562022195,1.6181637374841988,695.9982218983022,0.00153109549795088
70.40936477170023,1.008656683029211,20.41312684632895,37.80920105868515,0.9004880018514327,488.4752095826174,0.0014034985674747404
60.96927040676803,0.7536788140451598,31.50322694536439,34.34313100206814,1.8955536627219531,185.02740690395785,0.0014544616755696484
90.53682986831055,1.0661058590643742,18.771365330934167,42.15482703438915,0.8475009751438064,1268.7918399383154,0.0015651452418578807
212.72539573927935,1.520305920006465,8.233519571264152,44.24958606232263,0.6386116003382324,107.24503518114766,0.0014070571197103013
89.57463336028839,0.7675251747353296,33.21803281703991,41.68436476442404,0.7296292049780708,792.5105873097875,0.0014070763375616142
174.29161352744646,1.1937403730763545,30.23946822408548,33.37805230743379,1.2268511180272648,710.1043382310967,0.0013158305897491482
220.6046128578242,1.1155463773449001,28.13207991454051,38.29232357307726,1.2567217298450908,433.0387475524466,0.0012669270231752952
134.75034895864937,1.40614000706364,13.375993414911044,36.529141679622,0.652757668197534,553.6606005005127,0.0016696921641678806
99.4032010689393,0.7695576825722036,42.67823378690805,40.944109585154806,1.462855148380161,220.90505268134908,0.001228281828527072
139.08204297678606,1.8069278121344123,3.358312651873871,34.79043212734268,1.3403401704489286,293.80868496706375,0.0015081987990027187
178.7416170352018,1.88531912512566,3.419819829348664,40.4967619623408,0.7165567233510994,246.68457679114812,0.0015024622937383255
115.71652166533464,0.6030212902458636,36.38595290905745,39.881665869320805,1.6725012206860486,666.84029331582,0.0013220503802700385
80.45716026121151,1.2506321981953412,42.76734828270608,32.30924094120132,1.775524229949919,794.6991882742014,0.0012946770560128967
116.69571365788532,1.973457058331232,5.229477176005264,37.262180197548574,0.756402066177836,117.97305136550614,0.0014370374130496084
179.2602441234773,1.9283634129028406,36.49525270147405,37.41656597491454,1.5853606784851453,1121.8615226524034,0.0014130309171318553
191.80762557476288,1.4928252167427845,6.09432157266709,37.46726655984176,0.9208228514908592,130.15579266278846,0.0014179772079586936
113.3222501197694,0.9098792856713458,36.33667565982912,33.06509338023495,0.7037650450279159,845.7512316534559,0.0015150373245439769
176.54259864452055,1.3243499023150829,10.31688156222989,39.601056056684286,1.5799097033519012,54.304671557970146,0.0014632634182507286
116.98378052301675,0.8506578604260885,38.54846308938188,44.8457209304288,1.0986022339916972,102.40106787641967,0.0013941533646907181
151.82134720500068,1.1561831945576602,14.188467922421546,44.924114450436285,0.5979212660069689,233.77552246075808,0.001502564274007124
145.2257240689587,1.1142527841132794,33.14232219114708,44.44794134161907,2.4759302894333306,120.13866980759154,0.001503177137158723
156.3774338528579,1.4565397588959064,5.901181829400158,38.25158685418572,0.6088989264436532,922.1898779560285,0.001472034389226868
149.5098318814617,1.7190655396633985,3.979525820350415,42.56203060369221,1.8648023509802665,263.1393450070204,0.0013232026277904005
144.96260138589662,1.6533202718789939,7.166012327393754,47.2213551154229,1.0384051372730447,402.96336544941516,0.0013898202352929682
197.51560854665703,1.7190425391481214,12.631924076949705,38.72722762904437,1.1506619058407737,348.00434966816,0.001423589448506719
158.05970701740995,1.506277970933109,15.273347955930424,30.42005840469259,0.7748525427363449,475.869955195463,0.0014080343240103895
72.65302651161406,1.4660644927652502,7.199687200010688,42.78400327131135,1.0362458316492693,977.7479189394904,0.0012838474088471693
66.42824637991347,1.659137715998692,7.9347448067923985,42.28054671496885,1.1858539395519967,810.1797983980841,0.001221671220723978
226.64754129710028,1.802100614100471,28.52788056762987,28.077399334382754,1.3946484696145343,65.72588566337383,0.001594517926149142
158.01374170932615,0.8422110894421972,36.061169871527866,35.76461575736434,0.5804408230191356,49.19542090349967,0.0017095066866753704
152.36000847946494,0.7907103506948646,27.02621987500545,32.63093724991747,0.4346949988152916,72.4957288329334,0.001780369585767854
172.91910013228548,1.1314418753758413,26.885215722210486,34.37737000258381,0.4043338860392263,137.51594782692453,0.0017142118335955147
52.82640839239318,1.3215115559081854,7.099776687544168,35.250243951837845,1.8305064999018021,228.05550204854478,0.0012524949001100766
58.79470794428481,0.7247445963575037,8.068774916177967,42.959773648276766,0.2842024055188763,375.9379264036733,0.0014723334689281172
231.39047952037643,1.8563537574294668,8.05665711929937,45.4320588372651,2.1879448635502134,487.66443864543726,0.0013667193480339434
73.32827997926005,0.5302590346302045,29.618580148931038,29.14398980578096,0.3180553823297528,276.09684508950494,0.0013818540506469854
61.63987207849106,1.1303506855089256,15.99790943928205,36.77512755201419,0.3648287045912342,577.0868633371718,0.0013427311742556995
129.4229041273474,0.9840233359149086,21.444472890172985,38.59372710433134,0.4116225742102729,508.2117442206014,0.0012138075437272864
167.92677161252712,1.2314760412493424,19.270503145804412,36.09210522086303,2.023483796868163,344.3514888712065,0.001533410926838894
196.7978357942448,1.414337098123748,21.92741243571142,36.443768987494416,0.20834153917487647,560.3136695227788,0.0013465897828817597
230.38472084077648,1.0780210755510355,27.86437786489949,39.46056843607393,0.4383764306350428,583.1200055983435,0.0014872302017042067
66.72995081908516,0.8512868386090373,10.778918521265146,38.407520689906995,1.2637891895011961,522.3558084359101,0.0013090338900124266
65.72357647662979,0.6312220662056408,10.65573526052094,35.76807161288164,1.4294443624424307,509.88848985815736,0.0012901832671357509
125.67362168142424,1.6309673132286713,8.171087125424096,34.851791176872545,1.6218696434395923,650.9331615694728,0.0012526416442325133
237.14167602493768,1.3205489745264876,10.36469653372571,37.589588556045776,1.1961246176260003,737.4093981400694,0.0013419241412355363
220.97371672318818,1.5713430358510687,11.29872612940474,39.54545645245656,1.3200543735977939,907.8416401024487,0.001327761505518034
226.06200059307452,1.3710123668567569,14.590345843874196,33.38212178213082,0.7081698352752269,769.4346571878561,0.0012895564819617898
212.322249311822,1.0651425116846358,34.54821393536012,40.355472408326634,0.9841906134034251,452.87946844515193,0.0014672321782935238
186.6912744537999,0.7800215272669369,31.779527932026262,32.35902291273395,1.196006076622298,432.3774906010165,0.0014737827989061757
237.36217004610626,1.108863893305474,24.26357086954722,41.44541694477851,0.9060949189883298,608.8649125064999,0.0015539589152245286
238.27740514783088,1.0839490399845781,27.66134929889167,41.04453114179217,2.025026620388874,613.0603518869425,0.0015645439713261487
225.00719971363563,1.1085074629855973,29.144548425958767,32.44705512595266,0.96882952555362,812.8946348826343,0.0014431770354400258
196.00082028189217,0.9046607468887677,25.467858891850735,37.790541595074146,1.0829614353587234,229.91022477758654,0.00150430885973067
109.38526026657078,1.434438071308633,16.377193361383522,33.29250893967063,1.2901192251202538,547.0536673512114,0.001448167258713186
179.6553655792101,1.2331614107837183,26.996595754775033,35.198079707196115,0.7201448649875971,338.485336478303,0.0012965661469423395
151.6629044518748,1.5661069749999126,32.605874032190236,34.361725097587176,1.062263687791573,245.42909480732348,0.0012842492503996137
100.28925448297966,0.8646212611849902,23.674020519374263,43.7671165311925,0.40189936412629945,223.86299719162795,0.0015375268184549065
160.34896314916307,1.125738420782127,18.624322284304803,42.352449165738065,0.7929505378999036,1202.3418021580203,0.0014445524845325803
213.0153735038071,1.031417582413621,17.676665336449602,41.30240635326965,1.7036521319554088,110.06789111592916,0.00140337167736542
170.01704429250043,1.3694790470441975,18.014290735121598,31.501063969310493,0.5321991576053156,53.41943170312405,0.0014572027058716431
155.5268613373741,0.7967889691216491,26.83230842635693,28.35272217537076,1.3758250971045691,56.388546409878465,0.001466777960310146
181.72279715154392,0.9722619917501015,26.02859730215026,37.85433154951643,1.9565099667022046,37.5377457005533,0.0015295020010618523
205.20250466997695,0.9896662080650779,21.023571329178232,37.17559879062202,0.8937172700331352,52.95252201299375,0.0014333867201397213
128.24809300075972,1.3339096395317493,19.55950870970331,37.59240460086889,1.2994728584236557,65.98015396855997,0.001411816577751195
82.9690382472353,1.8047543415350566,32.685162388517455,34.478571458599575,0.4822115805043225,53.904641105168274,0.0013146804785364027
166.5358143828132,1.735693612501604,32.190728989764786,34.44518172955212,0.5540999430202442,110.75022717796578,0.0013792582116397588
103.29928255986256,0.6203013255330261,23.2026853618937,37.25277374881786,1.7898642406012721,139.5007055490822,0.0012952933953713304
199.20615829560234,1.7391132419129927,12.420453815000094,42.36268556557951,0.3461718914824636,539.0415567347017,0.0015105350509358572
205.55001579881,1.0721931114458108,36.59069616093771,37.3990233478863,0.6884997280919569,713.549877866615,0.001466944929980471
81.57824968178382,1.3667050821187194,8.837275152120794,37.51132423199145,0.7374292074028338,292.8373077391704,0.0013636485156894014
190.5105824356016,1.3222304302363612,14.658484848440398,34.92146117660122,0.9311396936844912,480.84620850061253,0.0014359614455817112
182.19507352857386,1.2272906525215956,15.569134459101717,33.25324229675131,0.9044466439206228,464.48800698077474,0.0014497406588814931
213.97170905924557,1.163186870625386,22.842931069382885,38.25325971836175,1.4904462275278922,681.5152224067306,0.0013541934226770705
108.68216656075822,1.3763085666685513,18.477790843894663,33.66730594363301,1.1005607014468994,134.53329915754912,0.0014546788083717281
181.026874013624,1.4437242382575504,27.844559894242373,39.63862923439155,0.8271818305881612,1046.8036676022327,0.001426721851809626
137.48361109299796,1.05993350631901,24.03438400688952,35.42671666900318,1.2398067573268061,170.75245008394225,0.001476105410926414
182.76348574417943,1.1452959861951049,16.13316643800055,35.85685842937707,0.8197318060883211,1108.6019123226035,0.0014058989968677542
150.04098648390604,1.323408890512745,26.717567109700518,36.14262265706335,1.505602313548136,204.62773475784266,0.0012084209717876974
173.2572648621988,1.5675642538322503,14.337161780351536,41.43813350575263,1.122054600588874,855.9776227294165,0.0017499754685859343
153.86103238505427,1.609127939609744,18.94543306469774,42.95311140956459,1.1448817611824162,1152.9473353575859,0.0018267101502129793
133.5940793133463,1.9392184677738022,7.540821286056991,46.2591453677138,0.5238799137281341,317.64956961329574,0.0011784378796871084
159.16115737677433,1.961302131032392,7.210763793781551,46.15101768874186,0.7412144159559261,411.72475429817524,0.0011357426368663974
166.1063765856199,1.9917650231829103,2.578854237870287,46.56756061250134,0.27611343842269187,511.8581222313793,0.0011772628463019563
202.43025696505163,1.9659073228373747,5.7428894503951415,45.86042281541424,0.05058145428533107,357.89995656806485,0.0013728926102070382
70.30307636439476,0.6535599063288076,20.70966426515363,34.93928025223967,0.08237769366019661,219.23374361114753,0.0015587093648402129
117.85379542679922,1.453853175235901,21.68822942033179,34.72787052083987,0.21755316463337243,204.86906536459105,0.0015310450010242688
195.94696269075632,1.9317802954466825,20.69180155597779,34.285197101873436,0.046114217015413475,412.8459571340814,0.001301379387723922
124.03198991151581,1.8436040156843507,30.55708660534372,40.29836171931022,0.037835312857537114,372.9264810986899,0.001363314325979565
146.7651808193759,1.8460405879507473,24.316126770921155,39.13365778699007,0.028521775579072862,316.66710068001885,0.0013569143595366679
148.38585273441961,1.755965010424344,26.961731320639647,40.57263555816107,0.053906554706952464,170.75248763050925,0.0014065145808950918
188.66999555382696,1.270133488153944,16.320886050118293,42.01276504234386,0.34953333384222546,390.85583385455607,0.0014569032749694303
69.02970448107703,1.6408466469133607,1.7035868600648862,40.53526880956022,1.0933525003007185,613.2996614093137,0.0013667470750544555
132.58820760209193,1.3579949366926194,15.243291733030803,32.58854745570101,1.192514625948027,165.59881191343635,0.001381354046547816
146.07629872231067,1.3652158697072687,21.442705088489728,33.0290612036857,0.9793285907092603,435.56863618542496,0.0014103748290229933
204.4623041592337,1.6591123435052664,18.568670713537234,37.892027500221126,1.6352189722637411,231.56354439621057,0.001295276140763876
90.28642109837068,1.2823600068598848,19.996398149152686,32.727570863496084,1.0271766511541274,293.66653451935036,0.00159766278718259
94.15204998139659,1.108220347182332,23.04944530162867,39.36678950602996,0.9020889884893303,271.2983079943113,0.001494233981141425
94.49889758227107,1.398499528990724,31.378326814993603,36.37132041568941,0.7127855117494043,246.11038031240543,0.0014049305681365003
118.45009421760876,1.063812963691378,23.20856287896268,36.73275252281559,2.0043520954559195,840.7642018392689,0.0012765263872917033
135.1068210488286,1.310554493700211,17.997953279010176,35.739209954798625,0.2882673470507284,310.3069137212126,0.0014016123566777778
231.35742155451985,1.199151236813389,15.852665810420927,37.6098122353288,0.5347162335132192,310.13689690469675,0.0013628225594212043
193.1197814978163,1.565974927127127,28.150424914831618,36.878643131246406,1.6975620329911423,1145.7396095738316,0.0014819699779446511
101.13639853657259,0.744565103027134,17.36427682694382,34.22185375160625,1.0270634232954892,138.26018608355923,0.0014079642391099934
160.64239862111202,1.339982893830828,27.905566882851616,38.97901430840883,1.2009474103204145,71.68853605775737,0.0013578557917001053
79.56932504391541,0.9312103830828898,9.29841728302206,37.53687454374899,0.7627885186849255,601.938567169424,0.001490849223311689
107.75263773313432,1.3002661642369393,8.581318308240645,40.59745787965808,1.069657528953681,776.8441817831908,0.0014180676924279208
178.2769274518087,1.6404807073363339,39.50425367103653,36.363337788859894,0.5573030280591086,327.79589279110644,0.0012431427242301668
90.59871999377995,0.9051774126405717,5.276500987403053,36.66838693870324,0.39201256816456287,608.0581663643985,0.0016627018576969663
105.11738377262745,1.2838225882634395,12.846576542558234,32.25795380055882,0.3359538980527785,444.4995733384493,0.0016161270218603755
151.45327841238844,1.5148660632690298,10.511438356075546,37.15488290897386,0.7581400557651495,377.32255327757395,0.0016063575173643734
157.706959755286,1.6823752180121538,31.065047025897176,36.56156672939904,0.32408401736559256,104.72403212713012,0.001236284473448188
232.14926774577893,0.9188005200053744,28.115391626067165,44.53334048809498,0.8929349655950279,53.04334830165689,0.0015442370049946921
75.8727924981151,1.0520599127596932,6.685449932920077,46.18220653370642,1.0816032919208627,995.5859698323127,0.0013746608068211884
224.7790699598826,1.7227640086406544,4.184387573007728,30.805612419081314,1.6732306124091656,112.0905939602043,0.001250861308454573
156.93449618170746,0.952668187973847,8.215060321896027,40.54363463794143,2.170894920289663,835.4745106555298,0.0012828157088174657
146.16589966584667,0.8052851644319765,7.169747666647533,40.73066416248804,2.4405938460587695,889.3048968920536,0.0012957327071677492
115.28961948269657,1.2457243412131442,10.704727273400746,39.198401843096256,2.600982364957397,1182.9839358943589,0.0012740171018701678
123.77535122768354,0.9281994456292463,15.489408534697594,40.51268713079501,0.7667235304984159,310.16703922647963,0.001341612469385324
178.23110726627505,1.081992359351309,20.520099020273552,41.53862910825237,1.4781656662543707,201.2926256041006,0.0015524795481100904
157.17229297077864,1.4402595611605806,24.217503249210342,33.22597058174732,0.03882553271099304,83.28313111916772,0.0013321334217227592
193.62439689138188,1.3557689135715765,30.018315990935623,42.40906157812761,0.8683195017277763,236.97351080259085,0.0014481000430163057
70.50906972206627,0.8612003715808582,23.072329939647666,34.28965456366349,1.0352895064942758,713.5949933311396,0.0013974716785988496
223.3914307371263,1.410457950953072,15.519377526879977,36.57680708001146,1.2951218087300074,363.6158747447493,0.0013952254560715004
77.01234805005302,1.2057065087440366,15.6491128582882,34.75973542627851,0.4060214403073899,269.6548936457865,0.0013958724980741722
210.4374157982773,1.5876529937787807,16.97685321525618,37.6713975565757,1.428773801375035,685.6388607535863,0.0015076811167766867
148.63877977383063,1.2080841866196754,21.99642079022931,38.886485784381684,0.998818504134194,203.19135892622606,0.0013128638503052278
90.79418791964588,0.7590254137266865,34.75566923223353,42.714055414840075,1.5745335078329297,270.65381565584255,0.0012850504200319058
204.05674852748396,1.4817633217529504,12.05245754367876,41.878606097827486,1.0701879754775854,645.17638068893,0.0014539647931200244
182.07822781417659,1.3841294767187151,17.66187848964509,42.00977093512568,1.315880480737751,628.8034537642185,0.0014459995171138898
123.26888030872811,1.7918689555695726,36.67196548024573,32.04107962556832,0.8514707481205837,139.0064797904028,0.001377997275730318
184.2609493873297,0.7652713144143551,10.368864244985838,40.0070108196896,1.5100982913051755,634.727345209516,0.0015072530940626076
188.5209060694519,1.4768258416960056,11.679068525729326,33.25416579677017,1.427119450322887,721.3110244885028,0.001512044536805781
214.3907640226253,1.9058601646066526,4.115165614681751,39.02273473112525,1.1321584650103296,516.382585290607,0.0014960479962767912
219.1062399842115,1.0707748613947736,17.609236669302778,37.99099939230459,1.177643242361014,672.7401602163181,0.0015049100247617468
227.13096831682412,1.1680804925808916,15.955286341291123,35.91248267511552,1.6245318389340058,594.5091967012114,0.0015009066321760261
192.42906233071554,1.9772749829354144,15.435918459692722,36.52274220642272,0.3605017533974508,512.2759524222116,0.001387127974963995
213.4492902466808,1.9950281585586425,16.07205575938753,35.94546254495928,0.4042155094183169,159.35987657656997,0.0013862195171922527
117.240276493901,1.9446008930226435,27.75249825248607,36.775516388891354,0.8126213407302406,1096.4637957587854,0.0014264263402417655
96.9658137407899,1.965503877569216,25.598019992266117,37.58600026637549,0.7885420413879252,882.5721628811389,0.0012254090773757302
84.3936523652952,1.7020431842116288,24.35486893809555,35.81443980929515,0.7396731643267828,179.71041334602614,0.0013953276531084497
62.09412434373774,0.6165589735207926,20.8872256905436,35.57151706997603,0.47550471691193175,566.2639282958547,0.0014668056372748874
98.23145239627529,1.5717011362462419,12.96040940483733,42.8994390652213,0.6217317348677436,438.50827872507006,0.001284246102951391
173.43478309483964,1.7109297001860317,10.807074783280788,33.409925246391516,2.3400420605275833,284.93732694498414,0.0013886116280479252
168.1500150917914,1.179709753538899,12.865872355045106,38.574674975763486,1.4293851118293692,821.9813821005824,0.0015061099259156283
143.05293210609378,1.2243847123147695,27.658223697786116,32.38522314949514,0.8330554945973853,65.13822073422392,0.0014217409612912427
154.29619012151554,0.9674344942190995,25.992791768332264,40.261724040347566,1.839817259247603,137.35465750675215,0.001610590964893076
183.28294791159004,0.8457757086071226,17.42456564891499,43.49015692283709,1.5049810296339408,191.67096103066953,0.001542400993041174
111.09225558734818,1.7062180853536253,27.664671637970617,36.44016772822228,0.20806369278777453,678.8717753529332,0.001283570505051075
101.80614401549309,0.6439595989207847,20.312381538004637,34.499094649095014,1.9503067490393835,206.11503560682945,0.0015204541586020138
105.71711322494214,1.6584007221443444,27.374794977049582,36.33082217266754,0.4248121663486761,156.8122378268885,0.0013935082433424078
103.69456938951068,1.246698039035059,10.447510609827082,35.60311247913093,0.5060246690876836,118.95917038398818,0.0013304107968830207
213.87945827137048,1.2476810935725744,33.932959959325906,40.47699131388698,0.7762364465082792,222.3976601504624,0.0013219673508608493
225.02047952573275,0.8887245733863602,16.892504437383945,40.219006407448894,1.158394617555326,466.6092844451147,0.0014090015450831514
78.47420279686268,1.2995858065099537,26.95471880028441,38.95044830160239,1.359391145328157,527.7137184780127,0.0013574059981810399
59.77990482146227,0.4875473117056983,19.442898100248875,32.9183424788385,1.5066898345276045,799.2074270200102,0.0013367284830523387
232.57463209272436,1.8394106453870607,19.000020333633472,32.10823889842585,0.826480998258271,174.22190893923505,0.0014932391583214492
190.16898507445916,0.940632392331238,16.25252633792508,38.889631402669096,1.1673702088861329,26.449445586143188,0.0016206505909339528
214.6571356467665,1.6730986605446885,28.72595457134611,37.036310195133765,1.6036647809763256,80.10375459520662,0.0014482266840935322
203.74938008624332,1.6852063111408795,27.8773379451051,38.32532020770559,1.376013392934518,108.54803550308313,0.0014622948731169883
167.14715486809428,1.6875030496357306,24.106238718945797,41.859873292490775,1.7494536471381235,40.295452517596864,0.0014411597136952115
120.147637408482,1.0271065450928454,13.300128297355707,40.813378497382445,0.5427107925789958,1264.5605239970353,0.001414317389188879
130.04685080691175,1.1384594601586913,31.963011405848867,36.06395436464008,0.4832066709102962,531.0654151272892,0.0014679053884448577
182.53673315623246,0.8091324579333685,29.866938776932766,33.97475610240739,0.4495355709822155,383.1426323195421,0.0014787199127411894
111.90985524604116,1.3797174265602425,24.21424890928579,38.21882825520458,0.7289706632548868,561.9030385537565,0.001435025233592477
83.86541965954336,0.811183117980287,14.062282300789702,31.401054251309958,1.2624384466436658,307.9169595804842,0.0013761778242155228
188.6309165294499,1.809470825263072,3.7633572859490885,45.71527579371749,1.2138585406790934,630.2705407559444,0.0013672075505343291
163.0442874480685,1.3337026954209406,13.198288774547859,32.089299776556295,0.4895637817886744,132.90445428846192,0.0014038388151496445
144.03908008064425,1.670146878513363,3.1518300569801885,46.314829034066804,0.500354770183868,326.04191970558685,0.0014504383260549212
115.73223507114196,0.9225616173935943,9.100023954091958,43.69658671966149,2.87020060298598,166.40475911561882,0.0012698220079937993
189.58278413966747,1.515739113569359,25.548179224558567,43.83933402505954,0.1770003632260333,35.72727233091271,0.0015914875680860655
117.72911372205074,0.9678419274418641,17.255233773974492,44.37771366367983,2.873958656022567,201.90402634113997,0.0013400516354439595
145.76812896938515,1.7138596630857517,27.65800004449137,39.402452968836826,0.30429008550740516,1176.3610513996398,0.0013427525312403627
135.23598767387955,1.4230527429730582,20.383551788086557,29.106235177803022,1.7076523948567166,60.34795112193637,0.001393783472374659
189.78039559336364,1.0992708480944868,12.46570836647178,44.99865500429547,0.2262845490900401,55.434639184045785,0.0013785308966928773
160.72741885198528,1.4881047441754254,11.902195939660807,45.34722781670137,0.11252478132248399,1223.454606655584,0.0012512257170769175
112.23422075927478,1.2214997893328,28.89777944038563,33.931124645794725,1.80620359996435,253.87020119299086,0.0013781199383183537
94.02878593933569,0.4594831056415942,29.50594596022544,30.005126003692517,2.0093692537022485,188.60729992364787,0.0013852473041141707
221.8775260598986,1.8902372577091586,16.355589665163155,39.72870259104309,0.18492877938135877,687.6477471507892,0.0014822754060946578
114.39625709246452,1.707184995014198,14.986637191108512,39.44366920010112,0.26341173493400544,395.7620392470993,0.0013482897159326375
159.10919495926692,1.0344736625936268,12.747540362919654,39.28027952778158,2.7976163263998197,435.09147214236776,0.0014723529091438903
143.3503569878907,1.311344708492316,26.607355094560415,42.645365066717034,0.09548960923990259,494.85386768310644,0.0013025883294742924
159.77693491628364,1.3698260521819052,15.941864757343346,41.42239446946951,2.0943803891143813,226.91119899791238,0.001564836978576092
145.31494850722189,1.2485487748581683,25.809876019042242,36.55033410710414,0.4293345507733695,215.4401521707794,0.0012694803392205784
93.63184186902359,0.6732598128817723,19.893716716113794,35.37056298366521,0.32972134393521396,384.3027145963229,0.0016188271464571086
209.5496198809874,1.8929664506946178,6.392219667247527,37.03829879460222,0.9853493752112976,650.1157626427761,0.0013168175256006453
135.26750888697651,1.1922028042183102,26.779186319559884,36.406280405671744,1.2546735068095138,190.0892409663592,0.001511448529935293
191.1121836059941,1.2218748019246817,16.97680389458838,38.204721790739654,1.253547271007832,809.1430881715563,0.0015080218029624223
176.63159928423724,1.1393198880458661,16.283923878542407,38.49760402552316,1.2500952444771147,673.5490685866467,0.0015098977232225284
94.09878852376924,1.1484921669296533,24.04756716216849,33.4976077577296,0.8947165343430522,312.8711138506873,0.0013763481022420155
67.58709079420548,0.8261955308531533,14.099562522112768,37.25639402279841,1.3171830710417907,227.92910288658726,0.0013634669900745976
200.2014094295021,1.5413752982126512,9.784932503055876,41.08533477190936,0.2763195437230457,246.74886284149378,0.0014338030397438902
217.88138520015866,1.1606075098454058,20.43870034483385,30.669226716655434,0.0977096910903499,556.1454242030657,0.0013545509031613733
205.461469627615,1.3175563009686995,24.00570805063181,31.362213113212995,0.16197484720242197,672.775078424747,0.001318456895312741
127.78673812596341,0.8943411207216676,28.201621971199792,37.05862522918269,0.14508409254300517,805.407545658758,0.0013867851023540983
186.56603883001253,1.1721858798425626,27.500174965572317,37.00825449518395,0.2184746921638557,288.30212335124855,0.0013360748912262645
61.11287811988639,1.2324659156488413,16.967696555154948,35.719054191181456,1.4248185796776254,302.9488739048302,0.0014335475938270334
216.2967171677291,0.9226695704668084,19.971637486782594,35.449310080062915,1.2184403459710422,103.55217653445101,0.001250842943891693
154.69675412590146,0.9318042029538467,18.5651316091532,41.165713955670235,0.6306419375603202,116.57067070888824,0.0013509231022497867
143.6580746701407,1.3101714242530909,31.472660328135042,33.55663603154739,0.3062068647956123,24.36579710762356,0.0013364245146957406
192.16047113775036,1.1283618461751397,23.560154350336735,40.04006959471835,0.2669792885625254,72.53466239575798,0.0012597205133863542
222.99073415752798,1.208870777457825,23.085388389877036,33.066728482991024,0.6000336819925924,69.40292864514669,0.0014533490214357386
224.05880770361807,1.3796361540887383,24.409632632791155,34.784962565368005,0.6006936552365583,57.802927273203906,0.0014365871628840114
222.1758753205043,1.326707942555955,22.794990590321472,36.212437831349,0.5741672882705053,61.294466241051765,0.0014518321597394514
227.75915611876917,1.3297589111452233,14.535540292579471,40.4366144455921,0.10190386581189585,155.1770885370211,0.0014113004679576686
102.28946396440332,1.483995639170565,16.748627861557942,34.7392931876243,0.2153866897299574,300.88074210119566,0.001264154199457621
249.34605835376786,1.0410506404517743,24.587807167576102,32.666002750552934,1.3008969247270992,698.9672764197713,0.001546438191060361
246.81402179621685,1.2349066861500904,26.92698868133549,40.49435951252791,1.3868328727535333,152.24484264461586,0.0016317390067508446
234.90166743931857,1.7603447986393053,26.56770547582544,34.01938346743954,1.9776629502078085,140.16760042047693,0.0015151103325768483
66.19963452025839,0.5641257607522832,18.8264755469249,36.45820699305014,0.6523094300229729,90.11736080530333,0.0014637524894362403
246.24037990939325,1.9437005625482746,21.232161608157515,36.39088212245401,0.11849599646719274,945.4326418484925,0.0014338060827162754
59.05271153825842,0.44653876357750544,19.7580549808067,34.91260261141094,1.5146732011565704,116.49003494172565,0.0014391583790965804
230.91413911770817,1.8307104327322887,25.118001560278476,34.11657500439949,0.5676090404072776,3.4171163277713306,0.0013029677049526591
73.70970332343627,1.6598463594916106,23.72263934485969,35.08705488359698,1.1699477530914264,13.67890562449305,0.0015067199958527834
154.51714106091202,0.8824544352433188,14.407806555932787,43.834767255329794,0.9773687726833968,405.56368306535654,0.001376148557234224
234.32022072327422,1.4764784529178663,19.01302645610633,39.53632433293535,1.262304407273229,872.9020793762905,0.001345940686734206
233.25223230784593,1.577171281824036,20.758061831421852,38.28676386850542,1.1093388257348396,640.3981694222217,0.0013268617474156254
121.19460571735732,1.3989770044755316,8.100098270235085,38.34290114840109,0.3277943890328071,369.8134939731853,0.0013292704635179736
107.84607161661107,1.397807816727651,32.355918267257564,38.36629631470606,0.1704512605701076,586.2388884217017,0.0015109920430504947
116.49238903890887,1.0056912306095127,18.231666366674155,33.84846832185467,0.4019288858878185,235.6458110065475,0.0014426657800917686
97.40966781513744,1.197308900695437,29.94300748821187,36.31899973006715,0.7451041698499056,187.9220858664266,0.0012970521306176139
94.63592572390807,1.1792659609533305,28.4908869750033,37.15469719522265,0.9469431133183567,205.86484536489385,0.001320092325334208
89.1563185883153,0.8762085131471553,24.863134561014416,37.00035705729077,1.0240850103228698,246.1282695609678,0.0013453011073344635
220.8682259558626,1.6584409457895335,20.751816798649063,36.67150375095147,0.7656565065080132,723.1124783895501,0.0016202213373341667
