a1,a2,a3,a4,a5,a6,sigma
205.80330950368833,1.492854877603131,1.4602546850233278,26.779646047935938,0.0574462269314621,344.3713832083517,0.001145993810922308
182.34784284970775,1.902635611655885,0.49448620009370614,22.04147761401753,2.6138850963257685,229.4558336324449,0.0013277197714869613
109.97320355211018,1.449191587756927,2.7944909546582375,26.422536562039234,0.024409978394523676,30.69919892412887,0.0012847165146492843
230.03954921185564,1.6438059065133075,0.5829438191587407,23.747234303683662,1.8534522948445342,425.4579230488031,0.0012329723053612295
246.57574818024005,1.8038043740722327,1.5458119561529453,24.19906129075011,0.36280792792197053,337.15010363356123,0.00131764155047424
244.30913435089877,1.8121288010630676,1.755855411259405,21.39955517087995,0.30558743305380665,311.1319929859731,0.0013334075067260658
216.8617004124254,1.5999363929231056,0.9420979072981913,26.604918064270308,0.937584436479719,47.53011129371746,0.0013125313220940745
236.0529821595016,1.836486124442345,1.0501320731659758,22.278887201885585,1.049521834535847,743.9847244655028,0.0012859575423059702
102.55218206397679,1.8453499662151416,0.45865111948214754,28.673879787393176,0.3061599401734212,314.40821976670327,0.0014994647759460945
225.34335570025894,1.9480213442692764,0.9891427620379655,26.599468830311356,0.05554515570353619,736.2353240797469,0.0013376201297484998
99.45517837279027,1.90327859176008,0.45630523779271137,32.239973943638205,0.07357774484019355,157.94964061230445,0.0014606453542840101
106.70380481700967,1.8257034015102744,0.298235284388882,32.60999541344385,0.23507344078998654,619.1358531772655,0.0013959119484682693
226.05213921414426,1.4612701021885328,1.7487866418000715,25.00564846093522,0.3999251698165644,97.01353360460581,0.0012945433106121348
57.35140223298772,1.4208011738063322,0.4536473848093676,25.32906179613964,0.23852076626543117,488.80401849361095,0.001274207259493482
138.88998101407242,1.8520382034278007,0.45805703103073564,19.358538980146424,3.393290159338923,125.93055724240038,0.0012977189088150731
148.38710817062756,1.860228604518351,0.625870958485239,19.63990426235783,2.091713522946334,83.98539409722329,0.0013088382977817243
184.47659020656658,1.8674234676817323,1.3570091467263738,26.454298392088486,0.1837898058046322,12.174238236491322,0.0013324698473457307
150.64977761135717,1.216943250612745,1.1528597551245885,25.183521878667094,0.7167470227253765,7.705490186199613,0.001367954923119092
137.12433850412953,1.8700972218581515,0.44356559196897843,27.2554319570572,0.9026283849458502,67.85883980931379,0.0012794043273782647
133.40590786858613,1.6895346349539135,0.621538797963848,22.171566244620646,1.1268335535994851,410.5648918163207,0.0010717107394680712
226.35644928210382,1.8716482644402685,0.6930319182868102,27.475390165314494,0.3286933409151961,666.9284874454862,0.0011118633177740439
210.53020650687,1.9194101284058327,0.48158461277207604,25.732217440014402,0.49848127814947163,1063.6702604334077,0.001143479435878068
245.9895530225741,1.6904902252389158,2.081232303922299,20.842947381252387,0.5016001028453825,68.50182926395301,0.0014449784441323591
245.98760016575537,1.7484421164107578,0.7736007531668727,26.49835902864868,0.8823038691599854,178.81678971916105,0.001221989977279213
215.84771176280674,1.8168913014225325,1.4709904970879066,20.32121366097998,1.0624974686094162,16.503991783362295,0.0013358284806015664
96.4353078040311,1.9562249722847331,0.3923623482196196,22.55901406256464,1.0705137228291215,76.02348844092674,0.0012265170151687344
195.7304975483891,1.9535393403618377,0.6568133312744238,24.49915666096093,1.5230815677930118,30.901295668445183,0.001201833347851715
108.44925752506188,1.4052185079447512,1.5681533907401652,24.506910621223035,0.16465138122169265,28.232076683100814,0.0013194938255370156
98.44399692539622,1.3891147150697565,1.915457008127228,23.031059900690327,0.15667978904658106,21.719375243083242,0.001289891297145923
219.015862822812,1.8393953862408878,0.7322409276040823,24.49469747002341,1.0628316706388168,755.1092267279016,0.0012272974683539325
112.90331860713077,1.2202707502048467,0.8152566936861255,21.724198175037145,1.189506619864004,340.769696274725,0.0012094597261185433
92.44798576597732,1.9392327199286645,0.26503735272485907,25.132127337352664,1.0081161199142403,323.2196062954419,0.0013749649193480445
189.85199791021674,1.7628052244395853,0.6465099763528653,26.737954495443304,1.114511730215842,602.4594535218612,0.0012428833962594718
111.46211488271113,1.9429853018089425,0.36123258726712126,22.55142649218313,1.4944375709630369,256.24623179838505,0.001293722058889589
215.41345414175146,1.7253753617852572,1.254482208927785,23.811646334582147,0.13096511758482146,319.178269108295,0.001448453334782993
138.92678870695897,1.4475236135227705,0.8780954751537928,25.255439844706366,0.41092734516736684,513.002073098222,0.0012686625364418662
159.3044101088375,1.9257534057942196,0.5944913244526209,26.237068161328633,0.9674239819505979,104.10631367927813,0.0013526528775145096
159.37688759906587,1.948079447519,0.8026989376662216,24.67217469487214,0.48887617469285927,109.85525620622587,0.0013562498241054852
233.949574152001,1.9870523620503837,0.6822144175139975,28.689300236422845,0.35558965050773705,602.6657693759802,0.0012316086113231693
227.9417395142948,1.8120481560472184,0.7643453015363796,26.595776495835384,0.3851548860289157,648.6029866807532,0.0012049169989749367
240.0661607533902,1.3520831741138049,1.4267780384490143,26.541233303100334,0.1458330514553134,436.0446333970669,0.001280533345602536
161.09049621892606,1.964362118812654,1.098460006590229,18.04676378898905,1.4585485393028514,165.315487710158,0.0014627029645343866
178.63360374289059,1.9490725934794082,1.2731768918053743,21.222197977148667,0.7692464764555197,133.23794122434882,0.0013135560714765484
190.48046284777013,1.9379264864184147,2.311524612965497,19.00900279475801,0.1519010383640837,261.9586816162039,0.0012175951258022886
169.2483619861635,1.98748538999275,0.3820422117985026,29.030607344821796,1.2646093999923858,68.17614636609541,0.0013777405410752216
121.4296326231234,1.9828198766496,0.5084822464685055,29.814696172734234,0.356524870181854,30.954282069399436,0.0012402179514312958
205.26761271787512,1.995252346581623,0.40086358259188637,28.4492520905648,1.5793567632687178,16.907919104669478,0.0012281725234190434
92.40861993625755,1.9633954888341196,0.39274015489191916,27.17781796743249,0.37647664646657314,36.50547797601859,0.0012462138503357588
180.20205567112814,1.4844786472310811,0.732500423593748,23.91154213143716,0.33419030260408167,968.8797571939081,0.0012836280609634697
134.0582377474693,1.7380720571404753,1.316995142435395,23.150547546245992,0.08124015237937948,190.86255667168604,0.0012441655181630235
198.71178776582428,1.8989198870430561,3.0836465111571987,24.89489934532742,0.008401962041620725,45.29554325685817,0.00110196137386672
224.87550862755973,1.8872879208705984,0.882426714766576,23.51328904317215,0.7360029814754151,233.81463667082969,0.0014570950198280965
174.06720926308364,1.6738789886267798,1.237297091083859,23.96039810189266,0.16255761092054763,454.2036833347228,0.0011663029270005325
200.69380188897892,1.2702220516995044,2.9922503725468195,22.4723509608146,0.054766720565675435,98.53058819986335,0.001144728159757389
179.82384823039098,1.4627209506474037,2.494738850285919,22.771196090418066,0.06149849965172065,127.84531749831184,0.0011768975413541727
198.163457909597,1.7189442714914314,2.5992559800322135,23.875326265332188,0.03403780439443178,95.26469003256835,0.0011226731352903163
157.3317657385081,1.7488839623267958,0.540310661478268,26.5328822811464,0.16836930350902976,904.7930411618581,0.0015072458784714147
174.4339002992601,1.663652950109388,2.757749470497364,23.44185352545369,0.05637668292871628,61.815065166627576,0.0012026526530048006
211.3005858596441,1.418380489366143,2.229025080370753,24.693385356395854,0.19429818821021733,100.62414283890692,0.0013730608558100248
187.7485699630472,1.6907272717459385,1.6434236533354283,26.78674589623075,0.2704310070853057,106.05590440918036,0.0013695900712328072
119.30458287919893,1.7979691003485312,0.6686758738635312,22.96459021358289,0.5547837384045824,208.30273508803475,0.0014200036502509538
199.91062727266987,1.5451720629586774,2.1291053446827632,23.822500798389182,0.19553699029459862,144.92769880997338,0.0011530196376000519
187.60186459197251,1.7825694087822483,0.9057579441909803,24.40530881808213,0.45695332480352546,215.93141069603547,0.0012548281086182096
195.4746590398884,1.8056104026676527,0.6951443352258752,24.898647097113148,0.8256339026301056,326.0570402344577,0.0012663423496681683
174.45010366992528,1.6999651415127275,1.806641508886293,22.173117396784725,0.0948499122249123,220.40157364110496,0.0013574462038410371
166.85489171767128,1.6323773443853664,1.6087937650210389,26.226456819248664,0.15692057954573307,100.6381035838581,0.0012459082436799091
165.68773978922275,1.802424647737196,0.31760733928287443,32.38455243945812,1.250254832085543,592.7909562529172,0.001379641540145145
202.974503740783,1.441728201836791,1.502162316090527,26.64551581100141,0.11943751680900211,234.36618904563778,0.0013608340017853837
138.42768799790167,1.9306591448267985,0.76619554001396,23.08783672633785,0.25134119253701176,234.355829639842,0.0013213961519915004
152.38240123972406,1.9734106978411625,0.59281239984023,25.262533968006803,0.333502990383614,628.6140969410895,0.0013074209018497339
177.78260259921544,1.9524686783299092,1.054206769177287,28.07230433697884,0.03694908049804553,213.3346509557761,0.001337196347767274
127.54291113718597,1.9852130713053313,0.34778356423083057,33.38413615445053,0.39307665904682093,337.64622349616707,0.0013452288695604117
154.94162857019523,1.9491772052349319,0.32755015238225527,27.76287275654918,1.721975740339988,110.33291605278933,0.0012922488966662835
124.7701429183142,1.5415270813209274,0.7860477033735302,27.09767216148262,0.4983925591952863,23.241611883802985,0.0012082255079442533
139.81361065871707,1.4724347964861375,0.9264214332385815,28.184542705345645,0.4110487629511905,36.1867705688582,0.0012454901710349283
96.9277400378466,1.4994661908087132,1.128040971790695,29.086029963172695,0.1422852778608104,11.408696112459419,0.0012763260179228643
65.98091184799706,1.9790372210104976,0.18354645887747129,25.33683567911237,0.959341973365735,900.4370358050193,0.0013777421116496673
88.9203037386796,1.9411799724602579,0.4374073941817781,27.563416508039104,0.27649022622243535,173.52930146038145,0.0013222957868112423
215.91596414832108,1.8994824186473112,1.0383737068502337,21.592393665587906,1.1474986912127128,514.7040772216434,0.0012486311686690141
157.969078979715,1.5927620964839007,1.520425343735707,25.575387499245384,0.08171881887252028,56.08802859314211,0.0013885063742406032
245.56452367462376,1.6406360759875434,3.2168781253976575,20.40914893245412,0.3099108833959259,36.508460524500315,0.001223609291367317
238.30828813986176,1.5345647743920123,0.9833325042582398,22.123658661615522,1.5328135834353975,339.7449955500943,0.001352536297500634
227.3573935372063,1.7611716791657808,1.1207828360534227,24.100456010918215,0.4837530972677819,408.2427457058453,0.0013723862787469094
196.00679203332757,1.9829966196718816,0.5894377516083833,26.358525765914717,1.20610153433158,163.03320139856157,0.001275144209676882
177.05429773527192,1.9824638011360234,0.729867368013969,26.34591575317929,0.6368647018290725,119.8907791577682,0.001273835104883573
171.8752084364799,1.8522460427337286,0.7495638040339292,24.366493175206124,0.6646117830187129,59.784406181389,0.0012887900996462183
217.6394515091248,1.9033916536559359,0.6668983947718088,31.005035030203388,0.39152284235207185,498.24482151084214,0.0013155148019586911
158.48629613790158,1.996791279792834,0.7250030633742434,19.800789568849726,1.6566364538579943,216.7791520516396,0.0012239211488542494
177.7816917390959,1.3928568509339654,0.8282347864595304,28.14838084085929,0.5349868410541068,135.30770365998987,0.0012377238811935715
127.3366600774006,1.8119173380695788,0.3848670045941022,27.029427467398385,1.251189868840376,427.52915768965784,0.0012481232496242564
117.35130872073903,1.820554715320959,0.2633320647451207,29.32199232468492,1.2344199118879997,820.6148506842397,0.0012210738095988541
173.667658269647,1.6304692380521997,1.4422167565761483,22.710006574878083,0.37775979498965817,171.6405479342138,0.0012648219118903117
232.07578489734004,1.5524452635276442,1.8560678778170334,19.809133212564525,1.1028581386870981,65.48252497635384,0.0013540805841699758
168.3497331062442,1.7938637282658445,0.8461301530007709,19.39032097127661,1.9451740006041989,187.59604035548296,0.001358618724453258
93.66151786180836,1.838304639446232,0.5512215261925613,20.07955328040123,0.4382908635358554,636.9349218718977,0.001374832221529671
72.31572897652713,1.5771249531060791,0.18780383480983845,31.114548322008897,0.6629034065367015,158.85934412383546,0.0011800624044969934
160.20103544169623,1.637391123306333,0.7232501839201383,23.61112194000977,0.25634139265873346,801.7312491180686,0.0012357426095130106
164.89505095131338,1.7029121430066996,0.5777628978390761,23.032664653111016,1.153864748055463,108.25253441087776,0.0012460351412797738
203.23877547649093,1.8424007513750034,1.3998380700016684,26.518362207170654,0.26951648202078843,186.3372963855699,0.0013347402110595206
178.23449194915665,1.5926803149987654,1.2227256810252254,24.293981254382675,0.38619295190650865,143.7455177181887,0.0013071976349671205
242.05961354055052,1.665458669456911,2.4015655900412067,21.870858660639605,0.48273661660306505,133.53411649120153,0.0012841393307684162
69.24934212544625,1.6347123760396975,0.38906904360002326,23.013383859682147,0.7070607845805067,37.61610194677521,0.0012392897606488523
60.862123729862404,1.7653519534275206,0.33940693705096014,23.702565653978873,0.4831798487083316,36.396751031691046,0.0012723834550471727
152.01352058126986,1.8636802725924406,0.6239766832867715,21.967691634558225,0.39668310432627296,721.6917386205874,0.0011596673504236836
208.38901766774364,1.7116178891969802,0.5511986758857562,31.15736235615767,1.3392198463473144,56.81052621486549,0.0014470528729135976
206.6764172976951,1.6565296078259466,0.5025921684198951,29.688098736887518,1.5367332271908016,120.22626964248892,0.0013647824850533858
225.32748467780232,1.855541609402445,0.6189779119749086,30.115604022644987,0.6704108161800991,154.31838692655234,0.001323389916644418
168.96074476001542,1.764282640534747,0.9492508562016496,28.40213250837005,0.36610146413936795,221.52657754130706,0.0013481245395684663
230.06880059040725,1.7637706551234655,0.8185430481565463,22.838018624639425,1.3990482920924598,581.337312288126,0.0012734524146816035
224.3919487106416,1.612758676815624,1.502000244712001,22.04723200176844,1.0738103590740917,101.64488696998944,0.0013444193988314515
126.6769980333733,1.566499469183767,1.0375278400140262,27.354987891890175,0.12332724048401453,137.3459510379829,0.001178234223918
127.2629549582426,1.739811991289577,0.9676378653996697,26.96130309945807,0.1314555956414501,161.9554589952136,0.0011723567161592465
183.0045435785377,1.6342672211175933,1.1226153339495895,27.10979460281341,0.17602760469792003,167.59098022013367,0.0012029001493914222
180.95612677812468,1.900388650077786,1.9194157190879282,25.73371916084529,0.14838776109433488,28.927544343577956,0.0013343739466440303
232.6800487547167,1.407667823915719,1.401635417692042,22.279452167121324,0.7212140218223826,263.633089309337,0.001282140313521577
222.25800956451235,1.930891724367629,0.6955615773448698,26.768590884585173,0.4496525785877806,412.48185741382093,0.0012743355734886597
112.45634589894902,1.4290350012661173,1.6638945456643504,19.73425565222868,0.9728747169257216,171.51084834754457,0.0014573129011529102
191.03792126599274,1.1112619787758087,3.7971961257682763,18.553990669579758,0.3455398349205356,59.111203598492715,0.0013678985768553124
224.18540349541462,1.591546586810379,3.1527574972808634,20.25880073896656,0.5537328989422519,237.55675863187216,0.0013172815050490113
169.89000462686005,1.1775888823469738,2.702540228266727,19.17682268451582,1.082825208595921,336.3062432430773,0.001448823351583509
204.70688694085896,1.35299926762958,3.5251405446741644,18.17656410250395,0.4676054982660407,195.5729488507011,0.0012046418558392812
211.50646707311077,1.4668578143514965,3.291438093946368,18.811087368175997,0.32531943924002776,310.57933114799846,0.0011639035084335333
112.94419475198227,1.645773490361652,0.39169639507783777,23.634100631279214,2.0972380515777522,351.6547922411466,0.001453930394869878
212.9513293598181,1.5746245160357328,2.7262923985803895,23.310971285088804,0.10054214680438141,209.9930455980702,0.0012667748730723128
239.01216302431203,1.8345937932406622,1.3111025771191898,24.57121793754666,0.4150312810764694,128.90812116390623,0.0012462930001063254
160.77839359076484,1.9509514646994226,0.857078387741639,23.432660529561318,0.4033011868219811,246.12144919438822,0.001316310638114104
180.23798385311616,1.8222255859196383,0.590163629220762,26.224642130241456,0.9127975301487822,380.7260793230944,0.0014012472978750688
202.36237863008438,1.7579300978854675,0.8005173381155233,24.03701526969038,0.8538073052488963,412.1356760975602,0.0011591591852140566
188.01650310121303,1.8059177910959006,0.5856595034265136,23.604903849513295,1.6665550045920745,671.2007387441388,0.0011945930320913219
199.25691243524622,1.7089939256419209,1.0422281608955217,23.143307409548143,1.1947218605179797,118.27329118337518,0.0012533974925194162
203.18639899523188,1.769614562069587,0.8426295423625965,23.95792258832457,1.2270293263014935,179.05564843657677,0.001244429120319287
128.81692936303443,1.5826446045027838,0.7558943189550706,23.838676980163054,0.8356144314513946,135.57870883720287,0.0012969854753300206
115.76577378182039,1.6261511313221548,0.7615266419131087,23.522307828650483,0.7375143353558641,174.36099393595813,0.001338084051765684
131.60429095925855,1.4388913614849703,0.7150840940145102,19.675038808445844,1.1040253323323357,290.23895694760824,0.0014102183394070016
65.79397819137999,1.8486003479834787,0.239667119989935,27.151972002284722,0.6444678527097379,368.54034146049827,0.0012990297814280199
91.31039219158379,1.9704093626758095,0.40684616364587545,26.876963159738402,0.17667549565632337,314.22829002094346,0.0012917432332393989
124.87998482175942,1.9946063023215403,0.29426032323603085,26.74632292144147,0.259613563863883,1171.7037677472067,0.001313495924543018
151.41927838294785,1.8810524748668096,2.1046191526955784,30.670441802809258,0.00216144052010441,37.1609285981636,0.0012523899452723205
87.73153047113867,1.7891489189689405,0.9755764770282007,28.13268792963121,0.004263144484164708,71.20175690050006,0.0012882429216333044
129.85576380663326,1.7336151037830145,1.6224276127982853,28.148250747126113,0.009405621356085504,70.88713484119369,0.001328774223419519
204.57595146667376,1.5842369056149386,3.5146975530613114,20.010594766543775,0.008752349335654384,93.16228586693862,0.001270028217945579
152.08136643139667,1.8086798787889098,0.9514597860409396,25.710656555350635,0.06558857177913445,173.56658729672824,0.0013234097931012724
60.68918039932526,1.7403029851799818,0.295407056017112,23.446875069001607,0.11064272765802376,639.7258983562551,0.0012710028027308827
188.9742880496954,1.678936831359248,0.8401289023348983,23.538443486393664,1.8176025702503043,263.4684683682512,0.001384042361750461
147.60005601366163,1.2739281552276052,1.5397973547271073,20.10876076733462,0.5716660582774968,265.57772601931697,0.0013930609912219437
169.06662826194457,1.836963308592045,1.2752195570505065,27.334698604690583,0.2677211679441005,18.84332871425107,0.0011863672721935115
224.29245142229794,1.9021371602873511,2.517689409664158,22.473237853777842,0.14638967022225952,91.29816244324606,0.0013153015493385554
122.44483031952517,1.930397215361295,1.302949048879645,18.78180619673384,0.14006834636533355,299.28452495092574,0.0013114050733106376
121.09570310195622,1.9507617251861271,1.772364509668488,18.031058298242122,0.06364086721760598,181.63586788162107,0.0012514863034144372
207.2139426837585,1.8286324328521029,2.2085749469231817,25.485202241915204,0.14467198477037257,36.471270463602025,0.0012827236313149198
142.61808602606303,1.5771633372732683,2.6321883076311994,24.426765591991774,0.06685321655913741,19.04960658596501,0.001235911812636542
155.33860729004329,1.9046220511350689,2.291832422557278,26.877908462901367,0.04858379827087088,7.601784239057886,0.0011330154101456256
106.59019491099106,1.7619519559943104,0.28630397023359083,26.914938987604224,0.8081328397874185,991.9595873909362,0.0011808064516827415
140.58647463171303,1.8617645948360557,1.213722256430386,25.459189976057594,0.08211631711627793,116.14815508597887,0.0012645132657115234
134.45963194458673,1.9121713022306537,1.726861408599377,24.176229779511054,0.0547589367504151,65.08203858188178,0.0012260934061041943
228.3904559349864,1.954198111389236,0.6416122726379974,22.67669828429208,2.532903243995392,352.180460410329,0.0014567459394775688
233.4355297057338,1.9460775947529503,1.0964529749643792,21.724736494097343,0.9605283578878643,173.57749657125132,0.0013993681277297658
245.4392638356075,1.9096683634623703,0.7231456511045176,26.376541582627077,0.6234801116476677,980.9713045154148,0.001231606720100776
157.28950957259264,1.8561551969458727,0.804064597950401,23.940375834862273,1.279775489729342,84.71810666446925,0.0013286501564185235
165.97848548534768,1.9364408425118418,1.0867991938764134,24.224836481356377,0.12394124535807999,162.29763869857368,0.0012485049440458557
165.10508326588064,1.9072261514358277,0.45695262660046065,26.593518432527354,1.5990860436620242,313.1230887943135,0.0013743200008966712
198.27972193079862,1.8268183924475614,0.8848248618362774,25.55318834137328,0.5900128335815805,269.91316746336923,0.0012623703282905164
228.49616980027116,1.8648471146067116,0.5812922847262868,26.13646597493468,1.219112564150279,948.1586119454033,0.0013147211673114883
83.73432222534409,1.7298900237228727,1.2142768552722047,23.236590555015663,0.07345996233990904,35.17799145905362,0.001076086606987868
239.4045674334189,1.4359166890056145,2.16051107441019,22.097621377829647,0.955463473852744,148.60507662843006,0.0011906898344970678
62.76846317721373,1.9788076149096339,0.23818117191688842,25.85708885002347,0.60852636702777,107.76804658414642,0.0014011662228174283
73.75511299652347,1.9655167819008135,0.2715030559214442,29.527536024158216,0.5819830001375343,87.24185477811275,0.0014044883443136364
233.57484648284458,1.9647555934169096,1.2751290749101967,20.97806799410862,1.201812210426124,483.56103410741076,0.0013911263481774907
122.55125711133198,1.984493040577424,0.7803771510632638,23.182755918896405,0.5126263623789322,225.0497821454662,0.0013905835781244222
239.0827026285006,1.6951511274395799,1.8980316760940568,21.208930563830073,0.6696984639888441,198.88556921212793,0.0012695657362691726
217.72026044168163,1.7625236858830189,0.8123543164700788,20.14245587093471,0.8836265918790007,1952.6193850067098,0.0012995186891098648
198.62962066636382,1.342496639548226,4.559877906345753,19.467173273297053,0.45450535946618326,34.865114090943074,0.0011348165766584487
163.38924987244238,1.745943935032045,3.057301561318525,22.649631517317868,0.07379990397530589,22.605002430208682,0.0012199574673583081
120.47537328237627,1.763982184903651,2.735172486567693,22.019187741771333,0.05495104212867768,26.175331081108837,0.0012902737784663766
237.4871404004257,1.774660775455273,0.5367839350542143,23.37466722731894,1.7351938906488262,1194.7546871153538,0.0012244988560429918
212.12010458909702,1.7183866407462722,3.445231473453599,26.073069669306303,0.09484296335131055,6.131342381140965,0.0013759115113802778
157.4309899223374,1.8004177677993,0.5723421754315875,30.192259686234173,0.4335715247504561,110.386502257769,0.0012725587010258461
193.4561352673561,1.8236234124499024,2.4642722157067367,19.028158226107767,0.37892471224417945,99.11843999576892,0.0012541265977117477
190.4471538443984,1.2166772256455725,1.2683903116479682,23.644154620782324,0.3784578288594144,576.3245928626196,0.0014366948188085944
190.37270596600763,1.7247700079925778,1.2260351750364824,22.965182938829933,0.9305797306980832,198.441276738485,0.0013266174271559829
159.51566642342559,1.7527616511731252,1.2258479398714228,23.022762143322073,0.8351642467091561,159.53378818865835,0.0013216296555580028
133.03898130122673,1.7793470407439507,0.33781795317798724,24.59910616086864,1.543802302222766,568.1597266932099,0.0011756376450994862
87.54927869775308,1.6375011337928054,0.9947534886473365,23.934490569848325,0.16577754827722987,54.57816895444119,0.001264797564234432
222.90649422146927,1.843161215507518,0.9664498393036385,25.38884585451264,0.4189459157040658,661.8470447512805,0.0013611478179885576
240.03205018940207,1.5780407158302996,2.78349067151797,23.578719280412415,0.017143669512531306,145.87086936659588,0.0014200582837853156
220.84325326338018,1.384635474581905,4.086239039661662,24.088516066215153,0.003302396424022302,101.61862291555529,0.0013273136489225861
106.67266629460747,1.9454402515708407,0.3417570312374693,27.388772077761388,0.06693569830305829,798.382140284038,0.0012068938584812335
219.40667721965497,1.397782004773492,3.0700174045970403,23.304125146625648,0.02547841761886356,129.31795162221582,0.0012764671642208482
205.23436275219876,1.6626439782502629,3.106982837373244,19.878045157353426,0.010553616615996467,175.6037700818777,0.001320737008512569
63.0596761458928,1.5875562923675681,0.35362733107472205,24.13234284384076,0.1022319359099019,399.4613946166808,0.0012468965623820033
103.48752092583541,1.7409506363385072,0.4413803324066641,27.4801439783444,0.13791106196751357,486.5630476686016,0.0011337550064032793
245.40777796417302,1.7005283790848984,1.7721373087624521,23.411613410827353,0.3542093561800707,299.117717875745,0.0011946782443771882
115.90503353351434,1.794453513980696,0.42767482030257503,26.82090311281606,1.516646455047711,168.51182073555506,0.0012266858095742377
217.9597121347552,1.3570714618346196,2.484296612558341,22.065484004897677,0.0712570032082492,156.26093413854016,0.0014817696289688704
142.12700387757513,1.8983330333416861,0.45640082495801615,24.425104548126644,0.5421706078251124,541.8124331959028,0.0012707302932716414
198.2880492675606,1.3206910833022287,1.324955750193675,24.291527510847345,0.19809214838099473,338.3980863794185,0.00105910254497595
223.75183934641706,1.9683890541140223,1.334104631316438,22.66693454380225,0.6163232451593345,10.899367758895481,0.0014635011404911886
194.37456695968552,1.8962697208483206,0.7731609508694637,31.128301024513277,0.36767740173478963,2.2308695653728434,0.001113886069745406
149.0409462601194,1.7740596399596267,0.7460127696322374,29.87558759837012,0.4137039281909765,1.0693080124764365,0.001112681036392973
235.56612904555521,1.3726132981659995,3.0253525295303745,24.87086749628466,0.298101872633118,0.1676757360549683,0.001080820288980625
228.0411845747117,1.3638604713490423,3.6297014108432912,24.442544405637044,0.18800112039416408,0.1245428696081365,0.0010778351856378658
144.72232890525044,1.8819065443744432,2.1998695329214732,24.57617316198583,0.08130690564227676,0.639333705454342,0.0011711098740602847
100.01177758451334,1.8476886788044211,1.0173083623227073,27.882196196973794,0.14318507898656138,1.085254803570999,0.0012113903732877756
193.90578632730592,1.7949407044577188,0.8099222561825369,20.467089591803447,1.8848667517242201,92.04146865911952,0.001406336407439333
194.37515354460805,1.8384203767358773,0.5404610409337104,21.339103458349776,2.8107424508699164,132.77978587903033,0.0013940606569097997
110.41266651878948,1.1619207110218297,1.149897755702137,23.339954879564925,0.25587847602047464,573.7212687358916,0.0013053033796112355
239.9534383695514,1.8117728564598243,2.422126977952679,20.58530273411308,0.7410468821193402,64.43467369091096,0.0013932290858164106
119.63181408783404,1.7429625145061427,1.8075667031635243,24.842398720562667,0.029420827376011958,40.30331517405441,0.0010823018835428477
209.075341126208,1.7426709318366316,0.6432930645150725,27.468696617294206,0.28879405133052166,701.4656883081896,0.0014879419023995663
246.08291487934076,1.785988646786723,0.8036796905889513,26.360514968219988,1.2035976662660788,422.2601374670335,0.0013265830726554688
243.50844232070773,1.6195175948788116,0.5940125843122505,28.49107809702236,0.9368967110730332,685.6558263006399,0.0013443825288732857
124.65663263537647,1.8353566691714445,1.0656057639049867,22.851643876823214,0.38201439350611344,163.38521091884584,0.001207294731675638
198.7783204689028,1.8383969520748296,0.36981546731402526,26.032234466001633,1.5281521694032103,761.3224814005367,0.0012014279793320208
205.91636911314225,1.980255648323665,2.0405236947742145,22.784348682322147,0.2589054533593864,6.021669830576584,0.0011908528628766948
172.4416782637421,1.962064960863335,1.239885872132925,29.050088095241833,0.09430593091425876,83.85182722296021,0.001104809361799173
181.9721340883142,1.9456329619724988,1.0818592220529237,25.123847014608234,0.24238781187893854,133.0686319870765,0.0014287360985681058
59.293581340142396,1.9282544153465184,0.2196519883075751,24.083413154766426,0.34524092191039546,524.5133921472052,0.0011994652488590187
124.89822633164633,1.4234983811534674,0.46800892130154437,28.150140090068646,1.3927146675283566,333.91393280218136,0.0014118258561532605
210.6645633857761,1.9407089800619233,1.3715668526400577,25.008989828248993,0.10359208113963404,200.89267911737724,0.0011413208406629606
169.82068853642465,1.7176802215481877,0.603500557966738,25.88165956395673,1.2476647979654274,403.6309863578614,0.0011873535174543258
181.96038381325806,1.5737429759418087,1.8662497741841724,20.563653529715275,0.08551906281104137,323.77713276638616,0.001286479041089206
231.52885540710838,1.900542043818425,0.5583195884733728,29.88066709472059,0.9799267502783272,585.8655582195756,0.0012633311714696136
178.32385675614245,1.8795261484318477,0.4062745577409798,28.936897524167204,1.2116066783446624,306.8503510104395,0.0012616974994169603
168.1813827113519,1.8178550733873278,0.747225086736426,24.557823847986363,0.36893487654341733,367.4378626444881,0.0011900186354347566
180.5823821486166,1.880868399406958,0.6893472623374782,22.31087297338401,0.4651891015600314,867.2702209019326,0.0012412959033640968
237.20088080448383,1.9389852864518538,1.4638431257210334,23.94141927731382,0.37416037925910495,50.09788424866773,0.0012504603930508114
95.84681073606261,1.8618236780618609,0.5992739289941963,23.037725397614526,0.30798398330342613,164.47731161530476,0.0012904552156601575
173.17716863689606,1.3192227071596618,1.2664531911607548,24.048234093629087,0.6883634459028171,159.99911951400753,0.00130774433303626
181.33544516790104,1.8800437198275248,0.5160046362620052,27.56926813787752,0.7062243761707709,610.1522781384587,0.0012708661309794801
195.6748952232431,1.8749857370840584,0.6020944215020331,28.469439296724374,0.9283388160653132,445.3983440064492,0.0013219591177361211
118.92748472965096,1.5834563533525485,0.47648635920113475,23.719386814476444,0.550119948813558,420.51988764290854,0.0013448050033934948
161.7196481762796,1.8735438594594611,0.332943733522229,31.26060658413889,1.7621173702447293,193.72658364493864,0.0013136129593741867
209.71836580761655,1.7666561293687213,1.206502522945043,23.8637687343898,0.2459650486432056,385.6059470700578,0.001209216697421232
169.23693483400436,1.7565367260507165,0.6379019525629298,24.096408784053786,1.2686080232111565,356.8099579571965,0.0013798342337670716
202.49424342585704,1.8723287516009057,1.0098301669839607,26.233038046652776,0.19398364463175882,355.04516496962316,0.0014137067468012487
117.29191190102131,1.3931337975192626,0.42128117007826155,26.304861534250556,0.9549288955709522,278.04992406885486,0.0012827630118348804
187.2257831578482,1.9048457532923506,1.1451417759100102,20.60541818308749,0.5093812940805492,289.86190641117076,0.0013661182233714669
181.01919073962196,1.8935946209900831,0.7168027711653431,22.872044277996643,1.4694218770696983,455.39387430779016,0.001340464153989054
159.841569276417,1.8902755842001553,0.9534252893992066,19.913531112452777,1.0559246179405408,292.3461062851194,0.0013735533590042393
189.39657919933404,1.8268823246885257,1.379157028421953,22.051749695754935,0.2262797859306178,333.1401824916909,0.0013007635407256638
184.28927932209032,1.7712075976570032,1.1086207883214871,21.384508832068462,0.6571592679784867,257.0380827894184,0.0012897456348974544
209.4172648181243,1.7965445764101065,0.7558880865367331,27.881050949524155,0.7189190714653129,176.20798057729874,0.0012645151778826367
204.08316893253897,1.5900856716028813,2.1191835239366625,21.01964585380486,0.32151587147492283,126.68104892358595,0.0012743115734753718
105.15734731096181,1.9618722209431088,0.30451506554693963,27.666550662187127,0.4853562429288128,484.1009522487526,0.0012519898118959591
124.66721612931036,1.993272056581226,0.4997163943089505,29.707127132479826,0.3547863445293085,134.02154835123156,0.0011879294009813476
147.07908353852744,1.9795004746599472,0.3801728479372535,29.1630438419555,0.9804024490360399,217.5875522877667,0.0011984579847389278
213.83037219410636,1.7896792120549,0.9569617263936462,28.460649068254163,0.37477633743084293,263.86551157061484,0.0012690182299861057
214.40362529655314,1.8627894724445802,1.0083848989666313,27.52617346711976,0.2880711074655611,524.4276212588799,0.0012581021277423862
183.76528850331601,1.866436969470383,1.2871736785009933,19.22514976081819,0.9037939769421854,13.057380035996674,0.001280316911855936
171.68959220379782,1.576044917516488,1.4101745737228246,21.935780090982263,0.9101562798109447,10.043788505281794,0.0012078511221929851
164.91591898357493,1.9359264326028245,0.4103516036699088,30.912087548871863,0.27723381621433124,1332.5377795140234,0.0014161782616389257
160.42551869298796,1.921933518187887,0.3593959771879772,31.95143748326828,0.32370848653079703,957.1092475632174,0.0014148162297282184
195.1483934757801,1.9732910415361204,1.1735878789023877,20.413010083801268,0.5102257615830843,126.73466745264793,0.00122458543547369
199.9144357996119,1.9743570946174627,0.5527041051066255,23.50023280923419,2.5225212702202944,395.46778917458136,0.001178100169889751
133.7994143581774,1.923571743333946,0.9540084745234299,21.87847825765356,0.2597512484416558,314.0398607631597,0.0012705091243950025
179.69090860960307,1.6210998347362946,0.8410070717128527,27.092079206810055,0.9301357677157363,27.643540264858416,0.001148501802891994
127.05327845937359,1.8409220461113855,0.3771096036614714,26.115319102398434,1.1724362160015442,501.1383932660436,0.001317020881799418
224.42035629772226,1.6932827360994136,1.4309252761299436,23.13814023446018,0.5155983111833142,225.14497008368403,0.0012608191746013736
237.67801090886337,1.5060925157690213,1.4084132889679686,26.338806681622486,0.3393474167952222,246.19230127903234,0.001199656415445943
219.32023378629748,1.9098572389927813,0.7317415781751468,21.75451879240581,2.071474619660455,189.49098683019994,0.0012819968841377943
115.0996246028544,1.9692296899336852,0.4628851185812136,25.049539835978194,1.2618532472417663,26.167327895108805,0.0012075914065408913
103.75511090832231,1.2452137311004403,0.566808291422606,23.73672904058781,0.9166346167829896,1093.629190001228,0.00135612038240956
232.01227150029516,1.9245309591570223,3.574210608228733,22.164271932099705,0.045747620949066085,24.308470822864614,0.001306644828663754
155.56661657899457,1.8121817220735787,2.335794293292932,23.92158198144675,0.05418810592719018,60.07149822538464,0.0012119816626244432
229.97579166714976,1.7500046826585194,0.6512093075649371,22.94174390751123,1.162142491958396,883.4349144868035,0.0013855423902464693
235.97635266203946,1.6377769833230242,1.05727886698102,21.223607495875413,1.2523912483443658,410.7355240796318,0.0013667144802778821
232.6042140087459,1.4565108182655797,9.27494862120937,18.598283370866966,0.15530187482276653,71.66978791129787,0.001316114841009547
112.46972599460902,0.9204107658633605,2.8350678043261954,20.81218134207113,0.9487003155190429,59.298278174446885,0.001325582838398726
232.1143661932382,1.430679954147789,4.014604645970075,20.011670044265642,0.5002957475459399,84.19489153139804,0.0012331006978074102
215.71629164973928,1.308706652383594,3.515891401583665,19.359834842740042,0.40294727655683826,110.80462880032893,0.001272695170053634
218.93077812828489,1.274019705239212,3.542252400947795,19.848948397645145,0.3904540760201341,118.51279810457123,0.0012985097621996588
118.41066346076789,1.9115905127050714,0.32480485796697683,31.42559821444115,0.9800391800489332,196.0395153548613,0.0012203006921308348
242.23966702076763,1.976020936052169,1.2763253029365047,22.827379678403663,0.5717744829685792,367.4749951524141,0.0012232601174912137
245.67584364628178,1.9921401290255678,0.5383714197827153,26.213056370207113,1.0043303782885638,517.4337266218473,0.001325183188956354
226.8360992001958,1.1584699711147373,2.3393164416318672,22.151619460723914,0.6136464134422583,9.762656792191507,0.0013897449388224664
189.82427342376695,1.9050081814221582,0.9580769784968367,24.448513840015966,0.5506698643384362,22.13531213447748,0.0012876248336691595
219.8433642262161,1.7195313168471147,2.0264499849355926,23.29761440722343,0.19353519538244812,14.310465689942623,0.001394622405759783
112.90843033478139,1.7916476157781707,0.46461844346240133,22.316917875228526,2.6719237361198744,270.3271456588819,0.0013776920914625958
187.0699322320905,1.7405584662635947,0.5227312864313067,22.009461643514552,2.2843404901925752,492.7817443477832,0.0014133808981367797
204.71219479310332,1.6702819067770411,3.677687910193857,21.40850145007784,0.10889232789302754,70.07442872600922,0.0013182805659352024
200.6820410665221,1.6739483750456166,4.19440609826545,23.057610309018273,0.0441124238672763,58.689881228509705,0.0013117268458867713
152.4920606918694,1.662666022683434,0.41774618468840274,24.14052630267053,2.409033326333497,358.76393638110176,0.0014691366071189055
113.09107708596513,1.5447298901013018,1.0707779700649807,22.265404667522624,0.18404437474345697,144.89836872251811,0.0014444976237760951
69.9724795460531,1.8172424384816468,0.1611600100705075,26.121866444260622,1.399645068156003,387.8444357254577,0.00116974034951238
69.30549527995389,1.8184445136056968,0.171260984347221,25.85313330533157,1.2914146891321125,372.0224882521341,0.0011718760262687336
61.053376309589176,1.8353432121335211,0.12106682317524341,25.35667280502792,3.009985355089763,360.1447248147174,0.0011758257629261722
83.50750285472547,1.8585130524493074,0.28004030739750424,25.936656374713607,0.5438906378832502,470.72260725458864,0.001226103484741803
185.57216089773044,1.6003154755240083,0.9850027764798982,22.258642138553313,1.5748092795981374,234.33983407081138,0.001314487237288173
136.648891799936,1.6905681761816653,1.2216049008927337,20.069249727250558,0.3823939151189623,263.28957774092953,0.00137413076214086
176.47362410484325,1.813784932643201,0.5401509035853044,34.32653206170271,0.06640725151737223,483.73076479321765,0.0012745599612331332
110.96387428789758,1.8423031107867185,0.7642931171835907,20.80475472836369,0.15780635995341008,445.22572948527494,0.0011482863805681801
194.21224773338506,1.7250964567024194,0.6552844809876855,31.027010446080432,0.2813164080740346,449.1756016525583,0.0014219468353060798
168.9812284697893,1.8580188653598266,0.5865139207979335,27.000323151373273,0.8860875207931539,233.63372916237867,0.0012102393416401854
184.66595307970266,1.6173260450244709,0.7356355467962151,28.090993632159076,0.3701681647336667,488.51518895595683,0.0012572906780690513
147.80889704422185,1.7575629646469337,0.46966016236204694,27.04752923635457,1.422600876481118,147.237991193936,0.0013250602407446862
71.48464430515622,1.7049026119533908,0.2649548647507905,26.990162334590394,0.43100609769341214,755.9737439547156,0.0013236923752342228
93.30850906480505,1.6017722207598566,0.33286882868184864,27.057196046657307,0.16091228413892758,567.8297848171163,0.001301382032064739
118.13823829544324,1.9547757167119293,0.7954207074669882,24.417089040060905,0.11641601989169639,210.6471221290628,0.001133914463612964
212.051208612028,1.9427036553558024,1.6485664166436729,22.416624671600484,0.08107489720644745,308.88521850253153,0.0013974050172166374
182.70604253308622,1.984927994195564,0.5585839444306333,27.15156132585637,0.16030542542924114,612.3995005322026,0.0013910012759317416
99.59368364057042,1.9652107781896564,0.49126820104040847,29.893171432363744,0.0690370885312986,355.1581003634233,0.00129710305926023
114.55817772827152,1.9147157688930723,0.48741636249123355,28.776848692282428,0.3476900737303785,168.12802602064258,0.0012504785049481592
99.45933337292533,1.7236350349526706,0.6033970625571832,21.891360410555457,0.7043111450698573,130.03664996871714,0.0011587464916712714
81.82435698090528,1.6452647147978277,0.46383671509229024,22.753037730403403,0.8189074877753577,239.2235648698869,0.0011310700288756357
96.60323389660562,1.5466078382318067,0.3505653156817147,25.037647232798385,1.502455882597245,129.18937537482924,0.0012120579105488675
100.3381754314599,1.7348337077787013,0.5533761686524913,22.386050554176173,1.0167659729112524,73.52332464436039,0.001315911214996193
78.88022266700747,1.8791645900480454,0.24476171282120374,28.08553266388501,0.8807226615764027,312.01684121099237,0.0010978752775725172
100.9147735071685,1.9398376941413278,0.29263836869533894,24.211487415596416,0.726197767665,548.1277110991452,0.0012557836598256417
84.21266200749174,1.8737818459712952,0.7083752494709497,25.301596914922243,0.19124198356644065,76.65747991251651,0.0012182875268038277
188.42599388162057,1.9198368441786038,0.7678154517835595,23.511651279874997,0.7835234517545056,712.2604725216162,0.0015115185590602151
110.39446474887008,1.3460791506304242,1.9014214472187245,21.992635225898642,0.048663540754768794,147.62155908475196,0.0013048726824168588
244.30522434040444,1.97921589064658,1.0549901697952158,26.01313765098496,0.5190658877401506,379.98020539267094,0.0011937554582009636
183.88739324095977,1.9942891275476127,0.6575210368310986,26.141295951951893,0.27604535131122687,163.99934067086895,0.0013499306503689803
195.59117388760546,1.9955041679145549,0.8953500298206605,26.179949586938886,0.18659095802592177,108.31010404784196,0.0013210878502733442
158.63994061953247,1.9767225403870867,1.6555112144253912,26.679272287372772,0.026016442714448234,81.34252019399325,0.0012049867971550864
186.72380034140988,1.7953005481097197,1.0541698495405216,25.716271114661772,0.022199186355566457,335.4982655945323,0.0014105263193632583
60.35057813833493,1.7573284587757736,0.29887357626813643,25.3861690421478,0.15024120574645383,683.4295212045271,0.001270857371749597
80.37386879379001,1.79574996487175,0.5957339847792625,24.051646771578255,0.06344710955698929,85.75832202249009,0.0011939055154367752
249.31145440874246,1.6198877110833523,1.3959417581538764,25.302450808070702,0.07734018108914019,287.721022509513,0.001503624366718892
249.87122622412653,1.7175174191243638,2.178617736691869,23.178317189758946,0.41530311148398397,235.1082223749701,0.0014803828745146136
249.87182073834998,1.6785400661520196,2.9241238676248993,22.44749998808949,0.19984197342055082,162.09607739892556,0.0015084304162427448
184.58597703521414,1.7181073823954305,1.0659197915779268,24.835082337404003,0.11967427493352888,631.7105638352514,0.0011859327990662379
202.41367248298312,1.6436486163411757,1.21866185679787,20.611383763256235,1.1714355009243005,86.91230134440256,0.0013547606338992044
201.2523828104761,1.6654130035418104,1.5513930760415306,20.404009470863116,1.0190723637468235,79.41430459582148,0.0014132429578930918
231.40020833828365,1.8448969905734791,0.8861545934810687,24.763381997040607,0.1643904317700919,696.3732256814822,0.001199740305484946
234.93119698932253,1.705419057251531,2.0825691575637126,22.795531882586456,0.0482861661332313,303.59501258637636,0.0012481168665565414
243.3347717180693,1.757908253573428,1.0381054360273663,25.7702243217032,0.10916814910902423,661.3390822973993,0.0012192253480484716
249.34865253253673,1.6842751243220349,0.6913930797556214,25.192084266990264,1.647709392906382,489.7270289282117,0.0013528423343899451
249.03468438633865,1.6294343249562826,1.3400866353666339,20.09980694509229,0.950541089487117,518.4079293103667,0.001351931683447349
249.25564989157164,1.771510048688693,1.1486136984138524,21.43945551575857,1.727498806536407,783.3087804670674,0.0013478102534395877
243.65220401934343,1.8945513799851808,0.6031522510782122,26.146866708811928,0.8504603698206658,138.50614587742072,0.0011644516764005945
248.77786676263202,1.2962412783839095,1.539737794469839,26.022536558048493,0.3043178670862519,239.0337349070337,0.0010933148838140419
249.38101516740807,1.6708420747621182,1.5713584745751439,24.186795948469783,0.5224861086839295,329.24421181408303,0.0010951699326321284
83.86028134460251,1.9791515416943286,0.8293605639755379,26.186883841687596,0.0506686299854398,74.13897559033668,0.001486827371783564
86.7681378951189,1.9868039424398134,0.857031017223943,26.20201404770822,0.04669244672082739,103.41914985555371,0.0014691302365373521
132.143211729426,1.9829876653521736,1.0984960581592305,24.64320633216509,0.08049487588806263,141.03054098416,0.0014549078997993198
152.2861490119069,1.4813715317480534,1.53966145030358,24.092494393907884,0.12433777840707917,259.000805577472,0.0011526809943273608
191.77889833447801,1.8822490321676337,1.241205060434829,23.20038959389225,0.3034478682860982,95.80114509479924,0.001287588170283311
211.23313070979813,1.6342696625644932,2.1458852872613328,21.39923654692698,0.2323689052497736,51.49569164255261,0.0012678227931015025
86.35813744867733,1.8302575955460498,0.16129036239918834,37.580960025890185,0.23404466270614466,1084.7509830784961,0.0013209652533233704
201.9931348435548,1.9945667135234992,1.243987593154629,30.533204793194912,0.21725978111191746,81.85695425249006,0.0013178039555238152
193.5463534068698,1.8747026213574443,0.7869916858898575,30.146247930475397,0.1324493091092941,356.19361084494886,0.0013891739540208528
119.90266118476055,1.743192850556871,0.7032088008439581,22.579383746931065,0.21488092168511708,457.90234682529405,0.0012187609292601607
80.2514280625498,1.6705997661276495,0.4499878689133052,25.46386971580654,0.14639891463848909,453.0161422591829,0.001229898266978851
175.023697824875,1.800653899260583,0.42541563869712323,30.069275416284672,0.14356392003087284,915.7004719403341,0.0010986143128553633
134.4147354998482,1.8952989896796086,0.7313502540794962,22.976270635632893,0.21120704724347342,575.1279869675229,0.0015552397737833205
152.3964536064133,1.65220496384061,0.7697819181461791,23.056687005650492,0.19502801966908304,499.1744336326077,0.0014769417450204824
165.73298769716163,1.6363191424823154,1.0236773115172368,24.158412450145143,0.4817211246307284,254.77158770266504,0.0011514248910836423
236.1857681802458,1.9635300100189377,2.543419628263013,24.187180800008374,0.06861322388341184,50.31057439867061,0.0012279551281974836
234.17539187081945,1.8168193697837802,0.6879453511350353,24.563301752530247,1.1788917589725068,880.6068916825205,0.0014014711550767224
244.96532101711642,1.8389059432492645,2.2854337741236495,20.15912763315235,0.36628602085593504,222.98512393541313,0.0012316868491870202
244.72579238921406,1.697055852370799,0.6448371694380544,27.253775994857477,0.6530135231490937,506.70994028228085,0.0013300927282407385
245.72953455670756,1.7407014633403035,0.7087926462209639,26.87848388979194,0.6726558016040872,515.842196883951,0.0013305192376706514
95.85890293989199,1.7806243556103094,0.8055493883799414,22.790647483592164,0.6092730564992702,204.55266059721146,0.0013304397469817214
194.00120660821878,1.4658739379859027,0.7694964955923017,27.730221226782817,0.5159900556749862,227.19906244146094,0.0012162886795950335
110.92937359216852,1.6413693978298138,0.3228608620038081,26.486462417007463,2.1883296819930287,855.4750031917347,0.0011931975554485602
157.99985726863724,1.4435338528025679,0.6440271399937237,24.722591936080182,0.7032320695913954,672.3328965406205,0.001223059906311029
221.52005069654484,1.7627840006169748,2.973636977661127,22.360833710970404,0.06177488737898747,59.75146734412193,0.0012108174497951314
175.8513110846331,1.4268751503247894,1.4234019866655994,26.736651755782315,0.15468213426605104,118.95148021116397,0.001278083121698637
184.1595605166279,1.8450074561813963,0.5231914707761681,26.524331467998273,0.5838033814992067,542.945035272254,0.0012932484472107702
180.01500065742434,1.8239262781786807,0.5957365569600948,27.63320979815513,0.13951896951658688,517.9555927380087,0.0011990233197788785
187.37682016567453,1.4872908052867362,1.4789508593317613,22.277921988964714,0.5834916020466585,193.994388284103,0.001215576517375361
216.06549303536246,1.7558713802840549,1.3600076836790653,24.736789896557795,0.2727980153923655,180.48017818372057,0.0013135713705305955
153.35325886891926,1.485116087139314,2.6575560101789195,20.424245690392734,0.16401951994766403,123.74230207953084,0.0013065025047812422
245.8720955714876,1.8065446441265576,0.8576549537273411,24.84651111502873,1.717078446478654,112.70154685743326,0.0011977512559743343
249.6668079119431,1.5677397999554392,1.1636419558471547,26.792437095228344,0.10526994696235105,404.1170217860607,0.0012215549348675906
249.90915929894888,1.7232749795945408,1.0013427670638504,24.277270799779586,0.5578196372184204,237.60538083942598,0.0012644184726182189
249.98268641389672,1.316041069464653,1.2082438846384413,25.196417133410577,0.7880864961551698,413.2635550888052,0.0012291959017340208
245.2327535429812,1.8941011624208126,0.948860800173658,21.814471983913737,1.588933251328735,112.04113964157273,0.0014939374160968391
247.80032999015367,1.8616530602403234,1.3346751146307942,20.133506270751905,1.2644355554849493,135.4988444504754,0.001434191757299311
245.29065195047568,1.8939792123005312,0.8670218813315003,19.538346036902144,1.8264036936344603,264.76451361112584,0.001443512556697201
244.82283348074924,1.873422539506078,0.8607898331745375,21.226948401880197,1.9048623697327804,272.6019626381314,0.0013051590418921206
245.2706138306512,1.8959298331908003,0.8140825311081155,21.60247052514822,2.0584518810137937,212.33571186803115,0.0013334809972441537
247.76832099737092,1.7032832713140005,1.5921946708148609,22.204097141948463,0.45646627717779337,189.3860253718406,0.001262145126782194
128.01814681645777,1.6797605880747568,0.4569103992736261,28.93220487366574,0.678797353678385,458.7035870050471,0.00128083438183728
182.77322997326164,1.7626971052026603,1.366444241241488,21.684908693353353,0.7988190801507785,188.01559122273153,0.0012678713687545803
161.89522237253848,1.7605825910555533,1.227074684408352,23.124295665706285,0.6279596729377069,208.86280927215722,0.0012768764569327583
248.24133721279398,1.8196775629176696,1.7416055335556224,22.991012395852806,0.18678321356588531,282.6646106001522,0.0012128679529272493
242.66608524263873,1.927888946394057,0.9662886614345367,25.70466124616842,0.2407118282614686,539.1433825811969,0.001329427207454196
166.65188936832865,1.8437847726085372,1.3031586194176974,27.068064954000207,0.027197422461268873,191.22507699079293,0.001324769571995006
149.08476861439715,1.5334665344970262,0.6299310731741922,27.249583519266004,0.9846729707722439,233.00355606540498,0.001584177125509695
199.00938805394946,1.7080248909970446,1.0134080409611272,23.78431226785341,0.37030298097595654,529.4892131368441,0.00128044859388128
196.46141066841798,1.65619226866483,0.6481325436274125,26.42486860378471,1.277817704721022,278.9419709436349,0.0013008966842900475
227.87831915866775,1.7350687215143363,1.0756039911166477,24.017340583795285,0.4951401853641018,995.0699917947253,0.0011831565608219146
118.44270309788789,1.5648490552572565,0.5566167201724247,25.720958428645584,1.245884789138723,125.06114802059808,0.0012062060931392069
139.6561515968029,1.8906953629139978,0.4064293363641356,28.282749626680488,0.7270314179684885,703.9035886992727,0.001385409188958411
194.28558885854545,1.5265929962250497,1.9257684543037012,21.859082959922365,0.7461527507053475,30.99719629538885,0.00116409216555206
208.4690725393515,1.6236625912520808,1.5822912354776417,21.55296269121557,1.050154675510534,46.91265977411884,0.0011855816028065304
184.71868474347758,1.679542705292293,0.8590928784958164,27.96915679132473,0.26030851504913005,182.68961750080877,0.0014337958779402677
129.7427272388937,1.5301201004227334,0.865240464929356,21.257371049640046,1.5037828123892114,196.16329578168234,0.0012261602274466748
223.19267801843424,1.703355737045079,0.8180143501811159,31.00692302723527,0.32131003794557966,540.3209978363014,0.0014119703431919924
227.11384046192742,1.317236283718357,1.6027383059184899,26.528248959142196,0.3653778852383592,171.24137175507727,0.0014641344120526801
137.9894607640552,1.5891448824818206,0.5459168475557963,21.114499297486415,1.9018602246708067,383.44168091441895,0.0011176236106552621
222.99359789161818,1.6912210358505508,3.411369002533182,22.1672732267268,0.16166821777223356,62.16938205458483,0.0012203735632279414
83.79449526517998,1.6700453745110395,0.21288761705421808,27.136023581151477,1.4480505638779984,775.7310582371196,0.0013520605536660119
245.44946152424652,1.5016476230666969,5.709682571071712,20.1472062482364,0.18443246772575952,73.49946229545019,0.0012932035778122665
67.91301235097114,1.799249531597841,0.16519656390535142,24.99007600390971,1.7805043158577776,523.8214440048556,0.0012326368900535776
66.70149798397846,1.274813462212776,0.5253395564940139,26.037926556452437,0.3303648989299256,337.9046269272746,0.0012747644150859416
237.77100871877803,1.9062676029137717,0.8775162527034431,26.62267423736118,0.5223756462333008,410.0069214569128,0.0012227338856500023
136.4863245913725,1.471639096665043,0.9491170544266532,22.743013021437836,0.993401417748361,168.97729415469425,0.0013378714126865028
152.89593078803708,1.726742751450191,0.8715649298725661,20.507675275072128,0.5554210778336838,245.12479261705224,0.0013718408325574284
186.91894118004927,1.8779699843811475,1.0139997444427211,19.721113349432486,0.887834687389211,193.91195014014122,0.0013914900220902545
165.2850493181943,1.8200086976858818,1.0358795242945626,24.941133070227682,0.1644741716618122,285.9263502188822,0.0013336090537708557
203.22035943049534,1.870642961841223,0.6075267254197164,28.799164738598776,0.30458448505146424,552.1682910506754,0.0011231567825662047
73.0160827943738,1.9868300210227596,0.3280389716119229,24.380431640797585,0.23310221305405784,279.94488682440254,0.0012073156329168993
109.46086401906133,1.8870923310343675,0.6495816844034491,23.645093623730315,0.11449768284560198,260.93344825614264,0.00134263739561272
63.81056455723372,1.8623832251773846,0.22420171429506286,26.52169600525938,0.922820948120847,472.2355051381058,0.001070568196604769
176.32347947526225,1.4309494719595999,1.1117670145452996,24.397138718158523,0.8865728670848759,211.4011954032697,0.001524436564458267
94.55314650249885,1.9183725424978608,0.6612308361730639,26.939248532250303,0.07611423319671765,149.69297301788936,0.001189286318892061
220.65171182146543,1.4002031510542086,1.4799101986593517,21.514832225189043,0.5844767937367962,352.74266189684636,0.001340968551252624
107.72273595906334,1.9839054428169944,0.519926361961446,28.055017507550275,0.21164677774981086,227.93368913716355,0.0012405968129133485
205.18578098098402,1.9075770676752097,0.8723910371153026,21.263215962194742,1.6902869832005034,115.47749476874263,0.00124877619850048
196.17526125999422,1.677311821959276,1.0268272981281568,29.60437088222119,0.044380203896038264,354.46920670166355,0.0013210794987512024
219.90634225001412,1.7832434564236959,1.2189375031612297,22.997698702642325,0.1927515795935863,343.22169084665006,0.0013696859203112608
206.1793291000871,1.778246918514073,1.1132581727858741,23.260518156503885,0.2163187963419324,349.9695171727431,0.0013476034036887237
101.04386584881549,1.6157517963170756,0.6049435501393775,23.206651471032053,0.5310692694135047,552.916350444196,0.001340368279261703
179.10073122758962,1.8252351097866897,1.682258279118086,25.77104947652349,0.18088840145940438,11.678045486427033,0.0012974199930714406
96.1567701300516,1.8169228645199298,0.8405193157578592,26.15212460156009,0.21889629633682436,35.55746709106361,0.0012924510559643998
238.84491120234784,1.9709778875496782,0.6316823448654337,28.817319872374206,0.3445278773561272,900.7123777383125,0.0011166451075218086
113.34366712755912,1.8818831389546,1.9152106138734346,15.302667905750509,0.5313086352673213,56.77063542493491,0.001444926636632714
106.55062785477416,1.9038844172634144,1.6759698471450808,16.45952075010278,0.5067915299863719,71.8114209857279,0.0014296768475241038
126.48277350803227,1.4880543350642017,0.3798026787006997,34.97647649971685,0.06611746664400095,553.2054876457453,0.0012599432966942355
238.7263488181235,1.8844341285859183,1.8497306328046934,14.897591618716927,1.929553519190686,138.83572937483834,0.0012230003281084973
207.7634785462326,1.8180721829449975,1.3661571952105744,17.55332406022769,1.0758322400345783,188.10432257451598,0.001182352781441283
197.39350874255223,1.925503946313954,0.8970502133044854,27.679835157121303,0.22323317586509658,132.3817917914282,0.0014023557829071316
186.57416804567686,1.87847616544176,0.63049729860752,23.908989229140513,1.387514313579668,787.680708512111,0.0012127623115900609
213.73664364474462,1.680284462401926,1.2195871766554516,22.410848245823917,0.691192471881509,317.58440675217247,0.0011408163505566213
202.62217129636167,1.4565489910057934,1.29170478973626,19.919641922230866,1.6268154451880568,482.2463280805445,0.0011869709139672978
146.0873453883345,1.7316589531135678,0.7551449449834625,26.04908711540074,0.5429558786157604,154.87586172578182,0.0011792636738327412
208.42106249208732,1.6720681291930266,1.081884405360997,19.69344181715584,2.086665450808681,64.89272479785969,0.0013817054350370487
157.60964480570735,1.6627133796134177,0.3196508185860249,31.177473608162494,0.9906569996240546,1010.9963598362347,0.001239834382051257
218.62735773705805,1.7928425527197094,0.6814464198191612,33.569360272462475,0.5032509448637302,66.28196722847622,0.001294919430935662
148.26886465284156,1.8439238914864422,0.2622362452190686,31.941567323140937,1.2412670402145067,1144.8248455094708,0.0012559134952393116
175.12309834346956,1.8494319297538089,0.4217938518464392,32.61982958278508,0.8127352923387113,539.6973170217366,0.0012963517010364687
200.1744538416273,1.7067172706463953,0.47664575558983846,32.86033940535318,0.6573970196945714,363.03801939861023,0.0012989641070271598
204.86771355404235,1.16675923413798,0.900993406151672,28.646972209141044,0.6431917228197581,574.7243570500922,0.0013748303569885779
220.0726596965125,1.2411565745883788,2.7372295397033177,19.521615667451613,0.6530169404126479,174.07177938329198,0.001332040104686732
221.7369907649789,1.615425569695326,1.9190017150613758,19.95236924723087,0.6194742224644805,401.24452365728865,0.0013345321745930816
233.37346147723196,1.5229888417065074,1.4127132621750773,23.731976638555736,0.39915160906808916,321.91011013683817,0.0012144837768247399
134.63041862789782,1.9070747823566385,0.6050498119637744,22.891428806831936,0.8282808741358394,171.2924470570449,0.0013265897229807423
160.20185373536503,1.5694187455325148,0.7128891553225071,27.17740149038728,0.7185438826628248,399.670765546954,0.0012409086266025192
168.7819034941738,1.8590895933954075,0.493084760142957,30.900359392577336,0.12228532242404606,539.5676174589503,0.001147376055012755
136.32940141139767,1.7420439209881997,0.4288555980609024,30.872988665513535,0.18671447233915411,679.1547709212613,0.0011166440583471075
193.4674280105214,1.6112742998551182,1.7628478466745159,18.704292523457895,0.7186387851488371,98.79821655142548,0.0014709562191503355
155.12317666464455,1.111702108560313,1.555522470131297,22.785926462868602,0.911031648105712,153.02156315295446,0.001501380290320241
217.62620736563082,1.638143026979282,1.5439418891463619,23.779088577515274,0.9324685175167554,121.08484214927736,0.0014197337511505032
116.07078137439906,1.6953543376149685,0.5977334849471874,24.86351287966194,0.3071512286458587,490.48623054675824,0.0014072270998658207
227.0209995808605,1.6886853857566662,1.497097740736029,21.810863382111506,0.7132893662727349,36.92051117025988,0.0012236804139136152
113.4724116144276,1.6312414683405276,0.45172701379538605,28.422173851889426,0.6279209949616619,66.74422827677091,0.0012388185786478222
244.28130761989848,1.8781389534556867,0.9103420743726715,30.31341055634659,0.7437458053476564,23.735737393107136,0.0013864045532341316
100.38631966266428,1.6876265998468085,1.9239252723591012,24.96265666044046,0.06223666288161003,13.733613848810174,0.0012701858289751763
142.23149305743996,1.4728806733503772,3.127245476031801,24.76785581667874,0.09220874837339621,5.132496840810397,0.0012793612502983518
147.31368168930567,1.8282181670331465,1.1549700475868847,22.350934833052584,0.3868956937607081,141.9630760183006,0.0013483323039202295
172.08068776432398,1.6207462698405137,0.9095149908717391,24.167527386368906,0.9056315931577164,294.8066475607447,0.0012506084268503288
191.67668865520352,1.76219796266749,0.5225987349604216,24.578325563043343,1.5498209754583503,234.44046038119353,0.0012967387664307795
103.28779835077889,1.4820226297066337,1.0668879132521392,21.424613826815047,0.4548964160540136,198.13626579214187,0.0012031734391497381
213.92160710839266,1.7707475507028179,0.5762736915012069,27.337505668197373,0.902723558614911,664.6924496805169,0.001189438523507475
158.43928006889462,1.8441830346161958,0.5546437156374635,26.493361151933353,1.2343614328540697,812.7136329611911,0.0012174715479784225
224.32000316437873,1.801934531156093,0.7122933397246652,25.09515948867876,1.1505717998675131,466.54052529047834,0.0013704184455933146
187.88835935213237,1.750661705892802,1.4821053302178766,27.39897033270428,0.2659569520884421,104.72661370073074,0.0014122402793631823
219.8827976081648,1.794655272975502,1.8800754649420894,19.78767832706162,0.44343142861948714,132.55537550653284,0.001547459739236528
87.9211027272895,1.5595001365612626,0.33044229717498297,25.82955130915959,1.519698311287845,652.9876336218184,0.0011660087610688705
208.41519098693874,1.743068183570376,0.9244140060074886,20.601609291990357,0.7566208930917868,335.5909945288947,0.0011713124237591845
199.78066929194517,1.928004209559768,0.7972304321997072,28.657702447347425,0.5378180475200145,408.8832292394228,0.0013457255713576032
97.77190815577707,1.8728667786391093,0.448482408301682,25.737279439471166,0.8221519324442966,76.76532314916734,0.0012522971468374741
196.06902958187175,1.5297396666930867,0.9881569267938637,22.593684783727454,1.0318700607789377,16.012837395926915,0.0012804237232510885
119.77716661321645,1.8572108227527966,0.4956381003528446,26.661952520977064,0.7844621204410195,158.33430175174541,0.0012290716251677977
154.56252182196374,1.748395234199667,1.2463109608298524,22.6095097670395,0.23457495508659357,192.87248185220247,0.0013260586721220628
206.42604435916962,1.6436153943856668,1.0664447713508876,23.505546121635522,0.992937560193839,463.97028951828946,0.0011663826703263774
186.9674799883522,1.673062094449058,1.5932896003978632,22.5135784647871,0.3799838474157883,170.92714016943677,0.0013261338101890358
133.2408615222072,1.8145007820680603,0.8033236721693338,21.243558640739877,0.7870265034297124,218.04119184433563,0.0012409651445272258
162.54688647957417,1.6868562569789312,0.5701486688021711,31.304707498447947,0.28876428344518273,605.1619844943456,0.0012981654561489008
188.38854627518765,1.381824184473012,0.9674995219640184,27.33964987395719,0.24701080658781194,490.83839772665306,0.0012838172231398413
147.71576035373616,1.8894728621820445,0.9849148531116545,21.04133478746854,0.6765570460271975,35.53795203640619,0.00128558004034791
80.52647238495723,1.362236189483889,0.3424700074451115,26.80482891987224,0.5751309429880541,656.423568176148,0.001357732004461283
229.99697777419073,1.925870354286031,2.504391765161818,23.812345557308213,0.23499592358000054,38.52925251174251,0.00145544838300354
185.33080280202913,1.914506139622671,2.167281771829715,24.104402711558397,0.12734960524729305,47.988456098991435,0.001405706160016182
198.18452251684676,1.9457777148240152,2.3978096009593153,27.791057445859593,0.05357762642561035,14.896051872215535,0.001165803976991648
193.2704069275403,1.87391437774892,2.8438202881466026,25.85507053601966,0.0456625570310458,39.429605825375056,0.0013078519009580454
208.3098315651561,1.8932616950603212,2.66861875140966,25.18516052036989,0.06363812753481533,43.17916255052278,0.0013283427291321467
217.65179834731546,1.8409927992619137,1.8065251572646848,25.4804539391848,0.1380378108265401,94.65517472779324,0.0013078756138139092
121.48599270675363,1.399712494592485,0.9029576658421159,27.8365000056522,0.049486796102212426,207.7262866532371,0.0013838746455604543
92.39560641540788,1.9230492856920185,0.9932477533847427,20.191152445339956,0.5102989725361453,40.74916085909996,0.0011802538427991014
174.85553071725644,1.7041589381838795,1.1575864872185715,28.93229028521353,0.2507905175386755,117.07650207246272,0.0014001560075164899
172.53605664515362,1.6322003825413811,1.7503171154781598,21.28876120858687,0.5130193742987383,41.07524858652457,0.0015795516826759962
227.3270031899277,1.9505445271445387,1.5360060722805224,21.219824026123312,0.6209850378878384,250.55727308822097,0.0013774690312481207
176.69982507373115,1.8453522795011708,0.6601325140267872,24.84156819122913,1.202785411334476,177.43958154268165,0.001151428267544861
157.57161026932448,1.5889708939274048,1.045013712071431,24.642531252807657,0.27736597139206975,303.6974093054222,0.0014951058733144256
149.50584304521672,1.871124932261741,0.6522672798503121,26.611936699558072,0.6230160981696746,92.34282873512413,0.001266237309286487
212.63010201353626,1.4403150939313558,0.8961365466403406,26.346412257190792,0.792871386098715,479.0243536072577,0.0012088402733891753
198.2405461965192,1.880934737577253,1.0453609583511818,20.689705603954174,1.1529957186270021,218.56302807911456,0.0013294388769503973
247.44390534044004,1.236879099511339,0.9948923102078446,23.857410175197714,1.4306466309252894,645.7906305632652,0.001326282987480133
238.51642208554074,1.8620176570984184,0.7003814704583735,21.874398347952493,0.8242466939521288,499.74234238312846,0.0014158126076021338
248.01055341769776,1.939398938375302,0.5712418708732209,29.60439123228016,1.5947776048824363,662.1223576197347,0.0012787702665030902
244.8035712428453,1.9428381318096788,0.4934483715967119,28.690666584250728,1.1017930534826594,676.9036502262512,0.001259090134291169
243.9063886908121,1.7250013816868086,0.9797278911753736,27.74213457611223,0.47347863325719625,253.4137480988049,0.0011551240951109493
89.07394499111265,1.6213343746915196,0.6195023628219188,20.77576249727721,0.6952314611501851,164.69541658782177,0.0013579545500828395
78.80083928166066,1.765635271699394,0.7262337924399019,19.91671269639534,0.49965521475442864,105.97613477625204,0.0013555104472868736
209.3626477731291,1.747860722131,0.6575728894435992,29.39663861575211,0.6237070863714685,389.23277068069973,0.0011885696888659634
128.195289471818,1.6825600840052357,0.8922475196317294,19.980962525183806,0.9306919315178348,98.38780443123679,0.0012575156518749252
111.32079224046817,1.4928565045383213,0.9340459349545173,18.15828064354966,1.2785771825268373,62.12508029311075,0.0013742888312922939
221.6705841989883,1.5631219211144853,0.7544043861016319,30.177485736178788,0.33275131527905916,745.9977481322577,0.0012693574297378653
105.36553202954238,1.860634553108128,0.5287727949544543,20.364199825433136,1.2280940074002507,216.72689946465985,0.0013313053395417605
95.20263100675417,1.8401172653459295,0.2784525218078695,31.13489965477614,0.5865714803912189,219.0735289412363,0.0011774630262541227
212.25129132056938,1.6485140596448966,0.7683449992051044,29.447133473913574,0.9898761862262075,62.65296765406247,0.00136597076567931
231.18684840406988,1.5859176325400681,0.66093135663382,27.591001412335647,0.9926282821052519,71.70710356785094,0.001347162495042399
99.80876637996826,1.6569569613647932,0.7254396538726288,22.331408023040694,0.794865967408654,113.94166792987959,0.0013410710609730121
113.78841951736676,1.7442894783225693,0.8770637517027576,21.536480815878285,0.5061812561955561,71.74228858651911,0.0012700317436759095
224.18700406299155,1.5451212670615302,2.081903028850938,26.080395906368175,0.0905655195540261,149.5235333624069,0.0013549109168606572
168.31799010366456,1.1405215017381372,4.819796817243819,16.36103861025785,0.6458955999790833,23.279001034765347,0.001290700626233379
182.13183009119183,1.526650393691356,4.036664131791405,19.018272745462575,0.3488105547744771,40.5440258367046,0.0012347985170246601
194.75115181082066,1.8983685340532512,0.35963406580509455,27.839708221027955,1.7708473028876528,226.16421798544715,0.0013127077768425176
121.48266900914673,1.829837256013025,0.5163613324424922,28.996906740440544,0.24953485324024655,175.16425110411626,0.0013238161971601335
128.65426055184966,1.8188963865678776,0.6258353407816967,28.732468660297485,0.2114285291842011,123.0448574946854,0.0013119046894885925
189.9461341142469,1.732467918923781,0.7103839867999215,29.773229600399375,0.7160806105516827,102.48152109844331,0.00134449499819029
90.93690060767372,1.6640284022674257,0.3506265274243612,27.865622549115486,0.7340232191527634,139.46536826312274,0.0012408429038705123
127.6879148685723,1.923653251620848,0.42615826945153573,24.053951785964024,1.2078937929635465,351.8964682246901,0.0012095953247823821
150.08100517411205,1.7860670706783748,0.5594694021769576,27.112994189803743,0.7009717575832533,359.16763239987677,0.0011566580125712445
157.3855666742576,1.9451144497437327,0.6497972632516712,20.402367691848795,2.039484303407223,99.50832367913029,0.001229984489143682
236.657824716059,1.84555436130875,0.6893601043755893,29.411945129232155,0.9329951513678707,225.13598932956404,0.0013922984052032183
226.3548536117584,1.8363672834503337,0.762762676221522,29.631202055370878,0.7442103475250418,146.38203255122463,0.001398302665697528
180.9061374955101,1.5815209689245835,5.667150979339013,23.15216735545502,0.009259322290343328,15.04469532768994,0.0011589293033810485
162.29842085437062,1.852890159393727,0.9283829337442641,28.125115472554008,0.11157915594736532,193.12183361822053,0.001437621313524548
206.3100556020102,1.9931603512232927,0.7431953776396746,23.580881052118492,1.5967497065208156,348.1105416429631,0.001266259752544457
160.8998698516397,1.9960232935558688,0.6489801916664354,23.000421111902007,0.4208304387583514,660.8482118219395,0.0012647455862229155
170.17070887795938,1.9889566433801487,2.372850133804507,19.667744217046305,0.17654133752292916,38.40086111336568,0.0013263747411379288
211.99954106973402,1.7398218044249882,2.7174584325751834,22.888795279521972,0.18332023137697742,45.519733734752954,0.0013338277277675286
150.59804088121595,1.1685143740257913,1.841183941282318,22.067882281675985,0.8442742489413116,56.064125378326466,0.0014096115671135754
198.6052948738113,1.3928218803864623,2.2691325564505562,21.959171634429143,0.26793016109633333,69.21423375570842,0.0013631883179681412
219.95388948930247,1.7221048309533515,1.4303540610482441,25.523726236132863,0.3881265995166448,89.34750857397754,0.0011896616316475661
160.92902888061465,1.531211473012366,0.6604803099666041,23.15760097470058,1.0989791494476142,698.9402018546947,0.0013562069150652527
93.27725593181295,1.7694960904891777,0.681733596674925,23.615733842227844,0.5168998200589906,36.82419747511806,0.0012973756341947713
213.29838649988167,1.6634695348524207,0.7510681553742976,27.350277324838423,1.027034800036692,500.36108351539224,0.0012906047158848005
148.5290486977855,1.7000619748647643,1.0154046177958633,26.688890428753552,0.21166173613843528,180.09548780633983,0.0013095360735634204
99.38715214267475,1.6434313385530508,0.33029417689397933,21.702086323558355,2.8055956985556962,638.3864484375455,0.0013383736254738003
133.92952162081963,1.8220547380539658,0.340427047090411,22.683368616413308,1.9386562126020714,806.7580537405802,0.0013677865767383747
99.05656339960734,1.7924978486948262,0.5207186955072963,20.772555849765922,0.9700940828418966,460.7320288385128,0.0013339457582819125
241.22556405608054,1.5942238589414501,1.7963418245888416,27.933696565419897,0.20485634979835987,51.251435954927395,0.001200054392813244
234.90503498921984,1.9021736032904426,2.241835379802982,24.93462274849835,0.1643265886281631,92.62627046915442,0.001279283315296007
237.73458171565886,1.949409047431089,1.93588525174154,23.801323031886092,0.1543115007051406,142.59567753846298,0.0012782415050911584
225.51386459067814,1.7876087880074771,1.1066534301218143,23.599226592306177,0.027939209743943726,489.91376881058403,0.0011725544162757137
99.91413382987209,1.610000030500012,1.6826078088507592,27.255228214026328,0.02221204227127823,43.92649015613282,0.001480243396728745
220.7588779506609,1.882345803121255,0.5608295484060851,20.243831164231423,1.9669765930973537,1063.53336116313,0.0011097887133956535
172.0095587536544,1.282129882380713,0.8942995045923166,25.219669507199463,1.24234254919631,111.12290774310098,0.001222485607291715
235.08642657633482,1.9825680065663878,1.636187418649035,24.04151829856151,0.09973985801933123,283.5109583472025,0.001225161868821783
215.79088243391104,1.9473208419098378,2.342245000722947,22.894766390173885,0.02069136504687528,106.01126780906048,0.0012744812065712873
227.4161940668131,1.875908024763403,4.686278940796596,21.265558466504537,0.023060224716936258,67.76469426115267,0.0014175239001196244
173.060775306513,1.7587357895222733,0.3188137543667883,26.93193935010074,2.1823284718129683,461.01292695123954,0.001290907686268749
196.22289275587968,1.8690757033588363,1.5606475710583596,26.267685479906575,0.16962539201622615,188.8899712316981,0.001213973326918116
196.4374777096882,1.8358790698191423,1.0367990671511635,24.100056059884768,0.32496337656692115,335.44304812260077,0.0013416114207417135
195.59277415320003,1.735367050458631,0.8138714373492052,27.007098161923786,0.34868444503234347,398.9066196114264,0.0011809782689248063
197.91066047063575,1.6865235718682319,0.8232455311507616,27.092316670691204,0.5666056064990741,203.65631686070765,0.0013121944931619022
208.22540034089525,1.6314833019221222,1.7399288571578464,22.875930263938507,0.311784924543757,48.5391398291185,0.0012632368824342364
172.23601590708003,1.5889566271011855,0.6316495782145121,22.546294623883206,1.491132363709572,575.5978534405455,0.0013559870949737833
191.38618283383622,1.6089995002761313,0.8637686079606629,20.84157462491382,1.87551832794136,312.8486495752784,0.0014133585361845505
136.16660520764376,1.5293503897047729,0.5569406419550653,25.901010663023545,0.8022375864033978,783.1977975071466,0.001333372646666956
159.6239822368209,1.888885540514257,0.4571948776454486,27.339843353531137,0.9016309440602487,39.911248595627114,0.0011735247953984583
222.86988708932756,1.6304383345799676,2.093991168230236,19.458856560614684,0.565761384874029,7.849300207189621,0.0012633684299247145
238.7850831669047,1.6229649979801417,2.011948236059522,20.728366750100577,0.8806572576094389,11.0560144605951,0.001236715072027366
167.01536207160916,1.8699054258911538,0.5952810393184326,21.834203215382033,1.9610352982920163,67.15757181221645,0.0012822274253804589
190.69950551566265,1.8179267983756968,1.0333811465374287,27.07967099546981,0.40036096436417284,19.528097350343902,0.0012960560350684062
122.33510930631259,1.0717665781242864,0.9635475566967496,28.68120791736903,0.42196642040917226,28.349327699372537,0.0012645667023438942
245.31174652378834,1.9972449730284199,0.5643155033172209,26.784917481535913,1.6564932320819374,412.2828941759903,0.0012092571282990106
179.08993779874575,1.9961115544190122,1.3260146768097005,22.196098960825335,0.3734515887926787,176.09865828403306,0.0011542004204419599
191.40020393143584,1.9858170021362969,0.7527204926246761,24.332770836201366,0.4946892993373419,294.5585452647637,0.001297188553696507
132.09537212676972,1.9025124196805758,0.4986522695851877,21.48130333361162,2.0118064126371666,643.0391178212612,0.0013740661339895158
142.52278808356095,1.4554948003062973,0.8288980162204886,30.517024881742614,0.435702257991401,24.80839191592168,0.0013050641247539902
183.91387952634227,1.919739320069707,0.8919292257690083,20.727690769616803,1.3378550218312024,277.73493904959355,0.0015494769862444266
209.57943858213451,1.9626095284157876,0.9674223563431104,28.570077363224513,0.13590574842648379,241.4046816403508,0.001213027669542911
130.3362973071968,1.8709243302965135,1.2333234560722721,22.509735464964763,0.23145069677779648,141.7166728695409,0.0013526432908196444
229.56913958698462,1.9569982897854452,1.3966609467482969,22.029619229207846,0.6018493991322817,130.76185339874155,0.0012930362173160833
245.53419154394643,1.9604542903414486,1.2446229747202544,24.24175044294956,1.1606470134780291,201.31546879946058,0.0012867221760163648
176.74635222758965,1.9276106768317645,1.0332934762575174,23.148954428095557,0.6284905081308926,89.40821463576455,0.0013173890261068445
177.05917543972765,1.945338913816071,1.172676901034501,22.316065832908315,0.3991818666102094,88.85300817583713,0.0013610584434597486
173.82115438819562,1.9408879365948075,0.38183757505629645,29.757169710239882,1.315699078739514,488.3811500764557,0.0014212302016500876
87.84558904053893,1.7487090668452137,0.7244373145449716,20.29609590369949,0.42981440393656606,77.85167946915787,0.001193283957872515
221.5973430189174,1.74258080989355,0.5644766888208993,29.80634355472742,1.6762434949459437,52.879192476548646,0.001404472942683557
74.53538183558229,1.8133888890573098,0.17315774781486137,32.54431267894707,0.7870940340642093,652.6809861654284,0.0011408312547627048
102.44824318335382,1.45308719628109,0.19835280004105704,37.31907235747728,0.6366209960369827,406.55205007291676,0.0009743637809367939
82.5400392355273,1.5334573976179169,0.16723868931463767,37.693352311135904,0.5542972017925326,463.8317115522612,0.0009812925807394979
98.74918164770631,1.8020626327310698,0.17095550461024944,36.586853331377895,0.26195335011867593,1003.4580227145485,0.0008949654015725958
93.48284674870762,1.8978719321350659,0.18105321178630998,35.726175123271986,0.5090302331737863,372.99250324436593,0.0010181049069000437
237.71220106542802,1.9500646875173122,1.0328833296997726,22.893625741824223,1.1215224084902915,358.8902697105691,0.0013434828018936975
111.60044169632445,1.7376797309124,0.8435916940065317,22.526187700398264,0.6839102772154175,226.57179144326213,0.0013904640436121743
204.4647606211241,1.3832521571080154,1.6836087144923393,21.057860192664624,0.4364947247770275,262.68008462789555,0.0012879789982343844
130.06366912512945,1.2928752691678185,1.1907138934600077,21.235539668153024,0.5467423499080409,455.4104685676463,0.0012770089668949695
146.12319490087953,1.8795495361499885,0.5176567446312007,24.84542962806644,0.5208201448095666,358.7065360327407,0.0014284757999123569
137.0639683479946,1.4690262908181022,1.3715847961517718,23.105391917728067,0.08018382587871646,363.8108472103283,0.0012636831651213316
125.49111805536954,1.939386967997418,1.4758324706633443,30.34494316897404,0.016928760518238956,25.543773126021946,0.0014864797696714318
229.55619719402372,1.5351630852824787,2.539472297094345,31.722106605909893,0.011358820674070642,95.09188281408245,0.0014211935262195617
218.01195848463362,1.8936556704603325,0.9473376665139888,28.051942775193645,0.09689006577204105,213.78356927709473,0.0013252521161235562
139.04980020226992,1.7289967258277252,2.5463701216609658,16.049043760245503,1.2886471835843138,230.2252855247833,0.0012838397821872444
240.25790809726064,1.8713994325454941,1.7410121386550266,21.115483605921227,0.6132237868266418,271.6325597076694,0.001341307961093096
233.13428875113803,1.8776462527593374,1.3278009968332416,22.776265545769892,0.5478415314531274,434.1945123275223,0.0012966085596626954
160.9027716601467,1.3833437760503025,1.9557592032069624,19.13317692183274,0.6337513284127823,58.15900389654529,0.0011698285336409512
194.6279164044751,1.502742354249582,2.910618646835584,20.01687517041557,0.26330776451139964,53.61979655853182,0.001201832501522175
169.07425572153946,1.8847903284883942,0.414946616817813,29.110069256671977,1.0004986379568894,504.9337390036056,0.0012750304241814746
195.27010673421736,1.9027239988615323,0.3125921946983439,33.509998566295295,0.8998135115149432,751.3277095580697,0.0012588449051791524
219.20487941519426,1.7200630098067689,0.775432173552194,27.880116809966445,1.0098592799232922,136.55024803359734,0.0013054202233801788
219.23938401151258,1.8089865944877905,0.841572261766448,26.606212214292018,0.33464180922933173,655.4635681003242,0.0011798955025627248
170.32864008410255,1.5755373271886308,0.8548004229321047,21.979497133000567,1.2869882227417988,140.55306051073975,0.0014046651244806348
191.65504251686073,1.8337438970894056,0.6704911245164991,27.94677873081761,0.5649596992006921,191.7013085473688,0.0011650506855013943
223.82962866987924,1.73187775844196,0.7118557223006301,26.610513955668907,1.4711395372800553,240.72906190814282,0.0012320761444680035
141.44406504076753,1.4561051614539613,1.239663566636009,21.88084704573275,0.39193298977291496,160.7329466926531,0.0012793983896787946
89.339956108715,1.6695921392835442,0.7770711254566418,23.484362362149398,0.2160738183230634,240.71278166411972,0.0012923641912793442
192.44159314977287,1.9380434447016524,0.7461182201374489,26.847954688653996,0.5316268107015212,271.18141595190815,0.001243749808208614
209.5642510930802,1.7605367255471402,0.5227068958735231,27.83736887461663,1.2434209545196617,156.717397196238,0.0010870961550712907
146.80399104625306,1.5907904541621907,0.49024467838189484,29.408606660113314,0.6651639318787249,519.490670661204,0.001284678204769197
223.938056509963,1.50191798498277,0.749153387104847,25.568266857436768,1.4627558042499744,516.7022483610887,0.001209006500958417
159.09440526783612,1.8432810721299269,0.9085384753438515,24.011171000540877,0.31801622619676545,153.26910076610787,0.0012662531634444168
195.21860183815568,1.764267830077076,0.8206635456750078,24.353181542562087,1.2400065679179173,94.2268694522222,0.0012625170799209725
188.22221373176075,1.8650359128169522,1.1805420558400086,23.54350711016426,0.2677509896083533,282.86454168612516,0.0013591030603109957
191.05030558843873,1.9536649859711424,0.649059028883121,22.667147588579176,2.194499534268004,915.7588251492822,0.0013422841928027937
205.2411904703582,1.666147148622057,1.6516974857241924,23.21222219830702,0.11954352840484378,114.90883217669948,0.001164581828282303
218.44788016451048,1.7891798156518737,0.912811870236405,24.708267016543417,0.5983818322675463,602.4603671364738,0.0013235327324858989
158.32095482579481,1.104249918939151,0.7875842871026417,26.796206095508587,1.1290759698148123,251.9281839588627,0.0013257649343981822
170.99875299269155,1.9718910847336506,0.9168373070244494,24.49748087745781,0.077965843847642,233.01496915001343,0.0013758876309595716
201.19688949783054,1.5066287849986615,1.2259513559334654,29.38194879315651,0.06344743511782241,251.12330966132717,0.0011219800326283914
144.87907661807859,1.9498281906374662,0.6402371294414146,26.37531089603299,0.11110636655649408,436.6947378733823,0.0013665609616412464
231.21407386422987,1.6133540664911654,1.7464297493611998,23.704143587727554,0.05379073363619185,288.90737000956454,0.0012179661209917253
208.9729215262113,1.6769197201560286,0.7145597395284455,23.64240110136909,1.5512786422446025,87.3430441185853,0.001361076639476465
195.15918246899383,1.7823639458383385,1.1805618709702752,29.872102646761164,0.2495810335430163,18.841073666872802,0.001469507820091698
205.0002342283765,1.8564868673743247,1.2712933921618206,29.5562603823428,0.17288370614894988,23.034629708870717,0.0013367980829398145
213.66216882928376,1.5189825433418256,2.783100653649255,25.278916569894584,0.04063215809140684,76.90551172307696,0.001230122581061132
180.3917450542635,1.8026532958596089,0.38351219183540075,26.315261577844364,2.364364954114274,556.3020247434796,0.0012036667683414887
230.32878802633803,1.807917974315785,0.6606382245156124,30.024410098119922,0.3872005649438046,434.3274404843644,0.0013330469601461942
210.36426714876512,1.625779404118556,0.6742226785605434,30.83745240508578,0.34814312253374213,425.11530219205247,0.0013736911833463169
226.8873108024562,1.809223291831683,0.3594951441769211,32.2883102237313,2.571137332245058,183.1743567794039,0.0013096365973669503
235.80719185646956,1.6831419058922252,0.8284810993198024,38.06662461494877,0.0895594774616278,369.3296652840428,0.0012230423060437632
239.91258999745196,1.6561762982030825,0.4440026981152168,40.5030651764951,0.08491436002637037,1055.9574421430978,0.0011750829915873418
234.34673926641042,1.6376723527187855,0.7168119026152732,37.562078053095945,0.11115304420760962,433.201520828782,0.001256307993642865
151.69001102727998,1.9173501541395197,0.39293401492743274,26.70242865712458,1.5400351552174565,460.69008181463,0.0013752343967368787
216.08173057290793,1.6070780593919487,0.6166912176288387,32.10103815383234,0.5239814412895488,110.17018462309922,0.001316745486739417
154.59603873034072,1.9788890057229183,3.534166632554209,22.158541921504955,0.03437341338146604,6.2551990069983034,0.0011793250470413818
192.40882638019713,1.4957190294873894,4.113790533557181,18.433164220885942,0.6050752792068826,22.125370205024335,0.0015917917599201344
192.11610516970669,1.2400412000055612,3.475657410326185,18.471099363876846,0.7457748787302896,37.69818199971809,0.00156616274954529
235.85854803971188,1.14886786039436,3.944253750799741,20.37907470909726,0.8869686060970491,31.41697686591268,0.001442873967334514
126.30065969846791,1.8831600561966233,0.37858442131775843,25.960385338730724,0.08154609599050895,864.2306664754963,0.0011280093991357866
162.4985319031755,1.532588275814188,2.1776792117726527,23.32067367906711,0.04172618224925289,128.5709601493893,0.0012167996243859875
188.79333631239712,1.9699502920919625,0.6777006979732396,25.537858889331428,0.7657449127821694,231.7254415962189,0.001330136042592013
132.56402863599018,1.9796141188022238,0.5318746367547278,25.805362687533297,0.4890715217106585,454.19313580919527,0.0011783161763252988
170.2733738137856,1.2161673138731046,0.7809973294982389,28.279832606755477,0.7552025444935568,307.41249986191343,0.0014394278993364387
160.75988113242008,1.4276148726286477,0.5957912295027613,27.919179769462918,2.2310192184362787,178.25028876622918,0.0014595838419125752
185.63000607033482,1.998076434633501,2.243611707273226,22.63225430762394,0.18079093750536548,3.0558494127636777,0.0011509612829906498
171.70154929012529,1.9947664451291547,2.486795534070672,24.73150475122074,0.09416973095410648,2.4107266818846496,0.001167789604911818
193.5672370668284,1.8872342195018739,1.1614260713735058,27.298231095625866,0.2139608391310734,132.8064342527468,0.0013210082105901753
230.3371105415551,1.8986471201250534,0.8791994666220733,27.176634769724465,0.6967807775434403,219.84338562380856,0.001339996105346391
222.20660021946128,1.606457635798169,0.7722868406391624,27.76084157774217,0.44095319507592406,613.7858910318231,0.0010861103581810492
195.94402667838543,1.8062720222145376,0.6322255326646421,27.858551235951083,0.4073816422671696,420.69007066998665,0.001114740506497773
228.74362577049462,1.8050614576397355,0.8836390492757713,23.79100940208638,1.4639568336974087,213.92146989773266,0.0014106747756857459
159.07029238496364,1.5120936700087373,0.9258776968992254,26.59433116844096,0.2632279279723915,451.8062835317423,0.0012741556093051312
131.7196094265189,1.938306957632859,0.5404641694705525,21.46766264659807,1.234304851342722,318.57813122057934,0.0011621497918131492
244.9955838414338,1.873039689764323,1.3532719020968662,28.068833952563907,0.34473535964168533,100.51519293522922,0.0013628651635326063
221.7456399503914,1.652568783045029,1.3032341796969489,28.754128508719035,0.23449918303601322,60.801011589670956,0.0014461157981213468
168.67091376835594,1.6573308930615838,0.41685527843802733,29.813940970462916,1.7685744308935372,73.94505551957047,0.0011457891180552595
143.60968731041623,1.871988263455273,0.86161433134178,21.21413416322174,0.6059195013040357,171.8449954458861,0.0013742649850866846
176.26080380951768,1.8851435870585849,0.6753651624139404,24.4590712171792,1.228367469318049,365.07925836192646,0.0012872726452501752
85.28323127222407,1.633110205911073,0.3559365526153953,23.591199248480343,1.222059914899608,224.7706058833705,0.0011325974310519855
55.960154356016034,1.5828177235450203,0.3096080737017407,22.63438087663995,0.9353301517971404,343.8961040582445,0.0012763877189260666
55.60448204245585,1.5347777367216497,0.14768783743382294,33.07657571868166,0.6520102697984506,639.0964450057638,0.0012108707164555888
51.49213511651191,1.8147133295659235,0.23599487873823946,32.74446937699105,0.16524172825074324,223.12595913438886,0.001112249862449749
82.89450327072275,1.9515600335632464,0.2576661364198016,35.09369735855682,0.05248249038307517,327.5741094364201,0.0013388333859720544
159.78879985917882,1.9614750343999516,1.8149042639444477,28.37224604326439,0.022777449185846753,41.64422497551512,0.0014058138842396903
195.7235897328339,1.6786903104166655,1.1079052547079857,27.32455261108796,0.9152687341601491,116.7526907908062,0.00138131504625789
198.302344316621,1.6470242135424136,1.1993553807094115,20.53641102121051,0.43024977659220925,440.3275791072124,0.0013546683514128535
133.4600201020367,1.8363432992746362,1.116788514639672,21.968113035127885,0.7395284259048389,133.23022809468247,0.0014064704822762764
220.6401135729035,1.813837075307575,6.070655691477459,20.5429998677891,0.03061308769460504,16.33278012743618,0.0011683005089609519
233.27484462041824,1.551422452944093,3.484572808786334,23.761233779811917,0.05289796676117431,87.48995842616591,0.0012408611401050667
117.50070762433019,1.7363728854633236,2.264723120401354,25.44323448630848,0.012978708278749949,27.140728050273374,0.0012688153813896663
221.4366853308788,1.4249146884475337,1.9776078299201023,28.521550694417712,0.1688664912052537,121.22730984156418,0.001256627343581507
218.0453618194742,1.2057182445078407,1.687110900380764,28.090425996720835,0.31182290433030696,82.83386362207061,0.0012982386424082743
158.8065104411411,1.942951279244629,0.5900876183796853,20.265698247163126,1.1816970462435878,728.4168456662135,0.0012447002440567876
195.66140956608626,1.9712839933043895,0.9225576811314137,23.817938480890803,0.7703158492403518,135.06461818255755,0.0011932553995192277
200.0530663990203,1.9797753531745315,0.7825269054318141,24.278134116010676,0.8384574877567356,352.47169922244075,0.001200623646185718
148.6442966827395,1.965450977588194,0.46834542067117396,23.295440916434572,1.5097490648935197,397.12781974779654,0.0013335608206364374
180.45426271556806,1.9874661209636544,0.7335918211736095,28.858926907762054,0.2479707878639372,287.8279059678528,0.001237113886492373
90.846746227985,1.9942056847535887,0.284221142745206,26.15517644519951,0.8702868239728697,530.8133352056714,0.001460720291182238
213.3933793779139,1.9681655308874115,2.715466897646138,22.629869845466583,0.14263179198799408,29.893923046242197,0.0011244335289143765
114.06936326677824,1.277213449587643,0.5311811646714373,23.66461220309468,1.6158715101855567,407.61234319350194,0.0013965382014359848
219.59975456417234,1.9664769338353818,0.701676366153667,27.62392340752008,0.9725951265678197,243.53216125956874,0.0011688548550981672
172.75522061140614,1.9477943859975149,0.718146945786129,25.452657699499383,0.43590499675039135,443.4950134194539,0.0011960328294961654
219.64961803279505,1.3902200941535425,1.9234398210190562,23.60716228500023,0.39230684304938973,56.287006822893275,0.001178160453651419
172.7576969666343,1.6930303864334424,6.129993524888244,16.558614086222047,0.1772970351589858,36.382631816355456,0.0015167425016508421
225.14717901180484,0.9583758314557146,3.1888734412150987,19.411836906766965,2.2124580606344395,468.7022477480914,0.0016042259634097907
210.47556146845776,1.135908614563503,4.414715783915421,18.129494809756213,0.6196819770739638,314.349092980043,0.0015096572687835186
138.95632833421018,1.7813971756651832,0.5327050867765709,26.86375781937781,0.15354737349133485,193.20679067593719,0.0014705753994801289
200.9453065533575,1.755962329916495,0.73023555437375,24.696531905962352,0.359862059035922,278.8432945492435,0.001243298123291502
130.651710560797,1.7180526328659536,0.630144082937753,24.67689949127628,0.18590871450025612,361.5256086940801,0.0012838774016066235
59.633815664753186,1.6403744903971689,0.2150147592199122,23.549182417979853,1.4447282375776949,637.3159196428352,0.0013868388230742243
185.70150299540947,1.8208915412458127,0.8454545426429545,26.36254090845702,0.8783135864021772,83.29137938756448,0.0011227176991045827
148.29793350517764,1.548070256933126,0.5860873409441183,22.092790697460316,0.6252391251885353,791.890731281411,0.0014541496917618937
191.08162696892654,1.8293468885542556,1.86338505435187,26.15678086572332,0.05733994262907427,67.51096274246049,0.0013079250216615056
198.43860576111823,1.968781711797471,1.2748825652377636,27.199829883448352,0.13497968866563664,77.07821185975084,0.0011804196631644969
184.2665693588923,1.9239547971437425,0.8408784970790938,22.430717688508487,1.116275852282603,374.141522998295,0.0014478700388545285
149.1389268050429,1.7831729178074134,0.6293916427530666,25.390526021873917,0.5159087989169351,243.24215310744225,0.0013137246950445268
165.3939401723501,1.7172303995466054,0.5261147063087459,25.580504976942315,1.238522163826951,720.6680716471418,0.0011857757929004454
153.44762513899454,1.7072546314665007,0.8236654462574813,21.066422898796446,0.6557787068280939,178.81929511804597,0.0013065418450080011
210.0956914583998,1.7143375324835533,0.8108481056309372,27.18442512793836,0.5289214404460345,559.1377799690983,0.001303026534303692
142.99583722952377,1.4162868323672912,0.5214307034923765,27.49703627666947,1.0094016251262414,286.4091884789826,0.001290811129544685
208.77874100013392,1.918415541224997,1.1985401958494066,26.621503362101258,0.15677931967358744,245.10148793091028,0.0014929220907032247
174.56317570941627,1.4970882665641887,1.5259501360113463,21.574424347594125,0.5962978463338042,164.72692777436387,0.001136659875276727
144.2077098196085,1.6176114230327343,0.6516925316095792,27.996304739026105,0.6712082112432505,134.9391596243,0.0014429194070237185
120.01896378596993,1.79743623500638,0.6441413078056767,18.622014101873216,2.2623353278530467,226.17159153408912,0.001372425359443707
70.186087087436,1.9831575972233237,0.3151365630245458,32.185727764559516,0.11426284847990344,282.90378342817763,0.0010970431648880104
112.1133901359311,1.9825168370456643,0.2003796083903609,30.89877901114798,1.1356555135489028,234.59723750239448,0.0011699709190563599
185.9811163819149,1.980281361878428,0.859847007155849,24.506546684834298,0.22219295043555184,527.0702487610725,0.0013344499740634067
202.00363681532886,1.5781250654979317,0.4533325155369421,29.450394652843045,2.4773509654875356,494.39691014509515,0.001190504258325692
214.71236925643856,1.4844346403323005,0.5088601286862634,28.977936907092484,1.1547079103783096,856.7689152784297,0.0011958109840993188
208.15284149147095,1.6014997017491794,0.9967380273710679,27.436136909444194,0.8781728858707423,279.8572172881802,0.0011916257096927522
239.0686983319288,1.940191295584587,1.0427245701829668,21.351594728137155,0.4809002648671895,421.7644780345188,0.0015264186707326529
221.3048646515154,1.821223840818517,1.1287687895175968,23.167629947630473,0.32903807421883274,601.061139684395,0.0013733487636579393
114.01623085415487,1.926609505543086,0.1660992573174999,33.70702083910432,1.864248837536304,155.89548147488074,0.0011460650719315895
153.1666758692885,1.972659375391683,1.576261634651423,19.041917562358734,0.3265003410252389,89.3625033701982,0.00139082419829398
136.51685968531854,1.986014584210293,1.0619451214219802,21.557341270253183,0.36089897212819594,146.94939779591118,0.0013356132516921405
235.8841854391207,1.979157267500533,0.7749895493169308,24.364442002677364,1.2194606329041793,32.852917001029546,0.0012598607469099998
236.72283814573174,1.9175220389966945,0.5792635079525259,31.85495022177754,0.7037642314603993,22.423593674618562,0.0012976124563022415
130.81620287638782,1.8908425638449549,0.4411638131190448,30.79947101546575,0.13556209431621336,699.9947999156924,0.0012379732765987633
148.86550932523943,1.6898261152438128,0.4206199091492995,29.8162418652172,2.3208115423244715,82.13550748096513,0.001288425614489852
247.0174692737665,1.9909984485280667,0.4303676313911462,37.92098827592357,0.13892113271307308,953.5854030604997,0.001211890432103531
122.15147101100094,1.9569952620122613,1.3098995297491838,26.32840558505965,0.01904829044857805,87.545698446488,0.0012823476134343882
118.85288590214657,1.9278288938231434,0.8370489429043676,26.90688293192384,0.09587208691161937,111.8788400430941,0.0013073448135901312
212.36533068769486,1.4861234947891575,0.28364596710015505,38.33608276578591,1.9845292069319969,257.5001601178912,0.0014068798426222977
86.92463633329946,1.963894574020602,0.5401443461150265,29.31695888600228,0.15585140580579762,40.21421196253335,0.001359431312145069
225.46089876450222,1.566565589923679,0.8559519206355523,30.720464456523043,0.8802325747972046,233.58126804578137,0.0013412767621350991
88.46539615954599,1.7272504305952567,0.43145036774357776,22.901479978716367,0.32489763946326583,416.9506237392265,0.0013237380935739232
187.79590673185226,1.4162715600939237,0.9558403275998576,24.971785035270344,1.2700431906362646,47.31626575363938,0.0011872370276900506
235.21378589315515,1.4918073892728534,1.2272114695875036,24.23226251463143,1.3509658011381027,19.63063350667038,0.001206174512095918
239.24933582785687,1.6114622292078111,1.0911011657871548,22.602876673562918,1.0964974004072212,37.21405056794168,0.0012374999671680396
243.14148365783132,1.776780529617041,1.1801443746577638,20.673714616717913,1.5444491266430889,69.0812466897943,0.0011832602213121095
141.64813712334,1.5837940648804907,0.8446040114796642,24.1091759674591,1.2333137924280702,62.0257523264927,0.0013904603172060666
165.21679236327822,1.9534142989327457,0.4991361134430039,26.367508043024124,0.4500675486693905,914.8206623246169,0.0011739799745241872
201.55115908408362,1.9406225541682607,1.8575914877300173,24.099205406993697,0.05205458571088007,123.23629076375278,0.0012955981658702262
159.72380778168332,1.9042036795170487,1.469569770543881,26.567664156543934,0.035755031419799826,83.98665000435285,0.001322873989464102
146.80843132345794,1.6663045935156877,0.6685938956599105,19.78289885480073,1.534342591843075,659.2418434760361,0.001553734025707032
176.92308265680097,1.8045041910510071,0.9367520562516881,21.8144597657624,1.2240347812732262,441.04317718854685,0.0013970726400873918
233.21877669988137,1.7128818133659878,1.2953344655906744,23.026281756007027,1.0319552230514535,369.4297575693481,0.001375008085420528
121.87798309158121,1.2094583710984677,1.2649003471658218,23.223052303191132,0.23916419617679258,365.6358674030714,0.0014400863128123877
204.52082044828865,1.8245867107348486,0.8665270742881821,23.195981795826476,0.970945448007754,319.1486983207525,0.0014760575380886687
228.61309093265976,1.939452124109855,0.8002354260506899,22.116775917236712,1.1419023503481138,552.9294870149905,0.0014641068399198843
235.8796149999075,1.5379781983172716,2.13878694343452,24.684743958166717,0.276382661805727,23.706088951269376,0.0011220751347485723
129.32332817441346,1.6548087823027962,0.6309374424813882,20.88373370389634,0.8116588715720986,949.9408163112752,0.001405104016062315
159.91484147834558,1.5710529184378268,1.4255792262075746,19.7086407077526,0.24091814421290142,202.00889062356714,0.0014703778861551325
236.324655280574,1.9618135522928979,0.6846528907435138,26.81569908200045,0.7301337323214817,567.4421955736057,0.0012284940097765898
100.71235766664739,1.73965754862103,1.329737497700873,15.458897620910005,0.9714622258882324,48.33442815639646,0.0013649597523961701
234.92905949163793,1.6668761629913875,0.9242566313675985,29.773400338943834,0.5002098968225752,443.75805754958793,0.00114760014588887
100.63561364832361,1.7777346128435665,0.37566816834401073,27.760650860127782,0.553584924963824,479.7273087205162,0.0012052449404576415
206.71964281297466,1.8756951402947533,0.6489787712430404,26.384772735658412,0.42181007501795215,654.671282367469,0.0012590560020756816
100.05958722787585,1.6242340297591098,0.3942726529149702,30.168500379108597,0.23834753699775854,113.39213051996654,0.0011859032911815935
67.96533293615394,1.9238689714442796,0.3426569192366533,18.007775525896925,1.5798206433113275,590.722836750762,0.0013932640709042937
244.53948250036544,1.967382773049511,0.8785927368749552,30.231387208836175,0.405709322483381,130.16933154674862,0.0012462123040688083
229.54000842786547,1.8595491499431598,0.5016857869534488,25.962482638294762,0.8718460443096088,920.9303700320596,0.0013736709620821924
229.71735978305333,1.8816518171011196,0.6621008000243988,26.873485452833226,0.4637014819220242,459.0416735353978,0.001379526437471426
194.93707524467476,1.922704356300486,0.5372668944056086,26.340629860404853,1.6156466125757827,502.3030849899233,0.0013053006466478634
216.79680191545887,1.6504831119223269,1.1663599064295471,26.239206538888606,0.21240638004682807,252.38638670151548,0.001146946554367461
205.37371585358113,1.7878806298569425,1.1107708673224086,19.74099231109149,0.8700608767021442,374.6448172360995,0.0012505466752146662
162.31335670047557,1.4975890501202194,0.8991640731782973,19.53608214784925,2.2161161626650845,247.45962548104183,0.0012828739503781986
119.30275174538441,1.9579110167920402,0.3275331743131758,30.674383622921138,1.0192350151481981,83.26213472618248,0.0014346478093318457
235.16224226388678,1.9657829542231424,1.280478173493319,24.414756247226766,0.5037917306880287,78.33104489413878,0.001165184224702419
127.6478604373736,1.7118366309573307,0.5306882490000555,27.05969313500441,0.31223726954582776,336.8519769529961,0.0013406465640015545
175.47743762550044,1.7155031266676881,1.1921367575469888,24.105776263663557,0.08376176869924075,281.1735669690018,0.001382927585741153
216.87539770803838,1.717537132756473,0.726276097957558,29.338712218807913,0.08452278204885344,495.248276825822,0.001237537242802434
128.86491155911528,1.7350937274379692,1.1616581793825003,21.97121433178241,0.42105984533637364,259.3863793471482,0.0013020624868790762
233.96734693523328,1.7441658843699177,0.668396432728628,27.33551447623853,1.6654785750541814,99.93043802791449,0.0013594399455030073
182.68184100059474,1.8187200426448928,1.3328025269885817,20.722040925197696,0.15162022991799845,439.6967458549177,0.0012150980844750372
209.7745614047057,1.6285146920395575,1.1013030093367082,29.161631564129348,0.04690532698332688,407.7935266034318,0.001204233546774346
116.04004660274713,1.8501526698148034,0.6268682729537531,21.95736573916576,1.3389838002616317,525.4304056419571,0.0013668934029324436
242.20899311720828,1.474646166129744,2.340037841880266,22.39900395135305,0.5255479887415225,144.0429602616452,0.0012785508137975483
234.11748229106965,1.1393727313548712,1.088489701568853,22.009294399521067,3.5140650351993834,416.5170872009725,0.0013465638287026383
232.92561673008612,1.183042618037461,1.2545228344190125,22.252631293556625,2.434952776528849,360.3419225069111,0.001326088707432066
131.30174771515672,1.9052746064508703,1.1365703465622665,21.52104793449428,0.2688255802772243,167.2611059676106,0.0012836581119197998
203.41309838551246,1.6343572490466085,0.47779077616961435,27.964970556308415,1.7819968288725736,220.51525880161986,0.0012940874435491774
98.41495271248012,1.6930400132745242,0.6938438974094826,21.55784273132484,0.5203842951720424,182.82575928598908,0.001273035105696272
98.68713991620804,1.6758943179673043,0.742094636050721,20.50651208823408,1.136100151239703,95.37069228046381,0.0014054532560354828
171.20746833899224,1.7904760526700232,0.6941617511728819,21.674976874278922,1.8027869077560401,183.06993582631816,0.001228484017928661
243.527790778482,1.9063757987069865,1.0486205911013586,18.57217563804947,2.0858956975957628,92.51735851655543,0.0014079632508264125
241.2610083684632,1.9002241175165253,0.9845040514854541,21.059761355599573,1.5727701194506247,65.45989400023885,0.001435103399610496
132.28056909123387,1.1855696806436005,1.0967452726831566,23.08299795596022,0.9846775957479155,222.48476896177965,0.001249316396097734
190.0094386578591,1.5200725015955563,1.5504216852830859,22.38450187909203,0.4293496046386866,343.46189410035316,0.0013067966396634293
174.13901732135483,1.8715981266268387,1.4742503235808593,21.520123532786926,0.21723227527776426,164.67067655791985,0.001414129810155874
181.70206902296547,1.604798011940878,0.7728405362376365,24.39440673053389,1.4080436596923713,513.2489969464455,0.0012111207679420056
176.58342184472733,1.7116885626151512,0.7067684104107105,30.173698696432062,0.24522779087148944,425.4979955712282,0.0013298722120520475
143.96704111511477,1.3752668700229373,0.9680767367326355,25.514280016624284,0.10744550980959715,353.4476301870838,0.001407318300514476
121.72318577065336,1.7853843094073039,0.8186357793392243,22.7268359709471,0.10475911855897774,416.0390545442485,0.0014174870324730397
109.73007093322613,1.6624109369982876,0.4457393986737756,25.363216140706506,1.0917433789584832,387.20633315592477,0.0012346685717024215
161.5679428203493,1.7339168611053335,0.7846598521385674,23.36362428187952,0.9729204390361581,223.67488407124432,0.0012189806658011977
154.77293044722796,1.7590811848345016,0.43221639726393013,32.09109449487848,0.6902322467718627,530.9654416851924,0.0013106929796379936
146.51792518089533,1.7976260196992817,0.435955268428284,30.438963294912135,0.6931152697065921,458.8830563084016,0.0012928075746901036
162.22611977443577,1.6576802825759018,0.6452235800082983,35.46341566996867,0.0587262650498204,395.9321298669233,0.0013235314234398424
201.30718705739915,1.677661756304164,0.7522162825598987,29.08264491379331,0.6932322917434856,510.6654504883075,0.0012451336114145195
150.84153975819288,1.7475744164380664,0.49541659106526686,27.443791417852854,0.9540306849354296,171.61617729998287,0.0013596328199106627
116.75175027259505,1.4556616617901021,1.3803771412830446,20.520050982088108,0.6246672840847182,131.66048106097827,0.001323671743256087
122.41179973983833,1.5440669701166039,0.40394330940684375,22.094355260944766,2.667758334194869,183.73801309019717,0.0013730555679914744
135.91562229515594,1.8094903676374943,1.0514355104341626,20.6960055453996,0.4675946356436616,280.40755011303673,0.0013005515547985932
185.5914634988364,1.8035508119500123,1.18686407075253,26.08829094287031,0.2703697235268265,218.52332465037054,0.001204058324224166
198.23052332380843,1.9438776921694303,0.5054949084854603,23.519703604695167,1.8486753831366238,406.68862771104864,0.0012191148758741689
73.80704555096592,1.9619153703683738,0.21124871719297275,28.696766672436866,0.5174616827812929,548.2931753385972,0.0012155272737243029
126.71892013467732,1.979078018603373,0.16752978047542827,29.741292782010404,0.8943093994544012,702.5026495015578,0.001224526271680339
69.07294000083351,1.9746105209510314,0.1739250886088654,29.016424276762145,0.6310542495550918,517.7006884751157,0.0012590856569258083
77.77030572568766,1.9468549218665376,0.4009873001425346,25.651158913976133,0.1389512370996624,418.43644439168366,0.001271761969975155
217.81449912539105,1.874511787707197,1.087668930059164,23.152745252450046,0.0701367287846802,505.97748858978565,0.0014073542981210194
236.87138499073916,1.7750476755613867,1.243119062776264,25.237632631878803,0.12380561403926188,489.55496604729416,0.0013068977761168115
234.2943151274907,1.8305164442225592,0.7355442677675764,30.284610544704265,0.21420239526328286,470.47097983578755,0.0012477470036644186
245.4146962348271,1.989882837914636,1.2802541018064872,25.28561850349097,0.1766792615790821,228.60684517782832,0.0012344200582313863
241.05925325782522,1.968602493866894,0.748358113186453,25.955566197514827,0.93415170450832,406.4004522376713,0.0012861221614448777
231.55108235034473,1.953084804791247,0.7897019825540176,25.07024934238529,0.7306103958157161,307.2316214767007,0.0010404490942824284
90.47506241782634,1.6334244153122126,1.0732446216101252,21.709398307389932,0.12360677074263375,116.43510940927743,0.0013921252097098213
53.75007315512115,1.8759102649369481,0.26314567722501764,23.80041131706587,0.2209312380038279,195.65604161323483,0.0013547846881713484
123.09620971400918,1.4752581179151634,0.36704721155264797,26.886326287337916,1.381646340775252,718.2234264010593,0.0014203429413617947
209.4295101727674,1.627802437734582,1.3396545735036975,24.892605145624014,0.4953745950653106,85.2063627886788,0.0014287925416448626
232.58936313831208,1.370156709433069,1.623966723939125,28.126114616798844,0.32766120788119407,291.13047401452485,0.001530597327745298
137.8418660865377,1.7152815222662499,0.5066219708156854,27.775979584737264,0.48030462741587754,382.20925128265105,0.0012774503301312946
203.99143425990437,1.9289607835920863,3.071411984700288,21.387102335697463,0.22105630438148138,15.929514760407416,0.0013094527016295236
138.7935108978412,1.7597618451950168,0.5181086806608213,22.479457516618012,0.7497092231885777,878.9191983001897,0.0013629378320982083
122.94761132144917,1.7313249655449314,1.1162306591898836,23.900099732029716,0.04593481453528523,113.32705257251897,0.0011733586077487606
108.8396766107624,1.613733937964747,0.23651899766461695,29.0560648780774,1.3620205026748617,732.6264679196103,0.0013999336974655076
107.56325249223144,1.8467568009195188,0.7585981166600199,22.04005718549226,0.4791973379926759,83.1247866715611,0.0012083702386882118
97.01831618044206,1.6541949926947932,0.2649724300177783,30.731679606887724,0.6353884262923022,438.37216501083805,0.0013794654377023065
84.63855255268079,1.4422769388636791,0.17136176476046727,33.49091427971611,0.5826635663623548,1208.7153069406036,0.0014077219786565228
58.054567432811595,1.9148512576286705,0.1569452020858527,31.806063079221605,0.35792427701743634,512.0095041676104,0.0012940753754574854
227.6965910649562,1.1566453841040836,1.2122257900203373,29.42050093065648,0.5375183919349107,247.258969819549,0.0012933118151693475
167.61923977973856,1.6356495055704878,0.9347503739019655,28.1611585330242,0.323198031219222,959.6838717776883,0.0013702649610151582
225.31549649582513,1.1819083886298738,1.6077024453983093,26.62948607762175,0.5698641909224307,177.55487336374023,0.0013848386695446296
232.42829930861566,1.1732458730859041,1.5028698943346015,28.215161566651922,0.556778883563745,311.7311621757418,0.0014369188954242434
100.52313569774635,1.8416800059799179,0.7652849683563259,19.365880115154106,0.4345482177859607,277.6302147635917,0.0015269706912142938
203.27200637758696,1.600625729512758,1.0624252868099462,24.533231284565282,0.2274465847269636,446.4193639937413,0.0013181438691267598
136.8596867142583,1.793282634495196,0.497147681255966,25.408750224614685,1.1846667991758368,300.85636324800294,0.0012203961068077847
109.03550952399652,1.7999351446311034,0.48112941239972257,27.430201226151873,0.16003772749336725,424.70269308126205,0.001282923132552869
163.05595074780146,1.8979140030545647,0.569847183190415,30.934043160325416,0.26214795307135896,515.6049290084569,0.0013977380510100529
205.4261983176831,1.4788404127486465,0.4163907234047957,32.154171402590634,1.3068299265517116,374.1539637837038,0.0012577582555653372
162.16878147467858,1.9440102963324932,0.644209323652476,25.228183799336314,1.3096711700016352,28.298664788431477,0.001424086391057097
101.1503170113656,1.3267647995400718,0.5595687392953782,23.52092656829748,1.3233371043934055,380.08350313473284,0.001352078324207785
165.04059403691681,1.4029788185210308,0.7925017170588402,22.971516615123146,1.577032387021605,292.70366537750186,0.0013181251925748062
169.46039604111763,1.648858106259375,1.367625942014255,20.777200880948797,0.1848735783713546,138.26391316085935,0.001260856410816298
50.796238637711085,1.7571292423998583,0.17197414212248374,28.39625033706451,0.27782942001709915,533.7977288535399,0.0013924609672927152
233.63018055548727,1.9046584731458427,1.0165976143854378,24.532392073346582,1.0368667613367601,224.17776911617796,0.0012652496686364953
124.9304133675413,1.9834584149594376,0.41492496391348405,26.980601785893228,0.18376302466500233,494.49955785978057,0.0011636018825954045
106.35941184588282,1.9778803477718487,0.6055597679854108,26.536157673098785,0.07866865807537833,441.50011868796696,0.0011405940661775172
249.0673858375908,1.976040643226537,1.391512991562216,21.371452442843754,1.3290939375304045,175.28454409664448,0.0014183131939457098
247.65666339941345,1.982208525111428,0.997952704490161,22.618260897823667,0.5758644076042744,406.0656495976382,0.001336193295991831
170.53041887436012,1.302785101888495,1.3388030558335935,28.446699594588047,0.011772881844195756,563.8022008696695,0.0012369846877547954
166.27235608415174,1.8838882334834788,1.4364196117829438,20.189893501252943,0.0485514009851445,247.5966490651479,0.0015022469295298208
179.09778141507527,1.9236916905031407,1.0855529226504659,23.961740012581892,0.04368504034655955,508.8115704207095,0.0013804533827572814
218.7472056279109,1.6064785142603248,1.4876805643624178,27.63843247277688,0.09571938787340775,274.4494183323127,0.0013991061127568206
157.04189726571911,1.8820419766969598,0.7122948714089605,25.13629196043432,0.26304089533082364,398.29285404725346,0.001188308524442229
90.34990279859788,1.916087366449395,0.3604740725570067,29.324601722167465,0.08339835124225813,431.29269591502424,0.0012307122463761531
89.03549914955015,1.877553528942961,0.27810003101512554,29.43700207870542,0.4790924358223979,334.0912351188491,0.0011481610377341704
116.29329833880135,1.6539744251902915,0.5366908326148637,29.008352435081232,0.5392114853698862,50.56693929479001,0.0013095425933687432
132.65460638328545,1.680584530335996,0.48515042631400207,29.695787086291368,0.7025126545677131,34.12860933713644,0.0013794073078626232
132.7832878445744,1.8007503005129062,0.6057345846420943,24.417160143617753,1.5005879882886315,27.918285223290056,0.0014243806362613427
193.8039853836865,1.7861715865783345,0.34444982694636966,33.316980337798846,0.8970010189985584,1118.9273000504315,0.0012224084178743132
176.63355257889702,1.5313003394550007,1.3841855944835333,25.997399834235164,0.26931039894101555,42.369249536580114,0.0014877385024767594
193.56162371570124,1.5944842164631021,1.3252759993562961,25.359609463630377,0.3367892526160427,50.00256494745631,0.0014850303680443073
200.55853922248855,1.759829214710586,1.6486550904232318,27.06951038798963,0.09734173649856505,105.04226266487395,0.001074630336628797
161.6120529144548,1.7439316485094132,0.9523671630121968,24.068441911857846,0.3483071601818219,305.59001529286314,0.001258238933337857
190.95692186771,1.797468644595856,1.7514120279453795,24.03909344525243,0.31651874649494843,57.6519883707748,0.0012629494440297192
201.21450141306215,1.7944956732791406,0.671141246530018,25.06278034020724,0.8826530698015477,354.2601946827456,0.001311873316068148
182.83411999605542,1.364089002087663,2.0710561145408106,21.797649632376825,0.3640295491036826,78.87620495155133,0.0012858488533165756
138.16355579385007,1.90790002858815,0.3380817410503911,27.49803458047823,1.4685024996917977,403.6371451356368,0.0012418809787751203
150.38621315795478,1.7833967938185329,0.4448907490259719,27.323952354572892,0.8018753908260461,387.1814448432251,0.0012387061783221895
236.16829892307197,1.8122508104548976,1.3799620644076593,25.946882665458446,0.2503019612154093,239.21587038193556,0.001254320790637902
245.89693213114333,1.5502114824171682,0.49928825957770934,29.48163884837026,2.270215716841233,525.6424976318634,0.0011085010301947519
152.81286838243636,1.9491645972464984,1.3841006105327496,25.419014708796123,0.1645213666636786,142.7889411198027,0.0015869861004147176
195.30238690794542,1.8164695153762653,3.254615234850776,20.594142041101478,0.08175066677044578,36.69696702183773,0.0015684213743352776
201.4909511771935,1.5526945386231163,1.2958283154083845,30.709660998491017,0.14246807885307447,90.50670501010796,0.0010789343214209208
116.10115543279,1.7806097886224432,0.6710719891413996,25.465722731974015,0.28213464436713503,272.3251434014768,0.0015748042576740123
246.47028985822936,1.7104460219887891,1.192973767768711,26.768433585602764,0.835151401606316,274.87882640109376,0.0013908678323443615
150.26134274179464,1.7343270015114176,0.37231319349303105,30.653823963977153,0.967461307452919,247.53998903586358,0.001265156356028333
211.8921974781043,1.713430519029959,0.9189937258695836,25.56288511220476,0.6624700648041337,394.2655737994579,0.0011073362221276984
216.1024233446403,1.7410924613683783,1.1879748076783734,24.143467318738224,0.5324389366988511,223.92319119047522,0.0011034931427245914
171.3831514521623,1.8079646820996556,0.724715079451147,27.021288884940745,0.18792852609876023,506.88494926852854,0.0012565932460009176
202.77908144903242,1.382283280842531,1.695611187797366,21.446534394107655,0.626206394335254,216.29957231680052,0.001346344720207164
133.4444260436815,1.8228191288375186,1.4310789320635124,25.99760958844915,0.15732501850230132,39.79306229336395,0.001122105703463147
152.4480262171542,1.754424331598185,1.201650935655797,26.52325889824209,0.10372225046188184,50.01157680920489,0.001176820660910513
169.36532894467348,1.7118941466592856,5.239624122958009,22.714881442098097,0.024787307528023692,18.622161291404165,0.0013337283526183089
199.34379625408368,1.4789449143416866,3.437773516416827,22.168013022641595,0.19276289192950588,11.518325478218616,0.0013006651152124595
176.51860281716222,1.9312928445709185,0.34516515704726936,26.275595618664237,1.5074701067780671,667.539054575816,0.0011908498032885166
249.03274202615296,1.3309015452005832,3.574086912012786,22.78455231758693,0.22051796262812645,96.7376599240058,0.0014033836052558116
84.08239645698211,1.8674995053633072,0.9870211099226565,22.648152866578833,0.37825534634543356,190.84551128140214,0.0013665562538201685
225.07316740885528,1.9831140506534917,0.6067857229335317,21.653426250239217,1.9385684590159158,475.14454087092076,0.0014036776715401808
204.50055478962545,1.9758804017055809,1.0474573565175753,21.333341940438963,0.8021720465875907,189.64838828110746,0.001405473272848213
242.49012625907028,1.9662106313108285,1.044103264435715,23.737102278249345,0.46938390899920757,457.856252227127,0.001408234073030956
64.20845420942652,1.5362424067719718,0.16823140740516002,29.390658516198712,0.34264958131176476,679.075400754288,0.0011842247641848601
186.42846861265136,1.903595556496121,1.6951162893552232,23.64240235193685,0.03200464923476518,233.04132763294174,0.0012265026565200017
151.86921876161648,1.4295189888764657,0.8728506034966002,26.09214135221582,0.28854388068561293,743.5382269325623,0.0013873351512786775
225.83355907337287,1.7534583810624436,4.137880427942036,21.666864694229396,0.17754667830935592,34.80217512327373,0.0013959943576343653
142.30850976139158,1.732597390865735,3.633916013523977,21.34690083506158,0.04261282767887976,29.033667068128327,0.0012544454919776247
208.17914509361836,1.556297218000161,3.906657596800822,21.845400645014166,0.09233145314130463,40.485603341908586,0.0012885773799827759
156.41309040115024,1.7104611078846694,1.7998388199028654,20.708197346790524,0.13653484299496715,199.6220068725546,0.0013498272335710786
226.49331542098085,1.9039937034520777,1.3486263142388712,24.906464919769434,0.3471595390708725,139.7921424509053,0.00123939154801892
115.7931395168959,1.5757975104863424,0.3096720741497705,30.114550270388605,0.8065238798441469,553.6888939235894,0.0013433514591329563
76.76285247035737,1.7472780457194048,0.17510137883685134,30.84385163235938,0.8654088897505062,711.4671440735871,0.0013117251206209652
128.98549838067575,1.707432495966638,0.6699437281278259,25.1308638229362,0.456111438578398,68.10606492434073,0.0012682355697460701
118.74250229683294,1.6093867548267193,1.6564372938629706,19.663674736233872,0.301517988652391,53.467900536607566,0.001336913454581671
122.98551480710259,1.3201526881702483,1.282700749759543,22.44702078760019,0.607158061599998,99.61765381213678,0.0015153866751083421
214.8065872988417,1.8065467609560366,1.34182440358685,24.41567793255621,0.39257956967504604,141.67449501022517,0.0015273206007894676
62.218704026256006,1.7897423603659213,0.1593588085629457,28.33163863693896,1.2809695812658024,133.11330674133796,0.0013060590395746207
117.7449412212388,1.7720281624067946,0.6584963295697928,20.456288916526912,1.1187549700159642,38.45130220435147,0.0013052185345508898
184.06782598170358,1.574799414690969,1.012673251047141,24.717451222929128,0.4620859630853875,589.1397040514031,0.0013052808696538201
219.70081744971617,1.2335141757437313,6.892368955890138,19.201549917513123,0.2486561909557279,12.005410674040052,0.0013836809141927033
142.55033345298352,1.6966179196205862,0.4727076256075244,23.59445747618672,1.289604406948894,273.35973131949964,0.0012520751286245937
76.86050234123698,1.4409479772484368,0.3265601346138251,25.564932650445403,0.6456205743853353,1242.7665663602393,0.0013808310586049866
234.87158335915314,1.9045213076191665,3.396529427364465,23.68980612459755,0.04401404567367697,65.64196710687163,0.0012332236250190585
215.57099154305487,1.7179963248375867,4.6997631459690785,23.15812269687821,0.028184369097210893,14.523350899518132,0.0013321037147823256
101.2943019599714,1.7122930022549026,0.6954313512538821,27.235038729721488,0.21461622984775827,151.0102952937816,0.00129796987823766
132.27589473201186,1.6970412967707795,0.932510208500898,22.13037063360736,0.1738499674826279,335.2469183890544,0.0012972985900789648
213.03544582634515,1.919900610145963,0.6233058627556498,27.162972948913104,1.0683426114074277,101.72261899117474,0.0012677222398475019
161.36296274663792,1.7839319115181278,0.32722014871121197,25.38553229668947,3.1012645001110206,253.2920057364327,0.0013221912429811399
122.70405244644321,1.846218449685082,0.5323439509007996,25.857798874099977,0.398424037729415,601.1765697236549,0.0012581521378813205
163.05385332067848,1.7700165480030192,0.3303970933600352,30.480046336948906,1.5996234756236754,248.81163399556934,0.0013403800866239883
206.23920532209925,1.446247237241952,7.879474905675049,23.9485342047561,0.017752024242361216,17.696761277386237,0.0012426026666908891
162.53777802356413,1.5543848214634428,10.623300583835531,19.70590683816858,0.013949240420220756,4.791888698330843,0.001357460628696691
202.13428816139773,1.545731727777255,12.252254205341494,23.040086219317004,0.011729738118655426,4.567856336412045,0.0013341136891213935
202.98640252159817,1.8228255916086402,1.3632093564537835,24.21237714356849,0.16606169326104245,218.13289296876053,0.0013187726056985768
194.76746064131336,1.8075273199446305,1.3070843796429041,27.000003975950932,0.03162272663885556,283.75004167651645,0.0012564306439933573
161.00586314270137,1.7476025980630843,0.7163566804652935,22.694347621973247,0.2601045910882109,517.759688728618,0.0011693920277504215
115.60493356883178,1.83546402552896,0.8306394636183968,22.200440523291537,0.45808965049722983,302.2141729322083,0.0012329761974878403
192.82452385308147,1.9659379691742123,0.4530233808204007,28.484858433415322,0.9977786577420714,394.25366764346467,0.0013302131770653743
201.71014022294062,1.5159972685888452,0.9273400817947343,26.436907709241915,0.4239936315707348,343.94249603743657,0.0012754803919802292
165.40130663895022,1.8092071692624392,1.6777274892967124,22.820882087606016,0.1798843128622985,52.626931801946945,0.0013006318938580028
206.3605814475394,1.4882848464040102,1.7768127162347491,27.439194571189816,0.17041901465587056,117.99396209848412,0.0012561094811528385
198.18990354945646,1.6916007789239227,0.5703235793035297,25.53654787257219,1.4570666513062571,683.1124399345078,0.0012003303298212815
165.29350305894766,1.7472483404862522,1.776456096059594,23.71044882744622,0.15826595254220796,64.50006007093043,0.0013889305887885063
176.92735231990505,1.589664616717223,2.5132217791941414,21.921719065003614,0.16524296578538322,27.307919791580726,0.0013847569951086175
181.45929140981053,1.7667303374945555,1.4891347894405995,25.29809111966161,0.2852855674850853,49.121196123810165,0.0013650480984158451
219.484645947359,1.6432673179594948,1.3054792038992573,22.418198963231077,0.9206411283378235,176.03632667646835,0.0013289142320878841
120.20222136598193,1.9161822390791994,0.5746182302302302,26.24901914851501,0.4688009923774164,131.94863242567683,0.0012210751817333906
105.8418218665045,1.961580766942695,0.17111924638260947,29.736816814023328,1.9984355253142956,468.2147100060838,0.0013540831323824946
131.1953808427572,1.791902676708154,0.3160681821410812,30.303945128281043,0.831258169022755,479.58366021648897,0.0013844118021233433
219.44124354479789,1.367376586355113,1.8009177449976326,29.511434690590335,0.1405306940770185,87.67304658878217,0.001128587625599116
166.66662175867557,1.7665332190086265,3.515783989270363,19.145325914413373,0.052753630197539314,42.08427476671092,0.001430670433318799
134.85127924149913,1.7809494978511944,2.0124264856368255,20.271883624474412,0.13234774370833488,67.62740102698119,0.001421934768231864
214.2503132657574,1.5141146180876919,0.9217830346261745,31.986198336489778,0.6141363693936522,57.68455376935266,0.0012486540853932713
62.91037464246152,1.8883745076772882,0.359036977763694,22.030309621745854,0.5686324134847605,288.54760460617683,0.0013610837138950513
226.804755551627,1.7981877846677639,1.479493833868803,26.03305067506142,0.2685265497598919,312.8576582352202,0.0011884844981745353
204.4991374292006,1.0291128499593456,1.430188561404481,23.256954927003928,0.31109581514563694,573.6055388110817,0.0012657351521213746
183.72641838262967,1.7535938093410965,0.5978192923272729,27.039694855500144,0.433426720158517,943.3178424153856,0.0011480542805085358
177.6980681468483,1.8875455241441865,2.1104125586560487,22.56829863706737,0.12215978032548326,56.07413816960598,0.0012558905514936224
204.77755542039898,1.4028170716750648,0.6906300644469341,24.929787224873742,1.0803536662824766,1170.868152055194,0.0012916308755924035
115.60289131512953,1.846146498290851,0.6104076176559716,23.005715625022567,0.7015761037492836,253.3559021113902,0.0013460736886914968
163.46257859999218,1.8900755171121812,0.7914974140177989,25.2435857117708,0.5469916353115565,231.3101532653293,0.001239396882569525
210.5970661857806,1.5401350405058873,0.7844629224139797,25.22270179653059,1.2595104865954536,514.4725312505827,0.00123889489687387
158.1725270842073,1.8942455324325629,0.782496785717163,22.05790568337022,0.9819299134432052,199.4877003644588,0.0013482212426396767
146.34057572867343,1.9119533327545213,0.6664007007106716,22.466953606898052,0.9712633398870976,295.9939920888187,0.0013347261602417455
150.57589944312028,1.661487807866379,0.5300607960207632,27.757346331106575,0.6280354894890556,198.0441154270498,0.0012715514093668639
225.99400438448674,1.751665434193527,0.9573231869748757,23.919802924488653,0.923392343928894,560.6959973079607,0.001299300367762562
221.36812537292266,1.6767069017904825,1.3945821560467306,28.109690632027075,0.2609699293413317,61.872616726135895,0.0011491619323232363
192.63778482245505,1.8987140496903085,0.8296880245430309,21.270328272435798,0.858339095397926,601.1740363868045,0.0012729998674601995
116.65567841857364,1.8624730606219069,0.8703161916552874,23.506944844258328,0.3025645111242252,131.43349551418075,0.0013032080914585043
108.56912298951286,1.884235839151877,0.7711358056875866,24.84145567353742,0.180409485890807,153.6371567368045,0.0013245976981405094
126.39570092081766,1.929350103464526,0.8291602979359861,30.376438240740605,0.10006853767740517,52.62962429017656,0.0013953669675617823
187.36559403662682,1.3727390938290738,5.322836526377578,20.516562166904762,0.05540965601947319,23.439842735493848,0.0014332673817668558
185.29893039906506,1.9102746709101248,3.348990535173456,25.61053958720803,0.01670387259702776,29.721395277859347,0.0012314842446542083
172.42037390948008,1.491146440805885,0.7034038633587114,27.42321510184628,0.059160510583375674,689.0123645406721,0.0011825158065772545
210.2271655735504,1.9150735622893913,1.6266816803024065,26.337908109722683,0.017843103376953915,188.37775455667423,0.0011120980374097042
122.62120627822563,1.8608565718319445,1.2118273196227292,25.32334951616373,0.015308597078642017,102.6590264242051,0.00147831599790647
188.58801207507452,1.6443997030720567,0.8009889385105905,25.903369882152635,0.14515233126049137,821.3241626172,0.0011623920744481882
189.09929407599122,1.735993533030407,1.178453569657391,25.496439017089816,0.2907656962169701,153.48172945615346,0.001208093488897919
178.07348996451168,1.7452570706306454,1.3714758670663822,25.406700021039356,0.2837352942258614,93.48939899716423,0.0012049310154962289
178.86332199391487,1.560114674920023,1.4352575912493772,22.041480351232302,0.4747659744411349,154.9712200056915,0.00145553033046068
114.95949450274158,1.4152919042249341,0.8930499270496802,23.80038698964711,0.6662467656015258,146.39152145908227,0.0013893250202905
135.82542658329885,1.9437977298355296,0.2816426771447781,28.179730660502987,1.414665003874698,629.5762690018256,0.0011567605899873606
153.20834699664323,1.4335780634305477,1.6139038782193333,19.04390702904874,1.051010878970543,97.36318375849353,0.0012053475344381728
213.65435259342672,1.946961075026662,0.7135417601359069,28.592471869639226,0.37811325461316775,419.33942547842673,0.0013772678518443474
86.17610683019441,1.5763557463451734,0.545164099776136,23.315076841963673,0.8626731267957495,317.4308624850157,0.0012240896347272207
208.67627771239302,1.6094281744392145,0.825774562987247,26.013853410222175,0.8700240969857568,199.32337156490027,0.0012764016320112224
238.7035552986466,1.58780436275313,0.7717966580770979,25.843295691192786,2.003524275809571,80.52994254298132,0.0013548439987776336
198.71893360500658,1.9328558835997103,0.6459432130263182,25.752412540848134,1.6305983977340555,55.296574928937936,0.001233160229708543
237.43415992586768,1.9387049628110924,2.5127938720865255,22.627322494904273,0.23079525364168296,44.66905492248628,0.001245469269866344
234.02754243368605,1.9210244448043023,1.9110510313420277,26.77068521890169,0.15524202512171192,46.62408546464012,0.001303671686004618
141.0983376097666,1.325003097553739,1.5412568279646515,24.55434963132632,0.20326603830927678,160.4417225578969,0.0013096305169293895
236.12876012281325,1.8361758916493112,1.8311242000690766,23.538837423551172,0.13178613959534125,217.06708403397192,0.0012318940256461218
194.00756425305622,1.865014153302423,0.8844269300314216,25.238884851831017,0.11382299701595837,373.5135268730963,0.0011163543302481836
128.16967527033665,1.5340884658563494,0.7616217616157969,24.758358348720392,1.3648576084092026,194.09126707431352,0.0014846456118564563
96.03608516949772,1.4959950902903831,0.6861990691011292,23.308949182461664,1.4594341642457798,163.36770725743438,0.0015079398565241188
220.23197569621652,1.4571525944750168,1.6101506883975718,20.272307170161575,0.8094377575140527,238.32556953426325,0.0013381962555514214
189.2306718477869,1.6175491120471976,0.7087734541957303,24.14227840122053,1.506711411837812,826.7567103472087,0.0013933203545880139
181.30245111585216,1.6733569861123856,1.3112048139474313,26.2358589407106,0.2740520992335516,74.91884291632861,0.001208063131402386
203.1221043858249,1.5556302957550194,1.366680283927379,20.39285156852402,1.1554581783212223,456.33121498773863,0.0012625921557654803
213.69838497374806,1.7769088312147885,0.9500560466706297,25.46767894645479,0.5267336012561169,212.99816960512186,0.0013006219395276617
134.69715962976167,1.6141879594625321,0.3190372446953995,31.980705348921173,1.0101637714994538,130.3402602244978,0.0012496033614268146
132.01181822344256,1.7502737447691412,0.34776868086523555,29.66301980745213,1.8184688982130326,122.69258097745586,0.0012194882968010676
59.48485454254907,1.8413941773470657,0.2207472665971637,27.923911376664904,0.6834048472763091,325.84915613530717,0.00139187938714403
215.7948481226689,1.5005700072085413,1.4000837645483524,21.291024596360156,0.7104195815457507,284.5811736716968,0.0013919154313834007
166.83553979588956,1.888476879499206,1.205827993933993,20.35775612924883,1.054882400729707,159.71047039471486,0.0013366623183930972
199.35341364453512,1.5300204033577258,4.056018813935044,23.14041323272987,0.027981673974709482,61.3166649440889,0.001420069412921698
82.07889884868182,1.7477201521579668,0.3437357802340181,26.13237472414427,0.26839075791649175,801.65313620547,0.0012252077652656107
103.80140673672697,1.6612684800172657,0.5395909857930723,21.924929413209306,0.4263419373568065,395.3519105407834,0.0014318705842196141
71.8747356189494,1.5429856481538007,0.5984416726835592,22.126969950184797,0.23740433671282277,298.97988880453795,0.001506563393745601
175.75460269667477,1.9196172007557482,0.4291834693795289,26.207577710785195,2.2168701705013647,229.19733454896843,0.001283298345636091
69.36774448175117,1.939838494536245,0.46308869751697423,24.228992860081938,0.15745616321328276,189.4377149523732,0.0011464777510490506
235.98318678926495,1.5929377071026452,1.3698648067379238,24.259862564955988,0.37463069629553913,586.9857552884293,0.0012041508972549131
58.801436599696686,1.8175013179619726,0.6123703001645969,25.262100060183208,0.1547951587515024,49.76139676309016,0.0013500799232180373
127.89115831586719,1.8692606677264356,0.8593824440960056,22.461462700227948,0.5202156327529405,68.84817755529167,0.001235344907419942
141.28847288431484,1.533498621411994,0.64568209707565,24.21003129245965,1.1587550662761883,13.121993510317457,0.001331370335640135
61.417387005928866,1.864793590895725,0.24707418467902945,23.704713169212113,1.1467198669996708,585.1006332463195,0.0014318650123356026
72.54051514017777,1.5744904689398995,0.4731648022303572,27.157005652649303,0.20244620258383372,132.81213291904018,0.0013869704781104182
94.84632884706438,1.4328094902160031,0.26892703831394926,26.539783292091116,1.272917524829824,150.43891950746024,0.0013125796889639368
231.9901300561349,1.8597648929952084,2.3164683864013735,29.16724603576059,0.05316980139721503,37.20833692155773,0.0012505730405907708
93.36679413497504,1.5286402591866897,0.7150438449179637,21.177709337475406,0.620662881767558,406.86084292784926,0.0012920883273572863
133.69975616548248,1.8693602803916785,0.35743610517571306,27.106582991502115,1.737526070036305,195.96531805045183,0.0014600282280524024
