a1,a2,a3,a4,a5,a6,sigma
246.46314262765563,1.545849332016122,12.047092255286476,42.87548653201657,0.18915551738063557,978.2514020872254,0.0028706834472095816
240.36748433021776,1.5270901426583499,10.592643657817954,41.892222637609805,0.27348410908468707,698.3843818956728,0.0027643724597234626
220.03407732485084,1.6426224710550021,29.782119248532453,46.992894823038874,0.7904121895966852,430.55788028869364,0.002738504764899417
52.86433080098364,1.2238823543674757,17.254422097981507,46.030921445999795,0.6600616801882013,432.2279295516477,0.0024811069576399247
56.245827375152025,1.4636201113630527,15.140841404675268,44.05467151434533,0.8579319384818795,573.0930046271286,0.002553726473269852
72.72753855018216,1.1882522298019274,21.075329394731675,45.57725361349002,0.8055058141872173,413.4013421103181,0.0025779661429114233
157.22443180019704,1.9455386662549283,15.288295860522064,44.4849884721596,0.24879938152987816,494.87303325033326,0.0025159913672840556
157.2566456773401,1.1099735287378707,23.86452813330444,45.81034019335275,0.060550057903475125,467.9618740777371,0.0025341822049332868
58.616331718889896,0.9514662184630645,20.715232928530057,42.52475156822181,0.07092621585044058,427.41818871552556,0.002571759707791689
102.05840222332971,1.5412009100234991,24.066955042349633,45.30484035527217,0.5124137623876922,647.9607560248377,0.0025967457179670774
75.75968789644652,1.7236294611983853,16.4814737156507,44.09363586550545,0.41633420050250697,508.0122910483145,0.0025668426014079076
172.52505091569594,0.8829571995587243,20.776542828393477,42.835012149358754,0.3132239865862529,735.9432553980504,0.0024645439741592095
87.88243440675042,1.6628117018885424,26.807149862316248,48.368754068877195,1.7142023828057849,314.5739247317441,0.0033279853526243038
74.40181304586895,1.7927134578054817,29.381227017163358,48.50117086171673,1.695335649622329,285.33427110158635,0.003112993689788586
68.16177821819413,1.7701516420002819,28.432540633983646,48.50259298442148,0.7253152229940398,286.1643942374641,0.0031753929109867357
173.2382048248376,1.076189266912617,30.418272825189863,47.49202262793317,2.234207412434759,253.95128692197005,0.0030837436840830514
96.25870431065454,1.152110409403533,10.733032449302856,43.21477187732704,0.20865638785110743,987.3277597268392,0.002657183567768141
154.09495777030097,0.9596891017277884,35.52545024349706,47.46132635590948,0.8629042425278163,215.11330937233734,0.0028566444217660316
111.79127467389083,1.6849002315230093,14.82623512683928,47.416571121786546,1.2428665415366467,378.3092778880703,0.0025885124049015323
124.48267441107105,1.0186791086438762,24.496650359565,46.68003850319558,0.13212534875536466,236.4226849440942,0.003197381112779971
148.59793348493417,1.1691570950024865,13.673825832899261,46.6111923651447,0.019780960354292554,1159.1726174799664,0.0026347015686018545
109.66837493192614,1.3070241476373832,30.127174135595574,44.94775532050858,0.024486307016732326,106.90217893873805,0.00252271631826381
125.19857143799914,1.2663288095080487,25.39209545837672,47.209433110849915,0.024324176381468096,662.1324326347118,0.003049880321037501
153.0759834055416,1.127816293245972,23.28845525181896,46.82453528673954,0.256106208494836,495.3536551165705,0.002593129271283398
127.95942484943028,1.1742994615908122,21.786464294443526,41.992757843655276,2.2970342577745066,130.71004256028738,0.002705017415744331
157.95610274295234,1.7025354851659273,25.199104528549164,46.3380801064927,0.06793621479812555,269.92845479334306,0.002973468382410422
77.98001530721876,1.384742915926409,15.98709561735048,47.76306451635474,0.44611892453711194,59.900857463048006,0.0030796614137728047
57.09767819876614,1.6429711778274239,29.355556477727614,46.913197868561326,0.8139437800473651,1254.52424032365,0.002581173610380448
144.9673951213293,0.9297674356308826,19.31684787717032,38.6363370351523,1.6441446941030866,45.35177808305151,0.00294543488159703
116.90255083681245,1.399663129154967,13.16380302436366,47.31858793662102,0.2667241458464235,286.28938458070246,0.0026277704087347142
94.87939108502361,0.9155178725808228,28.15015268061969,48.033623765162716,0.1818568234852215,184.44163273119736,0.002688389352302441
147.47909403065444,1.6283052972190086,20.297808535700153,46.217961525168135,0.2698798024565386,251.32577562744757,0.0026470829877316394
93.51041948162272,0.5899875304423586,17.652071483335998,43.907891816922884,0.8632616558110204,103.97414995165175,0.002807264844281611
88.89300017031212,1.1206602923562776,28.2552965991833,41.467900840943884,0.634576321462508,154.3719561600966,0.002828325422525261
119.58094790306738,1.064356845804949,20.514662308129775,47.67105114262808,0.11467517765230222,918.5349125416341,0.0024603173870893337
193.54159037599317,1.1228194560969953,29.098588473050807,48.25863095862274,0.10578417910904521,321.05716060362664,0.002626173001768321
232.81110318194732,1.1424288511839857,35.71300632417056,48.36904182822099,1.414539986333936,408.1893892436198,0.0028989740514856538
82.37448214857176,1.1865129574122335,9.783393917127004,47.02634921438327,0.4620007947984964,645.6598275557644,0.0026531776049758555
205.27334326629213,1.1366819296515236,32.29742231885412,47.71637743577407,0.9049219569676008,433.8712098240146,0.0029030542201546883
160.70591018295178,0.8772235059083527,21.624160818304176,42.66922190346946,0.8755677316698267,897.1140114455665,0.0027738843823137144
114.37072053612734,1.0948874585607857,26.26284950158453,44.77176444757431,1.3511406912444093,283.6995644651514,0.002901508047432079
89.86821184643547,0.9000192476065397,24.212511231404644,42.896628089644686,1.1202383356748502,221.92620831215262,0.002947206681715572
88.29623499984332,1.0290091568208162,21.829524362831922,45.76549851664718,0.23179380851945683,198.95853636129965,0.0025869230814368404
160.69063767766306,1.7722925271297614,23.161074846643054,42.91154310687019,2.1609358311146716,525.3788052580896,0.0030257767422697075
103.99227092774063,1.6626221852981014,16.78471867049179,43.81499174121335,0.42617523901112087,467.31481620748934,0.002770712452719764
147.08719583825186,0.7592033120463539,25.07302530832403,45.996116422689255,1.9192587263659955,375.8519313206968,0.0025274044941272777
116.0774459746846,1.8613035629946322,28.83407406100897,46.88854137544584,0.540031470360236,104.94090799620528,0.0024934272789596257
113.42251321919188,1.957873131822534,21.19951469169737,44.24565542935369,1.074858600831859,770.070212223669,0.002556812515983624
127.48305287900807,1.9143493337837756,22.15665937483046,44.823490323304014,1.637907517664249,938.6627352381832,0.0024948442932249243
146.9541407920711,1.2217553710564673,19.9369159851871,45.61387563271367,0.42587557652352925,144.4631030467524,0.0028093944529599367
70.81905294509625,0.9095127741711395,40.853372234588235,47.324185679092935,1.346665898937333,613.4441433352283,0.002775609490611829
167.1638865201378,1.2695918060647915,15.870400756386058,48.51948009643425,0.747239454864514,472.8760501992614,0.0027538493509134936
174.61114869149685,1.5468764739672596,18.121472540851727,48.30618091029294,1.39948186300101,366.0218582899854,0.0025658688196924994
89.47654198813302,1.7378679290385408,30.075008257513574,37.261077855770964,0.6820254191845955,502.38007812176704,0.0033953247115591505
162.18741600164924,1.6157115631185137,22.885220916904554,44.52683369603514,0.33592380785093257,1333.7284711239315,0.0032029051509804636
171.8158708091217,1.5959177623793481,27.16551219878828,45.53310064420665,1.1415804402955645,440.28244884275796,0.002900656331572042
122.55870890133718,1.6775651695625668,12.057741914085392,44.444884763517145,1.5804089440136324,85.21786516501555,0.0024719996102064478
137.40239203955406,0.7726870913641166,25.932740381765612,44.71805919651534,0.22938991230860842,218.7904121745591,0.002805120550788636
100.66065634283251,1.5867299154892214,32.06885543067106,46.39071690835136,2.180972866425286,330.94044822527474,0.002882881063625397
102.41838987421478,1.396309105488423,9.463351244547333,43.45434498161229,0.18204656611685782,208.5025671459243,0.0027656472000500663
161.59318975299462,1.7970423070811965,8.619742081067523,44.239244256746524,0.5523706892356058,542.5707918838317,0.0027281922237984524
95.53447133912482,0.8421928257358885,9.568374450484201,45.26673870028401,0.926691142457265,213.42334759786678,0.00273876593020761
94.00369477205446,1.132071911366119,10.65867143634269,45.91129388369436,1.7925572571170605,949.49902786463,0.0027539224904687314
168.4474459940134,1.1154266873933696,28.13746360646176,45.645450452136465,0.3548260694646639,54.04419084589225,0.0029265598281025436
135.23307318334196,1.7642201204502532,36.12568866047227,41.43095349319766,2.4174890103826967,55.30460225519611,0.002728478264237352
169.77957255397473,1.6513246694287975,33.868510062562905,43.96383319432854,2.654828505811408,128.2957286285334,0.0027126065922350763
79.97954802071486,0.8847914335117593,19.77276669980282,48.13746133922801,0.1491160553219836,637.5124322596083,0.002862354952679888
113.50211203979877,0.9560053426201212,35.853464853821684,48.608497099739814,0.10331390809404109,985.129615140032,0.0028864770372898745
156.92142179022574,1.6195040537202023,27.622705372595124,48.834174333222684,0.07890991117665039,699.8987483787297,0.0028477741045464097
97.1736672502173,1.2116551175752837,27.201744861118982,48.55571314926759,0.2254967873821646,1006.4155533767507,0.002800738276730562
120.66444031604877,1.3053712031096707,19.81368217423707,47.83578563493338,0.33728916585134067,1000.3821421525864,0.002605955957371688
124.08346337360953,0.9661538422511093,35.12178629791406,47.68890847493032,1.5889308920644716,92.75469187389659,0.002824209543559667
100.11744962418517,1.350039358407432,15.596351313629677,48.41774727983981,0.2044056708771323,21.778145897873422,0.0030238066065333366
73.86457125414753,1.126321956000989,16.368022937212036,47.82817170114372,0.2480837327545456,11.485002795712592,0.0030648614053493083
213.12231721821263,0.9639692528777749,31.2717579648267,47.42994131817752,1.7179264829910863,792.6925240487978,0.002234975571317859
74.1745958764035,1.830360632565936,13.274259653810802,46.57657316326779,0.38514418915815696,39.65195644135258,0.002932047788944171
58.606925073983184,0.861705960104652,23.13357820162338,37.18930614508685,2.2822707779360676,204.4319269156034,0.002743343511697728
242.92338060516255,1.5176866063427576,18.00630621107397,48.054597776905986,0.17907288274450303,830.823460455684,0.002460847334789175
51.554705714036004,0.6477256043985833,32.85094128080435,45.22285158569088,0.4245034260040672,288.73737331651546,0.002943303972689399
50.432402450975815,0.641161346413947,39.72981592866629,44.13459681222483,0.710968486924839,256.6169296936283,0.0029144827442145315
74.88335631329483,1.6436532373407577,32.831482917695745,48.1804926740847,0.5318317365556935,532.2733664311767,0.0028236440506705708
212.19532416240818,0.9002448821596999,20.890946212355548,48.557038025818045,0.7442772731167162,353.1437129479734,0.0028573520173137816
56.94711717717401,0.8303825093955919,38.95568286908681,48.677932940937055,0.7839104025611184,165.76678447074232,0.0026672810204677647
220.89582372978688,1.8908308874195927,28.34545957266299,48.53547100615161,1.4217343634811739,199.54055342511083,0.002816390456841747
132.23672208444165,0.7516009437199199,21.50897562061588,47.22565505243954,0.8631153560813045,394.46717498673684,0.0027327190389922354
138.90853942447973,1.863698390994618,31.465869531172558,45.20362532650577,1.1260079072402907,91.18576166804652,0.002470120192895016
60.53498976159869,0.4637350617316739,12.425628902651404,46.54053528827098,1.056646563424811,5.071912497822206,0.002822974823530104
112.89105389598916,1.8744924338360676,25.13298340586523,43.736283386251465,0.7212464832778722,123.68923719086668,0.0026289464540764813
223.87266411314891,1.854387528171441,16.009559439204878,43.5625799011962,0.5552865826825987,484.5913611931643,0.0026738587995271713
238.15223799398927,1.745274973098783,14.773984547448634,44.00588489083334,0.4371399526502014,300.5389354726462,0.0026716041696369574
75.94362630636064,0.48785286423725244,28.38241235233357,46.24658117657095,1.9291734227842319,657.365344734987,0.0025214153010504796
194.11416275518164,1.9943137468661691,24.40070699812483,46.40169458697896,0.6993979293752278,483.99316538484095,0.002890165066431247
69.40214725134882,0.518911755713448,22.671148226327468,43.24572871687441,1.3756319182621997,156.22627666681348,0.0028675912648066814
71.95433122361565,1.1726055821294696,33.798299232787556,43.8038889236219,0.4968650489143376,287.7664736029394,0.0027666613462538443
176.83319833047378,1.1499865380011673,11.031611055698932,45.9062357343781,1.0279765790435536,547.7653412464376,0.002605623061217399
110.94406485679988,1.3429391221534064,23.664064976931584,46.98131419141586,0.007783900354173673,367.4445610069962,0.0024445797036525183
87.19221290335611,1.0725489565160962,19.980402711973696,47.30556651592001,0.07408461518502367,65.6435767048651,0.002708810375669061
161.54671734328724,1.3984546976452714,39.561512109655986,45.23918088821068,0.08074860118105728,1006.1104094152819,0.0027206319137357605
133.31642073945275,1.077886276896605,41.24127503723442,46.576142895657156,0.08948599333393631,901.3220311400617,0.002767494938919851
124.26532939311677,1.2348075391572353,39.9438385251885,44.9928838470693,2.2134394306097938,63.205830954534974,0.0027240488319261015
162.05102341264356,1.7127353978465043,7.184907766743175,44.869571649963106,0.2117253249544906,625.7390868297323,0.002774037825461726
88.52707720269356,1.389486645791686,46.91626649351356,46.69007971872652,1.8250283128159366,328.9315898517954,0.002762156816878718
166.46602804420786,0.6127559283253606,49.447387530968115,48.093639559045954,0.6293648053716635,676.240881822396,0.002947420510708167
90.15901270826828,0.6192335453486338,48.99606612090196,45.58242722979331,1.2451778666093591,757.1008257260788,0.0029057768632958078
177.3789471280291,1.6181918330731238,31.721583958188692,47.392623154906445,0.08199869311605586,64.85941845815435,0.0024934646697268303
170.381644914701,1.0881561128572694,28.211621539479953,47.937517140612215,0.14825624553165054,51.1063967892654,0.002477159294412529
199.3218633222996,1.4488748433578835,19.433543817285535,47.006370398778046,0.5398576919972066,30.401936772291513,0.0023571327705253307
92.40878183825896,0.9961661000515771,27.140744122808506,45.39866953119318,1.695276340937989,273.9457770731155,0.0025648962375832804
133.7945094255641,0.666287768338457,33.24595732548423,47.750045196385734,0.899577728201981,696.2317560812315,0.002266188626036677
149.18404887540686,1.3892471637495127,29.73441636236835,47.99526284553073,0.2556357966344743,96.87421721858833,0.0026421970920150004
114.09779854140685,1.4356173763907418,27.570979623439246,48.28650257979548,0.288172006347477,110.19444678955178,0.0026265393969973484
189.874474509959,1.0182767102682193,16.6212108618542,42.75294808019262,1.8066642174752816,671.215569806663,0.002487980301939769
102.22799735533721,0.8099363466197388,41.83128571043453,48.69131415731084,0.6889470359453082,359.5367476846414,0.003009630538601891
130.0673043477367,1.403189462417806,39.9672779160649,48.615571693977046,0.9914785410994084,328.91247400057847,0.003151654173782203
95.41534583398187,1.1171465370397258,16.677386665059977,47.972848608837786,0.18185728909640883,461.19799570665833,0.0025257102626455702
64.11707612696864,1.0008013375319695,33.99970688723565,46.05178932611244,2.5538988828728386,189.36186318324138,0.002876665371533259
63.49660012161713,1.2484942047156795,32.72669657167946,45.93038529113082,1.6663029872720996,331.69355456280323,0.0029011246274446697
59.589962849845215,1.5087409517469854,35.0612067185209,46.20400947391946,1.1833886760830281,537.4764337309109,0.0027975399873662547
195.05552374126998,1.0065564378567282,19.966690767288515,46.53757664371457,0.6339271302161881,14.916015550467385,0.0027053144268788538
76.07265669610177,1.6259486111137373,18.362873275949422,41.95939340297726,1.622228889076954,44.46017907925615,0.0031444267857482413
202.54585204584774,1.0182536901106232,23.70875352829464,47.8924023128168,0.1824759817667192,1345.2893664740707,0.002313167152543415
131.10535161027022,1.5127937150424005,23.003114257101867,47.5911000174945,0.28742592138657796,183.6994825296093,0.0024755755041170604
151.1216917155047,0.7805186182241814,26.580576200927688,48.10334437645536,0.47633792392911906,29.37504478833777,0.002367520043436149
73.13881044567347,1.3638785759856933,26.478110096829216,38.10056001100584,2.0926834451710583,223.41127480412902,0.0029221896793891833
87.68859301113126,1.2411441404011894,22.026354374985132,44.08194764423053,0.9543510494795244,398.1900592973558,0.0028919560076103856
147.47362758652412,0.979506337906363,31.357231678272594,47.49374178509672,0.6260229577762514,208.50805688194563,0.0026033911234027533
113.1957792616022,1.2543233785085488,10.749109482786654,39.838805091579076,0.04882174306415489,272.862015775123,0.003088505279128264
58.19231619669678,0.8030640844878397,38.73566087810747,48.598482652275166,0.1691329106699713,76.49479280799723,0.002338514246109372
120.90409982771898,0.9076682471240699,34.83410486055613,46.72278916086783,0.3255914438625846,292.73315994529145,0.0026288688884169038
69.0259623891499,1.2412358010684728,23.139459136947938,44.00680447143738,1.063896673530743,575.8826510892424,0.0027220891468132183
210.4965006435812,0.9665942141714113,34.61066644512684,45.823153845849745,0.3208497988579881,481.1768876090794,0.002739051932340195
151.85184503411062,1.696299300908628,24.610195245383615,47.670099432687074,0.45903502752804937,566.6866151198386,0.002716040579825284
117.6464886773728,1.139970672914324,24.536290734829926,47.431441171583515,1.5884671769890362,439.0312393887676,0.0027359498777876296
115.71348435026327,1.3574764960252999,22.41408484863337,47.52412272711385,1.6718380931177577,374.4455376057749,0.002795570744171667
155.57553855784536,1.4153136002931241,18.31471199060054,47.75575022800007,1.3835473368751279,293.7504639810503,0.002862629557042625
122.93759747761564,0.977735032223718,29.55012085748907,48.83484926259622,0.40886566021766685,759.0706160983926,0.0026839211597137575
78.61228831602287,0.9082671286709465,19.918690414230362,48.94009427736413,0.07279562709729703,471.36794053839515,0.002739070741164468
212.38261049226662,1.6793967060874702,31.19000803684574,48.59804546608932,2.196201596486086,139.79877781786922,0.0027803897604173127
133.84038075339737,1.7690715752937196,23.263814913441813,48.71400038717695,0.1942762979875879,444.71823450297535,0.0026945050889610285
111.76484323188629,0.6650924828570143,17.221439713699223,48.10315419479271,0.4766817675369456,533.7757584582404,0.0027536478783958197
84.2486102352421,1.46766554466172,21.07849102159309,42.029986063021084,2.1124869890669187,512.4482210317024,0.0028310361305069654
77.92807905469998,1.787412895808224,23.1658110723364,42.78187403125928,0.6977566937385912,203.60335903389617,0.0025683713983230697
220.63172410852735,0.8637478538324689,16.257793929802034,47.10679872522814,0.12826417087965122,1318.6643083560073,0.0028342094893361045
78.35803775795831,1.685933879502065,23.266304783080326,41.61605180347437,2.3789610359121585,99.89764061693361,0.0026495365986194
60.20765835658184,1.7189702411281926,17.883451014625685,46.847382455489296,0.6585619781046049,114.55833544731507,0.002784346666053298
223.03576139410143,1.4533578949498882,28.44930624394196,44.442354797894836,0.759337840618439,765.2317760759865,0.0026940533580420006
128.22911281253096,0.45673390985181866,21.93630466214092,46.97711992026186,1.0961459376594131,637.5891548398067,0.0027145900171132876
90.1753913779833,0.9417794917392126,16.758581088565673,47.139659864061215,0.6297947125982483,841.2535141706437,0.0026237582077250736
173.18324447807012,1.1065585738536616,25.282687307550727,42.099982466357964,1.5718256254148766,269.58316930629866,0.002901847090539338
177.15616584616268,1.1762779797845433,28.73496347250516,47.872598091628504,1.7979192212902126,590.5009927645797,0.0027542178576620644
155.95992956607432,1.076939641996614,27.427244713340706,47.831639674513276,1.4579619992865174,1208.732947950752,0.002773187935236882
126.27593425903936,1.5197101898805294,28.89412930213816,45.55653177940641,0.7704109217661931,93.61316002371544,0.0025254106566464925
117.07739920773268,1.5581357780252512,30.264878224108237,44.74125283983794,1.9688255128399679,79.3227588386246,0.0025345982964425757
168.8622016281151,0.7722338614480535,18.741509368647318,44.3758819030996,0.4980012270893983,200.85400007754194,0.0025509442649747664
99.37698309826459,1.4620604770634509,25.03563924271343,42.35089102833651,2.1490134799039624,221.5168126592231,0.0028057788963379345
160.9050325448507,0.8510974810956481,19.046151298118467,47.244222858715624,0.28338206024665274,778.8905482514557,0.0027280547696304086
160.9050325448507,0.8510974810956481,19.046151298118467,47.244222858715624,0.28338206024665274,778.8905482514557,0.0027280547696304086
110.69116696034922,1.5308665111651885,26.467309505967336,44.869860958411955,0.8308466568973365,79.04309580664066,0.003025610926898963
102.43269486188072,0.6038221045581034,30.352826653306458,45.22499295838144,0.5636025987574852,261.4050730454337,0.002958532129586634
129.52899472201307,1.4151246083440374,19.22528645876693,42.50494810834209,1.8588054563979073,857.9991087695635,0.0026929235773395545
124.65620124939662,1.4598367804946069,12.031554680709514,45.86551120623832,0.41332104681153964,285.12502829811103,0.002664564798525077
130.41754994527219,1.1921441520605545,36.55262055457455,47.641931702280466,1.8527519413524325,36.90407632318376,0.002660343353553437
153.2799265698601,1.575486374143612,14.24733864824694,48.2115770993891,1.0881551819326725,10.88551745741103,0.0029097342482145624
98.79436976422967,1.876841300064088,32.9584693497252,40.28674673712761,1.4511230144856229,776.3806990884268,0.0026610285881805127
196.43536310541492,1.3130596865670827,25.213100749080958,47.181860565991606,0.49199138354564304,202.12139959350165,0.002647085055587727
149.19874195169652,1.0965935117922772,34.55858612347073,45.284029757820925,0.21757498409644735,906.3686880517125,0.0026479692944783046
88.31165644491372,1.335260198102343,17.257582932675643,48.96607857799805,0.008235497543582368,198.1456867420382,0.003203546053369994
61.91087556107527,1.4433551310406518,17.1908136346235,48.98409382494091,0.0025375617377172643,679.7900195012406,0.0029872233600970787
133.0265776096751,1.004190557616933,21.59595997107106,48.98017341324537,0.021143273419287928,522.368558258515,0.0028232683471074355
97.99556802450111,1.486944934817917,15.004097318435683,46.01457826396154,1.9051608883545819,231.27578190306627,0.002674920244673136
142.71561231383276,0.5492642172487969,44.00863262823967,45.60518726981089,0.3378657041104997,328.11315515099926,0.002909751048635066
131.59466863363934,0.45669156556913965,43.350130117035164,44.67546212037059,0.49845697328077315,826.1110688918523,0.0028087625820391957
112.08683384450875,1.2397555662044382,45.371346983847396,45.96179416571452,1.075685305499791,238.91142708604204,0.002644017642615306
98.35807165325421,1.6392769923268693,44.733116744356856,46.57321766871561,0.6410959322512866,211.2507826129943,0.002567840356347579
52.25754998230211,1.6489539504584978,35.26093434238441,42.7330915787008,0.5969652993436583,46.546514513521316,0.0025219225232673064
51.382599158750004,1.4087677092222006,38.675691094217854,41.94017221443233,0.8088563003628851,35.49064700976011,0.002467045190164431
174.2289652155441,0.9365688365218476,10.23243474772096,47.453598777887215,1.2445811587860631,698.702296732326,0.002721020764122778
121.29976659765849,0.8011405282234927,20.355634927755133,39.70386867308282,1.3726234860801174,391.92183782525814,0.0027065666271161564
136.75463723890385,1.7197705895630395,7.122285095662074,46.22499472124884,0.923223128006513,505.1187997741265,0.002438622321489993
140.29536153439065,0.5304786901022804,37.1964120126883,44.656630019842474,0.9760764046505486,410.8290044345227,0.002891541693459729
128.60243913279496,1.4510502734491513,41.76128744479183,47.682252870052146,0.024711419233968898,395.9493453656945,0.00264194868769909
83.18065663075173,1.9112392814108339,34.136012325290494,43.717611142519715,0.012717584978764348,284.77160815744264,0.0024653793348868264
215.20831322783107,1.9767411754920725,18.552965142784426,45.01671795545049,2.2283111961979833,162.69465420562133,0.0028140739423441093
191.53088518526096,1.9517395908430197,11.897391471066687,42.86415231003574,0.5987812262201161,58.39866103518258,0.002837966900223503
107.88831315256802,1.7712694303346372,21.40372728415442,47.87289682153837,2.6207944975981636,398.23603340540456,0.00293780382628458
152.42836463080963,1.2040546237867322,38.908338964526685,47.19935727504381,0.31259039251164894,721.4009207934184,0.002713006122892471
201.83224387908916,1.113048208904372,32.77315633738677,45.52631479816564,0.13559444882965527,343.1434219913718,0.002557179789784778
204.34064301496005,1.1982136435216866,31.24477594718245,46.246192037866265,0.06068089875580345,1392.1599606991194,0.0025154796318918836
54.229649692577475,1.6979217670192308,18.15311865904982,45.72891289594008,0.09371555735630344,78.13380039924432,0.0026940751327280857
114.59394224554799,1.8687944115721071,12.690961446385215,46.90111959716664,0.013384546724391069,485.7867477347582,0.0026818244191018654
63.58094159444371,1.41262329870741,14.028533602741453,46.83246943112886,0.0316535537325502,116.36969789720665,0.002947350185012793
184.28736458055278,0.998771939257147,20.315768247739012,45.664131464644555,0.6503042308248014,614.4643085150266,0.0025861856535318826
243.7329139722312,1.4041422230914167,28.14090798056362,46.96880842496871,0.4026724290576624,917.7989824552734,0.0027861014012122752
246.57892700320178,1.406317769549231,33.6139071750053,46.61417776396922,0.42857126656771316,915.551822377372,0.0028150982979732756
211.42842766868534,0.7724823030358424,15.780408565110104,40.62460319881881,2.2214903107021047,235.1234451761797,0.0031078913759904512
212.67046666517885,1.6254184341243068,17.359252632343296,43.83022242377589,0.7878066580318569,155.81000534480847,0.003051011312002884
77.2771383231417,0.6006905214274127,23.133047274751547,45.30787914879177,1.0550152661171668,248.10470698659847,0.0028354540241757207
189.87164323175304,1.839054605075125,17.37489404444733,43.84629928844019,0.8234744663104495,838.1128488977843,0.002680232486455782
122.5526628125696,1.6309019134390046,34.68062934369052,44.61645099542347,0.6483149278084109,443.55743600362837,0.002665900125636038
96.24346659255768,1.3308649422499086,38.833713079408845,42.292102234498735,1.8285794238176336,805.7036400653412,0.0024680489856778697
78.85947778378346,0.6174660179193227,35.065109654048285,46.11986308626388,0.40948180160179787,617.3950215199023,0.0024861284431663
183.23959066099528,1.6505209482585355,17.967369524703905,46.275043816518654,1.4403251859704744,96.88855219738052,0.003166352574602389
72.04646183949669,0.6216907163618703,18.936362787382983,48.752711787705664,0.3575553619470425,374.93234798286,0.002669861764375677
136.2733334781256,1.4876284843009084,28.15402700088149,48.34439771436409,0.0578204896980759,356.6627021992965,0.0028375499017725993
132.20512888824507,1.8516276919443029,22.77002598065213,47.926864392417656,0.3185892521644087,270.68612031412795,0.0025907714710881745
107.76621118000975,1.721345296973007,17.995470408986673,45.59632988236734,0.3197433264236894,262.1641641960325,0.0025946087813380103
190.22731678542058,1.496645856935371,20.374278300903235,48.12187756326217,0.40865769744054725,624.6925795873893,0.0029423865517433302
180.99453015626594,1.9489651204912661,29.37382494367855,42.23153950709792,1.928256691092196,333.25903003132385,0.00245919003644877
113.95726742465605,0.6734975402873862,13.140301024549583,47.168797163089536,0.651014229144783,672.6697557490176,0.002473969037903855
223.21223281015264,1.8585466588516164,28.464339981503212,42.62691660210022,1.2321707882558885,327.24106590514043,0.0028328817485615797
165.04064734141295,1.3701474693905418,12.42710126651871,46.63626273299009,0.97809849877276,683.2891828634256,0.0027053692001344177
124.55730460477268,1.120228377851619,13.49950213712713,46.56716490383974,1.8833393950553787,566.4488654084415,0.0025799379222132593
130.25311041907372,1.119002820735598,12.205640604634233,47.415766518984796,1.1299997341635601,676.3663060442851,0.002465890951528774
191.42818834972633,1.5409121373891734,10.837445541219951,47.13170142901558,1.120802503255261,791.2548650332956,0.00250854725214656
103.9600943441237,0.7905966864350289,29.244039803929034,40.44886993942589,1.108968818652574,14.266915655971077,0.002749426491124733
191.4138967033284,0.7998230421337638,32.97816333632756,45.746315045995104,0.47342020070999935,2.7235307416383145,0.0028068837335605105
119.32367718805138,1.0784272480961699,28.692016239241465,45.06030479607893,0.3282185129394803,11.9885287152033,0.00269765299457875
124.709458003921,1.7248764700283146,10.856244978957081,45.78370616125816,1.7008691153268503,15.137079234753402,0.0028092921485169354
112.28030342684558,1.5019861230799232,15.624938063477261,43.01956341018241,0.4007773040410128,19.62407846969798,0.0028905991123530086
102.72183170509524,1.770270210831344,10.391833688413783,45.95834731923881,0.5397525897163243,55.82385046611816,0.002680337945413805
160.3500569355711,1.5475437059873598,14.602797972426885,43.302331931919426,0.8556338589454223,195.6897182907507,0.0026841305566295127
110.62797519965231,0.6306369445788295,29.821580440094547,46.321878653404035,1.2376273554336612,51.03904115842369,0.0028292046029968227
176.73237777729295,1.4329473577498948,31.599850384960842,40.24331417645317,0.7786988186845946,135.55993951120382,0.0026582537227683575
80.85043902547372,1.6712033183374018,16.217785551929968,47.21740946031906,1.324419326923376,611.7031327723402,0.0030949669692352574
152.35091086714056,0.7850007821390348,37.123144032626925,43.855072456640436,0.644700873745604,415.77813845318883,0.0026069674121111854
163.08668083824557,0.6547077701037991,34.90051507433908,42.47007108437262,1.4626878146555509,410.26319884018204,0.0026533000838519375
178.2456642499334,1.1904131900347608,23.348158798480263,43.165719140603464,0.971793558080603,306.85402955316636,0.002815401764181087
71.36687089806315,0.8087458392589956,13.78582799834982,44.291421366970006,1.0681872475607845,579.2632140466343,0.0025375292139123654
210.10062966285938,1.3998262386050864,34.139622860228144,47.661646073272195,1.0375154681107952,221.64882674708159,0.002775809118485053
66.7317453545191,0.8404116895746494,22.81535413982119,44.117878295920235,1.038505222494467,787.3277960533944,0.0024827885813395283
184.0225672786157,1.0338819060259052,21.954643829477867,42.283858545052794,1.3137971219506226,301.30875731292866,0.002712457738417217
189.85254452173393,0.8473982077152715,20.007841135347416,40.20820156107293,1.7271237514728217,420.0354892120707,0.002888488324507837
85.17950441690984,1.3059931100011757,27.667218290994494,47.75321679899284,0.3959768756528079,167.05609178988107,0.0025279103693092286
177.45440877505624,1.129380102500023,19.602927769226007,48.79376997755307,0.256481706877259,973.2137575559583,0.002937859110409098
211.70738163449218,1.5078604491874095,26.098915239554444,48.67645867070426,0.08181739397538387,215.86674716467667,0.0027928241933754877
182.00484388405997,1.5873109639380911,26.671528596933104,48.5100784033601,0.08952213811311677,230.3723247407993,0.0028765804148597742
142.2090368556264,1.3925276596194474,15.98055468047264,48.695198330236934,0.10448640153535568,536.7356858528678,0.002856440935759472
113.5192571721905,1.4790014860989231,30.970363110030103,44.54952744769351,1.8378193382811616,402.4526521465705,0.0026792588462748743
155.6689944670474,1.8978329640867733,28.50583005506458,45.804480522182246,1.1341047179427277,742.6975071719195,0.0027262722647814807
86.46493710011717,1.960372859758641,21.248231662368056,45.701100937867395,1.6308762293683767,515.0893297651559,0.002914353832180413
121.13557811772758,1.9102244950386218,34.47098018108273,45.795081256914706,1.2365342503351018,65.6570917433509,0.00281436721743983
135.3818506432182,1.7486691825622511,22.774998610662117,47.38324832998648,1.523721735071371,98.55631899612078,0.0029850074153675936
133.88412615222288,1.6127094483457942,25.61075122933986,42.23738726877807,0.6102298188515182,447.559094058925,0.0024259474919453737
146.36598365927463,1.3933742457008944,17.07770000117351,46.371754199889764,1.6947990883188997,419.8209072955739,0.0027635438317136687
122.41871328666784,0.839788517524513,32.83454477712651,44.29178181010468,0.2218221682415562,555.6669198082074,0.002630699604366441
122.78010840187298,1.1845558708428046,14.450389377339512,46.73077850256092,2.276504132320413,534.9708101935882,0.0028402114876373576
199.57861166162832,1.4601155374832997,27.98668775336335,41.013620339535024,0.6677270596576376,199.96322794280255,0.002712795617814413
202.42185502263675,0.6350652403977682,34.163271429399735,46.42640275378067,0.8959064516806237,456.8516559288781,0.0025923801989982485
84.87169185087184,1.7237006386177307,13.45394701099698,47.72898056503895,1.0796989866126503,10.40884380261789,0.002897382010487226
137.1760285460903,0.7521255692884233,23.138655676779578,46.03549216046865,0.899098597106463,24.21488878618407,0.002676346331005457
163.1405932124776,1.3898687001910766,23.224958737034072,47.73013344966975,0.9436079247295368,149.58903271871233,0.0029571473386834878
89.17707449394298,1.3200968301827367,18.417859679899294,47.974742462689036,1.0463019135917482,107.48202002146482,0.003106704121690316
182.98771944354382,1.0422773016937514,29.06109682162335,48.78145122485657,0.8964744536572711,149.29866245395795,0.002585589989614011
184.44775121303098,1.1653366662537068,25.950445726665123,48.65422624574593,0.5470182775494767,96.78248077752565,0.0026036797675150552
110.30900033692457,0.6339593688831611,27.983746335888434,48.334372236686356,1.2593310549703534,327.6190051450608,0.0025223912049479307
66.70136972449785,1.8819531401605893,27.445739519567443,38.6943767170818,0.8261922680856005,487.26750985700784,0.0030504205213378304
194.49513878631072,0.9825572891155769,19.537881784044977,48.43669488269464,1.0184128436508901,641.467952936413,0.0024880631723118818
62.306226399498186,1.5158798474143482,16.822895648534963,47.19702524153547,1.0789727264104034,228.10406373982303,0.0027348765834975227
74.06848107385075,1.5552435828029676,23.713084948893197,46.75876476289088,0.2173843474162514,65.33921675990369,0.0028199864360876326
220.8980286527965,0.80425532117472,29.217006341521344,44.1746497270689,0.2749717221599451,160.55999628083526,0.0027480158961205705
225.8926078095164,0.9307540166059175,34.89944125228155,44.012741840101945,0.1794849186129464,140.40366777558114,0.002714089325562145
67.7215199481701,1.439170386861807,34.20511485634122,47.604868530020454,0.8004968225905688,150.01843565533824,0.002621181583333866
150.6002232794794,0.5752255233942328,39.100466883644266,48.267561185283284,1.2800680107890552,615.0708761048825,0.002535654856838812
191.944162146511,1.662786413743251,37.80957701144565,48.13104671190144,1.7442509751086102,642.4060133877696,0.0026785813230833554
72.24914022959726,0.6034163173172766,29.299547720735603,48.50050820217049,0.4349732592706681,271.15419775635064,0.0025250189248107674
153.91240874847736,1.7768889837556991,16.105558442578197,41.7404477242096,0.25595324572068495,43.282001869844265,0.0026383115127474417
89.62254637811024,1.7625520848763878,12.66701239166693,46.45013715619995,1.297205952248269,91.05865347839423,0.002527275947959824
200.19569727843222,0.8377518324003654,29.973017306399928,43.04563959179123,0.48419817160769213,174.74277407625644,0.0031616052902217464
86.35148193198407,1.4559053159420638,16.845716691166736,47.59712352578132,1.294421421162713,467.7418882277488,0.0022748617870828733
137.9353036740819,1.4556775976661318,26.94200881353742,47.21707516316447,1.6090869094184999,761.4681831882215,0.0024549355370701393
138.05708248391744,1.1327941594800235,28.972872486400288,47.74885329820132,0.8028872351310719,277.73619465994966,0.002565065444553092
124.42570698840827,0.9521097364098358,19.523050717216297,42.800326470234786,0.3392060596650842,428.87385532901556,0.00271222001767817
95.73239045637911,0.9869400759465018,21.147246389067696,45.7828280656142,2.4721079680177462,198.8996980461451,0.0029398342181765325
202.25934003110285,1.3393468104250672,17.534396240312528,43.759512207639645,0.18646298444726028,760.5648773738646,0.002816710612721604
73.58508510048986,1.0895886888287643,29.7983586746982,47.86596000621337,2.173132598694476,426.7566390596578,0.0027856608705362452
133.09583222195826,1.0097372125977653,20.419224039456896,43.463479217388716,0.3033333369289552,619.8879504732528,0.0026502919100070597
62.23698721047165,0.2218989336324477,22.628890496120793,44.1441107293126,0.912976296171292,854.7085036831887,0.0025833360693127633
228.99218739185386,1.9623513575858844,31.799760724019933,43.938873318279384,1.119273226599859,147.35916800794033,0.003008474847371484
243.37945720066125,1.9693992439931973,26.058014804424495,41.1491128178228,1.913007241453959,209.05089494430624,0.0030578939124844525
207.24823608296504,1.9314148408014986,15.171763659180595,44.76598634953812,1.4053752597893097,412.7425192202862,0.0030518057649270252
192.61457207436771,1.947153052500007,10.990426367341383,43.443359110088,0.4536175833970213,124.02288357093194,0.0028102097968654336
206.4127747194292,1.9293291069051828,9.129046191499693,45.448412088228395,0.3517640096770394,176.51057773813721,0.0027474199545448738
72.38588173330821,0.9851503775084595,41.62857261859549,47.67118759026526,0.5798772904611409,849.4580552152169,0.0025537072363462066
90.56129456550632,0.7828339087945564,37.97918306713354,44.55067346939432,0.837312320695105,398.76261531154023,0.002592549470670675
184.83405926224265,1.3827014338591692,29.444294209710588,46.04141922864942,1.0206298300893772,346.5061971852145,0.0028446545320712367
127.01513985686739,1.018456331409245,14.384173147507498,42.689262529473666,1.0232891600628313,493.635578436182,0.002291066095218595
156.80108509411247,1.1466916590463687,19.56020380401978,43.9199242860818,1.446546861809095,339.66045402360675,0.002721105673732278
242.7348528963899,1.6226652984959355,18.1305033366394,47.651015937300016,0.10391217238976527,373.7423538304864,0.0028353330669041842
72.72777855093155,0.8021623435771021,20.418637606659047,48.00769216287255,2.682820283741138,556.5719266520343,0.002745213751995591
70.94802051435393,0.9392940928759719,24.328115779689824,48.19049569426374,1.8435086888838783,427.4342772714305,0.002591742204007914
241.45230605373146,1.4487115008546299,32.887863014140905,43.695051216162994,0.5275049947531874,256.524500043853,0.0027530814602840206
57.788742934108654,1.9368170567256773,13.090392003913918,47.414140027579265,0.25473106996136624,171.3469243200074,0.0027305447531960937
175.37572234558735,1.9376964278883166,21.139386301626903,41.86194534448727,1.2323097704560153,1467.764296319981,0.0027393364232375446
193.03675169453066,1.9399271033726238,19.029980653741873,43.31169353846171,1.4299673902748582,1480.7415045731634,0.0027438599688802386
64.74407966113532,1.8550863426337043,18.81027042158602,43.68219466623293,1.6244346577721505,437.7788596896481,0.0025745761304367286
217.2725190935612,0.7610947510023276,22.55596610019099,46.23574694462671,0.642532667791974,601.8699127215423,0.0028839585796994038
127.62615574464758,1.234038668689438,23.220247587672933,46.413421866477336,2.259717162242822,516.6673367730484,0.002886347910020811
224.72817455815724,1.1716548695434468,17.319730360013004,48.25466829314807,0.6203090668934388,606.6629794401636,0.0026669297430291575
233.9500081639355,1.0759108616154294,18.81069823281782,47.98996346465947,0.7868112463251004,615.35550270666,0.0027458272139514774
149.7655691978857,1.5790377730643346,23.99188389243723,33.901238335112296,1.5352359771439756,315.04960862073835,0.002779441209821927
118.47600502367084,1.211800984930546,8.770853728916645,48.93374689248155,3.035023254745924,221.50343549001147,0.0026762822388871174
80.83169145377656,1.233145496307874,32.777131513552995,48.909652499129514,0.0858967541485311,271.05396680805364,0.0028625214686494077
119.11801957261073,1.0515767105972598,22.07366078742892,48.96472795878657,0.3203894595476315,789.8151308079986,0.0025949393445172915
93.72745786119346,1.2992225965330353,27.756184414813102,48.95250351284694,0.3082300790001086,642.4023923117286,0.002557157558084926
103.88022346390619,0.6254468154283799,25.563614009357444,48.9343292150389,0.17661768092494565,404.7590781369246,0.002610252928724565
147.55771048759598,1.7755899443155356,22.81185803237871,42.18446342069217,2.4339050887015805,466.6918571511944,0.0026118239802936927
174.25735651042467,0.5006403647895474,35.04372868394468,47.689801056110795,0.37457970487457054,296.3953612293896,0.002785422700643537
116.30062987623549,1.8523348365572825,14.776787391649451,48.83363549739449,0.39619267740130676,120.80126688257161,0.003002264475150308
55.240719183004856,0.3762245784466601,28.12177287836985,37.855140074539385,1.2871764894935707,812.7780537066027,0.002612312541647758
109.21169095295497,0.8351048451205559,32.48814403718277,44.844522105524845,0.9705500305558289,237.8890727970342,0.002700250386015984
148.51010681183374,1.1713599403374733,22.991140706810125,45.59138906908201,0.9893397130408061,498.0720953261495,0.0027787885758902833
141.62071380035528,1.0307561448764275,22.902918112280283,44.8020274648124,0.8105651289191831,381.8649969461892,0.002873520350649165
128.01967889374296,1.2050760906147404,26.992556107624182,45.162058137197846,1.1971921874854574,575.5733806879563,0.002652007177223884
125.08723879702474,0.8931789713688704,29.7274529562922,42.56524577865485,0.7427797722886346,269.1984656706413,0.003215482607497367
145.77289044882863,1.3558952397120008,17.60859741268277,46.29610974995987,1.2297432624516147,436.2155898837829,0.002683604631934385
161.0343323098148,0.7200512815997808,25.257177467526848,48.75510817061972,1.4064409796805688,451.9222774137875,0.002854002022269691
87.94209855384413,1.2022553164903635,36.446338468078146,48.88472703375388,0.3616623047824244,341.1073282784815,0.002645090258594644
113.50403309397167,1.4219503434259315,7.993048709191504,48.485966502218396,0.17964954863495985,678.8670205813406,0.0027231649062818197
100.89875219796676,0.6761231246462469,42.19765911903029,43.633246746861545,0.07474289598306393,287.4748615499898,0.0026927588006562214
106.4601712522065,0.40582392385300875,43.5669324634223,44.76138231525026,0.08438188933699002,685.459263665484,0.00267791108599033
154.16866192923248,1.8980547801573646,41.2797163504823,46.91093507758702,0.19808260867049607,296.1729697788527,0.002637728240894692
197.47021539076837,0.7548666527972031,40.16682434768828,47.96691813999046,1.6326719279446589,400.5160704327073,0.0026932554913399387
204.09179802516724,1.4673675970959748,34.33215074552007,46.469766084816825,1.1847142114499722,1246.7892874873394,0.0027026569553971072
220.78268980575112,1.6049892908711954,10.089107979103812,44.07378637437387,1.13697637619809,118.77160198244489,0.002822315206753951
226.10678988442544,1.7142959552385142,16.464084043628613,43.87800889621442,0.5885806259119781,175.75384416455242,0.002917685029265197
118.13772472015243,1.4854210677492008,25.087933140571515,43.19850521649104,1.1374408153370366,254.21906485306422,0.0027592908665207564
52.19276290117367,0.6532176535190827,27.67695319298461,47.34703151183447,1.105949402682583,529.2833760811291,0.0027416897819625445
106.77370669795569,1.6673231157639135,36.16549921647195,47.001466755155604,0.6712226711173884,455.2348855078421,0.002714935198779792
133.18179388173704,1.0743753341316498,27.043522651788265,46.79811678810039,1.7570899985302744,502.6001355490553,0.002985189609598368
186.38938181911317,1.1564425717788198,26.80754924990133,47.25891335938268,1.7243624708679772,453.3085472184711,0.0026671971147722174
101.55002172311364,1.3931588553063312,18.913847183797873,44.0117353371856,0.3595441302641832,594.3421123384813,0.0028024762077775403
146.9049031788527,1.0551360350031729,36.37486161892136,47.38662363403084,1.1039856848559737,56.56485883526644,0.002546283236741155
130.43328342696014,1.8662549215391955,31.581272643897627,45.1042755812679,0.6309799336932658,84.27690841255195,0.0029098081845083373
158.56488939079304,1.904520377068761,29.926522826061984,45.80987590947422,0.46791603725878933,419.05732334582586,0.0027035021394653446
133.7878576087584,1.9202643007465972,19.53161378598244,44.213476077355686,0.6394672038420411,907.2280132298234,0.0029455570028718236
118.86241577004748,1.4296993138321084,32.52626135133709,45.66972139094479,0.16748665547062408,280.9384180453942,0.003323905847872799
194.6371561614469,1.2237242799667567,23.01321161759618,47.93221564538613,0.31571467209368936,189.90162283327342,0.0032562607245037976
146.63556084707918,1.2938707049268472,21.437569425377884,48.30504881925449,0.24950960114606097,37.093774048419974,0.0023167185604892775
102.4917592980419,1.019559190794485,23.251037184876903,43.93940855945473,2.601441854538023,464.68539233169025,0.0028407138372785233
114.51616482074937,1.017910149156606,20.703579835039886,44.466921611885866,3.057677989465164,368.1571793322145,0.002857623475693331
165.77089093521965,1.5438183679008404,18.944365555151183,45.547661098953974,1.3472691468134077,340.2709771797192,0.0028747892629606394
125.56698703723306,1.1942093163580831,31.446308426004176,40.15268602300168,0.9981603257111366,773.0223740558414,0.002803130454327502
52.86014774307824,1.0157333131226443,15.94367098605382,47.795036684282536,0.8013685919834965,169.95040475391752,0.002721900830248673
52.33401403782888,0.7922191919685976,35.10630520508433,45.177220089537414,0.964812551350417,605.9826429157937,0.0028547409959925564
102.45814859622037,1.8788198110457526,25.878368842464717,40.781555744134906,1.4260304360461689,484.13067567872537,0.0027762369030242652
131.11448408727958,1.5717914896333087,25.962102894398527,45.099724821671714,1.4404497761426556,568.5234331414129,0.0028575439872542026
124.91056014633331,0.6921001646022804,23.077365605082917,44.6931712072507,0.40114345782765876,60.317517837014016,0.0024858415870353335
199.6590531603591,1.222443118657272,29.583532011573315,46.99370834612799,0.8777638823583945,217.15504278760622,0.0030903753796505777
97.99278063484226,1.0032022122585227,24.779461323317875,41.71427787835257,1.2673231462450507,869.2527341890013,0.0033316631274219223
109.81677325469607,0.8836516525668018,25.20953812203363,39.187742636160145,1.6586190878935654,1211.6099635145986,0.0033350719730972536
183.45683845513224,0.44903435728301566,30.418648361692096,44.89978512599873,1.679518674855325,636.5722050640542,0.003273055712741668
161.95718424584533,0.5274143454799446,28.767725724871912,44.907706157591804,0.7052595803836386,578.4518816104792,0.0030482910842986512
86.76643771125586,1.336301069352787,15.988398665261272,47.50961027757225,2.4072905817854324,667.9656998604665,0.002696191992975032
94.69271931801748,1.1694582162969493,23.2364364372951,47.613403715363724,1.2916932546972923,456.0779372299026,0.002696244739982024
166.7020950812883,1.0207798398312498,37.772546126088756,48.6816069354288,0.9580733654714849,559.8163164641467,0.002614516590442394
129.0399008853349,1.369569050830046,12.432079132177462,39.60225544272817,1.316529240269076,156.40011487914956,0.0027223680993241147
67.55989250823185,1.3049829411489742,23.89992824788539,45.367449009667695,1.1769469832373596,41.39652978126078,0.0023687108693689453
55.497457734754704,0.6533756163493878,27.623377584902144,46.96573391246644,0.557295651356956,144.01884073958942,0.0026791039688307044
238.7914757533236,1.6762782153691795,16.956258393561946,45.17088665632438,0.44982392248775943,311.9423686945872,0.002717569935938068
247.0055779967736,1.8165716559335967,19.24918756603163,46.30541677214535,0.6650247964774377,48.957692445606,0.002804342876706358
52.448747554874316,0.6127973809275892,27.305581725069437,43.694099395529236,1.2525003980293647,15.077555464635005,0.0029667903467425006
229.14152797792508,1.7196943467766588,19.404773818271646,46.875615834689896,0.1912967081887924,29.195771999330976,0.0023563265480347124
54.812345813936666,0.44071361712213847,27.28508727621206,42.504484436241,2.4144044080423557,536.7527802120189,0.002920739134504107
51.76243373743847,1.3173995690711686,24.319031331354314,43.627399939868965,0.3450226803727681,313.63944724146086,0.0029976524189291275
50.506383995733984,1.0220597110968221,14.28555397613531,46.33146217638381,0.24211963259980615,229.49629441606012,0.002948822868789608
247.2592956366664,1.349263107599905,36.68396110042252,44.74194721657717,1.8866990744752963,488.7685624246458,0.0027846638094544763
195.3378264330123,0.8220283099907616,20.3186246432537,42.08584309361416,0.429962097954478,142.44641238571214,0.0029133785355915168
180.86171522765227,1.447678080899938,32.09614845975762,45.32291914995813,0.8846821775696279,1008.7342162440501,0.002744660545390236
87.42720413051353,0.8523131721595361,14.830605232588004,46.832354634411686,1.3393177836669603,18.493494856325004,0.002759910392669398
125.13320675995992,1.3612453082657587,28.171194963589226,44.71759231980769,0.6706683878764805,1508.2801697162624,0.003012815748727343
142.50582355522084,0.9159619559067406,25.776022149642337,44.74237387414909,0.6421542888952408,45.857862159816236,0.0028675666625033345
171.24330394186515,1.7617955257861306,30.784277722461024,47.50592401189797,2.1817971270453427,310.05635272307535,0.002799295361404313
241.97167563908712,1.146057180471794,22.059985844753704,48.64702508032475,0.117845715370758,873.8092263177246,0.0027706051931616392
218.43857028424546,1.6275774552564166,20.973953844579377,40.692240693077814,0.02123150587051849,427.0716256801667,0.002592197074106699
117.77904960114351,1.2033336685296994,21.70738236786679,46.57050396602047,0.5045335797593457,398.5574000066262,0.0027742323971473126
158.771117121621,1.302208937261369,24.713085860802387,46.223838267391685,0.1650176832154541,970.4204892534165,0.0026767985451718215
111.12705379428279,1.4097253340500187,29.845385501238407,41.41738651323753,2.376951173308553,71.522975131324,0.0022737465522211803
242.11054229112088,1.23501049952079,36.20391342961851,45.9166669205669,0.368919993418213,358.8211773669516,0.0025352675740823224
78.72848065536684,1.3889820817986072,11.146726576336082,42.75866369337506,0.046637575645558635,504.15633073973237,0.0026037057157640184
52.201059545175106,1.38110937652229,14.12987877193164,46.160461169695274,0.013807784835971356,229.38515324704227,0.002759654114361367
209.4519820828616,1.2706749857591677,38.05397893727674,46.91841632964577,1.9561598063253725,501.24072968880887,0.002735076412882455
61.64531110118914,1.0444369698008298,10.946533084097963,44.47571623235859,0.13152065721686154,563.3032065552093,0.0029718879066929675
197.96600098757568,1.1370920979119428,24.76565150324065,46.811222466305246,0.4249705405124633,532.8791585082807,0.0030307726319438438
166.75779655253447,0.9276213063689287,14.742673828594285,47.912581736147345,1.4714942916894513,808.7160170420099,0.0029072378218752315
72.85041564750406,1.1750000136419627,15.057728865646517,47.23475863584415,0.29793161660661815,483.09308449707936,0.0027448578472904065
189.87275692812534,0.9991002288775287,25.38470283250323,36.56313636021707,2.115010227993054,462.13969554484504,0.002929929127339731
75.95022983125897,1.092031352893841,9.28821473164008,47.175659204035966,0.2825520515491892,678.0858427554411,0.0027134507086293514
153.62995706080332,1.1704605898996565,25.014083151067567,44.5562007307021,0.3662978476127818,229.1922082370567,0.0025484109505572623
223.58867494375744,1.292858176597624,22.943610579278705,47.19536474883386,0.22501774669416968,208.04145683054435,0.0025490950518742496
58.70895270480159,1.6364024926275778,21.52260509903183,46.68929533461823,1.3310863130100885,233.90113346523526,0.0030209840071153764
234.39935671379885,0.731905099440185,28.36474327255652,44.016456917960724,0.4715033352226725,563.2367405446786,0.0030633627631265277
200.04665214561888,0.6656692125331712,27.447263026881803,38.44227102572056,0.34973470798957745,1421.4614319150778,0.0028412793341383454
59.20535406265281,1.575858245353226,14.903455429467737,47.234995028933135,2.1311317067132274,80.5742596211684,0.003041457560239303
212.08800370910458,0.7999395556533047,41.52450787584214,44.16011468428397,0.026466442682189267,449.56939927744395,0.0026141174644347853
71.72419382839198,1.5973368627080016,4.47430360119084,47.00054434990636,0.027537906810756612,570.2927767936585,0.002649632982083826
191.34527652636294,0.9497555357910357,39.244491943007795,43.366750792924854,1.4040789011866202,445.319620895126,0.0026084791583834838
100.34679405262013,1.5484039606749331,32.4516437103062,42.612397174504665,0.5084997373592379,99.59633053558487,0.002716000535136249
96.337924209933,0.9450349072298002,26.673365332837225,46.17148631598184,0.5551344666263349,160.7369424372643,0.002690294619887494
137.33960245103916,1.5668275398720364,18.178588140708012,44.897052675049935,1.0360089666041328,87.26618871591558,0.0028218296381279694
118.40580217045165,1.0683525466306245,41.70234163345728,45.94956545743695,0.833612444525604,12.823448397361927,0.0025666356335280376
92.06205570282619,0.9366623045485638,20.156000243256596,44.96727395362471,0.2727912763715934,59.60904810251174,0.00280405419592543
210.53283248181,1.2331214021267385,21.166156903076168,42.278890979387555,2.783915713761947,220.9113364375689,0.0028313818064324824
184.7956152790057,0.9311123898008081,25.279372942103617,44.17938605274288,0.26780331133223784,1023.7789986788388,0.002686926908965647
153.296945755423,1.002636639853408,23.20155014607129,40.60778163161158,1.1773414814830503,722.5142422118331,0.0027068028673016206
75.25571145955479,1.2815798051457048,13.717236974059832,45.32149292083941,1.0069860382814486,351.4667496074964,0.0026529122691520495
104.77538221173414,0.9548187531201408,41.90745350387385,42.84351227349411,1.488403732680873,338.85781489695904,0.002723960006197536
194.01566030965688,1.4129007933584923,36.09058209200873,45.6070614229704,0.4413825184302561,893.3682730527904,0.002734539357816727
87.07886756923568,1.0540661580171409,12.181682931393954,44.547689220908254,0.572034410146261,45.144760384018014,0.002491929568358778
129.2836212886519,1.200275396702451,24.608002014487383,46.552585345085035,1.5296765033781579,733.4799808202454,0.002683119616944945
99.91507531739789,0.8632429410316119,35.22718078086753,44.188332101282015,0.20589869779091183,285.3320191873659,0.00237690816080615
165.82271339358383,1.5642703847643078,14.18218733152122,47.72682326000438,2.2824055774029195,123.5827320632945,0.0031306592126576667
100.81410526387974,1.1890625465029534,31.101081774977384,46.918369878920295,0.6694296053576851,995.240317866776,0.0030114458066757147
210.52519376845427,1.1532890811471874,16.05624871417996,40.549435057019096,0.8525075958472794,166.50357705826568,0.003044055472570573
163.69527617806753,1.1860150510445508,24.86936512045065,47.34018426126476,1.01306481011735,193.14008951160466,0.0026684861918330883
187.2859356427604,1.1107040586876826,24.157823397291097,48.05807724881812,1.842256867119478,476.4158776191245,0.0026150587242728587
201.06022960901134,1.740581368212677,25.348338265099702,46.009972996517384,0.4719592269361817,606.0596473021548,0.0025939225928830766
177.22080983107932,1.8326450469274391,17.25379888867463,44.80533447566458,0.17866409286362694,416.55215134224596,0.002750877900396391
190.31726658380984,0.8199345734627826,24.8645566381152,45.12055536542247,2.5827332148516042,283.23048344740516,0.0027719017240660938
177.30163129398977,1.6076741327270627,29.45164653259856,46.58145209545956,0.17191735453369292,1054.596967423478,0.002530825548899527
222.04697444233165,1.5665953507867367,16.269444195691925,45.82950505132054,0.5780443999766073,176.08073222172584,0.002940907405614109
100.02043819671246,1.3156551032669506,15.017701250655726,45.351560267041535,0.6294718479979149,170.56198042233692,0.002877817749281597
94.80872945203426,0.8109661604631558,24.213577118130587,43.14294048197334,0.2107524618180462,551.9401761497455,0.0027021241599394807
139.06714236886478,1.5678795342414895,17.08487752135648,46.24869754743062,0.969078824879528,353.93152292153053,0.002814585197379846
159.1909461956054,0.8189035060974211,19.46809316090056,42.34427325143905,0.8004063345552843,339.9432746098153,0.002525069359494235
105.55126935010041,1.5405428563934824,21.24343256425684,47.23466205830976,0.14570887232769436,341.0737050787673,0.0027012976182297574
173.0000485556499,0.6170158467049565,30.630263561235736,48.481686857600266,0.2329539371257453,350.86624979368855,0.0027497556013440544
97.59712639097484,1.8589860388112764,15.626683761037318,45.637276327740125,0.9140163906911837,527.7606906756099,0.002461629853709249
90.77605488754484,1.7463929810117276,7.76513829796392,46.74318285245755,0.4480289274025597,608.5441576479102,0.002542820112056241
180.73719854240952,1.8407049980961945,24.989414372300658,46.18820259741829,0.07659895836577009,210.6277287937798,0.0031849178013153754
80.70328812643203,1.5613618133702456,19.309098889497108,48.22863686065122,0.03715931183743832,352.38096563405287,0.002861358160151117
105.59199974941411,1.4944027690652373,20.52424741914826,46.45216044816646,0.25649587451174966,406.3198568764493,0.0028940900541517
68.34005021102351,1.1707934942330034,22.21141168923743,45.98046555984832,0.7893040782291257,187.93407049207613,0.0030654489489925644
209.56425144215734,0.9728866165935942,20.398103220905377,43.59479936469826,1.0617669585452687,980.8014110342518,0.0025770589878658236
90.31751409833382,1.3695567341796069,21.099128871356758,45.61272468342027,1.1709630260420825,81.52715275026058,0.0023445502259886956
169.27109403019767,1.2127870943995331,29.783631443394853,45.49869246610401,0.7617371224513418,169.67832923080297,0.002982735817756756
111.97976599383418,1.5802350292690897,21.45539046057728,46.554352900790484,0.41442936156652965,918.3892024132928,0.0025419369366998577
142.314637193837,1.4248554101252324,7.841935297023964,42.68486506927694,0.3677950824350724,160.9776738186577,0.0027829904640079457
52.20056149253352,1.4069456863822396,4.668789707186908,44.3974894792444,0.30410301170336484,45.178226117470615,0.002707297954628283
60.733357182926525,0.8402992824175234,24.463005147135295,45.43669857226997,0.45682900501365964,498.4471310630209,0.002600234791956374
54.32485942284534,0.8872186618394199,22.8949523154648,41.94113493372903,0.9690065206158451,295.52117169496444,0.002827841483413725
234.71411729277062,1.0448491370401867,12.396090850753811,47.32912659952119,1.1358000036017244,500.8534149841314,0.002850466824068575
247.51481899801436,1.77961309534482,31.41558866486384,45.92439135493394,0.7679172926555278,258.73290705524056,0.002682056488764295
57.5043553943415,1.703142870592671,9.919853458659636,42.031657698264816,1.273981921312056,958.4610497589001,0.002729542720354442
136.75884683709506,0.8280561839404108,24.236142068329624,45.97964789573591,1.0396610776209532,8.651080250479435,0.0027389777027294264
232.28503954762044,1.6245468214519019,18.04561198784985,41.31701216403702,0.597885820526828,73.77277124494844,0.002904119914778491
64.44672979550482,1.026250194943037,11.118712503088469,47.30047924644048,0.37378040058202244,90.837456279888,0.0027991994293447217
166.9958811791012,1.3407615275988756,17.346726217942162,43.90548989745491,1.6560068292719015,160.04588704473863,0.002894501068080959
132.15905625017933,0.9804055836338227,26.640898819406576,46.169647863772,0.6148683834057572,356.1767065382354,0.0024668631919952
178.9857343620519,1.1680179359911291,27.021198290407156,42.283255682573774,1.564062866059156,522.6297267939335,0.0025710759850430566
187.17742667892853,0.9784473959757137,25.993212199790438,41.208270758032576,1.8502196324213704,811.3250069775986,0.0025218362048216817
64.58406578194032,0.9136127748312741,18.431369932021383,45.161692827240536,0.3441725431140802,312.2998344092858,0.0027201588721085038
196.76625608082162,1.4199556162445512,28.88575146564295,43.836514531687854,2.44937858629161,565.2608936568073,0.0028283863764617004
137.76806436708222,0.9472233471042397,25.976725654001548,48.584481797186974,0.14774566525141272,415.5052437493507,0.002509311014412076
105.76553364616143,1.290262562453512,36.3905283573714,48.697566313813155,0.22371766038211263,278.98248366301516,0.0024867362750681486
178.72901845362102,0.5976705551160099,30.352403904412707,48.58026547338977,1.1257295485745942,927.9543472994059,0.0026182696953397358
75.07109448001655,1.8426580690532741,38.787494828754284,48.95796316578314,0.5597167974481961,97.46152558268567,0.0025938286342647963
182.94857891103186,0.916480404223299,28.157944583587362,48.98826288486133,0.7381976338303622,440.83247096797,0.002395957824136204
141.65769963685884,1.429265882654349,16.562141390172854,47.52086477978547,1.118996111115101,487.70621455686745,0.002799022229172918
89.29703325960377,0.8884103175050755,34.43020236462858,45.48627858670871,0.7464678514754294,249.9048822529748,0.00281155774696406
60.311468656649865,1.0237082983619823,30.827593255772502,46.741299999414345,0.574080189685273,479.99744587471787,0.0025607123916348996
65.36176640492302,1.0760668319033015,14.8783403449884,47.36266498513035,1.2317865917058968,371.84624169907045,0.0025898205888771593
97.70055357004992,1.3748036763725713,12.49482407170145,47.409264656814585,1.0493843540227137,149.11985952295387,0.002647182895569749
150.67416955022102,1.9430982419276,25.591788860457555,47.7755647129864,1.2610902149732437,367.44631075377947,0.0024577244371971983
104.0390395590925,0.9188777609122346,23.91771391576186,41.40145671305504,0.15994359372635128,667.8160987735108,0.002754472556657158
156.72402028906245,1.7646363539564938,25.844296370370024,47.85844709436112,0.7680434194530786,383.7000526820584,0.0025395806068924517
110.71754174319285,0.9713699564934172,21.359792084597373,46.81826788281134,0.6079099382731215,582.7630679856619,0.0028364146122217687
212.7977941603365,1.505724726930611,15.429167074340464,42.92913033056704,1.1743112631198693,633.1758053014614,0.0029071550326403048
230.7163834781706,0.4963501313137645,29.080038369451245,41.909036184356694,1.6092351552166864,112.9410970316121,0.0027463604154228617
179.84148407112528,1.6537220984541312,29.257648947766956,42.41177478573722,0.6970986147854565,60.395462563158596,0.002593510250799727
92.43270657945408,0.7765786162954834,22.662134582555737,48.147397388731655,0.672450698089914,1116.463151709216,0.0026419701357190467
111.20151342954827,1.4825138600270589,22.253709712347526,41.29931847209532,1.1758986628822123,66.83171846108571,0.0028378447215382727
134.79735169629635,1.7948683200323932,23.740246160938845,46.21747862103081,0.9699586135044288,966.6708557142604,0.0028255523341491106
237.69469449226625,1.7611486517110333,18.58649461584136,43.8677228889644,1.0093390553499182,411.9404504722335,0.0029557894467794146
87.98146002716604,1.8351034677531517,6.0176632152406055,42.59428544993785,2.0581593456443237,833.6205626865135,0.0028365604092015044
104.66278953459258,1.2055623376865423,27.068757862949322,43.321927220516265,0.9933928638993746,325.9181429775817,0.0027950635195222455
134.53685610685733,1.0884707085493497,23.960104903696603,45.64667888817188,1.127880223322641,335.61684791690794,0.0028995985210506356
161.51110746352308,1.044657310921997,35.12399602700967,41.771459738480004,0.2534315989293035,756.3714410897321,0.0025505563322901666
75.96080415189931,1.2395522480583538,13.447316050211578,48.02317702161524,0.45976454907033865,249.04681060698718,0.0028706788310554673
190.2579967851446,1.3942043252142466,38.481979901966504,47.18334414458366,0.6942484820449364,276.2592222285074,0.002941890085272085
192.4858887222978,1.513260477665297,17.476959446300068,47.74840273595646,0.7786175079693405,209.05832570983716,0.002556064267552073
68.59394319438536,0.6535228613243946,29.16685298580565,48.07340116098466,1.3251557348710041,70.30159337947822,0.002619910508521115
77.53270972183823,1.3098937936966675,16.72611985585614,48.156046118219066,0.8331413718687835,107.14381817398096,0.0024903188165928654
60.858983275575135,0.8318245845847033,21.285498222507243,42.36265407234261,1.2541992360600291,10.000671583052283,0.0025715847960867152
229.6350871830775,1.7098450099569977,17.015299270124796,45.66179119538545,1.0252494378035761,55.48802714475542,0.0026299550589152796
217.67157788854738,0.7779354873835289,22.22828087689086,44.5228454567583,1.117596628722659,106.01046970885758,0.0028551146981957453
206.65581316540806,0.7114594141544509,24.001876564303227,43.124414931703306,1.1730085574075548,676.104677565679,0.002851915574925391
177.4999501229195,0.9333952397794437,23.956474461327744,43.48378164474236,2.8068520692168093,865.7824409731395,0.0027588042397888876
69.57468420503568,1.4423018797781457,39.992220326341595,46.084314886897076,0.14615468986891114,124.41046921385379,0.002336167290296507
193.62990466081348,0.8721334530255941,17.7068170515458,47.37666312900254,2.5880535878989037,974.6804293099372,0.0030145347151196013
232.13686146626685,1.2129939506972107,16.58339198404706,47.24006414189812,2.1595798453955806,1044.49844807969,0.0030003705788183817
248.853180014629,1.2765242960296554,24.647666398384583,47.528927656727284,0.21207943957206055,216.0669009903866,0.0024685496687454353
172.49440318653407,0.9742985878665704,21.643631730225042,42.57576823594998,0.8730013137009512,923.3488901965906,0.002958592606207909
154.854201245512,1.1175362680611467,20.58644303248067,44.66171261760446,1.1010195006580437,279.4535447122007,0.0028289027033669826
115.46370537553028,0.858596085470505,36.537340533930056,43.31033814725581,0.5947837324691557,817.6101126197931,0.002498498831548401
172.41811503283282,1.107980718718059,36.96666943422303,42.24252839302693,1.5927339008633388,211.09262023995242,0.0025233708809454867
144.98503520374288,1.8688078935963162,28.790591506787177,46.25979453837673,0.8544534038906024,596.2918355335024,0.002532155556490249
74.51204192801268,1.242633736178066,18.93417527184373,42.496683872032925,1.0197728056382784,418.207700528535,0.0026206672909606216
206.81876128221072,0.9285676023817488,22.92012800303473,46.80089855966053,1.0906548928942843,352.7990837566471,0.0030333887108012613
83.2341817591763,0.757133854689302,18.64516909978079,48.14385612558616,0.7836323670295673,919.7270153465336,0.002420965051533456
160.59940294896106,1.7422670223092451,19.48746001809929,48.11429115504865,0.15816138055998202,291.30523692137984,0.0025594471335037465
142.64806732158328,1.6623561922895531,12.255043293693726,46.54327359204852,0.7630916524566814,487.62942249701945,0.002628116385093484
140.3662287650622,1.3844195930202468,23.8354751170656,44.82529605654403,1.162830585666982,363.12633259612846,0.0028240947754522242
163.6068138996776,1.0617563207890288,26.997354698208976,43.67553855932702,0.535598323450418,333.01243385089083,0.0028602482336597805
110.47405741921348,1.2299021756849824,26.050419520191483,44.671620004389396,0.354653000591077,796.7110629519817,0.0027781956970632294
140.53896693736687,1.2244816176427804,12.06176890075951,43.63472965199827,1.14447377370503,184.3359833525805,0.0026648667057666765
131.8582018709752,1.2650852282252365,17.177624418102784,45.36907128143268,0.6840509078030105,916.2679433809886,0.0024004851615603453
128.661115795581,0.8020112104251229,16.041562602274485,45.875097583391565,0.8462827613930876,622.1391491828638,0.002455880804044977
136.27415275296985,1.507440645259081,29.103436811647086,46.52678985255709,0.532448120681358,330.0474246598828,0.002815035459909907
142.4693505020503,1.5023877215602583,8.768049616996699,46.42327959612278,0.3888092653345703,286.1799187887504,0.002803351393392881
203.61351886677983,1.9182611960022848,25.062014494966654,42.82100419598096,1.2314873645773057,74.78176937319293,0.00293732914146517
66.55101815459014,0.3792921158606415,40.311795261883894,48.01059533670151,0.7659382829187122,171.6766960620757,0.0024408672645386733
75.3163005086879,0.6444640696258029,37.71202978876283,47.53524530134603,0.7644682743157704,84.97815107987016,0.002610259141665274
50.31551142516372,1.639465303836813,18.137184205979594,46.02778865723775,1.2050076694511163,648.8035922140397,0.002633013099206526
51.30786940735504,0.9660559637677055,13.92698995491261,44.94802806081242,0.772764138632258,266.85136104434633,0.0026545181641396917
114.43031562855785,1.8960900060709034,25.678596582915326,43.00196819185075,0.39545727329524794,315.88550494056557,0.003114245103904522
67.31007194556065,0.43228198354256636,23.84018254218191,48.41588113708725,1.0287723922917098,125.92014178233782,0.0024253473618899473
166.00844291765182,1.8757881470970488,20.226117221642095,45.44269737215168,0.9189321432007194,108.93395117845274,0.0026262745863211688
183.81409881303233,1.857470612552755,21.012164051705827,45.680649897765235,0.830785365218437,164.43866280957465,0.0025753067588985493
99.07532501774341,1.8996032401474414,21.38550121472591,45.81705261236697,1.0305546074991907,1108.184358047714,0.002567344311542399
176.66988160907232,1.3361745669506835,31.879805072510116,41.91914771582491,0.8944501334884105,66.91345591780698,0.002900896658957186
108.66466149946439,1.1533234523390385,28.37920800562543,46.862111833955346,0.4441340435068999,225.55716276278304,0.0028416363828905667
127.72685192916539,1.1257491654223883,15.308105527314043,43.569303204805834,1.5556327234808316,86.51689624795704,0.0026864839467962975
172.69072062617352,1.02213542132134,27.99782184972552,44.52049756153569,0.6785923498888775,77.4846939436075,0.00236696118035446
162.89165186386052,0.9353123593559853,25.885659220450723,44.33230876661147,0.963405430932553,90.20654122231709,0.002346374686498102
185.0546218453304,1.089456848341281,24.765033289947592,44.19013593417341,0.7892403908590907,70.13645838998094,0.0023710975137094994
108.26477150092244,0.7599257466344171,19.905810437125528,44.88334675101746,1.7492489942816511,573.4112918517708,0.0025739407379432254
156.4223159762277,1.6457014187985446,26.790718944136156,44.4148871529643,0.3048020188936753,103.09581077753946,0.0028831373797031153
101.48987433141241,1.9589013536815971,24.208334569766578,47.92110497371006,0.20317336487398396,21.789296874396506,0.0026880409170845837
138.91266663240862,1.9484220682359576,25.610538395164255,46.27834115541029,0.2732617833070327,6.619302054328449,0.0027358414031263567
194.44008880414182,1.999111391649226,22.066357178427612,46.096052432079944,2.3347333440055387,22.491094250083528,0.0028219634284704647
156.70784389875354,1.8300247892037134,20.87794773961666,41.724460977027164,0.4052022180242289,73.80064879601622,0.00277075480466476
105.95432907426915,1.1009494685243701,21.579971946080683,47.21779637408443,1.927272334782904,216.6158097466362,0.002612541262530037
61.00578174133535,1.7714466980468493,23.894736435705557,46.435608055597044,0.29972488862811764,64.97041477873694,0.0027690937616322757
55.151261526757985,1.4048089926079308,27.469879537932073,45.14267521601473,0.3117957234515711,69.6142385989803,0.002791567848919196
196.1765160793112,1.05323987002371,19.201959305501813,43.90960184865622,2.00768812903759,280.4365719969483,0.002901204993401913
75.87065715753792,0.7628133409058363,10.814053563416623,40.26952532855801,1.0236242186297972,479.6021912591047,0.0029960507959954073
220.59147282746156,0.9767962271633785,28.537107828748905,40.97192160751786,1.6266296510087717,760.3252542330644,0.003012609004812456
236.66119158556484,1.3250602037549541,21.081761074695827,45.84740523952806,0.8774060049556053,85.32234335185495,0.0026989403104606935
196.25389589212918,0.9707834968647974,18.411441846916645,42.870894089960785,1.3873013834960832,112.06656075979379,0.0028691908437839453
123.38161992660879,1.415827701491349,19.84242931357493,45.84516257664037,0.04969344863767678,421.99088317434484,0.0028662879734986475
67.13659368634022,0.7293617115282469,23.942134180338012,46.665633772621234,0.10262079046948457,905.520549900079,0.0028804283475869453
110.0020693476704,1.6909046797861962,25.24734313678099,44.01317911234168,1.5231454673911096,126.80474921407745,0.002735916332293885
156.17015161319296,0.8439402816796394,27.514263366717888,45.116178483010785,0.682145117775153,1183.4761396699728,0.00291470452656921
133.77801643660507,0.6630578931957233,22.483741082216252,46.080968430732675,0.5409200857995007,627.2874708404581,0.0029719482014953394
142.9995924492568,1.884023571769929,18.892271183680347,41.53628187090719,0.7153674699736101,467.95126775385523,0.002703827399263582
79.19928643005754,0.8880054945988052,7.74243743760929,47.78631518125055,0.09608658211673919,452.09888833115065,0.00259076678258765
197.10832041225237,1.6999963399839872,26.34770004468673,44.804435490388585,3.7072565452106097,616.566573944852,0.002853133645588428
181.70852844388307,0.7266556854695516,28.45601121802657,47.95308288102573,0.008232887217091507,495.3107314809693,0.002635141330697069
143.79799920200688,0.9483723756838871,36.505665929571016,45.55850479299414,0.012539366340256392,454.94863743005163,0.002662271234946993
127.71695662969643,1.4117680063155218,13.218710566262914,47.49897872446047,0.060818036875607676,852.5457402506561,0.0028653292843347105
224.58520183694557,1.2119663293682053,13.657907784430892,48.24152784412324,0.14685529891575186,482.5148152991234,0.0028086029136069166
170.64436022265218,1.6759413918151354,16.612682902813507,48.35333355476267,0.4347327693138294,665.3144508865846,0.002945184473616586
122.94863473626351,0.9618191486094293,26.867824279763997,48.299133987483614,0.8645895398078528,531.3685012426973,0.002710965645152034
82.1753976414196,0.8708097286899317,20.810481355919773,48.07785088652886,0.6949255933163742,536.5271897314768,0.002708275149579443
210.95544119521378,1.376872608057439,28.87813746540565,48.30259108579557,0.4383517753092984,379.9964541442176,0.0027155508003543134
228.09554921204005,0.7858599720638183,26.688723943231036,31.58723342079093,1.7889074651233077,683.0771846169814,0.002483765926389743
202.98484345021896,1.8458102877818257,33.366856590722925,46.82102726501851,0.8507227670761954,436.45773350826346,0.0027058851723518493
210.52191394820557,1.7432345362452508,20.36848946656824,47.313263339222445,0.7278211001808932,677.0312437443753,0.0025769099590218928
115.46857859618922,0.91532317122917,7.823012601432946,39.08490971793915,2.4717934908980874,290.03769474815493,0.0025923917430319375
141.12872475846075,1.9209290045943501,37.755656905508715,48.297197725457174,0.26836975635120774,762.5290366058567,0.0028661931318923082
221.96182473765455,0.4421753656960158,30.622167048735456,48.77858340466068,0.5011787448421217,316.7191745693749,0.002426106071211168
96.03091563299071,1.990955808506217,21.659440167788908,38.44602401703854,0.29602574141160964,4.967157304068779,0.0030231412215935933
169.70497028058264,1.9899029964122252,25.39836631858126,47.60002003587783,0.1130755796354228,39.9472203544562,0.003175547514748258
144.53313010720407,1.9799034833965754,27.723052039716066,38.754874094659364,0.06721344337164216,174.9181436649164,0.003050465214363309
213.86225879722275,1.998179454185291,24.14419370234489,45.7547731070595,0.05897180381129142,58.108937767521766,0.002782381512592487
58.112393734474765,1.9953034844285185,5.275034148250922,47.444361502338694,0.47847176482004994,95.83952178521032,0.0029611564593231762
200.31436093872713,1.718157781186744,43.73636906765812,43.996503492830946,1.3010123162544682,168.7688154498887,0.0027124347227516013
196.87103652685357,0.5849410735233905,38.2029172763357,46.443851967426205,0.734337049656209,194.72889404526452,0.0025402695018250064
63.92939718887679,1.645741075825708,31.374712670512732,40.14071817161074,1.6137952405438514,81.86409178684396,0.0025808760963625522
90.89517602935173,0.4960005210910853,13.762035515214825,46.074035586350504,0.6582845055684788,1330.6620462354426,0.0024806997808865736
94.59126462041557,0.648490479714399,16.895841251096698,44.75858405024229,0.5813336310432778,533.0005354279051,0.0024659726152412714
120.31547539512385,1.6459132832075125,14.706279765418556,47.97196444973463,0.14995336233136722,186.89196457019693,0.002664576345243813
162.4343721360766,0.8413731553419829,22.355075557575177,39.63379246337553,1.057598415861372,791.9165031187613,0.002754533028521051
244.20314945227827,1.4577323262154185,21.43546882588919,47.84182629463259,1.1939140568071465,266.06127026862146,0.002788713154559852
52.76895934651282,0.7162119408515402,34.12217083087502,41.245745693220336,0.5852142328560654,507.0159436086875,0.0029107074973594204
66.83010174804603,1.673425307028042,17.411713126323527,48.14464784119232,0.808132424274013,438.2633920292925,0.002919790267868763
178.09583537746497,0.8738614070936725,31.5424985486277,41.314079540255165,0.5215963487874563,363.31149091879007,0.0026368304458390572
129.90801389504188,1.2573943299832406,37.21579300842339,47.05389098840189,0.3812181164151368,948.9884972127717,0.0026135149752921014
102.13708694523399,0.7864947412476649,35.059391818673475,47.11256458565528,0.39167056410657997,648.5739484871975,0.002431174280238967
174.5890210259709,1.300339016063619,21.98759290567077,41.075416332083435,0.3077969586500232,222.2035026340287,0.0027009648861809066
121.78004901133016,1.5912682562227922,19.822590042438215,47.394683283666865,1.8283485448723793,638.5099076980156,0.002511890291656046
199.88796264717098,0.7996191483873615,16.76995301427251,43.579428823655036,0.5589374401052767,432.68972709530584,0.002882321631104686
199.88796264717098,0.7996191483873615,16.76995301427251,43.579428823655036,0.5589374401052767,432.68972709530584,0.002882321631104686
95.15362835926557,1.1767689649871433,25.610772937676764,42.614827636668664,1.37375144978928,647.2880434602563,0.00287991582853063
149.64130664302994,1.5628540547801786,17.720817254413486,47.831334430031475,0.9067993737232904,527.2978306202664,0.0027231276120477962
137.4366893251574,0.6920591104111842,23.82551047736961,47.41657430299858,1.2520881667097559,262.0052695082944,0.002664448304774335
97.61539374642233,1.5833986069849568,18.046522545510797,48.131042641539715,0.16540030385811325,626.6354165639982,0.0026403497115984097
144.64785155904391,1.2912442553088297,14.324247801310847,46.309720882713286,0.31416472667709333,419.1092917556779,0.00278966364630487
56.07690232025975,1.6387181804873852,9.1069936499417,48.01343977191958,0.08336946756200068,713.0138072465904,0.0025955911169331
180.6740665797709,1.5504240341438589,21.05370169566993,42.21087361561993,0.321394035389921,303.0445926664073,0.00281337969011476
76.6872833999582,0.8582485946958059,39.154595930292956,48.078967562778544,0.7247606789187383,210.82794094088268,0.002732444207184322
211.95223205240683,1.538667495405465,29.22677235701564,47.35535209870229,0.7420081978334425,953.9871362704018,0.0026060530413176478
61.764874871860734,0.9037637505181558,18.04956705644112,45.97202439107171,0.5657645984228215,24.88698871508018,0.0028508315389586454
54.70315496074149,0.7710682616187035,24.08096505173255,39.902424909711115,1.2759525245533747,384.62261791077674,0.002725222131613195
241.10586562448563,1.804210935753853,25.66125607672512,48.15757645006494,0.08786375272320139,415.3948122854425,0.002831634468848233
108.65122348277731,1.187965463123161,21.47995013489067,46.82465245675189,0.5218018609714367,614.6146584926436,0.0026875375798389636
91.69650456108874,1.4001977020436922,22.926474327910363,46.605628368870654,0.486538797392264,745.0530780867001,0.0026738211155763144
173.04143611594708,0.6446535478762234,37.788352102350004,40.30457282792099,0.9223026218247815,329.64547627514014,0.002441467679565366
122.17052083168288,1.6645539390264827,26.40390281656214,47.98470942933287,0.7288337452832557,631.845302590645,0.002418449910314648
137.77090631142295,0.713941400268769,21.437989046685125,44.168137658833146,1.1326183192887864,169.18691941178525,0.0029518401364863984
144.3504652030404,1.8884904920536523,28.406402608994103,45.589046373558844,0.3350940562355991,477.17330243354314,0.0023370261979674344
58.72262151392556,1.9715713957216832,15.56032184673565,44.895854785217196,0.3273618278235596,431.4751901611959,0.002687556845986948
197.62836026995106,0.41798095071423297,33.760725778630615,46.4332200548304,1.4239635851058343,7.952373311658264,0.002975640625084387
180.013598074319,0.7465355530199506,31.127237580311302,46.330360163678364,1.2926947428557791,8.01782151060713,0.0030229353676990674
155.85922653669107,1.3007566402997268,27.02549421131173,46.929959188427034,1.538346401007192,20.772934212938193,0.0029620522454291455
84.06722478661518,1.181641858087245,20.187170491157865,46.228104332673354,0.9564356149098385,110.75401732782431,0.00283861778901084
85.84026454651728,1.2208215225528571,18.39077997388903,45.39848021309534,0.6610912968168677,26.876864869490362,0.0027667309914751843
136.87101248587663,1.196810620587814,22.865782222874582,45.232844552755765,1.2758685797651064,55.15722583379309,0.0030451144330144774
131.34900214403575,1.1311139282334048,30.578837900983824,47.008026550942986,0.7712010467304433,919.9346348345147,0.0026227343571044366
219.8522421788565,1.4480697912382996,30.54509944818792,48.07690099765486,0.2939436469478944,11.491468314463846,0.0028700940145845984
216.0021691211813,1.4732827657471024,28.66872201952268,47.99598022414899,0.30144512245417043,17.510101868426865,0.002878896626934134
67.04080341444967,0.8812891408340084,28.239087726249302,47.95657579802956,1.2034468720588514,24.655039114506724,0.0026489770406444646
153.74987993262997,1.0722202125371885,17.660877145644026,44.48174330516354,1.0363531421436991,231.2099614540215,0.0023576255266691704
154.71609403034137,0.8757548424778431,20.156056609907008,46.57839230733856,0.6436922785035577,167.04762405123878,0.0024314097581769035
85.02499448553964,1.6151991431955866,33.43753484600332,44.10721696291717,1.4104827084130402,822.7495769264349,0.0025419142248025023
158.80220485108748,1.8663148179405593,31.8392049010409,43.26963642020494,1.842045609921926,855.4185526273403,0.0026004785851286233
199.18389980465253,1.8949522795113642,18.66135062026231,48.29483755801835,0.5983650016656391,296.2893134637808,0.0031120456372667332
178.8986465550018,1.9629194368056617,16.583803352683734,47.481007759094084,1.811343393890881,552.7628544264363,0.002909554442594181
173.40001532149347,1.889280007714061,23.13796498077092,48.36644290706621,1.1765849728021371,537.626116758071,0.002623901530789784
134.66967390613078,0.5074724714845568,18.172362711860355,37.906046473956344,0.7871689299434608,296.0112791091799,0.0029245220695322304
147.94998116483134,1.7898343780102548,10.85578812423093,46.56896128707581,1.771683371934876,848.034455645692,0.0027371229893866024
83.82591261838402,1.2835305589929462,21.918679173397077,47.72668168436482,1.184995031530808,466.5013497310354,0.002666726008475441
91.31300644940778,0.8190292418510179,21.271345202355203,48.118559244992326,1.118757283505388,305.9883197248398,0.0028837269765486203
161.14964725809563,0.53017517933894,30.905195652946972,47.18569902102875,0.8784936325722756,789.4119256944687,0.002866631228287041
149.59397747960165,1.9061350096701202,22.285502306840403,37.618870966435,0.7245844882643538,371.12891221558283,0.003277353118440787
114.81115800834476,1.9585568713825656,24.960098632171825,48.25741110170212,1.2909954679718634,292.21267406443616,0.0027640888602174854
172.39847113812598,1.95187754479581,31.651683150231214,47.402464183349196,1.0705942410441662,395.0609007748491,0.0027498257688289953
104.06401227196288,1.8144597255317936,34.28167895875767,45.146603480067554,0.1570278204874817,599.4143615956514,0.0025480335694592396
121.1890626736976,1.2238253195162754,37.16749612062552,38.43332943678413,1.3611480304270134,314.73010271196927,0.002994307538036938
79.65692371266277,0.5610874056668786,36.883233130829,44.24344812112324,0.984318004292065,393.45355130793814,0.002747986384882776
160.32176032660783,0.7269275682722701,41.78449025726294,43.853615840378225,1.0479264521903133,149.53994046289355,0.00304500683123294
130.9430575913998,1.545835140282282,9.724458991119949,46.24380203389871,0.7739212972166789,161.56898498467763,0.002656066193732824
144.32511489744502,0.8137413623695476,36.535237814471905,43.823444779974494,0.5156637241982761,570.2514933451632,0.00266472376018292
110.51723435532145,1.3926198407951031,12.679728549514952,46.84128014383549,0.3895716371265635,288.03025926405513,0.0027226030974571015
119.39568636182199,0.6702931004667542,16.055398879893072,46.92874413270687,1.1969956460947382,1552.749884799897,0.0026736836295338526
104.98134636449491,1.461412009704515,15.460453157212012,42.43552492176931,1.122899104498024,94.60157539028413,0.002629634750252351
137.74341604784414,1.0039873868217466,23.93996717633029,47.1997236742602,0.2565097770251144,216.1692677749823,0.002587543850115285
165.9093393910118,1.75157896480802,21.24690905646461,46.824942797970955,0.8241347994183048,102.46955421041727,0.002842815327602453
73.46318610777053,0.529085391548213,32.390329247544464,43.196325141869714,0.7434817533810424,214.51651327296258,0.0026385163667003433
70.74821899310184,1.2946321767675137,23.700233467160434,46.81966543604398,1.0525780398998696,673.385756687322,0.002899971601334092
90.12374155492208,1.1102829004555004,35.63685930675899,45.86470484487699,0.43741632458854285,786.0199966464845,0.0027817199273595557
72.6481679286522,0.5371920851804299,30.39320038813128,45.26640749991974,0.5295592721758381,799.4318802721956,0.0027706952511076435
223.28087738207628,1.292171176215865,34.50761454208199,42.64032103853222,2.0109506498430245,166.0355316276461,0.00259951812831784
71.31788483128939,0.7462325180922755,15.845011822353866,44.27434681098702,0.6202429384832592,629.7920107648406,0.0024222054555237144
58.6075656834912,1.5002827680784405,36.879110130754015,44.49748181097914,1.5143940878247684,66.15534725440071,0.002879358419476602
186.2499260601205,1.1115069322637297,34.416823103043285,47.53832748288245,0.4540537070734366,357.9945836131507,0.002827929594611953
182.64099503177226,1.248177734913548,28.336653132635735,47.49225987569969,0.5362135402203625,385.4618780113555,0.0028060463918335196
191.33782547294078,1.5834264687384252,23.183132998778852,46.59974622438014,2.084876872179581,753.6577512737961,0.0028417841477423504
65.17592655058814,0.6399891535894131,31.320171048695943,47.941932773796054,0.4978783186651164,160.4507998284495,0.002579755828703347
133.91072277892505,1.8178701378497806,16.97338747653027,45.377260421139695,1.713385697350469,207.09418109168462,0.002834487880505483
124.29345670489407,1.7865481062252382,28.079220253770863,42.30507722562721,0.505459368473251,314.5751181439136,0.002739331200717803
138.5392676223001,1.6902543235270702,32.33512094676904,43.99874914735454,0.32126480651390626,572.5823006535938,0.0026742416739806633
119.26063924678225,0.5214943288863746,23.935196640459313,46.75397738806173,2.036089782688709,434.4922381800205,0.0029970667913331913
133.19225603886707,1.861276523575654,27.421879751929158,43.73614029218623,0.19093741836693234,594.330742132,0.002624716047747871
133.05343509481688,1.8223797995853792,21.100732795253656,45.33358571960581,0.29386617344297966,674.6569283460858,0.00261694021033763
65.05979923493524,0.25261041095961434,29.123406583906526,42.44462788602357,2.5709241591459375,221.1405869276299,0.0025758290018104745
54.88198208033177,1.0450122953953618,25.846410733391934,39.55152271089128,0.7215541588119005,702.9839713777526,0.0026647732509751687
52.695359962707336,0.9115463551458324,19.10046401901167,46.0344996607535,0.8361768649940116,610.7640547126058,0.0025189555729256863
241.4566550473527,1.6350225432044228,22.599260187234023,42.86501275437526,1.2204435591436855,66.4900201448663,0.002918322491830341
175.69589183720706,0.6358468165791007,30.096239194928458,44.35461722521905,1.053985819612057,26.66117753438797,0.0025885575469272275
123.45709465592695,1.690584205953794,10.774676101961402,44.39772004468264,0.9287569332149819,46.712589480218384,0.002622325060637294
152.25149618274668,1.8879245944004102,32.74504315000494,45.450020863299784,0.6483222765760007,1032.1067746906763,0.0028163155011842614
97.68385667920585,0.3987296222525878,18.873888311303,43.55555206074442,1.2613266151598586,124.01659371717172,0.0026756179768338533
184.98930680734424,1.7031442370255516,12.86235203140925,46.86690511141322,0.8787873754645542,323.9313043222039,0.00266690520779074
194.23440683451685,1.8615180172678507,7.097899292231001,45.36889173226209,1.9172230896486948,232.69897413760313,0.002771072684470413
110.30858609243353,0.49123612911594444,28.244912499165537,43.70265263695646,0.4972419299559823,313.5624436141014,0.00256352601144227
236.66163430260568,1.7572612477851912,18.462795191532788,43.860206198041745,2.1580521431212984,818.5274780062864,0.0027444471325342485
216.63461984767136,1.811457909186189,29.494546930811627,47.291863914256766,0.9293945784939421,777.5714820762996,0.0030745205132075514
67.16882186950198,0.7992128748068785,18.043790598364904,43.15844930121863,1.234354686064874,227.93482841326835,0.0022272829028377435
162.35851619678897,1.2983045935158086,45.09369701791853,47.45411231495237,0.6449041526814779,87.86334035575992,0.002580091016451572
147.26746265600872,1.6563612968300752,44.29871202689486,46.71579890275562,2.169948025319606,296.5537590801394,0.0023395926374263965
78.56173276948608,0.7439734978750259,35.817604228052005,46.524392211546335,1.2010872757798203,186.47423725513366,0.0024900084834925352
201.4181019018135,1.9466159177401983,11.978103499075681,46.14210859885115,0.13250523232603503,843.917871202185,0.0028421397774492565
95.47719596122721,1.8979342796755203,15.943087094744564,42.425824145502474,0.03580387084618465,338.72434167356374,0.002753515199224715
204.82800040768788,1.424363159875023,22.835685749717648,47.18981310535371,0.2038911764649673,771.2044806490709,0.0026640784306396926
76.36784853704613,0.8897262808761629,24.00088074070879,47.21504862477522,1.0977010331393406,114.93971140632337,0.0026841780621685305
80.69470286708219,0.9810522952416095,34.03450787887858,42.37135532799785,0.47169346553506064,309.1166876917772,0.002493539984034206
169.44629824599326,1.6842137662748362,26.074276776109457,48.21172534561753,1.71048518849194,702.1185068225063,0.0026600826445226733
81.66654971251715,0.8529790169700678,15.917091295029831,47.30862694380708,0.5802777439667901,341.7087163227916,0.003015066205175904
76.63649899580768,0.8978794618594781,14.99956089982873,47.00005260248672,0.8657091117693095,499.9849592714282,0.0030295670481022587
71.02500421187072,0.606791818128466,14.557410530048864,45.762638138615266,0.6447548015501624,479.0779795706307,0.0028993410159597367
135.42284101167175,1.4830767866867134,15.166724724132463,43.36979265498522,1.8031073467486314,689.1004838330169,0.003254515540093872
125.26122914559635,1.3055524541182129,16.57806362702361,45.90700586184375,1.354880194754984,1030.2614011434957,0.0032292979550060425
142.00989427016054,1.2529928440612375,32.35177226519366,47.9524424546359,0.4412771308946659,53.79403736492139,0.0025611314694238183
77.51318705841429,0.5695812739723379,27.39257369107516,44.51606706294995,0.14839573569909562,15.036432849965477,0.002805281064981133
107.9097269211951,1.4320215952878113,17.550564869250877,46.45851281317125,0.10885750460392418,31.992929513131415,0.0029564942118449414
135.29537811057278,1.8532344440367845,7.8250059487724455,39.84184866771274,2.7630368458887866,9.989799205008003,0.002692865864505657
67.69851193870605,1.0153441624007467,8.685776443697584,46.25338222414408,0.6264713238329193,26.332601118256445,0.0026508173408618754
55.67264900567715,1.167678184001752,7.199508404445018,46.115193685560534,1.1541301486802513,7.557153455894846,0.0026137429189987604
232.12456038593243,1.0810268914688543,36.03863064300047,43.3234997810632,0.704563078500381,4.551679623784096,0.0026469289508958037
151.77076321572494,1.1424352040190409,9.16596832940573,45.39453890831146,1.5839875010422386,953.2182378796842,0.002630233929194844
85.92793077097991,0.6139758993745349,25.16473441815697,40.26305510018428,1.33320975551411,405.6131953954866,0.0028414941952334826
146.28648597728295,1.8454887690867494,19.125607133530163,46.799441578777156,0.9457916019539914,653.9512826329445,0.00299963015324467
201.74079291061526,1.9598690990763428,13.41155040431467,47.566690714279986,0.1305688517000214,1075.137319197005,0.0028857466464142748
73.50064279308631,0.3338601791832303,33.62110737104641,44.246273067083244,2.238539940355857,164.56581524056725,0.002607922780156698
178.17244051563767,1.7393159436115149,18.223470605578193,47.18483358072254,0.42204670056785604,451.07580341654324,0.0030761426023513494
160.0958344111307,1.6703518600484328,20.879992584944233,44.282527638626945,0.41588591061794034,544.3667017243212,0.0026856143623939658
195.25452164919693,1.844349202032259,16.94831388898126,42.21850817303452,0.8910360062862498,575.2582195339038,0.0027156970553212346
192.54067592520653,1.7344169970149446,19.175825451385034,43.576205010537095,0.8920144819089574,286.86002467179856,0.002844345097547691
181.61814228759675,1.7042739796642348,20.358259996539264,42.85763714936337,1.8188806700653766,462.1076452458258,0.0028423381613179657
96.73169564165029,1.9016795523293057,21.334425504073444,46.923199918280964,0.06469463187829275,549.3183492328641,0.002755583890660997
91.80140943330433,1.8952515725471126,24.308911501073727,41.647378912603656,0.06519041436983701,514.9871888181017,0.002983934031789632
95.71718846860674,0.5155848860974982,26.983429975593715,48.27083874264103,0.08661860645237314,577.3390107371181,0.0027615695121831676
165.6584685088733,1.8691263470120982,24.21362460277855,47.91310826694376,0.5647752268729508,338.45453913615296,0.002781684099424364
150.8235829777275,1.7824965242334716,17.984222232184432,47.955115049917325,2.919611754060008,162.28814260491598,0.0026259474135452115
90.54226618847298,1.7508229804651028,7.577836340795422,48.7100466626257,0.8852646134006729,84.61032630722742,0.0025940017486422023
175.99155849970163,1.5785257447710912,11.005355487591052,48.78281838062836,1.0069288658220845,112.7411620398378,0.002716285857801868
121.39097032008283,1.4395400461144334,8.777693464554712,48.722454572882334,0.8972921078606783,1273.0246730949207,0.002510437450510908
160.9965435879323,0.870193185525771,31.398957554615485,48.84910628843372,1.1012273795615393,35.390138545181976,0.003030736358151387
159.34690187753748,1.4073063435212363,17.50815660133376,48.94353320469156,1.03267270778612,42.18413526971833,0.0029076250106857184
172.97094178512765,1.9263368140480497,22.788488896423605,45.77885232348057,0.9740964218628858,78.61665198964575,0.0026469270462484945
102.44321528496016,0.39423313070181026,25.887174272044373,45.74846182048997,0.25986994107185885,1326.5386419709776,0.0029138142522582107
140.44830718371338,1.722357498356235,38.43631055140929,42.151971505333556,1.2074196592745554,39.226041933755084,0.002954288037715029
128.1839946794531,0.8005491035234591,13.438313166739677,47.543351704085836,0.44972558363389703,1447.7482403178183,0.002429100275567667
98.65536561530975,1.2916485864647305,14.964590092342467,46.058699378878856,0.6348580775060678,915.7457938785049,0.002475212209666716
84.92443203849294,1.005128988459414,19.421324973558416,44.21107038505937,0.1559083975576821,512.391116177302,0.002632449783146127
177.577468655237,0.9531148887147891,32.388919814103076,43.6430503327258,1.4769216860878651,648.3571667534277,0.0028581400785301276
73.01790958896254,1.6297804502478817,18.83203400618315,47.0552876995458,0.7484410916311162,149.97199551214806,0.0025657712585368604
177.9831438115369,1.7968337066349036,20.872362426846326,43.475539820404805,0.31243938772494867,157.20848034296583,0.002820817408667013
207.57087365469152,1.5284231706585387,15.190391941099248,44.750806525986704,0.2889406276855174,96.89590779246026,0.0027600515151176026
87.58599926059392,0.6967719995184346,31.698637235766743,45.65401857353107,1.7158452383767049,700.8952657162178,0.0023433460442951973
93.2972841301648,1.2190424044285568,26.147236904162842,47.800343464628,1.1346068427270821,217.70956735262834,0.0025778019135671883
88.99101516593508,0.6454005110108255,18.066925867410017,42.89830251974944,1.4898835740652636,1195.1918249107941,0.0029141513893967894
88.214872423657,1.1145477726569233,32.32805803868884,46.73444701776034,0.5959767514642281,634.1987100511008,0.002997044608536077
57.29527876847084,0.6962612187277719,24.690455113339603,44.51125608620173,1.1524671411161675,168.84571341042437,0.0030583798627569834
222.70756456442916,1.4397441032511213,21.45538172370921,45.11242627767292,0.5933279744952644,167.3895800666429,0.002296234993055783
89.1583938611462,1.2555478372539746,23.415645298732574,48.44109986084867,1.99125929688298,869.5495789420779,0.002762580921137723
129.97153794030643,1.4683058612427617,20.50361279355348,47.82853405986025,0.8910686322851058,140.19242700330648,0.0024628079293343586
133.1114429872746,0.8282099459506616,44.54466156287156,43.065356883529155,1.0897410242565284,172.5629365004265,0.00286545238528863
96.73010742175136,0.9534863661321269,24.90045574384018,45.02687274677127,1.0672529828900517,83.30589165907706,0.002517314935826626
117.46076393937327,1.0576762306521832,20.019493775071222,43.37672689263808,0.36190344009314496,264.8253528634291,0.0025899681683931412
219.4024619795495,1.5207494069454015,21.393053552349585,45.830206089420535,0.5759961460663505,1140.9126414409295,0.0026701385731745515
91.00021019252358,1.7042360474716143,25.528062148679247,48.286515828328056,0.3071340576689901,262.06503175430186,0.0027177143487998566
192.1584030182886,0.9348158374744121,19.783021267364557,45.89055322510784,1.5499147301258869,206.01874036174013,0.0025772730395310847
229.5757761110048,0.6226102717129245,30.409120635627396,46.25745498641289,1.7996899357926603,166.03520303476614,0.002617340042980375
85.94310399223778,1.7572622151547348,18.64074825717868,45.4252058059083,0.43156302113361,285.63958984281936,0.002640889441266981
127.53717004982732,1.9130894547441313,30.53398976076025,48.25685893987722,0.14642092602153736,667.6630146388692,0.002736415110563925
103.02723798214183,1.990522059867575,14.210129498149755,44.151120638066175,2.8127154113976602,243.23635265126555,0.002664541084957661
172.99692619362074,1.9372509169871654,14.45029078900377,48.34513173693715,0.1798820329957929,914.6033147634656,0.002749937745789594
147.71501627532433,1.348484913249629,7.2374612241551635,48.24061750848279,2.819099773168457,207.79775631552238,0.002820610318676479
126.26259938164208,0.9642513250915142,38.28855917281642,42.485768785950064,0.08612405262204316,748.868047835896,0.002401778926666266
142.54704995936586,1.3062654318877691,12.827738058085462,48.63102595422841,0.5579874779563981,151.60379092978584,0.002775835785864077
134.60773460628513,1.5578279514882512,8.805526914821817,48.573626508850055,0.35527661190388005,236.51475524697813,0.002775509567579354
106.63608543942385,1.394372299626668,38.04405237276927,44.79329256332322,0.10427698295059781,138.4410627265553,0.002664845733576839
76.69244289110112,1.645849950764265,19.84790646591803,46.206655791274386,2.356711733457974,543.8805089014178,0.0026931206909298704
69.56786980711166,1.4599275107311032,34.043633338643694,46.18555889458612,0.3717969421813231,429.5293739639052,0.0024213920390073296
88.35941061648103,0.7969171520249388,13.3050581454216,44.952534394419686,1.1752820474779628,477.41739916482186,0.002637935749581221
118.91055168199648,1.371096264538965,26.24141449572785,44.27736043201523,2.647694609617865,441.18567168189225,0.0025689206708895108
62.42561986773445,1.0505410576145489,28.710926307310462,41.68615051965262,0.6504367693868902,805.9631393210532,0.002886554699102677
66.0373869129319,0.5421418118540309,36.41450837448964,43.40270158350323,0.20581420933023464,325.07963512031523,0.0030860982643487428
125.74059081314982,1.942196914627344,24.597291373238377,48.56769046068449,2.559880006229354,428.8479697777592,0.00268273036621818
131.7086468614334,1.8697857532590068,21.724807696296146,48.95312276106972,0.2971881827953821,776.8385544989779,0.002650695669419734
164.6371789713248,1.868921135562182,21.973033020832677,41.737699393090274,0.2059874855799719,376.0931882987103,0.002447522968060067
116.73444828254893,1.5799449431189365,21.48790722642702,47.87505535614835,1.3606368823095,365.06069751853227,0.002478463437355076
155.52286903588524,0.7716045217133713,24.356622614513316,47.84570242003698,0.4674466824362971,385.36141835657077,0.003090275393837486
90.46658454987946,1.7181931600836835,31.926729763666618,42.07481937918148,0.27866043799435547,694.6701580758596,0.002856240736288972
83.34580135476305,1.37574361242527,36.160256198174565,41.67816439547546,0.4928834337525143,585.8778976041172,0.0028118396381200802
200.43785603643843,1.1124388619737051,16.75705974587524,48.10765502020557,1.6688818960113228,436.43652211105217,0.002888595268765064
158.33816339061843,1.4325452331378767,28.714637065903975,42.687459622403196,0.5982643385961659,396.73400419784537,0.0025953672562070516
174.35264960771497,1.3246505911139839,28.933442357709676,41.97465337143207,0.276068567964805,667.5744397547048,0.002603130238500456
133.9506863968167,1.670967623614188,33.62774955948682,48.20384046137457,1.445431297500022,295.64834204193045,0.002694856648669369
98.13482812635479,1.3535339991837299,39.028477569891365,47.362299810729844,0.7000177387075326,437.6359070173519,0.0024380161995237667
176.19945341355736,1.7374542025248623,29.228679735274298,47.805816640068066,1.6438607868696997,360.0536697107982,0.002326798728485748
103.14189003115405,1.4986979448544067,18.09394208625181,45.28774243216929,0.7667602275437154,88.51248272662134,0.0026422435352840036
170.01776361480435,0.8284303201341624,23.531100074767163,44.334684964329675,1.0824455004317302,166.91490962363983,0.002515600525382658
105.256224462618,1.3130131908335858,24.046250313458188,48.26241415033914,1.052890651143578,62.27766923652434,0.0029834788284188885
156.40237977697313,0.9372375056989319,23.564698157814576,46.721500310108006,0.8929350239972674,1253.2631410582726,0.002585221126875962
96.54300472897614,1.230156861190362,17.881412371307935,44.56447787203667,0.19165449055383915,83.62602787951197,0.0028817426730630884
171.92235672904502,1.5511355878944688,29.278621773463247,47.26276063773918,0.4767421486648238,13.847300779640056,0.0026515777415148174
141.31835019066477,0.9014202529592918,22.46530005242157,46.90503273383537,1.394420552816164,210.7067073077957,0.002656639897560576
85.94931834033717,1.4024901398305036,38.85526762728812,46.30851078962628,0.926733495746258,776.5794719697552,0.0025477556637979928
187.25350041875015,1.5023331403218396,9.806506345781067,47.10184523246399,1.7279615705777982,157.96071641672793,0.0027626929133921655
74.42853424439957,1.4096238472633105,21.939700512147233,41.83373253893195,0.4788355028426207,70.09988231946,0.0026186259731179945
236.37635036487188,0.9776659386795757,17.995093443584217,46.73842819250519,1.9392505257936572,1083.0257620944026,0.0027946929304073775
62.677785599367134,1.3527018308637406,21.07212135958737,46.262625477880064,0.47550538995081276,115.20429380684516,0.002494382667438882
92.69608942611576,0.9489630820635258,15.708154517195826,47.37917912016233,0.5693897804793081,326.7977144561373,0.0025494787268158133
206.73730562651983,1.2479973340952786,27.904239108061162,40.62468218381088,1.8044370761781567,1.4152274797970148,0.002533498803708986
67.75201665733653,1.1827191006492561,20.183036804922168,47.762602863544465,0.30346730858611776,582.5541472068167,0.002631909941855805
170.47756995326162,1.0432729333540556,25.682912339047025,42.3704084170371,0.21551309863050674,249.2501344782286,0.002581105977045639
191.70651439439294,1.2827899276395511,18.74766739442488,47.60835399806298,2.4345269210437963,412.39697055728163,0.0024553464963657304
126.8108994417353,1.2304970627357128,19.81141325591122,42.5446465780597,0.38186723981823223,343.23729860915665,0.0026504051813357144
215.02641371368404,0.9900131189951418,39.78922195810001,45.14607596051039,0.7224620637041623,473.13064093845304,0.0029755263980034584
89.87169372110286,1.8312601125824501,7.420414794010881,45.72494646856788,1.3424875860068235,309.99955641424776,0.002842405588479491
181.6505177288531,1.8235419748054513,27.170887916159515,46.95183304833031,0.8543936814222303,275.73094698997306,0.0026257175839205457
105.1064490654688,0.4058382030050028,26.483447424680435,40.76538340054693,1.2988433533868369,672.70935695093,0.0024933825941366753
123.44726474486804,1.441855227830859,32.406901388620994,43.17828331938165,1.506007355430096,92.2222659277021,0.0029088031950006434
145.59865034022704,1.0165814153412391,25.723622839165955,38.52840225423656,1.6931630686751469,65.08625612993349,0.002906532376879717
134.8980651297966,0.7544438556791867,25.80702624193642,40.44079175890927,1.5636192042847465,50.119367664936576,0.003019120615811179
136.38079383387372,1.6495900515729527,16.608481249077734,47.30297425479486,0.32211020475302315,180.28329316971167,0.002457904694743281
106.75267986725943,0.7713756168440599,25.354140137927633,45.60841744669393,0.7074780918298009,1018.0949026733947,0.003007818846647463
95.84677109304991,0.6403844109033545,34.31615207238771,46.151944527219534,0.43341294132224556,686.2531832606538,0.0030803164900996436
160.10702200908796,0.8023341072345207,28.404123395081545,42.25506301015753,0.4135083050004907,815.2787085423524,0.0028625470441706853
103.61684976899296,1.5329618871560964,22.80247545564006,48.130657787154426,1.333843537823868,264.35728718940317,0.002669256398160734
182.56932846954803,0.6477995012136926,28.371095766382957,43.975484500279535,1.0136558192122707,836.2833916521179,0.0028504959090568643
96.95976137547798,1.6237011966888415,12.846238750666233,45.86530382091287,1.1045309998510409,78.44738846939279,0.002497688429869399
76.89667917322684,0.9727870133853905,31.395060435323053,47.73623480946519,1.1650061212630765,81.83933772087056,0.002751553775623434
94.60010230843184,1.1178750975856726,43.48469631353102,44.171057934573184,1.564868806557353,109.4611657383117,0.0027420835129368343
219.41455788219628,1.541086288062002,28.4580282069503,41.40803379068383,1.3369881174486486,225.32506086818927,0.0028961088271207847
56.076155794592864,0.9436710832278803,13.956757007033746,47.100988758927386,0.22869926866761983,359.6683216533099,0.002913332649327632
196.15480254487406,1.3544080815830035,11.56546168519769,40.43558254450198,1.8896993364968593,550.299026572077,0.002684935695911926
205.0562005129534,1.6340818431656656,12.412876752267286,46.66892318557278,1.2363420376296197,400.17597603344336,0.00280721931397046
100.32719201355317,0.8259693854523814,12.566376960916326,44.25910465876556,0.88867856719732,746.4108211515245,0.0028379713108839313
200.48611855499564,1.748546269957146,38.15343897813761,46.62792132390369,0.09480009321733525,265.64883984316543,0.0026274169292672188
206.06082988053046,1.7505792445748138,28.142154521101226,44.082149911566766,0.5110795857881046,356.8922681973306,0.0028172494814119914
144.0235147348115,0.6518415275020474,14.987247282532671,45.834981974771026,1.5055386668072952,367.64728496235523,0.0028274464591507087
108.77976346665929,1.808838564399301,35.630261524981236,44.62611576049358,0.15558368939675934,242.1571081467411,0.0028260726300899236
133.06927797118848,0.567098914104194,23.613885022066892,45.9085332062295,2.400441810527401,504.8850802849036,0.002821935096486001
197.44804723106444,0.8657508348612855,28.94767344225685,46.03085236965556,2.4589932421508993,430.3010592667957,0.002862118970801474
66.29539097437508,1.5046543529119714,25.866072952430702,46.97144074058691,0.22542162343543856,488.8955435449538,0.002398111289959169
236.07775912298203,1.2756452368648827,26.86025438700428,43.19097175738648,1.7365497417234692,370.97537599228735,0.0028203473143506136
135.85127931408783,0.7947996583752495,19.607756647563495,47.765062703429955,0.13612471864208273,1036.9216522508327,0.002687690449447829
148.93745041639298,0.7896081700760191,29.04115362540743,45.763806502413004,0.275928539921185,337.55373784683377,0.002716228511782679
141.7931693686221,1.7419691412667468,27.731418303492216,47.59336279542856,0.7450747790853142,181.44433987790208,0.0025996994399142192
116.64394786359294,1.5372839158707894,26.688285657535626,38.832572973766894,1.3540410301249002,437.6422461317014,0.00291526551150485
74.83805600363357,0.5981265309281911,23.566725024794433,46.28186047569149,0.6964640035267802,472.3552662478604,0.0031082434737971735
216.4876235487685,1.2499021878260272,16.888241780107517,45.277720870002824,1.0203764743139407,739.0550953791324,0.0028652365177189937
104.10162745146235,1.4678392317715279,17.747128516918096,47.9926066941799,0.4244269450549534,265.83595230807964,0.0026993044221798154
95.03175617264054,1.4809793496760537,21.61029618000025,48.062137912930524,0.9131944896907273,46.33047337572693,0.002929757044705813
98.96893423681793,1.3876419660216803,17.63083847413127,47.76391825794335,0.8719163163540898,21.634992321027795,0.002974671561743544
239.28774543223773,1.0621835743914365,12.039578306723014,45.16317167670246,0.4150382680532947,17.49067334711179,0.00284116611880421
164.93975360175918,1.3722115587740646,23.281728243881233,39.80912611446111,2.829778842365866,110.95529508623592,0.0030377439951280874
103.42338230245008,1.0371198633295122,27.71035797476056,47.428330610263885,0.14032358283260515,1066.3940749681867,0.002303540357461712
208.67515787213753,1.5762624071446012,19.813437707028033,40.402297400699126,2.713792973236877,87.5774840484405,0.0027316636851870465
102.99993897803995,0.6257104129865055,11.00542222763693,42.87492917717363,0.4102942943919902,160.7326236779225,0.0029275152357945452
120.0107600712091,1.3241270384812924,19.067726874475564,45.77903947639881,1.4132724812470827,356.6148983997818,0.0026639057270367306
140.6707482582769,1.6623419829984738,18.623923840037403,47.017637590458776,0.5175281127368743,215.49126192505526,0.0027170070108353973
140.46102312750804,0.886768227024971,15.32124612445451,41.401384056009384,0.5983393619288053,371.5578796643209,0.0025320061808049577
138.73718136994628,0.7088314487440647,16.57946291626955,43.47099820420217,0.47834760076210714,414.681936126923,0.0026558952081851615
119.59069198048668,1.3888234991246375,25.378435413540934,47.12787877655092,0.597901456093571,222.46081108904352,0.0026487791570690344
152.4952464717418,1.754559430176697,37.50450592904635,46.03246821132876,0.04929247206737468,758.0727162150614,0.002953148928355401
107.12779657626714,1.348708378965471,17.251190252154597,46.26656884281044,0.17598086712974545,334.7637616795963,0.002901432258512052
206.50339026029368,1.777228106774785,33.28517070887025,44.968318384587214,2.220022722982208,139.9223037507047,0.002664092287726685
160.93417814377554,1.1914480630638598,26.360252385890426,43.34503569221196,0.44468429279711447,1082.5849267497022,0.002733060582376185
94.17606880605136,0.8879196341556236,25.373220625740583,41.727684067542164,1.0441132903322186,148.74678901239977,0.002889610445303604
189.05958408063933,1.3916817211092938,25.702545655064483,43.83717297259482,0.4506410243482068,582.8928185204793,0.002809764009785362
176.3996694915851,1.5123684202191745,13.0327957813826,46.208721421928054,0.14241895093247683,547.7076226811016,0.0030751822116846335
128.14164354071974,0.5682346771839146,23.854297837536,35.227962676625694,1.2011735045479044,721.4066024393142,0.0031146973792511136
131.97990706612077,0.41927214268438123,20.955147277258945,32.691670828010174,1.502816860089175,1141.3480905830859,0.0030684792664917794
179.86551211688027,1.057373248773415,13.796057869158766,43.05880035098318,1.2211308209391454,248.19843987133387,0.003015579953728135
185.25491776491825,1.132184071677178,13.492330139553083,44.84794887560316,1.3235534010755476,585.7954671251348,0.0032354314496256175
87.0373865663771,0.9853983130101936,28.401068098600362,45.11003149992743,0.7272947781104089,610.764950910539,0.002763706322055472
113.24645328627064,1.649365136057001,32.57366750189258,47.381959656612295,0.9214079337900194,413.1758157832362,0.0030007074859158024
135.13510544001355,0.7262227577035852,37.173945419056906,47.70705611244661,0.5628719201338996,158.47742365814554,0.0028105332940309997
137.33375961090206,1.4232419516896564,17.364521671759285,42.977955901226224,1.3527131074293928,88.3666215422226,0.0027795047868975657
137.20333036615105,0.7923824837345487,30.361975942028664,46.165835237086625,0.7215400440987734,721.3792286453318,0.002999407977876425
138.5598925780335,1.2873754121425072,25.047405597946348,43.00704908889388,1.3051763336133513,377.36698794407,0.0027639207736444163
92.85003044767096,1.1135319184133916,22.72291475384559,45.739061570169056,0.5533340573854104,612.736370783087,0.0029494962474947406
56.20602157001772,0.5101310577248642,39.809718924704825,41.39119889095993,1.364984647210126,474.2815940640485,0.0029838243733960905
51.68702571929614,0.5084802042129414,38.74830734948008,37.14352884425929,2.0914648354803558,1011.1780802720533,0.0029384836210378023
146.96880061810594,1.6113184803894571,14.357126721789609,48.673065079437464,0.1460466167453967,297.18561537814327,0.0025749374853436474
131.7653925223233,0.7842187837393199,23.421171395734984,35.42929412438199,2.6651012470244875,648.6814428790085,0.0026286816128139167
193.63562481995308,1.0271105283471904,19.03303565115726,46.29657082872432,0.5199983771205972,599.6815260274642,0.0024878608423638147
232.45335488098775,1.331559138923519,26.219534748834366,45.04298553851249,0.7613766683287124,433.2720584114464,0.0024828591205514443
63.106424041986436,0.9759606310106405,19.304437126371212,44.25280096965368,0.6307266634314018,136.32526497109495,0.00255177921741895
85.1797326121908,0.9285042110121202,26.853031328909417,47.29799062684777,0.8136622004920948,1060.2312806924297,0.002765764554901212
80.23197612110049,0.5454460945040989,25.256150688953017,47.995350958232855,0.7502744565337002,910.2302666715144,0.002761277174548335
160.48306159171943,1.6945529346969543,21.6556444229244,42.795689977103365,1.1087175909711353,91.79122239935532,0.002835667318547135
101.69238189351387,1.5628912240190271,22.90267941535357,45.340159531125195,1.2115698475029093,621.7175464974762,0.0025687067046963824
110.27720479476602,1.8182950999208367,40.527911475576936,48.11020830303778,0.36356180204318417,227.4112697246929,0.0022871568196969113
104.96577430198538,1.2881394173910343,12.239868794196102,41.52337903302062,0.1666496773677501,535.8048646766935,0.003236937912184279
139.22280833496075,1.397865485925995,44.96614233124095,48.27534944351975,0.8540224555034981,404.7976180986897,0.002645544870717084
128.88060430289494,0.7550491329815227,41.34381195251586,43.945913740551724,0.8839534906740231,24.23269367846659,0.002824621290175377
56.46432536578476,1.411760098491201,8.402021103820546,45.77671498998009,1.3697967253665853,97.95622564759276,0.0026436173048442683
72.96523041026516,0.9646987864038618,7.272743894266432,45.159206901220614,2.0728564470905293,37.7888547075775,0.002666412965992932
79.17613997976424,1.1046104368927085,8.28864671147854,44.2273359000621,2.2869810767709287,64.86253167247311,0.002609636024258636
59.82329223522634,1.563105648111046,21.94557388092311,43.90388117577306,0.7762331365626998,58.611492172239544,0.0026753910960188986
78.87370202578386,0.7539244895640661,21.387992116722003,46.93655243015368,1.3224500336653893,39.53641032164226,0.0025685228872177053
180.92816159039268,1.5927529961543665,34.46712432799351,47.70276251691931,0.33396367753715844,501.61252508829193,0.0026920745114772282
168.4422354735328,1.5223865492914415,27.261589420378264,47.34773018498578,0.3813243976440993,707.643227513217,0.0026936250140791687
194.0177151235094,0.7509592633832579,25.155950884546947,40.5409078082696,0.42842855560524373,565.6356092649695,0.0027191668494397593
72.08060161493101,1.5769201472439753,21.266893860897774,48.707513520645485,0.14717492384610587,275.9249859135081,0.002792236459136784
66.62753883480619,1.6237279835869198,13.840459879598294,48.733729577367235,0.4906224453592568,330.74935623508605,0.0026289931591506202
241.14717795003682,1.0136881982031822,24.943190709967496,48.874376612997104,0.49059378155438443,104.06036561598232,0.002626478273292457
207.90094006402936,1.5280244684517796,18.78571676929954,48.87948608341572,1.3778327253680225,356.1461671198315,0.00310343176415677
73.43718065280899,1.661036848920086,31.15831109911938,48.9508120312933,0.6114242463158839,535.1811154591752,0.002485022069718816
159.14504608004842,1.427163447946674,25.205795416083127,48.756592120396434,0.809052301071397,778.4329406186573,0.0029567906281327523
112.06226530240714,1.3628158721738215,22.405583535375502,48.754598960837406,0.9082669655356815,879.2027835450749,0.0027998107362293473
162.39391123130102,0.9254269487913716,26.320095534508752,48.2426336462036,0.5461056154801056,60.624583312550776,0.0026713621158659905
94.73867849013729,1.6748304204747095,30.191373462059317,48.608088375748196,0.4405395929451755,169.3777348873992,0.002556428759966045
79.98461990141925,1.8346354998680998,29.78886939724612,38.736454155113016,0.24401403838831814,1137.5953324503057,0.002756783472245336
174.325514883317,0.7370093548435809,18.90841916481627,48.5977375807462,0.23612873096463755,237.1297832640801,0.0031239508763495783
87.25269536277557,1.781989844984638,29.384307626559064,48.0784897661235,0.663881610373544,666.1670421832067,0.0029556482828089993
154.2234714062967,1.5415326054181158,15.14251295043081,41.00527962677869,0.33521748546849894,541.8723106605809,0.0027360451418175597
184.09307711799175,1.2033988794286323,24.471302097847104,48.3058696614277,0.6099563082282684,503.7607889881691,0.0025465974011530065
118.51935385436822,0.7436683025348912,28.488591371050028,46.855869459044854,1.1594191672189833,499.5831163970064,0.002729508086438454
63.73107331295997,1.5726240256829813,26.37017105850601,42.294371844885745,0.9144251798239695,401.1478755062371,0.0029116669532204104
61.07100767964862,1.1842573838077328,23.91548141484915,40.980318773153435,0.8047122245647572,841.371024019568,0.0027769445305205823
83.73255477439876,1.4021665976631892,22.39798078652925,46.18503751714513,0.2758952127956823,238.79504603493166,0.002702411740487515
130.45179273308543,0.9152300317368063,19.29762434977192,48.450312600874106,1.5355673143942647,690.7672283592348,0.0026018744902134945
115.18734510508975,1.117884319079279,36.42134463847398,43.87032786400219,0.5774223046208867,342.60099980988315,0.0025441452440221725
152.3163891242019,1.0186356137770323,16.613387413253857,48.01116071239566,0.889491363595213,232.78965101566428,0.0028753454648181784
99.85872295968892,1.64253100570383,40.988397105596896,45.45159009769257,1.4532976342998492,1004.5209111921723,0.002728897188560046
57.881891441493316,0.6332082265131224,23.98286679285161,48.710716113450346,0.54529219549023,35.73278217757378,0.0029856169012937705
240.46337238942402,1.6520137369048806,25.393610252543436,47.2855431356008,1.3034110515659376,1.8791834581009481,0.002383480449312178
82.70208166187129,1.0380477436691657,15.245732465233289,46.066749685104085,0.6169367709232157,4.986273355944687,0.0026836897857948107
207.8622618458856,1.1149209165824336,28.6565913972649,47.38139597930308,0.35281802548147434,5.20249318647318,0.002694375953810115
193.1494944492988,0.7143860501316457,23.58633968838129,47.4579834389474,0.12419011992217265,11.22246029142894,0.00265209036421332
72.55795425500932,1.863506665488256,30.56042670175974,43.73047169622727,0.6082968304247314,155.16218315154367,0.002694596550086903
55.05659140636432,1.5599866486321905,13.735627522726862,46.53311731207083,0.8389196595290355,217.20069635897988,0.0027193397574867004
220.80512685410295,0.7614758883322336,24.17210350370728,42.448337350965744,1.2508252310267969,389.68551137474515,0.0027184436460315747
229.4865954757362,1.426134693177866,11.678308138454927,45.49583835165946,1.389768504395493,615.0795102616677,0.002741397818069942
56.478157673323864,0.7180222592215851,15.789638191667416,42.19360831459704,1.0070562053785175,419.6844707213304,0.002753987776637419
53.64383547987837,1.5842067995619615,11.56781401762105,41.3093115361596,0.5364610782496363,257.4121544499631,0.002749404944786273
82.46602506738999,1.714346587987308,8.263467532998051,48.135640144363315,0.6046629109866851,1016.9799365251978,0.002723693661405984
122.91819410793326,1.5381681840065857,40.61191483597492,43.98205743256192,0.9491031258744174,185.57481665296757,0.0028627124931113585
130.88263315807345,0.8255418639211551,23.816664946796923,48.140490624933626,0.5718689484152101,1100.292316357583,0.0030778587397572344
70.41145349181531,1.3002286819731275,17.935771771604173,47.64761742268973,0.8779444737255989,188.27452783862864,0.002809152024458109
65.10023908787066,1.5395775761991868,16.83689294563358,47.54107929318494,1.0017549872914233,241.38693730911532,0.0029445773138275524
56.36628219513671,1.5498906542013073,17.016281783410953,48.03625555257524,1.0364244701887209,352.56305541391663,0.0027846319875844323
228.2106043871359,1.8060802060929828,22.005962724263295,47.87536451531658,0.3306775002327779,337.31634634721166,0.0026282212323160813
59.77292169764442,0.5600702376534251,26.833521664211386,39.037464646300975,1.9835941588817976,556.9450101920381,0.0027833941248540457
148.478973591221,1.3891259594016163,25.387164851846343,43.12672267551412,0.9298262692910501,703.4582530967602,0.0027779403096487177
128.4068464559958,0.8752496949430195,13.52642123456785,45.242866211891986,1.2223102039001175,307.2971702904665,0.002553790773002963
87.99229251946764,1.3007747664257752,25.368765018368055,45.7561852759538,1.6127056749411088,800.9434768834678,0.0021687950639836134
126.27928434285964,0.8176287791617334,23.924297696504283,43.24806249483728,0.5695672682012642,44.6883375884949,0.0030288340368528344
99.68562308594989,1.4353620538661083,34.355398516027456,46.065123971309504,1.616039989010816,130.02644562344247,0.003042198338563626
97.66575010325134,1.163854936004482,24.99772292785649,41.91599095722282,2.389960058708395,180.8388656069132,0.002948954672247613
178.24350207120517,1.2001022846588683,25.959080344605727,48.46478762208145,0.10050391158805434,399.1586049437147,0.0025277292333402584
95.48839909279461,1.0903509752649212,20.141294725870925,37.734481237352334,2.6965376261873164,427.48972918987516,0.002980131332676038
190.4716097470277,1.8973086335319824,25.77391484633118,47.08284561172958,0.16819917612909635,30.754959532607685,0.0024549898025430315
76.37362347814995,1.7407746209978823,37.8088444055134,48.675711619807046,0.5579692848801967,271.174559240912,0.0027197307811136027
172.15299586463814,1.9527506880103571,11.435628023821327,38.795216884302846,1.5151213678213675,368.9713320901905,0.0026346560066700265
81.93052633201782,0.6595035130121613,26.533641446832778,48.07752958554641,0.06544883759290913,492.82496217796637,0.0026374162673431694
82.41938711362069,1.0927534564430756,30.311832895698448,48.16010745573429,0.06260570531555051,637.4353737281299,0.0027086350519971154
105.65750713732388,0.9956817705939682,30.954731070389872,48.34238684301878,0.13866660456023677,619.3307795045924,0.002555260010725348
150.34154471859307,1.7321465003098167,20.550133445758505,47.7720787472981,0.45462874874493453,181.8585091091665,0.0027632255431189598
126.09262591668865,0.6956377048230021,33.201110864749225,47.397433105928755,0.722860668923043,645.4999695702686,0.002533045009527646
149.07822319343563,1.6555184297676309,35.30267201001541,45.01144127185857,0.42970930749787906,117.1107414107939,0.0025807176081867724
114.39892919911813,1.090766363451932,27.334142723052718,44.851599806705046,1.1127714154565438,31.667646258744803,0.002523685111883747
155.73829388109147,1.171844314658409,18.45204915462103,47.884842022867396,0.26025406080109115,1379.781051086331,0.0027291373231121763
122.62962055160017,1.0437745999700179,29.72731837416946,43.23815610987092,1.2005674162352533,25.153812793722274,0.0025619782854348593
196.13003799813566,1.387191495893392,20.06295217462165,45.521373091700106,0.303921611779617,54.52174348237452,0.00251264647787712
80.27697043187261,1.01606552526885,22.11398985169299,45.92418901506568,1.51727017885126,42.66639394792796,0.002879120662488197
170.3067355022223,1.0651615305043467,24.974490591274606,45.231773480157074,0.5960584318174431,1061.0566310623446,0.0026371954249666384
79.4820489356724,1.1567662749405303,32.38897946486646,47.19730843349598,0.2058727342278478,306.8517617887495,0.0027433223379340205
214.60474093444452,1.2359345027704463,29.212775356162208,44.47032993764884,0.1015880931811635,202.69803072230857,0.002827613209134433
77.9286682331665,1.4557325016639935,36.92810240329733,46.96432256496251,0.01733884762756808,247.97061251906007,0.0024466975439066396
209.12283468657571,1.0246380178387282,11.792086371333882,43.97752177306479,2.8626532078880813,101.47427389158177,0.002954747197768335
155.17066565214284,1.296504827369012,15.329358956517991,48.13565658918924,0.3455568564509051,100.58206240236733,0.0029039184657534056
119.09735471847654,1.1296422661493568,20.70650635735291,40.59949726472637,1.454042549030098,1255.101832477302,0.0029973438827590095
117.14053208378614,0.6358010546520734,12.198768287025864,48.0081971619509,0.5902847580553389,534.687440122993,0.002986770630933725
135.88432012226926,1.0123939473026387,15.301391909110851,47.9994667983289,0.8737841735306277,455.1603009010756,0.0029471281149701365
145.88226515717145,1.4715697923650155,22.395348400832244,38.88775852885372,1.512303564369725,357.2854305516793,0.0025206916103419907
129.23510581893584,1.1606599369066584,23.775067548908183,48.02418438588059,0.43995257528232906,598.664510185384,0.002739135315192511
136.47184825869755,1.3266159248021807,24.151432570608733,48.74637505183197,1.6452651594922845,103.57803739701947,0.00266562599450142
120.99428964784241,1.1174771660455147,19.08718249106932,46.65108553946221,0.5720598057692095,184.1699014485774,0.0029143249520138317
194.64576179295437,1.3996049619294955,22.54058930070485,41.75837825813447,1.35129744530875,109.99760312458768,0.002900978264908185
97.5641965029076,1.534548485196151,22.71050866473308,42.996236543463574,0.27314442212204376,883.3030146013795,0.0030999029483199975
62.34109818809517,0.8212738897195971,24.292540117225965,45.30338901037214,0.4714781544709489,318.6545905350953,0.0028579973106881724
228.84905037105952,1.178975195162226,21.200544243370373,45.207832909889504,1.1947096288297894,79.17593722357981,0.0025542024381875533
210.60393761804585,1.480623176659147,12.82842382869588,42.330193853688115,1.0441858875031622,360.4513013258033,0.002528349810837686
75.89111162556738,0.7093360202236105,34.97804033236692,46.88614093955577,1.0088070280693084,586.4551098563651,0.0029027229639200175
193.55771515906784,1.9694166486912363,15.065909646812791,43.39024724007644,0.7609561569684244,38.03970448243641,0.002696550686749924
216.8106347129027,1.768453176624602,13.09608828863057,43.486829882636684,1.1328975830436423,107.03300135773351,0.0027962181384098344
164.3805948541901,0.8183095365391715,39.692866977890745,47.50242311640616,1.1310534273677533,74.1223194122806,0.002695164121592127
101.96125535298188,1.9047266319279248,4.750264965896381,46.437046139788144,1.2095900888591606,886.1935015618111,0.0027616718006889997
95.44431221190379,0.7882952801900124,39.26345035644755,45.896905022099546,0.5978568157970198,210.44113864705724,0.0025999263066302392
150.22106171600456,0.8616251850993798,38.84166801191778,45.57177682920234,0.5176719625482404,250.7357844304042,0.002565771608525088
127.64830790888941,1.4612623585907734,8.396220097163486,43.992795257041124,1.7967942111881667,717.7950256867779,0.0027340197479733324
81.22315057726392,0.9325610653349772,8.101069926423461,43.869036809986,2.0236931535811413,977.9573612055972,0.002692532323252446
210.19915141367656,1.297378095297778,44.64996116524918,47.6623357855874,0.30428339139297433,106.73932419982293,0.002849777270642213
83.05614976877236,0.6412865679802617,46.038521731972935,47.49656895583401,0.1523629618890973,206.56128858465885,0.002847188656712159
190.88418895339314,1.5696591926572052,30.61741311775218,41.60627205532045,1.7250966176129447,521.3008888484381,0.00272036556188408
84.14405125547353,1.4898825852913102,19.61643085266691,48.13109064752465,0.5917286120310046,361.84124703743925,0.0024827742564646734
189.9111008922325,0.8675542633032319,25.742032145457184,45.441920396517,0.8632984530407989,479.2123295546731,0.0028916297758294087
122.35102883259776,0.9899102834859905,29.852714513224594,43.87500363492924,0.19485819799529883,574.1522410509384,0.002773565517015705
108.54271244574093,1.5936302029594325,32.27852193456797,44.511902081991806,0.17406441495104052,1196.7015188717842,0.002625537897016169
149.8372109274437,0.934451557631672,18.212518356145075,46.752151308852405,2.0407797425568757,16.62395870313223,0.0026874019152815436
162.40600461458965,0.9679214453657086,25.306834289033205,46.45059599473532,0.7480853539158459,73.35248761261006,0.002752210505646363
89.55909625229371,1.1340949912500504,23.2379851299961,44.014039101040964,0.8590626579682964,36.882079733695406,0.0027878449793995847
193.55093999467067,0.8100649239701,17.41682761530808,45.65373178721967,1.1741239555650747,104.57573099752703,0.0027040907871925556
88.53518839799044,1.5463617163541492,26.94508884424751,46.24655116268615,0.5017534220818549,640.485510746981,0.00300174607902118
210.66879402120531,1.0331020705237044,17.361006068025723,42.73909059859182,1.6834650026853097,130.49977466291216,0.0025896273514229495
156.0481015827482,1.2578503366746434,17.664664626156483,44.21196550254145,0.8065599352235929,117.4977533998394,0.002697935104856479
55.28185919807502,1.0576376769076494,34.47439453556985,45.65982204306364,1.1158952512135314,62.95226225641254,0.0029346553164217313
51.565351917843,0.8003453826017651,29.30252004803902,45.73362058880538,1.2550726903143017,38.07116515420209,0.002935860795145263
245.87930089744282,0.8913195256807478,30.859224417298105,43.02737575230788,1.7994549904508352,1152.0371537534027,0.002566851586000233
53.137686056805286,1.2927117960369454,22.53317873280192,45.79789265205937,0.4577676003158131,101.40819850270789,0.002758984203399144
178.32835920565796,1.30667533362298,32.78388231239479,46.299185276618026,1.8727794418167025,1036.3642924225662,0.0026568250925588545
122.73396101409993,1.1231280091772897,20.700310700757775,47.81166734629817,0.44300261707508537,165.70243034032737,0.0030398180241537317
148.4079918300193,1.321599347810612,25.223002526126688,47.04718194391724,0.7991751652627742,575.6267111391425,0.0021738089152910887
122.70206496040743,0.9130404263995745,20.11469536196227,48.426576382693995,1.359482997047904,122.14423479679189,0.003222278382179063
103.05083922647542,0.9178668866869498,26.861715762062893,45.4570559266713,1.469465238024518,294.0046889203624,0.0028808580230420596
154.0457044626977,1.2931859607041616,24.510920077151262,44.93353347088362,1.3100584391450438,182.69954329770104,0.0029047891150648193
118.12927987324296,1.36785287191967,17.713978870826864,46.51921445826876,1.4220772277166402,649.1833699425201,0.002981824748818407
119.71174796255085,1.391385890612139,18.190202383479985,46.22042602069087,0.7178769943848654,612.4684963682706,0.0027504519630590007
159.82209224150995,1.72016785352046,25.71763757948341,44.091468242653775,1.0037699135986227,249.95993086013226,0.002682779998347071
87.91700756412996,1.346840368652314,30.629229902431355,45.726050118580815,1.0244788294700342,770.9424178994434,0.002999947935874992
184.99269941451922,1.9121632466207599,16.549712379263536,45.07586461511567,0.3708421396217375,223.75262273741495,0.002629407891563024
125.00059649103498,1.794987326233018,13.405051037028024,42.13822598905144,1.936787764877354,956.3280768257798,0.0025376960224894295
164.80869049775032,1.7923217946927426,18.79274693454981,41.48566543782465,1.1218203982096118,928.2226262154124,0.0024362934752432375
155.85266498107336,1.4780526515326595,22.875395930338076,44.998161243076815,1.281035561700491,226.27391840839343,0.0027691672422356364
136.60342296913973,1.5580206989629608,16.39807731190904,42.806654131304484,1.3362941434763307,343.75224605490007,0.0027854929247774383
149.79060035310928,0.9195318645821887,26.379742885893886,46.55562659209048,0.4920220144378899,637.474732657633,0.0025482703132259097
124.01657316951831,1.189582787058085,19.00365411333029,46.28242323218945,1.755829051812185,403.1163837808477,0.0030415927317965523
159.8615341323631,0.954987304824984,29.112047228872285,42.556119451330105,0.46488220430439614,604.0694425840715,0.002412783704511369
99.98015045583763,0.9666893345904634,15.737343340278997,46.65140952769278,2.0403358449020335,253.41973093536342,0.002825955034570666
240.0953577174731,1.7346405540370209,35.03860225182218,43.69660303101127,0.19783643890871178,278.71335692383855,0.0026449063280289424
52.738620478081586,0.6828849433470915,23.232022232779155,46.1819426979374,2.6702974721356716,304.0519514704057,0.0023812928533163483
118.2604283477448,1.5119349427369468,18.942802159948616,43.01422706706358,0.29287275874546065,12.504957843322579,0.002634816450825864
