a1,a2,a3,a4,a5,a6,sigma
218.45885070671628,0.6976040641899,27.032985146978323,24.264628252651793,0.6313326339966676,181.2854138888053,0.0009770482196851552
197.48050001546738,1.4348600711373145,29.503026540161837,24.262875903143744,2.0182900275394653,446.5014290836651,0.0009786611350055775
174.1564783529433,0.5003269015840415,20.62689164173288,28.292356195588646,1.4948703920834934,349.9654453775774,0.000977093151870782
157.56722057750397,1.49116510648709,24.057201783231687,23.433615312770172,1.068473950721904,1002.8479025621825,0.0009569592141777081
165.0170171331494,0.560328323276261,36.79598121479316,31.335679975899378,0.6745259816158713,134.57916684423054,0.001006446415568039
125.20276252432156,0.642173041436127,8.16238452439577,40.31752691630327,0.24379575913244705,1363.7964862510946,0.0010264412900740402
145.76207775822633,0.8032779549364476,20.578626842768244,28.94208053799763,1.4715817624364584,250.9771663667968,0.0010783709607538525
123.11286791123275,0.029004923830778063,22.041782896181537,55.298923586296446,1.1524779419725102,497.1416237303512,0.0010983574215544984
109.7374344057929,0.01286348062852277,30.80786304322467,2.061191685825545,1.4250553076079184,371.34069778177144,0.0011319144105852099
108.43099499295646,0.013152523607015802,28.04223608793737,1.9817468611314526,1.2183150569470997,819.2954963564957,0.0011018944365278139
209.6712260120367,0.011303227015642806,24.13148656782404,2.3901127246391303,2.009513644528314,903.7012335408431,0.0011117344405042879
110.36932248257305,0.011353279835448928,18.191662705217485,2.492177230035164,0.4138721647057956,196.13816914648254,0.0008763714183866256
106.8508537576928,0.02018155156015592,32.96532876132805,2.164770316516125,0.7695865231006156,335.2434772257683,0.0008588511268310516
208.7966013472556,0.03208058765825418,7.694435552815407,10.053623492310038,1.0292173041216508,47.50249023138595,0.0011098046298321077
99.73358581513705,0.02543693017701417,27.071864154031466,15.661681002700169,1.1013631852342285,3.196330381997189,0.0010257904758252646
190.74941945017056,0.026913891619585028,14.893036499284104,13.014523918929973,0.7304885960300209,85.47172544613079,0.0009766187054457444
137.83835331614725,0.02068627299603182,22.850390639653963,9.33543989810902,1.9020499456262114,33.03085604800321,0.0010484741317154573
203.26142120725447,0.030915756109989118,15.358530248047906,4.100550274471533,0.24630907442307748,149.80511691937176,0.0010024132547844838
215.74361459582911,0.027070073451380003,15.605733266908956,3.8205836000253193,0.21670241795216624,161.74323736041015,0.0009980287864360803
230.02846115499403,0.038232861300297016,13.225486489275864,4.767789316572809,1.5569438881128594,887.0386008665993,0.0010954724818584614
95.94098077696215,0.0352753881981408,26.589341454337113,7.171207986479184,0.8205364711419411,101.2594008306091,0.0010723681608551855
231.90037109699807,0.04369213244728905,13.872575571650133,16.654839916952454,0.8556082380087618,950.4328154540855,0.0009720193633131628
233.5464237105473,0.01579927401399448,28.979343209645602,21.052743037756766,2.185950072259634,305.5839399800297,0.0010687273963146601
177.07431147376488,0.010247052958723678,25.790710916060483,47.07766371665484,0.9290488704214974,526.5862901345497,0.001155992715193759
92.41767988110482,1.9141407063051123,19.63879644986724,21.974607599748335,1.478130005041496,664.723359605803,0.0009058275905549324
78.18091994477169,1.6684716559663537,13.330170120843698,31.54726560189978,2.5711786872562166,669.7448330132864,0.0009091758895491135
117.28755184095259,0.5555717829513042,30.455871387670864,20.504991097492045,0.4162882919784139,528.2517078666424,0.000993480130898196
119.47976980898105,1.614939448069238,12.704868795555837,33.16772348420146,2.7281964947901614,357.8170704351942,0.0009121528986262181
125.8125893343059,1.719063711210673,33.055656366374194,24.20099289900502,0.40803176676726693,272.17707159844775,0.0011879164302852252
85.37185445539558,1.7355188337817593,19.64481374370199,22.83709426098194,1.6346820897065433,380.98847356497777,0.0008923597449155265
105.54789221859592,1.1360125549912923,17.609382569694123,28.36325646414747,1.4579564630735946,242.70955197373846,0.0008871621266016607
244.5003751945831,0.6166602863649644,29.829309678098138,27.59092435767396,0.7138089008067516,61.78182417672615,0.0011589122175422616
236.62441826156822,0.7034039968746765,24.861984316861022,33.84724738696553,0.8327306319427631,56.49441513118583,0.0011223385175508928
170.0542864920428,0.2773113418634905,26.842584268201637,34.891056695947114,1.6110644555125917,105.2236988014005,0.0010901593600849413
162.49657375617582,1.6752157709723825,10.89615027241754,21.042362447824488,1.4660663251399606,13.981189653524286,0.0010494871197859895
159.0548226783569,1.579691557872303,15.074648795128361,25.273142206234986,1.8889227084925906,21.026680381480702,0.0010499665716839916
117.46077062164385,0.940184224253062,33.06180584709678,24.955728209106372,1.6324997576472262,15.85302401537245,0.0009686186195935247
128.4660383384033,0.19758028830547908,37.23969239327435,25.127928967411783,2.7115543770575137,12.272055164699365,0.0010373832216695631
156.43357200122873,1.756493474580694,38.26046376049918,20.73908399535102,0.7318751619242648,44.06438786586435,0.000956670231712188
143.8305838799542,1.0206664877456597,19.057006867771644,27.8265966771856,0.9572587789618674,207.86316501301317,0.0009098045227211775
151.33446981150215,1.5610793687304882,27.18315849810252,21.289677870197426,1.3248198146863104,213.11079913099246,0.0008837019878827287
118.30511740406774,0.3291641382979279,25.326932281715607,31.553660402398965,0.6368825603803646,187.8082704530651,0.0009339808855475952
215.52895755389378,0.8682236070640349,12.398838107133408,29.35861730641754,1.7727518755365457,916.6726391522692,0.0009273269310019542
223.25042682417106,0.24935356658285668,28.307088395848613,34.773801535332616,1.8587523870931442,846.7030618051917,0.0010391014332914283
88.76961565957686,0.6220166218487485,28.976951161529733,22.11051342261237,0.7342235620185813,44.90848354758434,0.0011209933208847682
188.36170893165985,1.6317049501912,12.979395930059507,29.493825839627245,0.514577812014044,448.5176242683474,0.0009339115754079867
118.62197844104226,0.46845896444399004,19.02122810792594,24.268760263007486,3.0507619577962553,753.5635653755539,0.0008843153340905223
75.14897843551573,1.8886388342258784,26.8077532027188,25.86305034191328,0.5820412549529331,459.883182947432,0.001046527010242325
184.6483590921691,1.9619213976396814,16.420119225407657,27.464061086731768,0.8545407353845299,173.8493741594626,0.0010499212673145976
56.872402690933754,1.3711424156347902,32.88960128941872,24.19328401540912,1.0550914712297348,355.8492805745828,0.0010081506883622905
164.99387589713322,1.5195072660937738,5.835981155529213,31.69019864772439,1.694913174809509,815.0953470780859,0.0009218762352596067
112.86632714802226,0.5280644105665061,32.66473522518254,26.100462717260704,1.1385259565571735,194.69323827092705,0.0011378844202510868
237.01548856131126,1.2292481370367583,15.626159577642476,24.725153382567715,1.768103306195667,154.23528309708223,0.0010473316787085929
64.40753166250924,0.5101673023549239,23.29344015682259,28.071993903963552,0.8977173113000272,660.3655506278164,0.0009864978850699531
235.006833780872,1.1144406270105027,17.49391653278399,26.76833895632126,1.9045035659236307,416.83055611338193,0.001094108337937748
163.82487149571048,1.180592137060174,14.437060340854199,25.531443126130284,0.5171159721559863,364.40295196297944,0.0010102101872782065
174.59596141278269,1.271417490389864,13.914651333334813,26.20195812290272,0.7868813821011902,1439.4712410750737,0.0010164378732325514
175.32065829667246,1.5340568826187548,13.92069626768761,26.344019385187643,0.7862205934755856,1289.0408787753038,0.0010280778506265738
153.6281587955663,1.055706076256485,11.239637155996267,25.509832186566356,1.0883445660388278,540.9588206407691,0.0010418818386761324
93.35338003267401,1.0944990645417234,21.346801192880903,24.643152335104954,0.6328849007503654,139.67795008788462,0.0009262458843512653
197.76561329275552,1.2452934649665601,20.249405124421184,24.19517719556134,1.9367313883567925,1010.1566779366754,0.0008843307359634005
235.55747241640142,0.7243336322173697,15.176008875053423,28.976893151937396,1.2919112901678114,426.30081673292455,0.0008920617173603253
121.2064826678606,0.36283363505257343,28.799013867962653,35.91989045171191,0.154350323638258,781.8630644850036,0.0009947564362455567
172.99367042406988,0.2200350563534332,28.10904149655026,38.81959487684427,0.18741281190595005,775.8372795972492,0.001033199491707107
105.77358710002966,0.22956381292751432,17.539020482720982,44.00193913748824,0.1456523312317059,385.52376445357186,0.0009202443687796855
66.87846485691983,0.1363614066013765,12.177957823257241,38.67004892489031,1.278637116248414,814.9069925943729,0.001031946784382141
224.59971399097893,1.5009451382108705,33.266352596216734,29.38575112019789,0.2989402110033846,323.4571329610604,0.000970465061531473
195.9589128829694,1.0150574807477453,30.32655218879116,33.20633862717922,0.26381290307181465,112.48273226169682,0.0009465305758802583
165.0628859512063,0.4377551319984725,18.476447000987175,49.298106724188386,1.1263081679631106,973.0195094742745,0.000983070288907302
98.0311178961673,0.24326656616601305,36.73216656185061,52.94678287682815,1.532102840115047,516.9660337999392,0.0010879846266262578
221.79951754335377,1.7915510773366745,10.971624018204695,21.98805066250002,0.3916435916960604,688.9329464844717,0.0011000032981163261
213.40921593652214,1.5516479145067203,20.72911918720343,34.37219168419304,1.106258541242457,558.8959528801895,0.0010356960290182498
85.13849519428291,0.52731449518055,15.710349140243121,25.267347931379604,1.213192975322673,633.949131537138,0.0009930464063479993
184.9093499137203,1.2130648007064087,23.939464063630748,22.984369333546674,1.284147133508245,535.0657095811332,0.0011156855837111703
129.75679945061788,0.1028843543313226,29.225493404712267,40.56045479680943,1.0780260821737853,381.28430074180824,0.0009062079224258248
180.29580312725994,0.018679616919996745,13.817885475305156,10.115562109513624,0.9375396670396122,591.0768147898283,0.0010689161642408386
161.8254531602958,0.048462923778942756,33.27262720264582,22.42152574879067,1.3982121451771252,154.3142975325013,0.00108798705606755
156.89297492976212,0.0320240909088056,7.601426584993829,18.289187232136616,0.7796116725209874,251.46385591755472,0.0009989760921181846
117.69087441387043,0.020967644909386032,26.638443749781835,61.646877845393554,1.2216603944171542,631.4221057800482,0.001020665327717721
146.4839047425269,0.02679160044849442,12.512689668122512,64.87590077266759,0.07156833381326168,108.19326712076703,0.0009786437401572488
83.60890907063052,0.013386200914191385,24.174359742421696,61.79154174989193,0.02854623975257387,355.5727160020332,0.0010468467981449689
131.44127331288502,0.010383021807937697,19.681314672418935,12.452960618812027,0.0669263813184492,319.3855213832745,0.0010507427144306153
187.0352268660409,0.010079692468053403,26.467989451204076,12.768333691463816,0.18035044058730906,490.40963892620823,0.001061862194645037
103.0892275190641,0.026275818111106006,17.853278278814276,15.751581769959389,1.0549129382866853,580.4598519513838,0.0009211166949853995
189.589978599302,0.053524541009767425,20.763537338834013,35.22608779747218,1.1582725605113307,446.3247670919009,0.0010355869167882471
194.44159380135454,0.058903874325992374,21.052788436263512,34.62694191787432,0.9744625754157927,501.89221375887956,0.0010442288265904531
94.04734117516678,0.020984867157429275,11.393201627168793,25.282713310759892,1.5524128668820667,891.4358523189694,0.0011524210939343723
139.45845900495863,0.03475000830424621,25.529942979342874,16.139880955518784,1.9408681421722798,574.6675459872603,0.0011491975816434149
127.62303515352602,0.03165973909420412,17.505447583211417,44.61501070646272,0.6554502087865499,527.7061171943467,0.0008918400960518976
197.11548492479213,0.044726130454978835,15.287984367088193,45.17574443790203,1.2482611486110562,955.8016368264641,0.0009174367868448738
85.50334328500071,0.054000520843865356,29.350606577944998,55.31465607239205,0.7197301213868207,184.9311318660523,0.0010766685724520665
169.06837955286835,0.05411848093581778,19.19453037825275,50.55725330284777,2.087205867759219,897.7892493223245,0.0009324044615817423
77.21682204560499,0.03748024612270189,18.6560196119267,18.49055362566244,0.4831790051200031,201.57691648398924,0.0010936612760612178
53.16328259511499,0.038867507761288306,22.332297693580042,37.47358557099061,0.9538308123748731,378.23288059447555,0.0010948558798373335
52.74743610899446,0.04403849151448758,22.32854220405326,38.60098189246896,1.7286274532056685,378.94514857251755,0.0010950472242399307
246.8599370314886,0.39177867765807556,22.821977093033365,37.23435777613563,0.3067455416218295,610.9484210352642,0.0010572259024501532
65.73435759625151,0.54935822226682,23.85724587335073,29.11416974947907,1.0038208760374046,246.53456072116393,0.0009394958362959187
175.48532540569718,0.021947047384692296,23.425330396062886,53.1587560339464,0.7749457172852725,831.5930940508869,0.0009503700928887697
235.29998266311392,0.042833587334872684,20.312016299572633,48.520413126964286,2.27873816906809,500.02395082324557,0.000961001922972225
57.601798449784184,0.925557749365573,20.594342754540687,24.65848492082412,0.665198954497692,697.4977726677291,0.001130738935798111
57.84353080102189,0.2846121841001926,27.67370636682446,24.558620579069537,0.5646475808968836,320.1254147959111,0.0010490433901358751
199.85781060337123,1.4126979950186656,16.263944417342397,27.97343395308447,0.11730081851051503,638.3851428251421,0.0008915078515453981
155.76272767841957,0.9169285697845972,14.727992348910284,28.32709252207761,1.3762161907146415,503.3439726834195,0.0009797982561146653
169.2616399827584,0.41706646070148434,21.069054332087603,29.547668776771207,1.2356147523999452,456.6486560103535,0.0010368299754587294
125.2205135957527,1.586155621237175,17.378182708450762,21.707373374563705,1.765245351547981,611.6064287063721,0.0010280503055801662
84.89690680629066,0.3598856799496787,28.544212753190184,30.53301839821403,0.9870351491326467,124.09195635773105,0.0009632995093954485
188.48892619895716,0.39859040294534076,11.997189920105559,31.824727208273817,1.9760289455066307,63.558300633614394,0.0011376781158955885
85.43951371217466,0.19480615182690647,28.644475346051383,33.209677301394215,0.5322017810546382,285.50835230432114,0.0008915106677319636
204.64864680421286,0.4466019403639249,16.55529571091397,49.665443789424884,1.5125260018882454,88.02769032836943,0.0010723242188385776
89.90465124725927,0.19826946263416867,29.34183400036772,39.65461314256953,0.3924523907676521,19.598850414086147,0.0008748227978894022
231.1399920168643,0.5118697969416921,11.694057526677172,35.8969851212326,0.7751856817707706,1064.6781731796204,0.0011678296362183872
198.2617035012249,1.5990064821185461,16.420983413079323,24.377609226816368,0.8818384829578766,570.7794443373685,0.0009949672971563133
186.4354215041237,0.6870905202163163,18.336234062235825,29.574522594229645,2.1384397298483955,104.64038954180353,0.0010339186857770573
99.96144141042019,0.9758702682384299,22.145020750633922,24.241847935722873,0.34487745300152456,107.98511254573793,0.0010578908620537998
135.1482726010986,1.0848054076953202,26.053352571419396,29.720145593490336,0.07826676426710921,68.36577518099277,0.001025822578390928
97.88596538330229,0.9478444449367307,11.970277214925547,27.724338930732234,1.7218764818707675,713.8812072979196,0.0009183348373997245
104.61520170255181,0.42626335392458925,13.120589954217527,27.34836540530895,1.4996564246395376,630.6257232592727,0.0008929409272628434
142.2519500504283,1.3235586280152933,18.533786592576927,22.5722384413138,1.7495096748143215,533.5971591591732,0.0009373126595664559
86.97492099096551,0.5947113465182927,28.19346641547833,31.26575732104863,1.5799682208472918,330.4181574193213,0.0010293668353129446
99.52492782758273,0.9265500236609232,27.245599710288808,33.95224120386445,1.0995419793657328,283.24635037615917,0.0010423649988749078
102.14300027843105,1.3518995599503167,26.876198742432077,31.2964391393633,0.8539087594931476,457.1068497065823,0.0010432828855361659
116.6035688616605,0.9706825999440545,21.65773586415464,29.95814255976228,0.7269461658055865,232.20212024586186,0.0010066929713157177
112.90762162127541,1.1744319468955389,11.802269452744147,22.699268331468797,0.6026596501938155,643.5551940515564,0.0008905521218181127
79.56826708957831,1.3227240091896528,30.249804408435388,32.20885654164867,1.1085415047958067,629.8673388663241,0.00097665577320093
211.542104812254,0.718525959410515,23.35334341250805,34.75381242813479,1.566318786812003,233.64404263109168,0.0009630492305251872
213.59213086846796,0.17317788397428746,19.82063418565381,41.62566755873664,1.4802059867231563,931.7393647423457,0.0009683542521886896
158.68854160432304,0.4989510808121508,21.163555233174563,38.73891672303939,3.492555221727616,227.61171948785108,0.0009901372317635841
60.71986406988251,0.6729396471484749,31.359691582473133,27.1685504937468,0.15938169930513907,75.66632425757287,0.001030834538383052
185.74151182854996,1.4120290763633057,6.663747886834736,32.73142993642499,2.6240448363858295,331.30887827661894,0.0009553357796226106
128.42902480121003,0.5858998894004913,18.355340215112683,25.689694808361743,0.8220426612848091,547.8468744056582,0.0010917090949916926
232.99484560403056,1.0589589797272734,23.920984745011513,21.50860957275308,1.6293088306824297,110.35136258697295,0.001047267576116977
60.05548592205908,0.7869735283259277,24.428138052139673,30.933837236698036,0.45692324637032533,379.0366296880935,0.0009850004843419023
89.1039011386769,1.2069094587505562,12.99505554990182,30.463088197551482,0.3019234537320317,667.5360347375529,0.0009682643779035718
112.21689115780244,1.1563650246670427,16.78104567873108,22.68668209687936,0.9050809749520582,663.2649799182443,0.0010690559600168798
170.86013767749114,1.6079034870480269,34.0269468737767,30.341154705142696,2.7446423370354975,582.0512698153294,0.0010923004631412689
54.68104518304156,0.3673168716682335,35.929116476984106,26.353727568015724,0.039055407553808846,629.4742027889811,0.0009763920497461821
90.86761411355418,1.2253429669792935,29.571021434334384,23.778472351149716,0.13857506937354336,629.9657877773185,0.0010684104482989655
205.94168202769322,1.6059914074812145,18.104015861195595,26.903446421159064,0.24170790514153245,779.514158879493,0.0010200616421051475
161.76225208404213,0.6113822447394166,22.892555937674437,25.343325081890924,0.7599288057169183,298.7234004694553,0.0010220521487501672
150.39025568529487,0.6087971012284658,19.48274327463405,30.394798783191543,0.9040821925326128,441.39957123947886,0.0010572715383286818
122.8090216460857,1.6632742942085743,5.407597873846572,23.313843869718813,2.0966994948397066,195.26461116433777,0.0010058900477024897
159.060446843225,0.2573202556985963,31.720609676397597,43.090830926464804,0.7318746739134349,223.7326738525361,0.0011377377282088478
172.66462122686895,0.02017201918125472,11.126909226739956,42.507210795567474,1.964078278368776,1035.3770249052964,0.0009602919609218356
185.02861966736978,0.06060482459138222,7.398443582413875,42.961605470123374,1.379417738757989,725.755296152267,0.0010049195201475268
173.91676306118157,0.017897318160906873,8.737784631124764,51.10831105008239,2.0276826931374923,901.725407922675,0.0009726836759758578
125.98329696563466,0.0393447657082294,8.002436614198695,46.555597251297186,2.350098180550442,469.2413134318772,0.0009979212819124438
233.4504386559229,0.03858110831037459,39.63376625932638,46.25416005828709,0.24095713974589225,494.830848079918,0.0010038260425527933
60.486969842031094,0.013063985675230164,22.929823009364217,15.42567014422072,0.008768159927828024,556.4334515017055,0.000996098526003698
183.79824410943334,0.01527381533154264,20.4825168440882,9.296502863457661,0.0532162936868998,480.9009307839324,0.0009477761734306245
113.25454376362867,0.024845680289888383,28.213061045945135,32.38086566258825,0.23978746713463367,677.5356821623477,0.0010224039183991684
127.91127293731354,0.06907979412179256,24.57785585237299,38.69902764611395,0.6397926078208104,48.09781082972177,0.0009829985325501267
173.37208134843033,0.04164824883834673,25.882183201874643,12.478951680950173,1.2080624306055334,540.0460795744469,0.0009688875060227764
241.0141571210172,0.010760656532270497,31.656044505606452,19.596901449565124,1.3711575882739429,357.279225295072,0.0009530271250068484
237.26904227151365,0.013801511723856871,28.400957658690913,20.728755748732475,1.1416695620353778,826.472218125257,0.0009773745214409332
241.87805577656087,0.028373967536933,32.741484729765354,10.924056124799717,0.4819104278263231,157.40616430717208,0.001002056403653905
104.09267542834357,0.013263198161343142,14.738130376324623,12.855609120681322,1.298081254396102,443.32275475271535,0.0009831439617129572
110.78497337546216,0.02838596208660407,28.623332445604138,13.422094776487047,0.7531528750359575,14.21177020971577,0.0011037363063300697
173.46874314652473,0.02770047313145561,33.832194930915946,13.108131415834757,0.02470265043496919,226.3190208180506,0.0009882562124003693
165.14557093785433,0.02244407710305465,32.38263236503998,18.6450945123913,0.14856581720088843,234.17891393147747,0.001063956456810081
130.34681201889126,0.03326612475140759,17.321608555513162,5.5405524591353705,2.6912172442346143,689.3141575958316,0.0009577599574399379
75.45286246953981,0.012859274849827186,30.50304201444338,6.863847479766928,0.11764468356924342,288.9191653964771,0.0009189876558539442
244.13125510945434,0.04748656700778823,9.393007593329115,28.5363031246829,0.07055437956904224,1017.9504299792736,0.001076317601950893
245.22436691192644,0.01946433290732627,30.26740851194128,51.41914416696992,0.2423694796960962,515.9680007342853,0.001108892576578797
241.69869910220203,0.02776485166076451,31.30834000838571,45.41847603728493,0.3551286574878026,184.5706451206329,0.0010441580958096078
141.2710996625524,0.04653248592916057,33.84412447000414,42.0404446111614,0.9758679881303558,318.5811988917198,0.0009336901958988144
116.50666634494618,0.9898854687268934,22.89570859627639,23.424869412359367,1.798212855067552,874.8520567244313,0.001050219819105253
150.59766588377536,0.5180600388605703,30.914441532314274,27.551830051411596,0.5869834054214186,301.9528908850428,0.0010323719241544088
149.03968727654927,0.6158463695539086,13.538755554108873,36.48520628289998,0.33961469889417945,478.210490702384,0.0009877008824781765
101.19054138768429,0.10245703338551627,29.01629384216711,39.52548770804981,2.4772694607103203,451.1672135272102,0.001086951104881589
72.39387047607443,0.09327776713435137,35.93294351248667,36.11603707030501,0.2922320852332731,978.6224411455743,0.0010103047488681746
59.71804936533584,1.27251987507598,8.307625335081173,28.04469607442944,2.5641086817315717,129.15507569747066,0.0008802420679257044
182.48293269650398,1.4268324492819306,26.31712345251523,31.79957421734766,0.6452924762702549,670.7741445687591,0.0009903434300102165
94.29740356645843,0.6855221319843058,15.201770073624449,21.532062963266405,0.8973855125979273,273.3078896252702,0.0010416321525659323
81.5754120916442,0.9972754419367235,22.725526876448036,31.10575263426035,0.6099611745270572,444.7091798799891,0.0010889284775864212
79.77167208279401,0.8269775890259423,24.382547841539978,21.325246946068262,0.30041669092549744,638.0360000522768,0.0010608843733472407
133.98525066730627,0.4493357899270759,29.499813150658007,32.181050753556455,0.5826541756335976,207.85260378596152,0.0011624079987030355
188.25222628305903,0.5119753770951118,19.26558591935779,48.08349068596871,1.983262215215748,115.08597250994869,0.0010562603569161905
120.48808909001079,0.3808001792182642,19.959349698955435,39.33557087709796,0.7269842851778234,410.7455273024269,0.0011305425865116249
212.92502897453363,1.246099347257182,10.445321985271166,25.296380944429497,0.8169138553316078,524.8053266303341,0.001043246852987315
247.62202478377395,1.492642833305791,12.296887546028861,31.749312551069767,1.1294653475074392,694.400811542887,0.001018255618234766
54.93533118228966,0.5192903893663021,36.27389800094537,26.096605992181853,1.5847282714929762,292.56720019974324,0.0009358813691980674
102.44575839700497,0.29043006721678527,19.731867602736866,28.052009426128386,0.9833454167281171,1091.7173934335713,0.00105452743857279
155.53552041830565,1.619490862632399,20.54563738684459,22.79566661812419,0.6521199117842122,172.1322371301603,0.0008964619255150646
143.81132962649806,1.1957265741318162,22.260685616443634,24.14931421370235,2.014312617843383,324.48734108582283,0.0010319444881384057
207.99619707506685,1.2902638044381791,24.451591114312176,27.165003026286392,0.4561919652380439,947.4363369141619,0.0009921788298774383
120.49338643178919,0.8857040072159176,13.396020930778151,23.06841611425953,1.7696209725205987,249.71136723605318,0.0010545438671287013
103.68540462910202,0.8673538477238701,22.867646599929543,24.95268768280718,1.965527714860724,638.3676944074867,0.0009504342087445633
159.2627671014889,0.5313007625814166,16.489108169780227,33.911261603826,0.6183599828164535,407.4525330560398,0.001121874604257265
109.98210057158173,0.43362220144953223,9.18675571828486,47.46743314844693,0.2736201675885884,236.92590992774882,0.0010906055321498202
172.47590506488822,0.02599580752549321,32.8998049001677,29.22343958875413,0.8653207081013072,829.2970915534363,0.0008802879205415529
168.63196675360504,0.21748921324778478,31.9811712940812,44.424172550851225,1.749865469759878,158.0558900572887,0.0010492722556694318
153.21026811263962,0.28005859681472833,19.614821751810606,43.55182499653699,1.1126484171793325,92.54777879493614,0.0010102870295551527
144.29155285819323,0.2894686575151517,20.218968387332296,38.99622505340835,0.5618022603266074,991.5661437361931,0.0009942946856207834
169.0227021706702,0.5645297150261169,13.154932709446626,49.85814006117489,0.6414006644237934,727.5071576164585,0.0009849361146971685
169.7812129426451,0.4851889008177574,11.405149623096689,46.03579797813607,0.41836024948711736,776.8414611664033,0.0009659605282018609
155.88644861425163,0.4223391727955794,14.046193358202451,41.0987626745909,0.36452178495944176,336.5434970642265,0.001066305974253217
146.62135565937703,0.16929210133779413,32.330334229763416,50.43663247372241,2.208293710361375,380.0130441363418,0.00103030837900841
143.0844857143274,0.5976227054756855,31.980828341636887,30.991771879078083,0.5071704970953249,144.59918705624327,0.0010186484616479768
114.2355138396938,1.3301239736423394,13.825713801937193,25.12261103442059,0.6337131873056273,991.331278618109,0.0009486432823773326
136.98352302942567,1.0585516186495667,22.53561829267921,27.666241817375248,1.1665672034627506,280.51867049296663,0.000978903526483763
147.8986436460315,0.40249900481042844,18.68584758996796,33.54363974126245,1.1936969939597615,327.3556207729761,0.001065368056680172
124.47137146152679,1.179189519078093,20.14731213562651,30.032797177348336,1.0448883689042814,428.09431687556736,0.0009278280240729035
114.53182140605003,1.224751669730109,18.43284390544154,22.23182926670427,1.1714679778125836,198.57722810562387,0.0009709900261022452
151.04040898986486,1.5593858233303262,26.92528234061074,25.820757706077135,1.3573661431457904,55.97374801507226,0.001019796040861516
140.25105303140958,0.34387123090793326,14.50783211758823,34.69471944883036,1.6402737432741878,877.9816166476036,0.0009162706950558525
206.55187138595477,0.9230914053069303,26.105459928268793,28.17113396642282,0.7086600736787366,235.99049289734535,0.0011119843832304137
90.4196464272824,0.8729040722557411,28.460324229779122,21.904550476474604,2.4685739434499596,317.479938426487,0.0010834677731474337
189.78390316620576,0.5975550785744593,22.432446368339996,35.0671204661912,0.7118413751313739,543.0047445085233,0.0011064188826050204
184.67662652901706,0.5865729116025766,28.020541838599573,38.78006711109591,0.27763096290974193,214.54157478457552,0.0011085113372908079
126.19299491714594,0.3335492615022362,19.722952697013152,30.585203316209473,2.4615835187216883,1024.4767673864408,0.001073826161086292
102.11818669913126,1.2680857861571564,13.446444589014462,19.818746221217634,2.140056727589692,554.3864119616222,0.0010072534976049512
117.56254064519219,0.46932735563402467,8.870420177426665,30.527707586072637,2.1980867199155565,1009.0650495060734,0.0009296070052139544
104.29538193214142,0.31971858059539626,8.88092180103381,32.02811172652023,1.8729085518917206,1195.7850065292682,0.0009138089956924358
83.40850559211084,0.32485841426388884,10.332865262332193,31.594055431886,2.021497640209107,628.8541835794309,0.0009323648695932884
159.90550378209895,0.3013644624262811,36.22252260609412,42.78400842907602,0.7065168901322003,419.8700728668877,0.0011198801832106133
110.56359240694931,0.04663726175906701,28.412377649429306,47.60680827224015,0.5131158079514422,839.5106877672625,0.001223880433068101
191.4533613726063,0.031042189611301934,23.834774909136566,58.544944937863754,1.8821845882822752,634.5471506106613,0.0010684753255332266
221.96456078026284,0.04266745219861108,15.226839303778384,57.03319173017279,1.6741000365054013,534.5891124106159,0.000997386943486835
75.49188027550035,0.035660540749197965,26.558841350943858,59.808717027950735,1.3304288123268941,191.36105547389081,0.0010328517130820517
211.59551691692494,0.033827175217741076,12.86091604601001,62.377389765380535,1.0548776181945274,578.340438900473,0.0010158177074988727
218.12803798005515,0.03667274356868472,14.801979481976257,55.15472395452132,0.5847789258737942,254.52314771107245,0.001091065532588215
222.69324454115642,0.03427915945444104,8.617140247058876,57.44969990513059,0.5193153883011321,134.19824087899684,0.0010797479343300266
63.99258508919453,0.023384408982814794,3.585097478129784,32.48795334555002,2.2329178043770486,345.4067093095047,0.0009595283541326675
81.03796960965978,0.05219281650131753,4.859610541680866,26.203368255793954,3.2713943941691617,711.4874753811016,0.000998439302828858
74.03789387429146,0.0424008601040128,3.236596777173987,24.056331211483666,0.14156872281365301,181.52121610142356,0.0011240403159743916
105.89848236260566,0.028998350782454264,3.4322318771546914,31.91182377401756,0.10308672266331617,647.9677381849646,0.0010938440373232693
241.85630583608346,0.03316724842229008,30.487875168543262,24.67948146987021,0.5431875749431146,654.2851324637674,0.0009672554152753449
69.47123478720134,0.02670010957685256,9.453142326910076,32.49847775907786,0.5467549188350597,432.27204404419285,0.0011187215972941855
212.16412678175547,0.07759385569044015,33.46402415907072,35.307965526302226,2.1988516425989943,788.6429752130973,0.0010865973624250547
105.13201151289901,0.04853070571107353,3.7439513399174986,37.54951774091986,0.3281923564527019,360.3862252280991,0.0010684085034538158
156.21802172585532,0.03730193421453607,22.913115229389213,44.13310452842049,0.8548523864776525,803.4873293053554,0.001113100350085522
120.45647724448364,0.14220930533393702,27.74829562491642,37.09982046638222,1.589747766389795,470.7170725861196,0.0009629787659575154
134.60370816104532,1.703028246806238,25.679000298073145,21.90267804626643,1.0866003502030634,684.5494348011124,0.0009623264756688513
179.73427860802417,0.8275319451073648,24.603917310184396,28.149764662646827,2.7609567825772383,529.6558580531625,0.0008608844883198695
133.2561323321738,0.966617668064876,21.813523027121942,21.353004645020725,0.6129671176661708,185.04442399317358,0.0009824845807311002
60.20159673744616,0.7789209913881281,31.80293405137254,26.76761383473137,0.7769186306632491,306.69747003621296,0.0010175374592929086
91.4261190565462,0.8146058562386731,25.669158743443187,21.097927857362524,0.3905911895608858,585.5254973653354,0.0009928167220274516
213.326457181643,0.37397541959801195,19.66629389711545,45.44106365751747,2.4244663666529203,235.36679903711732,0.0010247599573781608
186.45949177929845,0.34700548699298767,24.773638220192122,45.84240693717778,1.290185814056912,203.82062669909186,0.0010122637426691315
182.45305157526343,0.3188131746055575,14.562500468515124,38.44131911895257,1.8652825025447766,152.45213948995126,0.0010352575775607546
241.63478475717224,0.3787468239762093,18.89085318867151,47.33545056871633,1.7732852753901274,883.6717965376416,0.0010616938255412394
91.40221641262502,1.3196671538835076,28.81968961291248,19.448559784149833,0.731055493219536,271.356122935577,0.0010665162566463342
130.7796286282521,0.6084794693500483,24.91380354590373,27.533363304988764,0.9954301874450391,336.29259479454623,0.001049111749196497
108.32646196159995,0.7664214289668327,19.345842833305067,19.965298570541133,0.5768207068645124,250.99641247525986,0.0010227905477549972
184.78739150269115,1.2639928892854944,31.151978085529226,34.48249006998953,0.48920503971840007,862.4430624721396,0.0011060933494750163
200.24775766910977,0.6169103191606702,27.76866859757915,28.626168059489906,0.3921166385503651,1031.8017023964708,0.0009955139661156787
187.2561537991446,1.3727000948619428,19.05068874672744,25.692385486444348,0.3511374202831611,237.20822762796539,0.0009775571161304698
161.79701905037794,1.4472399525331074,22.998926790354428,25.41002143864058,0.3048244539959229,110.7733616199369,0.0009586165809250511
61.94716837651314,0.5949615633717179,19.050321931101465,26.641183442059123,0.29323568552945206,80.17864338292155,0.0009581330753742486
166.25918428677284,0.8530892617660442,24.852732236903023,24.954675447118532,1.5980680281636006,637.172940425541,0.0010294479003360257
178.09709118511879,0.5986124871933175,28.750843534370425,25.275647240038086,1.6193733145727363,366.5546565054162,0.0010121151597330088
146.87491914545672,0.8574417752451896,14.158189857961375,26.34936088862116,0.9826040685237746,627.0507261475091,0.0010352919686205033
159.90929244784962,0.6074537338664766,22.804763070806096,29.316960779844912,0.4379892629517218,646.821642282481,0.0010005067940778792
139.29033601067354,0.39960543223399225,20.364822025120546,31.75176710095937,0.4291188581999843,741.4386855313788,0.0010170677864063124
157.67856858495378,0.26903372500612266,16.851297126294902,45.79881009403792,2.1894295395913157,220.90994423087147,0.0009292031348124543
112.80469328362645,0.5998318177295704,23.65960231074471,53.846416972036664,0.6957831233512455,229.78634398328222,0.0010376767149224285
135.12905889490682,0.4573358318672384,19.85973431040757,53.298540040842035,0.9659125546662075,323.9547325573348,0.001019741795522127
128.8548023236658,0.5510636782123548,21.975069127357706,53.92219976315923,1.1604821419477473,309.781974410339,0.001030851201898558
133.0322000522269,0.34483435951281827,20.35717027147973,51.75618195818095,2.067138740351717,147.59321946329536,0.0011065551023462384
150.7323844540684,0.018298782836369834,21.978504334313005,35.36392145667391,1.0821528071061646,949.5264174980196,0.0009271977542158589
180.09982324409765,0.061389026500192234,20.788718658801507,38.991153359353966,1.5385272376961419,276.4390569862022,0.0010359323040435256
155.0279246837938,0.6811252585761737,28.125132474524044,38.61484874236032,2.154929463787719,1287.0132346422051,0.0011101786974764235
156.26318472760948,1.083733633941082,30.26611425973472,28.257758016465743,1.3198149877796979,445.67537877404385,0.0011080725312981705
96.62633161679356,1.4523101505755311,14.094143372333088,24.77398188083912,1.8059146920513218,514.2971663124882,0.0009097666003915118
104.35617294232924,0.4001220198938771,19.953471181032977,28.13685593179539,0.8987601734300006,733.2965223343937,0.0010083594487062537
62.5007611687048,0.4897437180609645,23.824367195568566,27.640794773739707,0.6768664028180177,577.4766570292909,0.0011095066199544024
214.0071538324058,0.9977156425422614,25.03434032487486,23.933456516845276,1.5662340772352106,777.5755249441249,0.0010437883790585095
153.62520350141853,0.4242193219710885,29.873016993620826,30.731627745826774,0.2550916875537066,733.1473342710142,0.0009853588569720387
121.96624866258922,1.5409717315455789,12.428367014442317,24.207458178836877,1.6731655248361943,178.2261905912461,0.0009642434365394147
137.62655568058054,0.32300599565242716,33.03037834277192,29.65633977449979,0.992194942499628,418.06463767378443,0.0010095801107193694
130.96405546671244,0.7174562422220396,27.337527208771945,23.759125909301638,1.4022644328747025,998.5836694724652,0.0010675123399466904
130.67384739133118,0.7495479507468973,23.76092320299219,25.413037242327484,1.4240036093116009,598.0851774897543,0.0010903658475931628
148.4779071224318,0.6064660458141562,32.8747290164219,24.096318963341037,1.113517831955759,517.208976208533,0.0009396715605855693
140.5798420386686,1.263943323415759,10.470505203212335,27.31673922978583,0.8027486903694807,218.53553354796455,0.0010420521188580327
88.70358298138596,0.742847787239559,18.398735558942374,23.82435786351222,1.1985070154611024,287.01194734681013,0.0009397060665506649
246.36032067103247,0.8235770176313603,23.26661962441031,26.353976378147568,0.5224876521423225,716.8774062529517,0.0010721300339285732
230.66989412556077,1.1538022785435185,18.083048926512824,24.029261082646226,0.7585848912386607,497.1609318387666,0.0010283325858959605
239.62074666077388,1.3481116827860102,16.26480366528471,23.82075112546043,1.5069058506324902,365.3037235766674,0.0010110366523007812
199.88727398015348,0.3825595925576457,21.146494291519616,35.15394048636207,0.35941609040724337,795.9680153744067,0.0009714525352278533
123.28255987443266,1.2889074215071465,23.79206880219136,20.006913127618965,1.6423090284199866,187.97008860128415,0.0010904443205161072
205.02792612051132,0.5689668466449161,26.867813774543354,27.139112318687456,1.4533745328477021,243.77725659395824,0.0010319266406524229
102.19827861445782,0.635977125338923,26.1316790214134,26.55534039691531,0.9513716671047292,57.18202945136781,0.0010598737897766278
211.7211452990253,0.46310251485237164,16.54208597864223,32.00723043384493,2.526616948679302,80.29675999191119,0.0011501805530726912
230.31893768484017,1.5642025467210925,17.029868361053083,26.425409132409097,0.5520336009805091,51.56028478871778,0.0011097199629050885
238.43111828520523,1.6292494160472584,24.93219361948112,25.97691655218389,0.4494628175363872,51.70120718591473,0.0011848497433953628
66.7449821226172,0.9136989445310443,17.4737326416216,21.013953619509056,0.24708363886901022,685.0293781506805,0.0008753690443112132
68.3514448122599,1.3209177260196143,25.810328698568203,20.741911281423917,0.7474234922805543,503.85046935764564,0.0010902945226490557
227.57895379060608,1.4713317575163094,3.241469892953233,36.73049645759306,1.5037075379352007,54.99234777727514,0.000978218862129096
74.24334331490279,1.7725328409156345,25.689015356963075,20.2965071727645,0.6607477332371461,213.74810390353977,0.0010304446308084475
119.74055119614277,0.6062199969721052,36.15611468698457,27.564174733774422,0.5818630196736094,156.93301035683552,0.0010327865563918828
209.6643338280577,1.491637814351054,30.92210771606167,21.978597521946668,1.5276984130517717,379.3982805312372,0.0010805942910005098
171.3765535184512,0.212388578616475,40.22769344907442,29.316604617467846,1.4811207147054424,786.890128681559,0.0010930726187428786
141.14835542307597,0.6060752228178239,33.28894052826102,25.10734707061352,0.1435120712894063,280.0710402270758,0.0008409580931718488
137.64293359320456,0.4961294250037654,14.0072089529979,27.82597983866068,1.8935987572996063,590.8116490433837,0.0011983231375331405
166.4853921425005,1.6738193597437332,27.337632748309254,24.475998096737314,0.6961036613925508,529.5195136242833,0.0009360905350211222
70.94221249502596,0.5788709703136103,24.929149305057177,26.12181787968792,1.2728803495183083,581.1137316471547,0.0008673621340332931
110.39528929926917,0.7188380247483546,17.61265993111452,36.51895555826456,0.3585635782994208,257.2396088108552,0.0009503050633614276
185.2572154443026,0.09169091717123293,28.185353893674954,43.87089712794143,2.3982111700195734,67.20452296369272,0.001071450096404006
160.5542489284423,0.8743083969540961,12.099046358897168,28.69315395179691,0.7895104093423237,2078.258301641817,0.0010447416401416416
89.08770428474574,1.6680099712840175,8.896863282850415,26.271637828108883,0.7306201622644612,115.67715345243359,0.0009930441153916266
142.33389297001418,1.9934570005880698,6.3244823139001785,23.963421842071174,2.3385447658054788,62.25894373201354,0.0009378192641973053
187.62090555107235,1.9740735024945772,8.670500449945912,25.009289117513607,1.8117872484905693,63.13708478597911,0.0008904962926817928
158.97253316580526,0.5776511018416468,14.208558963800133,31.062043159747574,1.1347973983180457,39.34361935670964,0.0009660767579013663
172.09628656002346,0.3511933804826983,25.024307583508126,30.67564548161827,1.5987045162388223,87.00645845335363,0.0010142870928336997
71.02730743342583,1.0054023539425803,19.797392013035235,22.44431318040931,1.5856579956013022,49.36933844982424,0.0011120506314805777
232.94202463388964,0.970632771293469,22.346334982521547,29.650751952902542,0.9185689264474484,52.07494135838348,0.00099019400907687
63.5988016195126,0.30229130813427213,23.283926148215382,26.771872578946095,1.1685270076188339,963.3496209677095,0.0010137785772882883
87.23703425313467,1.4017934813358408,28.21899652063644,23.627073880729267,1.3867001080756287,1097.2914047850666,0.0009789189147329722
52.32801521526511,0.9761274174869181,40.86867488423272,26.58350413028888,1.7067027983248617,337.30438641265147,0.0009821413231560592
212.2917177856966,1.2251710103349867,26.10886285284541,26.38098293678943,0.5524571810968364,315.615502804343,0.0009185847702171084
135.73411610672878,1.1989618602883205,26.871851824182848,28.322843031567075,0.3236608429568246,249.76886721598606,0.0010058969915729876
122.64419509564539,1.5996035225846845,25.142682682669555,26.206705838440996,0.5832038080150385,187.72581748178393,0.000997569896996565
73.60787346207022,1.9103102196555413,24.104759595013846,24.011404697914077,0.2702999417932934,792.1012043488249,0.0010490284993514652
105.86570500702976,1.2965068621782827,25.11659338800598,25.719565237926115,0.44030343439257547,292.58500294990165,0.0009973712476274983
152.6827021105141,1.2920324324973158,21.05200449636977,25.56360625480049,2.1095720752586944,765.2855189907847,0.0010880773804215712
108.93816146005636,0.9981779094331928,25.738574789936212,27.724317716828754,2.514220771211006,1161.8005485793433,0.0010659900441103883
129.41768221504043,1.0267614577571167,25.84036847179569,21.76127803571243,0.9731656102346913,312.06570109795956,0.0010467074013743875
153.35099185504598,1.050780544595656,36.24135274263361,28.21855046122651,1.5135780520039068,916.4750509146401,0.0010722850189917282
144.8062504560106,1.1522713937714955,37.82541973582673,25.2577587153337,1.896140002917918,755.7031944705514,0.0010855841835625544
182.64225194520975,1.5742323813794759,8.130456870066563,26.540446753004677,1.4742873052338774,61.713462871481305,0.0009898891392971561
202.80065783168166,0.9754459897234683,12.076495946548919,27.530811817104883,2.1074220159247092,40.07476896762006,0.000845863553951087
186.3591676679178,1.5132022697572656,17.71341233739122,23.343411223840363,0.7700656230729441,81.03906764554247,0.0009217371807443602
86.80299120672038,0.37747425199373025,18.32542284838939,26.499533093360302,2.0749599380392576,94.49689468528629,0.0009806817607325808
101.10519182100106,0.7939360941108731,17.028425858249545,24.36845133565944,1.997527157190392,83.21887986384527,0.0009988600252931184
94.89493902477318,0.9661497114909537,15.267841586804199,24.38475043082878,1.8392909993952373,97.27529005837772,0.0010103249022714246
128.98567868579823,0.5836324008372775,24.415168283406288,24.451573051368413,1.0116126364680726,129.20885477370112,0.0010596322445488777
66.01203764360903,1.013125649017856,18.198426911059688,21.66064188276713,0.6424193307593046,122.88877446547293,0.0010486555877655991
249.46515906380148,0.3950961183136473,26.408860959357323,35.29965906752167,0.9773629669143057,1149.4566643355656,0.0009997735928813012
157.91561448098074,1.3581569719846838,24.448440222005566,30.306604774598654,0.4491505913539534,120.99683853168952,0.0009856048223884544
110.71211571016933,0.3971945968262892,14.463672680011861,31.45844041349664,0.19872572824080248,853.0309970427918,0.0009750354542263921
135.57496509750516,1.7036224424264188,24.647637897730274,22.261928942634317,2.1109360664400305,620.4926956440678,0.0009558508920124425
81.30306175262774,0.16066849936292243,27.708942786489825,37.161808848347015,0.7115946218452862,466.71940802168825,0.0009236153148271084
78.95353203887201,0.11760654315771406,24.39801552144162,38.877278749884915,0.5399177146699382,251.51803071402946,0.0010179987101980588
206.4321919254741,0.9041172837157532,21.79496730875341,29.380038345180605,1.1220103782926698,596.4920219081683,0.0009475295226581028
203.16182397441756,1.0219528695463311,19.854731789381606,22.184407867668938,2.092334120878131,611.3270549270844,0.0009656906848768072
116.18644223528705,0.3014019951252673,16.13639116819585,35.980167068301135,0.6023486582270932,312.1120850337794,0.0009691328087262448
90.02832346215894,0.5324431375250819,19.427012553297228,31.18968984163821,0.419958341464414,285.75815015728983,0.001004089380053091
157.47126995624527,0.8240572809077945,20.316884413333394,26.708065204308618,0.24809606595287859,569.7713192462403,0.0010263657121273564
136.39809353925955,1.0195060145202823,24.89887481900834,22.463162281322123,1.8649492245836239,402.1244640889838,0.0010741668059781986
149.74179699681864,0.2988017733052819,21.65244758284861,42.19354362854204,0.47005935897871076,131.06564150363283,0.0010244746276946172
162.4719341462469,0.23956204772168974,22.295702255204997,45.891541933749096,1.1277460653600175,300.5508273439811,0.000880677507142331
77.5119273655408,0.1294086591342311,18.850371242697726,42.23942117052185,1.2533453874847447,747.2409394146135,0.0009137736655429221
183.3975097714141,0.3362431781567789,21.84540535301792,42.118869511540396,0.28725259633204137,255.90011371309373,0.0010656963627297452
165.96106503957304,0.27739578636741635,24.423335525809797,43.26845358255154,0.23143869576556625,241.1917285485395,0.001041820711647187
112.1328312101797,1.5248142230001738,28.129084258989256,20.715075842873578,0.5459473290436698,4.503001767455041,0.0009873570029625663
90.70800289678996,0.21258775948162154,28.169342771828106,28.996954465064857,1.7011199041305523,3.00905017847928,0.0009693293711328704
225.41759897112237,1.0709353321870074,16.135478699542094,33.51577299599576,0.9827133713725774,1.2630372350032022,0.0010251647138581805
177.66781083225408,0.4503339112304439,22.419794835508718,40.70678004785989,0.6633002673583742,3.064939055223886,0.001010663913940043
88.28460658496898,0.1731981471722057,23.63298348817092,43.57552570046273,1.1012779355663944,2.672581092942313,0.0009878476860459397
179.40245222095822,0.08013275643643195,28.802443750476225,32.67003448439891,1.5024970614530062,4.788085877481006,0.0011357339775375746
199.48777102637843,0.2201817958007551,35.215730446339336,47.70728923153667,2.857029914546721,8.313238305790605,0.0011288541995084637
171.01859947816567,0.15626407152288058,37.89429750847306,49.272303267903204,0.7750664089367528,22.646468607140324,0.000901322766275231
89.98130291877752,0.06676222565413437,43.10898207277749,50.70062398438499,0.9635785863564374,11.024808086755836,0.0008647454056578165
76.86311476303909,0.2561976457830263,42.16872168671696,51.70813133517941,0.7025404704125564,19.829815547638926,0.0008461179287016624
222.73732227881686,0.034773749101735224,18.56871042447691,10.4923202782739,1.803087249256487,618.7970551816695,0.0010325522134500456
168.12785509397688,0.025900630538603236,8.83044225224581,9.889979159504957,0.9185931095051802,648.9266245622528,0.0010442440043466987
176.0761219495323,0.03800674148242382,9.001588869035444,12.984133517073476,0.9231667573010133,516.7037622017998,0.0010296350412279693
186.62256618181843,0.02653680996239755,11.50417676303997,13.663588703599444,1.0642342995056067,433.76217625281635,0.001047735380386257
135.08541016719522,0.032102148683733546,32.088419859470164,18.035177293399425,0.14128498630152295,673.2541043866395,0.0009321269480853821
180.14511155622094,0.020997615585565177,15.495649125891426,33.780987802332696,0.09953123978247765,211.66370049561263,0.0009081179603535169
144.82482906655108,0.04053183552322699,13.832062046655041,26.811941206507658,0.11270969863825864,157.87760451551725,0.0009581959255338661
125.37675413969853,0.06748934092612603,26.044187968126366,41.01233118278054,0.7590568085340034,347.95866378618035,0.0010904835682256798
150.3479325676194,0.33325174394810475,35.4846202672343,50.473494848036296,1.0081366726812218,245.0396843461071,0.0010675237174874548
221.3631907531271,0.2680954313714346,16.784057988470146,40.86214590094132,1.7933043587686566,752.2929559473497,0.0010132333040895223
181.37544144651636,0.39316840300435324,19.82003626496748,40.6440878187279,2.727939938758265,738.2657873626493,0.0009819793741513247
92.60719627278112,1.8740727084546283,30.571008338564,30.436212237066158,0.13718899134126816,379.0000206806669,0.001005069438168397
93.78172527953352,0.9519470177500216,33.861506379010805,20.948443142834957,0.46842258640739004,325.4221197408111,0.000984338580251683
130.0144143065725,0.08753531982304301,43.30119630742395,35.51255662718683,2.2936237918467155,981.3079121483177,0.0009722411571428803
177.97894132243243,0.7297985938276582,8.731047167196412,45.04206576213128,0.25686514725330106,175.07103593317598,0.0009723688732755833
211.23084546062313,0.8812458072538321,8.650245490258305,39.450548914339855,0.47736107441784964,166.05375501056176,0.0010596305921505428
231.05967908878776,0.9534987054279715,8.764680961133092,33.75122662580865,2.12614193156642,105.94077414633588,0.001039686589498316
73.15907282734162,0.9803733623258734,18.731682103480427,22.235500756811827,0.9690264113185192,57.830460434104545,0.0010347103350064179
200.21845678649024,1.1279112961370734,10.84966341790553,26.777054174885993,1.7179768653239225,475.4724008248095,0.0011579651950769636
93.13909601451951,0.23262437126335644,17.13937105284179,47.51396673486868,0.8988391652892307,720.9246756919492,0.0009845278354431854
185.15601679438726,1.3500816994779772,28.29937175423405,24.24964497075864,1.015250177244837,316.9199051790482,0.0010258188362979545
127.13649426765559,1.5379919856315787,26.088210172579558,24.265976420198133,2.0901870373899554,669.4075537391615,0.001028313102489424
160.40002170589048,1.3691692568030074,28.61134797997522,23.980981406192058,2.4275996860262152,1137.9708863607477,0.0010200225395390317
171.79821767655542,1.0014483113064176,28.898242414186022,25.32662940810216,1.4288575858878485,1404.2214342005425,0.0010137868666650178
74.96294734276236,1.646123258133669,19.81472246940728,23.21777644526908,1.3405014172939196,125.01929152615592,0.0009271451791914379
52.16222869416616,0.20309830323872743,24.25404875186927,24.939190434834966,2.097580819512597,9.262929970278217,0.0008804407187270754
223.7317015630525,1.5784535394247414,19.25889315966714,32.46181547167614,0.49040296630141494,146.96748730507764,0.0011098048304947052
177.23117102487885,1.371621843727437,16.610324999694072,23.770321406774613,1.3300858846305987,590.1778688285385,0.001120584647772487
156.243772193705,0.4912671619532456,34.894970398250194,30.846986736548505,0.833086309409749,420.9351724385915,0.0009694665998862164
186.127274550921,0.17261761970622075,38.490898577950205,40.72490403089034,1.7720889521236416,605.6990494658924,0.0010339930554121779
165.92387874543547,0.21969515432114273,38.81111501405316,37.399849765487595,1.6098222474466641,375.6344561785355,0.001035489464895941
69.70378112756501,0.051606538191169775,6.919839547515974,44.95869283616922,1.2120094757506454,676.1495487568772,0.0009873890816313976
142.0053794034514,0.10452932991123609,27.468973014861632,43.37711067226893,0.49961974965567724,489.0494942770813,0.0010283813115630528
144.2158628579478,0.2582109918108545,26.00382696992778,42.89302570075752,0.5354390426044593,600.3614295409466,0.0010423172337968884
181.22450494656928,0.36358090515311636,15.483571708880351,49.87452335422409,1.1706827052707351,412.76375866045066,0.0009554228020405457
92.60747854874306,0.5190490684614067,35.09710930041951,27.661966763318432,2.4170697017076495,327.1511718006698,0.0010764814419996808
152.42505281493345,0.3567456864667593,27.019304814730727,33.12693078474557,0.4232945976769498,620.6087745012283,0.0010367191055552605
192.4273799800209,0.6733131892380619,20.042913231325635,28.972463094990665,0.8068944743863282,537.2816528185202,0.0010530944646777681
113.08785681915316,0.8901169760377186,17.278798286459423,23.14834732633882,1.0858619461927328,56.20418665020544,0.0009213247571621365
166.96261182803536,1.2890842492282923,16.747368155047504,28.05873938266375,1.5061650434527076,78.83245194840048,0.0008959105579049667
113.35526881194892,1.0265026098665344,19.354857431871412,27.932504161174613,1.6626130123896283,87.01442782876805,0.0009160444902140909
195.46985474604085,0.38527511613190296,28.28007586372535,30.04999300521899,0.5116742434778977,466.96576414619585,0.0009287470391507841
66.11236708092541,1.3674469743512774,22.904363551342605,22.6042634966962,2.395301475910543,531.2726250539988,0.0009757206889752021
90.41586139331906,1.323110572055455,37.314530915382164,26.20515026706127,1.320853528412642,637.6083124937162,0.0009224912454792384
194.70585260410084,0.3960521848499366,38.807567378533626,26.046940095790763,1.3360091124746531,313.5326472085667,0.0009159872823767209
115.48310000867899,1.152723071013034,12.341259703921905,22.552560248707284,1.1592931119984147,44.20083682064337,0.0010176623087337015
165.0859853232319,0.8310993754845215,20.154021202182946,25.009364355271952,0.9088810939952265,50.50943736247464,0.0009978889247319765
115.9968062965817,1.38580385501149,9.908582261965442,28.37403565289237,0.7151599006275094,28.952984796758734,0.0010847140076697744
221.42720790066315,0.8698273664728241,38.21217689209221,22.503159075704513,0.6350493892488784,441.16353718371846,0.0011143992718106737
238.37701123125547,1.326122338053397,29.46990765449916,27.02277974818913,2.021085357373418,372.4697597503429,0.0010497634549120247
58.08321274096797,0.010176648387049405,22.721338005043805,59.29838478634371,0.39054193493727124,516.7098486347636,0.0008797731437022614
64.84264589113084,0.056641333304794636,21.851446780739682,2.009698913213798,0.46345764502565095,438.44190332056917,0.0009323032080145593
97.18890756215508,0.010663116936480465,13.14263771284633,2.906653102294603,1.2452898081932593,166.31328018774704,0.0008881482388276055
235.16906552714244,0.03251582828971567,23.57764436209135,3.2994150031582716,1.7407525321132662,1356.6151093843023,0.0008949312405259966
142.48883715275207,0.01124153736955907,9.933647278322423,5.512181920107492,0.8860901689603164,194.35973163475052,0.0009475398369736895
213.7553409480699,0.011669877614602179,15.323874197958165,14.101288067814677,1.4008738161431344,768.9141327568153,0.0009717974166840428
80.11433101761118,0.051108549012104466,8.394667309798034,12.179602305166261,0.6056544400239104,257.2011612496277,0.0009702581840428059
219.5449874405153,0.010868239376309121,24.570761899513414,42.79692066528416,1.5270827328998755,441.74251325303374,0.0009007736756566651
67.10767082735329,0.21186256795537198,12.885550712734602,35.61550882747145,1.19126529337114,340.0013807613433,0.0011360971050537023
89.0574569385356,0.3106998787010005,11.139305372204493,35.091754483125335,1.401615580645331,429.5512764233549,0.0011109547640751488
171.2584364996542,0.9792910876498881,16.418097165608692,22.60026731610407,1.3302851710131207,723.5769010939524,0.0009884429318476333
135.1024233026438,0.8070209352310558,30.034941972274602,21.74343601617252,0.8749148527445725,278.7671631369216,0.0009872477338535406
169.92158440102892,0.9235180131143369,36.626243712346934,25.347778932734204,1.0402434796270272,357.406917745658,0.0009720442715287795
109.09643165753549,1.4105616233474254,11.565801635736166,27.30266751623123,0.7395047038012895,374.5891777886927,0.0010024275688474452
138.78717063336356,0.6055809510389711,13.278711125557601,27.585197981773224,2.235698153265365,815.9227125896888,0.0009435027367342702
122.5370368798795,0.8873821539841076,34.285538866297536,23.286310547310002,0.20536248798568393,97.40244583242735,0.0009864654575609327
181.06501262308737,1.3317497913125305,30.239809793157548,26.23052829336571,0.2535665150681972,390.3174923512127,0.0010058633105976002
193.7140332523843,1.1763829897750686,26.33828886126835,26.904263368336792,2.7088938943156315,444.62559003499865,0.0010414193496241857
170.21499693638782,1.0257358046877578,43.14789272085656,22.898239045586415,0.44890938552612497,538.961800562775,0.001087358172851099
168.55060086510682,0.4867726982746417,10.594023575744927,29.465523824968173,2.506685512526161,605.8698576874914,0.0010507323686776203
76.55894674438142,0.8214770970173425,6.250143346246395,33.46043616736749,0.6938131746420185,901.9566927739342,0.0009934642289735785
79.87136910378902,1.0347870879931662,6.7204185773605305,32.496996893672964,0.8143244270362114,1052.276515219333,0.0009877815448275445
71.0446582071362,1.5214086313706017,7.452261198731056,32.10880864917666,1.0944266634104274,574.8690529403556,0.0009910285374889628
51.23027674805296,0.045831745003563185,37.9428996402961,46.3865356317261,1.408464551005117,364.54950306791,0.000989346262363649
53.87438164488036,0.14445006813901642,15.32895697871578,41.46598141078712,0.7882308839357128,286.0970295816685,0.0009975219494558617
218.3700984708769,0.6047357866335463,9.008389195509753,39.739666416981905,1.7831515172660157,783.6091897935513,0.000947811143427079
71.49232925002855,0.2609475328210588,12.83442128622678,46.95740238723455,0.9750733629086141,73.64018179566753,0.0011022829666606443
216.0671938416382,0.23812890252338856,25.68840576662134,37.63154898955772,1.2481571808317335,524.4250260167549,0.0010370445775121266
181.4879143888269,1.2056929957212223,17.76634785193785,19.33927961615422,2.0619652775972757,247.06082388734796,0.0009459504760154546
132.77784951442945,0.11167531471973856,33.48067934112715,47.19424394783016,1.0153773032153195,640.0307575857214,0.0008488860171902904
121.23392726583197,0.12230624671275225,28.057496269093146,29.44804539195004,2.5194750181667485,665.2756533993144,0.0009799471074384998
132.04301509643767,1.1493868938053526,31.046841290702936,26.42080514122007,1.5048012541239661,412.87009724489957,0.0009906873149340256
117.49654916496904,0.8120909915197405,28.7827739607233,18.29842975941009,1.1456182693751176,298.7912942515055,0.0010369884095916568
189.9795947507916,1.6522931531421265,10.301572809008617,47.98393972526083,1.5716927482997776,381.6524485028314,0.0010953544489702078
155.72358521478873,1.1896826830356397,10.473749904884128,54.88957363290723,1.3219160630273699,1403.3303323782502,0.0011242095189110772
135.56203956340343,0.2509108573811668,39.28041957591499,41.240844849356094,0.16811343289671704,70.1933451492032,0.0008740685166923884
106.47240888415527,0.25301166751575854,36.25453740754914,39.528102661635934,0.2155687419241074,45.222609734335975,0.0008737167122862254
67.06501534168207,0.24834028590057658,21.86573595497827,50.27967023717815,0.48336809085096977,38.29346953541792,0.000894107984907706
166.092278445301,0.43232348783254954,18.728951822781546,32.213517033225834,1.5690427641304436,12.808863890164599,0.0008870838330850744
137.8206438831995,0.6160963515280774,24.848675277706946,26.6186678825848,0.9924881193074258,1070.353198838326,0.0011332636873526702
139.65517641629384,0.8117108029834286,22.079724481945583,24.20048434292196,0.8314144157286943,1182.5754069293125,0.0011430941072676614
222.38449634488745,0.8471063614558864,37.62556146400567,27.762615220276725,0.7419953119795653,222.152163759647,0.0011979052433233486
64.09565397412972,1.3130122522988925,19.207450262720833,27.682016601966154,0.45355473983738975,437.08110335847925,0.0008240584241938282
55.76886990173339,1.0113334871568647,20.958687917750872,23.904143605077703,1.4819940138062828,563.7778725355643,0.0008966380739544544
67.54545809836536,1.0419504927413261,20.683163881729843,25.90768548457895,1.0325231803294703,643.9719339955896,0.000989099751929432
54.13083555334622,0.6678245104854342,26.1277622606533,22.742048873051726,0.8410467720621353,605.8180768961901,0.0010864704503169668
226.9044295702174,0.5560235355845399,33.488610794195104,28.6371022455003,1.6762734703089741,529.3820438581981,0.0010395790630046862
238.040528665897,1.255453638395457,17.46305405562987,26.19684943442423,1.1844560801857686,457.358063619499,0.001007792387652146
244.8726323364296,1.7269283442107741,18.20634534454955,22.186538133377493,1.2031415490249486,269.6832880440337,0.0009799537151196193
233.74567034316095,0.420359671587075,26.581599614384814,28.29412263782571,1.7482615012304414,727.6531452283695,0.0010102980274135712
100.70695892612197,0.8822603497697529,35.99740100029379,24.807381970702806,0.562146998845304,172.40655981877356,0.0010116353645727072
185.90775855597337,1.7327790983652123,19.57364981360963,25.683654842894008,0.4490006094269844,114.1567255915892,0.001040847557478123
133.38051795877521,1.2430294244914515,10.924054301847228,29.46482000320587,0.2938472422764954,144.6122565211093,0.0010172867860376719
185.10432915859673,0.7745747020908922,37.543854994055465,26.12741786830575,1.304248971441774,922.2974425958835,0.0010192017180526303
232.00403257433234,0.758995014766852,39.23824975333305,23.607496563222014,1.930923607951511,363.1717490937035,0.0011144754292775592
216.04720489563454,1.216172362037647,29.822692295579206,26.926753922141863,1.3892807958810511,1152.2274921783435,0.001058567712990811
127.74549789134646,0.2500822506046909,30.275347159072556,33.9790377894449,0.25630005714961324,338.57883572524554,0.001074269499725348
174.24347680854333,0.959396262513887,19.64961950014533,30.18700809705134,0.1994229628440642,323.21526943995866,0.00100740354946353
154.82759065472368,0.5466479395784071,29.38502344130707,24.644630575304323,2.686716958712596,503.21650959410323,0.0010477090318032065
117.59281182110584,1.0155513289307412,14.935979127031873,29.486203407499527,0.44526103042818177,678.7582748461666,0.0009069861309940974
148.80695748796953,0.8663676083751273,18.054361072311085,22.835789777236315,2.621202529817679,345.2468161679002,0.0010747264597687602
147.45603990228074,0.9419191177116999,25.726675020818913,23.661897757116964,0.21830889992447716,312.08676948142374,0.0010608880249932794
131.98155641735696,0.7774855733836933,20.857991082709418,26.170713147968467,0.11070983499448234,941.1147773430648,0.00103720882384631
126.06794605616804,0.9497561799235134,14.903261415328778,29.100139882400452,0.1413162032855757,315.8674330114163,0.0010521215113369193
147.73016546953988,0.6390208658258683,17.654013900574224,34.162321926574464,0.07891471336584467,579.6416968345299,0.0010243802531898086
144.90882832874198,0.19579664958735887,31.898796886995047,41.23643442827564,0.34212068919287303,612.4216538953117,0.0008898249659495763
178.45385463240203,0.272790169940026,22.200049815503384,46.167523368117514,1.9358122243344191,88.6739913724737,0.001055614394591402
201.7554248663056,0.42956280307299144,25.911160438159307,51.87688827044596,2.9554629703312103,81.46423685995462,0.0010443750850078297
86.16456849447466,0.49484431932831746,10.667431303862585,40.621599892971204,0.4243433608012211,486.2997848853949,0.0010387223172142399
197.6086182345394,0.08908446224270443,33.923025156552775,41.5078392071789,2.2598961690613475,348.3877366798004,0.0010597036058664605
67.95330978731113,0.05964369655667112,19.103527079620967,44.907871189207526,0.701622387507538,658.3689514637762,0.0009808535070522995
62.32034403386792,0.06973145794115672,18.59880726214215,44.161712560083906,0.8820255158848296,935.9369446425239,0.0009569963414397008
241.07702327925966,0.48013017249134327,23.119719489534482,34.46550529496451,1.342282403656226,108.92660463867006,0.0010000518967569815
200.6284898524075,1.2185740888447893,24.798409273887568,26.02548816259824,0.8779954031664857,741.7669147049202,0.0010640247652983568
92.3720349688232,0.6378454901907515,21.10755827616087,35.4360676773538,0.3907282976714752,274.2705505917739,0.000903089564587781
93.92026743977043,1.428511593221813,30.776328104947492,27.32628126363235,0.039093233460430706,811.4789738070725,0.0009792278460800004
80.32746765998019,1.7385818604827694,30.766707710436293,26.754710586641437,0.09977235975555616,370.7593418734966,0.0009537188394158034
97.40532772335303,1.2191920102144214,27.085293387945192,32.671325752809096,0.1405616553240542,292.19198790163637,0.0009619493738486845
90.81953945100538,0.912788626221044,30.53929404439367,20.42345675384229,0.06172970391619895,355.6640146479345,0.000973150400509332
125.79791912525461,1.055423348690172,23.637384522709038,22.269791754751502,0.07619362434771157,344.67655336384564,0.0009803724978265061
152.04735884013175,1.1850400940403882,37.24131264526981,28.33829198614065,0.07950003315690796,104.23180328981877,0.000998930765534614
169.3466785110237,1.016327785704203,23.082865990343667,23.781206023282646,0.21743846427572688,141.4992633424284,0.0010062694205784065
134.74791274909742,0.592427417255329,24.040489069169816,37.14339800661631,0.31472543731542013,259.9639205451778,0.0010634731633259913
162.47505158130366,0.22058839146123305,21.460248480059107,39.33663480865432,0.7011511697112062,88.44668702375378,0.0009935250415244565
160.94842802307812,0.7276695924718954,32.56241772940759,23.20658417617255,1.4340507054624598,536.434284592924,0.0010346633597532174
164.3968844319186,1.0640372688878872,19.7447593087199,26.634755506151823,1.4485991187490228,265.94572498088957,0.0011872837857436291
131.79016371598456,0.36407071164742577,19.08045060317224,30.82494145944796,1.066680470876632,823.2165575673398,0.0008295486169877366
166.7069644702352,0.19462477420254348,32.457728610233595,43.605219924104176,1.2305525741011283,224.36247724815428,0.0010694730634709534
138.96903840749027,0.3345649220763671,12.123724761632113,43.81133473536169,0.8105405645051196,324.6322113433958,0.0008819646213773576
173.06142552559305,0.4550904437622166,11.828147574519399,37.568393747460235,1.3239804094224001,595.5013861219943,0.0010317611604907994
94.94741414054026,0.13224410113412197,22.93953281250282,41.04381840671019,1.9642559561959292,548.1354874672779,0.00123516684181631
195.47978982077086,0.2514322441031288,25.226958036521278,37.50446550109237,1.4191242782632856,270.12962881787314,0.0011786795705275692
207.08399454194287,0.20882554348964,29.344513855222182,42.0784854768449,1.131493297904382,868.3120926478016,0.0009939841026343663
120.46880539076817,0.15232850950270976,36.490119898452356,42.39895270400069,0.42059219710787993,220.48003880223771,0.001187800100341881
203.83089401059274,1.5607503989254645,9.737618680881383,22.471583405305175,2.261384533758704,770.1027900539536,0.001011230724906937
196.50609515445134,0.14518787456846502,35.725910466126095,45.803048523952114,1.4549440887271328,294.88434423947854,0.0009466099804395472
96.0018297569632,0.48498320489929153,8.34494016650464,36.183603700914354,0.756685853630548,108.44373691476923,0.0011128452030609425
107.05173394081213,0.5218872730794847,8.92312987983656,49.27873153742843,2.0197924044092086,737.4812896579064,0.001053755533705213
131.02951975100595,0.17808671606242035,28.467380993567655,46.842456729592826,0.7029737725619682,131.17444085427675,0.0009224369476884182
143.95063675362977,0.3770497982044753,20.26337371871869,52.16907385769741,2.2590143056798224,1199.1748067585584,0.001070929301120057
194.8916443128757,0.49658041025027594,19.515773190250414,53.08341332859081,2.080303772139176,1453.0825606327608,0.0010255001869694338
161.04981241386722,0.39079538621224397,34.877622340433575,54.349354869321495,1.3991843569540738,187.15555351580932,0.0009765594779857483
124.00999790981562,0.2662695415720575,16.49753568446842,47.47144835864611,0.7529411122138815,842.1922195208355,0.0010452620177978072
96.71816022542178,0.22694695927251307,30.33797344622327,25.333166986552133,1.0990420396763954,316.7908195340328,0.0009186652796888064
61.31356962394746,1.3122248515390496,36.879182022557686,27.288433096634435,0.6957763273260801,91.14412345347323,0.0009747772704738429
239.3513011905239,0.8636243712565331,19.11366979941543,25.10094056730719,2.378077476113019,464.3497019215286,0.0009585835577884784
227.55162720375745,1.2456038879446956,26.089777209764925,30.852321699633805,0.5247633844724857,394.0658581596107,0.0009602311753862039
171.53358249226505,1.0798354380364494,17.230398121713154,22.06181248827458,0.8094465319426078,124.50615609295022,0.0010198208864621282
177.18452440748143,1.0640422774801412,11.649463265870242,25.827857136516002,0.9955534957404312,248.1293861266447,0.0009954093500186556
132.7325082672389,0.4976606116047885,30.02987891043425,28.000588309201977,0.012224789412809283,600.549656339057,0.0010388114861858164
98.28125328248386,1.053242908924742,12.644295596915962,26.621658995440576,3.7899996218642795,422.92406886771784,0.0010185229837999567
96.22270106177412,1.1952700070041136,11.97926185090049,26.57397252335362,3.305494968623869,383.79715748499297,0.0010220462167814203
97.12103460556587,0.9897517355705575,24.882417855521187,25.207360654040507,0.06243036253204693,854.7469861580403,0.000987644955398647
219.8624068778944,0.7748388386923737,15.40283743835706,37.11572561348777,0.19683700927704303,778.9476422304612,0.0009677072552242064
138.96024809727808,0.560867113173809,19.82332246957409,32.47875548130112,1.012362752724848,1003.5113301900233,0.0009731181134287065
157.59978961527744,0.3585781364030658,17.274361962890968,30.601575067768067,0.7361680627932384,841.2039401506081,0.0009569881183555842
135.4309356404063,1.164197518001457,19.177554685820326,28.38490740577864,0.7846449944462217,1130.7841461075664,0.0009579937898415538
139.5086359319098,0.5902016100897197,28.109697044867914,22.83826289108207,0.5755765987787459,377.56645215223335,0.0009811306928003173
213.3337573242822,1.225005406171345,40.01991704173079,29.89090936455425,0.3362665482843563,724.9347034808823,0.0009269098902004677
81.91504276361,1.3535161948464236,7.28704581465391,34.07749478945966,0.19364532294725217,23.028301560031075,0.0011591040820604914
50.162736482334154,1.112895313060555,5.686344102746651,36.15856617600616,0.09842649847225095,30.98461540501064,0.0010290124544760032
239.3867804664658,0.6220419630909618,37.67070593351246,27.742384629203322,2.636395769949696,68.09081865589312,0.001023571923935733
208.2470356724937,1.2203753401259014,21.20731777270411,24.828912110346053,0.72263460110385,170.11655676976508,0.000996972239682675
211.99009099323555,1.1961637670114005,36.08926444643095,27.27995511174871,0.5678157560815882,118.46873400272739,0.0010319637725228375
145.30837561027985,0.8722891473262103,37.79962275290704,23.25276387810488,1.310519229503088,429.27484006097376,0.001042214700086095
128.12853591726645,0.02233371272214471,1.7782880713030091,64.83131412833241,1.4704364775352239,100.06989728974449,0.0009525388357007845
151.72047813683426,1.002319935116627,45.78479044583474,28.670924483706784,2.157225189270395,34.890277261902334,0.0010257178588837432
164.37823896590749,0.4089396779111957,46.83678066166257,32.02216227982803,0.5569219302576721,303.0213809109268,0.0009758214263848062
173.01442909090412,1.4983894561825424,32.276281671808945,27.80779419898676,0.5638184584306497,551.062791597544,0.00102715116982788
184.1913267376567,1.3742282007666573,18.547614327758193,23.37662504315798,0.5840100240475032,325.5859030910098,0.0010532774139814182
101.83784638824638,0.9423301577536977,25.29522325692664,23.09617255089076,0.47857656002195165,481.5969372230279,0.0008756008039627371
102.59009604022613,1.0020362501475801,25.41603466814466,23.715292073045294,0.43754720579039424,400.02676556515127,0.0008799157209093472
168.02142797891565,1.0016349708603172,17.690387245620105,24.62246959099194,2.4188945255752796,660.2577902895513,0.0010943090316973638
105.40176087513231,1.0351007398375434,24.18570222262013,23.796700457597446,0.3773287796167718,491.3121371017775,0.0009439177343903023
112.4188369701542,0.5241566479708213,16.177835696350694,28.14441837596146,0.8271156222691383,594.0817247277351,0.001004555600137485
183.56187943644065,1.428087533204245,25.647251106633778,23.43332640328146,0.3337845602393631,338.5384801975812,0.0009447546454129544
107.21876166192096,0.8750166605995446,16.635468001870674,23.929754701878874,2.583490498965481,448.9495887349284,0.000972046859340148
112.52649246289091,1.0239079752356395,15.259345446332768,21.910675654256192,3.2519964265887893,702.2365811127742,0.0009947674547988975
176.88496744041862,0.5125828223393813,33.17394029166182,28.430584385942836,0.8189547825767461,589.5748634205746,0.0009277734939605427
101.68333224661448,1.3336460520728213,11.750175082325928,26.71992105839345,0.6540878722496292,491.24066766347437,0.0010821916904496121
184.93329463475183,0.40473415537068475,14.560027228394146,33.02318977408527,2.093554447021492,491.8232622503652,0.001041647772561026
88.02629714395681,1.6145704462252726,16.294113867149008,22.12172724779358,0.9514331880290745,599.3600596705948,0.0010923684266861344
197.63898382906132,1.377384317159071,28.12575453530966,23.493962581322265,2.0605130778042207,499.8135391652344,0.0009183574254775383
201.4233542519569,1.1058361376664374,29.01440593556072,30.703825389650028,1.7331958241449037,428.1387678561517,0.0009196596724874639
163.3095661013008,0.5740845826442456,22.29590234053148,32.73751837553851,0.7862125323064343,300.79350182740234,0.0010808841614394578
201.7628880418001,1.1464732534619204,22.588836390724573,26.444815056707373,0.34832897766980675,559.221460381533,0.0009699395067113262
201.48243735554715,1.1391647549281132,18.21687865366075,22.98922713504584,3.1816061957887625,121.48951488115847,0.001063095641772771
200.31998492935094,1.9296581296711877,23.82321106493191,19.204248853658793,1.8197821744055458,75.73133806284558,0.0010517372359626056
188.5955482845158,0.792837908277678,25.46810286310101,28.62734073856965,0.9965024443820779,117.61210292249628,0.0009373475815940524
127.04005005899717,0.9445857555050242,19.18125532665452,24.67725401125292,1.6633866826870205,1194.7310061923042,0.0008748606720147808
155.1675717943034,0.7355928204286443,18.195929744191567,27.37214904981542,0.694553195176413,161.4970340723143,0.0010126313550933407
83.46364556409803,1.0443474488760944,11.932420034443133,25.205754870164903,0.7100064839250847,107.32843036811026,0.001003883237956938
64.38486859108396,1.4822319670714592,22.21429702051287,24.602100677719378,0.4096835935654004,122.74217477343959,0.0010179815881936
86.18316896137408,0.5692820623116325,18.405827861350996,26.093221387305114,0.9250407594845468,409.88940493096925,0.0009319102416672486
127.38423384045366,0.9142812539746602,12.660552767763326,31.162255887002107,1.7276099364336372,383.97775825180497,0.001099540242128976
68.57663113587941,1.1762141540543098,22.78756015209523,22.306599638296447,1.5467375138692843,482.70198960629125,0.000985048454534462
233.38661317199097,1.089772655800144,19.681615952742167,33.05132356164988,0.5930474502381019,681.4154891899839,0.0009641555056709952
57.64714557986834,1.4887269014795985,22.527642841368696,21.830071205537973,0.1990880754805629,212.8710138709936,0.0011240212412406522
222.2398160103033,1.6888200187442302,15.143331231253967,30.213258014384525,0.8734757106563488,1360.7998049796302,0.0009147850991772072
217.82848119828424,1.83950292418054,14.443841973395491,28.255589164043414,0.7433887623737232,1732.8754844730124,0.0009209031918918272
202.224263721351,0.8318409665152086,11.589055738954624,27.1158636124761,1.5787695861585256,96.95224060508473,0.0011178010106830285
232.34126784027484,1.1211072251167038,29.476803609303744,25.721574277074396,0.9880319215614615,916.9280346655377,0.0010619000048461343
239.69681327133944,0.9501929043575273,18.139024802925757,28.22081807344066,1.1547813604688046,585.5885987485797,0.0010240029390724023
245.36590014345055,0.8330121396894119,27.135138369587487,24.315612122085906,1.7402855981820005,639.1758246781826,0.0011171987122450733
238.76838964891655,0.854450828511303,25.102207845043413,23.43831919286016,2.3129313886615135,271.9061898847677,0.001025586282620253
70.55934732414208,0.5526015343247839,17.09124193098156,24.42753184828558,1.0738456817227298,500.46594671726984,0.0010424092114993877
205.88394547085247,1.00049609968987,24.902852291079565,28.09986778146627,0.9946224959057808,314.46033840890766,0.0010036390527417304
72.03261026306785,1.1165846533331025,18.535336277464808,25.424756124747653,2.1859034806252318,799.5078202526336,0.0009347140119918195
224.61443791835106,0.9204376756279342,25.709161817493147,23.140807951021877,0.7824847156924781,242.6677818035252,0.0009419863065643774
220.33127487874802,1.0810323934699668,27.90276904711825,23.971967908359947,0.7755606643970481,250.84004310952446,0.0009433002243623472
65.93684542683788,0.9878908236637253,20.97417939596248,27.05240144123625,1.8078079062600259,1140.808481033334,0.001163470217507025
73.93521838265265,1.4824793181367173,32.22548529409166,21.34900977163505,1.5724255694077491,834.9237754746094,0.0011030263932163453
206.73642347898658,1.1953275549499343,23.30313707616119,29.00071538061403,1.2052144675499534,59.896347963483485,0.0009998596789024734
75.89021332526046,0.035279655768373386,17.379361587183812,39.88625254520475,1.2360707331051681,133.721762383439,0.0010052050602842755
100.54173392861514,1.6605866307297434,17.930151401009457,20.226973250731604,1.896019083969891,149.32863926311268,0.0009949802840087253
142.72337571702303,0.5632714189795246,21.56529989984299,29.93754848229477,1.289002399157215,254.58908028823154,0.0009758320268995314
171.58604482270889,0.8519999631404966,20.788851730096884,24.567698182932833,1.1586327958175653,815.8809521811309,0.0009020780107339112
105.84178448426141,0.37975627337059675,16.432022411130966,50.28470439455124,1.181415377938725,303.5626200577076,0.0010477762833409829
195.77258730445578,0.425897648631251,21.61484665250043,53.181325824026274,2.0092632156344634,862.903350606265,0.0010442742416915999
184.68964790143772,0.31256751456292137,24.887068764634805,52.340618810291716,1.830786662512472,459.72632466674156,0.0010524852976438002
156.3447176723999,0.48902432686651487,26.031617420399805,53.738561896682306,2.0386585720338997,371.5001190018172,0.0010951318312357075
60.87859662664507,1.5767821236476955,13.90710906116005,25.409670773563636,0.9701389790590919,178.238901296568,0.0009321139604218468
55.07812860092006,0.5568611065409433,8.34727259131987,23.845470061593527,1.496114498830176,398.8562872308737,0.0009364282882204639
83.0231480065072,1.9067988256179784,8.250679889727486,31.03551245723476,1.1550130706066497,585.1069562116337,0.0011105726216885483
183.1776575221791,1.3301604597442078,7.88217925217734,42.90745213084085,1.438463434732469,576.527139489646,0.001051027501659275
159.03377091824717,0.532195192288967,7.713833452460561,37.404148705114984,0.69431029875715,819.5045052269423,0.0010061918748858858
75.43338859515478,0.037535871032086846,31.676753685764997,46.6345079777138,1.745968865470638,277.4001089314158,0.0011227570908624186
215.85960577379498,1.7176361259028936,16.944077167592614,30.090960785418016,0.1015970153827914,636.0040794417167,0.0009400490240619017
60.80833927993436,1.5934055904991973,30.54534912144237,23.236446520471436,1.4195380025457083,203.28788881869093,0.0010570488970444325
93.19874735496214,0.890791632978369,23.96594485538461,23.720792672561892,2.205739771638331,649.8834551611776,0.0010170309096520324
89.78613644563619,0.6109398571226035,38.496020446721054,24.234142642917384,1.2044685913579483,473.1606620488834,0.0010345347162361933
60.21444515247634,1.8703664720399682,7.939013562369414,24.906504272253393,1.442425535976883,643.736639168206,0.000957978832463611
191.98001703195953,1.7274553286666945,36.108860629062214,22.19623461307488,1.7371086214224094,583.2306824420556,0.0010146366030487298
180.58128268826175,1.6922477715634174,36.97137546085403,22.673643782901852,1.5454190140545787,747.722849434463,0.0010272226130973122
161.9358675811561,0.6777308497242867,10.387979107032788,28.411178725199438,1.0662744976745264,407.42782880169057,0.001043128429240454
119.13456200170114,1.1706434060992978,27.173783603580976,23.768240272492324,1.6762440261199394,750.4735565725942,0.0010711845452881852
144.75470993685903,0.43942869174397653,24.239296911780233,28.812333671764733,1.2564696406118951,427.0439891126524,0.0009680910207936454
57.534706598263895,0.15310176241043158,29.34043450554299,38.88049906900977,1.73473419141064,721.7516002199246,0.0010098051716946228
115.06424525396339,0.04127101928080844,28.18352724112682,45.242644504629844,0.41882972559579035,864.8989998014221,0.0010046562460073107
186.48153990090054,0.8873196636820154,14.68488307605351,27.882699506975623,1.9809723453809147,215.87560412251938,0.0009978452623178094
166.480987060065,1.7727617397730535,4.580679226218623,31.62093029780872,1.6191802224402883,610.2814969536867,0.0010499311081205013
166.2838164552333,0.27868361873585856,28.35790224679327,42.43841018832634,0.8737593403119891,516.1725989248367,0.0011017917716916775
113.11131751356895,0.21309963389149386,16.415174650437052,39.694112182919085,1.6004056659384127,513.1753377024959,0.0008858938630005264
207.79375288143157,0.5562116572675563,25.99814980125054,35.26007053870508,0.6151347927394998,339.1307178621699,0.0010246805991532815
81.63245806180996,0.09766129459079044,23.32421401296192,45.068199732225565,0.9402782099455687,485.87527648688723,0.0010944721565864103
206.85317656287873,0.42128139091078565,12.3186303559956,43.45814934324974,0.8961310691617205,235.5424929899453,0.000995731122776021
110.88183896748747,1.1769925526326686,35.204992915014905,19.944948740009345,1.469380260217295,339.3967339335293,0.000980000330792382
242.2102980765628,0.38114573727391715,18.84523808728992,33.092853744102364,1.5544149017849107,544.5539457986264,0.0008933801766030735
60.27727660536694,0.2059616191919722,27.78798067637538,32.43399880814066,0.35245072216663426,432.2997193070221,0.0011304806421710562
182.22864574072673,0.22041217682199957,24.101798004425945,41.429369516085615,0.7885171588559547,400.3957225496875,0.0010817604963911781
105.02943075098943,0.24746733365653997,18.558339567847643,46.61753210865351,1.5267813623511475,462.65046668316637,0.000964193337114248
175.01140343630234,0.3187129154854221,21.581944788779538,44.677887090702264,0.12673578529344,384.23239989699096,0.001008327122124788
151.7676687538471,0.5804661025371893,25.27774477555832,36.119206858965235,0.06987154459126008,502.6351392781177,0.0009995779573314907
215.4271401870628,0.2787150850052204,21.763232867326206,41.457530631547776,2.6214466827567056,120.79965288643884,0.0010003293206591614
180.53142192643864,0.22555747455515754,26.10688198618697,41.94006065516613,0.8125049905596612,88.30219976809488,0.001034872966208456
171.18246793422387,0.1752441719814705,22.654218375583746,42.14071352927479,1.822329472891988,749.4468417470097,0.0009869610903294138
130.32225483678707,1.0875734453139292,23.341227346392582,31.867471558585308,0.8315903173789317,176.70428911074492,0.0011145079433650758
188.39801893265135,0.8762104716383523,24.163442148920385,21.258580320316494,1.0818235083732763,512.4945009565793,0.001109520766260486
112.19383974411863,0.6174242947512357,21.681510304421284,30.50968861393808,0.44110874182934023,295.267093299706,0.0008718145214196867
112.636429011679,0.2991602656022779,16.86056288622102,36.550604581351266,0.3110514170855726,932.7870924097222,0.0008259818448747681
183.14717561026947,0.44094679748514376,24.5048489350996,47.82969299454244,0.21321311705797058,268.6217801770507,0.0012088067564779662
77.19192413728557,0.10188537553365958,21.005596007042573,46.24827038300345,1.528495025771007,796.3037865585833,0.0008926363969691442
115.62250437467884,0.2603682576436063,22.792970065054995,48.58971361276837,2.060673477160287,757.1763516652624,0.0010206415260170694
104.03081535855412,0.17204827940788056,21.04730672568873,50.56737235574892,2.250543568009302,629.9672105075184,0.0010258548369619386
102.58202190407182,0.2527775413355136,17.074083747174974,33.84132865802841,1.0481815072366196,279.29874434301695,0.0011553104642783767
186.02552942977505,0.29807762864722653,25.105671988668867,30.644555966846625,1.4456241866467767,58.68867645992274,0.0008946305363244863
110.0415377689086,1.1378361512825812,22.926913729840386,26.609470854557483,0.881801443871108,449.66420489025035,0.001002322028276729
68.62926861355336,1.8543018750580889,10.54509068405984,25.249098011703847,1.5730228465003562,157.18064457273792,0.0009106460017403482
67.34815201797782,1.727416468242093,18.207459764872084,31.51439226881346,1.2982078409435425,207.68007385620584,0.0009747934376908349
95.606651620882,1.7306940863372642,31.10075643530928,22.702248059261237,0.9966029742377498,258.9309843335886,0.000983384923064596
172.41596065896636,1.758471437341874,22.374093024862376,23.342141874857408,1.0751769391520578,156.01944253576556,0.0009442611329330096
222.76973835492973,1.2583441967892177,15.123068830567885,23.57900119483734,1.8760358463084916,64.5409000114417,0.0009566587635832015
77.80790700715612,0.7702968896421023,30.62612655928313,26.26250486848605,0.42339408613571333,1173.2289146554951,0.0010325443457061966
132.42784579048387,1.2431745528145064,23.26946631613001,24.850465651560757,2.992531805011962,286.7992550799287,0.0010840291083493482
127.4424161054607,1.2052318628646563,26.081527475705695,26.72608552839785,0.31240327040713245,901.4464721787036,0.000956354096854024
78.34146265666894,1.4167939787995683,33.9660484337479,24.56637982273818,2.0453264926981594,121.24841071059544,0.0009883562521398538
173.70917712526727,1.2467324800263464,16.863487457991752,24.255654004927266,0.9739239451700221,798.0965026502095,0.0010547435229646092
205.23534667402987,0.9888697454995286,10.58013946981673,30.114646673750435,0.6267722464661492,660.4857977243588,0.0010595660728979232
118.06511983841594,1.0569752502302323,8.668092761577782,27.779555461489192,1.44024894181131,189.96976803813195,0.0010356769434080755
159.33434818834863,0.7142175905074611,33.8543095893727,26.253100886057712,0.9867287923567317,465.3166712743422,0.0009439123203728999
115.4222743088138,0.8384884083513378,11.86372329087172,30.870698989621477,0.5987148230223157,642.6179714036392,0.0010881579006427641
110.80561577964895,0.8092042721327838,34.57968062629102,24.879892718760054,1.66723180836354,599.4481100946492,0.0009916443524463203
194.3638109443648,1.0632993200998293,12.365185560507431,23.98748780033041,1.3128544673537075,424.27067939188936,0.0009523236641552598
166.56554761925574,0.3428785316146896,10.68095944296561,40.39769125095522,1.9457438470503081,295.3009527428754,0.0008755294815736947
150.84277018794992,0.5656628401966484,36.31822245554497,30.616753164850593,0.7491863280802404,82.06629985987759,0.001154318841782327
70.9065742217095,0.8147463055343446,40.45874068034249,19.984424810145686,1.833581892922964,641.7556252749689,0.001119257468627543
135.4955762469357,0.5086250944842173,40.39705248024561,25.631042707100768,0.9993482526309709,456.342429074492,0.0010721191564603211
122.2130125376685,0.5991352011670866,29.21875181696343,23.753122510363944,1.2217187112030834,305.2865360442033,0.0010548659262748304
200.3369123413166,1.7148749722703545,15.016443439667837,25.768175516700644,1.7358512734069962,215.0463819487298,0.0011017969884021877
200.7945252237197,1.1148341989326995,23.77463707408157,23.58245552394919,1.3276626385040964,400.9258041058519,0.0010784896100073061
104.63764990234893,0.28537705673472324,30.220518748178293,32.02379704290997,1.2260911356668973,634.6336075244761,0.000981708020748004
133.55616935992037,1.1342229071824892,20.900674137367677,26.65260486520867,1.3853313032468388,383.6049992029912,0.0009787731611102491
123.0001792777986,0.8125185111130225,21.654789974055934,26.45860727733596,1.3241518105394958,422.5731772350851,0.0009741093688121559
84.69051387508907,0.5050952478820953,16.838746379689905,24.70989406018755,1.7405813888650041,714.8446009521143,0.0010174042264594098
58.96152458510775,1.3987304351683105,17.551258259426625,22.458943636763546,1.4286936871407914,218.9851179302414,0.0010476967162067895
64.80290585761611,0.08537803962368448,15.09561273641313,35.15505604387244,1.4918499846824718,83.4511677788792,0.000983295741273784
144.32647101239718,0.027837258717297683,11.381393704140844,43.57645597490518,0.8707345897939648,250.46994354903214,0.0010119550590286365
178.64309136165616,0.02415165961798786,32.97649052240369,16.691135738483784,1.5326626267865626,620.1491833483035,0.000960226706023922
235.41559433735722,0.029327402771955908,20.55063933131874,9.806123716045139,1.987626208550698,392.8293145092228,0.0009973170030027308
65.4686957756461,0.021333793452879894,25.698256447625674,6.353226835881296,0.23283901161714537,375.8919558251246,0.00102720707007252
232.92589999435182,0.022892974296553646,13.196120530070838,37.76433247775478,0.1705487570384283,351.3891470400264,0.0010182622142659316
146.81474467223316,0.03380747323685308,8.061728114375297,32.41372276749377,0.48061048453526833,411.6632637778816,0.0009722549166364671
222.5159885841661,0.012801661895732558,40.066012603268504,13.272676513821215,1.2563000535955227,236.38223771730227,0.00100132654262465
77.48148423138991,0.010922789449341034,7.3530568283035045,5.25909196542695,1.19705168889522,820.9237842746343,0.0010137974806535717
136.02496653179745,0.03218145926730435,28.206947057084836,6.142549271788177,0.6991205845648125,400.0635376808186,0.0009832885612787133
154.30147179699668,0.014677412276765892,24.209176600702325,10.193638332338754,0.6179606424070162,600.3101892571677,0.0010326650633186761
223.24594349036298,0.024166888642009422,22.40033973750204,11.150821154348439,1.1245688472914075,412.1360893268552,0.0010006286662396725
137.31806457665186,0.02773569022427524,3.804663426240552,17.108222777702203,1.0058551766647328,575.9528608590086,0.000998132272645568
178.40510994600018,0.2480276324448914,43.278364686028034,43.53260199011104,0.8797759973020293,531.8873490734577,0.0009806459557795016
164.06473538690972,0.04211009635247764,31.706008547422716,36.47122013310297,1.4581287572733626,638.7525278345606,0.0008781181261054559
101.07671492387944,0.42839005551317855,31.280955234492907,29.23652804369332,1.6630970578365154,403.20342595382135,0.0009492783080323863
176.02377418893792,0.22282811195293428,40.01925402873264,40.58998732763624,0.9899701509730764,455.6106317362232,0.001029716389717868
146.5251092298983,0.12548904851493742,24.305746741987946,38.817153125014805,1.3327220899406835,674.5722527857569,0.0009846740060760351
195.09279178206188,0.8044846789591578,29.345100886881276,26.05956696022396,2.040671746164014,888.546405944241,0.0010085911873861176
173.6833938611448,1.3873350723154307,12.704993322327434,30.051774666775714,0.4678375981352947,281.5416568336916,0.0011137463763862103
120.02862613280634,0.4039806574394165,16.200140369688807,29.280224270119298,2.1748695495669224,859.5113704048382,0.000982144869621475
185.28483833329966,1.437369600834101,27.820823431180642,24.834312438254862,0.8643058516033212,1000.4161198445479,0.0009926772284902243
160.04734938564476,0.6514311582151329,13.914301747400243,33.955505995256594,1.0185388388608732,148.8562405823922,0.00099777805963302
96.18531944085363,0.1562686290173262,18.022517453725047,43.548062468723444,1.9450878319771936,58.891681879809,0.0011707565829903478
149.6678640363915,1.8480933649010565,28.168556045025174,62.09295333927054,1.6818124374625159,1240.1991141662133,0.0009257101317711192
71.05459153413896,1.31105118035684,17.37205359236912,62.218857740345626,2.2775715941285726,126.9974220293407,0.0009933120124940614
93.24241092232882,1.4213232653129921,18.893600500896397,60.605157152595325,1.4680365830785225,1093.1976147902838,0.000976808546596453
158.55411214133397,1.5271005522969197,32.33948183181021,54.21224987765643,0.28897564020201366,328.83569632036534,0.001175836072007781
135.44697701928885,0.15862554189131256,22.720182996706466,49.023075514505734,4.275508057241015,661.8863307259411,0.0009993028563266896
179.4567721219764,0.2565104991987321,30.977419811543516,43.61798591990885,0.30559036915183635,536.6940269338452,0.0009207350827585702
92.26818921756025,0.17227171976231115,32.29005853223605,44.2885191304847,0.2602429659027995,343.4355729958541,0.0009312661793708009
150.16049050844686,0.03153693018241804,23.1667803129688,42.532649546409935,0.6925595381334889,254.25756108237516,0.0010238221311668298
218.16407566796926,0.036926297110973866,14.492282510426548,48.41696377514809,2.394172494528636,1288.6538177187997,0.000994451198016814
51.18145867582533,0.050954732247219935,23.400129976547465,40.0813837653434,0.21912149915554677,57.65153213192325,0.0010169475485322687
168.26326255625222,0.3663131742026586,20.734704986257068,33.383044495129965,2.711843638053686,1425.3087913785655,0.0008662489411316954
180.78333151254108,0.5400108584880018,23.573937302120786,31.16917712101577,2.6654753453986832,1499.0704625620126,0.0008826409372821874
196.85270249177643,0.30383122102933946,21.833076274354873,33.5927896712917,1.414522837738771,580.5753418428491,0.0009272093004393877
86.87355605310479,1.48592600106469,9.475649675644565,27.304526542268782,1.38958524490104,277.0737760760713,0.0011691423457590778
194.49238976387358,0.4555992253052408,30.016220216788227,39.115672332621,0.07195343578177109,727.0373445877769,0.0010176360429879161
127.31673889050346,0.15537759047234745,28.401569012575134,45.317469910869626,0.07707101813485986,627.6539801131728,0.0009610854219997259
153.77922636799238,0.2650626955546191,16.301584957602095,46.990983189398854,2.7597057675960635,428.88101244625705,0.0011437983294504811
126.50705752253592,0.24460945738863182,16.677537464680757,47.72345560165213,1.5749057665003083,410.854498917874,0.0011301444240323314
159.77317446670457,0.15729101784555116,31.38159821963682,47.571565913660635,1.0018486628374037,412.2901721979045,0.0008557324104673181
183.6530072389663,0.3055732524253974,34.84419076949769,43.803995191041224,0.20808987988561947,281.574745759897,0.0008920969343821018
229.57454344605998,0.3769239952083363,36.222390014325576,47.151168544965145,0.2451004731662564,211.16028401747258,0.0009453194680650278
100.11222591138835,0.12361659196278278,29.99036003632985,35.486230662995204,2.0932861798861526,939.9095847675493,0.0010521119116786003
71.38602108505714,1.9030534584868368,8.243017156214021,26.58256597331919,0.534442678355501,210.76604628375458,0.0008816056505277074
66.98323924321876,0.24505123419796543,17.595203718789385,24.671163443509812,2.6154258208720447,289.4083520030803,0.0010620921865804
88.13454492931339,1.7454410061342378,22.386660428553125,21.514950737890782,0.9479739758375234,159.94569871268192,0.0010642913807587097
193.92510227468586,0.9851933080981818,8.703035500780242,27.915762041387538,2.2149420843376517,164.93287105573071,0.0010551495572922237
211.2900782307371,1.1780040083194065,24.79210529458062,21.613581683820346,1.0800915632238708,215.84361958623526,0.0010800433531174356
172.71122437114397,0.5579735371809048,33.9022417971835,27.93234826998032,2.0801302973474067,129.9894643447224,0.0010273917735285582
213.19061844246826,1.0187336321542668,35.864320003437825,24.072651201222676,1.1278589097620992,448.20048693969926,0.0010365338193640856
143.38003178042806,1.045177984955835,11.423613227943322,26.950789347048097,1.253122850517064,533.3542898668491,0.000989321581653123
124.27770948536924,0.43445683229977583,22.318351381730402,30.62749946190437,0.45103115104556085,217.1841628982734,0.0011024286638771934
71.22567679375555,0.9828383676836328,20.31135717459994,23.378456787828465,0.7541783067062917,1306.2846706012933,0.0010902199818704987
235.7886621752306,0.8769781220735678,22.41662714985967,29.029501093578304,0.6600020509865887,74.27936593911684,0.0010013196752779133
61.36066463059804,0.6956449106254348,18.134375912190194,29.415261454279406,0.5243548046097104,1102.604031168452,0.001052778320894302
122.60251431958058,1.6556414311027057,19.35214075969693,23.295142170724503,2.9393064783711664,287.8578244272764,0.0010328279872538638
82.5877308215952,1.1157789561360367,29.61085426785853,26.92292678222023,0.595000790790788,624.2374694870169,0.0010281751309200013
62.50129027076271,0.7008784479990667,25.023704207945073,26.953271805828656,0.48736116798939627,632.030181010078,0.0008947085725840296
56.688036260383655,0.6710718446544616,25.465162168427334,22.699686082168032,0.39422100402311905,54.51981397673652,0.001044437748195442
201.60136354051602,1.3839931755034625,18.934183526494284,27.470543108723053,0.09398438963160845,265.18416648574066,0.0010315053147350265
146.99572476147853,0.2435435873797918,34.988469390817606,36.65191058778064,0.018446659971700113,427.80584585296396,0.001024650372640857
173.4999455411253,0.34895412259269065,20.990483469918395,44.464641982958376,0.0639733941177158,362.93373603903746,0.001021753540531718
83.01400607175249,0.10832497319424934,30.563753863337034,37.88620461034329,1.2440840765625243,735.4832491825774,0.0009197756395742572
92.5510369195668,0.0674535540539641,28.98204521739377,41.18969903055523,0.8258241244895136,698.4171906375215,0.0009078531627103067
118.18380369858954,0.07655431191253481,29.328627946315223,43.14372875052125,0.7024267656703104,485.9234449853045,0.0009398050786786174
164.58607307782012,0.3168274346662784,34.61607162156529,52.81329264996563,1.423083284489975,597.3054033233276,0.0009360827753231467
74.96711503433325,0.22802701916700954,13.698710126506498,46.29276520155374,1.0706009533745227,537.4003491873939,0.0010868046334541522
58.96768103596607,0.20427955951832705,25.333006950882897,54.85467395339752,1.1715792040243294,1268.6741277083,0.001014255238612174
53.74154781329719,0.18136551827248623,16.122490740063583,47.233579368539225,0.7714505198330408,117.19427087288607,0.0010224228726852752
94.6878617114362,0.49228648773532235,14.179814311121145,50.58782300135072,0.5546239552372407,205.42044110262495,0.0010101332280458655
99.72166137507793,0.38290651518588753,15.96079679523472,51.11731902014818,0.4014322258611613,256.0470835107097,0.001049248738075669
96.61563750163141,0.3820250243852589,15.455359315605225,50.91299969968538,0.37670016581073257,244.9058000474108,0.0010628955670872555
88.73601943750968,0.21629177475828282,26.435685959346156,33.3157748768522,0.368123463034403,113.83063848862368,0.0009796344292719705
112.30064234017556,0.14329589791967404,29.32412894608963,39.21529709204058,2.2863949059051425,713.3233969958792,0.0010039827009975142
166.84293625847405,0.45586540908899215,14.950603421591685,34.946472009417484,0.4211281125310943,407.25933685009596,0.000921592311020775
78.71983435623129,1.0747412948408994,14.06761296102163,23.1081162546498,0.39781908788043724,1002.2560289359749,0.0008993685170814298
101.63603622789034,1.3362119655929126,17.454658650010437,21.04515430146594,0.5369628775046984,706.3441347228644,0.0008979056299881743
230.71942020114113,0.32450359588931316,21.011597508848283,41.80894721357057,0.42585834636409275,593.3599716708887,0.0009392624451480809
119.77897615052426,0.24964961452651427,20.94416533631435,49.5108968042102,2.7134423892511514,486.1930682692579,0.0009896345359567682
115.2159965409582,0.6986810409075859,12.375207298910562,34.38831482197815,0.3243768181972295,631.8104909117312,0.0009747821806338819
137.10706542739675,0.46128434205653657,13.719388961989157,33.67630986839923,0.27223441784372476,533.4135625481845,0.0009825989775324962
162.00811412953792,0.5541058256590824,12.822226410766902,39.91237534366694,0.7904068908084564,644.6248595561284,0.0010116692230201433
119.05312328408509,0.8597551852486985,15.807611958144587,37.646783088443605,1.2836389239772887,462.9944080139732,0.0010356495507197246
191.9611392986032,1.0296683720707547,19.049180838156087,21.449614950678093,0.8909975306026651,1053.0440050149227,0.0009905977147766523
184.71666372500982,0.6268759522941323,21.59390245457736,42.24918513668751,0.26649373277869626,161.31098224514457,0.0010593445888955222
130.44414509129717,0.9458960165587154,10.892442829033847,42.79344390615261,0.40528833185963703,120.54409105024723,0.0009975208027032552
125.11036590558822,0.7924452621049484,8.293070438689556,43.98808667678963,1.0141833384492103,243.2715870689845,0.0009562601779969437
176.96748298696488,0.4862946705938059,18.87040689506771,44.59589185404181,0.5361358958759559,1023.2674094204424,0.0010539709363940795
150.3838132996828,0.7755276150494397,12.938655290225173,47.972782343871536,1.00900210711684,780.4592060317152,0.0010176226431293904
208.28531400642356,1.0111930054490836,22.730522190762294,38.46632445229439,0.20043537927607571,442.18858307610463,0.0009347591763568906
211.97574704122803,0.3738668687010946,20.567276442769657,36.3451594981509,0.21330179751932615,351.52575499643115,0.000933446453142993
52.73771729838623,0.7212261152857731,21.385276407402518,36.05965686226524,0.2136138645287353,406.0779442219112,0.0009764227340033018
59.83596347269378,0.3858580907863317,21.238477155406642,31.708673999297247,0.3393767859660204,419.3764204988799,0.0009776011687346257
83.92540277968553,1.7274512074189354,18.53587393757257,19.631944175501346,3.3432295637532414,542.9235253974998,0.0009290577196414626
183.87233435276394,0.20987893120519133,32.39360496549277,36.77373091867746,0.5664352875838781,593.4234581176905,0.0009413110870973547
127.09292434423803,0.32118679730732724,14.153442506596761,37.700175852523635,0.7845279005874158,156.99048967275164,0.0010174846982231832
189.32451011225433,0.33025913872892226,27.4738354396986,39.60141458271211,0.8005362705573267,957.8155428721973,0.0011168191945865923
73.38204527357854,0.472152541116672,14.216791590418204,27.146959928374166,1.8999028125476067,280.75960905115477,0.0008741237766450917
197.93464311031894,1.1000847420629862,5.2861887207134135,42.32016620734825,0.9295153521024586,677.3692720542743,0.0010724575107275945
92.34108551558742,0.07698203599898938,35.204545638762106,49.67083461374446,1.6489053361180523,409.80835685131194,0.0009589603251096247
165.64449188308757,0.48263744080444115,11.242563212464164,46.840659649994485,1.868819268306657,142.5919769233187,0.0011124347406098562
131.2934680591641,0.23657514112975966,17.56275965441173,46.312925055606726,1.0305529724747275,704.6424205727938,0.0009768207634549644
82.97126948513086,0.14251871596516144,19.154414251692042,46.32643706835936,1.3594958897124214,832.4001335304612,0.0010193508847372093
210.8645562823398,0.28887299210640166,40.10556930060579,49.230483509727456,0.5729797628599486,115.11832672876031,0.0009162480031059645
98.92627691924861,0.6034717435104285,5.299549692175272,34.04791484082578,2.155267873315028,104.13543983842187,0.0010963753170851315
181.44329285148308,0.41893427842705044,41.018043538618294,26.530025057802728,1.1060143780921272,870.7830126318598,0.0008927218284070262
110.40348334670146,1.5716491698428736,38.98922352953948,22.888019623399718,1.586033600184299,371.13932529536453,0.0009444143627331046
118.97209701785711,0.6492096746103846,26.603537053863896,26.33556101382525,1.2068572252439453,932.9016114323534,0.0009331770905459132
176.1193870123005,0.5609613322960079,28.496688923412037,28.17874996163295,1.327447440878687,994.3902193142865,0.0009319354412679623
202.67467624268895,0.8553178225840739,23.823607020583786,24.2240721377221,1.7593938321702665,888.6819161414392,0.0008864946197759111
171.7181804126221,0.7695468235568151,26.537357497742153,25.696656951853136,2.111391853426353,1021.3550809379196,0.0009419845658510467
198.99481276407718,1.502175006249759,24.142436573136994,23.503436330065576,0.6292933198801505,233.95303678313005,0.0010014915121243262
187.00878236592428,0.9249580421816952,27.97039468073887,26.199084160955678,1.1548143121073458,441.12460756645316,0.0009661607234423238
149.41819235088462,0.6797086333485156,24.338560795450558,22.528556592322875,2.4041879914758932,627.2262161600355,0.00097763090727173
248.60878460836014,0.3695182954942188,19.847435583689897,38.0416430897247,0.7049658317405832,210.41349337359796,0.0009757155826177168
232.94816346197996,0.5216535914825429,14.739875865667662,47.84373745157591,1.3657077833629483,73.54010143040631,0.0010146703836585844
213.4472541629753,0.27541089000275165,23.44060985497117,46.80953139866256,1.9536523473135803,786.2978292924469,0.0010421738434762094
88.17005429301621,1.343631880148995,31.50562817877861,19.99296445793872,0.31814868469699975,300.4744986560264,0.0010806801428274867
77.86877727028234,0.18472545791109088,20.113352045535528,33.963136046223404,0.6754858497414025,726.0990879860022,0.0010778090791918155
217.43420711916232,0.06207316027937795,20.33799114158697,26.396864038601137,1.7796360373237379,181.54125247981068,0.0010027136782218516
156.56945596195868,0.015229831816597065,15.304811024332537,21.605943301978837,1.2659839220787317,164.8346180899451,0.000992118840554029
112.56581605704771,0.025699870010524047,21.912233403219684,25.0766656872558,0.9699543195907934,175.39975319112278,0.000993860517879145
129.16395888051616,0.02448931975780694,11.538276925964288,18.134310868686388,1.0924447163420004,652.7930525994789,0.0010720144208108003
158.94496816691824,0.014056827356417976,10.436282137703877,18.843978446776827,2.3700551855448806,974.2606425078844,0.0011460938368374226
161.6393266277945,0.04422013400636238,4.9004549156930155,2.8774050608732917,0.38543389739846046,127.1582240470845,0.0008915661690490384
107.46367148665638,0.016318887333484997,36.67190494865108,7.535239294711754,1.9323880295070988,551.7671959882848,0.0011335752612587871
118.43186869952014,0.012918794234575808,35.01156055717295,7.475817346593682,2.5378321658123166,486.7946830033281,0.0011009614067439858
226.04222207009903,0.010928946876393066,20.242750442781148,19.55768053672332,0.4737311504685203,782.1999382879559,0.0010062733960001906
233.60023295184772,0.024254697905391826,16.32198771052887,17.069131749297053,0.3547027359232243,1769.6082020382594,0.0010104529231942843
233.38183045609176,0.0409313254377888,18.37479203684731,15.799147524482745,0.3428492165391333,1021.2325971475088,0.001039384672949258
145.80138672391197,0.020193797035573578,19.555950190652077,18.041176981110038,0.6339597809439049,289.7555162870139,0.001069403076602821
167.16366863914686,0.037037635323362406,20.00928920600013,15.292239994272995,0.2883668379722351,441.05979087036474,0.0010230894177291846
149.4866797219272,0.039886922965189954,23.59461023105726,35.943483021630996,1.7551192306241354,464.0003498793376,0.0009894816896276848
148.21026327798097,0.050269895155152164,31.84268276016614,39.594714628236666,1.266687362173119,478.1101924286785,0.0009112738691305558
82.14448837484774,0.36966643439225133,16.392616755733787,28.753364623596465,0.8715457663500942,640.4249823431724,0.000985027778016658
178.54109636744124,1.8123837445794375,12.985952367381095,30.351389481465706,0.06663944668299347,539.0286851155647,0.0009765366772480613
72.23741624467802,0.25575994583416467,20.540023525921093,24.805307879879273,2.372476468304192,455.3576683359203,0.0011245906301181271
71.56216439306193,1.6825752487245775,12.684964855492176,26.700033991348835,0.8363176054509579,1008.3053847473105,0.0011807532868412162
166.24696713113494,0.9659336222893411,18.260163705058957,25.962952921585686,1.7585506672486695,354.4533971041605,0.0011543372063356494
106.1761917230882,0.9003715857888956,30.446375351166694,30.351379900390864,1.0682800051607098,716.0246332077189,0.0008574035545157758
214.95397393125384,0.7972123406585505,12.970536528757389,35.31527572643268,0.9720604620882389,509.2229341183074,0.001176329024408819
88.00978382508048,0.5422016915722915,19.63730330637872,29.11919835465571,1.236021349830663,472.1835906831753,0.0010425486640277862
137.40653415300983,0.37584744760160216,25.703358452177966,56.55966779328792,2.067338170496629,332.74989444083803,0.0009126086717441506
118.70250875122176,0.211369217069472,20.16583184419087,43.63548022734286,0.7821923153621759,882.1783159626693,0.0011050643496115168
203.5620667311609,0.7616797167420676,34.314417991712475,27.352878306176176,0.824046264217758,263.2236220768673,0.0009400662988475756
202.92716351908723,1.1692063844083351,31.45332840460286,23.482776748254835,0.45415003233018664,308.6824280665142,0.0009984699808937147
217.85720642440864,1.5259638563730613,26.735806544778505,21.793601844764783,0.3597977597480364,283.4838046430234,0.0009930078548896994
218.248235282592,0.46197230182018484,29.656236967379247,36.99831563581222,0.963145982948675,358.1371490586728,0.0010316875383063852
140.0022371735353,1.780421990978509,8.41914717678841,20.874893319681938,1.743347115249158,12.693701179962519,0.0010563298381711344
65.17502712073681,0.2956885172741831,10.722622004843524,40.245560327142115,0.739863741746218,429.1262201073876,0.0009588389927513521
90.68442466837463,0.0840247317101787,34.4436437669451,48.20264707031929,2.209595175012622,688.4208763492659,0.0009972271473737328
212.85006902210915,0.3973950339223727,28.90887937783921,51.66910587997499,1.1272151056524968,734.9061461735408,0.0009864843642605637
217.81864327714436,0.28987452882256554,19.94314060706089,38.37593184039262,2.0206653263015806,407.8516567277131,0.0010762378311557712
156.29228297393541,0.1664783679795321,28.097289879764254,47.486675110938464,2.503911880884172,80.29313838547047,0.0010860782409597958
120.9996065033265,0.02966708398210208,26.357922200759898,35.46139767309324,0.11525180456051592,867.0447577920677,0.000876513708522143
120.84280627734032,0.025941288992963787,18.7805272948741,46.81302848237189,1.6400351742073136,65.35289423877012,0.0009179170221952583
100.86104394877069,0.34626074972693904,9.84622026409065,48.76172134739653,0.8833099280645302,15.229377754898495,0.0009345614599312634
100.86104394877069,0.34626074972693904,9.84622026409065,48.76172134739653,0.8833099280645302,15.229377754898495,0.0009345614599312634
165.64826357278034,0.4170749524125167,25.672779435367026,41.736714743588756,0.2183086788834806,21.658580739609512,0.0009280541962402557
98.23643018562875,0.32686237999276446,8.732359396209095,47.83795997469328,1.838469308265876,482.15485477047554,0.001031275975577272
221.67901089512029,0.05027630690320382,29.836430541160432,44.40164842239126,2.0307597433131175,459.31146093674613,0.0010364326863429544
98.92530000248142,0.11121461146586932,17.308483347847726,40.7734637897963,0.5774574213040704,696.7243340234986,0.001073383140612876
184.13800999624485,0.022816366917996912,14.688926730556522,47.57313377773829,0.6480031088369167,919.4902547984013,0.0011271347280113453
134.2864749767265,0.07827032885645441,22.274054640882106,42.366207822789015,0.2855331079914057,146.59177130637906,0.0009346629760158447
156.7596209037097,0.011558733683818104,10.496299250112836,44.516770186273924,0.869713797077039,68.38326653129697,0.0009500721187753109
68.52584896376736,1.1430723337519475,36.91117237717295,20.359327470384866,1.7207720327090446,248.42276473462744,0.0010865649031364453
85.36024228531173,0.30089668429905725,19.093517907197878,28.518220365726204,1.1535043455376754,56.25277898596587,0.001025416929369713
210.10417790420908,0.6170395872681418,24.648932619492676,35.86788849878655,0.1830594740552145,1205.735185758438,0.0009758832823622114
108.415643107326,1.1530686049015937,23.437324991539793,20.515608887334523,0.19471772001564508,90.61422180170638,0.001025170921249713
164.00385437582824,1.2526002225250394,23.132064763448458,34.97563689889138,0.04639335765493637,79.19862541586839,0.0010369031859784662
231.28338245148998,1.5882097803441269,26.306471678858394,32.00878558285221,0.026762774414380134,281.6926223057227,0.0010297341965933185
72.9322320848943,0.9923210831522399,16.102475108550617,25.10160349501285,0.12228042539211748,268.58556624556866,0.0010447385787911694
161.46320582254532,0.5417860826777889,19.616320244334894,38.80047252914471,0.08157320070192003,856.3057854027217,0.0009297786628766782
111.44184772571055,0.42439544558435816,27.18565360993778,31.476859981903242,0.5462353465787113,200.63720948836792,0.0011296793038148446
151.45634429033456,0.29462481238812765,15.633041314185133,43.87692089338111,0.6734777361602943,262.9676217585175,0.0009037201154476349
102.31766472967409,0.778758171459879,35.63104145836537,27.22125789823092,1.3010536773750223,34.00101045078248,0.0011415312062959902
205.07341460150218,0.0427256771932461,11.45601528354295,36.94459447971998,0.8762990318497369,166.04916910601804,0.0009034367738143054
227.5182045241445,0.018886181915369036,20.461138437084376,37.31839049543764,1.5821959178860645,149.61226284913758,0.0009803787596606125
242.70346728452446,0.16612407395088177,40.91475830585548,44.378973276121755,1.0573876024517483,111.67854631090468,0.0009704090283699556
108.73093677214423,1.180838991621784,37.064180156942555,16.152896004808294,2.1390401481545274,125.84306378279034,0.001048625913411551
109.72958864247782,0.25937454385261294,37.09050116949409,20.470852475820763,2.9540795416078547,108.53113394887737,0.00105598708038956
74.59778395566155,0.335055823293652,34.39493736120181,27.02994096161157,1.9368894957981218,108.83747991171799,0.00104750840495737
234.16285190986451,1.8240789269214472,9.553156325609088,23.009499015255546,2.3679930434898386,612.463530481874,0.0009236346123929401
236.59259666524886,1.455246214049201,11.767953745857643,23.909714371681492,2.0227397892079075,533.402265631785,0.0009328021905366172
63.40031766782969,0.6185689480601905,17.762941293479145,26.318891105789753,1.1431647554558455,268.63338451142107,0.0010661138423295317
210.25443956590394,1.2907050141869636,26.343179310589854,27.351916044666748,0.8793706053354245,793.7528781903663,0.0009035677130698575
222.98356142559805,0.9485872080569457,28.395354347645068,26.13151304249015,0.6004506332889773,526.8663250151493,0.0009138465539414154
236.9014975129594,1.7793745122255094,30.199370619832422,24.642363365766492,0.4496024888320309,390.3295904745173,0.0008766602553830198
245.14229709107317,1.5830511909990381,29.827568619043525,24.494229984588895,0.3895552076520062,568.441105430152,0.0008706006574555102
202.57862852709573,1.03956654724329,22.334362772355224,25.888065619718805,0.8067912886157241,62.4535597873989,0.001026709099540285
208.4533517965888,0.6237678973186274,21.860287065884183,27.15129156877319,1.1793441277703243,119.02902753332842,0.001018100990714772
119.69813877262708,0.6861424445304346,27.921595290835977,28.973398227043273,1.0947516443428207,436.6716557986796,0.001061281168630428
141.3179280462714,0.6598878877863819,28.354310348758272,25.731449750451386,1.785796482575672,397.3024268190071,0.0010617110147204832
139.58131379113343,1.2763360578755942,16.568641716047946,31.148103015390728,1.008246210492949,232.21264029843437,0.0009994977644150512
118.30537538601811,0.5735906504192549,9.485597686121384,32.005864072509695,1.9000695746349414,498.6462586928698,0.0010294166019235642
129.05764849828398,0.21143656601461777,35.84734838644761,48.572793888786656,0.8490898428238292,397.4298369925764,0.0009472824163409058
95.83702751569467,0.11275417847529015,31.83064894755295,45.192773038101215,0.7859910049250916,323.60822013076404,0.0010353592203954912
129.35639385210084,0.039124630931760815,16.41016545978572,40.47434121419416,1.8888199208062377,413.70144152075875,0.0009742386959446697
199.1806281137056,0.015065006967081176,14.887281073298272,52.32982810188397,0.5694167309903164,429.58991443538247,0.0009410353386418969
104.09308318693323,1.750782614785628,28.295441809846604,19.698274456979735,1.1486007611217268,714.7009658434629,0.0010701402960470584
188.80236537406688,0.6662477523677134,25.919232205048466,32.05241499257048,1.6958584517549917,1150.7360183005583,0.0010541426815239734
212.35797524481902,0.4383916331193968,21.842862825912686,32.05325515339219,1.5420862148452872,1348.440824616395,0.001038065031831628
108.04974707952123,0.1996203360780465,22.76182914822283,43.00763240090375,0.7347361007885433,77.77384475907257,0.0010084587959714472
202.72336212371144,0.34225566895467885,21.855973971389126,46.16932323795651,2.0319844807016665,559.3782247102349,0.0009709557116442702
134.02690438249525,1.4946736841695385,16.880440665531875,24.391381909953076,0.9794692680196758,573.338148097408,0.0009067877278162902
160.28869799620375,1.3630397419652418,29.45231278199959,24.53216282039301,1.5991671540047478,475.2071442758271,0.0010917312733388885
203.34291630709697,0.9881387209601498,10.999430078760778,30.53920484050411,1.317379548031921,681.235691580005,0.0010483077199725584
187.77494297185063,0.285646869022438,17.771768336198974,37.71612774294361,1.9024154408671772,495.01768987343127,0.0011271522084822017
154.55835763652252,0.20951475313670745,17.222196443293537,40.794655453462646,1.6580667100638722,717.654854578566,0.0010475800512132164
107.24272910564481,0.025537940077511645,29.438963121438423,44.53341628978486,1.1933577339025525,285.9433020670704,0.000927135165292095
81.88228901238458,0.16129280335936233,24.55430040084027,40.17251347332142,1.5005094559095227,598.1112707506187,0.0008993342371719451
151.661600104784,0.5926939267451611,12.880464274210407,44.95530386169221,0.3310169522142584,321.2116477006031,0.0009937237457576388
125.02767918368427,0.4828308405577878,13.625611775018994,45.456284757948936,0.43618631307288747,315.0302587450982,0.0010204401156656633
159.3484518528833,1.1997476121072599,24.79606305254218,21.100908606315937,1.5652400709584404,249.02357129254852,0.0009676791966193772
164.43606978326392,0.834359384586827,22.96054392408238,22.783473093291285,1.2727035811723098,231.7292038213302,0.0009768345695741034
125.10373796911782,0.7985056552342714,16.80462762931984,29.827532500922572,0.3366188841918212,129.00151261163182,0.0009612328433929117
97.16715316990127,0.6860898543158842,24.16189584539194,27.067650913554477,1.0736376530439622,803.0507564236058,0.00102225966147315
172.46565123454047,0.8100677406294418,21.312945424669937,26.25410826516468,1.6659465311816943,355.7336344591185,0.0010582393002363441
178.29738088668248,0.25327740348024,18.996108122755047,39.2007799496648,0.9808499228500356,1257.092290073868,0.001042002595603977
142.37916751928793,0.35523690378865896,28.96481375542142,27.49208712786673,0.9279035783814107,37.506437348810096,0.0009788151253680155
204.98453745471116,1.6511880219435768,31.822171925705113,25.04723205567364,0.6629867785084911,284.2258599271127,0.0011451621325531173
164.32703156664127,1.0578217036342115,25.254115790774506,20.08471911101727,1.1203543283485624,187.24691828313323,0.0010686763467105968
153.78288891749438,0.41042379596574297,23.07707864902396,31.25291472899197,1.4286123717025743,61.0619050693531,0.0010697102985258134
178.53963618821888,0.3540347754620356,19.02373381397333,35.13938661688416,0.36146205257698755,992.169835086218,0.0011648993800615287
176.3561442022212,0.8221406080565339,14.841328942140716,32.86166508711228,0.804216811680203,498.4000080969709,0.0010731406166214663
103.00948637291097,0.36431115234502087,22.604648221076502,32.76316670979981,1.1037265955165858,738.9253583397699,0.0010681050586240615
163.3037285621402,1.5365722508699233,18.368761473516845,22.59307474186613,0.5645412051807059,371.7231022216104,0.0009292497214488199
179.48816994445036,0.7632341938181827,33.082787268266095,27.417909023537593,2.0456932450243026,330.8525395884087,0.0009069899422813462
184.99040431368698,1.2053172391955809,39.45740805905981,21.24858474690255,1.6948089620334887,614.9616468737439,0.0009495674986234461
136.8874357785858,0.9025434214885929,32.432912262961324,37.29076778724407,1.3124246083737845,364.80283685915424,0.0009257599667546093
75.63115241885303,1.681679042070334,30.217823634850088,20.892279513161075,1.0663794979168877,813.5377279607326,0.0010095312142245386
66.41410456319996,0.9415358736134254,25.8045790979612,29.529232766059636,0.3912592779434197,103.38772234891215,0.001099881203220982
218.17346845545984,0.3284246059841349,27.045848554809382,30.740835048387734,1.6641817713014293,1079.8495777870437,0.000922152345999878
234.88946798092772,0.499212099690791,16.563025180533835,43.15034165902085,0.616327314239146,249.90017308775106,0.0009980749584005614
227.29675459833604,0.5226503130314333,16.663673670772376,49.46324207079842,0.4121490628072885,189.71602819435765,0.0010316627952605866
71.79266492489383,0.9790273005801511,30.111870306748713,19.912899120479413,0.973080319624328,925.2881407910085,0.001023441635461994
129.7153474877046,0.23454536552847735,25.38233063872694,38.06915451237396,0.9760804759212822,43.794718486759194,0.0010131538414162142
133.8208787858816,0.20708469377327113,16.774356770029293,42.92780993855177,1.2535701763629123,237.60403842971783,0.001004884170666467
88.628040934083,0.10468691618296443,16.00034712121048,44.99356625293945,0.4267941724487963,940.6135984305299,0.001049049358276463
97.25497040916578,0.16278508382212958,19.161228086372837,47.43580185433729,0.32211887530270294,600.7897199211856,0.0011051867070811486
81.39733328588183,0.31656085975343445,19.94080440265174,44.013678680480446,0.42682844616198207,691.1803228859513,0.0011083019161424125
99.87888627970041,0.15388235506453107,35.43514415349141,41.20095678276146,1.5791916443804195,58.923597716277314,0.000924963184936588
112.69073052813245,0.19859092587772798,37.860151191666056,45.73576930474476,1.005173035516468,46.80836121783581,0.000928493619027623
100.99487237454149,1.1254274349300493,17.32447826722552,24.229136532790733,1.356682320361413,77.94035412718159,0.0010266677837327063
201.5582379010717,1.627483482163654,31.10317902258,27.992959694080195,0.6654334775462097,32.78260299940471,0.0009592089933286083
67.82622712017336,1.4626321547599306,14.811548225890853,26.761746186916678,1.1074417813186337,1234.6327645572167,0.0009208399404321243
225.80895203453827,0.4658435475592598,20.932033978849194,32.755695673921,2.1253699126801426,66.87341314408066,0.0010825888885491143
213.7014491950165,0.5680081622947104,22.788101349981364,32.54545922536922,1.6268311831890812,71.35851226420132,0.0010799779239842574
209.48762559105018,0.5076995719915586,23.205325574259938,35.0094127714256,1.7055717072291816,85.25407353075565,0.0010895347262890479
168.92051488443607,0.8845101209982982,29.237745931343834,27.610837520507232,1.1938526035727852,161.05207134029231,0.0009873376020580098
141.86233561518148,1.195852868454559,28.108547720140226,20.649171821516077,0.949507296179857,216.57197130615717,0.0009681467453019463
166.47722086237036,0.30800666251503783,29.724383440859825,31.133207514639285,1.0790574099607364,602.3747977821004,0.0009793542553617586
241.12272822669746,0.21660366572770273,27.04819916395294,39.73071853481961,1.9984725223440238,655.1360639820394,0.00106502736027096
128.2035159121587,0.15347890791165816,28.532726346333703,48.764807097473366,1.4433262580552988,687.0411049562479,0.001041820645453017
145.6169239957798,0.8654939851842981,20.44214586139171,39.294977407563685,2.2811482946595434,613.9496711400861,0.0010840810683351997
143.66282784816426,0.027202164399490712,25.344751398223774,41.35578071162003,1.0995197457115067,374.96454686128914,0.0010325674091213228
150.14964052119677,0.056558182552285445,20.281123699605182,21.722719544276487,0.5306023742755894,635.6012931931684,0.0010054085382440485
67.19031008420102,0.01426367435905533,16.717340825970282,26.082275919489533,0.6595594857936092,630.5511969365004,0.0010690202842135324
216.90519861321712,0.04440478137030651,14.28309116994819,48.263586218324924,2.03801569629309,118.6096036813558,0.0009543777685268676
125.5387998154061,0.03624539888769941,2.369589181503789,28.022679584024523,0.5350388913204459,870.3942612630797,0.0011110755724013926
162.7291649317458,0.03617123432456677,12.974336249517346,29.47703804963291,0.6266577033341427,147.44809649671666,0.001025998255932445
136.89685007412183,0.025472178653870903,12.812079024303443,25.91130750612006,3.0229030040864115,760.2541993556842,0.0009602627109583162
175.95191394935355,0.022340792824979357,2.6366958852448,38.47233676233371,0.1646466171659963,318.14217971482896,0.0010785724472070508
59.407371148074255,0.03588355379204445,1.6429457352865222,28.358022951716624,1.4327628248055178,668.396960001741,0.0009624443664383609
194.20475170537364,0.03715193498010527,1.2649909825386967,51.81141163274352,1.011279139387358,430.72095649990735,0.0009498221996437311
100.19908465067167,0.039767243033912845,3.1217182420708367,39.47516445843515,1.1351314225442124,535.164968885508,0.0009681017375113981
214.33591070371014,0.02361375893314684,3.353200706930779,28.51176144256539,1.023822652294107,217.7453433347591,0.0009666315485259824
72.06352757261074,0.14119331129849544,38.48699022915407,43.96026626876072,0.9511620617400607,89.91307435969773,0.0011385284120353119
236.01482687907387,0.578903004157781,21.456862631251646,40.39385655236896,2.522346536346951,437.39337425299703,0.0010742927536814386
110.28461648198363,1.3592874611560943,29.0080838995028,36.08871496546666,1.0114286620358772,377.7458176365021,0.0009700923311289634
207.9953422869365,0.6279562280391348,19.391037145184278,29.786886958138044,1.4413103763376025,236.2659710958335,0.0009245707655325715
215.86415598793755,1.2131537819460578,22.50920920447208,31.16345613458415,0.9057371345806929,311.96853114844936,0.0009363308505065027
99.15802118404994,1.4875852812292556,22.25097341699403,22.65454649936491,2.186746938935986,122.81328854071498,0.0009916034279008233
113.60088928320788,1.5569593752607709,25.521781449149074,24.221760533399827,1.2812138894707052,157.65225232248898,0.0009302352916514549
196.79398178493608,1.719513571249627,29.565402752991943,28.486266046340234,1.5765296399657585,114.66670736266654,0.0009221185867456964
133.23872298156687,0.6961127822298667,32.0481501803546,33.65369181265478,1.1031046140075345,140.3779107763689,0.0009744770986519225
144.67533738730353,0.48909854127096025,31.41099966157374,34.28754930190117,1.0808380602568255,109.99686856894148,0.00096297865007412
161.7304009596063,1.2284003170109348,25.18340811875321,22.269722993722375,0.47355630442906554,340.21037545036455,0.0009408093804478768
189.4476937586061,1.4885788880390953,23.2684171789695,25.641673055504487,0.31575195034610887,209.5019726057131,0.0009308208300858028
237.88352312806785,0.2882596772123702,44.1620339373071,28.109154663980757,2.526750773026646,95.54057633451711,0.0010381354546873678
241.13206102502622,1.3255090086603138,31.425593859851663,22.818881832198052,0.4262515015603279,47.98506375425923,0.0010170975248726104
56.948785542721716,0.1440374719075373,9.763955374454246,41.98754129433381,2.3153847919585555,282.0704016013423,0.0009140400689977199
137.78835367321562,0.21427065605596982,35.18472347723443,51.005410564541926,0.4571234183336915,583.4424686491111,0.0012045298292892364
189.6075988073977,0.2763496458205792,20.89254928249758,39.513280961068396,0.7946723430782745,273.239145842409,0.0011000332556759178
169.12373324162618,0.2421182942488381,17.371999631457655,44.507602845674775,0.9017001393094463,366.73722453202294,0.00112691373960112
213.81189396785456,0.5889580905968843,31.81497961767797,57.24043940308523,1.379154164480414,641.7999948266485,0.0009515698793059466
92.48140917836193,0.8730548403734585,11.986498129507755,25.800060570674233,1.0107265952183841,820.4841535657403,0.0011125836482885456
75.21189195101758,0.6091240277469296,9.477977999882684,23.169997929924495,0.6281940430046643,933.0657019875669,0.0011245505360980958
160.5658310147651,1.4173468187468623,42.85857953311764,23.582755456588757,2.093270971452085,345.50009677797044,0.0010277053134260831
173.66589961765192,0.5130863268480997,39.49360340757478,24.504889450489326,0.33441875599438986,357.24262650395,0.000994625766692129
88.22380288233447,1.3177042235221308,27.916448453242037,26.980708879799423,0.49675935257255044,901.6484441206461,0.0010366401757802434
111.5415993950451,0.6672842694130974,18.679494503419672,24.239012532834522,0.1454550663881624,419.62899162123614,0.0010618702293346846
160.02574954240964,1.537927128275531,16.655239817489072,29.260410249568846,0.20984015079685275,1069.0802157854941,0.000996223558602539
124.01199183957563,1.2236619447572639,10.779016991642909,23.265212786388265,0.09086527988232132,453.6690475531728,0.001021543325741796
128.61154825881596,1.3948950279489616,17.438682222815917,26.393247758376845,0.3163416322161912,349.4363769848987,0.0009704766262055647
141.54864328351,1.28689967090838,25.320377806974548,23.319185948020564,2.0910560148934434,376.7352640041775,0.0010794925582772055
143.02318747107557,0.8289787280260258,21.07849579062824,28.562116869066585,0.2787950281494642,824.7567450207313,0.0009749670372422423
128.07503343199514,1.2565572303254542,18.091294746648167,23.92685934710478,1.1192324953422297,324.681530016196,0.0009107757461343007
132.9896167616796,1.087864324188557,18.182515969076622,24.708137905729956,1.3376798913800365,340.5000383045872,0.001075603085909515
188.69241747758855,1.731992242629796,25.963483053104873,22.314663040170064,1.0964227127788349,120.6171334664541,0.0010106984481636425
201.50720868295215,1.7923553009342814,26.49650250565367,20.653579305726396,0.9356721043532927,95.45100835406727,0.0010360799684441693
202.3900542585183,1.4948352705703059,24.45119227097137,26.506991199688894,0.6118650020420685,85.89350947172066,0.001083406643343552
128.5009233285327,1.5190166225430615,26.63275036634298,23.38198834985508,1.3256701800180972,854.2505126802148,0.0009891425330798682
147.2733144229505,1.076458117496598,36.13299019091465,21.248579280094326,3.765743657451895,355.8118120579479,0.0009757722674365704
119.50183574198581,1.913371396693267,7.941033436744424,28.089892630445608,0.04825185054692975,399.1518407063791,0.0009939194916674216
65.52622969138586,1.0742555953056288,8.874419666044995,26.703360939317534,0.04919324467207055,154.34672187229302,0.0009198781446553543
177.83496489769306,1.8080952915705086,26.424975620219836,24.5320765096653,3.7270072922659376,112.39567438289667,0.001068413913546301
191.05517089246294,1.808308824994244,26.494699071811418,28.213268327439746,2.339717983412055,100.12798161931883,0.0010538096003647303
166.4694875162138,1.9623564542506555,30.02206801629769,25.61629928842364,1.3964307806072869,83.51975528742331,0.0010389417434211671
197.76980988912652,1.8004136346823079,13.533623628526815,30.340997480306694,1.121760575331288,137.8605643132619,0.0009872639313006375
180.6691171634177,1.8868113648253695,21.266205828849603,26.217887743443136,1.8154689260883072,275.7310973847003,0.0010309275211648583
107.94636290180325,1.9326870864671024,10.938738624016391,23.15368159074325,0.8050031273617557,529.8966750889047,0.0009460190891265797
59.490675348238526,1.3543904806027895,7.33750479193491,25.57256397798591,1.415302489908038,75.34148233772488,0.0010765940262376745
244.0527744469975,0.6600539518588051,37.87235220432191,30.492538837935033,0.7877764439123082,288.40408846420587,0.000972674686415759
245.60568751464115,1.0127657231979263,13.640428798423548,29.551877132148576,1.8744480121582396,546.6794274695741,0.0010687421448412422
206.26604121412646,1.661177575272443,19.393941622427057,25.41635912107351,1.1223173228460839,575.7404381324376,0.0010013533473859477
157.9789395901168,1.1722137222753581,13.397093070044955,22.772878970189335,1.7693639692212142,215.506677109181,0.0008562063108042746
221.33572597893982,1.012444870127013,27.085355791848336,25.048913011936982,1.5312325660982518,179.98379271916392,0.0011664685100674567
126.06769582174518,1.513609481357094,9.552628848848913,24.64031509746286,1.1738702366802123,237.14229939863756,0.0011460284984267377
161.5115898819788,0.9895019892664162,8.422371587273222,29.858680230850567,0.8822783476159918,1010.8812495681588,0.0011082984444542724
145.05224721567197,0.5726110946968984,5.276484462719398,33.284414532797896,1.1476072963912751,547.5143988627061,0.0011274452344660348
168.99563797703797,0.6500179885599747,44.11317348047926,24.745933361021134,0.7165453558853334,300.81617592230856,0.0009936387389322442
163.3406431438233,0.3361166728877127,47.52619928814031,30.413587726031462,0.41735075658510273,951.9988352215009,0.0010471943020432144
139.59473351688573,0.4779350496958341,7.031950748560877,39.770650121647364,1.8029648410339894,247.76893181651266,0.0009506279830428342
89.43979112170317,0.728115126180282,5.396514644976179,37.86309475535509,1.2656819471686576,260.66375228543205,0.0009153984194537485
237.74018420750787,0.5263967263770157,42.74299867262022,24.920105564938364,1.7674117648641343,9.098407662942082,0.0010897474393026737
96.4172950750452,0.6600683992527351,5.399070412871225,31.363253836400517,1.1035082916223597,1146.641296690999,0.0009761889327018532
94.19701754369366,0.6520945367585341,7.961767248387779,35.179297069907115,1.0285253187007242,636.0140613912366,0.0009206715225834449
178.0677501035319,0.21325439714259736,15.204064059506294,46.536294652237956,2.459498785788671,727.6896227148137,0.0009816906695439948
218.99348442072318,0.7293186322871621,13.912024141492546,37.72427503953515,1.9339931380389324,819.064215757097,0.0009064353268035975
222.69734190812864,0.49822221429637353,18.66870823818504,37.82154993785371,1.413217156010359,1273.3118233950943,0.0009126024951142024
98.07983851762586,1.2627154074464784,18.167848731715537,18.861359206298452,1.9713825604185125,346.2518441923935,0.0008925532201391303
112.27381431423808,0.8490929010746084,22.18206227953364,24.540179278608992,2.177557354434267,506.5555599076184,0.0009258613272201148
83.8766797535913,0.2883831836209203,15.368359367238291,30.404064555469372,1.13094167271364,1325.8693611302112,0.0009735394725022004
70.08904908547704,0.22248428319689587,25.06840778023658,49.15756948642512,0.333134269299207,161.96673388257494,0.0011240488234639744
71.03665766303493,0.09421545937460486,28.06837670059887,43.65014773559505,0.9367805132836647,296.502465408685,0.0010644419618429648
184.77624294999146,0.4637547820719233,19.471819917799767,48.9457978710515,1.6112912554306562,760.9020750526637,0.001011066033560046
124.55414599398134,0.498185143816228,8.695380514146695,46.04496881586263,1.4975343813732087,380.24861633458437,0.0010814102685380183
