a1,a2,a3,a4,a5,a6,sigma
127.8833483065157,1.6781952425889552,0.8214027881598366,28.24424376661788,1.201626873577621,473.0377505794482,0.0015502598304633383
205.12006751489628,0.8022779832614354,1.8279105563674367,34.550580734569586,0.5398413640525827,726.5671878172553,0.0015952319560066618
157.07030299795653,1.626051626100349,2.6854550670887605,26.632322020142517,0.19843482395641301,178.70411064130013,0.001745825290376514
199.01074061108085,1.0279993902868554,1.7955891397812074,31.62299148455426,0.6104715128396265,718.4112175274065,0.0015351718789275571
103.0413522499704,1.6620861372256248,0.41220936942229025,30.504571125104714,1.1336569555488376,430.17825886112877,0.0016140736351861254
233.12516903462986,0.9371270046491215,9.211667751083429,22.35929465281333,0.5036872324122998,148.06633475097004,0.0016036048050325903
233.92502578486378,1.032146170825263,5.45058654163392,23.818239034013164,1.6203892738269425,71.84011753120446,0.0014994651483909583
150.05068408098293,1.4434446113045838,10.214986090377622,19.096141861169613,0.13152349391763826,910.7801473790065,0.0016353045930957515
232.92507521177131,1.3144534700666053,2.9340126792956265,25.77395250004255,0.11973068334512216,294.17969656976436,0.0014755456659221288
229.61718878288502,1.3311295911668737,2.960001935440574,25.898127548440808,0.10670344868882536,292.512696694953,0.0014837309024108001
239.5278872493034,0.7515768319463467,24.365289326973695,22.112223178413238,0.3625034317483921,388.7698773106859,0.001870345799710813
244.0755134818876,1.6013225622700085,6.474898088923292,23.86493329049124,0.7827031857271848,356.7153206487497,0.0015978775465604008
60.18295137238929,0.4520221730632082,18.84410236064448,19.01407116013557,0.8426189972145659,175.02506476021622,0.0015265611150170413
236.4779711161382,1.547373225985194,14.177972882085351,21.30742623878639,0.35886328181469335,420.2107589214088,0.001638721741406109
99.40994775798684,0.787374467031324,4.667593709566621,23.87511602844197,0.7108678590876704,140.8820956390805,0.0017086386987480633
234.29763817896043,1.3415424347769758,17.067505345188298,21.363176873125955,1.0522245016559428,635.884037263217,0.0016591098933142765
173.06500016400145,1.35248637768856,17.22004588276154,18.698025119234963,1.5190520314246982,581.9990074274493,0.0016894247770102724
134.79195220651985,1.721933411891991,4.3445125782988185,27.361741209798964,0.5072305248847436,189.60048642225306,0.00150369972456886
175.80906699997672,1.5572021633865978,23.434376984451184,16.240645512949797,0.7948693911517286,289.6529038732852,0.001629265778164143
158.54083295338705,1.7474228205180062,2.8306642364669528,30.306571783359633,0.09275859090420975,89.45718524648758,0.0016858956088099375
210.6169525995845,1.973604437750615,0.9424922229767492,26.9835870955608,1.1401522956890346,789.8701570768072,0.0017153852594874264
230.2956519477956,1.7053439852269106,2.575513253948592,30.90747467490705,0.2143058266164093,82.62605007016526,0.0017458779424912164
121.3700882310905,1.118136599391406,1.702757729132532,32.50704052797908,0.23651127336732466,115.03416932376848,0.001504001006399061
225.38395130228758,1.7635800252956255,1.341333002524949,29.984153536494066,0.8371863766300959,256.77116186515093,0.001790866580201694
138.40978716409649,0.8123287988998734,3.355916611648718,22.39383561388033,0.8407712651058334,408.56450668983706,0.0016311099881287378
65.38185115902841,1.2274939058638585,0.889291062115791,24.17317075319852,1.3973158466137334,457.90449184025357,0.001545603166463292
187.38396049015168,1.2188665830922745,12.551910082315409,18.95506019836565,0.9969685973352712,521.9099223230143,0.001690432875655856
169.00369498236316,1.2822454486662507,18.918302085026827,14.874744609521105,1.0364653961356527,837.9355937098691,0.0017380236478747326
215.0695215613516,0.959144133975647,8.927031174876095,27.09455623660402,0.1936641341478253,324.1090119141789,0.0017954890927624095
187.5336805222252,1.289877835398717,4.208707118074279,17.93949145258932,1.6324804772000576,460.9273494625011,0.0017099975233899566
120.7819202244211,0.9034723352616534,10.963675463947267,24.24117963571355,0.5132847891598284,207.38360623355305,0.0017274906060960476
179.35305270620213,0.8306892058782077,10.644224503963292,18.859478978803864,1.4453880559355374,515.9148621157369,0.0017340369599381721
242.09679271577792,1.210855111249827,8.520688588952991,26.858392123235095,0.13406099225392784,287.1813883321091,0.00169908231030882
145.89206727788658,1.2474787582883289,1.1630709776027288,26.40726404522861,1.9887017830074745,435.7849964690422,0.0016091922755845042
169.0035209131651,1.582563752192962,3.2379149037031976,24.36334416992492,0.2722056384251557,572.9914548486216,0.0018156988940901141
202.59966029132107,1.388332088846434,0.8423078546627367,27.434935740601734,2.9550323332827277,321.3445862376267,0.001801943124135709
200.27142658419365,1.6117893247299602,1.3054352342641211,28.86844870774562,1.1734817274032676,218.82904753245518,0.0017881298404484487
179.65759563880843,1.8204104267464873,3.884055974655108,21.76631225736162,0.1601966285136685,496.12955312016874,0.0015142850484628268
206.47494701121713,1.502902015704973,26.078536101040363,19.666284509025022,1.4907201182904726,240.46570039011345,0.0016025059019445548
141.7014195998443,0.49855177699723763,30.230550053523075,22.452406150984434,0.7165426798044165,854.6352476089002,0.0016061679611159496
227.5464840027561,1.0417689616429264,27.079968823878243,20.480464582804263,0.5829896938938858,368.7352125841169,0.001583347226494501
223.85479341282152,1.0441136161895919,26.6829085322499,23.896679764704732,0.8198879187202155,804.4321598347323,0.0016063967999378943
222.93053283896262,0.9854322121038613,23.21939430326277,25.32685224573214,0.7363006209023003,935.3720767165602,0.0016323880778857105
198.6312034277412,0.7231696165150184,15.213183355187654,21.267982354744966,0.23403128104092552,229.9797463806178,0.00185979652827908
174.66069448892338,1.5604023180066646,13.732586355010207,22.621525258505187,1.0494463887192549,564.9974647036365,0.0015508201501374464
125.93558533420212,1.4180736262171745,4.725045922028454,21.40481561376982,0.7142414886546105,264.2288361261992,0.0017188497336209363
114.37589611505564,1.2273033233309392,4.6466401142508404,22.14300275090596,0.8123675343853012,224.58107574471478,0.0016849442030431312
243.2930562295858,0.9612747423525593,4.82775502563971,31.866440955179602,0.14396099985288796,411.66429228251144,0.001772977857215938
88.267682401727,1.1481964324979963,10.614584553505287,17.03167033481511,0.17866867777162745,107.83459279813218,0.001620520047985968
186.893104680897,1.3929458607269711,0.8466020882886027,26.617503731157115,1.9689295323298437,489.69540701434653,0.0016231870173124053
58.68653638832832,1.069305202199946,3.180547868472446,24.450927800691847,0.3659810814365823,477.442608177699,0.0018040830397509974
55.563569926282796,0.943823097996702,3.3877339468114864,23.092201616661836,0.7082968917883502,400.07253597900683,0.0017749412837645777
72.92480361996968,1.1333916590556408,3.3158075479660996,22.78530276150084,0.37058369543103836,360.6477548830379,0.0014981820214678258
125.46131848925788,1.2119881981184994,5.235754017118908,24.912797949462753,0.8519219271510231,178.02473185377283,0.001428180176725218
168.93899750752098,1.1721989936490689,10.233677856678538,17.9875808338732,0.8747986316019111,278.0059411750672,0.0015776954984343652
151.46658473916227,0.7897406086090111,18.632575801640318,21.984218964576275,1.4347696861119297,344.66572523410343,0.0017815346250208536
122.45335492710377,1.226280780872711,16.271249785594545,25.339326251004714,0.2296627594893759,749.8020029945761,0.0018036958749319027
231.67164908720994,1.1675917582180517,6.614462729024397,19.34033060424651,1.0820214662372711,55.54391215333608,0.0014943602198678593
113.8400164466627,1.1514114063562677,1.4987626556596017,32.289466512584575,0.20475743480595776,436.4314605146814,0.0017748454483054708
150.37410307365707,1.3617760942568882,1.4915310033469074,32.17673729203629,0.13486461753503753,351.183572042148,0.0017135272912285901
157.87282163527811,1.4062335262601149,1.9723915156940337,29.87822381893109,0.18716424742525806,361.9133836149454,0.001692936339428114
214.0613203328527,0.933217634462126,3.7544178639994756,26.256990769916094,1.538924713237185,590.4380253395443,0.0016684122152605572
116.13408173183585,1.389009605963562,4.766769572786739,20.19365233358672,0.9602288888273459,363.68503213703144,0.0015858493223607742
236.795139374028,1.1027347304638673,4.475692788472102,24.318743676746326,0.894522036822907,131.01758717066036,0.0015588279125361604
233.90581860979563,1.3628513910783768,4.963404371263285,24.17920935528575,0.9604456364672265,129.79676636224053,0.0017004411888049181
206.94283182000387,0.955834722879768,1.1051001478873907,29.603487251396942,1.581815568516178,1037.2732719170665,0.0017325403639967252
231.24375065756087,1.4672634166184908,2.071285235606623,27.220292787070626,1.4153673109662577,529.9705830324541,0.0018241721131890443
217.48290652196883,1.187239021944188,2.080405517833032,25.96052942785998,2.531209302637406,849.3880226699496,0.001745395777948992
220.4468723511936,1.6964859507394363,4.389928757949877,31.831050809384823,0.23348316571262653,318.1322359462828,0.0017534942285340174
244.46689279506742,0.7798023439860432,12.771050846389361,21.681848414858216,0.19739108949799342,339.8409153044,0.0016570385865737405
135.81789128145627,1.4017933783329948,3.4501980611050103,24.708867454783704,1.5543124760553524,243.04470301833848,0.0017608801660998555
182.54977850004215,1.154530411237275,3.0719863283718922,23.68220287896791,0.5286537021437321,189.44062202796692,0.0017164034713041706
179.42112606545993,1.2328332259858212,14.675917919130683,19.87397691504156,0.8686065261191247,260.56783384281414,0.001744756053940902
234.55285381594462,1.1938556814786954,22.270448981519735,21.901880153639137,1.5374616171230842,683.934912002836,0.0016645136250114198
171.90192894314563,1.1935395568934266,12.105800823072427,19.599830660495922,0.4030007789399329,107.54913761386038,0.0014677727141678277
172.6086056098643,1.8211459092675235,4.739224712728545,20.023110397357087,0.9226268167623362,27.51498696296304,0.001573402805995173
190.43384600819394,0.7995538570922375,20.852127723006504,19.07005396953378,0.8885220234507832,16.55686748733911,0.0018686806675153034
176.1939101681009,0.8957623776009519,14.335743699185658,20.327215275562637,0.8352414835181013,19.82832364637251,0.0019268177115165203
66.46775469631204,1.4771089510962438,2.7905945195800728,22.10543546493037,0.49694903759954484,26.613146746880506,0.0017589356911527122
248.02577078611858,0.9099546031718746,17.264885372456497,20.986897644076038,1.6371714923908733,525.342800317795,0.001669788488796744
214.38176846935403,0.9439498215974936,13.095242711378367,29.368887410846984,0.09358902013209089,80.12520759637462,0.0018847445235993284
98.57862182552881,1.1886463213298195,28.151960815023624,16.06292408130679,1.268195014744601,12.287757873394726,0.0013686079521575774
238.38732107294888,1.3762789192015272,1.999324863284028,27.868781414572986,0.4287142194364654,811.9253314371458,0.0020325288761221952
97.8196558940708,1.995542788035594,1.873185661566339,26.629368172851443,0.04758740979021801,63.86458436793487,0.0012565924758982474
97.8196558940708,1.995542788035594,1.873185661566339,26.629368172851443,0.04758740979021801,63.86458436793487,0.0012565924758982474
107.07833798807415,1.99535503157785,2.1142767734206847,26.744744979405443,0.04053475042815576,82.12106868855358,0.0012617724148863356
128.52174085602653,1.996272490697145,3.8686323972227625,30.40165712334987,0.02086956337403524,11.934095641014508,0.001580276724057844
234.01233993340307,1.9878724069161255,12.720140223577015,21.617155012621577,0.08814516969163565,10.034483632068088,0.0016032575476927677
74.97203966957012,1.9956475263234374,1.3882500289597914,23.16845443509769,1.669774605940264,930.360606095738,0.0017561591960010051
78.72332868575684,1.9966761931419519,0.9371726120835854,24.42991876216957,1.4785288039673912,809.7462918760451,0.0017460884347236332
152.0357577778355,1.976507770121118,2.6433532597285914,25.523029103191416,1.0305415902595578,435.13461499219335,0.0016472447696143653
145.53997542999005,1.982582220775079,3.0806782636184296,21.078650862790056,0.6084834930683534,408.0614550768642,0.0016130193569221702
193.30438862327756,1.452921794756288,32.58704939707579,20.25433683189267,0.8698750896192912,160.05846238634567,0.001677946051438573
112.04468139943864,1.5779236535553813,9.539344004717064,18.160274462930882,1.5383719930920912,718.289652101817,0.0018765482628462352
197.11468050727433,0.5436405090193345,29.632743889232394,22.789186865886585,0.13257285340698322,576.7508622022154,0.0015975536012897474
218.0020600652437,1.8708697679542894,9.089270136963925,18.712562004079587,0.4563004094735941,198.14255408826554,0.0016578289498132412
220.25089630725466,1.8907890457601881,10.895949438096862,20.49070191063342,0.27533035295635844,102.55289106803512,0.0016595458772722246
197.95102559107033,1.2736782074720332,10.57667737923245,21.990390325185125,0.3263069394927543,599.9466649202164,0.0014027945424959693
174.89377026618368,0.5563841054001815,20.898090184308302,21.11278561534635,1.2623347723370701,767.0781054037298,0.0014426556917717143
176.58537887714752,1.7199550087688884,2.555453755957411,19.998228793492487,1.1081899729794162,88.99128399513721,0.001402280712638739
179.03278171355953,1.3384736796023533,21.445559304325116,21.49289465549826,0.8661957144887058,781.9723874305865,0.0017821048238763747
144.61796749957324,1.2603507954775304,21.233328673839143,19.984400096553983,1.159153316608912,580.0342917472539,0.0017210864246827908
211.6923694192819,0.8980518484055704,24.53126331681727,21.72536325262129,0.4985760984251404,170.86191733782167,0.0014756878825900074
170.16119095759956,0.822934752019785,9.452395691416855,21.320826137818578,1.3551921366349393,195.87878941731125,0.0016475487838274253
192.48709336853844,0.9613003585138763,6.865181675976635,23.035589377854,0.7813292521810877,10.087945295923914,0.001491601551063305
142.70898720069317,1.300780788454532,3.457093510163048,21.616502273467045,0.3805514388912367,27.157413181014384,0.0013832557678275929
168.94443941757336,0.9269239007004035,16.363047168431077,19.796196224845723,0.5754322985156005,771.9372320263041,0.0017656258651828351
207.61388089664777,1.1278769162411248,7.878395647478455,26.479687049424392,0.584574192300584,180.98701454478393,0.0017289788860612833
184.34936874826792,1.36171947519127,22.001805158797893,17.712664029745508,0.6698394039072004,277.55418357230144,0.0016832768655257965
170.70087126553824,0.5271851749240976,7.453673937031698,22.614997475181042,1.46037239876759,192.33081937562386,0.0016976545655366575
248.48135058618647,1.7611517981839875,3.296156861973845,22.312116504127847,1.3056218042620928,24.692081025326548,0.0017079977851444418
248.65560041908188,1.1455668943916144,10.624268009087992,20.701546170124857,0.4144317557760326,148.32182267589323,0.0015856870452552632
83.06834108834751,1.464462101961607,0.8090633413039313,33.16390707668595,0.2023646121360981,150.35437363147904,0.0017088789949829585
241.94244956675584,1.4875562956175508,11.723149870171142,17.50131599110836,1.8886472399734766,442.81450706710484,0.0016474999614536766
85.86611061325644,1.1039191425417467,2.6585385082647797,24.853002026598425,0.5736490896654687,332.9874786234974,0.0016071820346071743
222.9197087760742,1.5312147480313003,0.8467609397584119,34.11586691380695,0.8464490639563548,482.21984987116747,0.001513565407485645
151.80741161852444,1.206024731845177,7.131416356156153,20.08950458711898,0.968696464939313,403.8665688871992,0.0018026095416499499
193.34330057096903,0.9622777093495581,12.433656542675177,26.817331663109147,0.5163624959552303,280.0017692921857,0.0015457385529726998
121.45211265527767,0.6629090382555184,18.625921182235885,17.556423264129972,0.5108815012845142,394.18376776600724,0.001468682453907754
151.00210142948603,0.730935404414148,22.911780585368206,18.010108556351785,0.5713830845063731,831.8391630080538,0.0015440748105702154
167.3941143918904,0.5532719473391823,26.666938366658577,17.414337873323564,0.9606738966578714,890.984941241478,0.0015129284367684274
193.98569968847562,0.7317730437736099,21.654399524491218,20.42289398455836,2.810706786717345,157.89484101181858,0.001574488270872969
125.8025960646437,1.3589504484067152,4.683867355079264,23.91579246703323,0.006764978062550607,87.63908812102584,0.0017857655079000952
97.11990511977685,1.7511665919649855,4.152953941498174,26.343689412300197,0.006770199392897581,54.43693423950699,0.001837367363013778
89.12334385689172,1.7826879754004195,2.0656987088887533,29.425749898753583,0.032760972027442076,69.07653628081617,0.0016248554825447905
136.60215205230335,1.7738929699252906,4.737410629849514,32.85542301537385,0.007260689119869843,17.404841658310563,0.0017625358521181492
238.28705668540817,1.3574257517461057,9.593028805907029,30.681686317808712,0.006905782447332706,43.02781624626712,0.0016383070298822606
84.55794174837497,0.7483953644002015,20.1444776073279,24.9581064321422,0.12128554234432529,32.75124512440803,0.0017861386127807528
245.93535154332852,1.332025018811724,2.028241746476101,32.37065990043983,0.2681187598320239,572.0809144127747,0.0016808497257861914
142.694269921826,0.8987240621846145,7.826743373138416,21.734891193623778,0.6763220369908544,186.89430303391697,0.0016544387402265628
192.11228879186257,1.681606176688901,0.9344305693988426,31.001100663922564,1.542134149436451,832.5049410691047,0.0016335828996164176
227.02230338512933,1.8545855107815061,0.9210414021278736,31.19222476737943,1.6532001954086544,644.8624727902187,0.0015670775468162633
108.16950037024799,1.9319546891408732,0.5821666095092359,29.186981058481123,0.5967244028171036,341.0645770715884,0.0014222787749250557
201.0797277990638,1.92331230898112,1.4495335995026675,25.914406248163413,0.6613172875502578,677.0503501364423,0.0014334550453997711
148.07367181403592,1.6472645337948615,2.9360028887844067,21.182566587990454,1.0243507461895187,47.87673002085647,0.001630481833344914
136.95688935923832,0.6853811863127215,16.63491338837543,20.594702774953713,0.30430912519564407,68.74600837458952,0.0016649070458401116
110.46508278328028,1.4762538952653517,8.668747839798788,22.529610978788394,0.253253563551951,64.5684242916546,0.0017540267942573666
224.0014272302229,1.26550684538035,2.468621377160278,21.385582370674904,1.682567147571505,909.9180274692418,0.001552613774270107
238.25712868387453,1.2715263009024695,2.963087939867871,20.600572731758742,1.8912807847636102,701.3821999244984,0.0015621984797549481
235.31136861500096,1.526144015314642,2.0047230543316767,23.467488922275106,1.5429801705607558,449.216365738117,0.0017058745371451012
242.2776428581557,1.29582271377173,4.000232090687312,29.908860581535563,0.6180660149599667,40.54183367413619,0.0015068833872257865
110.41674887152058,1.9086719020850262,13.463507600416571,17.017587955818048,0.1489902397070893,6.534885865569363,0.0017859780681977187
232.19979158264604,0.9939367850051625,11.732356803147196,29.588203452360023,0.10160526900907724,2.3494113457106116,0.0015846116544821075
224.64579667487703,1.000784452191397,13.353676749087015,27.66103017219911,0.43980253343958486,5.93092024228829,0.0016998899861356996
128.9514460471916,0.8672739685211148,17.47488613686533,19.556459760165477,1.038794566802109,0.4505611379403295,0.0015935115953426477
179.44516401379659,0.9181784377192287,14.443671744710299,22.621952343857835,0.25551819925281943,0.711573684750795,0.0016107735943310568
238.29477944528344,1.2413682478711319,9.777005420378485,27.739703721541282,0.1501765032800855,0.2500996572977742,0.0017478525947567294
92.14579620747685,1.4055154304989446,8.589937671249444,27.54730645664648,0.008244228957711857,4.017348426800493,0.0015387912412633729
237.13565164458606,1.2894180867721061,6.216795817891181,23.315128467525863,1.8293654107127093,961.9316228746995,0.001779621630827652
193.06386837359648,1.401130612111604,9.781940336719154,25.268253349116467,0.07657736497438193,117.69362913217182,0.001778318743659003
155.21667836373265,1.1957081089963488,2.132527211631099,22.775585707682357,2.4646016527614134,129.37276313926068,0.0016043933257222421
165.92354266638128,1.3265312939317224,3.4211903496168388,18.569313362531627,1.6166682885899217,139.9350885442532,0.001680225457414694
160.26394144137552,1.4653970682674506,0.9084401345091049,36.144768528898666,0.6290016652331301,469.13475948852954,0.001694485869073941
181.77667164254345,1.1690599722328452,1.0796950108372798,34.88336385652919,0.32358668622720055,800.7092830029674,0.0015287548446019205
162.1620476848085,1.5261686671638117,2.152744289815135,26.039654780670393,0.7100711391349083,163.5257890960826,0.0016577446691843011
159.02697111688644,1.3665255403087337,3.2072013666233,25.16927329890601,0.6100111350793043,161.64210890662605,0.0016808224455680716
165.7458745104816,1.4581482811295223,2.8426717817673826,21.91568683021984,0.7095814233925941,83.39784315493345,0.0014959713936335919
239.84289596222686,0.8690600819571352,10.916395383760017,21.515086596739692,0.7849985634204039,321.72932399783656,0.0014407736532132615
185.90421869344962,1.0740398482584885,11.95330257676658,18.8692191742401,1.1479566221071527,717.8843486182137,0.001696782966430234
194.32795814611598,1.3867594121096891,3.2912311358641615,27.594214894052268,0.1906914751708829,172.5150055293964,0.0016345115055163859
144.89808833141893,1.100777512288971,3.054517445951057,36.62137549143724,0.007787902688520504,109.13483937613638,0.0014757948947378618
171.0047708277223,1.5322954973892933,6.37739853442408,27.712091885458545,0.024913700145930157,44.15491325107868,0.0016044854552067873
173.12754951133599,1.7187900228367607,2.5151659934828046,25.951725420146715,0.8148176025815428,12.257146706766006,0.0016711477031037148
143.484240511122,0.8090992763955098,14.544549923342927,21.407990363212328,1.4664084596335212,930.158435898146,0.0016574763851036891
165.01173293814793,1.610601911958259,10.525341767221798,22.963445375735883,0.8112401614247433,36.58290935322054,0.0014232698223264925
217.4190156165043,0.5558394078323684,18.912499050294038,19.976532137142698,0.13258756373434433,1025.2472199258525,0.0016027840221789302
237.6575158734399,0.9458728512951432,10.237283538084071,20.947537389298123,0.24605741537418768,404.00868848228305,0.0015144243636907744
85.72490323013727,1.8250478341268312,3.1539198221700393,20.627496314271163,0.44532980510188225,94.06534832208744,0.0015199195495446635
229.56725164563483,1.694954073084503,2.114679715277824,30.329000163277556,0.5595731935524862,847.0189911358585,0.0015490257525787778
212.44611212358424,1.7212897489923882,1.1027965271159206,30.03672232665184,2.0253172316441552,123.04890225152305,0.0014541264280436856
158.78385856743247,1.7313016052589518,1.2152445175172177,31.60989400170605,0.593672507117556,189.71946284325688,0.0015832860488620992
205.02911935241104,1.3045762762369748,7.422556298694285,21.277357033971846,0.6820911066681494,745.4829885092543,0.0016261224506424032
235.46633529439984,1.4496093810416402,6.090541339482353,24.489773872163067,0.5657531241206208,365.93494851237347,0.0015595521268888678
73.5527851175972,0.6611923224644435,11.250254674459201,15.868782721334158,2.0165081218465297,277.6297382064866,0.0015998043425625623
233.58313414412396,1.4645835606080577,6.294387384401009,28.702396708464562,0.607433834542796,172.69312134381423,0.0016734803718181672
109.32127502057945,0.9333825249697175,6.0227038984681665,18.986087473760946,0.15091195005901092,200.69108720204224,0.001694466382952795
223.79447815384773,1.1284724822350707,12.560442700271107,24.68037145230194,1.1951625056336819,221.44843848250923,0.0016719380167561184
170.00050087615472,0.3815452293949887,19.821218814098412,24.52531044578568,0.033137590755527,893.6933699664072,0.0016465581258856543
111.08043002076438,1.3045375038995155,10.976187361961745,20.79854663127097,0.5412913791930817,97.0851152025029,0.001610124104254623
239.2978976627201,1.766984988601677,1.300669272659841,29.876224656303087,1.2502758024151246,214.89046571094926,0.0016665141211907786
143.68785385358584,1.7733724347283724,0.6025894989302044,35.69429554733693,0.826767946677064,1002.8820264318773,0.00181825771961164
198.76844134833124,1.389021493510296,0.6882704995023414,34.64408746033638,2.646704109238245,447.2577985055688,0.0017471682338493144
132.79362975694085,1.46396335724387,0.9783019478436816,29.937727462572024,0.21326339648417147,706.7392177384088,0.0015987151797824835
223.33378484200378,1.1598802566648323,25.875882447980104,17.082993124747865,0.49234692691644166,89.97323199873193,0.0017058504828673477
188.1525706725095,1.3841567458940407,16.962224494857935,18.29500174940776,1.1365804306200216,94.59776442588833,0.0018775332746836153
187.75242835397518,1.019988627556935,19.703199361690796,19.343551013866538,1.2414243447581232,266.49464189680083,0.001870725923252021
212.21438695154635,1.0084167908513406,6.113198354490353,26.52386249369415,0.19687084406976502,214.46693315385934,0.0014779626459988666
207.1770816635761,1.1267994245966213,4.151883692001389,27.756611955489532,0.23792063515841735,247.63359734638726,0.001510217700529463
215.20585372869024,1.2571736083128384,2.6745019185982812,28.0077606094747,0.33548234415502165,285.0103751349173,0.001527017661648812
83.53089123967573,1.0301934995682405,6.378202638972674,19.641299638267345,0.9592260897769206,197.17150998720598,0.0016506396108233539
174.10849549780676,0.7125254551844965,16.872161328309474,20.061609729512377,1.0368129919301672,200.0429148875261,0.0015234576127247774
154.96024832326904,1.4421825739465397,13.715052675721436,18.78546101928134,0.5139416718227516,330.7886900048748,0.0016157098028240374
188.569220220706,1.9214470076366903,1.08838283919872,27.611493267568875,1.8852256332463388,357.5977839979345,0.0016622836773520673
202.06522556235234,1.9647284241163927,1.8219013194558327,32.07209982545904,0.3131528692055204,343.53638001363703,0.0016432744543026672
162.91173869426098,0.9330641355272009,11.39273118753331,17.990516798047484,0.773183340028304,224.98788750320054,0.0016452470188451202
183.1344847727442,0.9080926526879033,13.854606411649273,21.813487795475133,1.3874167007796805,251.78060037760048,0.0017297489366842568
180.38918026436616,0.7985559193477259,11.890291848552003,21.093606355878332,0.5012595941804128,284.89622569186446,0.0016372316468791183
199.71966180720662,0.8500721425088934,12.980346251853629,19.91303803786864,0.708264399961839,358.44439693403393,0.0016648961248200607
155.34542201434803,0.9861768908263521,28.75886347484412,22.328678142556388,0.2930955026668104,516.308197173437,0.001747006452231674
183.03938736358268,1.4714669435314538,1.4477842014665974,21.400039508505355,1.9546171625323667,54.09819961775914,0.0016316952769902247
135.11012260947066,0.7708411351175958,11.15893504550466,23.208865009631786,0.21621728848114793,336.9724541866974,0.0016542149988072277
209.66501782810002,1.7911313281326537,21.114483923030605,20.230175452441788,1.9331704180887488,426.5986582957698,0.001706590904787667
130.9220903221225,1.5220496225829545,8.745184318753706,24.970964827469857,0.03891114809375913,3.397410567104476,0.0015205628635949835
196.51526772262878,1.0879679004448273,11.567232935629242,21.034681541663687,0.4496430624293281,347.64370531942996,0.0015111432925632943
195.43030552807733,0.7971137987746306,9.077163122049187,21.317848853324318,1.2654884179284025,187.97295080675792,0.0016429105535682796
197.92325627252427,1.8287867560207076,2.4109496567997626,26.293463573061175,1.2248419107244093,482.2272787008841,0.0016299298813709476
237.6498267638807,1.9054482938683304,1.0680618474079357,28.209871369087576,0.7572328491201147,682.1082707546537,0.0014911927099131893
185.48862975182269,0.7014748053432265,10.976502111881933,24.125223426689082,0.33114444071062343,107.02553699624886,0.0019672902129998287
189.60447946181577,1.560361842305554,0.9672771987251267,31.49461300385653,0.7488564080777358,886.3374392189953,0.0016822146053397235
205.31340548540345,1.5521861627611482,1.455964697537967,29.84392046905511,0.7619866332529456,343.14765992202746,0.0016776675588959377
238.18071909587226,1.57015943334417,0.9583492658651447,35.2273159013558,0.9564304928449384,656.1570628994924,0.0015167803356094954
120.99449534597085,0.746929958065711,13.07444538093657,16.984138125227183,1.2177114781253378,219.82409457358347,0.0019198809377881777
190.27302215217682,0.9917762730277723,14.889222506765517,20.90998809822657,1.3103680797622508,720.3519169553531,0.001601075704453251
162.69965162821887,1.7559645842218565,3.4395811208660967,23.786857770623538,0.7657741028575585,66.05314493871961,0.001674023564676122
228.76448001730935,0.5683620212359133,16.57901587347904,22.236573856286427,0.3163921160851067,708.8381091683074,0.001756407470983975
203.47488657500764,0.9523744069379452,16.9025206450859,23.779193619441337,0.054356536006338795,178.3502832369009,0.0018574653088316423
166.7197462145593,1.065840377602181,10.161234527999731,23.736762798616887,0.06801334725608035,503.4806234628685,0.0014310508789539787
213.16443190676594,0.9374136458326568,9.642133694545599,19.32304373130471,0.3490922596087583,264.31872761955566,0.0015800781157395331
177.4622403332083,1.0551601729102758,11.188002030653198,25.33847572269472,0.9133922295120867,529.9545932266153,0.0016497412041412472
213.04162611914163,1.9885259362979413,5.686596097202943,21.09747322453777,1.3493726218546442,150.237088184965,0.0016337269689750277
210.61091134513958,1.983011321921398,2.9095424607736082,24.726640419285133,0.48049183839009263,830.2986449241774,0.0017565922334071143
207.8220410725747,1.9676647251822528,2.645265865783629,21.07940735268011,1.024944779460061,65.98449860081509,0.0014714199851588584
187.4048298437457,1.9011235884723323,1.4986056679693474,25.992960356595596,0.55570776382038,1045.9391932930423,0.001711926857153508
187.60011857246315,1.8938330178288596,1.925549820115077,25.048221088557796,0.5497086914549956,844.060367206295,0.001719072659932082
135.96480013847642,1.9146026138229582,0.8391374770418172,31.2694796361898,0.8448714305716092,258.2899915320195,0.0016146977092120543
211.38324197589495,0.7472189529751334,2.9781815915922305,29.463673748973736,0.9201963887742702,520.3266301715691,0.001606969255600164
143.24840516405087,1.8047459621474495,2.389457981656517,23.373481695279146,0.44507769306869127,304.9064989960289,0.00151502994519418
241.69761035570164,1.7559397137484092,3.029983809620774,25.602471629059107,0.989074484717884,161.37982643469428,0.0014321664815016761
82.8637928575332,0.5493049846482392,6.128427923382644,21.423855355389943,0.25819357717563923,563.2389379177927,0.0018294657106469865
94.64129977834114,0.5855682551120881,11.240031988314886,20.24996030111228,0.34599499831188407,580.9149845507742,0.0018989840426163068
242.07307089246893,0.8763088968513096,30.567770586829006,22.158303132072728,0.12070631389615195,390.29033684009636,0.0015208539133080212
61.77700967140404,1.2717789272167004,0.568395190007307,23.13725612431539,2.380245139451662,376.84273990674365,0.0016393158067121191
57.76074286794903,0.9442779522692658,1.820235372932659,24.29176963564376,0.45706820803206133,705.293581717912,0.0016452043395850993
244.7968726428804,1.1241203597983687,33.82379621058259,19.962714616658307,0.5521792819840413,484.81564541745803,0.001715759600510045
94.66803444409419,1.3031404370800455,0.7175507457195437,23.120843728980873,1.631979991442667,267.36425159968763,0.0016122615611527692
236.0874844907242,0.9825319278298114,10.716480655577069,27.04330638412976,0.36833806093100524,652.5198395109709,0.0016722385890361002
194.57327222591758,1.244789658504034,1.3613253148085547,30.777595696724802,0.3864370371881502,343.58939187366224,0.001701668244073314
195.60809559409262,1.2600439185533188,2.9227451355725216,28.189385696708793,0.7341772869071683,628.8069395407507,0.0017047989453898235
179.2316302140098,1.235159003573124,2.7917309155162986,27.81002818910641,2.6774184257867004,709.6866537749362,0.0016631505759691976
129.2215730081355,1.2262477679716703,3.614332672446484,33.49492440194773,0.001662148187362041,88.21653485312466,0.0015454348526650575
196.1247264812223,1.3051707289873486,11.666521774878376,21.308836561303053,0.0008888377853919125,77.69707200009253,0.001611814942361729
100.58565199877182,1.1593452376505988,0.942775456660173,30.168265703600284,0.015662407913829137,956.535697479209,0.0017360844978852085
193.53994691841604,1.4366809089340662,4.60415267109756,30.736106093137828,0.02270822644524804,96.11657057459644,0.0016441300955814025
226.9211233125546,0.7363435555308514,5.616396946347396,24.800441520028247,2.680618188888959,119.07255648430925,0.0017324181258046155
231.97509934197572,0.556836038041768,6.120527727227796,23.902057808757302,1.6278779939089318,78.4622494831387,0.0018037490882767627
224.6541526986206,1.0868447585168957,3.3527592181950934,24.55158589485405,2.2787372107627624,74.73993135877372,0.0018784942121245595
237.0285914026244,0.8979598714670827,16.302067000692368,17.50571017129069,0.13686062478481698,593.371447535618,0.0018527403419882724
70.22380319132286,1.5575527165468097,0.816547209909346,29.564262045349857,0.17737707413012566,101.75395037728686,0.0014403866894968755
247.79157264851312,1.9157912013691412,1.9337018539623214,23.79739037415575,1.3181257368647883,272.4917088257831,0.0016924032813439187
51.54983203529076,0.45013381383514195,12.50820955729382,23.670520391616773,0.7639642454845742,296.1177474641556,0.001529447072121566
213.8156353649751,0.7944771753467574,22.390109552285516,17.381216283353034,0.7607857671997118,36.50272934840359,0.0016968166901891331
101.27888589312245,1.6686475963190581,0.4234017111481733,30.054139873266724,1.982891410607596,2.737804922952276,0.0015066044379874776
218.5779667549485,1.4620718729822237,5.490880351561036,24.662085901677287,0.37773988032385325,2.8855767146254476,0.0017390004784283452
132.89020516311217,1.1139878445248443,0.8065176659356325,31.79553693054348,0.8207977262127094,875.8358432772341,0.001504966303739807
160.34194732097714,1.3339235160496328,1.8148138296826501,26.36902650636119,0.6998821330020903,178.6696018300642,0.0016814297202600473
132.38015812677338,1.3646263729574812,1.3604106060699668,26.34638737101498,1.5082769920460988,332.78977997123684,0.0016351163136850981
136.291026262659,1.3161592379328588,3.154163473765771,22.637177987059008,0.7918755326845698,931.4594883744327,0.001692304710667171
233.69959774186074,0.9250058178908518,12.911911844611021,21.19325255828588,0.6052055817592298,30.395549809582807,0.001549278033825773
243.98853514465247,0.823493496618587,15.092413146008079,20.693365496520393,0.4745513378012753,11.472286262860338,0.0014960402553824746
110.59836011555785,1.6679774781542083,1.0409990189357057,22.95231047651182,1.4787024193434848,25.253261845158914,0.0016181372836472883
175.09199869919664,1.4852398187495692,2.0729705467573076,23.71944513468884,1.4039448747625476,60.542066376357965,0.0016443536429163275
134.40565051386758,1.2835024410734321,1.5877545674118612,23.292182297428635,1.1560901954778888,170.6693060940694,0.0015291352074198157
99.72559197247656,1.2232293055313803,1.498048247887994,24.452241242950205,0.9675097077013735,134.6426919233507,0.0017749802353067743
206.06162380488277,1.0351524332840376,23.9189239061218,21.328119011840947,1.0586569954357923,412.82868677408413,0.0016058262830034714
171.27157280134472,0.4657773429947412,39.87116665807955,21.633512559700026,0.6715341821269728,242.4189389017762,0.0014770357341515215
166.8477485719242,0.44327851668174495,38.73701565210358,21.797798987090513,0.8976670987700192,363.233209833594,0.0015631436722865868
178.58648381770647,0.5341979689205172,35.016575424563726,20.142587147946234,1.4949928494497657,330.32776449046156,0.0015377224078857595
143.20607642713463,0.7507512356297715,18.308762050248664,22.12237848084233,0.5035206881618276,280.74347685828167,0.0017529563726867978
172.1155233246535,1.2106243381466046,14.736090254036279,22.688376923085553,1.087233506502991,141.90177347607917,0.0018650362150086331
113.25109291797096,0.7247787134063274,7.3237650079190875,27.417507416003566,0.9410913017196686,498.9717014105241,0.0019219858512660034
101.09583072668856,1.269340422356411,2.8467719439176244,29.07361059921055,0.744146506652734,239.73009918171755,0.0019686407972288582
169.31664983778236,0.8417361501651062,15.612510576363936,17.65543960004784,0.6089931032142573,682.7370594052272,0.0015161585332216336
100.45213871281625,0.933360129570363,9.238619002707464,27.266075063584374,0.08789238238936141,88.934536335752,0.0017523090552931636
236.54666880493426,1.1772452821562915,14.415445616993741,20.087233246046296,0.34547433651486503,83.53351757785444,0.0017770995592505143
93.2970250937383,0.5859362577334204,6.1027171306237875,25.56723259921665,1.0576367872559913,1008.2994006484645,0.0018156028154128806
69.178168631046,0.9590657542578369,17.72550503834018,20.951318404777968,0.07605589828233736,101.68772954014871,0.0018109128647249898
230.2988183110053,0.751062622654658,9.49156636220069,27.58394170742047,1.349120433966224,713.3895444467372,0.0017096570844488137
218.18830289764855,0.716033459466658,16.274962564648433,24.57086468815032,0.5116249447616802,573.499473224877,0.0015984474772226228
236.5330863235515,1.2501197669491881,13.545840206119289,18.211119246194343,1.4334223361378335,93.40659399130013,0.0015317247205908608
193.40321224458862,0.8603623480073043,25.025435261702583,23.564662557227425,0.44673945594754083,955.5227914053347,0.001714054877520173
134.1403731906596,1.4536127306036615,14.225123463909798,17.465908150317148,0.6125833207653756,8.445800300745493,0.0017602242282205819
233.3917794870457,1.1673071349353064,3.675833960228762,28.70644971303105,1.0201845462510348,35.68954110339299,0.0015789351582637997
247.12346393707836,1.0081382579130327,6.4400060587433385,27.94398574856726,0.6484789451149494,93.0570141597173,0.0016234038735509885
97.33035931143286,1.142555505815616,7.940523648087183,19.745697325251754,0.6988762495969038,516.1404041671472,0.0016773931388612369
223.637082430749,0.7729847158794738,26.369142477621704,22.80852906586214,0.9935850667304812,249.22855184465203,0.0015970149114915534
130.52811923600675,1.417404259298455,1.7490766073051704,24.983905138869265,0.05071107628556455,669.4343244687379,0.0016360713092690405
190.783037189386,1.0566146153458442,5.558314401321705,23.025699033304466,0.23910908126577668,498.5553782812266,0.00171482512983512
182.28843335107604,1.0294371107348057,25.378539196225763,19.744703988568638,1.0248003665150696,105.26181150272237,0.001605041717465359
175.45095281565622,1.2107242881614633,3.2562731285013498,20.838116450244208,1.1156203147642105,585.45921187308,0.0015680057001500986
190.53189014405086,1.3231789622851005,4.686451875118078,22.619608389971535,0.6737120367430168,168.01083851392113,0.0014165502270594463
139.79736492700644,0.6999660523628157,20.553482975178,19.18789088776685,0.8418545343015656,180.30903396782756,0.0017913930899203048
71.42349986105683,1.4023434420380734,3.4061697105197437,19.868244380638473,0.28109214325573717,66.96454128949652,0.0014825547831033748
175.3772785636087,0.25461534186815943,18.26813426317115,33.32424623896742,1.953319352241696,371.9678284348318,0.001914594860605041
180.45484790354277,0.6979399517145861,24.479273802679955,21.51007546619075,0.15341945214955796,650.0165255283302,0.001670654750343776
215.62076112138578,1.3153382353352063,20.35201781351897,25.62858808117709,0.5233921410064638,163.8587192024952,0.0017183766133867392
81.13908936893446,1.4623016287848964,2.563429672942342,19.26034103408896,2.1259930537869938,627.5527894372628,0.0016019625745246065
191.7200646107807,1.4411262710822454,4.769458123680819,26.44163564991217,0.35307493368803466,264.6645909286201,0.0016314057041629069
241.58297224282822,1.2001284839675275,2.886578394974361,25.60902672052213,0.5450720834017816,247.8500576972885,0.0015489630531994678
119.02531151383606,1.5714108658853458,1.280398103596036,31.60341760219557,0.3657441353540331,248.66761315788435,0.0016545573193219227
179.38173474459006,1.0960367257827472,4.597171308679166,22.676540267094143,0.24758133034264165,555.1867811665733,0.0017069961389124017
187.98583676837143,1.108239036544119,2.009983594974544,25.028775734485343,0.41669860886975274,807.3279689092057,0.0015993996631687105
159.5905001660055,0.8297005039564022,15.096849065564347,19.343798169228567,1.6851031869416953,212.73531124681546,0.001789558780326167
215.74861558818756,1.3082590242727332,15.854104153207333,22.357919749323973,0.22968541843993057,113.77344036641756,0.001499288518610974
173.40697730327815,0.9393479446980311,8.868344745650772,18.86583176762329,0.47800451632337815,104.48772775873361,0.0017472427114493152
170.89516262465733,1.2246633403745448,24.331956131299716,23.499119935747604,0.30888266781953005,380.1748572071612,0.0015132292618423296
204.41862101004037,0.6362596224558398,28.49987672374834,22.118313640686655,1.9450166419070987,805.145098508468,0.0018852241390903699
89.95388200117854,0.6163763582371984,32.72345747284668,25.38897865792695,0.3171724306861685,325.4536319129565,0.0016877097258863188
99.13999094507058,0.7078094662440557,21.949280897337424,16.74996712511083,1.8754607741573106,563.9283426892787,0.00166455430471896
105.9405922555616,0.5646913514870375,26.25984406296924,16.51729718040087,0.9983438973292438,294.4357122527611,0.0016044335398717614
228.52094281638358,1.303813538797094,11.571103135381982,25.47635744569017,0.07467528090838524,449.0619135936817,0.0017313343182036585
188.92631431895987,1.0530022536628938,5.6979916169235985,25.331359936261514,0.1756323713075459,299.35279446662616,0.0016553796504566068
249.43556424125578,1.075579910218897,4.720271353214852,25.358441667164193,0.32475646958848814,562.1848441262508,0.0013910181402029434
249.61840915839088,1.3130291725066376,1.2957028699185504,29.391032043823007,1.471801250769111,352.18316150182807,0.0012980849984003929
111.32587635225745,1.2059192827898912,21.463887399955883,23.427987978250247,0.006844635397984395,13.165353674391627,0.00196317389572752
156.07906417077936,1.0882230282906036,6.582494456911589,24.118127072046132,0.05669749123069996,76.50577040783254,0.0016293256481762519
147.64361045879232,1.2294790335740977,16.08341345796957,19.819197893689534,0.3358552745607376,187.47930305817877,0.0015426216395346068
185.60710808730659,1.2772926568967298,17.95529020108942,21.22680801622212,0.8787947875521451,529.0755890462325,0.001560373102662143
205.9987575791077,0.5809975102867687,16.388480896021235,23.550616117136084,0.081673796009694,106.37646877966644,0.0017705854878827627
184.8096971813308,1.3143546224958738,5.171123721830962,27.272913248171125,0.1814942514339999,64.24073889768313,0.0017638652333164708
238.34853304651887,1.299264029572975,13.032727789187746,23.68466593222173,0.3119806405041974,47.35285581027651,0.0016394850907507123
119.50619618345488,0.6782978699694238,14.231820976300869,20.27656877801308,1.0860385100564491,982.0854317160813,0.0017404253978145978
214.98280662141735,1.3132186183420689,10.246449650319365,24.195993467414468,0.5857633668296968,65.08274277395337,0.0016275108962613277
135.2453057981357,1.3959975839565304,17.827009032544264,18.933514344258032,0.6322044792201001,178.14827700108418,0.0017199938774392842
174.1502787129387,1.238130580558147,26.377361434556107,22.48049813383177,0.04151332052927658,230.5935040134405,0.0016100162916378358
160.1252843015793,1.6102904179477615,1.1796922047063176,21.83414998637601,1.6694836797211958,251.14090215720717,0.001598352245879623
205.7595192480656,0.8773094944875609,5.7148622816488786,25.503885124011777,0.18246214379745218,557.0987596962526,0.0018375108874031738
156.12148380068908,1.2107502481738104,5.774995354284812,25.48174857007102,0.11156654466665619,247.42549870831147,0.0014312133957061
218.4649953392596,1.5411111293231623,6.2586437796836965,22.750212490390787,0.08283978399844089,82.2056719954296,0.0015616796679652817
147.9151016348372,0.7461810223417016,16.090787009606366,23.956693809734688,0.8829774928917032,100.6969223310348,0.001689064957063335
175.9020463707912,1.1805086709738781,5.9645893821040215,24.093928959901234,0.23144623840932937,629.2980058674736,0.0017275867890941675
199.66886613291246,1.725791998097923,23.23067957030202,21.467574428176878,0.0851712753242949,234.5352083209204,0.0019087399401592551
222.27496224314643,1.5550804834128353,6.629653477922948,17.464643990685232,2.5906986268257732,139.4896773221064,0.001581292993750902
200.01535801099027,0.7854255078022815,7.521682720716351,22.2863588012858,0.24954448869472395,239.87722652882914,0.0014093552379234424
148.95763413043883,1.9336697913128833,15.905555622770823,23.989811828729618,1.7756393754813982,546.9661428657538,0.0020022642035830047
177.42827427712632,1.2832976781132854,14.334365463850201,17.191207832005578,0.13010676291699053,152.9594675802664,0.0014568377829947874
201.27820262787347,1.1402730027256347,5.99180845208113,24.350959196804478,0.7137646193762429,59.7944845914628,0.001656254588290463
209.90978634048042,1.189174987848997,4.585799708437328,26.006517142192614,0.7917291409684786,73.96030177104726,0.0016515839500227333
179.51600130362118,0.9208520996518683,13.211945960066963,23.462588319621478,0.37908009676814214,296.5974706282901,0.0017408427967246188
182.1997541069124,1.4709592641319336,9.449099027435453,19.484998514584376,1.177244747097368,84.75250845435328,0.0014993162671689405
138.15807939748237,1.0308295685115858,21.329527062309833,14.397671821888837,1.6449988181235127,26.298814965108722,0.0015330049983511842
214.24415982054606,0.8082033242730328,10.930599998101705,30.27727332857935,0.046013366908366694,380.3206794921897,0.0018075692249146028
114.38365154116855,1.086797580883972,13.899348513458953,20.03323898254055,0.028180226205962892,226.4941992930706,0.0016832516039989526
227.83009628443952,1.7128419558695394,20.25742991593861,20.61497445163006,1.4149027841920008,19.0397807081482,0.0015220509382054513
242.30482973678494,1.5279719879356606,22.472053700234206,25.059327156224615,0.8230625714394045,5.93557345831838,0.0015616351659460915
229.08248443580183,1.750321681720629,14.915348544177053,18.144191698152543,0.08360503792586126,23.01088091352331,0.0015981693319456194
108.09093951656628,0.18765442440200186,25.14606227216157,22.192599102750886,1.3863358743321272,928.9107841526908,0.0018035751868105583
79.30144658514334,1.054353493009849,31.846989558569927,17.018365337631458,1.8076827479247124,403.0847082774707,0.0016189750859473215
198.22183025291022,1.3475685763060488,25.6718718463196,22.939939276771916,0.22935334964613532,538.6169307075978,0.001490160718806034
170.06313839589373,1.4226871938914212,21.715207698932893,23.55083903743748,0.25207279874296473,357.2894672188883,0.0015396832972937053
138.88547593969514,0.8783799410415193,25.4250482827246,19.2224850197603,2.1560213577690455,524.7637604062309,0.001678729765125597
107.22661623987565,0.963060482683965,27.86394819595891,17.981083377368645,2.03384814287146,546.1542729453807,0.001679755937206119
108.92671682973261,0.9411843073044318,27.89288906252522,18.75884583521655,2.2588204117206123,609.2346803264459,0.0017733744254317574
79.30229383558117,1.204342880538678,19.696826612253844,21.7137461540922,0.48000557881776756,599.5366516754437,0.0017532266658030575
247.91540525753229,1.7093394558134825,2.5688026279143745,29.125237952060452,0.35739447057977214,148.7617938168936,0.0014976582827706305
112.76638212881446,0.9542874688507629,1.8149630622469923,27.414436245930492,1.1477685845597527,68.63137740838718,0.0017686638433386617
224.3114689746435,1.787997587431632,2.912098415362364,23.32158873739548,0.5366810137216671,319.2205630044257,0.0014881049591397304
137.70649971281617,1.7321272936691483,2.0422963725335133,22.887834077238182,1.6156518518045906,688.8810626845091,0.0017565189573665735
193.63855807495517,1.7822631311062866,1.8600981217227985,22.969715019780732,1.1423712602699898,423.8123219318008,0.0016618701947403998
238.98898180791463,1.3713384795328272,18.20701286922601,18.05719076971597,1.2187499924993594,341.8798335112473,0.0017507760943739005
131.51106919566135,1.1056606016580057,1.5758796861518745,31.569423207720366,0.467157706429773,200.38784042552498,0.0015292538452823137
183.36301475387214,1.2857863824755489,5.215556418439864,24.28025282917979,0.35769437255505643,71.22706852672829,0.0015702029172289269
159.83111082768917,1.244014531940232,1.4327143359426342,26.450255667633986,0.7408481114854583,865.3544628710455,0.001667790556261284
119.3459392205335,1.14847800806258,0.861643722907983,30.42946863003385,1.1141224382012271,411.7163589757017,0.001657989461321029
157.56392521518524,1.4030861985268557,0.964005925411278,29.853915432777846,1.6487793735637506,154.50095675727374,0.0016460442559391576
187.28829304818316,1.4282474238931826,13.161181883297242,22.223678349817526,0.07700714384843907,54.98609184751975,0.0016863538233349348
176.9941625475662,1.3043700779752097,5.809640477963102,25.424848705311504,0.3607022813594308,203.57298273211867,0.0015298468540939805
191.2544554923865,0.9545992565265273,6.00033476722399,19.843015241894296,1.1038887786870832,348.65074564954836,0.0017703328865879629
225.47208569440951,0.8873835946376587,7.63530017747776,17.746187785855117,0.9150347237978123,755.6782773664517,0.0017297472491503566
100.30120012006675,1.6876565778519748,0.8816926110982674,32.23745559928765,0.459197794893024,91.80226783515874,0.001421458324534424
83.61785453725716,1.3122583324955268,0.9587693893803505,32.07591390600115,0.3175866344946651,99.64087082120757,0.0013352634278509254
105.57763661663101,0.7673383574709653,2.084670779807709,28.78822088974322,1.0485305690525608,118.06267360572761,0.0013528534803520468
162.86147253573841,1.5603981770913724,1.6668359356998255,27.099578344297722,1.435146497224158,13.590528325540953,0.0014803790536748226
158.15790118494013,1.5537219648460001,1.649962447757384,24.48198674571973,1.364823463058624,16.345270097219252,0.0014863576866194239
224.3783183569877,1.8643364482843048,13.712530872527406,20.519069169979907,0.49401559284457136,1056.3750307053867,0.0017421771697787704
98.21430725930209,1.3876116480232572,11.073844905249242,17.357847019560175,0.3468875670929718,68.21907834450282,0.0016467983669857852
230.86866708555652,1.2389591122351564,4.484563435348859,24.430386980195568,0.5062806308633675,50.395058108633144,0.0015371516477677891
211.72371058503634,0.9746171616977021,5.861623183189627,21.516545227298124,2.3735757460053506,128.99365193313213,0.0014389137347263666
239.68902560683455,1.6387198886271672,11.034906506555272,24.827217944741864,0.0772526669705195,10.578271012241927,0.0016850463344081747
208.39079782954323,0.9945468969552619,4.201959005994529,24.19150191209745,1.9204455588229146,1536.4426895680365,0.001715781177476403
143.36118514961262,1.4185454912260054,4.528239856417341,24.584785615655534,0.2909364829218536,173.76209785807757,0.0017018728083124507
179.408377023232,1.0880904300359586,1.5543854014764558,22.467778313845987,2.2986601294284297,660.6443793626496,0.0017079024178619498
182.6483131979594,1.5651186849340697,2.355729149517374,29.657434730746857,0.13306214389804188,121.15277613735014,0.0014960735932070513
67.55566317439964,1.0633287032474255,0.6967071117830154,23.278517388287135,1.7167755343248507,270.87105618855367,0.0018615975737833383
125.2453285999081,1.0295961984135598,5.706923777633587,20.632285258625448,0.7227514615307735,111.44356465584612,0.0017067691521082775
202.18356282318223,1.0087271403880052,12.142001059634884,20.220943347904043,1.2746529422428443,219.65608262025518,0.0016642897597927283
182.89044992542514,1.5095747462298632,6.575697847175581,24.838878881153104,0.09014112862516915,86.99241993627665,0.0018027028636069698
201.4515015029793,1.1843938798817875,13.443849467479547,19.88028740248414,0.13450600449245773,90.25334910661202,0.0018000795402080406
239.0892612902227,1.0793190337724659,10.906217846316702,27.76211821285571,0.063554895567469,39.11919679404379,0.0016982630255084794
246.45292730621358,1.7042240588153887,13.46644455473811,25.850562348143765,0.03551865194834251,45.076650159005084,0.0014912847004036197
120.13047201207202,1.5679449936071757,23.321964657561615,22.895050869517018,0.010232108472861651,1.5991265763671838,0.0017162371126744698
115.20049408248227,1.0655320145787062,13.411335799858861,24.82018898314931,0.011578351869782486,1.8939021745615991,0.0015810614576110698
80.59765768191407,0.9855577443593214,2.9788924369344554,32.98826224627401,0.07837289051659684,1.4824694236963483,0.0015115592456356167
242.34147997270463,1.5930083506695094,4.608943365208737,17.97283516139219,2.1903919482355803,28.27517858622769,0.0016931394632840552
145.84854540368596,1.6810492057516122,2.964231015771775,29.401223847258105,0.09603103683868959,342.22259070904147,0.0014779948847561508
189.32205046491418,0.60359594733852,18.563499908218056,16.4632635453563,1.8317848261189607,458.99796109284995,0.0016975468549219423
207.80002435648254,1.2163100353321268,15.844707690531134,15.72826652979887,1.7631792998294635,402.10840508047374,0.001707017121901314
130.67546653484524,1.2540703444994814,0.857962410813831,37.73649914996522,0.4048051481240859,339.5064787522927,0.0016275139970817216
194.6948424443806,1.2102034216030526,3.3046122960952045,21.110331882849994,1.1549871998388088,161.30844462199505,0.0015927875186407976
213.98047045325086,1.6449746220585681,23.97769714305847,15.166053429807777,1.3243922075662014,29.062167028242094,0.0018612261811471213
161.55457731768303,1.7470328591992808,14.822673844255396,15.907948900539374,0.8357891395931943,37.2774620687714,0.001715074126528699
160.05408237141884,0.8215847250499129,3.6402290816339917,35.17717942310354,0.18274754000268134,271.8972565570623,0.0016518806194667176
176.38459094443306,1.6350431475687313,0.8893478846563783,40.3293670763606,0.012323262333572478,578.2610011468897,0.0015350542859421607
142.1650323996877,1.3321785964144914,3.108917014031583,29.678929526799845,0.04420885932991939,214.5475835893752,0.0017304118931250351
143.5136825713365,1.2221648639496843,3.120901427873878,28.832605133415843,0.05882948786058932,268.5964596431575,0.0016936939878944707
213.55783763352628,0.9959748975810884,17.442379305968096,21.741275093044386,0.02693624267331511,29.758457666635604,0.0016287137797259355
138.54286882353384,1.5733892031065069,0.5020228947325318,33.17616611885002,2.2573898098677088,924.398084970116,0.001626068933037059
130.68340245796668,1.5634084228776346,0.4758734281702986,33.38426663030026,1.6863983818202415,531.3927360207699,0.0016620798912363058
210.090650970696,1.3602661165512075,4.602011335102599,22.549409257823715,0.42930135448617907,219.197929207872,0.0015617790369702397
204.01416410480556,1.2760053116461683,3.693294031636899,20.478821577718627,1.1808809890533178,378.05234117770357,0.0015789602920778768
98.07192011307161,1.2122857748550389,3.1523778844714556,22.55392169453821,1.1532592630188385,107.4966760086203,0.0016263924231339662
225.35982114935007,1.4309936647056687,6.587226490820407,21.694582255985313,0.6587429292474766,959.9902281756598,0.0016454690119253176
217.37598565558264,1.0611983606552366,3.055648903615792,25.031639225795566,1.1458505275277286,159.9751918412997,0.001480351354294183
130.28543496194337,1.3756093988479214,6.070082053297391,19.7964706173338,0.47358862273143265,331.61829168198926,0.0015646881227163747
157.01454939397178,0.994299760088228,7.596594025629715,21.527101001988196,0.8731282595936629,452.315994114608,0.0016411915325502022
169.6913536017631,1.1012049600159004,8.355177048687661,21.64445471945138,0.46888161056020844,406.76944626262485,0.0016302433944738984
202.24887025106057,1.732333552052539,3.855468314763767,23.23618114351926,0.298302416430021,219.56320682717882,0.0016193700729340427
159.69094726493037,0.5261867930916431,9.184576041898424,22.219611887387966,1.681230031064399,632.316060992493,0.001632422735163307
199.92256421504587,1.6330567420988786,15.968006302277402,22.152511233145358,0.14270213555146832,64.31809328880063,0.0016836730180336407
227.31325323402348,1.430305763348182,24.07131911306305,22.94958721665245,0.24306279813356138,48.93567466564044,0.0017353218025866698
241.88242513191466,1.4177646721077894,11.960432270810518,30.433491392430703,0.03511049277680227,102.4122151307,0.0014960072794913083
232.60713213737566,1.4119473251946035,3.582813169872738,26.273384043131163,0.03152363935026751,272.52868816072106,0.0015644147284738326
134.6729036134,0.8919865891419552,12.86752237749321,19.249597212622255,0.704408779493425,374.99123030187747,0.0016098398571027753
204.42549163074347,1.722502747198378,1.721688912349071,30.976389657648262,0.5206835788247991,140.72105704066655,0.001678335281104346
209.3356274850698,1.163753958090069,3.5565890642884277,30.17963897348151,0.12021574283438817,47.87174314532266,0.0015977637951907413
156.85915021555311,1.287139008740585,12.585551813071863,23.03521180205033,0.14372968066305208,45.01964209617359,0.0016319607543774056
240.78988612481595,0.8671279821524075,19.291276007509662,17.639452415630885,1.2901606283428055,644.0068021066411,0.0015833881040260185
235.38340852164967,1.1645726014023847,2.4176797735680973,29.683747209491944,0.5508871977075329,133.9627555379209,0.0017245573040153466
237.82725064694975,0.9273183651382664,14.629102151407533,26.137852381308804,0.14492871425577683,662.9021965633016,0.0017492927295725829
224.31890309648733,0.9688873622354482,11.1552297528931,24.65627265435916,0.24439404121745176,372.0001167060276,0.001573892556515984
204.36854679696214,0.41204562309548237,24.43739486990667,21.22079140010914,0.1073655460390017,576.2974138780959,0.001610551238664954
129.87210941727832,1.6978532253740308,15.692124796741242,25.46511603768824,0.1247807719043639,225.76789127093224,0.0016813984633511714
94.73047601335907,1.6727478108796305,21.75793133701634,20.151648005726017,0.9305472840669999,243.77344314934325,0.0018314867602866741
222.22019005209754,0.09336582801396884,17.18199078568928,26.80767047769158,1.0627792491659216,654.2951263648037,0.001626333579776225
242.30561966763295,0.11302281988680839,29.425410154005817,24.91264838462716,0.49154838208080975,745.3367262390326,0.0014901676609808334
57.88721866074042,0.18376281749180046,21.301057978527336,22.197441450731432,0.8524369017610403,169.54774683700447,0.0019887702215169462
228.55831589492664,1.0735333059903978,28.193224936029175,20.841319193662358,0.5487039162942519,629.9727789055148,0.0014510681295125327
182.90572695508664,1.2899940494657902,10.44444811409468,21.26349368815205,0.6404751458321196,146.59930664401608,0.0018083595630429543
178.80672587167754,1.1671172639363092,34.64059158695322,14.715010486476814,1.9746435182726536,72.15797153906787,0.0015747547911408818
118.58530358483549,1.604064132320375,14.929011974342224,19.176982008972054,1.141382930582392,197.40618129594662,0.0016034225282174908
225.4404783898922,1.6735457801700369,14.749865376684474,25.74606100467518,1.0257993226402513,418.00492818756163,0.0017449006405857261
219.12194758105895,1.4659937455423877,17.432011576530073,19.827409554820413,0.5134709085003656,542.9970414028404,0.0016525471450343494
242.14407608034904,1.007525022089905,18.008885747974798,18.906735997589507,1.0581513817618904,91.46056060902444,0.001578280705425979
137.89560990404334,1.690780645312539,1.2358746556736173,32.170914016746075,0.45251022418579046,42.179899706745644,0.0017823189574925017
215.03939086293272,1.463521884155158,3.5287911553969464,20.72875784625911,1.095101820762599,144.25199993524998,0.001435293533148046
197.14254516755688,1.5841099540082162,4.139051022636931,20.755409689458272,0.8365336306819966,652.3010094931273,0.0016745169188399052
164.50917671976453,1.9486448884546312,3.0386385319993408,31.229845605527625,0.05109984177377135,29.243568032581816,0.0015296329108277682
220.45227425897204,0.8431327645804612,3.2275735797314145,26.816042171587615,1.4997241667255148,133.57661847132616,0.0016473695999805376
123.63171388808179,1.7294414129707543,2.5594757213183685,24.311080122796607,0.18399347823608878,156.0719639814099,0.0015803136404187587
208.8693341771519,1.9521194038543883,2.296856808465655,24.415835287539615,1.074856537139281,279.765705781085,0.0015984872289396582
196.47035110017586,0.7016570614959302,3.2465532254610867,25.142391935125598,1.423263131817988,865.0971853075723,0.0016734676962917553
222.86894467029705,1.2509323353093096,5.688004703988477,22.45071021803836,1.0596538246035188,287.4239542718834,0.00165803599544952
224.6666293067811,1.228912545400222,9.70616643284613,21.639292852522225,0.9066372178838662,145.48832402306428,0.0018204743645242924
184.43964063588334,0.6844688656999192,19.146059615066957,21.627194955312863,0.873683188596894,873.3287076290762,0.001610667942741671
104.15017008799612,0.878768694929409,17.71769439792306,19.545932402399387,0.6050980173208484,95.87547830893381,0.0016148912384191922
203.58565420038363,1.1050598386148507,10.735472781647996,22.533816288984248,1.2126156563887212,675.4296617572295,0.0016058956761345422
54.93808815515857,0.46862652823799994,12.86714605155106,19.482554667529048,0.9652816970687953,276.939550304661,0.0018174011369086022
85.28978995118032,0.9259926872076689,7.301737148966117,17.261793589107985,1.5379218755379485,141.63519159716913,0.0017543837086840732
213.65693934547227,0.9698625957704698,9.949584416284438,23.90499664712597,0.5984666125565236,417.6780780722325,0.0017882700855622617
162.04546852451767,1.1634229246937204,8.996666692063458,21.221243533314556,0.8738086168401772,248.0845565865081,0.001649578123623928
150.08920309822156,0.7874151076224802,21.35890732479314,19.179385372925424,1.1861424240613185,527.4854896950429,0.001705170022239365
212.2823743544737,1.5374615059823342,20.81447472970993,18.995982875720735,0.4246658899482472,109.87000340212583,0.0016508912660202694
196.34413903446222,1.383192113170383,23.273389798731294,18.339148984241046,0.3162128744546578,85.32843895382008,0.0016016435766288168
240.37172580911493,1.689595937092777,4.7763079145065435,25.273447112212633,0.34901608180134924,49.08645488970241,0.0015890061404295456
241.3599402829501,1.6727571672643247,4.937366632498877,21.354292369721783,1.538084086537309,174.93137365773097,0.0016426169592959217
191.53841067016117,1.3792600380499715,4.091180592156259,20.8533932191575,0.567516548634681,317.9846817733013,0.001606525893890997
170.08138306539473,0.8115450049745991,23.71219534191166,14.910931859802723,1.8526524141529916,428.2389153394877,0.0016269839493757569
102.2557066418757,1.3500886661007048,4.45649174133794,20.322455564942352,1.265834337344135,163.28870780451385,0.001591434794728467
186.09701468825173,0.999995614769321,4.615664427315321,24.011103488098513,0.8738952198366444,518.7556330716552,0.0016191831129737167
184.2225318351306,1.090112083024148,5.117951938035459,24.030371315924338,0.939314803014567,395.7301668222106,0.0018467520601150623
153.513078906876,1.6643917845232585,1.2998845049187127,24.398731463961447,0.9661455589125532,328.1829043504568,0.0014052816107350949
227.02702498319428,1.8763955716120502,2.5684242179906436,25.066065846915848,0.3661674749817329,653.1868493963917,0.0017485890961247955
182.04109307527705,1.7296781833952373,2.1853005326459014,25.33286819445111,0.6406738552355412,482.4099526581073,0.0016625819695050732
182.5750698746698,1.8139150431979458,5.013439127334216,20.771357616594063,0.8701118712109231,229.07905505293732,0.0015303815009836618
167.4643019049761,1.753726211863308,4.800537410959508,20.58959101188053,1.4863386734123514,990.4843130164978,0.001640035643385712
151.96542840949115,1.1392651108904004,4.803271748926074,28.686082065601973,0.36292104782268786,136.03832042973107,0.0016637238415330557
218.19831422964623,1.061580143550356,5.108140770112664,32.81937787211038,0.053857440988299206,44.32601219107261,0.001702244718020767
173.47869077709882,1.1591004528440167,16.09195146445888,27.733109705591495,0.028290505364075083,159.3391545393589,0.001791827772997765
106.36455328725238,0.9623923568121865,5.525649700037926,26.93572105947881,0.008665658372278865,73.09623710805195,0.0016606410755651139
204.19471825461656,1.82559783378659,12.90010448960482,24.6932120837751,0.054419868051996494,25.138402874814027,0.0015582319969768262
119.37553734846958,0.5701718456063506,18.179736945388587,19.50444476277143,1.5598691001079916,306.3140996648414,0.0016515782720863904
147.97319055319053,1.2483929889663796,11.619006344882772,22.512821449634618,0.9110612996475311,221.8584377206962,0.0015332429857902205
201.97362422641228,0.7749592663232114,15.78668313811217,20.550133619364637,0.8714608501105612,332.6105247278087,0.0015616206654799271
169.7411789669454,0.5127647250312146,15.038705652769638,21.180916093840942,0.684445901234095,748.6615815879322,0.001559544211931965
186.86251973151104,0.8483780595204892,14.761329846144378,20.032986864912406,1.2778675902506218,420.5124850831766,0.0015838277081883364
192.46461022918004,0.8790872739418467,16.42900076743557,19.604038133860502,1.4274966654623302,408.03186972458576,0.0015868381914876189
180.42844599134241,1.0974491686798684,9.40966435534683,20.147820941618324,0.9167010416595435,647.4742648823109,0.0014647303903195952
176.61684417597863,1.1072212351596513,13.026806159536463,24.017980199544766,0.10238006743967219,76.35998416499844,0.0018352639167012754
164.1175916651213,0.9573273627926083,11.294997970260159,24.248054479558423,0.4477021489781981,232.49907755257976,0.0018078457610712759
209.32631155619953,1.3888045475007258,7.337425977219268,17.697077703175474,1.1328682782257855,178.09321392493774,0.0015790787859778067
132.52423105201223,0.9859918022691271,3.1306224743614157,27.48823262831711,0.6239334604601674,297.95689619934024,0.0017151308400853843
99.12846503598651,1.2941448485853542,0.7926453166542721,24.382091799014876,2.2834873291514355,446.63003798879487,0.0016546267314144186
101.90675701445507,1.48357526693791,1.4510122676364121,22.538080535285243,0.8230721884843212,267.0670121062535,0.0015442873592781342
160.74987151676797,1.5952099159790458,4.119463384806908,20.761258168717934,1.4985099886799118,80.68007279458777,0.001769881139569787
158.9801661019138,1.5797774594788114,2.238514183715261,22.290615667464568,1.345911129988683,63.99645337647044,0.0016512208530606127
151.3151983022264,1.3337619836307744,3.093119676343745,21.63342396831707,0.7947361043673477,44.00134698869869,0.0017341996272960997
117.89232064992005,1.45101917287406,2.2376176345902308,26.241615089388873,0.27159978075053115,68.49458980298634,0.001682247212350456
194.85985180525006,0.789584117327828,6.9918444226981125,26.507901833352477,0.08003596281493856,983.8976442602982,0.0017587290914643364
185.0495602444634,1.3970308062711987,10.594701124412682,22.580843735927456,0.3027811363157445,15.133893937740385,0.001654041109847065
154.41498970061528,1.13913016796395,21.468754304790032,18.59181145170748,0.20012799904712658,22.73908752216475,0.0016007934233678686
204.64513437483856,1.0130488771151425,23.115092293057245,20.222988539698868,0.17051773230068662,17.914666219339257,0.0018578834100535964
135.63783361898498,1.3244394151425083,1.2343758155300453,30.530314907197145,0.8076768476462416,11.533961273940948,0.0014553215185861747
180.6687373874896,1.1683765758133655,3.712103368195137,24.429373507766112,0.9695123052674537,468.8320680038351,0.0017928425233780122
153.56053193527603,1.1216861470689687,2.9868328248450084,20.886539814058445,1.2216746573277546,99.67271909895926,0.0017181509830195506
197.28094630413472,1.194758525590649,4.169192726169158,20.86638942915241,1.338024978405897,44.13747583452156,0.0017807284882946387
206.19727715519954,0.9893118078860061,7.2195773115274084,20.956146454340466,2.438462867816847,54.36377708082142,0.0016863738337433226
196.29212332009794,0.7541664525561116,11.221328207537548,20.251851331821875,1.6262619528596567,61.94036114201804,0.0016732466054795077
166.51772373307927,0.9349601457744562,27.897902575933813,28.928279878720318,0.018579317013115264,147.9003457773654,0.0018041801981984894
151.80419307348552,0.553026318127973,37.50195719596846,27.698201095363196,0.05475063639308579,50.61245773826544,0.0018992240960179932
162.98980912590696,0.4801976232709568,37.18632490576555,27.759068479966547,0.06752351477152871,58.12877942986892,0.0018547194112290854
165.2567176507728,0.9452684191206974,30.15524657886081,20.27547214577291,0.6137753823804408,556.4501069272388,0.0016105325276420481
146.33693926999365,0.48080011893118996,22.24781013524315,26.159333747309446,0.9148476673176539,361.3094965730245,0.0016178328414635946
180.15850177389026,1.0882068923216104,15.145216036103411,18.417709680322563,0.42946964517709496,247.14497437204489,0.0016466909824678511
196.94933812536476,0.8023318065678008,24.62895965642964,18.60551410344085,1.0608189011068596,59.69234834651926,0.0016053139057515574
87.88059605816636,1.3068734249998195,1.819781019320634,24.271724029523003,0.1986005287208713,267.32729833146203,0.001495783912941666
217.21331474477014,1.29380939584206,2.904965693184276,25.49919405266818,0.5972027333016153,553.8892486063855,0.0014152918951338411
153.89029720981202,1.6645380771405658,1.7669530559440236,28.36277407424565,0.5893021019902978,232.30051812951024,0.001521934242477141
222.19243897195642,0.8730212365172918,2.8969457234661067,28.025493289094705,0.710995244713128,436.2125262428421,0.0015738131410578944
236.95138419697375,1.4396525086997338,34.92257204113802,19.384955626365457,0.05390832432577492,60.34443579572377,0.0016100546645262945
73.72526651198204,1.0741584385726877,0.5188522640385153,30.310726585611206,2.7766780338530195,393.5677357769418,0.0017966970015998395
196.92479733093276,1.0888002343419985,15.374572244769674,21.00698333657263,0.4529773045943574,616.6929383813242,0.002008592591927427
183.12877113981594,1.0955665154949603,9.460906592028007,22.57672900988526,0.2619056073878196,215.93246099463053,0.0018695545651312069
193.18024684372713,1.017003152990815,7.982742796733156,23.23835750367882,0.44995489153598467,249.32737852484323,0.0019454587498000777
122.18546356289883,1.3985785687322272,3.5028923700162395,21.432732458543608,0.8624260404246945,252.140582995491,0.0014963824806807561
195.84119272914208,1.0644281735503327,11.09897755005098,26.12344371282814,0.6243885794540621,185.18710549446496,0.0017056870825816754
173.6541311040453,0.3261130214507878,27.06905855173455,23.599187890504275,1.0238039412620201,349.3339036625968,0.001946668992456092
134.88837025517486,0.8907093048198313,12.640500326350883,22.002776229359515,0.3877209729072517,555.1034593210891,0.0015964687677566462
93.32499891631802,1.0295374122336727,11.789944515950133,22.000465895658323,0.9369450868888084,486.67792949162487,0.0016204569752027982
233.6828897411661,1.0365617825121962,10.458252917140278,25.38722795197941,0.8325580651526615,299.28624313772923,0.0016713764413305299
116.04752110995604,0.9895681077557961,21.954420107560075,18.976990879277782,0.7376526619352092,572.6421916023131,0.0017131205282486465
212.5824245160471,1.2442883419221575,3.6815839882943826,22.700751430408832,0.8727933334946916,188.5820764435976,0.001650667978071957
75.8378151163377,0.5684633847433388,31.604622525815866,19.74989880064218,0.7399228549394917,145.79110235805962,0.00166687568693642
239.96485289033544,1.5300208769378032,6.63250755702599,25.817865182753764,0.10978877332544514,153.78002377639618,0.0015516604985381201
203.23762782861542,1.0313766762186738,12.191687118338946,20.856969950499124,0.17284397944420865,84.46021912872897,0.001479149956884618
244.15005588411077,1.5106034601956508,5.128916369526268,28.8597469445461,0.03838412300322881,58.57509662636205,0.0015295142991589984
248.29868853660957,0.8217812163250163,18.950612664717006,27.19004057576705,0.127482038515449,192.84745508682212,0.0014636601619979295
81.9276593197847,1.369458667653309,5.216550617704905,22.63296740222128,0.3331022723010655,31.5651030557665,0.001979620223674488
139.29726286656378,1.499760193743449,2.559095359408906,26.214373977465844,0.2504004578138225,25.250423085044318,0.0017883308700829938
201.26845869433546,0.7664652041066492,10.028275764959469,19.555292855021403,0.890880041401198,333.0749695104981,0.0015876621636450592
181.92700758042014,0.8577079407370756,4.331143458531078,23.39797290061854,0.7044055492291734,348.3288694039177,0.0016259224239163303
113.88776376269782,1.7077423187463316,0.8828690326851688,27.517671735607983,1.333527054231382,362.4597228860573,0.0017683736606473365
106.08846041725465,0.9786609151393543,0.7889083795069575,33.36609438513534,0.62513705729659,845.8116524654553,0.0015771097928237094
139.01835603861218,0.7150227496374776,1.5016798086412217,34.48976851796544,0.6938446864922285,420.3935303659273,0.0015804339353830995
211.4212828742741,1.9490450912394857,0.7266838672750422,35.06846545271944,1.1381931610648566,710.0845561878131,0.001668827140321357
116.47622217075408,1.688312021874722,0.6181499938451642,34.63981468100463,0.6269266315067666,400.9631625430501,0.001926996731412309
137.1595617320193,1.849936984751893,1.7351813199672426,22.819377858239882,0.2739992359454285,186.10778018322904,0.0015551926642818252
210.3743401225244,0.6604705848027345,21.295391994677697,22.67111109112824,0.9502721147380652,611.4721242720253,0.0018732820386530343
232.78457564881933,1.4256252970663923,2.30828475442902,23.826069286328888,0.8917634074228956,127.08926585008219,0.0015661510069001564
160.6880190836164,0.593828393304789,13.370926516855643,22.631909884552883,0.9489846040278476,1046.2066043293746,0.0015440934936345086
232.57365967944423,1.480387428502941,4.211419813397012,21.9828712615703,0.4646637578365094,66.97273431051434,0.0017944085368217645
238.6160797102002,1.4368037379350416,5.09375880585097,27.348389437751184,0.29440892447585226,129.0893537472791,0.0017187035343897944
214.47648381392952,1.2118808984586265,5.59699794440787,20.330538505200252,0.7552242114192412,431.6755872307116,0.0015506271837447969
153.58052281007363,1.0829346456754618,1.5426116632343623,23.672818347496424,0.9448895262920178,930.8807521179868,0.0013867088501091315
114.55571546186411,1.338719781900027,11.635067363860188,21.80943793254901,0.17635183390112621,40.737805418791,0.002024613367977879
225.6491868358269,0.9467496738368796,8.548464982546228,24.224893198635762,0.7021687732068178,885.5127141144388,0.0013832981076021345
243.82462969104276,1.0245021503441178,11.709080392018878,22.567752806047253,0.40096954562606907,224.94801038530483,0.0016769409372309255
236.90370344671464,1.8082022608941093,4.686423492348633,21.434483834072196,0.29499511780633786,189.68584151891557,0.0015437149127909074
221.0819637179734,0.6854859023656932,11.375378620654452,19.382551700964505,2.0693642606845386,223.31925375193194,0.0016354012711128603
120.48347170683628,1.5902051564229052,12.765345825849444,22.512424820515772,0.13730061848889305,54.05761908764681,0.0015761182562334557
109.25187732384948,1.5932958007105944,12.023022478485707,23.471270954761387,0.06426450839777922,49.39632066352644,0.001512829299098469
178.65802067117866,1.893318430258537,2.5161777686636912,19.925459805206266,1.1780254059781132,92.86184542953889,0.0017548774813444215
163.3064024496697,1.8082745135111649,2.0698315559258007,23.43649220823435,1.1717397592587293,134.80814828425525,0.0016876155786374866
221.75119472300048,1.9349442057302109,1.6511229583138554,29.557450416896668,0.7652666913343205,15.791213196099577,0.001638732688610345
230.8480418542528,1.9503010513710766,2.3701924869292625,27.13898870710507,0.890054858023664,68.0014163446924,0.001716027254864493
133.34645318639912,1.3549492179646179,11.439213249546448,19.23565497654493,0.9093245135678685,22.013083765979903,0.0017172559751355517
210.02867927820392,1.8526098576468955,4.296890290565144,34.480901424611815,0.0023215094918272654,64.54313027252905,0.001605987514394072
144.0184604332714,1.7213057389698505,2.2934390270823815,28.481138953779997,0.12714462558145984,98.07696551824885,0.0014116691028288526
157.68567533652924,1.7194296237899995,0.7911144590984048,30.828945381727724,0.5257084615845262,561.8361447509318,0.0015800111310130165
164.3005870542164,1.6129881746099013,4.2350854441862085,23.304526372908846,1.2486165266697007,323.3343257862007,0.0016121088637157369
188.77625123788337,1.402129407238107,3.6144387147057007,22.256264670223395,1.1465682842583316,792.3816748799071,0.0016416633892286404
218.51131378176947,0.6571972758493478,23.240083526040006,23.07220216867525,0.42818236749007615,75.92678081690059,0.0017083098726890348
117.97291523430408,1.5281432226247684,2.0315346075520555,25.937406679802336,1.4535900115061147,25.619441814435277,0.0016501698970759532
225.20939680017818,1.6490161996969905,3.3814058456121203,25.345788182825913,0.3947899549690441,25.537752521319785,0.0016326600626138988
247.58541166218438,0.8907229200963463,15.271771275831405,18.5361171412197,1.9939112982550986,154.9968307423666,0.0015464609721238887
234.16112943607945,1.1200101573560888,15.18267738652652,22.49388039451194,0.14333350211557214,154.1766155487635,0.0015497147533841227
171.20810415134008,1.3943014181192943,4.126833677319752,23.958917474123645,0.3168262641408353,82.90010215600113,0.0015905527844315244
162.11662353032682,1.1236207224070205,2.346378014089081,26.39124264540545,0.786549724925178,902.8449562720832,0.0015737893912109154
166.65117784798184,1.5766523495119023,2.3622973211905913,21.900159796551897,1.2568805839299524,273.5804626395167,0.0018247735978105186
157.06975332678772,1.2259876455785177,9.614711596711247,18.980002643327147,0.8597285351032623,838.6706211437362,0.0019226059019203563
186.32473508315599,1.8365509300680858,2.9044257259397703,25.872777256953167,0.1892596091873111,62.37702532404201,0.0014809584671393572
180.9885980350671,0.6495128604357909,20.684910547903982,21.55808289714517,0.28815581242142707,87.85253383543726,0.0017651759715008944
174.50631955369064,1.28079196292742,3.6168705126915683,25.63811802963656,0.06803402812832852,540.4134208125765,0.0016852619991591226
231.3529573047382,0.9840098282146953,7.397238205947107,24.73744830077068,2.013981549670899,111.59453342149776,0.0018613035220007136
234.79876054551016,1.128770087928974,4.656377685597565,30.953848792897123,0.4769414811276901,88.68539725060182,0.0017927373680309414
109.79048790633657,0.821324435955915,15.143727441133684,15.569192442817517,0.8864646670610621,104.77055482846042,0.0015809880639406672
177.48667368930845,0.9799282814551987,4.0782544244156895,27.865664942959686,0.24111103222559144,823.5754855325597,0.0016117873980447486
230.9501680243136,1.3790014140151263,9.948542335705694,26.45290439921058,0.4907518778784732,221.67543610494943,0.0016434477774812345
202.54380329265362,1.0727966035746306,13.343224586947821,24.18834672521886,0.22986980140268837,409.7683168157539,0.0017419784247198506
149.02968611730378,1.0580530510332495,10.694595272443982,20.54912381601887,0.3233619278497332,202.0163784473141,0.001472054058671867
209.84215693630708,1.0914097224427375,8.142148016460874,24.09595572316378,0.76033995462335,412.55274655961074,0.001920202593227175
246.3163860713317,0.6691147670049293,19.464726212909273,22.13149129737903,0.8656828843862823,243.23302677397095,0.0015895909375640749
182.84416599384915,1.4034509577330374,4.590491516019517,22.55980117080913,1.0138141178116609,529.0830503178523,0.001657258358714136
139.96511997591438,1.3987131485061768,4.642879068399008,21.082272155908715,0.7184119596206815,256.1780798424857,0.0016453843880684562
188.37646544269842,1.9458703078343171,1.0333490335512625,28.62692075788165,1.566048035539584,419.2982501452162,0.0016111067258746305
216.33150714470912,1.9378351009177153,1.0544313765799411,27.833577467664092,1.5565453786969994,820.8034374296708,0.0017983796372174842
137.276712648921,1.9904971566536334,1.1842955772696961,26.63409852466642,0.39602535804870503,303.1597922396688,0.0016350453606344864
120.97650964074244,1.9909990131857982,0.9963707937654557,27.375495688473656,0.6252464439124322,270.50462208385693,0.001568026213775363
199.3531998601737,1.9747545311596506,10.408349160817787,18.777268501941318,0.9769740955266369,130.92057051042408,0.0016742661624672447
151.39245695301508,1.9235739976544624,24.188803579985667,21.297050387985067,0.2283480238204026,786.0131438026573,0.0016714993352302749
75.51735725597628,1.8116462538508797,17.095005624923218,21.387140617445027,2.5289963864019165,546.1173611254662,0.001608232232614002
60.69963801844592,1.5361468241618372,29.778081878697293,23.45825696038458,0.48815039705903457,472.20835612895445,0.0017166751524403082
64.26053143670016,1.3548629639679883,30.918422362924403,21.2430478858275,1.1169800752633223,552.6575670550949,0.001726023668583392
246.24498864126423,1.7141534824353775,3.225294828084814,22.08324120869761,1.0477464397282474,127.46442738727055,0.0016102811802518793
83.66464295737175,0.46051034822207904,20.499470114261435,21.566836590889814,0.9147071049527692,515.8132516679385,0.0016841670016187404
234.4736694899656,1.4666772789254432,12.92512793954968,19.3923558961557,0.8877150497330388,187.6031829197712,0.0015094690845654912
168.47335865019903,0.9215833590682629,5.544114203959045,18.8793264157721,1.48112675367622,164.77689797664553,0.0016159674174566314
150.4668517370658,1.5294318695836029,1.4192732145643083,26.07984657585681,1.0962400292441508,402.0253071570882,0.0016972051937218131
182.03225277319325,1.3103586573210717,4.341506242871644,22.175635940531894,1.3262277842921972,221.98255705994416,0.0015199936276747753
90.86610411039709,1.2180168786889973,3.0790352542769392,23.3821999819847,0.8512142077926153,56.47285576197981,0.0014629552016369822
244.09409404033235,0.911739753030739,13.293066045570962,20.74777839700695,0.7204376495903674,69.98746699859643,0.0016723921787683608
246.09462556746644,1.0699703445524051,7.452092037483831,20.469196400870327,1.5856647299070432,177.10220229286165,0.0017768431260949543
246.33424974381526,1.1165803561834917,6.595198280810726,20.599455510227635,2.7832046897302045,173.38042839142017,0.0017448477241223308
241.2182531033156,1.1055671411480887,16.585317053442537,18.862841430729187,2.5977657103271934,239.48165330549523,0.001779339401409526
241.3563988453293,1.0728031711485086,21.169506559693207,17.851562840640963,2.433973121852094,230.8177854270986,0.001778543141546966
222.57719791879367,1.2368930668263534,18.025275786441384,20.210637085601494,0.503186320349662,377.72032414071094,0.0018377619711873795
207.63146746584147,1.1777132479079306,2.776529433865493,23.02129423508341,1.2801242959984416,376.6225272842734,0.0016074352330651483
211.11799010164552,1.7562028330450081,1.842391558165113,29.012740333183274,0.34335510686711906,444.4932671691691,0.0017776610041498676
188.5004552093452,1.8469334293331225,2.0046767450242307,21.591786829777234,1.2996525988271324,435.40992315258626,0.0015972364657528759
156.7279249532096,1.699534894235607,3.268621323312678,23.748317438445067,1.3784253264770563,201.51296765586864,0.0016215273106838335
189.3888571145407,1.660787376222151,3.9631873290961686,25.916212213285934,0.6383820307717332,187.90388975709888,0.00164487326629178
199.47185392197005,1.2691122667807044,1.8310991411160609,26.91557478438789,0.16828612855351704,637.2227599349835,0.0017025082631069906
204.29890346505576,1.3003775752572129,1.3753966106318845,28.6983757151971,0.2311587083451436,883.5239745712079,0.001615946375901623
213.12469308446492,0.9102267003119221,5.184876402156867,25.294301655236527,0.3545884948400521,307.7871970972455,0.0016507921516537882
226.6295797796776,0.6692084434105602,7.788675197106569,25.967177714916858,0.6531955343506904,769.4939208669416,0.0015679420484602672
194.7589436696034,1.2319382286255371,6.57717519216621,25.271140486364697,0.3595306585577317,326.9897509827183,0.0015893764469399393
160.89383135831753,1.3055282514810922,2.7011735222110556,23.513391705160675,1.5367425052978805,369.30543262260437,0.0017099402612999787
187.49416995344288,1.7193430362142996,1.89399133783517,23.56320411552822,0.9877245913642231,141.6970060738085,0.001739780529514818
103.89007587729307,1.9166447776736684,2.459914675282284,21.516826421471713,1.1197196686417148,251.12369222148493,0.001558710319090128
151.24317646610243,1.7401741362484497,2.350432073854068,23.22567787745468,1.5849610723155692,293.14478546707994,0.0018004627737234615
157.80167194270982,1.6713725967808066,4.0819415197583995,22.341317235029567,1.3640853391165457,307.38166785360954,0.001801706900514146
171.45086450096895,1.3554274740369459,4.883958263580928,25.867088777042756,0.6996246005533726,105.8561497997857,0.0017882494902387602
214.95370298163328,1.425430961472805,2.918205273184876,22.100748533014624,1.4184364757983265,300.8396524764703,0.0015121834886857267
204.72047452721282,1.2690444555693876,3.44008978110636,22.75106152334071,1.442755698452831,522.8486343903387,0.001598299612148468
147.85973639895204,0.5330054675866697,19.391069015134864,22.480459446208187,0.5746838851924082,409.81090901693915,0.0016904806454008812
217.87277698579152,1.444374122896399,1.0778480027023993,25.889930405050364,2.170636869015683,636.7323726368112,0.0013595655686577698
194.59585640100144,1.7456256832297743,2.8945526920717075,25.782836236017424,0.2707204911433056,358.8225960375253,0.0017010802468418037
212.02141686132012,1.0759411410923494,3.3231074811411103,28.49713862396927,0.524924437064753,475.3975398738564,0.0017827667741238111
191.04724492710602,0.7822887297677745,4.446708712173988,27.47511832722584,0.9514642939888617,236.32820336986057,0.0017666752410519437
209.3765956696802,0.8603453079227843,2.763820979472087,31.603256185689006,0.5626931606379043,257.70454241428826,0.0017087331744469515
132.19276772852623,1.9026857268077415,1.0417528968432987,28.630384216695898,0.5295209447642982,309.6776847105413,0.001537107084679924
181.539123883612,1.8061904134456799,3.18406999121112,25.25629262745133,0.6393603877334445,236.14283074069348,0.001555769817326384
187.49936535437234,1.7940683041571523,4.118631133112421,24.630718776381276,0.6976677161333861,359.5168310265295,0.0015622977342952308
222.43515414132307,1.884145941983845,6.639282119282397,23.07574460512914,0.5506520031488497,538.546843198406,0.001420727946342208
107.70803109775855,1.9108823856559676,1.8066472871506893,26.455789610761023,1.3811122983461828,500.3839491269656,0.001746659984072135
170.55823352427268,1.9617604403253832,8.033079144038542,20.15341047704098,0.12888481620242304,451.7589612441839,0.001608916656345483
227.27273322325848,1.9656092615338414,1.5751694268094685,29.10111492408828,0.9962745732888941,108.97258937468887,0.0014785001885517129
153.48740634410387,1.941739987886637,1.2902601401110303,27.15685248167107,0.5085434705615348,202.9792746712623,0.001563323998796439
223.454987639063,1.6548069370133842,1.6045677831080325,28.268187815144174,1.0657609044286553,250.22225224482824,0.0016304135776527347
224.99191461131264,0.8154456586223804,6.369603284765714,20.372301933581923,0.6161772790099745,327.86632215373874,0.001588320149733325
222.77484498431414,0.9394046779409619,5.034747899853588,22.688327942372943,0.606943678195937,389.9176930010475,0.001605695557530231
216.2270214357163,1.5148087079071906,5.954255791796763,30.021121420313996,0.07542397867970946,469.89295271380223,0.0018995209064989853
160.21565062420652,0.431577068276324,20.83810416221617,22.172540169277468,0.11231931755555719,404.91345516681963,0.001705319617445185
215.00686814227703,1.5179940298944636,11.38411857922033,23.642250384868408,0.34358963563448347,479.79964732149716,0.0014812219923337512
158.47472130241079,1.0422892371814758,5.09210754476299,26.729670922408825,0.2960481671119362,372.97998388081913,0.001452320438488496
196.71860670995164,0.5800918609741837,38.44377043695694,22.20110296193581,1.3749956188763066,197.76375201415155,0.002000711274225787
102.81191676428901,0.7133098615332779,3.548312329602242,27.097333262895237,1.2488224529630527,714.8302773372087,0.0016079562920207485
207.12240106205607,0.8648939933323,20.89676569092413,17.56347622594906,0.8306656063597996,277.07173724969294,0.0016736180013661162
154.25975206472327,0.7019688941127097,8.557761793228043,20.318801778887643,2.1567914579249248,223.6127711849434,0.0016820831335513152
174.13815561893125,1.4827979616641276,4.224699556023771,26.602646054652496,0.05407773644181996,200.73201197605633,0.0017105980919136002
225.02018665198818,1.363387306336142,4.478238410495686,28.73956940341701,0.05940360117919485,313.86940321490135,0.0016501970201309175
92.96316733082811,1.3179532196800572,1.8380035827641334,22.165769763766768,1.0156201653691945,629.9884080676286,0.0016314026335662252
78.13103074293483,1.4671181922623593,0.8808985579252746,19.432126418182442,1.8218182683783781,307.23938805906437,0.0015091858593651152
226.5430804296825,0.7428101454298578,32.212206259678304,23.30799822011574,0.2015078844997354,257.11163217312816,0.0020618523413038436
184.59767259407408,1.5602129012096058,10.022031627062695,25.705251823786703,0.1459395861509217,162.80284847267703,0.0018126660741277017
199.53981469842574,1.785455773942859,2.96278008203594,19.78043521060882,1.8086916846966794,477.5499550807088,0.0015533174956721546
167.8085445340558,0.6101444786652885,6.0224186339214265,28.662193243197684,0.1122493578338231,261.63750014227884,0.001860617450755426
81.36227805933181,1.7299368963495514,0.8084570510105754,27.151554088731146,0.4312913917039758,126.52438217356524,0.0016262926434498595
209.70157810611337,1.3010858656824098,1.8299159352912715,26.91664014919123,1.5186433330726548,510.9044669434943,0.0016133566630588763
200.02811026781876,1.6452634663767594,3.158748930513912,25.22444419416262,0.2816292701415238,432.2521105634185,0.0016050545343056458
96.71922765420337,1.3636818697298927,0.8311031379643378,29.40685832674521,0.519293794069854,525.7238835138616,0.001721073394189715
224.83507857092684,1.4451824888880997,5.768547159506744,22.91878546458609,0.8691835290510883,83.11673968178442,0.001576193034976315
157.91963996547443,1.2841565837977464,1.7798507111130581,30.125494260458982,1.0138312488697856,206.33946991260356,0.0016219458468839812
224.20522353454186,0.9323169506755437,19.785555467414902,20.414515554156626,0.2755683288333095,549.414662475557,0.0018779008306276034
211.29123989939552,1.0953904058371093,6.6560521720303925,27.623739632380087,0.3592738372814009,604.6949192911682,0.0017156578643604497
229.01774290839649,1.1212076064172356,4.455583198654902,23.393121309784895,1.086696189302324,52.73579862612272,0.001806098567410886
135.74886196905007,1.5704154190596,1.0382379589677528,29.160372665187946,0.464775704183859,467.14914362137773,0.0014531857511400179
142.54367760568044,1.5635691402609357,0.719831718330672,25.260375025323857,2.531930312731986,773.9264942206149,0.0014735380825096067
141.25223980115214,1.611179760968456,2.5601697859891557,24.756269798093285,0.5625147346132336,133.43234520437096,0.0015758374199891386
194.6649119391127,1.1467175894310642,6.284282434445984,20.92440999970448,1.0660193917276297,683.3184555017936,0.0015325186321110496
146.70001239629366,0.9374070424067947,17.738122218231585,23.775848841315558,0.2673800753832007,97.69541075360154,0.0017069408770448609
149.05450537132663,0.7230154709378432,19.93429642213897,25.783055306279383,0.04629958152120115,503.0274918092451,0.0016249008314561935
81.54488810258884,0.11440096504914751,27.717575184364733,17.5503013720798,3.130025960622864,600.0961215550758,0.001717927765971214
111.02755776217964,0.7951383984336693,7.912129756383139,21.21501926390234,0.5832495729573487,221.00269684570407,0.0016138563429814886
70.17765619676805,0.7432160121581675,6.118997639554504,20.036601170464063,0.8928378050190225,344.2407579091564,0.0015986483203640478
172.14757463996096,1.4319580004893637,1.2527347570048215,21.544624792977043,1.6951350840782717,354.041922988127,0.0014146903670814717
140.32574989935978,1.3264271473686575,8.126093527711538,28.06213748811248,0.2542052055657504,124.37744787980806,0.0019466657511903642
189.23020246932413,1.4417654946730456,3.793671457567596,19.739043235281432,0.46752583588733676,556.5353813227482,0.001478322534882789
155.03701291187826,0.701919406862425,22.002251154113075,25.162672834758578,1.1079447610791067,86.36585226997312,0.001689830564386195
243.36094859933078,0.7661365008425278,27.60293617562327,21.86956365116198,0.4519328349446031,1159.5622929131664,0.0016316886757464137
163.78077330770867,1.3631161613913583,13.263914930550774,21.325330676026347,0.22215144578079438,108.72886546240218,0.001507542851416976
160.52287489996442,0.9838465919549344,23.655457684153024,17.43768774054874,2.116104543209492,146.60252357194926,0.0016569379938755286
188.3675804667175,1.6914067643300963,7.595164844092864,27.021942998194444,0.16751157990138543,544.9347972590521,0.0017953721239613448
191.23264911665376,0.9223579829971069,14.552336979213262,16.869901991379603,0.6025458617968038,165.124074114274,0.0015392061354922114
185.98689924313013,1.4516872797232079,3.013357843620177,28.416733629031498,0.7414979447286855,44.44683187909244,0.0017288615503176284
169.55748359319162,1.6925742670300994,3.2678690802742145,23.864069790555707,0.3289715452195289,24.845656690710268,0.001386778620875461
209.12628526250484,0.9540392866490289,11.213339921518472,22.412975332098718,0.4438172552907352,226.80958287796298,0.0018830979371585491
131.17218438146813,1.4253795739889497,2.635937594419864,27.478823059328242,0.020505911843586425,297.24141101443354,0.0015008351888116515
193.14684629938287,1.059406728950769,11.10709576127499,24.44016384045348,0.7244577848039275,553.0000939329623,0.0017287703660352983
238.31583738402554,1.4452800086399267,32.23018804086556,20.32140923297726,0.5231920299418686,352.9796829963301,0.0017969886535522373
166.99785825113557,1.642988325414729,3.3849175202190036,22.675763519721723,0.235580435167852,125.7564309258167,0.0014901212394806713
146.58590590950828,1.1542286540451696,5.921298824018588,20.42184550516948,1.2011482079721008,65.0489020251864,0.001543753868930569
192.4242363992533,1.4216391941829036,1.5841216823242934,27.01510143820386,1.1830803099492324,444.72516680639853,0.001619669165007076
224.6299014532833,0.6615384172161463,17.686940327067344,21.398441625351037,0.7173424394498144,350.42003709654,0.0015801900648020914
121.58183588623679,1.7418301891599555,1.487911615349551,24.18626099370463,1.6171935416721408,431.4707249868782,0.0015696706513566375
146.8078396116173,1.8085127505381282,1.2507465862729608,22.97753937927548,0.6964603524838502,385.68657311161496,0.0015802717308419781
198.33623075964897,1.204365694640022,9.873020973071679,28.291257808918573,0.21461461852231847,151.23743622029747,0.001727903187262382
182.2485826519106,0.7741253649959535,15.238533032639742,19.663137753790974,0.9289816235621525,559.3012064841196,0.0016624574390943557
204.91204879408548,0.7334671043867772,11.277823358604527,22.282795728230873,1.375594498652433,457.92110778938945,0.001543078724398818
134.1600651457539,0.8799102523479895,20.20689508906564,20.1281307743766,0.591579716482059,249.2580211410103,0.001674701302725639
195.4851134665818,0.721874777503074,26.211018045236635,20.117590527002594,2.1764521385726225,609.6649310017647,0.0016695181625980995
202.91272156245842,1.116632858272865,22.354857604634987,19.75827307814224,0.8568310930746308,296.66503698566464,0.0016479076137568263
156.67821487599693,0.6304981174512772,13.352779206031995,26.611050170193103,0.7780783941137249,405.451393140625,0.0017162780512651893
202.58449952663864,1.6246230135027269,2.2692056607645603,21.629249243557172,1.827882197718978,80.02158881963099,0.0015116568974162217
149.767760447599,0.6048626465053785,19.666874315001703,22.855599130129647,0.22716133672379427,500.88377518385107,0.0016805851024911077
218.36971049145927,1.0720150940845634,11.976402722618936,21.04749231104903,2.0147474603937994,200.41571554888964,0.0016869166096824652
184.74673344967724,0.7548539119813404,15.896198383064744,22.736419692696714,0.13703689960736629,451.46908989456335,0.0016399130697309305
227.59603171194803,0.8903194591321106,15.705633384364015,23.646907831440668,0.4041581335659662,235.64427498582103,0.0018685191481755163
99.78495869096798,1.09039060837744,7.437270314498619,22.765877554290967,0.1333965501018904,269.2618048115794,0.001600029365567559
100.74489009294243,1.1879619146611877,7.784843655779683,20.78211097667586,0.17473611851120951,197.17965982027843,0.0015975826399781297
141.41930484461878,0.6840172752603002,24.064455697810892,16.562089910978976,0.6719624930573689,733.2439994655148,0.001617692810899407
168.86926462825008,1.4816913699337309,0.8757657070382386,29.119532930648884,1.9100916922387068,242.43449395158535,0.001688600643085742
151.683641855983,1.391412904491588,0.9521268446063883,29.25752455226543,1.4549719296574513,199.98544278750515,0.0017082622460311363
90.17772475884988,0.6591416533612463,5.25960072110401,20.924268854668494,0.574537104182343,898.5529417760483,0.0016733611364421392
226.9834814740178,1.4953336805581712,9.397393059494547,22.047879910788133,0.33040856532112445,300.220761008008,0.0016802100040199603
146.471824207406,0.8395702792071245,25.638457375444627,20.618790930680152,0.9064174115989833,168.44979692578377,0.0016373609674909004
204.1806112159741,1.2656829296367662,6.683182782821377,22.50749432060692,0.08889108096024188,356.3327289972528,0.0016808713452806754
100.35201775462399,1.7888660432074954,1.6543821513727217,26.665350185116978,0.06306079218319943,129.35481058738668,0.0017365910028702305
155.63835405250165,1.6500256121880825,11.65743260228746,17.425844408214992,0.14968802127571385,341.0912605197978,0.0016315122806829642
189.1035435437586,0.7750140552701724,10.050782368000032,28.609212509005992,0.20738962043211853,276.31340585741077,0.0016617564162145848
198.57158138520344,0.6178271385799943,26.37413821001178,21.537787206396178,0.9799315798919014,223.063816309105,0.0016750810935825485
134.3161325106632,1.413118595243832,2.5749434692094035,23.04227893163332,0.5850852115941203,211.56517797423837,0.001680502561965276
209.23674865929848,1.1437084431038211,10.320408378871006,26.178485400166394,0.6583114311993956,63.244505122525474,0.0017935733520689267
244.53458242802893,0.7362869171914603,29.278076571553125,25.326664288380666,0.15100423227211618,64.85182613621538,0.0015343421124123303
224.0716105084942,1.0821323069790318,14.799798317581509,22.327974680920363,0.3671993317932641,143.37330711795838,0.0014467429200293925
237.0159742438226,1.7582678278595638,4.03574794433078,23.99854181851058,0.2753872700970728,300.8907161947152,0.0014044302023328956
233.11209134222247,1.4140958010414377,1.3379905391312688,31.293902683904612,1.069692257468453,245.86899372931683,0.00159705298925252
221.9648939186162,1.0260148466890984,2.486510492504018,29.190902325763,0.7394802576742531,239.47395159740276,0.0015547823465444038
244.09807091802483,1.4406573752184018,2.985878590069834,32.565891856436544,0.12228999409553029,289.7309314793065,0.0014215431440678583
249.91065325138095,1.8228372695895831,8.010255899327959,17.50771528295153,1.0553652320680253,535.5383681185942,0.0018996223699006489
249.95203447863744,1.7095663057625015,7.0335322733708665,19.65027005876375,1.6661065961311854,163.85406461541342,0.0017729996865869654
133.0278630782339,1.1497026464924942,6.663662213617694,23.628306252996854,0.36604571517167045,417.37730060081697,0.0017495261166373915
112.36701973722994,1.281900379213956,1.0743041465872234,31.07393948610207,0.39757695618101646,221.36718824264287,0.0016176464524742036
90.61009756487128,1.1521868397367798,0.9008568640984235,26.111303038223483,1.9502080608991603,395.31008228881257,0.0015905753855999414
193.81377925025956,1.2977923979335069,5.643783671222063,24.829370458078284,0.45067894437817707,185.26411692316725,0.0018918561888526695
208.63830552859574,1.195687331884455,20.840774735240327,16.980139280630475,1.9924100730583991,130.82647689911917,0.0017293001778806991
148.74598706623863,1.4542878758628806,9.478885808794432,24.92346606624831,0.12358426606044313,153.82698861485966,0.001503292793525895
157.91875696762014,1.53984655942276,1.9957769963495982,23.990188369402215,1.3480048111104406,198.34238432406082,0.0016447744379558204
107.00430302264772,1.3009767533458945,2.0427883421704833,24.68814556417066,0.3256344394313271,102.06249873235512,0.0016531577015981049
233.04125593944218,0.7880721694665933,25.573317326305954,19.282721206985165,1.561221309242588,379.29623530314456,0.0016658977399456802
229.07983917352078,0.6120290435211737,21.198043779140463,18.918385430089362,2.3891523700478072,335.78790926739265,0.0015884065156129509
148.7636041068911,1.0801921056720136,8.900639534450217,28.939184816774503,0.10128899497470094,449.7327010412302,0.001744525591704543
188.5827604694289,0.825919250504966,8.828915463625679,20.64992362310544,2.3529202822609925,396.9101557037399,0.0018017943182263916
204.74506139396314,0.7609828482785198,16.572270596667472,22.316031498357916,0.6488097451428798,138.28773020409062,0.0017548371168892784
214.97992945417,0.8238411374409272,10.325653799052782,25.24723555092536,0.5591631879917148,539.4330853497119,0.001890730057833056
152.47864609835474,1.0211686914949583,17.768468063900244,18.822312254625626,0.5564846673257718,194.8711022878658,0.0014334139384057005
239.0473291662896,0.906975824920292,22.068936877355785,17.42278069387527,1.1015344992960796,777.4710226763707,0.0014509229430428375
242.61432642256025,1.1044176279667217,20.860697587925632,19.2708665015423,0.8703166240562573,541.7637144319305,0.0015837186353887386
234.42369346335175,1.3209242271072212,16.989198750417142,21.015333718001536,1.2217096407535777,170.53506945768757,0.0016448014601327609
64.4069224604783,0.9974214107903306,24.23629968940643,19.71190910940561,0.2778406279338277,349.6205184701708,0.0016260052489336816
65.199647566062,1.3355833421951047,14.913631337985592,19.170617258387107,0.8102864613953447,74.95808875720773,0.0015964407136813336
237.40645069810662,1.6787186625868358,2.1917058908376483,21.67369991993097,1.000525044960331,793.1209650412784,0.0016352519429794843
240.90241439822728,1.0827296863838576,6.614192796149617,23.208462335926967,1.1451883011629267,328.0352114092439,0.0016214778156924436
246.2617004606306,1.398439530395979,2.7318110045721924,29.85853318389413,0.15727020590391483,639.1344525173338,0.00163537736765352
247.62064009489504,1.129702961593421,3.0036995794526185,30.0171217750703,0.1217749171798269,628.315176691259,0.0015964593050451694
248.86603354030333,1.2421274247574172,1.6939281761421157,36.01906155433734,0.08078367082122095,1159.0562499961607,0.0014526367266784771
236.48281554185934,1.466887408691082,2.7195599766227296,34.90579904152966,0.277403043798605,72.56242190334869,0.0017221507956403045
70.99982197781392,1.3879902875256855,0.25187825846705403,38.064546670339,0.9473855023377362,392.15058641558886,0.0014850340063376794
123.66663665086983,1.2116914013499738,1.2427288489555264,27.67295658814182,1.3111071564611698,307.4248507994473,0.0015381383417892162
225.7307633216927,1.3959235211103898,6.7413053512672,23.54241479323013,0.4408960492846472,129.0086867464244,0.0017250416819975618
212.06908448145992,1.5687596599868803,10.309000977530122,20.248244981212615,0.6809748804352672,301.2919812928118,0.0017662720075896636
153.42743140114712,0.9000025525661529,4.538410470791368,23.29406847431421,0.5183378555790213,320.9167414338558,0.0015289679874042957
142.58675926147276,1.7002394479868066,0.7534582370875769,28.913456850532867,1.7172389564027135,280.8281230289262,0.0015823607966287579
200.25168282628215,0.7198792606884127,7.032774392167475,24.36786044426745,0.2431181805652479,248.38631785115152,0.0014336150888652323
106.7630292341374,1.7529899548436403,16.96526730450252,19.74559220442477,0.9872773508010223,401.4958571243147,0.0018873344803678502
160.80095513597848,1.939861847774012,9.098780329922105,19.96086957605494,1.1860540038146137,393.3142492224612,0.0017980680504605371
174.96255302976152,1.6255734268465054,22.732047816241717,16.088004593273105,1.4342095539302036,676.4410410445026,0.001753014290306273
164.85265001191019,1.610641277214932,6.595546214841075,20.216359364149124,1.7246373832437643,184.476770147014,0.0016853487793866192
140.43100641455683,1.302277894304966,15.449734379835292,22.82302815794294,0.6094632921292621,954.5330663243789,0.0017742053649009858
153.98342363131258,0.5728535233241132,16.176655913077628,22.896633745971503,0.07452020770751472,138.07972106223468,0.0017167634718235347
183.08943083367444,1.6901048910484517,2.3483006064850107,23.799003563561538,0.9095883115443308,581.1564106878028,0.0017744553347341838
223.5736772139744,0.7941932400649722,9.951110682639138,20.868664030571157,1.6946884277826482,252.15346678822323,0.0015367763214785381
221.37102657804363,1.5018790639768629,10.17496373104315,28.251441082908908,0.005712873100028703,46.70976670650341,0.0016842559850685905
142.11969375912682,1.216121929251115,7.1834323769616155,18.208840573193612,0.30423781494993557,623.0909671668932,0.001557986268171269
209.21476577676432,0.5323433687933882,25.1054308089327,25.860446752333406,0.3533399147120727,77.0077119146059,0.001792525493133699
246.28973237394163,1.272469458525033,15.887080746943754,31.150761283773093,0.09371735450877323,94.14636056429713,0.001586490959376411
230.4409192429852,0.6389580730396102,12.715438607278779,32.249959468823995,0.10049034760409473,204.6087169228437,0.0017669752693067796
225.14661565655564,0.6317324259560531,11.893990840194238,33.19502560622788,0.13005548516164747,221.09318027254727,0.0017466166193280774
127.72238291425002,1.5446704487042033,23.399929051939974,14.007688158660002,2.2156825932329385,156.35800186885018,0.0016027764199637105
80.08570618074339,1.4115757276691154,30.237843903359305,25.83390825800363,0.14034477232185935,159.50659529796607,0.0018846326937102234
218.69911082344277,0.7952150876645444,5.802768739773807,19.398761824064632,1.9412354770047278,85.30740404084943,0.0015944836831313773
146.1775866923724,1.5958279481725837,10.307664742936499,19.208033227334898,1.4499999903979994,44.813715535175895,0.0015995376005875524
231.20282018642527,0.6584391272560165,11.415638662635276,24.861483531600477,0.632703230331077,908.9737867647905,0.001544853631699244
163.49020930236705,1.1923544472538712,10.665677045695235,26.807141561773552,0.3348821710059464,104.75416319786623,0.0016951452754281904
168.62243689857615,0.9099045186230807,24.45850463432016,16.972456304564087,0.6203698841147574,138.3030679249263,0.0016897556617871674
232.63506882333064,1.563687644280726,2.8824053809036903,22.695076201939905,1.6608826435848814,956.0152860793758,0.0013928936693356968
232.84552546274136,1.5697676289335933,2.167054777463165,22.571889073998815,2.3038297678485704,900.1632046098656,0.001368757469604652
215.12083296027154,1.4435663457195826,2.422176968527649,23.291498685168225,1.916175451692447,1187.1381123774793,0.001371514150216597
179.29999167013807,1.5955703916252237,1.001661765830272,25.92174192168583,1.1806438379031554,404.61153649855254,0.0014040963404790838
123.55633236437022,0.9867831450264664,2.2739669614030786,25.545754834392174,0.7770118183898126,556.1683496248354,0.0015028162989918986
207.16375450665026,1.639373300766652,4.15924763220693,18.90592081261415,1.2395961991145323,195.0310139424465,0.0017073302301296776
236.4601340312559,1.2724998377037915,12.225931238990634,18.586973268443337,1.691735868516797,455.2948134928242,0.0018533382904474434
245.41889248729137,0.7474252292382318,4.312258200439508,24.213137304253603,0.692600370374223,336.51409849377427,0.0017719199458790876
236.7424377636188,1.1506989888678465,3.510813054753855,25.30320273951811,0.781571418200379,157.49073990971908,0.0017011535922387415
76.03690705388581,1.6670250748011581,0.5431738277926974,28.820553212206413,0.427785844939147,319.22576694182106,0.001461206855237252
248.58883093931598,0.8604278520178675,29.276888533616262,21.17389673703897,1.7282407108142908,199.69190999847422,0.0017813984095861972
245.65452487755346,0.8687099110261429,7.793111170408213,23.421898170221695,0.5278379578373323,1178.9555094418934,0.001603350304626161
229.95015593394427,0.7225428043337594,10.819133664486472,20.844564791537373,1.082481453398869,287.61455744063096,0.0016142775682997448
78.81945387105341,1.4283030207726723,3.0173850896758827,19.209434753711466,1.3011617875450217,499.8290344001311,0.0017367275489916594
107.79304045717686,1.1762996719035796,5.138088340610371,20.093431607256864,1.4872753651362056,576.7000649745603,0.00179300358408372
167.84807131186855,1.2198382952973725,3.5297644525047964,23.953711235858208,0.8207394348394401,95.3848418715923,0.001469486384467278
183.49720201478505,1.5306299533363836,4.429035961138733,21.947051478672442,0.5227630295139055,51.69731605744548,0.0015535749135888385
217.59222831523493,1.1083939559849112,1.8966250961125328,31.44191253592314,0.5724295387853612,121.79321253399954,0.0017309200552081568
223.12828458270803,1.0320902578584907,3.4912928333071256,29.08888245508109,0.6275122700485767,108.37216114567896,0.0016630455979580816
121.21260534381308,1.3416750458136886,2.9372220957807746,31.21922432009569,0.15124184232451493,119.63803525294371,0.001875786049490228
190.01824172854452,0.8835882504391565,10.794939306432697,20.435580093742956,0.17662696482889634,350.4152063324056,0.0017727734442301865
184.023362800438,1.8778315371844605,3.077588089638962,18.609341004989297,1.7503501360287,189.42520163186074,0.0018137645266000986
204.74758190985162,1.764874425708575,18.832040166549024,25.43683069861213,0.22453661524886886,126.42277164994819,0.001550527015735446
92.12541593046947,0.8275874663045277,36.01899159913074,19.215251841267452,1.2557717014927197,951.432052411223,0.0017315178719295335
139.78884762680028,0.4506650906099376,21.630121530624834,24.342454017978007,0.702182890535072,171.23822887518702,0.0018282436041758834
187.24125088610063,1.193620031277927,7.635458509841067,24.26735184029691,0.26589972385746913,189.43817825922642,0.00191839899755697
203.84978077495091,1.4051413661193783,3.489375049220083,26.03616295464487,0.23571198857391132,17.265808530120456,0.001430632892018726
210.74092294826357,1.1306130218076031,1.5014018648003291,29.793474670956854,0.7264959861704791,802.0766822247386,0.0015740393336041796
155.51425895833273,0.8516016350155003,4.371568413871218,30.41352470031194,0.3530087182382162,240.38696426880756,0.0015289928097350198
240.1435685863789,1.487383218988538,1.251244665872614,30.940805797298346,1.500192274355809,895.9902495799709,0.0015873686527034805
244.4261136116413,0.9052512770962925,12.033471253239975,21.07280466510763,0.35044538477544057,127.48627889533763,0.0015419694372258653
247.00755284782446,1.0813448106029442,10.848456150132723,21.9692981306094,0.4211318668968104,212.14156603697805,0.0015384537845480972
214.69190034669424,1.1317304216342274,2.3280543822031423,26.7582204248324,0.5218248113849974,415.88807999082263,0.0015471698485441797
111.95934445945348,1.1644049130027891,7.500292759326727,19.573409287544006,1.48533710578237,319.8956485782643,0.0017832927834595094
111.51673965633468,0.8323830128683004,19.21565504575364,20.265770029459297,0.5347992861766868,425.05625993960217,0.0015256234775456283
175.31614887895304,1.0397569431134552,23.621608800022212,19.19536337334822,1.0946383352735454,218.65879747550827,0.0015675564990690054
184.48418703303716,1.483737434728426,6.4562949340245925,23.37089193703401,0.2328120526158316,470.4434238906844,0.0017437639155639696
167.4622689402126,1.5224606561809864,13.808296782487247,18.91479522491734,0.5321306541076297,129.51790183387885,0.00184404526306763
111.24567893168702,0.9398265505714659,19.735413746992542,23.818923234997744,0.011120765277325218,415.0451456156512,0.0015633824589525206
183.20101326458249,1.3174746915708404,3.361932773323812,21.84350826193631,2.3002736089320988,163.341049342776,0.0015481022918389176
190.34318428266366,1.4572343111115937,2.9883149671493827,22.390179199837494,0.9337903105893692,276.6799056372917,0.0015460759316832892
137.65148232532192,0.8210013704568445,9.186248324110622,18.09429924000741,1.3939259546512541,600.6341287577321,0.001492930137855847
197.61769494361684,1.3762203906225048,12.021104938450653,26.66876076231753,0.16066058394948582,92.67424236401425,0.0017233099203413016
132.25408823441091,0.9578800764160085,23.43598182359914,18.0900078976,0.5778564173871105,806.5761371476714,0.0016252948643000276
167.29721883835646,0.616686538370555,24.12110579069561,23.387612941270355,1.4976457387423265,256.4454758973519,0.001452556832953038
141.79829787785548,0.6383706430849236,21.795293827912644,22.276643734222493,1.071627949195696,425.62521321243463,0.0015769259503174836
159.65519145926285,0.8125006367827017,21.023790294090254,22.104179614911917,1.2164357736131792,382.3909967477087,0.0015751211713115993
179.28453875694368,1.287793427828369,5.30060894517135,21.18307694595714,0.7146113036053324,186.35224016781265,0.001610444812163271
203.18550338501,1.4590275525529484,5.433626633024056,20.420669799884838,1.6170441192596205,242.80561562066094,0.0018968238408172695
121.99195308041674,1.011843749015489,2.6063890384892363,28.21026679837678,0.19744702513140913,351.0968425505415,0.0015432899212039068
115.9832549704129,1.4238904735841444,0.5776016023280928,24.40097518906483,2.7145094113323474,498.32271205260383,0.0015645570547691617
137.38363204367786,1.067451992343131,11.395343010750882,20.961250215676937,0.1290354812230351,380.3044531786959,0.0016826607542758769
186.4985899759646,1.363087424448178,9.160184871529845,21.744959939369505,0.1785100080331545,66.87927965651369,0.0014914777533533586
99.41010448191771,1.6132407137676112,5.522776894326869,20.408673174446662,0.9013400338287826,997.145697591072,0.0015524802921735902
229.38484489077203,1.4674061122157303,21.452093841186635,22.523855286463952,0.4586700524137621,28.330483976464507,0.00156916580246447
113.70172922017723,0.7634295573899673,3.603491900136565,21.80718257385313,0.36677596173493193,866.4048381895086,0.0017107989413972235
218.30582527612012,1.4990039117801397,20.488770048569886,22.787406541875235,0.20395904009078572,74.94429670242302,0.001579933778029395
197.96475896512965,1.7696669485217462,9.219022442378796,19.83608675881057,0.9966294585300954,157.2033248163149,0.0016639691701302954
150.32377039296506,1.4932701469325913,1.7018462461657717,27.45767388529565,0.16614459823615602,312.7492862636991,0.0015792753474449302
195.54085261257234,1.1297819409460792,2.137301696532476,23.211178662102373,1.9233704961288343,134.68826195337206,0.0016624578061580789
173.485544308913,1.5412471106102927,1.265663672222974,30.61772982845726,0.21828373113858276,659.5575368997015,0.0014405341938046425
160.44787927714916,1.159240298858888,7.0977938085657115,20.298301634486386,0.6270204770161795,176.55898914252262,0.0018451692626510103
206.1230981230515,0.9782701705045003,6.830414676035793,23.0915708793616,0.9168480580694304,472.13687755493356,0.001479025186278919
131.54676689781564,1.3413388214184023,5.118249196390916,21.165985188451938,1.4264542316255955,308.2052443474787,0.001615641310639182
230.66216590950336,0.82238068639198,6.909433006667068,31.70928881682559,0.5512812661068933,522.2870635430902,0.001909277800527742
108.7444558508592,1.1543261248655274,6.1574217747978,16.957615735067932,1.157536876496976,153.53979155360108,0.0016219272893692586
112.03918297167267,0.815573732254107,10.357007936412451,15.52768576605592,0.8355058906323903,134.38807962695148,0.001639565672538592
68.92623381492002,1.5311174895120123,1.0955538082536016,31.06904160519704,0.12304788136811962,176.33986869727988,0.0015728743377562077
161.64935145292313,0.8511858969253395,6.618377792479249,24.765839329501134,0.2634699302699225,165.11069298391828,0.0017528074665668233
191.74981141440063,1.2978058389332738,14.197140370969963,20.931160982097172,0.7194770479750985,58.077311408829395,0.0016690435059171
144.26924252018603,0.5447547690672386,22.89041828432014,23.524502724988526,0.5710348844788976,248.43836820838894,0.0016473484933615683
155.22063138547705,0.5314009297115212,24.617538885941975,22.957916838646693,0.7751657145332383,253.3336528632952,0.0016279088938784395
211.06482155345125,1.6617452270802122,2.9272305420710167,24.041281011525882,0.3894974667339508,103.37973185229704,0.001660828153113235
98.11476063302503,1.058652695675375,24.48885690749853,16.139075959385096,1.7851670567074158,272.51447226047804,0.0016536528188621895
170.84431564198402,0.8915803956847187,19.749591247508295,21.122798842773918,0.6787272080962613,216.07386751354338,0.0016471231384210141
160.5468816430909,1.6000227116909695,14.186172596210527,21.48266560402807,1.0044746613925963,637.0187951524564,0.001637985060646305
82.4702475073385,1.118386744324665,11.672601800548858,18.49109315578614,1.1720695637293925,73.45660934613839,0.0017483501304290214
223.77423772220888,1.2100246666360763,12.388829189029272,22.795948352697934,0.20962062679111665,73.16040676614182,0.0015355095686124711
113.70842302650502,0.41345415539443486,18.17943864987947,24.52418986125131,1.2216275021964156,1278.6021786208794,0.0017412951850086923
109.69561462369435,1.0614090485840015,27.60688281996766,19.95908478594604,0.6210106214235083,66.19944016722218,0.0016858395247891476
220.89832567315435,1.0382042471489958,3.852032960884454,21.806831208964724,1.2631607711672894,550.8177979526614,0.0014803012013791176
225.1400659336547,1.1839027630186827,18.554672125785572,23.646941284599514,0.1935375152111642,211.1342242777787,0.0016638201177288112
131.11375733588199,1.8758289760743074,1.206703718076443,22.310395546026704,1.0885688668091509,68.64165263390962,0.001676073050336685
231.77123794986773,1.023692188403801,1.7430684999110995,38.64698061381763,0.09768059809185065,553.7122029773245,0.0015229980507066847
128.30024210086282,1.795914629900397,2.899492420705798,17.971618144774403,1.3186450063115311,41.29449676734072,0.0015983498828788193
213.19818992872925,0.7069759417992812,9.772241829213725,24.4868790113808,0.3314290490591349,921.2594116991053,0.0015824817168395016
202.60596593027674,1.6677362594955891,0.7874165517198498,25.256795561149232,3.5416616722944623,337.63595598941697,0.0015776477478006933
193.8770135165939,0.6964424561703461,24.672081011883627,22.001023539478627,0.015091270415867436,219.47153780041344,0.0015173736822372257
220.27587782577717,1.8542845045327205,5.0276845194273765,22.69140420602807,0.8047301215528225,629.9561612194543,0.001614001442656761
102.55952341310308,0.8301630136362619,1.3921894000207606,25.64301545848119,1.6847512834489315,160.01062382844728,0.0016526527739516726
189.31263948313148,1.744116874352454,2.103714843679935,23.809947852534574,0.6462142741274342,608.4726302256533,0.0015434298769083027
151.87488954198665,1.6536586366587087,0.7778642383044477,30.38006393186861,1.4091677960477655,322.3922531505193,0.0014525440496851796
184.43156266094184,1.0298842724366006,5.757033228913844,20.513563949796158,0.6562583671047463,207.91188982198932,0.0016064835310961164
154.74579873660147,1.587960097249273,14.962795832771663,22.670830123893417,0.3423517790547587,330.06339726992485,0.001592079865515303
192.86351622915154,1.2638888040265903,16.571495980674914,19.071636655910254,0.9227023907082159,328.6426131570429,0.001595377148776673
218.88074128609782,1.4591514515592423,14.51563954494038,17.821755418600418,1.3813725281014309,232.40260083354482,0.0015318865919354988
64.0427937195127,0.9038610413897642,11.85412333658911,16.20469148723586,1.5087373249084473,764.1961709600538,0.0015377254845367824
205.17258828676356,1.480029742695555,3.09136542541254,26.10610293766195,1.5591514091621375,63.09875317836725,0.0016178063745040214
187.8719342277481,1.0287753137509752,6.1252942118271685,22.982929004904562,0.3387025273459852,497.317550490792,0.001796415591614402
183.8018918315443,1.5752497334970326,0.7610462966673354,31.50054696004565,1.2322004143220704,123.35227207307804,0.0015283932828200175
220.74991941665684,0.8197520519053599,18.004764619339547,21.969208231100495,0.4106391379188401,669.9220222687699,0.0018885234150763435
140.5361989265362,0.9768730828521922,8.28230317296263,22.149756419349774,2.368449224623101,598.014891645,0.0020812922389371767
138.56465102247543,0.7748282233392311,11.311018307096356,22.6233384160171,0.1206085109431906,116.7048147899951,0.0016391814534806029
157.36622143277705,0.7515410001959539,25.09878491992265,28.28498679588829,0.09281145349037165,133.78704017926066,0.0016794225620755108
209.55846282459837,0.8766315256349118,16.794504804861226,27.5127746616714,0.1560424654434138,337.7888342676005,0.00166460706152864
181.94757605856717,0.8502929963668564,28.07120634255293,20.39993941831552,0.1652919125904892,309.9014228582355,0.0016210019206322488
195.054676000555,1.1824317255773868,2.608680981193255,25.99169144191022,1.3714700136012365,336.67860029374157,0.0017523695932983295
246.77387005160037,1.2945051959153093,2.0290795483345443,33.6572904490654,0.30714985441337256,428.06122959031364,0.0016166053686081207
146.25778560973964,1.4987338514228532,2.5388310826289655,20.722155195709373,1.7774872583650847,416.55813724376725,0.0016314493104528367
197.63492161996496,0.9580195883435999,15.207091019665011,23.531487528734317,0.39976609297892884,357.3795996434409,0.0017113842622845888
112.95314645318244,1.5893079599761646,3.5251774920238383,23.727145826847757,0.6076944386691915,75.58018995315712,0.0014406877928139872
188.3964650046911,1.4251548361324704,6.8626350754873116,26.065485959512795,0.0664541290621183,232.9579963538383,0.0016563178578583746
152.71458889687543,1.2205520444691782,0.7764607890188092,29.343432428939245,1.7743761633993262,651.5192202251261,0.0015432261633484385
225.08195515286752,1.1666248319921633,11.768314515243768,26.872236305595813,0.2723435130586212,286.63155332726683,0.0016547476886535819
140.94566575782437,1.4508350460817054,7.026213985822665,17.883082304585006,1.7305603595138652,3.136711099655255,0.0017134658980867482
124.51725253259987,1.442108731141824,7.357177502401427,19.38257020258593,0.7804622026008122,5.944171004830991,0.001734992786073455
182.8836088492953,1.2361829342232113,5.690331972486293,21.508704843094076,0.463364002625197,38.7024799843027,0.0016674979721257878
180.13787620290424,0.9011620982586077,23.00521347299593,22.100837424548576,0.49839722991303814,13.09449897303823,0.0015900977827841601
119.10663288668634,0.422459264011036,15.916811805720323,23.629490922864672,1.055458559668503,677.172428346135,0.0018591504965603353
165.1218289987079,0.28961236895198217,36.37838775096316,19.859777851421292,0.5263522237669754,260.0620889823776,0.001839575723593898
185.6433782113591,1.3694017303692125,0.8333337643850673,35.623194688165874,0.19002430312857427,599.9257991885632,0.001552261558911175
193.32285748757295,1.8153927149124323,2.4982945478040612,22.869929591001984,0.9894933073030489,131.03361504795467,0.0017620937954862382
132.12114660246667,1.389705692928045,21.10741448124988,25.25677712879916,0.3609337681553917,523.4446083679296,0.001502523690021073
135.0699792775043,0.7750820989423761,33.96752651567791,17.90734170972149,1.150497354499992,955.0675914219436,0.0015860268517699173
151.59605024825572,1.1479487221420683,20.885111152727955,25.83548549229862,0.3886198827120554,257.451664757695,0.00156857388344088
159.17602740638702,1.0649002405216992,25.06329271109377,19.040334873743145,1.0138784098448541,450.47776903650305,0.0017198216503285714
170.80099721093106,0.6125579424947545,25.917993507806734,19.183581769987864,1.0448430354700382,562.4627910304181,0.001721281004044602
158.05859494381,0.4638065374131497,14.857235486175771,25.85836008508617,1.0958420902259323,583.9804957961815,0.0017369296965973825
221.44215859945012,0.9533364297186878,16.370330425903447,23.93782220707963,0.30434012588181036,308.117749216326,0.001492503772216497
141.72173221169666,0.9247821916164055,13.604978117407022,19.896324506315516,1.1141094892735792,239.5943230434664,0.001893153761607672
222.14780348244113,1.3440878795058862,9.381894685115599,20.763495725003704,0.6008741556410997,243.6433278722088,0.0018238270905437896
132.3131730447799,0.6856825059813692,13.684436266391039,30.142207483808782,0.13855581497282599,556.5037672379233,0.0017201395125612108
199.8911043100433,0.7022536753937418,17.574075020160144,23.952294268138502,0.2679177421351047,355.5020717437195,0.0019284239800010613
112.88404942349206,0.9964349943296619,7.079576090859492,22.03605579679548,0.6721583352378675,421.00577778514406,0.0017453919558548497
248.00648711375294,1.429851740078815,3.3092672623379995,31.181372267592334,0.18752017577125263,26.00598567512516,0.001686701721523905
55.09945006300254,0.8522393889482675,19.372172910890374,17.743512931171708,1.4151256001811099,203.86992089702008,0.001656200387460696
232.0997113944849,1.106761555232067,6.078149463674971,25.215466404749883,0.8729021934769672,435.4702098036591,0.001461925684477704
229.57835213338495,0.6419312008612533,10.18656267231101,23.962386912356568,0.9578478831498601,384.48532974685327,0.001558644131943951
181.58020459183345,1.6329292374030207,5.923293596060273,23.405958687493474,0.025855543126613995,573.6340309223872,0.001724980172563296
197.19946773385567,1.7158370382795245,1.6907280169475403,37.016096142905944,0.036813547255057165,284.8148602868056,0.0017146582263701151
164.1133361873887,1.3871986851944724,1.5670100011563417,33.35740400818514,0.10734899399180209,484.8357971277894,0.0016482099237807007
73.39871608227638,1.5553156363460447,1.1535216588810644,22.63872584158987,0.10368075597936192,718.8086448735219,0.0015563674093735634
61.935954276412254,1.518158088997924,1.4367381437092404,20.830451542594528,0.05039777939876991,679.5092488291394,0.0016206976987831684
241.9351117510827,0.9724926603661125,13.908405950081839,29.599995257308034,0.1052015905505963,92.6468096788149,0.0016871745171538402
151.47528086647307,1.3110365510342719,3.4780360358538465,24.917363022946656,0.22593259395007834,141.7330950692045,0.0016135083778152641
66.52134584710545,0.7855591390768522,2.4851452020735434,25.725795114060634,1.6528121887695997,201.39166134887293,0.0017589697173586252
73.2009233780087,0.9865571276236007,2.7379915753677344,27.472178135857988,0.40513743400994506,275.7173014346654,0.001628031500258012
225.09653450134232,0.9744448540344756,19.839024875901508,15.556357706125818,1.2695301365806695,422.1603226195793,0.0016326806573981434
133.02637785922843,1.1498243898649174,13.881227784862288,27.24061652623893,0.8539253105634838,581.215451579895,0.0018114973393475384
123.3972231472333,1.1041432988666906,17.790688993109132,19.046569813015214,1.5383289329335552,34.19921117453894,0.001417236306171806
111.11623510709909,0.9369282204521455,9.26761978127764,22.40793519130907,0.4815773424318423,10.59434727229982,0.0019448028029651287
232.04167814944356,1.4248566442698365,15.995891382567603,21.87507305501234,0.22412611141138444,241.07911456054455,0.0014157567077145259
107.47253609333104,0.6029281037467568,13.007951067541013,20.835714700239606,0.824918057416018,468.81205682949775,0.001641017256965185
225.83989493438696,1.3231640974654941,24.959740398549172,20.219720402612076,1.1376151216862023,234.05600108474292,0.001661106046968474
118.6852708529355,0.8118843804506585,12.932571079690636,24.347634312077798,0.19725442641529065,38.14851855559882,0.001475461351710728
231.48101653240045,1.1479720912379625,3.6435169572738393,20.379238899928175,2.6510743754919606,832.7423463013597,0.0018016483631092509
249.64933568149513,1.3263791571406056,4.09498950973959,30.31508903283254,0.06778423896275414,157.15422981522983,0.0017263835061619153
220.1250896000267,1.1527608159934848,10.08579387197335,20.694000131645797,1.891899990730743,598.564515269734,0.0017296077156366727
139.9268893463202,0.6609994240185688,12.816463545652091,25.636714253261474,0.6169503873738889,246.77222359726142,0.0016593249601090166
153.30735969891742,1.86720707739511,20.03118159340079,21.569281215603382,0.9909739352125798,139.5810112632442,0.0016213211744481241
169.17828512737796,1.1689726955342585,43.8673496472253,19.589098959668924,0.6809049317491757,959.8109246875448,0.0015900286988935726
113.58036235610368,1.3759644474304569,46.47681348463571,19.76462961014957,1.7585597189675821,331.91272598074687,0.00177334192515487
194.41546373993958,0.9697382822527408,42.11878139869334,21.774079504056118,0.49804781660921893,544.3174881180346,0.001444643147609836
180.12813804644895,0.9805276712010932,44.85498682694505,21.441507051239785,0.8102999919553874,371.9509026484448,0.001581509047474387
120.25028282251053,0.6492926880158704,47.62976947902345,18.082342979274763,0.7256614808943538,622.4327943935207,0.0015698770248963408
187.66240188972952,0.7009318798182984,43.22296144299778,25.32882144501646,0.6570639411545018,477.708246093466,0.0014637669177191737
78.95405825032176,1.5242137987368336,47.41790472664461,16.069890273237167,2.007160529512045,325.70714724064436,0.0018084103789480915
155.56249075580513,0.3038359689066963,48.61667973492905,21.743255601928173,0.6635532903677827,721.3442482092368,0.001728308502176023
148.47006902934322,0.2803718868919663,49.25730375105542,18.86547049903015,1.0927534480624725,1154.0495844759164,0.0017529263390819272
131.1687506743681,0.48014963720495424,19.74695167551621,26.20283269699423,1.1693572547536764,159.60464356701294,0.0015037182288952203
207.79492587569425,1.5741401926488725,8.123402199829007,22.38989645352183,0.1482558293073657,18.174600377285635,0.0019226223625498867
134.5406772940281,1.4197303506450043,2.1375097197417503,30.469545435241884,0.746280267682714,18.202655988486253,0.001851734900808823
161.97302908767767,0.6623071860941664,16.86315171861153,15.962330718415737,2.331497989142331,100.07193857713374,0.0015378422479589708
181.56809438033136,1.5527633206167886,2.7858009763645186,29.5481668418575,0.15529590490035458,507.3879672330225,0.00179420079453419
196.5018892535616,1.4636423150491935,1.7521179684598578,25.925573909318995,0.7937724456626172,246.59915720212285,0.0015788083434605952
171.47056026342048,0.6156683220771697,16.68220103250939,19.912974736358173,1.2149032631615237,606.1514395309699,0.0016936017082754776
188.28525723655855,1.4718679667857117,17.326222028827438,22.8477314997153,0.5539599534207295,217.24710481103173,0.0016296406895502532
132.07460226907736,0.7034799222884097,19.704592118589304,16.63445374995312,1.4011677243759286,375.87532492978215,0.0016904991671065773
200.93622828093035,1.0046669052776704,18.73195239326414,18.060788871741817,1.8124693047861098,150.7097386631764,0.0016443375735321177
189.60641914512547,1.0315761700858221,5.035790950135461,26.936610345290987,0.12410875564350715,585.1929388910677,0.0016852156358826756
157.78018274534128,1.2741853986861105,2.8894395293288726,26.589789102994043,0.32551823910818106,696.1240938411124,0.0017252262224508414
236.95808161796847,1.1856788356856458,9.976480638945922,23.564994117513148,0.38676658395390745,16.424644186099727,0.001691930175709914
83.70746929559128,1.2132472090287965,0.6971168751081525,36.67189238591472,0.3585718932921807,93.57726696201883,0.0018338386459891857
244.21191900399205,1.2463742025294677,11.54670716965652,17.29971686299693,1.170579618662705,64.64130814161776,0.0015409224714146134
210.86952457728648,1.1405166602921257,2.2553260725638493,24.099216622075865,1.5464730387504988,355.42786737671486,0.0016491462659742097
223.48515631039228,1.0428251727135838,2.9453802021097606,23.016016327998702,1.83118774509228,475.3594603067172,0.001628974994831842
113.86678353600182,1.7584187573038035,0.6629803449829986,33.305639114223126,0.41231322227195916,234.96142328298893,0.001521638054374797
112.96827199545889,1.464719586027757,0.9457043483485593,30.60574369650292,0.36916978473173623,356.10108064051667,0.0014737462478860855
178.72270796428617,1.0637879893776196,6.022732608491386,19.792369919259826,0.4683939639048192,414.3128493439782,0.0015719050349828827
113.42553080905569,1.271661709559505,11.23268588347941,18.400959108331712,1.5696525049488244,213.53959658357118,0.0014870851513429993
234.5104121561132,1.812541528850303,10.592062912963454,18.65161721634862,0.5650969624804062,26.980493398699966,0.0015528385001950529
117.48999741345732,1.1917316291110276,9.017869384938171,22.99108432262591,0.4277452041344547,1152.0528856466385,0.001820325899478533
217.4016571624874,1.5220657551013055,5.793391143643127,22.900351869185783,0.32022651521025086,9.7005025943192,0.0014542789228984732
206.11117413711543,1.0421814157087603,8.879277618258977,23.824566465997467,0.22334369804385526,4.851138964046955,0.0015345431583765126
248.49033837594982,1.8915001463918208,2.1963378633729165,26.775537938297106,0.8233260347465612,23.298157713261894,0.0015638436939448943
248.82295635868587,1.8029824107035042,1.5995977133399255,26.83346763596297,1.3707220605864674,140.96457987062306,0.0015767047835836244
240.9348442796199,0.844846918263145,2.566863834359258,27.817523626952767,0.3080317810876334,781.7984658181125,0.0015791115177880828
214.97755194746574,1.373085985964003,3.45110079497784,25.376413548888806,0.21950817985196155,646.0409668867571,0.0016546237093153613
82.80027936677062,0.8921602916874924,7.150648926965747,24.312790474924164,0.346283422407961,275.3287090197863,0.0017417007167604746
206.25484611698948,0.7955601037674935,13.161706153107373,23.16332751865722,1.5280077167427972,48.143695475374436,0.001648139574592709
143.65355200267607,1.6242335767970943,35.510596889587625,20.607175081542916,0.06085487068206312,88.1735329937154,0.0016747304456124015
139.29448164428663,1.587782417216067,27.055812247055584,20.66910242694158,0.10518339935318846,114.00011671043912,0.0018465501550916084
169.50811683481976,1.7620752362653456,23.321107439766575,22.413433003756214,0.03206456126961147,115.74768072709715,0.0016612661993407386
178.7785616530611,1.0149900466953217,16.0903875562593,25.425027033190148,0.47910579387706487,25.76439190169297,0.0016555457448506107
154.3576241321127,0.9230391354218895,24.283742276834523,20.612582624857566,0.6392056711531101,115.67086778946582,0.0019232148756996275
176.0109119142933,1.4801594091190382,14.517077575400062,21.05243514826693,0.26094160347723966,15.926783853129848,0.001814764943434102
173.1221599324198,1.7563920003640139,8.052699770583104,22.266203893817128,0.7268991372699103,3.599129634703684,0.0016327103278233278
